tree
version=v4
num_class=1
num_tree_per_iteration=1
label_index=0
max_feature_idx=32
objective=regression
feature_names=static_guc static_log_guc static_guc_bucket static_il static_bolge static_ilce_key static_is_first_day static_has_bad_rows cal_ay cal_dow cal_is_weekend cal_doy_sin cal_doy_cos cal_hafta cal_is_holiday cal_holiday_name cal_days_to_holiday cal_days_since_holiday cal_is_bridge_day cal_is_ramadan cal_horizon_days grp_lf_med_ilce_ay grp_seasonal_ilce_ay grp_lf_med_il_bucket_ay grp_dow_ratio_ilce grp_n_transformers grp_zero_rate_ilce_ay grp_zero_rate_bucket grp_lf_nz_med_ilce_ay_hi grp_lf_nz_med_il_bucket_ay grp_zero_rate_ilce_ay_hi grp_lf_nz_p25_ilce_ay grp_lf_nz_p75_ilce_ay
feature_infos=[40:35800] [3.7135720252990723:10.48573112487793] -1:1:2:0:3 -1:1:0 -1:0:2:1 -1:23:46:29:34:24:43:20:41:32:15:9:39:36:42:1:35:14:37:44:19:21:31:2:45:17:7:5:27:13:33:30:40:16:3:11:25:12:26:10:28:6:18:38:22:0:4 [0:1] none [1:12] [0:6] [0:1] [-0.99999940395355225:0.99998557567596436] [-0.99997919797897339:0.99999076128005981] [1:52] [0:1] -1:9:2:3:7:8:6:1:0:4 [0:15] [0:15] [0:1] [0:1] [1:122] [0.021004168316721916:0.17018429934978485] [-3.0580000877380371:0.45058715343475342] [0.027560446411371231:0.14103648066520691] [0.66369223594665527:1.1153295040130615] [3:204] [0:0.40224474668502808] [0.046757176518440247:0.1889137476682663] [0.025602547451853752:0.19439192116260529] [0.038412842899560928:0.15901920199394226] [0.030927138403058052:0.3837563693523407] [0.011197119019925594:0.10827727615833282] [0.073968023061752319:0.30800497531890869]
tree_sizes=11802 11622 11757 11836 11757 11818 11686 11784 11807 11823 11682 11804 11767 11759 11754 11717 11739 11735 11760 11721 11841 11766 11810 11806 11723 11776 11739 11631 11727 11812 11802 11806 11765 11917 11867 11826 11787 11796 11799 11814 11797 11845 11896 11836 11847 11739 11834 11787 11850 11867 11884 11807 11744 11798 11868 11833 11876 11882 11792 11825 11880 11877 11798 11755 11812 11819 11901 11883 11829 11814 11848 11728 11858

Tree=0
num_leaves=127
num_cat=35
split_feature=0 5 5 5 2 5 5 5 31 23 5 30 13 13 0 5 21 28 13 31 5 13 13 13 22 5 22 5 13 22 5 13 0 23 25 0 0 5 27 0 13 5 5 5 23 27 27 5 0 0 5 5 25 0 27 4 27 13 2 20 5 27 27 5 0 5 23 25 25 0 5 0 31 21 0 13 0 25 5 0 0 0 30 27 4 27 0 0 5 0 25 0 25 0 13 0 0 0 25 25 5 27 13 30 30 5 0 5 0 27 0 25 22 5 25 27 27 5 23 32 25 13 4 13 0 0
split_gain=39405.1 16107.4 13697.1 11041.8 7790.96 8366.48 4610.51 4455.05 4006.88 3773.62 3556.92 2950.32 4076.17 3218.97 2816.27 2664.04 2555.87 2494.82 2904.71 2428.48 2381.59 2218.96 5038.32 2232.85 2153.32 2146.09 2094.52 2000.45 1961.03 3508.41 5550.58 2177.38 1953.08 1863.46 1731.53 1581.94 1447.57 1442.72 1384 1351.55 1889.56 1348.38 1298.28 1198.79 1195.6 1162.39 1147.73 1023.01 1015.02 3814.3 984.199 973.85 973.565 1721.2 5123.12 3059.25 1085.64 969.518 887.008 796.922 815.438 4757.68 1244.9 762.081 754.501 736.453 1521.78 719.907 713.721 707.75 707.221 676.097 2079.89 974.436 667.8 655.579 632.772 630.491 622.701 1203.6 1354.88 617.325 611.498 597.429 585.053 1619.79 582.969 574.071 571.218 1713.57 1380.47 675.693 580.66 1050.15 540.624 536.914 1050.05 925.179 800.986 591.351 531.845 588.599 508.625 492.094 485.616 484.505 483.631 493.02 482.238 481.811 545.576 2919.86 470.537 469.589 460.774 1703.5 963.197 453.06 446.413 454.98 438.539 438.419 428.022 424.457 423.305 801.842
threshold=13030.000000000002 0 1 2 3 4 5 6 0.03126017842441798 0.064333807677030577 7 0.086054746061563506 39.500000000000007 25.500000000000004 1715.0000000000002 8 0.042858690023422248 0.13561000674963 24.500000000000004 0.047392372041940696 9 37.500000000000007 25.500000000000004 14.500000000000002 -0.10472935810685156 10 0.19670076668262484 11 24.500000000000004 -2.3023446202278133 12 38.500000000000007 17950.000000000004 0.035104382783174522 50.500000000000007 1940.0000000000002 135.00000000000003 13 0.086274277418851866 1225.0000000000002 24.500000000000004 14 15 16 0.12977331131696704 0.15550526976585391 0.089248880743980422 17 950.00000000000011 615.00000000000011 18 19 17.500000000000004 325.00000000000006 0.086274277418851866 20 0.059944719076156623 37.500000000000007 21 38.500000000000007 22 0.10038758814334871 0.055219287052750594 23 1280.0000000000002 24 0.114736445248127 59.500000000000007 38.500000000000007 950.00000000000011 25 325.00000000000006 0.072578333318233504 0.085019674152135863 225.00000000000003 24.500000000000004 715.00000000000011 19.500000000000004 26 1280.0000000000002 1560.0000000000002 325.00000000000006 0.10088627040386201 0.056865874677896507 27 0.055219287052750594 1560.0000000000002 90.000000000000014 28 110.00000000000001 97.500000000000014 55.000000000000007 10.500000000000002 155.00000000000003 48.500000000000007 325.00000000000006 225.00000000000003 850.00000000000011 77.500000000000014 65.500000000000014 29 0.058846931904554374 14.500000000000002 0.12080913409590723 0.10479542613029481 30 325.00000000000006 31 1560.0000000000002 0.086274277418851866 850.00000000000011 55.500000000000007 -0.46350057423114771 32 97.500000000000014 0.11874964460730554 0.14242830872535708 33 0.086187265813350691 0.14159885793924334 97.500000000000014 46.500000000000007 34 35.500000000000007 325.00000000000006 950.00000000000011
decision_type=2 9 9 9 9 9 9 9 10 8 9 8 2 2 2 9 10 8 2 8 9 2 2 2 8 9 8 9 2 10 9 2 2 8 2 2 2 9 2 2 2 9 9 9 10 2 2 9 2 2 9 9 2 2 2 9 2 2 9 2 9 2 2 9 2 9 8 2 2 2 9 2 8 10 2 2 2 2 9 2 2 2 10 2 9 2 2 2 9 2 2 2 2 2 2 2 2 2 2 2 9 2 2 8 10 9 2 9 2 2 2 2 10 9 2 2 2 9 10 10 2 2 9 2 2 2
left_child=1 11 6 8 10 14 9 16 58 -2 17 26 13 19 37 95 39 113 51 82 67 22 23 41 46 70 50 35 29 30 -9 64 -4 -32 -11 -16 -35 87 77 -7 -41 106 75 -17 65 -36 68 -24 49 -45 83 102 53 -22 55 123 81 100 -3 -38 61 -61 -62 -59 105 66 124 -15 -21 -69 -25 72 -52 -73 -74 -40 -72 -27 79 -31 -81 -54 -13 -1 85 -60 -58 -6 89 90 -33 -90 93 -93 -23 96 -14 -97 -98 -99 -20 -102 -19 -67 -10 -30 -12 -108 -68 117 111 -111 -80 -5 -91 -116 -117 -49 119 -85 -107 -34 -64 -55 -26 -126
right_child=2 3 32 4 5 7 -8 28 104 34 21 12 15 20 27 43 -18 18 57 24 52 94 47 25 44 38 -28 -29 31 78 33 88 121 36 45 -37 59 -39 42 40 -42 -43 -44 48 -46 -47 -48 109 -50 -51 71 -53 56 54 -56 -57 86 63 84 60 62 -63 122 -65 -66 103 108 69 -70 -71 76 73 74 -75 -76 -77 -78 -79 112 80 -82 -83 -84 118 -86 -87 -88 -89 91 114 -92 92 -94 -95 -96 97 98 99 -100 -101 101 -103 -104 -105 -106 120 107 -109 -110 110 -112 -113 -114 -115 115 116 -118 -119 -120 -121 -122 -123 -124 -125 125 -127
leaf_value=-0.010373364401058566 0.0073102315344980781 0.019654482813905479 0.013569137101161937 0.021795305055521987 0.043006565436672937 -0.15579322634539988 -0.2960497371511287 -0.017780075284852325 0.035446933485007825 -0.11769381952747493 -0.015407827458278961 -0.0078427444618266746 -0.010071364462251479 0.0090070882364607485 -0.14774394197334156 -0.022765536025435559 -0.023426455429028558 0.0017245647002076085 0.015701709252292136 -0.09929205521541154 0.017047527070967947 -0.010084740317413006 0.01432526990628503 0.0065821487062353717 -0.019774719765906577 -0.034490477631117268 0.0034638419400601543 0.0052283920541077878 -0.022833316777929335 -0.019007226697727919 0.036553208620195655 -0.13584077418269588 -0.066784741427446712 -0.1123251495099899 -0.17795965304745909 -0.051242831602972432 -0.13575710505416447 -0.0065488195776171069 -0.052877407204024021 -0.15410305118307152 -0.009097821189783006 0.0037934632632062723 -0.018156146755510499 -0.03617527176345401 -0.055124199720608842 -0.28279352561999738 -0.099217998524276554 -0.0065079403764595669 -0.0003543414027702658 -0.14567532863248794 -0.032624861971653762 -0.0067860982587232043 -0.0052776832477747487 -0.19208527900861655 0.005555173200589094 -0.040153488365086643 -0.010680144855522824 0.01226851259759878 -0.04501481485730819 -0.0083414061360171272 -0.090371767325514774 -0.22776512296975782 -0.044034459741317089 -0.00092779731980006616 0.028260046958229108 -0.017357481379190708 -0.024651883381848726 -0.0030229987095745292 -0.031746425506950747 -0.054242513101004683 -0.018663993656300028 -0.10420278033018111 -0.11981633120472716 -0.026425538025050977 -0.066730130725530357 -0.010577975796253762 6.9932002625570192e-05 -0.0052230840467287296 0.00052095016255172236 -0.12602442697116306 -0.024059018634968614 0.01334704659723196 0.0095244004391482427 -0.034292822205636349 0.0028010262487351296 0.036781222749179769 0.017555558956049887 0.0020510691829216171 0.0082821537145685142 -0.0090119087514596383 -0.045276380079064087 -0.016730558200069936 -0.017856164272328803 -0.11582619309425353 -0.003562680948413588 0.0041450903098669998 -0.017629645777162428 -0.028534279524522019 -0.055456619888468464 -0.0096621777694143787 -0.017245685498469818 0.008286586216005018 -0.035387021136932234 -0.0074197389835283997 0.060205993725163338 -0.002686947813148224 -0.00054514373552370574 -0.011116673106487472 0.0081101761803888586 0.014949832604582047 0.0042765210053233305 -0.041791761820825959 -0.015106203375766495 0.010630344593727883 -0.017185538735645715 -0.14743726970918186 -0.045754438435777707 0.011352065184083401 -0.016128303844947484 -0.080164658179283449 -0.023382085213599278 -0.13944355080999871 0.0012698081777135313 -0.11976954267806365 0.023787014420573405 -0.0076586355509230299
leaf_weight=2716 104 9243 324 7406 310 351 404 4155 1177 212 4707 3332 3993 13028 201 22593 463 403 10170 148 555 35947 15573 3596 1261 820 1847 445 1388 4770 141 214 299 715 226 638 131 31714 2567 140 190 20829 2667 4485 661 177 278 1493 556 305 2896 8667 3146 229 822 329 21506 5007 261 202 544 158 1242 18308 600 6535 13926 1548 2648 287 3502 149 297 4453 779 379 3023 3433 2530 209 267 3261 4031 1016 7311 1296 678 32222 868 1517 519 255 10927 154 16779 3901 1005 1819 1012 8365 920 6907 1893 14298 1832 12182 10534 6367 416 1819 7060 1479 5511 6394 1433 153 187 8736 982 241 996 101 221 118 973 2910
leaf_count=2716 104 9243 324 7406 310 351 404 4155 1177 212 4707 3332 3993 13028 201 22593 463 403 10170 148 555 35947 15573 3596 1261 820 1847 445 1388 4770 141 214 299 715 226 638 131 31714 2567 140 190 20829 2667 4485 661 177 278 1493 556 305 2896 8667 3146 229 822 329 21506 5007 261 202 544 158 1242 18308 600 6535 13926 1548 2648 287 3502 149 297 4453 779 379 3023 3433 2530 209 267 3261 4031 1016 7311 1296 678 32222 868 1517 519 255 10927 154 16779 3901 1005 1819 1012 8365 920 6907 1893 14298 1832 12182 10534 6367 416 1819 7060 1479 5511 6394 1433 153 187 8736 982 241 996 101 221 118 973 2910
internal_value=-0.00659917 -0.00610553 -0.144883 -0.00256075 -0.00388257 -0.0100578 -0.209785 -0.0188797 0.0184747 -0.157583 -0.000505679 -0.0140054 -0.0126807 -0.00913907 -0.00287605 -0.0198268 -0.0772081 0.00530088 0.00230642 -0.0142824 -0.00332759 -0.00304152 -0.000384829 -0.00554658 -0.0169478 -0.0138138 -0.0265014 -0.0468516 -0.0175851 -0.0247335 -0.0411238 -0.0128546 -0.0406105 -0.0697675 -0.187992 -0.0736335 -0.0746603 -0.0019969 -0.0237606 -0.114817 -0.0708949 -0.00165265 -0.0335645 -0.0258193 -0.0151305 -0.224589 -0.0411618 0.00852595 -0.0386515 -0.0431766 -0.0305922 -0.0114207 -0.00810572 -0.0280587 -0.0447705 -0.105883 -0.00667489 0.00594938 0.0131556 -0.0638389 -0.059803 -0.102178 -0.0513903 0.00191144 -0.00468165 -0.0144735 -0.0186709 0.00652473 -0.035356 -0.0110591 -0.0040887 -0.0367616 -0.0458769 -0.0289658 -0.0814808 -0.0472806 -0.0099707 -0.0108728 -0.0154683 -0.0235108 -0.0689999 0.00420243 0.0016652 -0.0197975 0.00635122 0.0230497 -0.00981644 0.0024419 -0.0204925 -0.0303373 -0.0718658 -0.017206 -0.0191733 -0.0542343 -0.00800933 -0.0114757 -0.0189882 -0.00827716 -0.0366268 -0.0130355 0.0111801 0.00527692 -0.02875 -0.0105327 0.0505362 -0.00604042 -0.00690091 -0.00453501 -0.0237011 0.00412962 -0.00042925 -0.0105011 -0.0101772 0.0166468 -0.0211581 -0.0315396 -0.0918099 0.00874962 -0.0313079 -0.0431444 -0.00424953 -0.0854331 -0.0371946 -0.167909 -0.00468055 0.000225094
internal_weight=519549 517702 1847 357368 336248 118863 1123 53333 21120 719 217385 160334 144958 96924 65530 48034 1144 66075 52275 51417 45507 151310 98584 62424 44054 19987 15376 1284 52189 20796 7509 31393 724 3354 615 839 3213 64246 9866 681 330 42437 5613 27939 40980 403 3074 36160 5346 4790 13529 10963 30644 2053 1498 676 28591 41312 18111 2498 2367 360 2007 23315 15166 40319 19486 14863 2796 1835 10121 8574 3972 4602 1076 2946 6525 4253 13287 5246 476 6407 7363 4955 8868 1557 22184 32532 16227 4023 733 12204 11336 409 52726 20095 6010 14085 2017 10184 17997 7827 2296 20833 3009 14566 21608 16901 14342 20587 10358 3298 8041 13800 3290 1773 340 10229 2239 1257 13178 400 1463 347 5144 3883
internal_count=519549 517702 1847 357368 336248 118863 1123 53333 21120 719 217385 160334 144958 96924 65530 48034 1144 66075 52275 51417 45507 151310 98584 62424 44054 19987 15376 1284 52189 20796 7509 31393 724 3354 615 839 3213 64246 9866 681 330 42437 5613 27939 40980 403 3074 36160 5346 4790 13529 10963 30644 2053 1498 676 28591 41312 18111 2498 2367 360 2007 23315 15166 40319 19486 14863 2796 1835 10121 8574 3972 4602 1076 2946 6525 4253 13287 5246 476 6407 7363 4955 8868 1557 22184 32532 16227 4023 733 12204 11336 409 52726 20095 6010 14085 2017 10184 17997 7827 2296 20833 3009 14566 21608 16901 14342 20587 10358 3298 8041 13800 3290 1773 340 10229 2239 1257 13178 400 1463 347 5144 3883
cat_boundaries=0 2 4 6 7 9 11 12 14 16 18 20 21 23 25 27 29 31 33 35 36 37 38 39 40 42 44 45 46 48 50 52 54 55 57 58
cat_threshold=1076413481 2133 303038466 8196 84 2 6 2375290880 9384 34603008 4 131072 407251586 520 1073774600 5 1073742881 2064 2684354560 21792 159383552 541131392 16640 92536832 40 2265972736 20736 76546048 8192 2637824 2064 2197880832 21760 1074298888 1 268567040 1 6 10240 8322 1073790976 5 2147483648 17408 536936578 2 0 16896 138674178 520 4194304 4352 2197815296 16384 272763010 4096 128 1
is_linear=0
shrinkage=0.03


Tree=1
num_leaves=127
num_cat=19
split_feature=0 25 21 11 12 4 4 0 22 30 25 30 2 26 0 3 25 2 0 25 21 22 0 4 25 25 0 11 2 0 4 30 3 2 0 8 0 4 0 4 25 26 3 0 22 0 28 0 22 25 4 25 25 12 25 0 4 0 25 25 0 0 12 0 31 21 22 30 25 25 25 0 0 25 25 11 24 25 0 25 25 21 21 25 25 25 0 30 0 25 28 11 11 25 2 0 0 4 0 3 22 21 0 0 0 0 0 0 25 30 12 25 0 25 26 25 25 11 25 3 0 0 0 25 0 25
split_gain=37571.9 6110.25 5672.92 12248.3 17332 6793.34 5245.04 4655.03 3373.65 3174.65 3148.53 2860.69 2287.33 2128.11 1715.13 1599.69 1558.89 1521.99 1449.88 1419.76 1366.28 1251.54 2255.65 1223.27 1258.68 2098.49 1108.03 1095.11 1060.55 997.168 993.058 940.581 891.883 844.887 793.524 747.577 735.263 1165.2 693.889 883.426 1062.6 1616.44 1320.27 932.294 858.364 1106.99 682.916 681.034 655.172 608.234 602.35 2519.72 1468.03 599.724 596.669 796.768 764.499 1230.7 1299.38 5524.79 557.325 546.466 545.779 794.46 545.228 512.249 510.114 508.503 506.37 506.245 509.313 854.546 505.997 498.508 896.446 492.375 479.567 477.341 481.51 476.579 442.417 434.323 1229.02 434.109 786.448 422.978 413.343 407.967 407.67 405.374 391.159 390.196 509.07 379.674 776.506 432.471 692.819 419.786 378.123 377 370.466 577.707 374.158 363.775 355.761 353.885 341.957 341.38 337.264 335.328 333.306 310.306 307.642 299.85 297.211 294.749 292.811 291.66 282.068 279.07 384.834 1262.08 2257.07 669.181 1275.38 1361.42
threshold=13030.000000000002 7.5000000000000009 0.084427561610937132 0.24372619390487674 -0.30164489150047297 0 1 19050.000000000004 0.10266805812716485 0.092384941875934615 29.500000000000004 0.086054746061563506 2 0.14566303044557574 180.00000000000003 3 81.500000000000014 4 1715.0000000000002 88.500000000000014 0.041184321045875556 -1.4639971256256101 1560.0000000000002 5 24.500000000000004 27.500000000000004 1940.0000000000002 -0.30983471870422358 6 17950.000000000004 7 0.064753670245409026 8 9 225.00000000000003 11.500000000000002 615.00000000000011 10 1715.0000000000002 11 68.500000000000014 0.021370556205511097 12 155.00000000000003 0.12275191769003869 1225.0000000000002 0.16179908812046054 1255.0000000000002 0.015030163340270521 26.500000000000004 13 30.500000000000004 18.500000000000004 -0.048362832516431802 31.500000000000004 325.00000000000006 14 325.00000000000006 16.500000000000004 14.500000000000002 1225.0000000000002 1225.0000000000002 -0.13398942351341245 850.00000000000011 0.036420231685042388 0.092159442603588118 -2.3023446202278133 0.065987627953290953 29.500000000000004 16.500000000000004 21.500000000000004 325.00000000000006 2125.0000000000005 75.500000000000014 76.500000000000014 0.46039463579654699 1.0053496956825259 90.500000000000014 950.00000000000011 37.500000000000007 97.500000000000014 0.070677299052476897 0.070911489427089705 15.500000000000002 16.500000000000004 10.500000000000002 155.00000000000003 0.10479542613029481 325.00000000000006 69.500000000000014 0.10141823068261148 -0.082689788192510591 -0.70898476243019093 115.50000000000001 15 950.00000000000011 615.00000000000011 16 90.000000000000014 17 -0.45983055233955378 0.070677299052476897 615.00000000000011 1560.0000000000002 155.00000000000003 615.00000000000011 225.00000000000003 10450.000000000002 69.500000000000014 0.061884863302111633 -0.048362832516431802 30.500000000000004 45.000000000000007 20.500000000000004 0.11405843496322633 20.500000000000004 59.500000000000007 0.46800856292247778 72.500000000000014 18 950.00000000000011 425.00000000000006 475.00000000000006 114.50000000000001 850.00000000000011 86.500000000000014
decision_type=2 2 8 2 2 9 9 2 8 10 2 10 9 10 2 1 2 9 2 2 10 10 2 9 2 2 2 2 9 2 9 10 1 9 2 2 2 9 2 9 2 8 1 2 10 2 10 2 10 2 9 2 2 2 2 2 9 2 2 2 2 2 2 2 10 10 10 8 2 2 2 2 2 2 2 2 2 2 2 2 2 10 10 2 2 2 2 10 2 2 8 2 2 2 9 2 2 9 2 1 10 10 2 2 2 2 2 2 2 8 2 2 2 2 10 2 2 2 2 1 2 2 2 2 2 2
left_child=2 -2 5 4 18 13 29 -8 -9 20 -10 12 16 87 23 65 75 32 28 36 98 22 66 24 -6 -26 -20 76 54 -3 103 33 100 -22 79 90 37 -18 39 73 50 -42 44 -44 -43 -46 -29 77 60 -17 51 52 104 -25 56 80 57 111 59 -59 -35 118 63 -38 -62 -13 -19 -52 -27 -33 71 -71 -40 -14 -75 -5 -12 91 -79 -15 108 114 -83 -37 -85 86 -55 -1 99 -45 -32 92 -30 -67 97 96 -96 -95 -7 -39 101 -11 -103 110 -41 -34 -72 -28 -56 -77 -16 -4 -87 -102 115 -23 -108 -69 -51 -92 121 -121 -123 124 -124 -126
right_child=1 6 3 11 14 9 7 8 10 17 27 15 38 34 30 49 19 21 26 -21 31 81 -24 53 25 68 107 46 47 -31 35 69 105 48 -36 83 62 88 72 40 41 42 43 89 45 -47 -48 -49 -50 61 67 -53 -54 85 55 -57 -58 58 -60 -61 64 -63 -64 -65 -66 93 -68 117 -70 70 106 -73 -74 74 -76 109 -78 78 -80 -81 -82 82 -84 84 -86 112 -88 -89 -90 -91 119 -93 -94 94 95 -97 -98 -99 -100 -101 113 102 -104 -105 -106 -107 116 -109 -110 -111 -112 -113 -114 -115 -116 -117 -118 -119 -120 120 -122 122 123 -125 125 -127
leaf_value=0.035247378812164956 0.027353817906220101 -0.00079406288188864599 0.011550998955423147 -0.0087180817437458192 0.028519187124107673 0.0064099696176869369 -0.3043212575564983 -0.029114055682709739 -0.31723093020983717 0.0083117426280264195 -0.21877632131352076 0.0014068819834798644 -0.013493054057973491 -0.074291547778993841 -0.0050748542915824355 -0.099484035801270701 0.0058795928941192954 0.035501191893902911 -0.12128369257098337 0.0064818424425326067 0.010074707228709647 0.015722912114265412 -0.14306795240990047 -0.0058797466644387765 -0.14562063453266921 -0.046581149974147681 -0.039586066282017912 -0.086831138043842279 0.00045946653833563861 -0.10108813480051553 -0.031277306160575329 0.018756146593795864 0.012634136059730376 -0.0083629325315321221 0.021387870694688157 0.015066722686761652 -0.10614759540262358 -0.061944840053969878 -0.1141171352279947 -0.077483929117421524 -0.011190702727134924 -0.018614197634251668 -0.12551483548675113 -0.011845943661960396 -0.11608807262380919 -0.007614903694569357 -0.18098046376095972 0.021921733755367632 0.0087905228442880859 -0.0093196572400147445 0.015131325321786694 -0.0082091358494028495 -0.17211292289847496 -0.021298056502878002 0.003233233887726744 0.01453457165988995 0.0078719921334584955 0.016701994445058516 -0.0077854085457752104 -0.17354916268074122 -0.00017350885499451709 -0.078583960143575757 -0.032513744031093993 -0.048113467012322983 -0.068944083121843136 -0.0080055525112552664 -0.025057127328598262 -0.018656638455398684 0.0070413949137551274 -0.020799455191888735 -0.020953649199034242 -0.096490032917163404 -0.032367170518264175 -0.057478981255777294 -0.0185179797597953 0.0048767188528331543 -0.15472006160357635 -0.030132083520550319 -0.0029386367670091195 -0.0036567451066423389 -0.028144254846862126 -0.10075786193517539 -0.0064119249653488879 -0.060297156494931066 -0.0031056042739217404 0.0081257385701269252 -0.074549560334722875 0.058735471186972844 -0.025783981159742817 -0.074613671195507048 -0.0051808655839712271 -0.0011113739801567823 0.0058583326292508901 -0.013986511634718127 -0.043235502657506995 -0.042191935395970624 0.0017588952812507773 0.0095959537927066945 -0.042072259117436554 -0.005748253862175895 0.027591603407898964 -0.017097214307797214 -0.072675146352587719 0.016772519207287506 -0.014446860773735422 0.025582062356752856 0.0094417415615556197 0.0085419123408279687 0.016765206055683182 -0.016238853191301545 -0.012559207271630863 -0.036814887297053171 -0.018276010234905302 0.0056001281373963437 0.0063911447648224498 -0.0075508917309100691 -0.011828084222684001 -0.02916577235473284 -0.032644994938608174 -0.0057967284470429878 -0.0075035989170423346 -0.15620949630285738 -0.019265303030371064 0.017657216682656678 -0.14717011090065979 -0.025783202748498296
leaf_weight=1064 175 158 1465 13559 1111 162 246 154 131 981 236 4501 5622 107 5963 117 824 143 121 867 3543 574 144 3880 102 196 352 231 25156 204 664 390 5661 9066 3435 1174 265 675 140 378 825 727 340 110 224 136 101 1621 2034 680 284 746 148 298 9550 18258 6274 314 869 243 167 188 1337 1077 273 30471 962 3655 810 507 3730 182 134 733 1933 694 218 719 3151 422 360 129 2823 217 29476 402 235 1806 1300 599 20436 18281 41899 2160 527 1191 739 990 1342 128 584 779 126 403 103 2862 675 212 2005 26788 52702 129 30088 12134 6503 3303 4220 6840 1493 9944 35665 110 7025 403 147 191
leaf_count=1064 175 158 1465 13559 1111 162 246 154 131 981 236 4501 5622 107 5963 117 824 143 121 867 3543 574 144 3880 102 196 352 231 25156 204 664 390 5661 9066 3435 1174 265 675 140 378 825 727 340 110 224 136 101 1621 2034 680 284 746 148 298 9550 18258 6274 314 869 243 167 188 1337 1077 273 30471 962 3655 810 507 3730 182 134 733 1933 694 218 719 3151 422 360 129 2823 217 29476 402 235 1806 1300 599 20436 18281 41899 2160 527 1191 739 990 1342 128 584 779 126 403 103 2862 675 212 2005 26788 52702 129 30088 12134 6503 3303 4220 6840 1493 9944 35665 110 7025 403 147 191
internal_value=-0.00642769 -0.141201 -0.00594477 -0.00719506 -0.0042842 0.00194303 -0.158775 -0.186565 -0.159259 -0.00109311 -0.18106 -0.0156696 -0.0193615 0.0303719 -0.00980345 -0.00956515 -0.0155527 0.00448602 0.00421269 -0.0292384 -0.00909488 -0.00310499 -0.0318102 -0.0156282 0.00596779 -0.01665 -0.0392873 -0.15799 0.00444168 -0.0574362 -0.00848908 -0.0074094 0.00926922 -0.00272158 0.0161207 -0.00674455 -0.0347629 -0.0243547 -0.0269859 -0.0264391 -0.0307559 -0.0468742 -0.0606448 -0.0846511 -0.0374211 -0.0752439 -0.11593 0.00265642 -0.00665378 -0.0329608 -0.0268256 -0.0455276 -0.0897043 -0.0170013 0.00854716 0.0105965 0.00190279 -0.0104966 -0.0307345 -0.0664603 -0.00996598 -0.0296235 -0.0461213 -0.0596438 -0.0429021 -0.00813569 -0.0171952 -0.0244359 -0.00344182 -0.0146947 -0.0160972 -0.0409041 -0.0744003 -0.0185637 -0.0292476 -0.0133973 -0.188426 0.0023064 -0.00799733 -0.0180572 0.00456122 -0.000415905 -0.0105675 -0.00281798 -0.00352558 -0.018392 -0.0448723 0.050043 -0.0361983 -0.0649058 -0.0083695 0.00277377 0.00383296 -0.0093262 -0.0165005 -0.0291003 -0.0169903 -0.00655339 -0.0368493 -0.0530053 0.00477201 -0.00763298 -0.0249068 -0.0116033 -0.0640433 0.0169845 -0.014111 -0.0215123 0.00558252 -0.0157055 -0.0117986 0.00761619 -0.0179277 0.00661205 0.00247187 -0.00410198 -0.00889373 -0.025508 -0.0253534 -0.00816331 -0.00930275 -0.012903 -0.0218732 -0.0199506 -0.0220111 -0.0788541
internal_weight=519556 1854 517702 446869 332621 70833 1679 1317 1071 63999 917 114248 71191 6834 201642 43057 47514 37708 130979 6473 26291 14581 1249 37122 2219 1108 685 786 130294 362 164520 24787 23127 15083 3964 105452 5606 2927 23677 23403 15115 2961 2136 1049 1087 360 332 90827 11540 2478 12154 1375 629 34903 39467 30173 9294 3020 1426 557 9506 2361 2679 1342 440 40579 1105 10779 1006 9704 9314 689 274 8288 2666 41041 454 89206 3870 529 11915 13332 2952 30867 29693 31023 533 2870 2103 709 74585 85336 67055 36078 5607 2457 1266 3150 1504 803 14604 1886 905 59068 481 8523 8625 564 11555 27482 58665 1594 30490 12718 10380 3877 4895 10495 2173 73921 53485 17820 7876 7766 7363 338
internal_count=519556 1854 517702 446869 332621 70833 1679 1317 1071 63999 917 114248 71191 6834 201642 43057 47514 37708 130979 6473 26291 14581 1249 37122 2219 1108 685 786 130294 362 164520 24787 23127 15083 3964 105452 5606 2927 23677 23403 15115 2961 2136 1049 1087 360 332 90827 11540 2478 12154 1375 629 34903 39467 30173 9294 3020 1426 557 9506 2361 2679 1342 440 40579 1105 10779 1006 9704 9314 689 274 8288 2666 41041 454 89206 3870 529 11915 13332 2952 30867 29693 31023 533 2870 2103 709 74585 85336 67055 36078 5607 2457 1266 3150 1504 803 14604 1886 905 59068 481 8523 8625 564 11555 27482 58665 1594 30490 12718 10380 3877 4895 10495 2173 73921 53485 17820 7876 7766 7363 338
cat_boundaries=0 1 2 3 4 5 6 7 8 9 10 11 12 13 14 15 16 17 18 19
cat_threshold=2 1 6 2 6 2 2 1 2 4 4 4 2 2 1 10 1 2 1
is_linear=0
shrinkage=0.03


Tree=2
num_leaves=127
num_cat=41
split_feature=0 5 5 5 5 5 0 31 0 5 31 8 11 13 21 5 5 32 5 11 21 25 5 13 11 21 0 5 27 31 5 25 27 2 5 5 27 0 5 2 5 0 30 0 0 0 25 31 27 5 5 5 0 4 25 0 25 27 5 21 27 0 31 0 27 22 2 5 0 27 5 25 0 5 0 2 5 25 5 27 25 5 0 21 27 5 5 0 5 0 0 0 0 25 0 27 5 27 25 2 27 0 5 0 0 0 25 25 0 25 27 0 25 5 5 5 0 0 25 0 25 25 5 0 21 0
split_gain=35391.5 14782.7 11642.2 8455.96 5055.5 4031.99 3991.09 3480.73 3399.61 3440.56 2951.63 3550.43 2923.84 4638.08 4077.6 2705.26 2250.55 2218.72 2233.63 1945.02 2047.13 2405.2 1886.92 1882.51 3838.16 2422.89 2670.79 1800.6 1770.75 1744.36 1740.96 1453.79 1678.27 1427.56 2906.21 1422.04 1416.87 1284.86 1220.88 1140.83 1415 2116.63 1138.25 1106.91 3901.32 1031.95 2682.48 1008.93 1626.17 1551.68 1000.18 993.696 966.371 1305.76 3871.89 2256.72 3350.41 1065.47 963.483 960.421 922.487 890.307 1571.77 857.744 824.546 733.554 731.068 1779.22 1287.64 990.673 721.531 776.668 708.335 687.626 685.419 906.988 844.131 1071.55 675.833 749.339 802.256 673.695 662.587 681.134 635.888 832.028 662.601 624.222 617.388 603.593 601.122 600.266 596.486 851.524 588.279 585.705 1176.6 578.206 557.873 551.564 789.921 528.816 524.801 1144.38 980.888 1628.74 695.901 530.742 518.322 535.699 513.62 807.035 512.7 898.071 502.625 496.784 562.205 495.67 479.941 638.982 995.629 572.918 530.991 478.914 463.382 545.76
threshold=13030.000000000002 0 1 2 3 4 1615.0000000000002 0.03126017842441798 180.00000000000003 5 0.048095963895320899 9.5000000000000018 0.24372619390487674 37.500000000000007 0.14014542102813723 6 7 0.14828153699636462 8 0.24372619390487674 1.0000000180025095e-35 63.500000000000007 9 37.500000000000007 0.24372619390487674 0.035404589027166374 1280.0000000000002 10 0.14952706545591357 0.094693522900342955 11 50.500000000000007 0.15550526976585391 12 13 14 0.051913643255829818 325.00000000000006 15 16 17 155.00000000000003 0.096469961106777205 950.00000000000011 615.00000000000011 1940.0000000000002 82.500000000000014 0.051425565034151084 0.058047603815793998 18 19 20 325.00000000000006 21 15.500000000000002 950.00000000000011 17.500000000000004 0.051913643255829818 22 0.088029954582452788 0.086274277418851866 325.00000000000006 0.075905904173851027 90.000000000000014 0.069445703178644194 0.06832038983702661 23 24 850.00000000000011 0.095947422087192549 25 75.500000000000014 225.00000000000003 26 715.00000000000011 27 28 67.500000000000014 29 0.1045757830142975 53.500000000000007 30 1225.0000000000002 0.09852414578199388 0.060448419302701957 31 32 225.00000000000003 33 1225.0000000000002 6250.0000000000009 1560.0000000000002 850.00000000000011 89.500000000000014 1225.0000000000002 0.16058247536420825 34 0.07936600968241693 8.5000000000000018 35 0.08212983608245851 90.000000000000014 36 1225.0000000000002 1280.0000000000002 1560.0000000000002 113.00000000000001 113.00000000000001 225.00000000000003 58.500000000000007 0.059944719076156623 325.00000000000006 97.500000000000014 37 38 39 325.00000000000006 45.000000000000007 77.500000000000014 325.00000000000006 49.000000000000007 88.500000000000014 40 155.00000000000003 0.11281433328986169 1280.0000000000002
decision_type=2 9 9 9 9 9 2 10 2 9 10 2 2 2 8 9 9 8 9 2 10 2 9 2 2 10 2 9 2 8 9 2 2 9 9 9 2 2 9 9 9 2 10 2 2 2 2 8 2 9 9 9 2 9 2 2 2 2 9 10 2 2 10 2 2 10 9 9 2 2 9 2 2 9 2 9 9 2 9 2 2 9 2 10 2 9 9 2 9 2 2 2 2 2 2 2 9 2 2 9 2 2 9 2 2 2 2 2 2 2 2 2 2 9 9 9 2 2 2 2 2 2 9 2 10 2
left_child=1 3 5 7 10 29 8 63 9 19 11 17 13 39 22 47 -16 99 -19 -5 21 -21 87 24 112 26 30 50 -4 -2 94 -31 -33 35 89 -18 -12 -15 -38 40 41 -6 52 44 -29 46 -8 -10 49 -49 97 -25 108 54 -54 56 -56 -55 101 73 88 62 -40 114 -60 82 -32 -68 69 -69 -36 84 -64 110 75 118 77 -77 79 80 -39 -30 -63 -84 85 -72 -87 -14 -59 -35 -47 98 93 -24 -26 -50 -97 -13 -62 -3 -101 -11 103 106 -104 -106 -94 -105 109 -20 111 -41 113 -17 -1 116 -27 -116 119 122 -121 -120 -52 -23 125 -42
right_child=2 4 28 6 12 -7 45 -9 15 58 36 27 14 37 16 23 33 18 42 20 -22 123 92 51 25 115 -28 43 81 31 66 32 -34 34 70 -37 38 78 61 59 124 -43 -44 -45 -46 90 -48 48 95 -51 74 -53 53 57 55 -57 -58 60 64 -61 91 65 72 -65 -66 -67 67 68 -70 -71 71 -73 -74 -75 -76 76 -78 -79 -80 -81 -82 -83 83 -85 -86 86 -88 -89 -90 -91 -92 -93 102 -95 -96 96 -98 -99 -100 100 -102 -103 104 107 105 -107 -108 -109 -110 -111 -112 -113 -114 -115 117 -117 -118 -119 121 120 -122 -123 -124 -125 -126 -127
leaf_value=0.029944685825922353 -0.043300430344174731 -0.013069170188473133 -0.097099938741590092 -0.015420577626655007 -0.14396381655064494 -0.27998408915530337 -0.0091509248081006484 0.047779751142153506 0.015959898390703574 0.04152326710224151 -0.015018616363369198 0.011661259344567181 -0.016039190841324488 -0.018516950410173979 -0.012891541645414728 0.014935897915187468 0.0080752708591548417 0.005393694895451967 -0.0027674364223144411 -0.033871096402814577 -0.023045902832568358 -0.13764003563530838 -0.0081133950506010032 -0.013163422067385886 0.006125189554015361 -0.016202962521327975 -0.14603879726277461 -0.035601864542896135 -0.055319070738294847 -0.10942336719700306 -0.012386127492936737 -0.14782858207997568 -0.27394399495579258 -0.082534067698522687 -0.04711407015821921 -0.028025391835168747 -0.08804524444892925 -0.025466299374690683 -0.029104861464915244 -0.0061991435775264137 -0.0037926526686782123 0.0049641956115762387 0.0069998380555264224 0.00071999139428880019 -0.14483501007443381 -0.033266365876600971 -0.20836999307979237 -0.033338845185401866 0.0077893306402021471 -0.00089332447435025387 -0.019473644429130663 -0.0040634496756332761 -0.19189632613893964 -0.077456097406072497 -0.14235932555876338 0.03379814725492758 -0.019323520831180337 -0.03962565689692607 -0.0041780536670029209 -0.0092737463945454825 0.00033836802052789907 -0.031704453223827568 -0.1152853552590717 0.015185664242882091 -0.01748143698159876 -0.018175321301872084 -0.015296295183515281 -0.15325238650521406 -0.035843173474433242 -0.064243185734443306 -0.023350860419646235 -0.045515571381937167 -0.060629549753491788 0.0076667423408170532 -0.009066006174024038 -0.014087407184177055 -0.048305943928644596 -0.055853321693148765 -0.0058482385056511394 -0.021384227823188603 -0.0030680661221488756 0.024900855871124401 -0.088601187525516129 -0.011847982459760211 -0.014999252761551672 -0.031685289683898811 -0.11867847352987154 0.020674292337372589 0.00022096743028447767 -0.15458471981591956 -0.11055860441421794 0.011404470281670753 -0.022077160613267109 0.0090385144436004108 -0.019145703421965227 -0.085137781575004651 -0.001299692858140303 -0.012390136902793791 -0.022046955126968529 -0.031759531086196599 -0.11503815628166468 0.0025044157357978054 -0.0055445472515869261 -0.018939015343870189 -0.1391873218096904 -0.0034553477525484134 -0.055410768346983282 0.0065375426713341605 0.0070246083708640512 -0.028633111741480775 -0.0068775066279805714 0.019621032540466328 -0.00020760453690320726 0.0048390285084782851 0.033609947974190993 0.0028828695583071437 -0.0017039164083063969 -0.015884049990299819 -0.038773359863066022 -0.039197405308786681 -0.0099295774608116512 0.015601302041691174 0.0045927887233112811 -0.08692950908438668 -0.02124821613812538 0.026020792062854254
leaf_weight=312 114 1702 291 7204 164 393 113 2971 7700 324 4560 1160 488 15616 13033 11933 1464 10766 2439 805 2047 315 15037 15925 3925 3054 138 4506 127 222 5213 211 180 606 2172 2965 375 1830 1645 2209 19197 179 2901 592 314 603 131 1743 30795 5459 1449 33617 141 233 266 391 786 366 14521 4744 1124 2736 296 15968 5895 3695 3691 155 1535 416 916 1548 782 26280 3043 2323 2323 725 29288 6480 6728 286 392 142 3762 179 181 2830 4886 128 106 593 1276 3150 1050 165 1061 3996 9225 3276 105 8204 6418 1850 133 196 1012 1221 2755 1022 6268 2148 7930 23694 203 16166 11347 1700 1612 1945 2264 195 1893 378 1326 568
leaf_count=312 114 1702 291 7204 164 393 113 2971 7700 324 4560 1160 488 15616 13033 11933 1464 10766 2439 805 2047 315 15037 15925 3925 3054 138 4506 127 222 5213 211 180 606 2172 2965 375 1830 1645 2209 19197 179 2901 592 314 603 131 1743 30795 5459 1449 33617 141 233 266 391 786 366 14521 4744 1124 2736 296 15968 5895 3695 3691 155 1535 416 916 1548 782 26280 3043 2323 2323 725 29288 6480 6728 286 392 142 3762 179 181 2830 4886 128 106 593 1276 3150 1050 165 1061 3996 9225 3276 105 8204 6418 1850 133 196 1012 1221 2755 1022 6268 2148 7930 23694 203 16166 11347 1700 1612 1945 2264 195 1893 378 1326 568
internal_value=-0.00620842 -0.00574381 -0.138088 -0.000465855 -0.0106098 -0.19754 -0.00215415 0.0176712 -0.00189622 -0.00986911 -0.0166156 -0.0140997 -0.00779754 -0.00514153 -0.0131938 -0.000201227 -0.021886 -0.00866374 -0.00616685 -0.0243535 -0.0425659 -0.0692066 -0.00622267 -0.00229341 0.00028587 -0.0056897 -0.0150991 -0.0223425 -0.0399883 -0.149464 -0.0139596 -0.171539 -0.206438 -0.0302742 -0.0368608 -0.0161019 -0.0288957 -0.0111171 -0.0351819 0.000536593 -0.00508568 -0.0645776 -0.0107528 -0.0379225 -0.0427464 -0.0633865 -0.116523 0.00603075 0.0040827 -0.00879673 -0.0186388 -0.00699227 -0.0128832 -0.0164029 -0.0424088 -0.0276791 -0.050539 -0.0138929 -0.00447938 0.00343046 -0.0129736 -0.0330018 -0.0475842 0.012759 -0.00801607 -0.0273422 -0.0206047 -0.0279578 -0.0499537 -0.0886307 -0.031959 -0.0268908 -0.07573 0.00506467 -0.0220194 -0.0247097 -0.0345661 -0.0239584 -0.00850977 -0.0136796 -0.00786001 -0.000576033 -0.0376917 -0.0682515 -0.0212135 -0.0395088 -0.0776455 0.0152255 -0.00263788 -0.0940129 -0.0449615 -0.0179339 -0.00857451 -0.00514234 0.000787276 0.00697966 -0.0133476 -0.00696432 -0.0196159 -0.0272733 -0.0342777 0.00398686 -0.0137369 -0.0207432 -0.008127 -0.0585812 -0.0368386 -0.00881095 -0.00268367 -0.0104114 -0.00137736 0.00653178 0.00669124 0.00822677 -0.00473385 -0.000726247 -0.0047763 -0.0105341 -0.0189923 -0.0156853 -0.0234605 -0.0329002 -0.00588898 -0.110145 -0.00408501 -0.00293461
internal_weight=519866 518042 1824 248512 269530 1120 227358 21154 226405 39693 85940 71317 183590 123025 60565 186712 26954 42977 37894 10749 3545 1498 33611 139789 90247 46690 16123 28340 704 727 15985 613 391 13921 9492 4429 14623 59942 10063 63083 21434 343 27128 5412 4820 953 244 46923 39223 7202 22928 49542 24227 18011 1584 1443 1052 16427 28944 41649 16194 9688 2723 18183 20416 6965 11010 5797 2106 571 8758 6586 1078 36905 17772 14729 5371 3048 44326 15038 8558 413 3270 534 5038 1276 360 3318 5252 734 709 10942 30293 18187 4975 32021 1226 5156 10349 5083 3381 8528 12106 5359 6747 329 2288 3071 6216 3461 10625 4357 43557 35627 2215 30567 14401 1903 9358 7551 4209 1807 3342 693 21091 19765
internal_count=519866 518042 1824 248512 269530 1120 227358 21154 226405 39693 85940 71317 183590 123025 60565 186712 26954 42977 37894 10749 3545 1498 33611 139789 90247 46690 16123 28340 704 727 15985 613 391 13921 9492 4429 14623 59942 10063 63083 21434 343 27128 5412 4820 953 244 46923 39223 7202 22928 49542 24227 18011 1584 1443 1052 16427 28944 41649 16194 9688 2723 18183 20416 6965 11010 5797 2106 571 8758 6586 1078 36905 17772 14729 5371 3048 44326 15038 8558 413 3270 534 5038 1276 360 3318 5252 734 709 10942 30293 18187 4975 32021 1226 5156 10349 5083 3381 8528 12106 5359 6747 329 2288 3071 6216 3461 10625 4357 43557 35627 2215 30567 14401 1903 9358 7551 4209 1807 3342 693 21091 19765
cat_boundaries=0 2 4 6 8 10 11 13 15 17 18 20 22 23 24 26 27 28 29 30 31 33 34 36 37 39 41 43 44 46 48 50 52 53 55 56 57 59 61 63 65 67
cat_threshold=2646882902 25770 303038466 8196 84 2 574505 2112 34603008 4 4194818 407118338 8 540016768 272 1056 2048 33685504 573448 2048 2147485696 17408 2 131072 131072 516 524289 9 131072 512 32768 2147487744 24576 1 67110912 40 10 16777216 160 33554432 512 2097280 5 2 8 2048 1612709888 16 524288 2048 1073741824 1 65536 0 64 8192 10 1074790400 260 16777216 17408 16 2 2231369728 16384 8 2048
is_linear=0
shrinkage=0.03


Tree=3
num_leaves=127
num_cat=32
split_feature=0 5 5 5 5 12 5 0 31 0 5 21 11 12 21 5 5 5 26 11 5 21 5 13 11 23 0 0 25 0 25 23 0 0 5 5 0 31 12 0 26 27 27 5 5 27 5 5 27 0 5 0 25 22 5 0 12 5 0 27 25 0 25 25 25 25 0 5 0 27 25 0 0 25 27 27 0 0 25 5 0 0 5 5 25 5 12 12 5 0 0 0 25 5 0 0 0 25 25 11 27 27 27 23 0 25 0 5 0 0 5 29 5 25 31 27 3 0 29 23 13 5 27 0 25 27
split_gain=33394.6 13869.6 11548.3 7956.21 4724.68 4442 3607.38 3519.58 3235.18 3145.98 3154.22 3086.93 2708.59 4738.97 3843.71 2568.67 2481.65 1999.11 1979.7 1885.09 1961.49 2335.72 1796.29 1794.78 3512.07 2647.83 2187.32 1786.35 1786.13 1750.28 2567.83 2431.31 1941.2 3284.18 1532.02 1508.92 1271.32 1177.02 1133.92 1046.16 1026.98 1785.33 1021.75 1743.74 1021.24 1011.51 1003.72 979.644 2540.04 959.006 2204.46 4674.06 2660.45 910.152 898.52 1091.19 865.859 860.82 855.373 843.92 1064.62 843.859 2435.91 836.779 823.358 1245.92 799.317 737.263 656.909 631.94 630.492 662.438 616.872 2765.93 614.108 606.698 799.473 599.026 577.702 568.558 653.753 999.634 1670.92 1019.34 590.677 567.474 560.79 729.957 556.79 555.846 550.954 536.223 780.813 619.492 1054.32 701.803 1282.76 598.025 532.765 516.612 516.309 511.269 579.393 509.309 508.811 688.607 508.113 503.098 954.833 656.97 523.354 496.648 492.079 488.609 577.977 483.57 971.584 482.689 482.59 481.573 472.882 472.863 470.377 469.287 465.826 2089.5
threshold=13030.000000000002 0 1 2 3 -0.18493013828992841 4 1615.0000000000002 0.03126017842441798 180.00000000000003 5 0.12880711257457736 0.2603727281093598 -0.23537842929363248 0.14014542102813723 6 7 8 0.24214403331279757 0.24372619390487674 9 1.0000000180025095e-35 10 37.500000000000007 0.24372619390487674 0.07194120436906816 1280.0000000000002 17950.000000000004 50.500000000000007 225.00000000000003 18.500000000000004 0.058227287605404861 325.00000000000006 950.00000000000011 11 12 325.00000000000006 0.048095963895320899 -0.72102889418601979 155.00000000000003 0.078751005232334151 0.058047603815793998 0.089248880743980422 13 14 0.15550526976585391 15 16 0.086274277418851866 325.00000000000006 17 950.00000000000011 17.500000000000004 -0.049133053049445145 18 61.500000000000007 0.62420859932899486 19 550.00000000000011 0.16058247536420825 64.500000000000014 1940.0000000000002 82.500000000000014 115.50000000000001 38.500000000000007 49.000000000000007 90.000000000000014 20 90.000000000000014 0.07936600968241693 110.00000000000001 325.00000000000006 110.00000000000001 31.500000000000004 0.07936600968241693 0.076740767806768431 325.00000000000006 850.00000000000011 35.500000000000007 21 715.00000000000011 325.00000000000006 22 23 59.500000000000007 24 0.68274390697479259 0.92843842506408703 25 6250.0000000000009 325.00000000000006 850.00000000000011 89.500000000000014 26 1225.0000000000002 1280.0000000000002 1560.0000000000002 113.00000000000001 113.00000000000001 0.24372619390487674 0.098019190132617964 0.052256155759096153 0.095947422087192549 0.064846452325582518 615.00000000000011 16.500000000000004 850.00000000000011 27 950.00000000000011 950.00000000000011 28 0.04237759672105313 29 66.500000000000014 0.038655493408441551 0.16058247536420825 30 1225.0000000000002 0.040852611884474761 0.054210091009736068 38.500000000000007 31 0.053855204954743392 1225.0000000000002 49.000000000000007 0.064750330522656455
decision_type=2 9 9 9 9 2 9 2 10 2 9 8 2 2 8 9 9 9 10 2 9 10 9 2 2 10 2 2 2 2 2 10 2 2 9 9 2 10 2 2 10 2 2 9 9 2 9 9 2 2 9 2 2 10 9 2 2 9 2 2 2 2 2 2 2 2 2 9 2 2 2 2 2 2 2 2 2 2 2 9 2 2 9 9 2 9 2 2 9 2 2 2 2 9 2 2 2 2 2 2 2 2 2 10 2 2 2 9 2 2 9 10 9 2 10 2 1 2 8 10 2 9 2 2 2 2
left_child=1 3 6 8 5 15 11 9 66 10 19 -2 13 46 22 -3 40 -16 29 -5 -21 -22 103 24 38 26 35 -4 -13 31 32 34 -31 56 68 -26 -15 53 88 111 41 44 43 -38 70 -30 72 48 -19 74 51 52 -51 79 -12 -56 100 -25 -37 60 -60 62 -9 119 -41 -66 112 -44 118 -57 -11 -72 73 -6 -17 76 122 -62 115 106 81 83 -83 -81 -85 90 -29 -88 -18 -63 -27 92 -24 94 97 -95 -97 -93 -96 -52 -34 -48 -103 -14 105 -58 -32 108 -69 110 -109 -36 -1 -67 -115 -43 -117 -110 -7 -39 -80 -70 -74 -50 125 -84
right_child=2 4 27 7 12 18 -8 61 -10 16 54 28 14 36 17 49 23 47 -20 20 21 -23 91 57 25 85 -28 86 45 30 37 -33 33 -35 39 58 42 63 -40 64 -42 78 67 -45 -46 -47 101 -49 123 50 99 -53 -54 -55 55 69 104 -59 59 -61 77 89 -64 -65 65 113 -68 107 121 -71 71 -73 75 -75 -76 -77 -78 -79 120 80 -82 82 124 84 -86 -87 87 -89 -90 -91 -92 93 -94 95 98 96 -98 -99 -100 -101 -102 102 -104 -105 -106 -107 -108 109 117 -111 -112 -113 -114 114 -116 116 -118 -119 -120 -121 -122 -123 -124 -125 -126 -127
leaf_value=0.02979784121631451 0.004856818699817367 0.0055612872186430566 0.01387853686023225 -0.014702023928920728 -0.14601141591866809 -0.061063321209974118 -0.27217663227193772 -0.0059346540709701153 0.045965755258640766 -0.034987965146963 0.0018815173462951573 -0.10466609489108021 -0.014672263947242263 -0.017170547635667846 -0.01397862892931424 0.0044763384700723732 0.016056348885452612 -0.0062741000185302584 0.010192729046902804 -0.021535795746678413 -0.10857063837509613 -0.033797687784140336 -0.0079341325329281825 -0.012673013861014855 -0.0040244833511102448 -0.016007347896404917 -0.13649942461047601 -0.037031994255386891 -0.17060613781018547 -0.022490756003684626 0.0015303268518819366 -0.11381937387271429 -0.040731502233753367 -0.0060072086948939861 -0.028815481496970191 -0.0070758007444165294 -0.01802699770891877 0.013393252744602088 0.0013587086783994613 -0.020140545242489517 0.016637030438782886 0.0035546427350113289 -0.0030103128363522455 0.0038465528870035583 -0.0013420316467036349 -0.27025465244696623 -0.018819537503073722 -0.027748871868955641 -0.084183597128363319 -0.1654909726994091 -0.010400270524751653 0.031892310594501046 -0.010246908157635078 0.0016612144284614127 -0.039555185382632321 -0.0043533279206543268 -0.046669253515160596 -0.0041658113342582627 -0.023700659679484863 -0.0062850207673751735 -0.093373710557362405 -0.032511576007372832 -0.20124206147542811 -0.011663606826181368 -0.12303778162300585 -0.034919745893565945 0.014660965881961079 0.0085098045920335968 0.011160989460529319 -0.020477246016668407 0.021063328632668681 -0.034747178216027561 -0.021394404962459979 -0.0098192998350858391 -0.028721413720532808 -0.0065136409270036269 0.017040473976904655 -0.044879096039523635 0.014302091165477881 0.0031012900865504123 -0.0069584852982366129 -0.011068611808814079 -0.034110144204782492 -0.0061513021683850481 -0.040610897819438128 0.0035700705378646901 -0.17053722789734874 -0.064682294600839976 0.0065907049039408043 -0.1068487992464939 -0.0015981584307720839 -0.022681523581317906 0.0087441820078226363 -0.0049285012155430704 -0.019750485659420104 -0.12511074808381853 -0.0042254812135295548 -0.053884759196746158 0.0060044752026143441 -0.02369672599752878 -0.11888076481698942 0.0079307202622863789 -0.00053141743048656118 0.019884809431293664 -0.16829616231186426 -0.13787859406238714 -0.015190272338258331 -0.029728292585000198 -0.060581749599979751 -0.0099052369389257249 -0.00989688169747646 -0.00022477215359066713 -0.010592378194027738 -0.06877861953896558 -0.039502923119033077 -0.0050671931168842785 -0.086942325319151637 -0.010392011589818185 -0.020553884550936929 -0.030244817665267501 0.0050385360311284129 -0.015099279640758835 0.0018674548194347941 -0.14868701710955787 -0.030304784607787991 -0.10658886818102742
leaf_weight=307 100 10256 320 7177 143 332 396 108 3001 1746 11938 215 444 17968 14659 3442 10534 483 1779 1991 685 835 14692 15705 7125 3024 132 160 228 1395 2886 312 216 435 3260 2344 4430 233 21207 1040 6631 12036 8258 12539 4818 165 815 10681 499 355 9559 276 138 3217 981 13445 114 33697 3424 1271 270 602 122 3373 199 1900 15925 377 1032 2612 451 331 994 1977 586 10875 2863 1537 10872 2438 3541 3434 1808 758 1094 16103 102 141 12028 106 11347 1242 3050 6308 1802 125 212 999 1206 3629 118 22696 10722 2802 203 222 3774 3079 694 20121 2014 657 1858 1316 1137 772 156 230 1301 8962 9122 1504 3660 130 2916 446
leaf_count=307 100 10256 320 7177 143 332 396 108 3001 1746 11938 215 444 17968 14659 3442 10534 483 1779 1991 685 835 14692 15705 7125 3024 132 160 228 1395 2886 312 216 435 3260 2344 4430 233 21207 1040 6631 12036 8258 12539 4818 165 815 10681 499 355 9559 276 138 3217 981 13445 114 33697 3424 1271 270 602 122 3373 199 1900 15925 377 1032 2612 451 331 994 1977 586 10875 2863 1537 10872 2438 3541 3434 1808 758 1094 16103 102 141 12028 106 11347 1242 3050 6308 1802 125 212 999 1206 3629 118 22696 10722 2802 203 222 3774 3079 694 20121 2014 657 1858 1316 1137 772 156 230 1301 8962 9122 1504 3660 130 2916 446
internal_value=-0.00607199 -0.00562006 -0.134071 -0.000506306 -0.0103346 -0.0161572 -0.194461 -0.00214222 0.0171149 -0.00190186 -0.00957476 -0.147494 -0.00762218 -0.00510787 -0.0128971 -0.00641953 -0.000271573 -0.0214102 -0.0209548 -0.0234957 -0.0415288 -0.0671028 -0.00604836 -0.00227612 0.000237768 -0.00549602 -0.0153355 -0.0384978 -0.174941 -0.0219521 -0.0188631 -0.0311316 -0.0471332 -0.0733774 -0.0292373 -0.0143256 -0.0102956 -0.0168965 0.00633939 -0.0358831 0.00569612 0.00389712 -0.00790791 -0.00187293 -0.00947599 -0.213023 0.00149803 -0.030608 -0.0575302 -0.0132473 -0.016976 -0.066032 -0.122144 -0.0132881 -0.00442967 -0.00885008 -0.106901 -0.00687388 -0.0225912 -0.0282174 -0.0335442 -0.0601033 -0.109955 -0.0244493 -0.0442503 -0.0497531 0.0123359 -0.0108528 -0.0139545 -0.00697733 -0.0248678 -0.002574 -0.00374884 -0.0190704 -0.000359255 -0.00198386 0.00456946 -0.0521727 0.00687805 -0.0153704 -0.0183674 -0.021514 -0.0274121 -0.00968136 -0.0263756 -0.000296309 -0.0809712 -0.109632 0.0110207 -0.0437762 -0.00462788 -0.00836834 -0.00506666 -0.0132996 -0.0209963 -0.00717516 -0.0493017 -0.0366092 -0.00942596 -0.01405 -0.0686136 0.00464164 0.00521575 0.0151084 -0.130456 -0.107163 -0.00793363 -0.013289 -0.0314696 -0.0123376 -0.0219673 -0.0240212 -0.00476521 -0.0463753 -0.0552305 0.00194526 -0.0189095 -0.0481134 -0.0288221 -0.0291377 0.0100762 -0.00442826 -0.00310434 -0.0977298 -0.0381682 -0.0484925
internal_weight=519585 517758 1827 248376 269382 85593 1104 227285 21091 226347 39664 708 183789 124455 59334 28241 186683 26452 57352 10688 3511 1520 32882 139748 90346 46577 16103 723 608 55573 41583 13990 2703 1308 13678 15971 69710 38880 43769 9509 46935 40304 51742 16969 7346 393 54745 11793 1112 17985 13957 769 493 26312 28976 17038 873 49402 8846 6502 5231 938 230 12568 5592 4552 18090 34773 4169 16057 2528 782 20512 2120 4028 18392 7517 1807 32958 23095 16435 12894 8604 4290 1852 30474 403 243 22562 708 14371 29636 17742 11894 5249 6645 337 2241 3008 13188 334 34233 33418 3246 539 336 6660 26515 1301 25214 5093 3917 2165 4353 2453 12964 928 924 1633 9195 19994 2536 4654 629 5170 2254
internal_count=519585 517758 1827 248376 269382 85593 1104 227285 21091 226347 39664 708 183789 124455 59334 28241 186683 26452 57352 10688 3511 1520 32882 139748 90346 46577 16103 723 608 55573 41583 13990 2703 1308 13678 15971 69710 38880 43769 9509 46935 40304 51742 16969 7346 393 54745 11793 1112 17985 13957 769 493 26312 28976 17038 873 49402 8846 6502 5231 938 230 12568 5592 4552 18090 34773 4169 16057 2528 782 20512 2120 4028 18392 7517 1807 32958 23095 16435 12894 8604 4290 1852 30474 403 243 22562 708 14371 29636 17742 11894 5249 6645 337 2241 3008 13188 334 34233 33418 3246 539 336 6660 26515 1301 25214 5093 3917 2165 4353 2453 12964 928 924 1633 9195 19994 2536 4654 629 5170 2254
cat_boundaries=0 2 4 6 8 10 11 13 15 17 18 19 20 22 24 25 27 28 29 31 33 35 37 39 40 42 44 46 48 50 52 53 54
cat_threshold=2646882902 25770 303038466 8196 84 2 574505 2112 34603008 4 4194818 1057 2048 407118338 8 540016768 4368 4194816 33685504 32777 2147485696 17440 2097152 4352 512 2228352 5 131072 524288 67115008 40 2147487744 24576 65664 4865 33800 64 32 2048 540672 2231369728 16384 16779264 25600 1074790400 260 0 16 572522496 4 16 2 2 32769
is_linear=0
shrinkage=0.03


Tree=4
num_leaves=127
num_cat=36
split_feature=1 5 5 5 2 5 5 12 5 5 31 5 5 1 23 25 12 11 22 5 11 12 21 11 25 5 23 12 1 11 1 1 1 21 25 25 1 1 5 27 5 1 5 30 30 23 25 1 11 13 5 27 11 12 11 25 1 1 25 5 3 25 25 2 27 4 5 12 5 30 1 27 11 5 1 5 29 21 5 2 1 5 1 4 25 5 23 1 5 1 27 25 5 21 1 5 1 23 27 25 1 25 1 27 27 25 1 1 1 25 1 27 12 32 27 1 5 5 27 1 5 25 5 30 25 1
split_gain=30092.8 12937.9 11664.3 8833.25 6380.27 7344.08 3987.14 3838.78 3527.81 3122.51 3003.77 2970.9 2930.41 2369.68 2292.08 2132.66 1998.43 1991.42 2892.89 5051.83 1939.45 1906.01 1892.82 2756.29 1676.7 1665.09 1587.35 2520.6 1533.52 1453.25 1408.51 1380.54 5573.12 1353.65 1295.83 1501 1725.86 1192.21 1170.29 1169.73 1146.26 2596.95 2316.13 1130.15 1119.96 1073.31 1229.38 1041.07 1033.4 2050.82 1296.78 2139.96 1009.43 988.254 944.223 920.008 1708.03 4477.59 3372.02 905.224 793.751 748.836 741.807 724.032 714.2 1880.41 707.885 705.992 702.476 701.366 774.995 667.664 660.726 649.769 642.53 641.803 630.705 628.924 601.42 588.07 1191.64 2084.58 1574.26 1124.65 1092.29 898.486 1544.59 1653.11 680.132 587.464 580.942 568.192 551.907 550.799 547.742 537.039 533.891 533.723 533.467 527.989 1247.63 606.2 536.442 526.979 524.859 575.097 513.875 510.747 651.8 569.01 594.322 552.28 509.178 493.469 491.783 482.285 1567.61 1287.87 814.402 3270.56 1610.4 608.197 477.811 474.246 473.34 471.508
threshold=9.461545944213869 0 1 2 3 4 5 -0.065537083894014345 6 7 0.03126017842441798 8 9 7.4465231895446786 0.093464292585849776 37.500000000000007 -0.87397405505180348 0.24372619390487674 -2.3023446202278133 10 0.24372619390487674 -0.30164489150047297 0.09852414578199388 0.23537775129079822 50.500000000000007 11 0.035104382783174522 -0.11692317575216292 5.0493419170379648 0.24372619390487674 9.7953972816467303 6.8561301231384286 6.744683265686036 0.064643450081348433 88.500000000000014 71.500000000000014 5.759707212448121 7.5704805850982675 12 0.15550526976585391 13 6.4229502677917489 14 0.071350455284118666 0.15903400629758838 0.12228051945567132 49.000000000000007 5.0493419170379648 0.48314048349857336 37.500000000000007 15 0.086274277418851866 0.42958675324916845 -0.21862536668777463 0.35846313834190374 17.500000000000004 6.8561301231384286 5.759707212448121 14.500000000000002 16 17 75.500000000000014 38.500000000000007 18 0.055219287052750594 19 20 -0.70900321006774891 21 0.16642165184020999 6.8561301231384286 0.064750330522656455 -0.4218058288097381 22 6.744683265686036 23 0.056686626747250564 0.11221585795283319 24 25 5.759707212448121 26 6.744683265686036 27 113.00000000000001 28 0.060403937473893173 7.3527534008026132 29 6.8561301231384286 0.059393314644694335 77.500000000000014 30 0.085019674152135863 7.3527534008026132 31 7.1552743911743173 0.06534933298826219 0.089248880743980422 10.500000000000002 5.0493419170379648 89.500000000000014 4.0213496685028085 0.049178216606378562 0.060448419302701957 68.500000000000014 4.5047848224639901 4.1348783969879159 5.759707212448121 21.500000000000004 6.8561301231384286 0.059393314644694335 0.67644694447517406 0.22759647667407992 0.086274277418851866 6.744683265686036 32 33 0.092709075659513487 6.4229502677917489 34 100.50000000000001 35 0.086054746061563506 14.500000000000002 5.759707212448121
decision_type=2 9 9 9 9 9 9 2 9 9 10 9 9 2 8 2 2 2 10 9 2 2 8 2 2 9 8 2 2 2 2 2 2 8 2 2 2 2 9 2 9 2 9 8 10 10 2 2 2 2 9 2 2 2 2 2 2 2 2 9 1 2 2 9 2 9 9 2 9 10 2 2 2 9 2 9 8 10 9 9 2 9 2 9 2 9 10 2 9 2 2 2 9 10 2 9 2 8 2 2 2 2 2 2 2 2 2 2 2 2 2 2 2 10 2 2 9 9 2 2 9 2 9 10 2 2
left_child=1 7 9 10 11 13 15 12 31 14 63 22 54 38 -2 47 20 21 19 -19 73 96 -5 53 -16 37 -21 28 124 55 -4 32 34 -10 35 40 43 -15 106 -26 -9 93 -43 -37 48 46 62 -7 49 67 51 89 -49 122 -1 56 57 -14 114 -25 -38 95 107 -3 -64 -66 -55 -18 -22 -47 -71 75 -34 -13 -63 -57 -36 -33 -30 80 81 -48 83 -82 88 86 -81 -88 98 -50 -77 -83 -56 123 -73 -31 -8 -45 -84 100 -23 102 -101 -93 -80 -106 -6 -35 -109 110 111 -110 -90 -85 -59 117 -117 -51 121 -120 -121 -119 -24 -42 -28 -52
right_child=2 3 30 4 5 6 17 8 33 -11 -12 16 29 25 24 -17 44 18 -20 26 68 99 23 59 39 -27 27 -29 78 61 -32 77 72 45 76 36 60 -39 -40 -41 41 42 -44 97 -46 69 79 52 50 115 125 -53 -54 66 92 71 -58 58 -60 -61 -62 74 64 -65 65 -67 -68 -69 -70 70 -72 94 -74 -75 -76 90 -78 -79 104 85 82 91 84 113 -86 -87 87 -89 112 -91 -92 103 -94 -95 -96 -97 -98 -99 -100 101 -102 -103 -104 -105 105 -107 -108 108 109 -111 -112 -113 -114 -115 -116 116 -118 118 119 120 -122 -123 -124 -125 -126 -127
leaf_value=0.0041633748446935469 -0.022107181018467859 0.017898982900574529 0.014353045430948312 0.01497876209174131 0.040003134562762881 -0.13875082667323879 -0.0043745448895843569 -0.016209880266006168 0.0065220893593300033 -0.26403320061243496 0.044418317105265302 0.02483720467680289 0.016304208074533748 -0.12839680976550513 -0.098833819604652526 -0.011222486622311069 0.010871708722377549 -0.016064637015895493 -0.014423558382119206 0.034149403020256514 -0.031520238130458886 -0.011225052936669656 0.015165542663128508 -0.030310491753277911 -0.1596731766770435 0.0054299311868325692 -0.053906391163667043 -0.19460143942099351 0.0050807819149710914 0.0056509829974228723 -0.069773967350819352 -0.0065537663032682594 -0.1140406094212085 -0.050409254937181194 -0.036341993891466112 -0.029076575915177851 -0.0095180328958229619 -0.046657959441173701 -0.0056377415672108329 -0.26440311557660667 -0.03062185473726186 -0.025974492426869108 -0.19810269219965876 -0.10315341726429277 0.0060704361722975463 -0.023951934065471171 0.0070965756215922056 -0.042736350613887662 -0.00075441368642175256 -0.00315765291534425 -0.014926126739031676 -0.045805307719947952 -0.15083310319960697 0.011855153234257381 -0.020683347850665858 0.019556677173460255 0.0075421185744162077 -0.058312898654584229 -0.15628498135030572 -0.0073324120094541926 -0.037066745674458917 0.009575991460736932 -0.020383232402798546 0.0058134876916687353 -0.098471697723166399 -0.026758000714773241 -0.00090184014688098101 0.00012080695245846124 -0.0050164403186460475 -0.13170997279647151 -0.04301145166024329 -0.010904559369202422 -0.21131001853942871 0.0076360362481560015 -0.047670796873463969 -0.013477891329528341 -0.0056939177191215303 -0.02718020648049093 -0.081062097639511319 -0.0092731842316107309 0.019613593767230032 -0.023714264695594768 -0.011627731563355354 -0.004524263006487182 -0.04468781549340986 -0.00057286861775920266 -0.099640554077293608 0.0081821806045229897 -0.019331966677848585 -0.02765133725576677 0.0048549889871196223 -0.0016451271631798769 -0.0015895365154303775 -0.0881671860835848 0.016378581058915185 -0.020178242309844316 0.026506850835094083 -0.060716429566178946 -0.056909036244218433 0.0092129173935708505 -0.11226018529215998 -0.022965307965906463 -0.014361242598504268 -0.048461070227512094 -0.054839559232263475 0.0036320774795806986 0.0020893194247414153 -0.0054195645603905178 -0.033563431658896366 -0.013023285816097244 0.017908632233241246 -0.082392702599887346 -0.002628379766312426 -0.032165355394627795 0.010924447411116188 -0.01801605158808384 0.0019242048961266311 -0.017701652893280628 -0.18849030944434081 -0.044963428165750448 -0.0045765303895083341 -0.0052337675067182015 0.0053943968262603302 -0.0078501344618879011 -0.11744811106309458 -0.0046319663090083358
leaf_weight=19585 111 9092 320 13314 324 357 13109 9192 3363 379 2995 2239 566 217 200 343 6823 3927 10775 133 1108 294 10428 1882 228 433 134 142 154 791 405 5120 127 356 721 1070 1593 619 31665 176 5734 150 147 307 8758 2322 1576 323 2591 16258 5064 2214 102 4909 2391 1314 793 238 393 8492 2303 202 1965 8818 461 1148 19159 28277 4670 113 408 18493 134 16707 1378 2835 3711 1797 620 2883 1780 3034 398 11253 1264 10671 378 193 3312 1017 3445 242 3167 136 686 8746 523 2133 570 945 175 8563 10679 2050 1311 171 32117 3655 606 1438 130 319 3258 612 150 4780 13677 7137 109 1583 2030 6952 7993 962 545 19135
leaf_count=19585 111 9092 320 13314 324 357 13109 9192 3363 379 2995 2239 566 217 200 343 6823 3927 10775 133 1108 294 10428 1882 228 433 134 142 154 791 405 5120 127 356 721 1070 1593 619 31665 176 5734 150 147 307 8758 2322 1576 323 2591 16258 5064 2214 102 4909 2391 1314 793 238 393 8492 2303 202 1965 8818 461 1148 19159 28277 4670 113 408 18493 134 16707 1378 2835 3711 1797 620 2883 1780 3034 398 11253 1264 10671 378 193 3312 1017 3445 242 3167 136 686 8746 523 2133 570 945 175 8563 10679 2050 1311 171 32117 3655 606 1438 130 319 3258 612 150 4780 13677 7137 109 1583 2030 6952 7993 962 545 19135
internal_value=-0.00591831 -0.00548976 -0.127692 -0.00230983 -0.00348723 -0.00908036 -0.0173421 -0.0125704 -0.0164148 -0.18885 0.0166064 -0.000431763 -0.00696259 -0.00233969 -0.145601 -0.0729892 -0.00275291 -0.0161276 -0.0242379 -0.0390508 0.00504711 -0.011895 0.00486865 0.00232301 -0.170628 -0.0429193 -0.0668991 -0.0714938 -0.0654735 -0.0120025 -0.0322295 -0.0239307 -0.0268629 -0.0119641 -0.0255805 -0.0283619 -0.0395646 -0.0672 -0.00153611 -0.205838 -0.0232763 -0.0323161 -0.119068 -0.0548223 -0.00427879 -0.0130687 -0.0121147 -0.100964 -0.00504927 -0.00340346 -0.00985282 -0.022555 -0.0689727 0.00570791 0.00106587 -0.00846053 -0.0273847 -0.0479369 -0.0944546 -0.0115398 -0.0258079 -0.0212235 -0.0215553 0.0119626 -0.0325349 -0.0473533 0.00170506 0.0022109 -0.0101667 -0.0310292 -0.0624648 -0.00694694 -0.164596 0.00968718 -0.0403505 0.000581908 -0.0106868 -0.0119156 -0.0535339 -0.00992576 -0.0123461 -0.0232513 -0.00899764 -0.00261627 -0.0188887 -0.00488396 -0.0181588 -0.0632455 -0.0145573 -0.00834151 -0.00341647 -0.032184 -0.00984583 -0.0285753 -0.00992789 -0.0180508 -0.0031879 -0.0660959 -0.0379311 -0.0176408 -0.0490834 -0.0169079 -0.0124441 -0.0435209 -0.057579 -0.0480949 0.00246844 -0.0155178 -0.0134895 -0.025314 -0.0420385 -0.0504737 -0.0110337 -0.00595259 -0.0315866 -0.00715517 -0.00324934 -0.009271 -0.0148407 -0.0273291 -0.0224163 -0.0115504 0.0109375 -0.027352 -0.105006 -0.0067839
internal_weight=518998 517179 1819 356911 336006 118700 53325 160268 95095 1094 20905 217306 65173 65375 715 1125 151129 52200 17912 7137 24724 34288 66177 52863 604 1269 3210 3077 2935 40030 725 35337 28420 59758 28159 23727 7406 836 64106 404 16321 7129 297 3510 126405 56395 53552 782 117647 87626 30021 5822 425 42489 25143 28913 2140 1347 781 10374 3896 11117 10078 17910 3574 1609 24068 35100 5778 2843 521 26773 261 18946 1580 7594 4432 6917 2256 43474 29349 6902 22447 13645 8802 14125 3454 571 7538 3608 6280 5326 5558 6832 19179 9537 13632 2440 968 20656 469 20187 11624 2292 2102 1482 32441 6504 6148 2493 1055 925 6570 11865 388 52526 18457 34069 17811 3722 3613 14089 18421 6696 679 24199
internal_count=518998 517179 1819 356911 336006 118700 53325 160268 95095 1094 20905 217306 65173 65375 715 1125 151129 52200 17912 7137 24724 34288 66177 52863 604 1269 3210 3077 2935 40030 725 35337 28420 59758 28159 23727 7406 836 64106 404 16321 7129 297 3510 126405 56395 53552 782 117647 87626 30021 5822 425 42489 25143 28913 2140 1347 781 10374 3896 11117 10078 17910 3574 1609 24068 35100 5778 2843 521 26773 261 18946 1580 7594 4432 6917 2256 43474 29349 6902 22447 13645 8802 14125 3454 571 7538 3608 6280 5326 5558 6832 19179 9537 13632 2440 968 20656 469 20187 11624 2292 2102 1482 32441 6504 6148 2493 1055 925 6570 11865 388 52526 18457 34069 17811 3722 3613 14089 18421 6696 679 24199
cat_boundaries=0 2 4 6 7 9 10 12 14 16 18 20 21 23 25 26 28 29 30 31 32 33 35 37 39 40 41 42 43 44 46 48 50 52 54 55 57
cat_threshold=1076413481 2133 303038466 8196 84 2 6 2375290880 9384 131072 17449 2112 34603008 4 407251586 520 1075840033 2064 541131392 16640 159383552 92536832 40 8 2112 16385 42995712 8448 131584 2 6 1 8322 8454144 8192 0 17408 32768 4 33556480 6 557056 4 557056 0 16 1073741824 16 524288 64 2148532224 9216 2215706624 1440 587202560 138674178 520
is_linear=0
shrinkage=0.03


Tree=5
num_leaves=127
num_cat=32
split_feature=0 5 5 5 2 5 12 5 5 5 31 5 11 0 13 12 11 11 26 5 23 12 28 11 5 5 25 0 5 0 25 23 0 0 25 25 23 26 0 27 0 5 0 11 29 5 5 27 28 26 25 27 12 31 0 0 0 0 5 0 0 27 5 0 5 5 27 11 27 26 25 0 5 0 0 11 5 13 25 0 0 28 23 0 0 2 25 25 5 27 0 0 0 5 25 25 27 0 5 0 5 0 2 0 11 25 23 25 0 5 5 30 25 28 5 0 27 25 0 25 0 5 0 11 25 25
split_gain=31166 12128.2 10522.2 8201.97 6176.62 6799.94 3867.11 3821.61 3538.43 3180.31 2839.56 2686.24 2659.18 2145.32 2016.18 1978.28 3751.29 1946.78 2704.63 4276.86 1862.59 1796.84 1768.42 2626.56 1735.09 1680.75 1545.4 1485.92 1441.2 1335.49 2070.32 1969.39 1741.75 2666.11 1321.83 1281.04 1419.25 1277.85 1229.11 1170.7 1157.06 1113.28 1096.49 1674.97 1054.82 1000.93 994.86 1760.56 960.499 919.956 893.823 1364.95 892.475 844.882 842.334 805.598 771.714 760.685 824.246 1534.87 1570.87 2703.32 742.163 688.42 1219.89 817.341 2948.63 1312.24 772.083 759.843 662.878 666.416 657.907 646.369 1205.57 1069.11 790.897 709.098 664.909 596.326 865.782 1597.99 1531.84 1305.64 1102.8 862.318 857.164 616.415 569.133 622.684 558.016 546.891 543.406 537.131 535.393 839.29 583.473 529.207 526.002 795.084 2188.83 3960.35 677.622 772.386 672.144 517.963 594.056 511.524 503.861 500.445 485.925 464.171 463.832 459.891 457.195 479.032 455.556 450.83 1016.91 578.928 506.224 446.237 438.822 454.896 516.39 460.05
threshold=13030.000000000002 0 1 2 3 4 -0.21862536668777463 5 6 7 0.03126017842441798 8 0.24372619390487674 1715.0000000000002 14.500000000000002 -0.73284119367599476 0.24372619390487674 0.2603727281093598 0.35343860089778906 9 0.093464292585849776 -0.21862536668777463 0.13561000674963 0.24372619390487674 10 11 50.500000000000007 17950.000000000004 12 225.00000000000003 18.500000000000004 0.058227287605404861 325.00000000000006 950.00000000000011 59.500000000000007 49.000000000000007 0.1168753318488598 0.13882523775100711 90.000000000000014 0.15550526976585391 1940.0000000000002 13 1225.0000000000002 0.24372619390487674 0.040852611884474761 14 15 0.086274277418851866 0.099524557590484633 0.15386056900024417 16.500000000000004 0.098019190132617964 -0.23537842929363248 0.072578333318233504 325.00000000000006 155.00000000000003 90.000000000000014 325.00000000000006 16 950.00000000000011 615.00000000000011 0.092709075659513487 17 325.00000000000006 18 19 0.059944719076156623 0.65233618021011364 0.059944719076156623 0.068257521837949767 75.500000000000014 850.00000000000011 20 850.00000000000011 715.00000000000011 -0.12546116113662717 21 39.500000000000007 62.500000000000007 225.00000000000003 325.00000000000006 0.10057403892278673 0.081555202603340163 1225.0000000000002 1560.0000000000002 22 77.500000000000014 113.00000000000001 23 0.056865874677896507 61.500000000000007 1225.0000000000002 1280.0000000000002 24 57.500000000000007 88.500000000000014 0.095947422087192549 90.000000000000014 25 325.00000000000006 26 950.00000000000011 27 325.00000000000006 -0.9193688929080962 38.500000000000007 0.058227287605404861 115.50000000000001 155.00000000000003 28 29 0.10479542613029481 46.500000000000007 0.14937221258878711 30 45.000000000000007 0.058846931904554374 10.500000000000002 155.00000000000003 77.500000000000014 55.000000000000007 31 1560.0000000000002 0.79383251070976268 19.500000000000004 64.500000000000014
decision_type=2 9 9 9 9 9 2 9 9 9 10 9 2 2 2 2 2 2 8 9 8 2 8 2 9 9 2 2 9 2 2 10 2 2 2 2 10 10 2 2 2 9 2 2 8 9 9 2 8 10 2 2 2 10 2 2 2 2 9 2 2 2 9 2 9 9 2 2 2 10 2 2 9 2 2 2 9 2 2 2 2 8 8 2 2 9 2 2 9 2 2 2 2 9 2 2 2 2 9 2 9 2 9 2 2 2 8 2 2 9 9 10 2 10 9 2 2 2 2 2 2 9 2 2 2 2
left_child=1 6 7 10 11 13 12 20 14 35 56 22 24 41 -7 16 62 21 -19 -20 -2 92 -5 52 -1 -14 -22 -4 40 31 32 34 -31 50 -11 57 49 63 -21 -28 -15 97 -16 -44 -40 -18 47 -25 -46 79 51 -34 110 94 -55 -36 114 90 91 60 -60 -62 -13 64 -17 66 -65 -68 -66 -69 -27 -72 -54 74 76 -76 -67 -78 -75 88 81 -81 83 -82 -85 87 109 -84 -37 -90 -8 -59 -10 -70 -32 96 -96 -6 99 108 -101 104 103 -100 -102 -92 -107 -97 -26 -83 -24 -12 -79 -43 -3 -116 -112 118 -23 120 -119 -47 123 -50 -125 -126
right_child=2 3 27 4 5 8 9 -9 17 29 111 15 25 28 42 37 45 18 19 38 26 117 23 46 98 70 39 -29 -30 30 53 -33 33 -35 55 36 -38 -39 44 -41 -42 113 43 -45 48 121 -48 -49 122 -51 -52 -53 72 54 -56 -57 -58 58 59 -61 61 -63 -64 65 68 73 67 69 93 -71 71 -73 -74 78 75 -77 77 112 -80 80 82 86 85 84 -86 -87 -88 -89 89 -91 105 -93 -94 -95 95 107 -98 -99 102 100 101 -103 -104 -105 -106 106 -108 -109 -110 -111 116 -113 -114 -115 115 -117 -118 119 -120 -121 -122 -123 -124 124 125 -127
leaf_value=0.0069679756034531073 -0.031219510215899495 0.029160823768239148 0.01281010398561401 0.014287587742710885 0.039305360723445246 -0.021460896836691383 -0.048383118729635403 -0.26141985791721978 -0.0046363745660378628 -0.017208344714713598 0.028453198977508216 0.017102745748688652 -0.00025414467712756039 -0.12622075889916981 -0.14042818647779456 0.00066713523200911669 -0.031218884749532137 -0.013958149989263764 -0.014291800725732062 -0.11419540160438502 -0.0912676902739879 -0.01419036815948857 0.01473494456865259 0.0048662556508586169 -0.022968120475266897 -0.019111165168616835 -0.14774977659907082 -0.073694873311543369 0.0055869059812643429 -0.021217519809662234 -0.0028423802067953628 -0.10691086803922557 -0.027286680689574599 -0.0071734018118761005 -0.026336102396593914 0.0065950405310740449 -0.025679131477528622 0.0063332988002389448 0.031164049608860069 -0.24967678027287604 -0.044043579566984431 -0.0047820574210778741 -0.0057916116985143162 -0.14299581170082093 -0.14703140247090954 0.010742917495052495 -0.008228556870731929 -0.069935625523241896 -0.050818796599394991 0.0045623791621093018 -0.13409801511650896 -0.13887066262006689 0.011394637127121054 -0.05815396625665898 -0.020934988647449249 -0.04823076524407284 0.013838977333660622 0.006055548392157847 -0.033219343938143277 0.012510213292996678 -0.20670378674077625 -0.052504731563009804 0.0061998324641690892 0.0088110701080198889 -0.012077359204962947 0.011963103973485465 -0.011035889218859656 -0.047184574290435467 -0.0032714298403064544 -0.016871785531375923 0.0099870024381238688 -0.047304768476963785 -0.00082529585826627725 -0.0056080170889841827 -0.021660177127632775 -0.14467247629428612 -0.0020781813848325024 -3.5644300691677578e-05 0.004610567668483564 0.0057175342975558261 -0.003949658325995857 0.012090643311205363 -0.011501360957116076 -0.10727696848882771 -0.0034752751386165617 -0.0031744657479180127 -0.041047796970766402 -0.034420174847938315 0.011042634616089769 -0.020411558702281122 -0.0051965379127409663 -0.042610351210290734 0.025554005759380136 -0.037433059361226713 -0.024279435208859567 0.0083052096050342406 -0.0097311897134079121 0.001898143463417242 -0.0056078304195527669 -0.011952315456972474 -0.066554981643954902 0.033003570365494693 -0.0070071686739959218 0.015863082878052673 -0.1561681314574106 -0.090439200669527056 -0.020483552527314718 -0.012352570132994118 0.016321489988056753 -0.021978590165136373 -0.015733583155535982 0.052873635048037347 -0.014060835902152267 -0.021479057496205725 0.033626052035293001 -0.015808421752698348 0.0073594963263375838 0.01023828693904685 -0.10834100920942766 -0.021024307821618921 -0.013238362378155708 -0.0098621108315576998 -0.012263265417516232 -0.029727901607074517 -0.12477583335460844 -0.070977778548676082
leaf_weight=13129 121 291 314 13763 343 464 378 407 13982 4618 1158 8594 4448 203 342 5979 1910 10311 3533 352 203 299 10332 493 397 10970 240 413 409 1359 3178 302 254 399 2736 3691 4554 9178 122 185 641 30021 191 137 106 1084 8708 664 2043 4625 397 161 4975 791 1778 3395 15871 850 3173 537 130 473 16328 6658 10280 2443 17606 1542 535 1441 210 1390 19367 8498 170 101 19360 2677 17595 1720 341 436 9745 358 124 17036 2387 1184 793 1977 3946 274 557 2031 9184 1580 3402 32333 3130 5050 107 202 16572 2908 273 119 1237 3396 1121 3304 862 1790 10239 1561 196 1692 7047 929 157 11396 7453 7075 199 164 221 424
leaf_count=13129 121 291 314 13763 343 464 378 407 13982 4618 1158 8594 4448 203 342 5979 1910 10311 3533 352 203 299 10332 493 397 10970 240 413 409 1359 3178 302 254 399 2736 3691 4554 9178 122 185 641 30021 191 137 106 1084 8708 664 2043 4625 397 161 4975 791 1778 3395 15871 850 3173 537 130 473 16328 6658 10280 2443 17606 1542 535 1441 210 1390 19367 8498 170 101 19360 2677 17595 1720 341 436 9745 358 124 17036 2387 1184 793 1977 3946 274 557 2031 9184 1580 3402 32333 3130 5050 107 202 16572 2908 273 119 1237 3396 1121 3304 862 1790 10239 1561 196 1692 7047 929 157 11396 7453 7075 199 164 221 424
internal_value=-0.00571091 -0.00526762 -0.127507 -0.00219282 -0.00332836 -0.00882647 -0.0121257 -0.183161 -0.0167738 -0.015728 0.0159928 -0.000323083 -0.00609511 -0.00234883 -0.0689883 -0.00252822 0.00372592 -0.0156262 -0.023798 -0.0379564 -0.137467 -0.0115235 0.0047163 0.00220535 -0.00211356 -0.0161288 -0.160042 -0.0358733 -0.0412109 -0.022728 -0.0190047 -0.0314652 -0.0445552 -0.0707059 -0.0293357 -0.0116443 -0.00967909 -0.00440959 -0.0607653 -0.1926 -0.0631871 -0.00159077 -0.10285 -0.0633599 -0.0551818 -0.011727 -0.0117421 -0.0377596 -0.0585274 -0.0081517 -0.101877 -0.0708057 0.0054367 -0.0161858 -0.032413 -0.038466 0.0115406 -0.0208938 -0.0289146 -0.0348458 -0.0416742 -0.0860355 0.00996943 -0.00532979 -0.0105384 -0.00421962 -0.00853954 -0.0141546 -0.0157418 -0.0325519 -0.0217282 -0.0397837 0.00167691 -0.00229077 -0.00495605 -0.0678694 -0.00446304 -0.00570862 0.00128248 -0.00951623 -0.0109982 -0.0198314 -0.00858984 -0.0489049 -0.0806353 -0.00740168 -0.0270034 -0.0139744 -0.00111287 -0.0113651 -0.0132123 -0.00578377 -0.00347808 -0.0304731 -0.0141743 -0.0162246 -0.0203481 0.0022913 -0.00612038 -0.0132101 -0.0184216 -0.0729819 -0.00387305 0.004726 -0.131176 -0.0106962 -0.0266849 -0.00579288 0.00603779 -0.0180311 0.0104536 0.043294 -0.0111542 -0.00560622 -0.00519851 -0.0106052 0.0048348 -0.017304 -0.0467724 -0.0166222 -0.0106355 -0.00711376 -0.0554054 -0.0584103 -0.0774949 -0.0895755
internal_weight=519538 517655 1883 357426 336428 118893 160229 1156 53382 100322 20998 217535 59907 65511 1134 151324 34991 52248 17475 7164 749 34773 66211 52448 42889 17018 628 727 1253 36930 25879 11051 2570 1211 10749 63392 52275 116333 3631 425 844 64258 670 328 3279 10069 9865 1157 3157 47721 812 415 42583 23309 2569 6131 18050 11117 5437 4313 3776 603 24922 107155 18825 88330 27247 20589 12846 2983 12570 1600 24342 61083 34990 271 34719 32276 26093 43096 36635 7847 28788 823 482 27965 6127 10929 6461 2770 5680 1124 14539 2566 20740 17562 12586 32676 29760 7150 5632 582 22610 6038 380 5302 1356 4976 1518 3740 18241 2948 12916 31582 2179 1888 7909 20234 456 19778 8382 8159 3051 2852 809 645
internal_count=519538 517655 1883 357426 336428 118893 160229 1156 53382 100322 20998 217535 59907 65511 1134 151324 34991 52248 17475 7164 749 34773 66211 52448 42889 17018 628 727 1253 36930 25879 11051 2570 1211 10749 63392 52275 116333 3631 425 844 64258 670 328 3279 10069 9865 1157 3157 47721 812 415 42583 23309 2569 6131 18050 11117 5437 4313 3776 603 24922 107155 18825 88330 27247 20589 12846 2983 12570 1600 24342 61083 34990 271 34719 32276 26093 43096 36635 7847 28788 823 482 27965 6127 10929 6461 2770 5680 1124 14539 2566 20740 17562 12586 32676 29760 7150 5632 582 22610 6038 380 5302 1356 4976 1518 3740 18241 2948 12916 31582 2179 1888 7909 20234 456 19778 8382 8159 3051 2852 809 645
cat_boundaries=0 2 4 6 7 9 11 12 14 16 18 20 22 23 25 27 28 29 31 33 35 36 37 38 40 42 44 46 47 48 50 52 54
cat_threshold=1076413481 2133 303038466 8196 84 2 6 2375290880 9384 34603008 4 131072 1076396032 21 407251586 520 536937088 16640 1073742880 2064 2622497 2112 159383552 92536832 40 8454144 8192 268566528 1073741824 2164326400 25600 67108864 1184 110100480 9216 8322 2147549184 4 2097152 1 65536 4096 540672 64 16384 64 2 557056 138674178 520 16 2 0 16384
is_linear=0
shrinkage=0.03


Tree=6
num_leaves=127
num_cat=18
split_feature=0 21 13 12 4 25 4 0 23 30 12 25 26 2 0 25 25 3 27 2 22 22 0 23 27 0 4 0 4 30 25 25 31 26 0 25 2 27 25 4 0 27 25 25 0 2 0 13 4 3 25 23 27 0 0 32 0 0 2 0 12 22 0 30 32 26 32 25 25 0 22 24 0 4 0 26 4 25 25 0 23 12 22 31 27 25 0 0 0 26 23 26 31 0 25 4 0 25 25 25 25 23 22 0 27 0 26 22 30 23 25 0 0 25 3 25 27 23 0 25 25 27 25 25 4 25
split_gain=28393.6 4370.52 8903.02 12628.6 5145.95 4317.91 3627.06 3774.67 2960.35 2510.4 2407.73 1873.33 1541.71 1467.47 1355.19 1323.52 1249.62 1184.26 1172.87 1171.06 1143.84 1127.06 1960.71 1114.63 1082.89 1077.38 1075.92 1316.35 913.378 888.503 870.447 1244.55 869.264 1027.2 1630.56 919.29 851.58 836.039 1611.04 1438.97 834.062 814.849 914.641 776.636 757.365 738.556 708.217 706.321 674.962 645.075 616.509 615.436 595.727 582.94 579.773 568.675 566.979 692.566 550.532 536.027 526.58 516.903 516.674 513.731 522.84 686.888 485.069 472.701 464.364 445.134 438.777 429.553 427.637 413.067 434.421 402.978 396.463 1960.07 1273.8 529.18 392.361 390.382 389.965 387.965 489.5 729.927 561.949 477.278 4467.44 578.725 1066.79 411.067 387.547 377.449 374.4 908.185 690.306 1025.58 3612.99 365.381 647.658 359.144 358.948 389.473 351.029 348.491 341.611 346.043 337.498 336.821 336.341 468.245 333.41 405.932 332.517 352.052 433.272 329.275 487.646 327.987 399.689 398.154 364.76 401.848 370.88 518.41
threshold=13030.000000000002 0.084427561610937132 24.500000000000004 -0.26867066323757166 0 7.5000000000000009 1 19050.000000000004 0.064333807677030577 0.092384941875934615 -0.16799793392419812 29.500000000000004 0.14566303044557574 2 180.00000000000003 50.500000000000007 77.500000000000014 3 0.15550526976585391 4 0.053342131897807128 -1.4639971256256101 1560.0000000000002 0.038110742345452316 0.16058247536420825 1715.0000000000002 5 425.00000000000006 6 0.13269115239381793 24.500000000000004 29.500000000000004 0.07221452891826631 0.052869306877255447 325.00000000000006 81.500000000000014 7 0.060448419302701957 68.500000000000014 8 1940.0000000000002 0.059944719076156623 69.500000000000014 107.50000000000001 17950.000000000004 9 180.00000000000003 25.500000000000004 10 11 26.500000000000004 0.058227287605404861 0.058047603815793998 325.00000000000006 27950.000000000004 0.1994869261980057 1225.0000000000002 1560.0000000000002 12 1255.0000000000002 0.80798786878585827 0.17266365140676501 225.00000000000003 0.065987627953290953 0.13945193588733676 0.0068774346727877864 0.27253690361976629 15.500000000000002 90.500000000000014 155.00000000000003 -2.3023446202278133 1.0001916289329531 850.00000000000011 13 155.00000000000003 0.19185426831245425 14 38.500000000000007 18.500000000000004 1225.0000000000002 0.10648350790143014 -0.048362832516431802 -0.21072954684495923 0.09356460347771646 0.08212983608245851 123.00000000000001 950.00000000000011 950.00000000000011 715.00000000000011 0.12242787331342699 0.12977331131696704 0.13882523775100711 0.053398370742797859 950.00000000000011 31.500000000000004 15 325.00000000000006 16.500000000000004 14.500000000000002 15.500000000000002 16.500000000000004 0.12977331131696704 0.20159854739904406 950.00000000000011 0.058047603815793998 615.00000000000011 0.11405843496322633 -0.69672247767448414 0.10479542613029481 0.06534933298826219 114.50000000000001 325.00000000000006 325.00000000000006 60.500000000000007 16 83.500000000000014 0.051913643255829818 0.054210091009736068 155.00000000000003 25.500000000000004 30.500000000000004 0.095947422087192549 37.500000000000007 52.500000000000007 17 69.500000000000014
decision_type=2 8 2 2 9 2 9 2 8 10 2 2 10 9 2 2 2 1 2 9 8 10 2 10 2 2 9 2 9 10 2 2 10 8 2 2 9 2 2 9 2 2 2 2 2 9 2 2 9 1 2 10 2 2 2 10 2 2 9 2 2 10 2 10 10 10 10 2 2 2 10 2 2 9 2 10 9 2 2 2 10 2 10 10 2 2 2 2 2 10 10 10 8 2 2 9 2 2 2 2 2 10 10 2 2 2 10 10 10 10 2 2 2 2 1 2 2 10 2 2 2 2 2 2 9 2
left_child=1 4 10 25 12 -2 44 -8 -9 23 13 -10 108 53 28 54 37 26 43 49 50 22 70 82 45 36 32 29 30 55 -5 71 104 34 35 -34 41 38 67 -40 -27 42 52 -17 -7 72 -22 -38 -16 -11 -19 75 112 -3 -13 -28 117 -58 63 68 114 -60 -37 -25 -65 -66 83 73 -49 -41 -21 -32 -18 -15 -75 -14 77 78 -39 -80 -36 -30 -6 84 85 92 -87 88 -86 -89 91 -91 -29 -70 95 96 -54 98 -98 -62 -101 -53 -94 -104 -12 -51 107 -23 -1 -109 -57 -112 113 -4 -50 -116 -117 118 -52 -78 121 -121 -122 -124 -125 -126
right_child=5 2 3 14 9 6 7 8 11 19 17 15 51 16 48 18 24 20 -20 21 46 106 -24 58 -26 40 27 66 81 -31 31 -33 33 -35 80 62 47 76 39 69 -42 -43 -44 -45 -46 -47 -48 59 60 105 56 101 94 -55 -56 110 57 -59 61 -61 99 -63 -64 64 65 -67 -68 -69 93 -71 -72 -73 -74 74 -76 -77 119 -79 79 -81 -82 -83 -84 -85 87 86 -88 89 -90 90 -92 -93 102 -95 -96 -97 97 -99 -100 100 -102 -103 103 -105 -106 -107 -108 109 -110 -111 111 -113 -114 -115 115 116 -118 -119 -120 120 122 -123 123 124 125 -127
leaf_value=0.029829948045544206 0.024985536079933274 -0.016324090338223792 -0.0021829795335355658 0.024300387469057248 -0.027429070977504615 -0.0012690439175527827 -0.26296745728701354 0.0034787389057874679 -0.24977400037105388 0.0044860085114266646 -0.011745299714532868 -0.12209167310386707 0.01545854430418484 -0.067913670287875635 -0.010257222630411036 -0.087521479822813525 -0.078130553001628342 -0.087033789993033975 -0.22439717762294362 0.032828823438756267 -0.027815654420779809 0.012832165503377835 -0.12963472956346889 0.0099062371396180307 -0.0022134192794429496 -0.10200852714822842 0.010353895855600729 -0.032676385245953767 -0.0056972464498830956 0.02230501080357122 -0.039089260547491851 0.0078665119717037917 -0.026982542298205743 -0.00990509323209607 -0.0036954030766724703 -0.10179308236172345 -0.0069372472497688459 -0.023888033947074099 -0.015833663993538562 -0.12406105981696219 -0.01805429747822633 -0.0018117659318738412 0.020023115308219833 -0.17935271626943117 -0.089436262692555335 -0.12248704455619634 0.0015384701041559546 0.0029141422249771031 -0.0091459553229164877 0.010545683582165066 -0.028893854095364113 0.021611082995605588 0.006450398555515136 -0.0047469042597274675 -0.037417537085443944 -0.0038590943148486463 -0.073651982839632951 -0.0046833837320631802 -0.0091454531121729198 0.020064052314628638 0.012567678001717491 0.012172624748512174 -0.05582841766360238 0.016390713686950515 -0.065147602479018851 -0.0088086958042671391 -0.024231129427628922 -0.019761641328823295 -0.026036008499986392 -0.070637519072839855 -0.023030129420585101 -0.11624660687064224 -0.039556482668955277 -0.003793771165557242 -0.05106022750902043 -0.045319872090527284 -0.0061729064971949082 -0.0091021398730970499 -0.074940076909367923 -0.14876279609070883 -0.024942537762701743 -0.016502101126951288 -0.0094307695516456427 -0.015198791892597624 -0.0042479863567646912 0.0052788127865642303 -0.044540190024449436 0.0039166739469098715 -0.16766959125796954 -0.023902601559304334 -0.057607760470319576 -0.0019456980543335325 -0.0029426004118525834 -0.0029944873906257324 0.012494653416246627 0.011755791156698643 0.015600606129533408 -0.002177781725285708 -0.1447444963119924 -0.048630698772637468 -0.003205607364626733 -0.010385166865009336 -0.061883018902375318 0.0071641404685264419 -0.0030915398956789532 0.023391783435179295 0.0039771828553895163 -0.012148296262013837 0.051235269300624622 0.011380404768771984 -0.060384261760408647 -0.0020948260203480333 0.0058770375677169402 -0.029435909882437647 -0.0059351631090803726 -0.025775388304970726 0.011209113654721284 -0.027468577959258153 0.0072045638636965038 0.0085546710707852611 -0.0040447810612965849 -0.05099304850492626 -0.0233521464246687 -0.017740510879276233 -0.013282151500500158 0.01158694728804174
leaf_weight=1056 163 7135 3370 1051 3088 155 255 124 150 14561 11539 156 165 355 51380 188 308 153 182 145 1015 767 154 3518 518 129 2869 508 3364 2087 172 613 826 5022 1363 310 7371 512 336 251 593 7473 5759 153 201 118 2720 81777 41507 5630 645 3174 903 8673 138 3738 438 187 15340 1576 1307 1096 779 441 256 806 1543 5877 786 332 954 105 1641 340 360 240 2890 1977 499 107 1836 28668 1671 4383 2131 260 938 8915 161 884 363 5776 4446 3424 13615 4001 267 594 239 284 32103 350 196 117 6651 2871 7915 3984 1807 634 238 258 4355 575 15380 328 2136 3601 703 124 2007 539 6780 8422 2733 1041
leaf_count=1056 163 7135 3370 1051 3088 155 255 124 150 14561 11539 156 165 355 51380 188 308 153 182 145 1015 767 154 3518 518 129 2869 508 3364 2087 172 613 826 5022 1363 310 7371 512 336 251 593 7473 5759 153 201 118 2720 81777 41507 5630 645 3174 903 8673 138 3738 438 187 15340 1576 1307 1096 779 441 256 806 1543 5877 786 332 954 105 1641 340 360 240 2890 1977 499 107 1836 28668 1671 4383 2131 260 938 8915 161 884 363 5776 4446 3424 13615 4001 267 594 239 284 32103 350 196 117 6651 2871 7915 3984 1807 634 238 258 4355 575 15380 328 2136 3601 703 124 2007 539 6780 8422 2733 1041
internal_value=-0.0055674 -0.00514602 -0.00624248 -0.00350709 0.00178886 -0.122381 -0.136501 -0.159018 -0.134503 -0.000852885 -0.0128004 -0.152182 0.0266123 -0.0176728 -0.00876555 -0.13398 -0.0208645 -0.00941745 -0.162646 0.00411392 -0.0193624 -0.00255013 -0.0297402 -0.00797919 -0.0410068 0.00335003 -0.00803615 -0.00485607 -0.0141567 0.00510119 0.00582362 -0.0159984 -0.0125053 -0.0195454 -0.0290085 -0.0508969 0.00354405 -0.0194018 -0.0280418 -0.0653496 -0.0331748 0.0071481 0.00913837 -0.129128 -0.0511599 -0.0507229 -0.00644393 0.00198079 -0.0074973 0.00831661 -0.0277849 0.0144056 0.00689248 -0.00996671 -0.0826082 4.39371e-05 -0.0261433 -0.053057 -0.00506542 0.0027318 -0.00597317 -0.00771855 -0.0689943 0.00362742 -0.0110418 -0.022438 -0.00784452 -0.0230871 0.0024139 -0.0938111 -0.0156371 -0.0686496 -0.0454562 -0.0415755 -0.0281404 -0.0205812 -0.0169459 -0.0270656 -0.0587944 -0.0881984 -0.0158937 -0.0153676 -0.0211127 -0.00697417 -0.00551387 -0.0126058 -0.0337327 -0.00299827 -0.0157955 -0.00115705 -0.00759728 -0.00486325 -0.00779491 -0.00730146 0.00974269 0.00350114 -0.0129852 -0.0289314 -0.0602716 -0.00297771 -0.00360543 0.0184312 -0.00513263 -0.0361324 -0.00858148 0.0148864 1.1584e-05 -0.0058168 0.0433532 -0.0089163 -0.00694299 -0.0301296 0.000154977 -0.00616166 -0.00767363 -0.00424853 0.00627739 -0.0227344 -0.0100767 -0.0156683 -0.0169357 -0.0398598 -0.0162095 -0.0174959 -0.0142386 -0.00642114
internal_weight=519167 517302 446679 315205 70623 1865 1702 1346 1091 63831 131474 967 6792 53875 178398 817 38067 77599 523 37615 9462 14553 1253 26216 2585 136807 68137 39811 33973 9190 1941 890 28326 10136 5114 1915 136085 35482 7851 919 722 41151 33678 341 356 2067 3735 94934 144425 23062 5727 3929 27919 15808 294 7103 5574 625 21457 87563 93045 16436 1089 5021 1503 1062 30621 6932 85987 583 1099 277 1949 1055 700 405 27631 3095 1118 606 3199 32032 4759 29078 24695 6465 1198 18230 2292 15938 7023 6660 5267 4210 19619 6004 2003 1100 506 33694 32387 3524 4759 313 18190 8501 13300 5385 2863 4618 4234 496 8300 3945 59351 17844 2464 4949 1348 24536 21646 663 20983 18976 12196 3774
internal_count=519167 517302 446679 315205 70623 1865 1702 1346 1091 63831 131474 967 6792 53875 178398 817 38067 77599 523 37615 9462 14553 1253 26216 2585 136807 68137 39811 33973 9190 1941 890 28326 10136 5114 1915 136085 35482 7851 919 722 41151 33678 341 356 2067 3735 94934 144425 23062 5727 3929 27919 15808 294 7103 5574 625 21457 87563 93045 16436 1089 5021 1503 1062 30621 6932 85987 583 1099 277 1949 1055 700 405 27631 3095 1118 606 3199 32032 4759 29078 24695 6465 1198 18230 2292 15938 7023 6660 5267 4210 19619 6004 2003 1100 506 33694 32387 3524 4759 313 18190 8501 13300 5385 2863 4618 4234 496 8300 3945 59351 17844 2464 4949 1348 24536 21646 663 20983 18976 12196 3774
cat_boundaries=0 1 2 3 4 5 6 7 8 9 10 11 12 13 14 15 16 17 18
cat_threshold=2 1 2 2 6 1 2 2 1 12 1 2 4 2 2 1 2 4
is_linear=0
shrinkage=0.03


Tree=7
num_leaves=127
num_cat=45
split_feature=0 5 5 5 2 5 5 12 5 5 5 5 31 0 21 11 0 28 11 12 0 11 26 5 12 11 31 11 5 26 27 5 11 12 27 5 0 0 11 12 5 0 22 0 0 5 22 26 5 5 12 28 20 3 0 22 0 5 0 11 11 31 0 11 5 0 0 5 11 0 27 0 0 5 27 0 5 0 5 11 5 2 0 0 32 5 0 5 5 30 21 5 5 2 0 26 0 27 13 5 5 27 21 5 30 5 5 0 5 5 0 27 21 21 5 0 0 5 5 27 22 5 27 12 5 24
split_gain=26222.2 11175.1 9334.7 7488.62 5630.48 6155.36 3589.25 3339.09 3130.89 3045.51 2583.22 2516.54 2396.89 2365.07 1915.7 1819.48 1688.82 1675.9 1721.11 1671.41 1641.54 1580.53 2194.55 3809.06 1794.11 1463.32 1418.19 1330.48 1225.89 1218.06 1075.79 1243.05 1022.64 1726.11 1239.63 1940.49 982.016 981.652 1640 969.253 926.218 923.662 923.54 1047.39 4764.27 892.701 957.272 1018.22 863.489 785.31 783.24 749.438 721.392 713.403 747.497 716.94 797.818 2375.4 722.624 795.826 711.805 668.952 660.486 659.91 659.827 774.793 1048.86 4471.17 741.533 689.323 658.438 656.366 635.855 1238.22 2068.86 2282.72 939.342 861.031 630.487 622.427 611.354 603.567 638.106 1614.52 1108.52 602.161 598.558 597.076 588.107 557.026 521.954 512.186 501.462 492.927 736.144 475.138 469.168 459.647 570.904 455.907 454.097 454.069 446.548 440.996 438.743 430.467 429.016 428.029 423.489 422.494 419.144 417.82 417.309 415.394 414.737 447.942 402.438 827.937 553.022 402.05 398.635 395.675 445.403 395.6 394.924 393.269
threshold=13030.000000000002 0 1 2 3 4 5 -0.065537083894014345 6 7 8 9 0.029832490719854835 1715.0000000000002 0.042858690023422248 0.79383251070976268 225.00000000000003 0.12542224675416949 0.24372619390487674 -0.87397405505180348 1940.0000000000002 0.24372619390487674 0.35343860089778906 10 -0.31800055503845209 0.24372619390487674 0.075905904173851027 0.24372619390487674 11 0.13882523775100711 0.055219287052750594 12 0.48314048349857336 -0.41399101912975306 0.086274277418851866 13 90.000000000000014 1225.0000000000002 0.24372619390487674 -0.42958799004554743 14 155.00000000000003 0.20459871739149096 950.00000000000011 850.00000000000011 15 -0.049133053049445145 0.24214403331279757 16 17 0.92191100120544445 0.14626699686050418 39.500000000000007 18 325.00000000000006 -0.41456173360347742 325.00000000000006 19 615.00000000000011 -0.5917624533176421 0.35846313834190374 0.075905904173851027 155.00000000000003 -0.85671821236610401 20 1225.0000000000002 325.00000000000006 21 -0.90529522299766529 155.00000000000003 0.051913643255829818 90.000000000000014 850.00000000000011 22 0.092709075659513487 615.00000000000011 23 325.00000000000006 24 -0.4218058288097381 25 26 325.00000000000006 850.00000000000011 0.23673103004693988 27 1280.0000000000002 28 29 0.10731760039925577 0.11373248696327211 30 31 32 325.00000000000006 0.14881563186645511 90.000000000000014 0.1575826704502106 31.500000000000004 33 34 0.089248880743980422 0.064643450081348433 35 0.085353039205074324 36 37 1560.0000000000002 38 39 1560.0000000000002 0.059944719076156623 0.12412916123867036 0.11373248696327211 40 45.000000000000007 325.00000000000006 41 42 0.089248880743980422 -0.36799480020999903 43 0.058846931904554374 0.65071284770965587 44 1.002020061016083
decision_type=2 9 9 9 9 9 9 2 9 9 9 9 10 2 10 2 2 8 2 2 2 2 8 9 2 2 10 2 9 10 2 9 2 2 2 9 2 2 2 2 9 2 10 2 2 9 8 10 9 9 2 10 2 1 2 8 2 9 2 2 2 10 2 2 9 2 2 9 2 2 2 2 2 9 2 2 9 2 9 2 9 9 2 2 8 9 2 9 9 10 10 9 9 9 2 10 2 2 2 9 9 2 8 9 10 9 9 2 9 9 2 2 10 10 9 2 2 9 9 2 10 9 2 2 9 2
left_child=1 7 9 12 11 13 14 10 16 15 60 17 71 48 37 63 26 100 39 25 125 24 88 -24 86 87 41 64 123 32 31 -10 33 91 116 -36 -25 -7 -39 121 -20 92 43 44 53 81 47 101 96 -41 72 62 -38 54 61 -55 -57 70 59 -59 -1 -18 -50 -2 93 66 69 -68 -69 -66 90 114 73 74 77 -76 -74 111 -22 -46 -27 82 -32 -84 95 -29 109 -13 112 -48 -58 -21 -9 94 -12 -85 -6 98 -65 -30 -5 120 -33 -64 -61 -62 -43 -87 -37 -8 -53 -35 -23 -45 -3 -116 117 -34 -118 -115 -47 -19 -123 -4 -77 -15
right_child=2 3 28 4 5 6 21 8 30 -11 27 19 -14 20 -16 -17 42 18 40 29 78 22 23 36 -26 80 -28 85 99 -31 45 102 34 50 35 108 52 38 -40 49 -42 106 -44 113 79 46 89 -49 51 -51 -52 110 -54 55 -56 56 57 58 -60 104 105 -63 103 97 65 -67 67 68 -70 -71 -72 -73 76 -75 75 124 -78 -79 -80 -81 -82 -83 83 84 -86 107 -88 -89 -90 -91 -92 -93 -94 -95 -96 -97 -98 -99 -100 -101 -102 -103 -104 -105 -106 -107 -108 -109 -110 -111 -112 -113 -114 119 115 -117 118 -119 -120 -121 -122 122 -124 -125 -126 -127
leaf_value=0.003857795304843955 -0.19840771530401261 0.027461184606521943 -0.035258166047191265 0.019652563056312917 0.038223745134988656 -0.1353837812253407 -0.020412793665129943 0.0031937236471597263 0.01871770799700926 -0.24289131348837104 -0.0075652545305367165 0.023157785266270364 0.040194371242766952 -0.075248767050829793 -0.02161017680327007 -0.013166204149670461 -0.021569680089419403 0.014171021939257138 -0.024819441938315985 0.013203516525257373 -0.0093865195069923052 0.0051263196005833494 -0.014878510424448287 -0.11613187949868696 -0.016051706629775672 0.0015272872194742825 -0.098634367462903549 0.0052750152860717289 -0.038716137212641694 0.0074066334932178781 -0.035344559703678578 0.0025286806449486719 -0.03908714859377907 -0.016527596863497491 -0.046223236042802623 0.016849478671412454 -0.11193612757034399 -0.0046549018183232923 -0.13803164921096853 0.011452197693327207 -0.0037816132360048208 -0.015075453241590724 -0.0043357076467532675 -0.0057432875991599609 -0.10467322159558534 -0.085755856649010587 -0.016910228658743344 0.035153318249262294 -0.011662505840531356 -0.00087468110473319942 -0.00081605286164118088 -0.030595398645731946 -0.049349666256156957 -0.001818887666374811 -0.011655542610158748 -0.018712702608440518 -0.075690786606811597 0.00027315544019831288 -0.14349337531491205 -0.073888205932787138 -0.018091769102669613 -0.05364098141041309 0.016947444882926817 -0.20262092195059123 -0.029239206677609073 0.012083650529388264 -0.015863511249596455 -0.070726776991849358 -0.14427300960578643 0.014002834019443855 -0.020931485456494845 0.013311370057909732 -0.015487683666715442 -0.0067743301113304356 -0.18351457391466414 -0.020127973635180218 0.0016542407849944626 -0.0021385956514911298 -0.061043610159457647 -0.19885845040547029 -0.018582097438888188 -0.0038830128977867815 0.0072462109091357392 -0.002885159592387145 -0.012768673632689135 -0.022985520448002707 0.026529639791823014 0.0067576367981062721 -0.016046138342223265 -0.0005429696706821419 -0.02869223717067923 0.0018231401713477242 -0.026125486348096947 -0.0073574469282723749 0.016463650064408853 -0.049801075733491275 0.001996680693398506 -0.073051978213694496 -0.1196802208739884 0.027843977924834978 0.0083460145904625683 -0.058860322794104955 -0.0099588464972528434 -0.0019470806017642945 -0.14668050218095008 -0.0011385064770161335 -0.045109534074885417 0.011970032719573672 -0.013485392079627978 -0.0021545914398997481 0.012464330797020086 -0.051555056120260297 -0.056304243155888146 -0.038106939377795128 0.032723736295747999 -0.014937891093187669 -0.01157184620155567 -0.0078852402064667221 -3.9285051397383854e-05 -0.0064533406978648953 -0.028235239548859439 -0.015167643855981868 0.0077897378671156993 -0.10310975492699072 -0.050008406797716204 -0.15627894334887205
leaf_weight=19667 186 305 132 6558 324 349 1244 652 1740 392 2438 2280 2993 109 473 101 2255 10422 2291 5666 661 1908 4418 236 22663 2630 300 795 130 7938 1159 3122 917 721 1922 448 175 189 147 5775 10431 524 3407 4372 131 112 17751 194 6794 23716 24783 1416 3070 660 5985 1778 435 100 198 264 2331 791 1172 113 455 836 4763 229 276 1217 1886 15884 3806 22485 104 669 11680 3192 312 130 2813 9839 2755 229 4197 9953 610 15985 8976 2092 419 9573 2769 16596 2166 1285 32111 102 244 260 6342 610 14760 18457 106 3193 3729 325 4524 12617 237 534 104 821 198 1643 5591 4483 11283 645 2866 870 6002 191 1194 113
leaf_count=19667 186 305 132 6558 324 349 1244 652 1740 392 2438 2280 2993 109 473 101 2255 10422 2291 5666 661 1908 4418 236 22663 2630 300 795 130 7938 1159 3122 917 721 1922 448 175 189 147 5775 10431 524 3407 4372 131 112 17751 194 6794 23716 24783 1416 3070 660 5985 1778 435 100 198 264 2331 791 1172 113 455 836 4763 229 276 1217 1886 15884 3806 22485 104 669 11680 3192 312 130 2813 9839 2755 229 4197 9953 610 15985 8976 2092 419 9573 2769 16596 2166 1285 32111 102 244 260 6342 610 14760 18457 106 3193 3729 325 4524 12617 237 534 104 821 198 1643 5591 4483 11283 645 2866 870 6002 191 1194 113
internal_value=-0.00539152 -0.00498851 -0.118075 -0.00203727 -0.00312265 -0.0083727 -0.0154635 -0.0115698 -0.0151572 -0.170823 -0.00634378 -0.00025439 0.0153287 -0.0018005 -0.0675284 -0.129974 -0.0227381 0.0043139 0.00218935 -0.00253229 -0.0435769 -0.0143743 -0.0214425 -0.033503 -0.0107826 0.00475378 -0.0347305 -0.0110767 -0.0309388 -0.00395408 -0.01124 -0.00541868 -0.00474816 -0.00307468 -0.00959067 -0.0207066 -0.0569235 -0.100142 -0.0632437 0.00484987 -0.00759427 -0.0322197 -0.0188243 -0.0211772 -0.0253403 -0.0138933 -0.017815 -0.0316547 -0.000975073 0.00154309 -0.00508836 -0.00482585 -0.0527583 -0.0231052 -0.0178161 -0.0312715 -0.0350188 -0.0435179 -0.0939658 -0.0748357 0.00118468 -0.029913 -0.00360114 -0.150228 -0.00769876 -0.0151697 -0.0184758 -0.0250452 -0.108974 0.00222497 -0.0307341 0.0112075 -0.00747379 -0.0101022 -0.0217213 -0.0473659 -0.0025684 -0.0104189 -0.0267195 -0.152165 -0.00889829 -0.00911874 -0.0144603 -0.0116145 -0.0207127 -0.0199245 -0.00253017 0.00882238 -0.0127703 -0.0151848 -0.0526923 0.00606492 -0.0206053 -0.00494838 0.00373241 -0.0427114 0.002359 -0.130315 -0.146426 0.00520385 0.0141167 -0.0352757 -0.0077743 -0.000810487 -0.0950814 -0.00832918 -0.041555 -0.0218579 -0.0107209 -0.00381087 -0.0244179 -0.0314609 0.00191508 -0.0103799 -0.00436336 -0.00974399 -0.00614942 -0.013277 -0.0038678 -0.0241941 -0.0304266 0.0104884 0.00487444 -0.0733126 -0.0396712 -0.11701
internal_weight=519695 517844 1851 357536 336513 118885 57179 160308 95068 1138 65240 217628 21023 61706 1158 746 32357 72407 59507 145221 1195 56021 18887 7899 37134 23708 7974 40049 713 121513 62711 19622 113575 84407 29168 6894 3481 685 336 46785 12722 7674 24383 20976 15138 43089 23625 3782 60511 29491 69168 28076 3245 14877 9031 5846 5186 3408 668 470 25191 3046 26423 645 28976 7776 6940 5268 505 1672 2740 18030 44385 28899 6414 1967 15486 4447 973 261 5443 19464 9625 8466 5711 11073 14471 18265 10988 19843 854 15239 3421 21200 4604 1514 32435 459 357 390 12900 3588 17882 19629 370 5524 4253 10278 4972 13861 1653 1255 2012 5838 2146 1841 22274 5400 16874 1466 2978 17294 6872 323 1863 222
internal_count=519695 517844 1851 357536 336513 118885 57179 160308 95068 1138 65240 217628 21023 61706 1158 746 32357 72407 59507 145221 1195 56021 18887 7899 37134 23708 7974 40049 713 121513 62711 19622 113575 84407 29168 6894 3481 685 336 46785 12722 7674 24383 20976 15138 43089 23625 3782 60511 29491 69168 28076 3245 14877 9031 5846 5186 3408 668 470 25191 3046 26423 645 28976 7776 6940 5268 505 1672 2740 18030 44385 28899 6414 1967 15486 4447 973 261 5443 19464 9625 8466 5711 11073 14471 18265 10988 19843 854 15239 3421 21200 4604 1514 32435 459 357 390 12900 3588 17882 19629 370 5524 4253 10278 4972 13861 1653 1255 2012 5838 2146 1841 22274 5400 16874 1466 2978 17294 6872 323 1863 222
cat_boundaries=0 2 4 6 7 9 10 12 14 16 18 20 21 23 25 26 28 30 31 32 33 35 37 38 40 41 43 44 46 48 50 52 54 55 57 58 59 61 62 64 66 68 70 72 74 75
cat_threshold=1076413481 2133 303038466 8196 84 2 6 529797120 9384 131072 17441 2112 34603008 4 1075840033 2064 2554735234 520 2684420736 16640 537395200 32768 4 76546048 8192 268567040 1073741824 5 92536832 40 8322 2 16416 32776 5 16384 64 595595264 1048576 9344 9437184 570425344 21792 6 524288 64 0 17408 2151688192 256 50397184 20736 1 2048 2 134217728 2048 272763010 33558528 1073741824 16 1025 65536 16640 4194304 4352 16 2 16842752 256 68157440 5376 2286157826 520 41943040
is_linear=0
shrinkage=0.03


Tree=8
num_leaves=127
num_cat=34
split_feature=0 5 5 5 2 5 5 5 12 31 5 5 5 23 8 0 12 28 13 0 25 0 0 25 25 5 13 26 5 29 25 13 25 0 27 27 13 25 23 0 13 23 21 26 5 21 5 13 0 20 22 25 25 27 25 12 5 27 8 0 0 0 5 27 0 25 26 5 25 0 0 25 27 27 25 25 0 0 0 2 0 5 5 5 0 25 0 27 25 2 5 0 0 0 0 5 5 5 12 5 5 25 27 3 27 0 21 5 0 23 5 5 0 25 0 0 27 3 25 3 22 30 27 30 26 0
split_gain=24627.3 10620.1 8436.22 7035.99 5176.84 5919.31 3955.51 3158.44 3055.55 2357.6 2352.26 2321.66 2232.43 2133.19 1792.91 1734.04 1611.24 1550.99 1993.48 1479.17 1774.16 1551.82 3891.2 1456.51 1360.98 1329.4 1282.94 1939.71 3786.06 2271.69 1750.69 1278.96 1257.24 1234.33 1230.62 1214.17 1206.38 1183.64 1279.66 1079.75 1153.54 1020.27 968.896 940.638 915.915 904.781 894.971 841.997 796.214 781.46 748.03 719.726 951.747 726.975 701.733 677.107 674.846 2383.85 1570.8 1258.1 5565.11 1020.3 1055.61 1832.5 892.766 872.112 806.846 765.079 668.054 667.737 1653.17 2702.51 732.343 1044.02 664.686 778.068 651.243 648.008 636.137 632.584 588.227 583.331 582.818 572.431 547.232 592.524 1300.97 3472.88 2163.1 544.407 796.171 544.353 535.053 678.713 533.191 1882.07 601.952 520.712 509.823 509.791 507.814 482.259 936.885 479.821 1205.67 476.162 470.309 456.127 1056.9 1317.58 452.773 447.894 444.99 440.285 434.498 433.292 794.183 590.042 413.99 404.518 402.959 402.71 399.497 398.54 395.27 977.127
threshold=13030.000000000002 0 1 2 3 4 5 6 -0.31800055503845209 0.03126017842441798 7 8 9 0.064333807677030577 3.5000000000000004 1715.0000000000002 -0.87397405505180348 0.13561000674963 24.500000000000004 225.00000000000003 19.500000000000004 950.00000000000011 325.00000000000006 16.500000000000004 59.500000000000007 10 25.500000000000004 0.35343860089778906 11 0.0429714322090149 89.500000000000014 25.500000000000004 50.500000000000007 90.000000000000014 0.098019190132617964 0.15550526976585391 24.500000000000004 49.000000000000007 0.1168753318488598 1225.0000000000002 24.500000000000004 0.058227287605404861 0.026940434239804748 0.13882523775100711 12 0.063850197941064848 13 23.500000000000004 1940.0000000000002 39.500000000000007 0.10392067208886148 57.500000000000007 88.500000000000014 0.095947422087192549 107.50000000000001 -0.23537842929363248 14 0.059944719076156623 7.5000000000000009 475.00000000000006 425.00000000000006 850.00000000000011 15 0.08212983608245851 325.00000000000006 62.500000000000007 0.11550887674093248 16 38.500000000000007 950.00000000000011 615.00000000000011 45.500000000000007 0.061421869322657592 0.055219287052750594 101.50000000000001 97.500000000000014 155.00000000000003 55.000000000000007 325.00000000000006 17 225.00000000000003 18 19 20 1255.0000000000002 17.500000000000004 325.00000000000006 0.086274277418851866 14.500000000000002 21 22 325.00000000000006 90.000000000000014 45.000000000000007 615.00000000000011 23 24 25 -0.18493013828992841 26 27 77.500000000000014 0.059944719076156623 28 0.055219287052750594 550.00000000000011 0.14014542102813723 29 1280.0000000000002 0.10130250453948976 30 31 715.00000000000011 27.500000000000004 90.000000000000014 325.00000000000006 0.051913643255829818 32 113.00000000000001 33 -0.46350057423114771 0.10479542613029481 0.059393314644694335 0.04846638627350331 1.0000000180025095e-35 950.00000000000011
decision_type=2 9 9 9 9 9 9 9 2 10 9 9 9 8 2 2 2 8 2 2 2 2 2 2 2 9 2 8 9 10 2 2 2 2 2 2 2 2 10 2 2 10 10 10 9 8 9 2 2 2 10 2 2 2 2 2 9 2 2 2 2 2 9 2 2 2 8 9 2 2 2 2 2 2 2 2 2 2 2 9 2 9 9 9 2 2 2 2 2 9 9 2 2 2 2 9 9 9 2 9 9 2 2 1 2 2 10 9 2 10 9 9 2 2 2 2 2 1 2 1 10 10 2 8 8 2
left_child=1 8 -2 9 10 15 13 14 11 79 17 47 19 -4 -7 44 31 -5 82 24 21 22 -21 34 -10 48 27 107 -29 33 46 83 -15 -30 -24 54 100 68 45 -16 -41 76 49 56 114 -39 -28 -1 -17 -35 -47 124 53 101 -34 111 57 91 66 60 64 62 63 78 -60 81 -59 -64 -14 70 72 -72 73 -70 75 -65 -26 -48 -58 -3 -75 -63 -19 -12 85 86 -38 88 -88 90 -87 -18 93 -32 96 -96 -69 -8 -79 -57 -13 102 -53 104 -81 -98 -46 108 -9 -110 -33 -20 -77 -61 -6 117 -117 -103 -40 -54 -109 -11 -92 -78 125 -22
right_child=2 3 6 4 5 7 97 26 12 121 16 36 37 32 39 25 43 18 55 20 51 -23 23 -25 41 -27 30 28 29 -31 92 110 35 42 -36 -37 84 38 118 40 -42 -43 -44 -45 106 50 77 -49 -50 -51 -52 52 119 -55 -56 99 61 58 59 113 -62 65 67 74 -66 -67 -68 94 69 -71 71 -73 -74 80 -76 112 123 98 -80 103 -82 -83 -84 -85 -86 89 87 -89 -90 -91 122 -93 -94 -95 95 -97 105 -99 -100 -101 -102 115 -104 -105 -106 -107 -108 120 109 -111 -112 -113 -114 -115 -116 116 -118 -119 -120 -121 -122 -123 -124 -125 -126 -127
leaf_value=-0.0093037082594928776 -0.23631553888320922 0.016408077395490196 0.0062278499382734291 0.013492282451606512 0.036803890013436862 -0.019086426146328446 -0.044356546421000294 -0.015174637270392564 -0.010539418996877006 0.026048010314593053 0.017684550652588046 0.0057094002929246983 -0.014615766908523464 -0.089019155062412619 -0.13151993729236053 -0.10859846739263035 -0.010163030623278696 -0.022393533080837719 0.013490338420976628 -0.018626428271441214 -0.091246838387396681 0.0024692391499374876 -0.022561455856350731 -0.13420497308692383 -0.024642419501639989 0.0063166423812889769 0.0014220871948606973 -0.011376944055686315 -0.098907922069857435 -0.19069610097829032 0.0037293297874898012 0.016400650793449174 -0.080735693320587096 -0.10405852711802936 -0.1286172326719201 -0.22525275575795345 0.015804823255114092 0.010170300844196956 -0.01838588001593771 -0.12452831452035092 -0.0097479829570363621 -0.091322513133721445 0.034185992206912486 0.0055845076857723407 -0.0043670392694170742 -0.0098189165814299498 0.010933502059977623 0.0051564157548152582 -0.041644212732164877 -0.04197924898912201 0.0031534316400606819 -0.0072638147974633197 -0.010395835994537781 -0.0082933359999915156 -0.170579715163477 0.0067853742120352412 -0.022005982444432637 -0.014174422372713318 -0.04913044909650946 0.011146321056718259 -0.18399838361373314 -0.025577448811723306 0.018059386593055202 -0.034154869692301248 0.0011393395771740311 0.0051686974915716184 -0.039857367299184265 0.00087688719859383075 -0.017645881671501187 0.010034395532726312 -0.19899615793085809 -0.039686090065796369 0.01193569689825613 -0.090576578921719678 -0.020972503753265811 -0.061428447845831236 -0.024379581358202604 -0.0064918198200618676 6.2046901603233378e-06 -0.039567720975815186 -0.040200920000896305 -0.0030640106526814014 -0.0055549333325960876 -0.0079102499258912624 0.01970935323093824 0.022697358797836093 -0.037180236003947924 0.0058185192404868217 -0.14798264272949274 -0.0090737798036634662 -0.013163864178255928 0.013294806858138575 -0.021162077235646799 -0.09062957282255002 -0.011697042885098607 0.011102329858580933 -0.0078127787537448246 0.026518077359980213 -0.018473877204295445 -0.0022625247863578236 -0.021474327834360409 -0.05320140830270377 -0.033589382181104244 0.0019311402602174188 0.032066020357208277 -0.057449610533033095 -0.030735152704436088 0.0019069476660300818 -0.033683824504930841 -0.15075724711884625 0.0059334128107259108 0.0040696576428584565 -0.13032450511699586 -0.0075902857566919274 0.0019408948769246372 -0.051502239535761385 -0.01940029974418853 -0.0011050174661763508 -0.038149837113615317 0.0080497808804791127 -0.012585564799975763 0.048614912038851994 0.0047934306321557362 -0.04953964049735092 0.0056792670171076287 0.0046103947594355156
leaf_weight=4594 396 9119 124 13736 324 459 130 4560 2149 1185 873 667 10658 438 360 214 1115 2351 10565 1397 138 643 292 480 2784 441 8673 4539 380 101 100 5572 165 192 148 167 533 2428 3199 131 196 308 143 9224 31050 42764 1128 17153 634 3541 4413 3360 3416 3766 154 9990 1539 1880 451 1251 194 1154 1409 1026 1072 19284 2661 8698 1989 366 133 339 422 297 1974 264 722 6095 5077 252 708 9433 8657 7184 672 1250 331 716 305 16838 2259 4405 7220 217 5870 7297 29347 265 6722 12742 8758 1122 1907 7313 1290 174 620 2531 353 114 11284 8015 126 11474 32090 838 4021 237 1361 1557 5431 1798 2200 2686 2233 307
leaf_count=4594 396 9119 124 13736 324 459 130 4560 2149 1185 873 667 10658 438 360 214 1115 2351 10565 1397 138 643 292 480 2784 441 8673 4539 380 101 100 5572 165 192 148 167 533 2428 3199 131 196 308 143 9224 31050 42764 1128 17153 634 3541 4413 3360 3416 3766 154 9990 1539 1880 451 1251 194 1154 1409 1026 1072 19284 2661 8698 1989 366 133 339 422 297 1974 264 722 6095 5077 252 708 9433 8657 7184 672 1250 331 716 305 16838 2259 4405 7220 217 5870 7297 29347 265 6722 12742 8758 1122 1907 7313 1290 174 620 2531 353 114 11284 8015 126 11474 32090 838 4021 237 1361 1557 5431 1798 2200 2686 2233 307
internal_value=-0.00516964 -0.00477952 -0.114729 -0.00190081 -0.0029531 -0.00799551 -0.0790376 -0.0154266 -0.0112051 0.0149594 -0.000202552 -0.00557862 -0.0142629 -0.109523 -0.0644914 -0.00194816 -0.00226452 0.00452031 0.00216547 -0.0204962 -0.0169092 -0.0387628 -0.0502014 -0.098075 -0.0312424 -0.0363858 -0.0143327 -0.0198648 -0.0306565 -0.050592 -0.0103221 0.00470826 -0.126231 -0.047342 -0.0584455 -0.159516 -0.0104126 -0.0111438 -0.00908463 -0.095693 -0.0559698 -0.0380845 -0.0422623 -0.00363905 -0.00125522 -0.00768623 -0.00614884 0.0021005 -0.0579659 -0.0451992 -0.00860542 -0.0140832 -0.0160183 -0.0197344 -0.124506 0.00518828 -0.00436516 -0.00879232 -0.0138416 -0.00900142 -0.033099 -0.00319322 -0.00536451 -0.0142942 -0.0137693 0.00137065 -0.0292299 -0.00366846 -0.0186298 -0.0286808 -0.032327 -0.0849022 -0.0250397 -0.0302536 -0.0322405 -0.0479229 -0.035422 -0.0108505 -0.00511678 0.010866 -0.0551633 -0.00554725 -0.00917828 -0.005123 -0.00697922 -0.00771406 -0.0238679 -0.0395082 -0.0904655 -0.00636255 0.00164709 0.00855551 -0.0228432 -0.0609452 -0.00426797 0.000937539 -0.00606244 0.00262245 -0.0127769 0.00171586 -0.0195669 -0.023485 -0.0168 0.0051332 0.0203413 -0.00810453 -0.00488266 -0.0124718 -0.019546 -0.0625238 0.00940753 0.00943635 -0.0839636 -0.00574755 0.00228979 -0.029144 -0.0249462 -0.0441237 -0.0242918 -0.00462023 -0.00796894 0.0396619 -0.0042953 -0.0442181 0.000531606 -0.0252541
internal_weight=518587 516748 1839 356884 335927 118559 1443 53186 159864 20957 217368 56276 103588 1048 1146 65373 151312 66056 52320 34511 25862 2960 2317 920 8649 1289 52040 21885 8896 4357 30155 24913 924 4256 440 486 34529 69077 54165 687 327 6500 3876 126399 64084 49605 22618 21747 848 3733 47177 22902 20224 15251 319 41312 117175 24503 18983 14442 1717 92672 62801 10006 1523 29871 4541 52795 14912 4254 3888 472 3416 2994 3390 1416 6192 13945 6616 17974 1005 10587 11008 8057 25104 24432 1885 1352 636 22547 5709 5520 7537 317 51386 13167 38219 395 12817 22732 9425 11485 5267 8855 1542 29521 31670 12989 5027 467 16856 18580 390 12725 32414 6218 4859 1359 4560 4973 7962 2983 4459 3408 2678 445
internal_count=518587 516748 1839 356884 335927 118559 1443 53186 159864 20957 217368 56276 103588 1048 1146 65373 151312 66056 52320 34511 25862 2960 2317 920 8649 1289 52040 21885 8896 4357 30155 24913 924 4256 440 486 34529 69077 54165 687 327 6500 3876 126399 64084 49605 22618 21747 848 3733 47177 22902 20224 15251 319 41312 117175 24503 18983 14442 1717 92672 62801 10006 1523 29871 4541 52795 14912 4254 3888 472 3416 2994 3390 1416 6192 13945 6616 17974 1005 10587 11008 8057 25104 24432 1885 1352 636 22547 5709 5520 7537 317 51386 13167 38219 395 12817 22732 9425 11485 5267 8855 1542 29521 31670 12989 5027 467 16856 18580 390 12725 32414 6218 4859 1359 4560 4973 7962 2983 4459 3408 2678 445
cat_boundaries=0 2 4 6 7 9 11 12 14 16 18 19 21 23 25 27 28 29 30 32 33 35 36 38 40 42 44 46 48 49 50 52 54 55 56
cat_threshold=1076413481 2133 268435458 8192 84 2 6 2375290880 9384 571998208 4 131072 407251586 520 1075840033 2064 17441 2112 159383552 536937088 16640 92536832 40 570435586 16384 42995712 8192 553648128 2147483648 6 16777216 1024 268567040 0 16384 2 557056 4 67108864 1056 67108864 1056 134217728 2048 138420354 512 524288 64 2 536936578 2164260864 25600 138674178 520 2 2
is_linear=0
shrinkage=0.03


Tree=9
num_leaves=127
num_cat=35
split_feature=0 5 5 5 5 27 13 11 21 5 2 27 0 25 5 0 0 5 0 0 25 5 5 0 27 0 11 31 0 29 13 30 5 0 27 0 5 0 25 27 5 0 25 5 30 25 25 27 0 21 5 27 0 28 5 2 5 21 27 25 11 0 27 0 29 13 27 5 29 5 0 0 30 25 5 27 5 0 4 25 0 11 29 5 5 29 5 29 29 25 11 27 27 13 27 27 30 27 31 11 25 0 25 0 0 5 5 2 25 25 2 5 0 5 0 22 21 22 25 5 0 0 5 13 2 29
split_gain=22738.8 10095.3 8029.31 5118.34 4782.56 3016.34 2870.82 5140.65 4681.2 2786.07 2683.53 2525.4 1569.25 1436.08 2174.52 1392.08 6513.15 1386.28 6656.48 1376.76 1328.56 1323.05 1301.34 1273.3 1399.68 4186.66 1272.81 3186.01 1239.35 1180.87 1126.57 1101.37 1095.45 1646.37 1141.55 1095.3 1106.37 1067.17 1811.78 1027.54 1343.17 1010.42 1132.29 958.679 891.809 802.63 900.011 1053.15 1021.09 1144.86 800.427 1022.16 759.708 1125.31 750.469 2359.38 733.617 696.599 687.893 685.503 690.336 666.82 663.487 655.869 655.611 647.055 642.587 2780.2 1166.88 616.353 783.95 680.873 663.637 629.44 588.125 579.778 679.36 599.519 1622.86 571.797 567.544 565.538 561.484 722.655 559.538 703.071 553.345 589.071 556.007 551.434 546.673 523.095 697.919 512.779 506.315 564.879 503.334 491.439 473.999 473.558 1655.55 470.008 462.199 458.253 456.614 1205.03 457.348 1068.59 878.926 857.379 668.226 445.414 439.554 2656.72 504.52 430.08 424.321 422.899 409.362 574.503 405.183 747.816 405.117 560.217 497.85 470.441
threshold=13030.000000000002 0 1 2 3 0.14952706545591357 39.500000000000007 0.24372619390487674 0.10949432477355005 4 5 0.1575826704502106 61.500000000000007 58.500000000000007 6 950.00000000000011 850.00000000000011 7 615.00000000000011 1940.0000000000002 18.500000000000004 8 9 325.00000000000006 0.08212983608245851 475.00000000000006 0.3744682669639588 0.099051989614963545 475.00000000000006 0.064788181334733977 38.500000000000007 0.10479542613029481 10 325.00000000000006 0.053263295441865928 325.00000000000006 11 225.00000000000003 68.500000000000014 0.086274277418851866 12 1280.0000000000002 102.50000000000001 13 0.086054746061563506 69.500000000000014 113.00000000000001 0.08212983608245851 850.00000000000011 0.066236898303031935 14 0.055219287052750594 1410.0000000000002 0.10316013172268869 15 16 17 0.066236898303031935 0.10038758814334871 50.500000000000007 0.2603727281093598 615.00000000000011 0.14952706545591357 1560.0000000000002 0.04441503249108792 19.500000000000004 0.059944719076156623 18 0.11081358045339586 19 90.000000000000014 155.00000000000003 0.049045160412788398 66.500000000000014 20 0.10038758814334871 21 715.00000000000011 22 81.500000000000014 1715.0000000000002 -0.37447345256805414 0.08521361276507379 23 24 0.0429714322090149 25 0.071491584181785597 0.056686626747250564 15.500000000000002 -0.50556187331676472 0.1321084722876549 0.16352472454309466 35.500000000000007 0.056865874677896507 0.064750330522656455 0.17163883894681933 0.072961069643497481 0.055805873125791557 0.23537775129079822 74.500000000000014 61.500000000000007 87.500000000000014 45.000000000000007 225.00000000000003 26 27 28 25.500000000000004 19.500000000000004 29 30 155.00000000000003 31 55.000000000000007 -0.11594646796584128 0.070677299052476897 -0.023530329577624794 97.500000000000014 32 615.00000000000011 325.00000000000006 33 25.500000000000004 34 0.10751387476921083
decision_type=2 9 9 9 9 2 2 2 8 9 9 2 2 2 9 2 2 9 2 2 2 9 9 2 2 2 2 8 2 10 2 10 9 2 2 2 9 2 2 2 9 2 2 9 8 2 2 2 2 8 9 2 2 10 9 9 9 8 2 2 2 2 2 2 10 2 2 9 8 9 2 2 10 2 9 2 9 2 9 2 2 2 10 9 9 10 9 10 10 2 2 2 2 2 2 2 8 2 8 2 2 2 2 2 2 9 9 9 2 2 9 9 2 9 2 8 10 10 2 9 2 2 9 2 9 8
left_child=1 4 11 10 31 98 7 23 21 39 13 62 50 14 -3 16 17 -16 89 22 -20 -9 61 43 96 -26 30 52 29 69 122 -1 33 -12 -35 74 81 38 -29 111 58 -42 -43 118 82 90 47 -47 57 -50 103 -52 84 -54 55 -11 75 -48 -41 -17 -61 -14 -2 66 -23 -13 67 115 -68 70 -15 72 101 -73 112 77 91 78 -27 99 117 -37 -34 -84 -28 -86 87 -66 -88 -19 -30 -77 -93 -69 -45 -96 -25 -32 -4 -70 -101 -71 -75 -6 105 -56 107 109 -109 -106 -108 -10 113 -8 -115 -46 -91 -58 119 -5 121 -113 124 -124 -24 -126
right_child=2 3 5 6 12 -7 35 8 9 54 32 65 19 28 15 59 -18 18 20 -21 -22 64 26 24 25 56 27 37 45 -31 97 -33 44 34 -36 36 -38 -39 -40 40 41 42 -44 94 63 46 48 -49 49 -51 51 -53 53 -55 104 -57 80 -59 -60 60 -62 -63 -64 -65 86 -67 68 93 79 71 -72 73 -74 102 -76 76 -78 -79 -80 -81 -82 -83 83 -85 85 -87 88 -89 -90 116 -92 92 -94 -95 95 -97 -98 -99 -100 100 -102 -103 -104 -105 106 -107 110 108 -110 -111 -112 120 -114 114 -116 -117 -118 -119 -120 -121 -122 -123 123 -125 125 -127
leaf_value=0.018882403820370014 -0.17358662598237798 -7.0157715930701929e-05 -0.051159782552719114 0.022388044757142889 0.031679046520165031 -0.0053129034569585386 -0.12704320787626783 -0.0064849597949152189 0.0002230951003133684 0.0095580160350514504 -0.012333005490805704 -0.057692362937231019 0.0074605562106901443 -0.035416988073056953 -0.012137315760988421 0.0062446562974831773 -0.15321165955784957 0.012092739048359287 -0.18801057957924938 -0.061078069000017075 -0.093717072543192226 -0.01623993828266113 0.013156793302688281 -0.0023409565317122887 -0.18095215599787826 0.020218230804100012 0.011626241029187242 -0.021327076794766663 -0.023522848732094891 -0.090817165180054268 -0.0054086069917813904 0.044984246678586977 0.0012279783132682113 -0.14849011005160498 -0.039827224863693111 -0.013146523438083826 -0.002328234516669146 -0.013617278297251305 -0.090562425286994069 -0.040150983637476788 -0.0060541477224606661 0.0091855338366959981 -0.08966280848863753 -0.013943662374673725 -0.018723158989488689 -0.02839441969868697 -0.07172924699802552 -0.0085385036792174889 0.04070780943704131 -0.045211659429453759 -0.084111420084352434 -0.018620748480133727 -0.12343954333556548 -0.0035136009873714038 -0.021387872573085564 -0.079742987658841746 0.0048906702134597496 0.003834712565596734 -0.018656179272360029 -0.0064267627998685203 -0.035752992305065165 0.024838932830594084 -0.25278872061294055 0.00943880910682692 -0.0064337949963797509 -0.16192460521317945 -0.098436329000525999 -0.0038402048967725597 -0.010732045640532132 -0.01311282600862447 0.011217004584733304 -0.025323764519254888 0.0025775061091871006 -0.062065537431962643 -0.019242009891134115 -0.078940546533628461 -0.0087602196664905204 0.0077674996108909105 -0.031164490605418076 -0.0030040275067956604 -0.029060515191219057 -0.0041971584911194891 -0.071687040646949154 -0.019388033797522904 -0.030629182202983496 0.0018016171658548638 0.024032584805307473 0.017702647183373992 0.00076977852905726093 -0.020055784776627863 -0.049459088065741119 0.028820494015336685 -0.072759576811702975 -0.013618763597747944 -0.00018022003254046826 -0.014121446873484447 0.010751211754303599 0.0017385223515196124 -0.11745996967767228 -0.010378090884650464 -0.063007041458804591 -0.039994627939704659 -0.036107905074873166 -0.015745528900881243 -0.043006325760402815 -0.06857145420189148 -0.0009201688077480456 -0.0070960895472815498 -0.053344737597846699 -0.0066376413987569872 -0.022094170034827949 -0.015877828156672987 -0.0063802612513542412 0.0036383077199792484 -0.018911506043893883 0.023602182729924474 -0.080208089335544686 -0.011632528897096258 -0.0070002431225156467 0.0029666350573879772 -0.021197845558870439 0.004219304412222089 0.0014122617612484468 0.009442444728269243 0.010508330543741624 -0.0090715478602827384
leaf_weight=5476 147 9101 124 1791 209 510 181 21783 8438 411 735 118 9505 589 6151 2230 345 489 210 314 384 1381 1864 2969 113 905 5511 1326 2764 286 15535 1982 1139 165 185 24406 23842 8615 457 2197 8623 167 276 6660 230 2952 123 12944 148 2261 364 522 104 214 1724 758 28827 958 3442 2455 1023 2512 344 2413 1129 100 134 12554 10617 955 720 1506 751 1324 12878 232 5452 4267 1420 7011 471 8594 243 4898 634 11446 984 4682 15105 2208 996 137 108 7841 9971 3545 24035 19559 487 1965 740 1517 1168 1448 781 689 1996 470 1740 2299 4134 3351 8984 1207 3428 3401 110 1464 2239 5774 2029 3313 11143 26213 1440 4728
leaf_count=5476 147 9101 124 1791 209 510 181 21783 8438 411 735 118 9505 589 6151 2230 345 489 210 314 384 1381 1864 2969 113 905 5511 1326 2764 286 15535 1982 1139 165 185 24406 23842 8615 457 2197 8623 167 276 6660 230 2952 123 12944 148 2261 364 522 104 214 1724 758 28827 958 3442 2455 1023 2512 344 2413 1129 100 134 12554 10617 955 720 1506 751 1324 12878 232 5452 4267 1420 7011 471 8594 243 4898 634 11446 984 4682 15105 2208 996 137 108 7841 9971 3545 24035 19559 487 1965 740 1517 1168 1448 781 689 1996 470 1740 2299 4134 3351 8984 1207 3428 3401 110 1464 2239 5774 2029 3313 11143 26213 1440 4728
internal_value=-0.00508969 -0.00471655 -0.110624 -0.00715536 0.00247709 -0.058684 -0.00496603 -0.00294898 -0.00807545 -0.0147166 -0.0125971 -0.189059 0.00106896 -0.0171647 -0.011735 -0.0185257 -0.0253418 -0.0207079 -0.0360587 0.00155881 -0.127313 -0.00117264 0.00172212 0.00174455 0.00394946 0.000612539 0.000686618 -0.0047848 -0.0213667 -0.0309394 0.00261114 0.0257896 -0.00782531 -0.0375313 -0.0913311 -0.00961026 -0.00725643 -0.0179926 -0.0391136 -0.00968304 -0.0155032 -0.00831821 -0.0524627 -0.00343304 -0.00721167 -0.0177194 -0.0152576 -0.0122274 -0.0290519 -0.0399184 -0.0222492 -0.0450829 0.00288426 -0.0429987 -0.0253738 -0.0485499 0.00109072 -0.00482157 -0.0269885 -0.00673732 -0.0150604 0.0110858 -0.229477 -0.00579135 0.00379908 -0.106026 -0.00661752 -0.00328974 -0.0105236 -0.0289213 -0.00970346 -0.032345 -0.0221183 -0.0406626 -0.014625 -0.00502866 -0.0118388 0.00108974 -0.0111638 -0.00993944 0.00358204 -0.0108128 -0.0178291 -0.0220506 0.0037161 9.70624e-05 0.00506514 0.0129906 0.00219257 -0.0168379 -0.0304045 -0.0457924 -0.0160714 -0.0075964 -0.00717048 -0.00383752 0.00931174 -0.00142535 -0.10411 -0.0135889 -0.0247936 -0.029619 -0.0499186 -0.00968985 -0.0233782 -0.035256 -0.0208861 -0.0273746 -0.0433208 -0.0158193 -0.0152137 -0.00469218 -0.0102941 -0.0176136 -0.0130117 0.0208593 -0.0229437 0.00409173 0.0042613 0.00760048 -0.00945213 -0.00588743 0.00573211 0.00704532 -0.000383919 -0.00449213
internal_weight=519692 517862 1830 386741 131121 1121 275802 192282 91902 46838 110939 709 123663 56668 24706 15605 9897 9552 3401 121120 594 45064 120806 100380 70400 43396 108789 28307 31962 8816 80482 7458 54271 1085 350 83520 56842 10398 1783 31836 14705 9066 443 29980 53186 23146 19386 15896 3490 2409 2543 886 17909 318 15002 1169 43283 1081 5639 5708 3478 12017 491 46906 23281 218 44493 24026 20467 8530 1309 7221 3223 3998 26678 12521 5929 6592 2325 20333 30762 33000 6280 5141 17591 12080 21900 5811 16089 2807 3760 477 245 20395 20176 13516 27004 35094 611 13322 2705 2472 2492 1657 13833 2413 11420 5290 2210 3080 6130 17131 13800 4816 4635 3631 2318 30291 9804 7565 8693 6664 45388 37356 8032 6168
internal_count=519692 517862 1830 386741 131121 1121 275802 192282 91902 46838 110939 709 123663 56668 24706 15605 9897 9552 3401 121120 594 45064 120806 100380 70400 43396 108789 28307 31962 8816 80482 7458 54271 1085 350 83520 56842 10398 1783 31836 14705 9066 443 29980 53186 23146 19386 15896 3490 2409 2543 886 17909 318 15002 1169 43283 1081 5639 5708 3478 12017 491 46906 23281 218 44493 24026 20467 8530 1309 7221 3223 3998 26678 12521 5929 6592 2325 20333 30762 33000 6280 5141 17591 12080 21900 5811 16089 2807 3760 477 245 20395 20176 13516 27004 35094 611 13322 2705 2472 2492 1657 13833 2413 11420 5290 2210 3080 6130 17131 13800 4816 4635 3631 2318 30291 9804 7565 8693 6664 45388 37356 8032 6168
cat_boundaries=0 2 4 6 8 10 11 13 15 17 18 19 21 23 25 26 27 28 30 32 33 35 37 38 39 41 42 44 46 47 48 50 52 54 56 57
cat_threshold=423897174 170 269484034 8192 574505 2116 16 2 2754613376 17936 5 16417 2048 32776 64 1140854912 21776 68 1 3794796544 28688 68157440 512 1174409216 17408 68 131072 2 1679818752 16400 32800 68 32768 102765184 1792 0 16384 1 32768 406857728 8 33686016 1073742336 257 1082195968 8192 10 4 536875008 16896 0 512 0 16384 4196352 128 4
is_linear=0
shrinkage=0.03


Tree=10
num_leaves=127
num_cat=18
split_feature=0 13 13 21 4 25 4 0 23 25 12 30 0 0 31 23 27 25 25 25 27 28 25 27 2 21 8 0 21 25 12 26 29 4 25 25 26 2 0 0 21 2 27 27 2 8 25 4 0 0 26 12 0 0 4 27 25 27 25 31 0 25 27 0 4 25 25 25 0 4 23 25 24 27 0 25 4 25 23 0 25 0 27 21 30 12 4 25 23 0 29 21 27 25 30 32 4 8 4 25 25 24 27 4 30 21 4 25 25 25 27 24 0 27 24 26 26 28 25 23 25 4 0 25 25 25
split_gain=22498.8 3799.11 8319.58 8719.92 3666.95 3481.28 2823.52 3085.83 2193.65 1854.41 1852.27 1763.77 1508.75 1159.46 1154.75 941.883 847.407 1608.53 842.14 1050.05 882.277 1066.01 836.227 1073.33 823.902 778.178 995.413 747.27 739.121 710.7 678.484 670.033 2098.42 656.919 755.467 1255.22 640.714 626.776 622.83 615.333 606.156 592.659 797.332 693.7 561.032 527.369 525.33 576.812 518.541 2197.05 513.222 479.221 460.149 458.788 457.125 831.547 691.125 449.865 655.295 447.626 441.458 421.113 437.283 620.072 745.189 521.686 423.298 420.781 419.493 402.058 390.989 382.956 382.441 372.838 372.666 729.361 1268.72 581.456 372.421 362.047 356.644 353.757 353.459 351.734 353.232 350.634 350.178 347.152 1019.64 564.388 466.266 433.857 343.035 335.847 371.416 522.873 331.356 764.628 314.14 313.418 476.686 312.253 642.72 306.937 304.842 301.144 298.754 791.346 749.273 758.202 2726.37 398.447 293.73 289.378 285.871 285.491 693.944 306.731 276.981 276.134 275.503 735.738 544.208 897.599 2944.9 286.667
threshold=13030.000000000002 39.500000000000007 25.500000000000004 0.090277068316936507 0 7.5000000000000009 1 19050.000000000004 0.10042453557252885 29.500000000000004 -0.42958799004554743 0.092384941875934615 180.00000000000003 180.00000000000003 0.048018604516983039 0.038110742345452316 0.055219287052750594 68.500000000000014 88.500000000000014 81.500000000000014 0.086274277418851866 0.10800887271761896 50.500000000000007 0.15550526976585391 2 0.11839113011956216 5.5000000000000009 1715.0000000000002 0.056888267397880561 107.50000000000001 0.87291088700294506 0.35431678593158727 0.04237759672105313 3 24.500000000000004 29.500000000000004 0.054673291742801673 4 1940.0000000000002 17950.000000000004 0.11826425418257715 5 0.052256155759096153 0.098019190132617964 6 5.5000000000000009 15.500000000000002 7 1280.0000000000002 1560.0000000000002 0.11226299405097963 -0.9711191952228545 155.00000000000003 155.00000000000003 8 0.052256155759096153 61.500000000000007 0.064750330522656455 69.500000000000014 0.046168554574251182 1255.0000000000002 74.500000000000014 0.076740767806768431 715.00000000000011 9 78.500000000000014 78.500000000000014 115.50000000000001 1255.0000000000002 10 0.10130250453948976 64.500000000000014 0.99213126301765453 0.059944719076156623 110.00000000000001 12.500000000000002 11 27.500000000000004 0.10777157172560693 1100.0000000000002 10.500000000000002 155.00000000000003 0.11874964460730554 0.067548755556345 0.058018375188112266 0.86869874596595775 12 113.00000000000001 0.12977331131696704 1225.0000000000002 0.10938442125916482 0.15616496652364734 0.058846931904554374 89.500000000000014 0.11661468073725702 0.18566475808620456 13 3.5000000000000004 14 15.500000000000002 16.500000000000004 1.0279080271720888 0.1045757830142975 15 0.065987627953290953 0.026940434239804748 16 39.500000000000007 18.500000000000004 30.500000000000004 0.16058247536420825 0.95950195193290722 155.00000000000003 0.05270845256745816 1.0001916289329531 0.012562177609652283 0.0035787933738902216 0.077885549515485777 76.500000000000014 0.1337782219052315 31.500000000000004 17 325.00000000000006 16.500000000000004 14.500000000000002 30.500000000000004
decision_type=2 2 2 8 9 2 9 2 8 2 2 10 2 2 10 10 2 2 2 2 2 8 2 2 9 8 2 2 10 2 2 10 10 9 2 2 10 9 2 2 8 9 2 2 9 2 2 9 2 2 10 2 2 2 9 2 2 2 2 10 2 2 2 2 9 2 2 2 2 9 10 2 2 2 2 2 9 2 10 2 2 2 2 10 10 2 9 2 10 2 10 10 2 2 10 10 9 2 9 2 2 2 2 9 10 10 9 2 2 2 2 2 2 2 2 10 10 10 2 10 2 9 2 2 2 2
left_child=1 2 3 4 14 -2 39 -8 50 -10 27 15 16 33 59 112 17 46 19 20 45 -22 -11 29 28 52 96 37 78 -24 69 -26 105 34 -3 114 41 57 -29 -7 -23 42 -21 85 104 54 47 -5 87 70 -9 -42 -19 -49 55 -14 -57 58 92 -1 61 74 -63 64 65 -64 72 -18 79 -15 -50 -56 82 -12 75 103 77 -77 -13 118 81 -35 98 -46 -85 -43 -28 90 89 -89 -20 -92 -4 94 -30 -96 97 -27 -65 -32 -101 106 -103 -39 -17 -33 111 108 -108 110 -110 -81 -6 -55 -36 116 -106 -118 -53 -73 121 122 125 124 -124 -94
right_child=5 13 10 12 11 6 7 8 9 22 73 24 18 30 -16 44 67 25 48 36 21 40 23 -25 31 26 86 38 93 -31 99 32 -34 80 35 -37 -38 60 -40 -41 51 43 -44 -45 83 -47 -48 53 49 -51 -52 68 -54 113 71 56 -58 -59 -60 -61 -62 62 63 66 -66 -67 -68 -69 -70 -71 -72 119 -74 -75 -76 76 -78 -79 -80 101 -82 -83 -84 84 -86 -87 -88 88 -90 -91 91 -93 120 -95 95 -97 -98 -99 -100 100 -102 102 -104 -105 115 -107 107 -109 109 -111 -112 -113 -114 -115 -116 -117 117 -119 -120 -121 -122 -123 123 -125 -126 -127
leaf_value=0.025435483403070721 0.022169695201789939 0.0229771655494822 0.001581189491664985 -0.066124877576597241 -0.013308511717771426 -0.0014681655348865847 -0.23422805622956597 -0.088031926900148383 -0.24968674628965315 -0.078376840299367895 0.0051269478159333007 0.0095549985520756858 0.023803350848808323 -0.011598021580849252 0.0099536894963215428 0.0092558558893916371 -0.0063382293471019938 -0.046746323100871436 0.0099588577306318343 -0.02891940035165616 -0.058942396098466 0.0017417737362153893 -0.056141308875521642 -0.20302568836984308 -0.0011108333785028687 -0.09175445412210112 -0.0050034157803711078 -0.09143159597889311 -0.01467946973731951 -0.1528269337789685 0.010652442547055755 -0.024237355702085257 -0.15488784596344835 -0.017553343784777214 -0.044201887404689416 0.0085445556470321628 -0.0076846219633923702 -0.020282003149904054 -0.013817314528874887 -0.081599065059207262 -0.0022895135141816109 -0.036730473071477053 -0.0052880677371590452 -0.099263439035309209 -0.0099496059694296722 -0.0019511326195224654 -0.015898373224457613 -0.0021235629454579045 -0.067970845734718996 -0.0021176284407187656 8.0112717217869223e-05 -0.013839102878577819 0.015216715627860639 -0.077135898387580171 -0.014225498705069317 0.0019617861741903476 -0.023512269008424874 -0.00067873134364645799 0.019287914176206376 0.04736353210702119 0.020016040039499604 0.024713201134957254 -0.0067580521354076778 -0.068153789106009013 0.015953392015572363 -0.037328268226584735 0.0047292950089565999 -0.032583291769132432 0.0015843843827978931 -0.0072114864792094261 -0.15080344367639295 -0.0051425378237034596 -0.0022773940319875405 -0.0044856894521741134 0.0052139527447926555 -0.088168846342532123 -0.0016013454340068599 -0.013535011955623136 0.023193241925532251 -0.050114143614191559 -0.014280865308766013 -0.068566893097184112 0.021842337883003861 0.010022033784451909 -0.00575809978260447 -0.014126695409749567 -0.048381612388086463 -0.011017244949439372 -0.053176124647613995 0.0042937097445954952 -0.0024702582474372416 -0.027915840176556229 0.014157366451970301 0.0066488826003734706 0.0066701229743454001 -0.012762290528108513 -0.092682258817535557 -0.021283333803280947 -0.021126127203435836 -0.049646535236521488 -0.0043359077838709256 -0.059489209886248173 -0.015540922882655612 0.032346756141637623 0.017847754185474136 0.030878208774201416 -0.0089312505463149082 -0.01595116491124457 -0.032812826382102103 -0.035997583898982069 -0.21091214013099671 -0.01296819854663645 -0.028835036386532169 -0.025829268144514726 -0.10830752531687418 0.0024522906362484734 -0.090065646896947099 -0.030255787956579395 0.001297878487279963 -0.026163546741146366 0.012082597195218994 0.01165163758419622 0.014215160640472147 -0.0018604412947539678 -0.14534270235208366 -0.034976151540992761
leaf_weight=2364 165 917 6541 406 3216 156 262 106 123 249 4118 6374 969 28676 4022 3655 4473 190 2701 2651 455 2420 127 186 16148 295 316 115 1598 152 1254 242 105 281 155 569 2908 115 473 192 3016 2442 2494 139 11162 12550 7884 459 100 717 134 19238 247 160 14105 2720 1479 4501 5095 1302 1389 573 903 156 536 1133 8678 626 1356 54664 111 9001 5198 30686 49213 226 7507 161 2513 269 28226 217 138 1834 4195 829 356 7343 438 3073 10456 639 674 9255 4675 1698 497 262 699 209 42843 512 722 722 245 140 342 2724 219 436 119 7048 1666 261 107 1369 105 291 1153 599 12392 3659 223 550 194 126
leaf_count=2364 165 917 6541 406 3216 156 262 106 123 249 4118 6374 969 28676 4022 3655 4473 190 2701 2651 455 2420 127 186 16148 295 316 115 1598 152 1254 242 105 281 155 569 2908 115 473 192 3016 2442 2494 139 11162 12550 7884 459 100 717 134 19238 247 160 14105 2720 1479 4501 5095 1302 1389 573 903 156 536 1133 8678 626 1356 54664 111 9001 5198 30686 49213 226 7507 161 2513 269 28226 217 138 1834 4195 829 356 7343 438 3073 10456 639 674 9255 4675 1698 497 262 699 209 42843 512 722 722 245 140 342 2724 219 436 119 7048 1666 261 107 1369 105 291 1153 599 12392 3659 223 550 194 126
internal_value=-0.00487895 -0.0045056 -0.00280226 -0.0065872 0.00138543 -0.109228 -0.122085 -0.141866 -0.119201 -0.142112 0.00269605 -0.00076053 -0.0112064 -0.00838147 0.0210578 -0.0066517 -0.0197254 -0.0242951 -0.0100249 -0.0113519 -0.0101552 -0.0133315 -0.123257 -0.14707 0.00306216 -0.0475627 -0.0566132 0.00457617 0.00638481 -0.109174 -0.00712619 -0.00215624 -0.0367909 -0.0136394 0.00421425 -0.0164932 -0.0198532 0.00475448 -0.0291264 -0.0457854 -0.0128056 -0.0239881 -0.0174337 -0.0337196 -0.00409634 -0.00708564 -0.0188021 -0.0365779 -0.00520428 -0.0272072 -0.0390398 -0.0137531 -0.011769 -0.0228865 -0.00931728 -0.00123252 -0.00701432 0.00815215 0.00950438 0.0332341 0.00326135 0.00295514 -0.00105102 -0.00189884 -0.0154965 -0.0237798 0.000454138 -0.00956607 -0.0147658 -0.00872095 -0.112052 -0.0110797 -0.0055382 -0.00334821 0.0042006 -0.00151121 -0.00433564 -0.0572345 0.0134137 -0.0154422 -0.014726 -0.039875 -0.0225879 -0.00679212 -0.000956974 -0.0310079 -0.0280213 -0.00437487 -0.0083884 -0.00650012 -0.00121684 -0.00393814 0.00745732 0.00276171 -0.0017519 0.00149143 -0.0747987 -0.058704 -0.0297762 -0.00412631 -0.00455702 -0.0194874 -0.0338089 0.0251002 0.00408879 -0.00401005 -0.0179004 -0.0246784 -0.0459469 -0.06227 -0.0959536 -0.0143405 -0.0186118 -0.0454648 -0.0706947 -0.00528665 -0.021793 -0.0463014 -0.0129832 -0.00645675 0.00961424 0.00397577 -0.0119166 -0.0270483 -0.0601857 0.00638483
internal_weight=519763 517911 359793 213099 78174 1852 1687 1339 1077 837 146694 70486 134925 158118 7688 27738 16432 11333 118493 92915 81452 40029 714 465 42748 2163 1726 111890 26113 279 127646 16635 487 30472 1748 831 11463 111302 588 348 39574 8555 5145 3410 22856 41423 9170 1286 25578 928 240 37154 437 880 28873 5168 4199 33955 29454 3666 77347 75958 18014 17441 2572 2036 14869 5099 34138 83340 211 23705 6191 34804 57944 8731 7894 387 8887 32782 28724 498 993 17191 6029 3271 672 24650 10854 10416 13796 11095 24359 17226 7971 6373 1054 557 855 44306 43052 12391 1234 837 5665 382 11157 3840 1116 774 338 7317 4882 421 262 2010 641 396 20391 9600 17818 5426 1767 967 417 800
internal_count=519763 517911 359793 213099 78174 1852 1687 1339 1077 837 146694 70486 134925 158118 7688 27738 16432 11333 118493 92915 81452 40029 714 465 42748 2163 1726 111890 26113 279 127646 16635 487 30472 1748 831 11463 111302 588 348 39574 8555 5145 3410 22856 41423 9170 1286 25578 928 240 37154 437 880 28873 5168 4199 33955 29454 3666 77347 75958 18014 17441 2572 2036 14869 5099 34138 83340 211 23705 6191 34804 57944 8731 7894 387 8887 32782 28724 498 993 17191 6029 3271 672 24650 10854 10416 13796 11095 24359 17226 7971 6373 1054 557 855 44306 43052 12391 1234 837 5665 382 11157 3840 1116 774 338 7317 4882 421 262 2010 641 396 20391 9600 17818 5426 1767 967 417 800
cat_boundaries=0 1 2 3 4 5 6 7 8 9 10 11 12 13 14 15 16 17 18
cat_threshold=2 1 6 2 2 10 4 2 4 4 1 2 1 1 1 1 4 1
is_linear=0
shrinkage=0.03


Tree=11
num_leaves=127
num_cat=34
split_feature=0 5 5 5 0 5 25 5 27 5 0 11 5 12 5 5 8 29 5 27 28 25 5 5 0 25 25 0 0 0 27 11 25 27 0 5 27 29 0 25 25 0 0 12 26 29 5 4 0 25 5 27 0 4 0 25 5 26 11 5 25 27 0 5 0 27 0 27 30 0 12 11 25 11 0 32 27 25 25 0 27 5 26 0 5 25 5 25 0 28 5 12 25 21 5 27 0 25 12 0 5 27 27 0 4 21 12 0 0 25 3 5 0 5 27 0 0 4 4 25 27 0 4 27 5 27
split_gain=20027.5 9363.46 7140 6304.46 3393.29 5127.06 3881.08 3291.98 2632.54 3508.21 4012.93 2668.37 2866.11 2507.72 2095.12 1952.31 1897.36 1877.94 1828.71 1810.51 1765.37 1586.89 1334.27 1270.83 1188.66 1173.06 1342.92 1162.39 1573.54 1373.23 2474.34 1101.17 1066.39 1164.95 1064.12 1058.18 983.348 1580.94 983.148 1735.8 1492.32 1409.02 3611.6 1086.22 946.017 912.213 897.086 890.166 881.939 1544.59 871.805 1011.98 846.15 852.784 965.373 1005.82 828.285 800.598 816.242 990.782 1253.35 804.957 888.436 1502.31 784.515 1197.62 777.669 993.047 741.903 717.238 711.736 1834.48 933.388 706.129 668.549 654.716 653.796 644.655 853.341 629.284 618.235 612.013 578.819 575.758 575.593 571.328 564.393 543.365 605.857 534.575 531.496 527.089 521.129 517.324 509.876 609.63 505.354 540.59 499.992 621.474 451.708 448.294 707.636 664.728 653.367 457.117 446.272 444.356 440.391 517.005 435.883 423.967 600.473 671.803 849.112 539.897 768.895 597.37 532.181 410.236 1065.29 3212.77 1847.14 414.293 510.969 469.24
threshold=13030.000000000002 0 1 2 180.00000000000003 3 51.500000000000007 4 0.095947422087192549 5 475.00000000000006 0.2603727281093598 6 -0.30164489150047297 7 8 3.5000000000000004 0.08521361276507379 9 0.16058247536420825 0.069924898445606246 49.000000000000007 10 11 325.00000000000006 71.500000000000014 69.500000000000014 325.00000000000006 950.00000000000011 615.00000000000011 0.092709075659513487 0.24372619390487674 50.500000000000007 0.15550526976585391 6250.0000000000009 12 0.058047603815793998 0.11490825563669206 225.00000000000003 19.500000000000004 59.500000000000007 950.00000000000011 325.00000000000006 0.56901594996452343 0.22268813848495486 0.064788181334733977 13 14 1225.0000000000002 113.00000000000001 15 0.059944719076156623 61.500000000000007 16 45.000000000000007 97.500000000000014 17 0.17269647866487506 0.24372619390487674 18 69.500000000000014 0.086274277418851866 950.00000000000011 19 225.00000000000003 0.061421869322657592 1715.0000000000002 0.10038758814334871 0.095693141222000136 1560.0000000000002 -0.73284119367599476 0.24372619390487674 117.50000000000001 0.42958675324916845 325.00000000000006 0.12430509924888612 0.098019190132617964 57.500000000000007 88.500000000000014 155.00000000000003 0.095947422087192549 20 0.17467451840639117 90.000000000000014 21 107.50000000000001 22 75.500000000000014 850.00000000000011 0.097389966249465956 23 -0.21862536668777463 80.500000000000014 0.063850197941064848 24 0.058846931904554374 615.00000000000011 16.500000000000004 -0.23537842929363248 1715.0000000000002 25 0.059393314644694335 0.072961069643497481 325.00000000000006 26 0.067053630948066725 0.071972697973251357 90.000000000000014 10450.000000000002 86.500000000000014 27 28 950.00000000000011 29 0.051913643255829818 615.00000000000011 425.00000000000006 30 31 17.500000000000004 0.086274277418851866 325.00000000000006 32 0.064750330522656455 33 0.059393314644694335
decision_type=2 9 9 9 2 9 2 9 2 9 2 2 9 2 9 9 2 8 9 2 10 2 9 9 2 2 2 2 2 2 2 2 2 2 2 9 2 8 2 2 2 2 2 2 10 10 9 9 2 2 9 2 2 9 2 2 9 10 2 9 2 2 2 9 2 2 2 2 10 2 2 2 2 2 2 8 2 2 2 2 2 9 10 2 9 2 9 2 2 8 9 2 2 8 9 2 2 2 2 2 9 2 2 2 9 8 2 2 2 2 1 9 2 9 2 2 2 9 9 2 2 2 9 2 9 2
left_child=1 13 -2 20 5 6 16 17 18 10 -10 35 19 15 21 74 -5 -4 57 46 83 27 52 -11 50 26 -8 64 29 -29 -31 119 106 85 -25 98 47 69 40 41 -16 42 -40 76 56 79 -13 -23 49 92 68 73 53 54 -7 -56 75 58 91 60 -60 -61 63 -63 65 -15 67 -58 -20 -38 71 86 111 -52 94 -14 -44 -41 80 -42 -79 -76 107 -3 -73 -34 -26 -33 -89 -48 -75 -6 101 -49 95 -1 97 -45 99 -12 -9 103 -103 -39 -105 -104 -19 -54 109 -101 -74 112 113 -72 -115 116 -116 -117 -114 120 121 -17 -123 124 -121 -126
right_child=2 3 7 4 8 22 25 100 9 23 11 12 44 14 38 31 -18 32 24 -21 -22 36 -24 34 70 -27 -28 28 -30 30 -32 87 33 -35 -36 -37 37 48 39 77 45 -43 43 96 -46 -47 89 93 -50 -51 51 -53 82 -55 55 -57 66 -59 59 61 -62 62 -64 -65 -66 -67 -68 -69 -70 -71 72 84 110 90 81 -77 -78 78 -80 -81 -82 -83 -84 -85 -86 -87 -88 88 -90 -91 -92 -93 -94 -95 -96 -97 -98 -99 -100 108 -102 102 105 104 -106 -107 -108 -109 -110 -111 -112 -113 118 114 115 117 -118 -119 -120 123 -122 122 -124 -125 125 -127
leaf_value=-0.021824615526056915 -0.21630507037302399 -0.0041112034529179513 0.011355167279233698 -0.025481204063120023 0.0097377377121230079 0.0084535200153614438 -0.029254209264349327 -0.039790521562099453 -0.17836646819677879 0.014782685020266416 0.0054629914676149463 0.00056602472348417008 -0.066960619380073957 -0.077173876004726874 -0.013619868827818243 0.015897941532787518 -0.13331419149004076 -0.032913292673857585 -0.0040013102749583696 -0.15519676307722324 0.034584655115206801 0.03184773544595508 -0.010978880525156186 -0.00057032304613539799 0.018267599720381875 -0.017831256279560281 -0.083954532754017541 -0.031360255405156912 0.01394386499432642 -0.19136529335872732 -0.048588772603937527 -0.015036106734054753 -0.0719027955239189 -0.20654804607578128 -0.095737519106774957 -0.010789359835263112 -0.089422127958721745 -0.045187226376428892 -0.017623151257107002 -0.00067470087307256712 -0.022531522946594058 0.0023465620525475626 -0.012760135497550427 -0.036906547681145048 0.00028507048064435321 -0.086022438942228704 -0.12979680567128316 0.0095641736189827752 -0.0024833734770737708 -0.035523493341747335 -0.002928446646418371 -0.027690324443412108 0.038814212570663628 0.000473960533587246 -0.039992956642576676 -0.12923948774804603 -0.044825246073533893 0.015054516554572156 -0.010130766511938418 0.002779663630077873 -0.095261610708465533 -0.13111749508683046 -0.0049688442624621311 -0.020387890382334885 0.001491587991621846 -0.011274517389824004 -0.10032270254383624 -0.013849704272012327 0.014985309565813173 -0.0053787081197566918 0.0070048679188715116 -0.025432211257685557 0.0041796309563860781 -0.011501876904006881 0.03687603246328619 -0.013341811467744718 -0.10280502498149871 -0.021999080805766524 -0.0042430039886884206 -0.041719350545103312 -0.007981178556697088 0.00514999310295732 0.031553138785421285 0.01244054668631055 -0.0038274956292467127 -0.15258039328436188 0.0062956614220280498 0.011943537852478312 -0.041524415644684974 -0.056442042503453721 -0.035854714376511901 0.002605312131341376 -0.0037751712108635843 -0.0057750077778881831 0.0030843821251974497 0.00079232219091798155 -0.14533538631037857 -0.11690001114224226 -0.0049599672857498925 -0.096677318390872735 0.02660063118003721 -0.0007685443288119202 0.020839496236168226 -0.034317958220058856 0.0072486927628490488 -0.017087359632032006 -0.099617465875916564 -0.00049846225905097704 0.010704308968037366 -0.010992759311310022 0.029475250109361195 -0.00027212569124993518 -0.021342638788973071 -0.024600855683654433 -0.005604184256520749 0.016415053106109745 -0.087966502974334532 -0.022189979819471344 -0.0033683315986254934 0.029252576676952951 0.0083913834954940873 -0.13784565896667964 -0.034229575520730575 -0.0078473538255442298 -0.0091507725831888338 0.0071150029106837468
leaf_weight=2365 392 2148 121 212 19392 271 1359 129 126 5264 9132 250 209 330 4779 540 481 132 12192 172 3219 647 23764 43927 5099 4747 575 3284 572 138 516 8536 173 175 105 20092 333 953 1414 3255 2779 635 192 114 2557 308 104 2250 9217 2537 8754 2800 261 931 563 142 1794 6491 511 12728 223 136 1645 495 2193 994 141 1939 2183 126 4422 1571 15143 3201 566 8663 116 11552 4960 3458 3753 10964 535 15809 3761 150 11709 221 1374 641 1086 17964 6640 16367 4236 1962 288 235 14557 134 260 3834 294 648 715 9575 294 20966 134 120 638 23610 3641 1978 10703 1963 102 441 2501 519 742 298 323 15927 3349 3048
leaf_count=2365 392 2148 121 212 19392 271 1359 129 126 5264 9132 250 209 330 4779 540 481 132 12192 172 3219 647 23764 43927 5099 4747 575 3284 572 138 516 8536 173 175 105 20092 333 953 1414 3255 2779 635 192 114 2557 308 104 2250 9217 2537 8754 2800 261 931 563 142 1794 6491 511 12728 223 136 1645 495 2193 994 141 1939 2183 126 4422 1571 15143 3201 566 8663 116 11552 4960 3458 3753 10964 535 15809 3761 150 11709 221 1374 641 1086 17964 6640 16367 4236 1962 288 235 14557 134 260 3834 294 648 715 9575 294 20966 134 120 638 23610 3641 1978 10703 1963 102 441 2501 519 742 298 323 15927 3349 3048
internal_value=-0.0047425 -0.00439285 -0.103895 -0.00175792 -0.00274176 -0.00958217 -0.0328357 -0.0710342 -0.00143621 -0.00507978 -0.00990306 -0.00955171 -0.0198572 -0.0105661 -0.0133962 -0.00541945 -0.100411 -0.0987523 0.000828376 -0.0649964 0.0141225 -0.0100024 -0.00595836 0.000867571 -0.00134269 -0.0258615 -0.0455522 -0.0224513 -0.0325313 -0.0392837 -0.0789621 -0.00970903 -0.114235 -0.144095 -0.000799249 -0.0057086 -0.008158 -0.0111631 -0.0189638 -0.0158074 -0.026369 -0.0373188 -0.0479925 -0.0933673 -0.0163577 -0.0356746 -0.0499164 -0.00271783 -0.0104243 -0.0133289 -0.00647105 -0.011322 -0.000914934 -0.0200714 -0.0396499 -0.0581265 -0.019709 0.0051089 0.0038937 -0.001837 -0.0356048 -0.000158969 -0.0165873 -0.0468205 -0.00951966 -0.0277454 -0.0312936 -0.0287439 -0.00111637 -0.0664132 0.000432594 0.00507933 -0.00114676 -0.00781438 0.00203026 -0.0145959 -0.0468961 -0.0130676 -0.015058 -0.0331749 -0.0185624 0.00674691 0.000764166 0.0104605 -0.0102515 -0.109724 0.00994304 -0.0180426 -0.0341132 -0.0659583 -0.0177884 0.00630801 -0.0108425 -0.00392074 -0.00431835 -0.0115449 -0.115728 -0.0909504 -0.00146339 0.00388163 0.00409525 -0.0137715 -0.0117067 -0.0259779 -0.0125237 -0.0159555 -0.0790741 -1.32813e-05 -0.0332557 -0.0563983 0.00520409 -0.00317723 -0.00583831 -0.00327634 -0.00627067 -0.00352888 -0.00638976 0.0093269 -0.0140253 -0.0063006 -0.01968 -0.0376123 -0.0840936 -0.00518518 0.000945847 -0.00139848
internal_weight=519924 518098 1826 363127 341951 54807 7374 1434 287144 110061 60765 60639 16470 154971 100001 54970 693 1045 177083 1167 21176 62163 47433 49296 117498 6681 1934 8027 4510 3938 654 34877 924 498 44032 44169 54136 34872 37838 26514 11324 2994 2359 945 15303 6545 995 19264 34413 25196 30216 15841 23669 1907 976 705 12746 59585 53094 15738 734 15004 2276 631 3517 1324 3874 3733 14375 459 87282 22140 65142 13041 20093 8872 308 23520 20265 6237 15305 11530 21762 17957 5332 323 16808 10131 1595 745 4287 37356 22659 18617 8563 4327 637 349 24077 9520 389 16019 13703 2316 1363 9869 426 21227 388 254 15781 49361 25751 19609 15187 13209 10805 2404 6142 24746 1903 1161 621 22843 6916 6397
internal_count=519924 518098 1826 363127 341951 54807 7374 1434 287144 110061 60765 60639 16470 154971 100001 54970 693 1045 177083 1167 21176 62163 47433 49296 117498 6681 1934 8027 4510 3938 654 34877 924 498 44032 44169 54136 34872 37838 26514 11324 2994 2359 945 15303 6545 995 19264 34413 25196 30216 15841 23669 1907 976 705 12746 59585 53094 15738 734 15004 2276 631 3517 1324 3874 3733 14375 459 87282 22140 65142 13041 20093 8872 308 23520 20265 6237 15305 11530 21762 17957 5332 323 16808 10131 1595 745 4287 37356 22659 18617 8563 4327 637 349 24077 9520 389 16019 13703 2316 1363 9869 426 21227 388 254 15781 49361 25751 19609 15187 13209 10805 2404 6142 24746 1903 1161 621 22843 6916 6397
cat_boundaries=0 2 4 6 8 10 12 13 15 17 19 21 22 24 25 26 28 29 31 32 34 35 36 38 40 42 44 45 46 48 49 50 51 52 54
cat_threshold=2671657 2133 268435458 8192 84 2 131074 4608 571998208 4 1989289984 25344 1140992000 2654208 21 2098209 2064 944119938 8712 1166022656 16552 514 43132928 512 8192 4 67111424 5280 1 571473920 24576 2 0 8704 1056 3229614592 1090519552 17408 1082134528 16384 2097152 16 134217728 2048 2 2 2224029696 20864 2148532224 1 4 1 524288 4
is_linear=0
shrinkage=0.03


Tree=12
num_leaves=127
num_cat=35
split_feature=0 5 5 5 2 5 5 12 5 5 5 5 0 28 8 0 11 22 5 23 25 12 12 11 0 28 11 2 25 12 0 0 0 27 0 0 25 25 25 0 0 25 5 11 0 11 27 23 12 0 27 30 25 12 11 13 11 12 5 3 27 25 5 5 5 12 5 0 0 23 28 0 0 0 5 11 25 12 5 5 2 25 0 0 5 25 0 0 25 0 27 25 27 5 0 0 5 27 5 0 5 5 27 23 0 28 0 5 22 27 29 29 5 27 25 27 25 5 3 25 0 5 0 25 25 3
split_gain=20133.4 8758.32 6667.81 5704.54 4418.58 4913.43 2574.8 2410.34 2236.96 2155.41 2137 2018.22 1868.44 1648.63 1480.85 1446.97 1400.67 2591.69 3010.63 1393.39 1346.34 1325.67 1300.59 1275.01 1264.03 1259.6 1823.6 1104.92 1175.66 1079.34 1034.75 1148.01 1435.23 2095.31 1018.23 3875.18 946.32 1144.02 1027.76 2882.35 996.176 941.042 924.689 907.249 896.912 1118.85 851.464 833.671 1930.45 824.247 1078.62 743.96 870.921 737.347 733.274 702.413 1542.57 1304.55 990.676 659.698 800.644 684.979 641.361 636.878 622.722 616.127 606.94 1085.81 1206.24 1208.59 1162.68 811.149 766.449 636.999 587.584 587.327 584.625 566.012 564.426 558.643 555.428 543.681 546.594 526.187 525.277 523.866 521.522 516.875 575.365 1229.63 2695.1 1715.74 555.879 514.744 670.605 828.228 510.593 508.586 491.704 486.022 612.811 555.686 596.39 470.811 475.409 455.838 606.681 454.747 445.279 434.647 430.821 424.484 418.618 596.456 409.151 409.074 406.448 405.541 404.909 398.067 909.141 480.727 1493.59 1295.57 397.309 391.911
threshold=13030.000000000002 0 1 2 3 4 5 -0.082691941410303102 6 7 8 9 1715.0000000000002 0.069924898445606246 3.5000000000000004 1940.0000000000002 0.24372619390487674 -2.3023446202278133 10 0.093464292585849776 49.000000000000007 -0.87397405505180348 -0.23537842929363248 0.24372619390487674 155.00000000000003 0.13561000674963 0.23537775129079822 11 113.00000000000001 0.66367807984352123 325.00000000000006 950.00000000000011 615.00000000000011 0.092709075659513487 950.00000000000011 850.00000000000011 88.500000000000014 59.500000000000007 19.500000000000004 325.00000000000006 325.00000000000006 50.500000000000007 12 0.24372619390487674 1225.0000000000002 0.24372619390487674 0.15550526976585391 0.035104382783174522 -0.11692317575216292 225.00000000000003 0.061421869322657592 0.072865519672632231 79.500000000000014 0.92191100120544445 -0.5917624533176421 38.500000000000007 0.41398981213569647 -0.23537842929363248 13 14 0.089248880743980422 67.500000000000014 15 16 17 0.93469110131263744 18 225.00000000000003 325.00000000000006 0.081555202603340163 0.10057403892278673 1225.0000000000002 1560.0000000000002 155.00000000000003 19 -0.4218058288097381 77.500000000000014 -0.23537842929363248 20 21 22 75.500000000000014 850.00000000000011 1280.0000000000002 23 53.500000000000007 325.00000000000006 1560.0000000000002 17.500000000000004 325.00000000000006 0.086274277418851866 14.500000000000002 0.064750330522656455 24 1280.0000000000002 1560.0000000000002 25 0.084925193339586272 26 325.00000000000006 27 28 0.058846931904554374 0.043235365301370628 155.00000000000003 0.14626699686050418 155.00000000000003 29 -0.081829313188791261 0.059393314644694335 0.040852611884474761 0.056686626747250564 30 0.10038758814334871 57.500000000000007 0.049178216606378562 14.500000000000002 31 32 10.500000000000002 155.00000000000003 33 110.00000000000001 97.500000000000014 77.500000000000014 34
decision_type=2 9 9 9 9 9 9 2 9 9 9 9 2 10 2 2 2 10 9 8 2 2 2 2 2 8 2 9 2 2 2 2 2 2 2 2 2 2 2 2 2 2 9 2 2 2 2 8 2 2 2 8 2 2 2 2 2 2 9 1 2 2 9 9 9 2 9 2 2 8 8 2 2 2 9 2 2 2 9 9 9 2 2 2 9 2 2 2 2 2 2 2 2 9 2 2 9 2 9 2 9 9 2 8 2 10 2 9 10 2 8 8 9 2 2 2 2 9 1 2 2 9 2 2 2 1
left_child=1 7 9 13 11 12 14 10 20 19 99 25 42 80 -7 -14 22 18 -18 -2 30 23 83 98 116 -5 77 28 62 64 49 32 -32 -34 35 36 37 38 39 -10 51 -21 -6 87 -16 -46 -43 -26 -49 50 -9 -39 -53 55 -41 56 74 58 -58 60 -42 -62 -22 -28 -4 -31 103 73 70 71 -69 108 -73 110 -23 -37 118 -27 -59 -17 -3 117 -83 -8 -25 -71 -40 88 89 -12 91 -91 107 94 -19 -96 -79 -75 -13 101 -101 102 -1 104 -29 106 -44 -90 -70 -109 -68 -38 113 -36 -88 -78 -20 -45 -72 120 -24 122 123 -121 -111 -82
right_child=2 3 29 4 5 6 16 8 34 -11 43 21 15 -15 44 79 17 93 24 41 27 53 119 84 47 26 63 66 -30 65 31 -33 33 -35 112 75 111 40 86 54 59 46 105 81 45 -47 -48 48 -50 -51 -52 52 -54 -55 -56 -57 57 78 -60 -61 61 -63 -64 -65 -66 -67 67 68 69 85 76 72 -74 97 -76 -77 115 96 -80 -81 125 82 -84 -85 -86 -87 114 -89 92 90 -92 -93 -94 -95 95 -97 -98 -99 -100 100 -102 -103 -104 -105 -106 -107 -108 109 -110 124 -112 -113 -114 -115 -116 -117 -118 -119 -120 121 -122 -123 -124 -125 -126 -127
leaf_value=-0.020459806046460974 -0.021297798500191874 0.015117638881344275 -0.050584033981446293 0.012313573368955303 0.0016327412982630504 -0.018366029663747195 -0.0038515241700910331 -0.079205024282480094 -0.013451687545566899 -0.20740792900755783 0.014663733524976753 0.02095743057182264 -0.10818178651040926 0.03328401992624809 -0.12083986774556615 -0.0068926699388986009 -0.01609317800590964 -0.015357384461910074 -0.044461336644812367 -0.077659888321068141 -0.0022170681213422162 0.0090005453570994945 -0.011087926388080828 0.0025207211670766104 0.028709354360516255 0.0088424969596108387 -0.024252552085401318 0.0056684166258234624 -0.033313566024298781 -0.13443424724468162 -0.029664610915814089 0.012776395444810736 -0.18479130506515501 -0.048057030752978319 -0.030294868341241538 -0.090091813185846234 -0.028845827869172599 -0.021946452619035498 -0.0143721754723615 -0.036620124653862413 -0.0033883624129005035 -0.12078077976520245 -0.010541610777306006 0.0060744505097846619 -0.0046288902369458129 -0.11640840958160675 -0.208374468800375 -0.043488289964828099 -0.1722303596084768 0.0025751443614955914 -0.01262969296020785 -0.033147426052605851 -0.05845169309711358 0.00091717966287055094 -0.10677121022449634 -0.0077533272659165318 0.00013871960567765778 -0.0066200171209592623 -0.020241104234319709 -0.031145915931685371 -0.00633781976096859 -0.060284616116188912 -0.016201998524594814 -0.0055284580361940599 0.022830892610068938 -0.039672020290579119 -0.043572835039509372 0.012047569824259748 -0.040640938147706418 -0.024262316605262117 -0.021233520626014538 -0.088444532140707355 -0.0024205753393471241 0.015066890632555568 -0.00059390864579316426 -0.18205706956711681 -0.0022469813400769934 0.010378894459195747 0.0019933708499268441 -0.055439239195676948 0.0182646212740201 0.011988509476650505 -0.040088332696454822 0.024101188838305906 -0.015481848384653392 -0.0001394285166979487 0.018543977987936226 0.01730558788119026 0.016592256192964883 -0.033360831187281788 0.00078792931924135182 -0.1276280871072317 -0.009360821562586075 -0.0060118980279322172 -0.10486300055541138 -0.017858132639680186 -0.00039078508616218014 -0.039984533233954657 0.0061928695733709767 0.035120957534217359 0.0039813810876712756 0.0036465817147297453 0.00033467234883769245 0.0017244705552160867 -0.045959843338331009 -0.021399964550704392 -0.0011788782907584448 -0.011736717076595756 0.026430029747707227 0.0071348578562344268 -0.0035911941858126359 -0.0038823225962670649 -0.0031073460655697527 -0.0016687892099298471 -0.0083005082770280861 -0.042558612011449656 -0.10174943742140534 -0.01630415772108651 0.023303967529028174 -0.10974485461977208 -0.098547483362934798 -0.0096106121725836081 -0.014870384415030181 -0.031901271405003741 -0.032166030711850618 0.0015828287321922496
leaf_weight=2591 122 8981 144 13766 39300 480 13314 289 2051 403 562 2299 222 3194 348 652 3934 2808 141 197 4767 10066 305 2524 129 18135 2056 276 2533 104 3025 458 135 395 1560 126 733 2518 4984 192 2776 246 9751 794 192 138 176 2295 109 2026 897 3653 1846 29319 455 37263 2918 15144 8186 2544 379 480 7797 7933 305 153 275 787 170 893 2975 350 127 3033 13367 131 254 4981 12486 314 1535 208 1396 634 3447 8646 913 760 1275 350 782 346 18241 7224 178 220 19205 158 17163 586 12313 5034 2382 11846 382 1528 17241 2808 185 3131 2004 3723 4288 1129 1158 2105 576 8792 195 275 164 10789 7725 640 249 7252
leaf_count=2591 122 8981 144 13766 39300 480 13314 289 2051 403 562 2299 222 3194 348 652 3934 2808 141 197 4767 10066 305 2524 129 18135 2056 276 2533 104 3025 458 135 395 1560 126 733 2518 4984 192 2776 246 9751 794 192 138 176 2295 109 2026 897 3653 1846 29319 455 37263 2918 15144 8186 2544 379 480 7797 7933 305 153 275 787 170 893 2975 350 127 3033 13367 131 254 4981 12486 314 1535 208 1396 634 3447 8646 913 760 1275 350 782 346 18241 7224 178 220 19205 158 17163 586 12313 5034 2382 11846 382 1528 17241 2808 185 3131 2004 3723 4288 1129 1158 2105 576 8792 195 275 164 10789 7725 640 249 7252
internal_value=-0.00465453 -0.00430165 -0.103419 -0.00175016 -0.00268173 -0.00727111 -0.0141758 -0.0102652 -0.0133392 -0.147687 -0.0057184 -0.000147256 -0.0020049 0.013437 -0.0582389 -0.0392869 -0.013172 -0.0200355 -0.0339002 -0.112648 -0.00964589 -0.00202719 -0.00960361 0.00423141 -0.0552239 0.004239 0.00211469 -0.0078901 -0.0146621 -0.029081 -0.0217484 -0.0319041 -0.0376623 -0.083168 -0.0192359 -0.0217431 -0.0206911 -0.023053 -0.0151399 -0.0308849 -0.0284881 -0.132406 -0.00135156 -0.00992756 -0.0872566 -0.0515835 -0.157719 -0.0454074 -0.0493948 -0.00905419 -0.0289056 -0.0354657 -0.0416511 -0.00326369 -0.0860422 -0.00449651 -0.00254427 -0.00621983 -0.0149041 -0.0194306 -0.0112252 -0.0365178 -0.0109111 -0.00941422 -0.00139103 -0.0783918 -0.00493449 -0.00791618 -0.0117219 -0.0054265 -0.0220566 -0.040081 -0.0655939 0.00367921 0.00353133 -0.137493 -0.0269123 0.00483601 -0.00272937 -0.0233584 0.00987521 -0.0171686 -0.033332 -0.00257931 -0.00789454 -0.00240002 -0.00911513 -0.0070879 -0.00775671 -0.0230887 -0.037444 -0.0803395 -0.00653904 -0.0104834 -0.0204713 -0.0569351 0.00183165 0.0123294 0.00795191 0.00157946 0.00542897 -0.00338102 -0.0104804 0.000351365 -0.0243285 -0.00546243 -0.00456148 0.000358262 -0.0057124 -0.00301074 -0.00843265 -0.0079943 -0.00896167 -0.0182133 0.00353712 -0.0382209 -0.0905612 -0.0144608 -0.0184873 -0.0145271 -0.0418154 -0.0138663 -0.0191454 -0.0553912 0.00423096 0.0044936
internal_weight=519918 518068 1850 362846 341884 121626 52618 155222 92622 1144 62600 220258 69008 20962 1158 1188 51460 17614 7184 741 56983 154182 33846 25433 3250 66076 52310 49758 15097 706 7225 4013 3555 530 35639 28662 28405 23949 9753 2698 14196 619 67820 39694 678 330 422 2533 2404 3212 1186 8017 5499 128749 647 99430 62167 38734 11104 6179 3635 859 12564 9989 449 257 34661 22157 16687 10371 6316 832 477 5470 23433 257 5529 42321 27630 966 17768 11190 1604 13948 5971 9539 7055 28504 27744 2040 1478 696 25704 10430 3206 398 24186 3191 19462 22906 12899 10007 4973 12504 658 28520 26992 7463 355 6188 2279 4456 6977 2689 2071 2359 717 9586 3170 19898 469 19429 8640 915 3380 8787
internal_count=519918 518068 1850 362846 341884 121626 52618 155222 92622 1144 62600 220258 69008 20962 1158 1188 51460 17614 7184 741 56983 154182 33846 25433 3250 66076 52310 49758 15097 706 7225 4013 3555 530 35639 28662 28405 23949 9753 2698 14196 619 67820 39694 678 330 422 2533 2404 3212 1186 8017 5499 128749 647 99430 62167 38734 11104 6179 3635 859 12564 9989 449 257 34661 22157 16687 10371 6316 832 477 5470 23433 257 5529 42321 27630 966 17768 11190 1604 13948 5971 9539 7055 28504 27744 2040 1478 696 25704 10430 3206 398 24186 3191 19462 22906 12899 10007 4973 12504 658 28520 26992 7463 355 6188 2279 4456 6977 2689 2071 2359 717 9586 3170 19898 469 19429 8640 915 3380 8787
cat_boundaries=0 2 4 6 7 9 10 12 14 16 18 20 21 23 25 26 28 29 31 33 35 37 38 39 41 42 43 45 46 48 50 52 54 55 57 58
cat_threshold=2671657 2133 303038466 8196 84 2 6 1569984640 9384 131072 2654208 21 34603008 4 2098209 2064 407251586 520 2688614912 16640 4 92540928 8232 2147483648 21504 2 524288 5 268567040 524288 2048 524288 4 2197880832 21760 118489088 21760 9437184 6 536870912 21792 536936450 8322 0 17408 1056 2097152 16 32768 4 8 2048 524288 64 2 536870912 16896 2
is_linear=0
shrinkage=0.03


Tree=13
num_leaves=127
num_cat=42
split_feature=0 5 5 5 5 12 5 8 11 21 5 5 2 5 5 5 11 22 0 26 23 12 5 5 0 8 25 2 0 0 5 25 0 25 5 0 5 12 5 30 2 25 25 27 27 0 0 0 2 5 23 12 27 4 27 0 4 0 24 0 5 2 23 27 5 5 27 5 0 12 0 27 0 5 5 0 0 5 5 27 25 4 28 29 0 2 5 5 11 0 20 0 5 27 27 0 27 0 25 27 21 27 27 25 5 29 0 27 12 23 25 25 12 0 27 25 25 5 27 5 5 27 5 23 21 0
split_gain=18572.5 8422.13 6616.48 4240.86 3838.22 2604.16 2240.81 1855.38 4240.09 3906.78 2593.34 1496.36 1389.15 2453.6 2192.09 1369.31 1295.59 3569.02 1714.45 1274.49 1263.44 1218.45 1268.41 1210.67 1156.14 1129.27 1038.96 994.798 1246.97 3855.35 1754.79 1293.14 4675.04 1139.08 1089.43 1657.67 999.045 916.616 877.609 870.65 853.918 851.322 801.363 829.639 799.061 766.844 738.401 3339.31 716.514 1659.67 1023.32 1164.08 710.261 1030.7 683.857 656.939 962.087 2980.39 737.701 620.458 598.99 594.949 592.594 582.596 1051.86 825.468 750.898 579.652 575.122 568.498 566.219 984.349 680.46 1247.85 861.959 995.22 551.183 545.696 545.018 544.953 574.445 722.154 540.852 590.204 525.376 515.425 640.235 512.451 479.003 449.996 445.614 445.399 2432.16 752.166 442.081 440.106 425.087 415.843 510.568 564.609 475.203 414.021 408.688 405.165 401.797 592.908 399.853 399.451 393.188 386.749 384.044 1221.83 381.931 381.715 386.203 989.656 529.839 521.833 422.572 524.612 378.929 373.901 372.08 362.834 420.085 481.166
threshold=13030.000000000002 0 1 2 3 -0.33426210284233088 4 9.5000000000000018 0.24372619390487674 0.14014542102813723 5 6 7 8 9 10 0.35846313834190374 -2.9545826911926265 90.000000000000014 0.24214403331279757 0.093464292585849776 -0.42958799004554743 11 12 1940.0000000000002 9.5000000000000018 50.500000000000007 13 950.00000000000011 850.00000000000011 14 49.000000000000007 615.00000000000011 38.500000000000007 15 325.00000000000006 16 0.63755506277084362 17 0.10226471349596979 18 59.500000000000007 64.500000000000014 0.16058247536420825 0.098019190132617964 325.00000000000006 475.00000000000006 425.00000000000006 19 20 0.035104382783174522 -0.11692317575216292 0.055219287052750594 21 0.15550526976585391 325.00000000000006 22 950.00000000000011 0.99172651767730724 615.00000000000011 23 24 0.038110742345452316 0.060448419302701957 25 26 0.12835267186164859 27 55.000000000000007 0.92843842506408703 325.00000000000006 0.059944719076156623 715.00000000000011 28 29 1615.0000000000002 90.000000000000014 30 31 0.08212983608245851 69.500000000000014 32 0.10316013172268869 0.0429714322090149 1280.0000000000002 33 34 35 -0.4218058288097381 425.00000000000006 90.500000000000014 155.00000000000003 36 0.07936600968241693 0.069445703178644194 155.00000000000003 0.07936600968241693 61.500000000000007 81.500000000000014 0.098019190132617964 0.064643450081348433 0.086274277418851866 0.084925193339586272 47.500000000000007 37 0.071491584181785597 950.00000000000011 0.052256155759096153 0.92519181966781627 0.12481230497360231 77.500000000000014 88.500000000000014 0.48126256465911871 90.000000000000014 0.098654624074697508 76.500000000000014 77.500000000000014 38 0.058846931904554374 39 40 0.064750330522656455 41 0.051437802612781532 0.098624266684055342 325.00000000000006
decision_type=2 9 9 9 9 2 9 2 2 8 9 9 9 9 9 9 2 10 2 10 8 2 9 9 2 2 2 9 2 2 9 2 2 2 9 2 9 2 9 10 9 2 2 2 2 2 2 2 9 9 8 2 2 9 2 2 9 2 2 2 9 9 10 2 9 9 2 9 2 2 2 2 2 9 9 2 2 9 9 2 2 9 10 10 2 9 9 9 2 2 2 2 9 2 2 2 2 2 2 2 8 2 2 2 9 10 2 2 2 10 2 2 2 2 2 2 2 9 2 9 9 2 9 8 8 2
left_child=1 4 6 5 39 11 20 8 21 15 -11 -3 14 42 -12 62 24 18 -18 27 -2 22 70 40 25 38 -22 34 29 30 76 32 33 -32 35 112 -30 77 -6 121 87 -33 -14 61 -34 120 47 68 49 50 -20 95 53 -43 -28 96 57 58 -57 -27 -61 -44 -10 65 66 -15 -65 -48 -42 -39 -5 -72 73 -73 101 -76 94 -4 -47 -38 -81 -82 -19 -84 85 86 -25 -9 -31 -75 -77 92 -70 -93 -29 -52 107 100 99 102 -54 -74 -99 -91 105 -64 -69 -13 -87 -78 -36 123 -7 -24 117 -116 -117 -115 119 -119 -40 -1 -16 -112 -125 -126
right_child=2 3 37 7 16 19 -8 23 9 10 12 55 13 63 122 -17 17 82 48 -21 26 -23 113 84 -26 59 54 28 36 88 31 41 44 -35 110 -37 79 69 45 -41 46 52 43 -45 -46 78 67 -49 -50 -51 51 -53 97 -55 -56 56 -58 -59 -60 60 -62 -63 104 64 -66 -67 -68 106 91 -71 71 72 74 89 75 90 109 -79 -80 80 81 -83 83 -85 -86 108 -88 -89 -90 103 -92 93 -94 -95 -96 -97 -98 98 -100 -101 -102 -103 -104 -105 -106 -107 -108 -109 -110 -111 111 -113 -114 114 115 116 -118 118 -120 -121 -122 -123 -124 124 125 -127
leaf_value=0.023245330962848511 -0.017844762096279547 0.0053126468721974868 -0.047600532849103407 -0.0063523597148646771 0.013692720785815505 -0.063421751595225409 -0.20529257843552565 0.014242397560774427 -0.015401697828768959 -0.0039041686115992083 0.009251065597960708 -0.021352077883286108 -0.061498813454654667 -0.07581492513661392 -0.035849896206859036 -0.0058652595998094255 -0.074675476764314117 0.0084783007536675826 0.027567114481883766 0.0095195899687868304 -0.070421886887401336 -0.0033878356809404733 -0.030138841334010371 -0.014272785905936277 -0.057739433618626983 -0.0041187697134690707 -0.11900680944193963 -0.039623893570617547 0.011419536798227299 -0.097684666087264074 -0.01776668783288719 -0.0045787144106335534 -0.17856251974425247 -0.08385278026657414 -0.0082848462759054168 -0.10933003727212848 -0.030056769507635958 -0.126293104586092 0.01362324203225725 0.040006386351916189 0.0098096434216539963 -0.088305230072000987 -0.040952698028451362 -0.013239103321075677 -0.098154107491333645 0.010246701655979599 -9.1758521321289128e-05 -0.173735203232084 -0.0093060897248576982 -0.013230322438552825 -0.093502753596095473 -0.15596366457578514 0.053556935540267393 -0.030052553827099187 -0.19820763728657706 -0.13648864265483338 -0.011122577854385291 0.030021645148911796 -0.046999608312140811 0.016360440031565539 0.0010992089851705048 -0.10748497880191253 -0.0086576882000796232 -0.027193948650151505 0.00060009301937809126 -0.024227018603983817 -0.0071641231550313824 -0.016999019993875722 -0.1245680331920876 -0.035258373010290577 0.01413687208357131 0.011065604313548522 -0.026505429150810948 0.010300523768858908 0.0074461175254602815 -0.014696605964615146 -0.0015336284031358023 0.021624839376938473 0.0023269230462643811 -0.021228134315967189 -0.037400564250877115 0.0013169875155510592 -0.027581222572488524 0.00074506665361791745 0.027006481521075865 -0.017176622918871173 -0.00012691903535537176 -0.0014679698760215038 -0.17870602214059164 -0.0096711597143457131 -0.10376341359141994 0.00059944246140677894 -0.017506199292301069 -0.033068712895451526 -0.0088488308827201004 -0.042405371878975542 -0.027267961325529808 -0.034048870493913828 -0.017714203692543576 -0.012677166321088059 -0.013849665497649705 -0.0041913689572976604 -0.060319633856006374 -0.033281993191868392 0.0022450746906440577 0.016722008559496966 -0.0064845246349674399 0.0092008352996291558 -0.0094532564365370532 -0.036269573548688525 0.01158374883136035 -0.0055343041486860247 -0.0026208541134635803 0.016964687824236432 0.0040864176096508387 -0.1017835884895481 -0.011510310070956811 -0.015493009509362603 0.0091717864994409933 0.010522602611173994 -0.0053841483535465411 0.0069941253407413383 -0.017399015375162967 -0.050994904210004154 -0.039122882577505728 -0.017943962148725685
leaf_weight=3331 113 9338 140 10371 10824 120 399 2186 1336 12725 3186 445 1521 326 1370 42070 442 10414 112 1753 199 37508 237 5732 280 21237 229 832 1456 145 1545 1628 208 276 15905 260 1808 102 1050 2048 841 407 2161 1059 250 15960 11115 118 7911 2913 203 118 104 834 182 232 12025 250 131 2746 14459 128 1015 5421 2761 1934 2445 4099 193 157 4854 1593 875 360 12406 101 4157 308 15365 3055 498 3306 709 9794 304 18952 5786 12494 128 994 101 2273 3257 809 849 609 412 3343 3091 966 909 5140 636 1918 12075 4493 15811 2822 8642 309 226 5453 402 6740 7584 121 113 1510 14462 1279 8599 2065 3811 592 1367 3295
leaf_count=3331 113 9338 140 10371 10824 120 399 2186 1336 12725 3186 445 1521 326 1370 42070 442 10414 112 1753 199 37508 237 5732 280 21237 229 832 1456 145 1545 1628 208 276 15905 260 1808 102 1050 2048 841 407 2161 1059 250 15960 11115 118 7911 2913 203 118 104 834 182 232 12025 250 131 2746 14459 128 1015 5421 2761 1934 2445 4099 193 157 4854 1593 875 360 12406 101 4157 308 15365 3055 498 3306 709 9794 304 18952 5786 12494 128 994 101 2273 3257 809 849 609 412 3343 3091 966 909 5140 636 1918 12075 4493 15811 2822 8642 309 226 5453 402 6740 7584 121 113 1510 14462 1279 8599 2065 3811 592 1367 3295
internal_value=-0.00448729 -0.00415003 -0.099891 -0.00637932 0.0024178 -0.0122637 -0.144689 -0.00470063 -0.00312876 -0.00758808 -0.0150237 -0.00426307 -0.0204306 -0.0251872 -0.0103166 -0.00285164 0.00115824 -0.00390836 -0.0167256 -0.0156801 -0.108668 0.000983364 0.00330047 -0.00823315 0.00301807 0.00320722 -0.127214 -0.0164372 -0.0201551 -0.0243956 -0.0228889 -0.0286828 -0.0494082 -0.0278236 -0.012287 -0.0469929 -0.011537 -0.0262791 0.00609831 0.0233235 -0.00527705 -0.0247399 -0.0433451 -0.0352114 -0.134981 0.00408749 -0.00762348 -0.0160784 -0.0145609 -0.0249803 -0.057347 -0.0682079 -0.0279289 -0.0492129 -0.154475 -0.0097404 -0.0129939 -0.049626 -0.104412 -0.000688374 0.00354593 -0.0453667 0.00385073 -0.0182956 -0.0153656 -0.0321412 -0.0209431 -0.00558403 -0.013532 -0.0714577 -0.000354842 0.00183981 -0.000701978 -0.0106912 0.00190799 0.0063635 -0.00944277 -0.000644447 0.00636624 -0.0153899 -0.0115424 -0.00376021 0.00363404 -0.00116953 -0.012218 -0.0125267 -0.00717359 0.000880375 -0.136186 -0.0212527 -0.0595218 -0.0165383 -0.0239415 -0.00824603 -0.0240952 -0.055279 0.00141013 -0.0250048 -0.0272881 -0.0332677 -0.00688335 -0.00742891 -0.0382621 -0.0252286 0.00531656 0.0120226 -0.00864561 0.00503394 -0.0147529 -0.00394457 -0.0112569 -0.0155897 -0.0166926 0.00771383 0.00799922 0.00220817 -0.0584246 0.00988619 0.00710583 -0.0035809 -0.00330604 0.0170286 -0.0223436 -0.0255928 -0.0271938 -0.0241611
internal_weight=519502 517673 1829 386484 131189 85768 1122 300716 208104 99837 38848 25655 26123 17756 8367 60989 123745 33225 12308 60113 723 108267 70759 92612 90520 90240 610 58360 30740 20617 20344 14197 2279 1821 27620 782 10123 707 51798 7444 53196 11918 4869 3348 458 40974 38516 7491 11866 3955 1042 930 10290 1241 411 16317 12638 613 363 38442 17205 2289 18919 12887 10627 2260 7866 31025 7373 259 38713 28342 23488 4865 18623 12608 6147 448 31325 8667 6859 3804 20917 10503 39416 39112 11518 14680 273 3272 202 6532 3450 3082 1681 812 3679 9049 8036 4945 1013 6015 3979 2912 17583 5508 19910 3267 27594 4466 26838 10933 522 32046 31809 7818 234 23991 17251 2789 9649 5396 5181 5480 5254 4662
internal_count=519502 517673 1829 386484 131189 85768 1122 300716 208104 99837 38848 25655 26123 17756 8367 60989 123745 33225 12308 60113 723 108267 70759 92612 90520 90240 610 58360 30740 20617 20344 14197 2279 1821 27620 782 10123 707 51798 7444 53196 11918 4869 3348 458 40974 38516 7491 11866 3955 1042 930 10290 1241 411 16317 12638 613 363 38442 17205 2289 18919 12887 10627 2260 7866 31025 7373 259 38713 28342 23488 4865 18623 12608 6147 448 31325 8667 6859 3804 20917 10503 39416 39112 11518 14680 273 3272 202 6532 3450 3082 1681 812 3679 9049 8036 4945 1013 6015 3979 2912 17583 5508 19910 3267 27594 4466 26838 10933 522 32046 31809 7818 234 23991 17251 2789 9649 5396 5181 5480 5254 4662
cat_boundaries=0 2 4 6 8 10 12 14 15 17 19 21 23 25 26 28 29 31 33 34 35 36 37 38 39 40 42 44 46 48 50 52 53 54 55 57 59 61 62 64 66 68 69
cat_threshold=423897174 170 303038466 8196 574505 2112 16 2 34603008 4 2686455936 17664 1057 2048 2 75628544 512 9568256 8708 42140160 8193 614601344 261 613483136 1796 10 32777 64 1 524320 64 262148 8 2 9 10242 1 1 2054 12 1108344832 8196 33554432 4096 8454784 768 512 261 0 260 524288 2048 20979714 1 4 2183135232 8208 537919488 4 0 512 131584 1073741824 24576 65536 4112 268435520 32 1073807872
is_linear=0
shrinkage=0.03


Tree=14
num_leaves=127
num_cat=14
split_feature=0 30 11 12 28 25 4 0 26 22 11 25 2 22 12 12 0 28 28 23 27 25 25 25 4 30 23 23 11 27 25 4 0 25 0 3 2 0 25 4 25 26 25 3 25 27 11 3 0 28 30 23 0 0 20 0 25 25 11 2 22 23 25 0 22 25 27 25 4 0 12 27 0 27 0 25 0 0 32 25 3 27 12 0 25 0 27 25 0 30 12 25 25 0 0 25 25 11 0 27 25 0 0 26 0 0 25 28 30 4 23 25 25 27 0 23 26 11 25 25 25 25 0 4 11 25
split_gain=16872.9 3030.73 4936.01 7302.04 2693.42 2629.43 2199.15 2328 2100.98 1948.48 1763.29 1565.36 1078.5 1065.01 1038.08 893.058 725.719 1899.46 843.905 724.385 677.313 1275.3 617.155 936.341 2304.98 581.883 1108.21 581.225 1450.14 915.352 563.315 1033.55 760.971 633.914 584.674 736.146 557.39 509.126 586.109 582.565 537.83 508.357 505.502 538.706 842.396 541.389 495.196 482.73 458.506 451.922 939.658 445.799 436.799 456.449 430.449 425.099 522.87 422.5 419.293 396.779 385.619 360.582 345.449 426.296 343.772 337.151 415.168 333.374 323.147 317.551 310.29 307.471 291.31 664.588 290.968 277.204 1358.06 350.118 275.314 377.879 807.967 290.383 346.166 275.049 432.895 457.887 346.341 370.632 272.44 272.041 269.565 259.129 342.301 255.569 250.415 249.242 593.331 273.326 243.687 242.315 292.537 242.182 489.527 382.984 246.874 242.176 240.462 269.933 268.471 299.558 442.553 234.731 474.692 233.787 731.96 933.794 457.724 229.3 228.774 417.002 290.309 952.361 1042.53 1171.12 644.922 228.285
threshold=13030.000000000002 0.16381880640983584 0.3744682669639588 -0.23537842929363248 0.045031191781163223 7.5000000000000009 0 19050.000000000004 0.14566303044557574 0.10266805812716485 0.12545942142605784 29.500000000000004 1 -0.38187441229820246 0.92843842506408703 -0.70900321006774891 1560.0000000000002 0.093390330672264113 0.10141823068261148 0.038110742345452316 0.16058247536420825 68.500000000000014 33.500000000000007 18.500000000000004 2 0.20485509186983111 0.12977331131696704 0.091522067785263075 -0.24372956901788709 0.15550526976585391 17.500000000000004 3 325.00000000000006 15.500000000000002 325.00000000000006 4 5 325.00000000000006 23.500000000000004 6 10.500000000000002 1.0000000180025095e-35 16.500000000000004 7 88.500000000000014 0.056865874677896507 0.86975130438804638 8 17950.000000000004 0.12256495654582979 0.086431432515382781 0.10777157172560693 1615.0000000000002 1940.0000000000002 77.500000000000014 325.00000000000006 81.500000000000014 69.500000000000014 -0.20180235803127286 9 -0.38728620111942286 0.10746030509471895 38.500000000000007 155.00000000000003 -0.67221629619598378 77.500000000000014 0.084925193339586272 21.500000000000004 10 950.00000000000011 0.71952396631240856 0.058846931904554374 155.00000000000003 0.07936600968241693 61.500000000000007 82.500000000000014 615.00000000000011 850.00000000000011 0.084402445703744902 75.500000000000014 11 0.055219287052750594 0.51849433779716503 950.00000000000011 19.500000000000004 615.00000000000011 0.089248880743980422 77.500000000000014 1280.0000000000002 0.10556088760495187 -0.031174269504845139 71.500000000000014 46.500000000000007 225.00000000000003 225.00000000000003 62.500000000000007 59.500000000000007 -0.81429189443588246 615.00000000000011 0.058047603815793998 74.500000000000014 1225.0000000000002 1560.0000000000002 0.032988865859806545 90.000000000000014 155.00000000000003 123.00000000000001 0.084167253226041808 0.064753670245409026 12 0.05960375256836415 70.500000000000014 66.500000000000014 0.05270845256745816 475.00000000000006 0.056448934599757201 0.33979515731334692 0.24372619390487674 53.500000000000007 52.500000000000007 15.500000000000002 20.500000000000004 950.00000000000011 13 -0.66528618335723866 15.500000000000002
decision_type=2 10 2 2 10 2 9 2 10 8 2 2 9 10 2 2 2 10 10 10 2 2 2 2 9 10 10 10 2 2 2 9 2 2 2 1 9 2 2 9 2 10 2 1 2 2 2 1 2 10 10 10 2 2 2 2 2 2 2 9 8 10 2 2 10 2 2 2 9 2 2 2 2 2 2 2 2 2 8 2 1 2 2 2 2 2 2 2 2 10 2 2 2 2 2 2 2 2 2 2 2 2 2 10 2 2 2 10 10 9 10 2 2 2 2 10 10 2 2 2 2 2 2 9 2 2
left_child=1 2 3 10 12 -2 48 -8 -3 -9 15 -11 75 41 37 36 18 -18 61 -20 21 125 23 -22 -25 26 62 28 29 70 31 98 60 -33 -35 -36 57 38 39 -5 72 -6 -15 49 45 67 78 118 -7 106 55 89 58 -54 -17 56 -51 71 88 -12 64 -10 -21 -64 -32 66 90 -45 -24 -28 -13 -1 -41 -74 -42 -4 -77 -78 -23 80 -80 82 -82 84 85 -49 87 -86 -38 -43 -40 92 -85 -46 -58 96 -92 -98 -16 100 -97 104 103 -103 -47 -84 107 -44 -109 -110 -111 112 -68 -27 115 -115 -117 -61 119 120 -39 122 123 -122 -125 -14
right_child=5 8 4 14 13 6 7 9 16 11 59 27 20 42 30 54 17 -19 19 25 22 46 68 24 -26 113 69 -29 -30 -31 32 33 -34 34 35 -37 52 47 65 40 74 51 43 44 93 101 -48 83 -50 50 -52 -53 53 -55 -56 -57 94 -59 -60 117 -62 -63 63 -65 -66 -67 111 -69 -70 -71 -72 -73 73 -75 -76 76 77 -79 79 -81 81 -83 105 91 86 -87 -88 -89 -90 -91 95 -93 -94 -95 -96 99 97 -99 -100 -101 -102 102 -104 -105 -106 -107 -108 108 109 110 -112 -113 -114 114 -116 116 -118 -119 -120 -121 121 -123 -124 124 -126 -127
leaf_value=0.0018817741752456495 0.019781191645224402 0.040932556594791163 -0.01125097849479724 0.014918030975686988 0.021115723728496592 -0.0021739014477100012 -0.20827970993275546 -0.0050787840911884182 0.0073052405867223662 -0.22080310887336729 -0.0026049797285923894 -0.064671567424454471 -0.033226703995436459 0.014570889399152171 0.043609144747164902 -0.0028711850771807965 -0.1440535284774036 0.0022954736960028609 -0.027739957859646416 0.025756212275331189 -0.013568311845191193 0.008966412114275393 -0.025961167688257798 -0.01162758381484497 -0.19558050309910491 0.012212803719680788 -0.095808959585757789 -0.16881286741857943 -0.02543305808044586 -0.17868839329151912 -0.015827380731780777 0.0078096533690820832 -0.0021367837508537791 0.00019810730861521514 -0.01288847948241735 -0.095745856098325574 0.0055988070923088081 0.0015874630360511641 -0.0010465455230194156 -0.0073918555855578393 -0.041074211811336372 -0.0069666602334821689 0.0059297619950245562 -0.036604578147056289 -0.02250429019506555 -0.051771803533865346 -0.078790162018943025 -0.008038555480626727 -0.070791530004007563 -0.015784106382531839 -0.0076057942833314979 0.014298928916272794 -0.081091142034438415 -0.0090673351908892239 0.0028604133129960085 -0.016642403817651787 -0.085439734899326769 0.018042599035570941 0.00033438804553071898 -0.0055370556393023775 -0.0097282638855521533 0.02078464448906488 -0.057518663655098216 -0.0032368436424169349 0.0055163972171553286 -0.016800473442778602 -0.02204148195779872 -0.0066762215630524176 -0.0058967937953045228 -0.036673008995904803 -0.12590271150364596 0.010037780426554689 -0.017466869104444702 -0.088970006404092181 -0.0023001885440783894 0.008187609906302051 -0.077585937533723684 -0.035696395370616314 -0.008251478745014933 -0.054605398898550088 -0.078404168924953985 -0.0067303534661504356 -0.0052248759841655983 0.0042819466519750885 0.0022373906089152846 -0.06579167846476007 0.0095146492692637225 -0.01703133225414212 0.026100769889215135 0.0051122024167354931 -0.010261507712939719 0.0016289391852579783 -0.015765384863705947 0.010328793189287077 -0.044952970117765077 -0.034814468620964642 -0.016809512267443379 -0.038709924592456146 0.010670081923751464 -0.0040648445651735397 -0.0061733218281662975 -0.014996622412548666 -0.00080602753862274456 -0.082614656292623087 -0.021727757357137736 -0.060565662858205908 -0.0082473267016467955 0.0043872176719830175 -0.0091664984627961629 0.027732509881852531 -0.0028143047913668099 0.0025439072889403575 -0.088243936151266092 0.034552980982537923 0.0040806554689882734 -0.036899517458660637 -0.11598194835602112 -0.015715991125975728 -0.0066449929967338141 -0.036981994870231134 0.0074075393504260678 -0.0086890188154543722 0.00059004510773168282 -0.080544083452209383 -0.028560476482458026 -0.018137124251465544
leaf_weight=6029 162 1360 29082 1327 1192 158 244 150 10155 124 14531 175 1015 899 695 21277 108 298 823 361 468 106 867 154 101 2850 103 114 193 171 884 1831 50011 430 213 176 36129 1896 3150 329 179 4915 2925 382 255 269 304 512 196 498 18460 1670 102 344 26453 1936 190 4161 17940 3754 24046 2167 132 6221 2919 10497 2272 2678 4314 396 135 13422 320 184 5397 738 227 870 735 1002 379 109 135 998 3734 162 3969 1182 592 2547 11105 2159 3299 1281 515 549 1025 1031 286 6855 772 104 153 278 2872 150 9766 2825 8419 476 4059 318 101 115 10453 178 105 4246 48291 513 275 19244 618 630 328 8204
leaf_count=6029 162 1360 29082 1327 1192 158 244 150 10155 124 14531 175 1015 899 695 21277 108 298 823 361 468 106 867 154 101 2850 103 114 193 171 884 1831 50011 430 213 176 36129 1896 3150 329 179 4915 2925 382 255 269 304 512 196 498 18460 1670 102 344 26453 1936 190 4161 17940 3754 24046 2167 132 6221 2919 10497 2272 2678 4314 396 135 13422 320 184 5397 738 227 870 735 1002 379 109 135 998 3734 162 3969 1182 592 2547 11105 2159 3299 1281 515 549 1025 1031 286 6855 772 104 153 278 2872 150 9766 2825 8419 476 4059 318 101 115 10453 178 105 4246 48291 513 275 19244 618 630 328 8204
internal_value=-0.00436559 -0.00404497 -0.00467041 -0.00293769 -0.0099872 -0.0954745 -0.106727 -0.1247 0.00437355 -0.105319 0.00216548 -0.121782 -0.0153778 -0.00619305 -0.00647856 0.00354318 0.00292978 -0.0368931 0.00340555 -0.000149968 -0.0212125 -0.0252782 -0.0128864 -0.0388329 -0.0849667 0.000937018 -0.00595913 -0.10594 -0.0950717 -0.122903 -0.00381139 0.00773728 -0.00435006 -0.00200395 -0.0239265 -0.050526 0.00550634 -0.00811003 -0.010689 -0.00316715 -0.00691348 0.00269853 -0.00774264 -0.00808672 -0.0151789 -0.01975 -0.0425552 -0.00677618 -0.040258 -0.00691473 -0.0101869 0.000292489 0.0038514 -0.0256837 0.000305384 -0.025359 -0.0393613 0.0093628 0.00409356 -0.00556626 -0.00832441 0.00967728 -0.00274994 -0.00437356 0.000552221 -0.0122334 -0.0104689 -0.0104231 -0.00925877 -0.0490466 -0.0916558 0.00750998 -0.0293832 -0.0436957 -0.00355205 -0.0119614 -0.0232737 -0.0444273 -0.0383159 -0.0403155 -0.0307906 -0.0521834 -0.0596234 -0.00206641 0.00116464 -0.0219968 0.0029239 -0.00239809 0.00593003 -0.00284366 -0.00923904 -0.00684987 -0.0111094 0.00486689 -0.0559699 -0.0104484 -0.0130041 -0.0278052 0.0340268 -0.00633344 -0.0180937 -0.027509 -0.0461721 -0.0642928 -0.0243164 -0.0344615 -0.00443196 -0.0024395 -0.00399121 -0.00581857 0.000397339 -0.0216529 -0.0248952 0.00456772 0.00255881 -0.0373207 -0.0665461 -0.0109272 -0.00782672 -0.0102543 -0.00965635 -0.010667 -0.0312149 -0.0471436 -0.0627943 -0.0198019
internal_weight=519863 518041 482216 363692 118524 1822 1660 1306 35825 1062 148980 912 48960 69564 214712 126449 34465 406 34059 21737 18043 12139 5904 723 255 20914 7213 788 674 481 81491 3631 77860 2650 819 389 78719 133221 45411 7736 6409 10324 59240 58341 8272 6736 2920 87810 354 50069 21599 9132 55107 446 47730 3139 1203 23612 54661 22531 27849 12322 6714 6353 3803 37675 27178 3060 5181 499 310 19451 833 504 5576 30917 1835 1097 2616 2510 1508 773 664 16015 9559 674 8885 4916 36721 7462 24487 6456 4297 1536 705 21337 13161 2056 981 8176 1321 3676 535 382 3141 285 28470 18704 15779 12954 4535 2691 2373 13701 10851 398 283 8000 71795 23504 22991 21095 1851 1233 958 9219
internal_count=519863 518041 482216 363692 118524 1822 1660 1306 35825 1062 148980 912 48960 69564 214712 126449 34465 406 34059 21737 18043 12139 5904 723 255 20914 7213 788 674 481 81491 3631 77860 2650 819 389 78719 133221 45411 7736 6409 10324 59240 58341 8272 6736 2920 87810 354 50069 21599 9132 55107 446 47730 3139 1203 23612 54661 22531 27849 12322 6714 6353 3803 37675 27178 3060 5181 499 310 19451 833 504 5576 30917 1835 1097 2616 2510 1508 773 664 16015 9559 674 8885 4916 36721 7462 24487 6456 4297 1536 705 21337 13161 2056 981 8176 1321 3676 535 382 3141 285 28470 18704 15779 12954 4535 2691 2373 13701 10851 398 283 8000 71795 23504 22991 21095 1851 1233 958 9219
cat_boundaries=0 1 2 3 4 5 6 7 8 9 10 11 12 13 14
cat_threshold=1 6 4 2 2 2 2 2 2 6 1 2 1 2
is_linear=0
shrinkage=0.03


Tree=15
num_leaves=127
num_cat=42
split_feature=0 5 5 5 2 5 4 12 5 5 5 23 5 0 31 8 0 25 2 5 12 11 31 11 11 22 5 12 0 25 0 0 23 26 23 12 5 25 25 11 0 11 5 0 0 0 0 0 4 25 0 11 5 11 25 26 5 5 0 5 5 0 5 2 25 0 25 25 0 24 11 0 25 11 5 12 12 5 0 0 25 5 21 8 2 0 5 23 0 25 25 0 5 0 25 0 0 25 2 5 12 5 5 25 0 11 0 0 25 5 5 5 5 0 3 11 25 0 0 25 3 5 4 25 25 5
split_gain=15990 7718.94 6094.98 4986.32 4064.28 4388.08 2636.48 2083.85 1985.37 1839.82 1818.4 1836.61 1776.18 1685.4 1564.7 1459.62 1218.72 1126.94 1034.84 999.601 990.552 2458.56 955.034 1388.87 945.17 1590.59 3081.52 1264.43 881.943 1390.78 1141.81 1713.73 1018.87 865.695 856.661 1384.83 853.732 843.51 837.104 836.313 833.464 1193.31 769.726 730.754 704.077 685.234 1001.83 848.421 1394.33 1104.72 671.773 651.52 650.92 642.929 609.259 592.936 575.871 568.672 551.579 527.757 526.49 520.719 516.3 514.571 501.107 516.249 498.579 819.113 568.76 486.155 475.412 466.855 460.802 456.235 755.922 541.889 502.527 449.263 766.706 942.379 440.791 429.342 428.33 425.461 421.111 1023.26 1335.73 971.368 795.242 778.503 589.6 552.013 436.138 403.711 433.272 1062.85 2297.45 1833.5 464.928 566.92 403.689 410.139 398.612 397.006 604.544 433.989 391.562 387.897 381.702 378.592 378.066 376.182 374.696 529.827 373.518 1383.51 372.366 367.559 1590.09 383.192 361.064 355.035 351.777 903.878 351.254 351.211
threshold=13030.000000000002 0 1 2 3 4 5 -0.21862536668777463 6 7 8 0.064333807677030577 9 1715.0000000000002 0.03126017842441798 3.5000000000000004 1940.0000000000002 49.000000000000007 10 11 -0.72102889418601979 0.24372619390487674 0.058328395709395416 0.23537775129079822 0.24372619390487674 -2.3023446202278133 12 -0.25206183642148966 225.00000000000003 18.500000000000004 325.00000000000006 950.00000000000011 0.058227287605404861 0.072340067476034178 0.035104382783174522 -0.11692317575216292 13 113.00000000000001 50.500000000000007 0.24372619390487674 1225.0000000000002 0.24372619390487674 14 155.00000000000003 90.000000000000014 325.00000000000006 950.00000000000011 615.00000000000011 15 38.500000000000007 61.500000000000007 -0.48314717411994929 16 -0.80418667197227467 66.500000000000014 0.14773230254650119 17 18 225.00000000000003 19 20 325.00000000000006 21 22 75.500000000000014 850.00000000000011 88.500000000000014 59.500000000000007 325.00000000000006 1.0089110732078554 0.21022171527147296 1280.0000000000002 87.500000000000014 0.69056403636932384 23 -0.23537842929363248 0.92191100120544445 24 1280.0000000000002 1560.0000000000002 23.500000000000004 25 0.11839113011956216 10.500000000000002 26 325.00000000000006 27 0.081555202603340163 1225.0000000000002 89.500000000000014 77.500000000000014 1560.0000000000002 28 1560.0000000000002 17.500000000000004 325.00000000000006 950.00000000000011 14.500000000000002 29 30 -0.72102889418601979 31 32 87.500000000000014 475.00000000000006 0.21862474083900454 1560.0000000000002 90.000000000000014 21.500000000000004 33 34 35 36 55.000000000000007 37 0.24372619390487674 81.500000000000014 1225.0000000000002 1100.0000000000002 55.500000000000007 38 39 40 38.500000000000007 53.500000000000007 41
decision_type=2 9 9 9 9 9 9 2 9 9 9 8 9 2 10 2 2 2 9 9 2 2 8 2 2 10 9 2 2 2 2 2 10 10 8 2 9 2 2 2 2 2 9 2 2 2 2 2 9 2 2 2 9 2 2 10 9 9 2 9 9 2 9 9 2 2 2 2 2 2 2 2 2 2 9 2 2 9 2 2 2 9 10 2 9 2 9 8 2 2 2 2 9 2 2 2 2 2 9 9 2 9 9 2 2 2 2 2 2 9 9 9 9 2 1 2 2 2 2 2 1 9 9 2 2 9
left_child=1 7 10 14 9 13 15 12 17 22 11 -2 61 50 63 -7 69 45 37 -4 21 59 109 100 27 26 -26 71 32 30 -30 53 43 73 -28 44 -23 57 -13 93 -17 -42 -35 102 -36 58 47 51 49 -49 52 108 -6 -32 121 84 107 -19 122 -11 -18 70 -63 -3 125 -66 67 -31 81 -15 -1 110 -56 75 -75 111 -77 78 -27 -80 -60 -69 -58 -40 85 86 -20 88 -87 90 -88 -90 -86 94 95 -14 97 -97 99 -96 -24 -102 -10 -70 105 -105 -46 -52 -47 -5 -8 -22 113 -29 115 -65 -83 118 -115 -119 -68 -45 123 -9 -89 -41
right_child=2 3 19 4 5 6 24 8 28 20 -12 38 39 16 -16 40 60 18 55 -21 33 36 23 -25 25 77 34 112 29 66 31 -33 -34 42 35 -37 -38 -39 83 64 41 -43 -44 54 106 46 -48 48 -50 -51 56 -53 -54 -55 72 -57 82 -59 80 -61 -62 62 -64 114 65 -67 120 68 103 -71 -72 -73 -74 74 -76 76 -78 -79 79 -81 -82 116 -84 -85 92 87 89 124 91 -91 -92 -93 -94 -95 98 96 -98 -99 -100 -101 101 -103 -104 104 -106 -107 -108 -109 -110 -111 -112 -113 -114 117 -116 -117 -118 119 -120 -121 -122 -123 -124 -125 -126 -127
leaf_value=0.0010510050508460134 0.014302925488146224 0.014298033033782152 -0.060932060638637819 0.0054450022497642622 -0.002034404534247837 -0.01681132209250983 -0.018837596420769612 -0.016001678321335928 0.0064199133192517814 0.012190676793017718 -0.1922154639331439 -0.076963440122562718 0.014921151056269876 -0.05858056708696651 0.032757655417094488 -0.1171276134152652 -0.0062724392460916647 -0.0027035677028311349 0.0070768387303472204 0.0094713059337878155 0.0070833250600420491 0.0021238189224663563 0.01047366973603657 -0.0076230666559378652 -0.011284731780569771 -0.013789389458635729 0.029422036699824412 0.014399888055259887 -0.017189953569869763 -0.0045373838200743468 -0.041101912513925094 -0.0064056830844363621 -0.079246730570349394 -0.0045635603844967603 -0.097681467047444084 -0.14368191260304944 -0.015305067395992999 -0.029433587750461905 -0.17095040233288 0.0068818875477930407 -0.0012469807874999547 -0.11566183138690117 0.0064581579072671078 0.027876788692474366 -0.047448770603263891 -0.060128056092036836 0.0070126304868238067 -0.059506012116655856 -0.022221068983751886 -0.17346598653232348 0.038303200049796315 -0.011344111697865948 -0.036288475330855531 -0.099080698401334669 -0.056396887730914731 0.0056039946560895856 -0.0015792384758857472 -0.015401728754663927 0.011520493104875804 0.0037751579407160054 -0.053631587954866625 0.033700101835721946 0.0046419322347663649 0.028011093036456866 0.011987640339794547 -0.037949807060610234 -0.00994342171388456 0.0025344820097382677 -0.012828185366496622 -0.14965008520724446 -0.013832032193354321 0.022484373515586614 -0.027287152768589347 -0.0042333138342090949 -0.018478306250921971 -0.006029784894496423 -0.00065988228050537867 -0.0054225419862035801 -0.11070257294988423 -0.017178595340285301 -0.014586688443165104 -0.024039301403623176 -0.015650188975906594 -0.10526159805993379 0.0072672696402876274 -0.0011982004379289008 -0.018396740075989883 -0.016847348313524642 -0.0793003014939722 0.011935929992021277 -0.038250563814780286 -0.0039102618052409242 -0.0082295000427418784 0.016733636989368642 0.020360880986613202 -0.027354300920832804 0.0046553515908821369 -0.12514713032326832 -0.0080418013385962633 -0.0028999834171188187 0.0088244082502787081 0.00081907537285749873 -0.01909159565858087 -0.077587124946146779 -0.01572775000882792 -0.031702611633056009 -0.0035396935157195634 0.003311990578419187 -0.029484963703695351 0.017166866859879309 -0.0019826954721484671 -0.0023269601338907699 -0.016929899225281399 -0.013299916976678513 0.0013453798299654296 -0.056779724493707447 -0.048442323698617992 -0.010122255246110668 -0.12510859853182082 0.013790933915409139 0.0074762450975525479 -0.02485214729320212 -0.012607195096112255 -0.077715076987247 -0.00064282502616371722 -0.015063483937609026
leaf_weight=6398 100 9261 323 3978 1102 472 1308 791 678 12228 382 228 548 115 2992 357 640 5154 1675 397 6978 3901 10432 9084 4342 3906 117 797 1374 4739 248 405 316 9158 242 144 7193 2531 276 712 189 144 15080 114 2562 505 690 179 357 135 288 1515 913 578 1210 4666 37397 8322 1339 14910 312 568 11477 1384 214 1418 3401 298 8080 100 2766 648 827 10620 4903 47798 23345 6932 170 225 1028 1122 2053 141 3920 352 3322 1308 355 519 2267 116 2787 678 1160 372 682 322 17625 4835 8627 17312 2918 283 1553 543 197 21348 1340 6722 13125 8434 13056 5348 7343 197 1136 1819 116 901 1562 2334 2848 292 14996 8131
leaf_count=6398 100 9261 323 3978 1102 472 1308 791 678 12228 382 228 548 115 2992 357 640 5154 1675 397 6978 3901 10432 9084 4342 3906 117 797 1374 4739 248 405 316 9158 242 144 7193 2531 276 712 189 144 15080 114 2562 505 690 179 357 135 288 1515 913 578 1210 4666 37397 8322 1339 14910 312 568 11477 1384 214 1418 3401 298 8080 100 2766 648 827 10620 4903 47798 23345 6932 170 225 1028 1122 2053 141 3920 352 3322 1308 355 519 2267 116 2787 678 1160 372 682 322 17625 4835 8627 17312 2918 283 1553 543 197 21348 1340 6722 13125 8434 13056 5348 7343 197 1136 1819 116 901 1562 2334 2848 292 14996 8131
internal_value=-0.0041774 -0.00386325 -0.0922663 -0.00147185 -0.0023465 -0.00675552 -0.0128055 -0.00946946 -0.0121579 7.86418e-05 -0.135344 -0.10381 -0.00496627 -0.00137743 0.012651 -0.0575162 -0.0370859 -0.00902079 -0.00718457 -0.0225541 -0.00152151 0.00270922 0.00476685 0.00286938 -0.0118783 -0.0173516 -0.0279465 -0.00910027 -0.0180394 -0.0152496 -0.0360088 -0.0569828 -0.0264707 -0.00280215 -0.0499269 -0.0530459 -0.00918876 -0.0135368 -0.123723 -0.00895916 -0.0852961 -0.0509218 0.00229452 -0.0243974 -0.0486505 -0.0177412 -0.0263815 -0.0320981 -0.0628833 -0.108897 -0.000716671 -0.0259333 -0.0177554 -0.0817438 -0.0324753 -0.00437692 -0.000154346 -0.0105592 -0.0112612 0.00757326 -0.0224621 0.00194585 0.00604673 0.00934811 -0.0161268 -0.0313983 -0.0128677 -0.0152174 -0.0191056 -0.101435 -0.00344221 -0.00240678 -0.0445978 -0.00401234 -0.00874818 -0.00316291 -0.00426773 -0.0101777 -0.0177847 -0.0576073 0.000180641 -0.0317919 -0.00231129 -0.149044 -0.00585141 -0.00764622 -0.0166683 -0.00355003 -0.0353293 -0.0231538 -0.0264552 -0.0607805 0.000824873 -0.00609877 -0.00670543 -0.0203919 -0.0344561 -0.0728427 -0.00558977 0.00162992 0.0054901 0.00348551 -0.0143164 -0.0160025 -0.0267739 -0.0474981 -0.044316 0.00377777 -0.0379004 0.012831 -0.00352581 0.00193695 -0.0136806 -0.00892693 0.00418953 0.0174165 -0.0361723 -0.011211 -0.0156961 -0.00219885 -0.00446055 -0.0223739 -0.018149 -0.0326973 -0.0019438 -0.0133052
internal_weight=520046 518199 1847 363265 342088 121385 57117 154934 97028 220703 1127 745 57906 64268 21177 1162 1167 63309 52290 720 164548 38232 56155 45455 55955 18837 7604 37118 33719 25322 2605 1231 8397 126316 3262 3145 11094 16007 645 36697 690 333 24238 8081 3001 11019 4721 4031 671 314 63101 3360 2015 826 4485 36283 61086 13476 6298 27138 952 21209 12045 18185 10475 1632 22717 17754 13015 215 9164 15081 2037 102078 15523 86555 71143 11233 4301 395 2367 2556 39450 417 31617 24910 7783 17127 823 6108 5589 471 6707 26222 25544 1924 1376 694 23620 5995 36371 25939 3596 10459 2379 826 2759 21636 1845 10700 14433 15412 22037 8981 8924 1581 2258 8184 5464 2720 4963 2448 3931 1083 16304 8843
internal_count=520046 518199 1847 363265 342088 121385 57117 154934 97028 220703 1127 745 57906 64268 21177 1162 1167 63309 52290 720 164548 38232 56155 45455 55955 18837 7604 37118 33719 25322 2605 1231 8397 126316 3262 3145 11094 16007 645 36697 690 333 24238 8081 3001 11019 4721 4031 671 314 63101 3360 2015 826 4485 36283 61086 13476 6298 27138 952 21209 12045 18185 10475 1632 22717 17754 13015 215 9164 15081 2037 102078 15523 86555 71143 11233 4301 395 2367 2556 39450 417 31617 24910 7783 17127 823 6108 5589 471 6707 26222 25544 1924 1376 694 23620 5995 36371 25939 3596 10459 2379 826 2759 21636 1845 10700 14433 15412 22037 8981 8924 1581 2258 8184 5464 2720 4963 2448 3931 1083 16304 8843
cat_boundaries=0 2 4 6 7 9 10 12 14 16 18 19 20 22 24 26 27 29 31 33 35 36 37 38 40 41 42 43 44 46 47 49 50 52 54 56 58 59 60 61 62 63 65
cat_threshold=2671657 2133 303038466 8196 84 2 6 1603538944 9384 2 2654216 21 407251074 520 34603008 4 2098209 2064 4 537395200 2684420736 16640 2147483648 21792 3239051264 8192 1 67112960 1024 117702656 40 524288 5 2197880832 29952 9437184 1056 6 3758096384 20640 536936578 16384 10 557056 2097152 5 2 32768 4 134226050 1 2048 134225920 520 4194304 4352 3271557632 21760 2151754368 2 2 16385 1 524288 64
is_linear=0
shrinkage=0.03


Tree=16
num_leaves=127
num_cat=21
split_feature=2 21 12 11 30 11 21 13 27 11 13 25 4 11 27 2 25 25 4 2 27 27 27 25 20 25 21 22 27 25 4 25 25 4 25 4 4 29 30 30 21 27 26 22 25 25 27 25 25 27 11 29 3 25 3 25 25 27 11 3 21 3 3 11 25 25 25 32 4 25 25 27 22 11 20 25 26 21 25 17 27 27 30 22 32 3 27 25 25 11 21 12 27 4 25 22 32 25 25 21 27 27 25 11 27 4 25 26 4 25 27 11 25 27 20 26 11 25 25 3 25 25 25 29 22 4
split_gain=3199.12 3114.3 3266.71 3961.43 1809.79 1486.91 2534.4 2122.46 1200.65 959.065 1306.36 936.399 927.809 830.368 1207.24 3447.3 977.746 1689.18 823.808 814.875 2607.64 717.986 1041.68 838.035 699.987 644.28 625.102 600.791 592.233 592.215 576.008 584.916 2650.72 562.683 537.862 514.698 458.561 682.123 624.248 493.796 450.236 897.777 522.715 470.811 447.106 440.212 616.472 437.556 911.951 421.752 412.345 410.506 409.968 386.43 378.321 456.555 461.161 610.698 585.194 377.43 365.063 423.245 360.812 352.997 457.94 348.769 345.411 343.706 334.763 321.486 315.362 310.381 309.607 308.247 306.201 301.157 300.763 355.699 299.498 298.412 296.56 294.948 393.926 363.54 341.246 483.274 277.955 348.408 276.697 275.33 270.342 268.135 267.559 454.842 382.591 266.834 265.606 259.298 293.012 246.895 357.32 243.392 239.561 236.38 233.304 232.59 1125.43 230.512 230.097 851.028 220.229 211.538 208.706 393.05 207.938 206.452 205.991 205.014 231.104 203.522 199.924 271.023 242.202 197.269 197.08 196.04
threshold=0 0.084427561610937132 -0.72102889418601979 0.24372619390487674 0.090846620500087752 0.3744682669639588 0.032727185636758811 39.500000000000007 0.12467420101165773 0.056951373815536506 38.500000000000007 61.500000000000007 1 -0.082689788192510591 0.14952706545591357 2 75.500000000000014 63.500000000000007 3 4 0.12467420101165773 0.16058247536420825 0.10038758814334871 68.500000000000014 52.500000000000007 110.00000000000001 0.1341296583414078 -0.062687680125236497 0.08212983608245851 71.500000000000014 5 33.500000000000007 18.500000000000004 6 75.500000000000014 7 8 0.12422404438257219 0.1299802511930466 0.088881377130746855 0.11221585795283319 0.055219287052750594 0.11066179722547533 -0.70165884494781483 135.50000000000003 82.500000000000014 0.076740767806768431 24.500000000000004 29.500000000000004 0.072961069643497481 -0.082689788192510591 0.09549861773848535 9 43.500000000000007 10 19.500000000000004 15.500000000000002 0.08212983608245851 -0.87395131587982167 11 0.11169846728444101 12 13 -0.5917624533176421 18.500000000000004 12.500000000000002 10.500000000000002 0.22759647667407992 14 92.000000000000014 17.500000000000004 0.072961069643497481 -1.0112495422363279 -0.57078385353088368 106.50000000000001 130.50000000000003 0.19185426831245425 0.1065601408481598 26.500000000000004 8.5000000000000018 0.059944719076156623 0.072961069643497481 0.065987627953290953 0.17266365140676501 0.13931092619895938 15 0.12467420101165773 17.500000000000004 99.000000000000014 0.54219430685043346 0.026940434239804748 -0.87397405505180348 0.064750330522656455 16 71.500000000000014 0.12275191769003869 0.21750915795564654 101.50000000000001 89.500000000000014 0.087768755853176131 0.10038758814334871 0.08212983608245851 86.500000000000014 -0.5276680290699004 0.14500886201858523 17 97.500000000000014 0.14566303044557574 18 38.500000000000007 0.10038758814334871 -0.8978554606437682 39.500000000000007 0.059393314644694335 28.500000000000004 0.35431678593158727 -0.87395131587982167 20.500000000000004 40.500000000000007 19 86.500000000000014 87.500000000000014 80.500000000000014 0.041942948475480087 -0.12162202596664427 20
decision_type=9 8 2 2 10 2 10 2 2 2 2 2 9 2 2 9 2 2 9 9 2 2 2 2 2 2 10 10 2 2 9 2 2 9 2 9 9 10 10 10 10 2 8 10 2 2 2 2 2 2 2 8 1 2 1 2 2 2 2 1 8 1 1 2 2 2 2 10 9 2 2 2 8 2 2 2 10 10 2 2 2 2 10 10 8 1 2 2 2 2 10 2 2 9 2 10 10 2 2 10 2 2 2 2 2 9 2 10 9 2 2 2 2 2 2 10 2 2 2 1 2 2 2 10 10 9
left_child=1 4 3 50 81 7 21 13 18 10 80 -10 28 14 65 -16 17 35 76 44 33 22 23 90 -24 74 -13 51 107 62 -23 32 -32 47 -31 53 39 38 67 95 42 96 43 -20 103 91 -47 -21 -49 -41 92 78 75 -17 63 56 116 73 -59 117 61 86 -25 -12 101 68 -35 -38 -2 -66 -54 -61 123 -58 97 -45 77 -8 -11 -62 112 83 -83 -1 -84 -86 87 -15 104 -26 108 -5 94 -94 -3 -29 -42 98 -22 110 -101 -65 114 105 -67 106 -9 -6 109 -7 -72 -70 125 -114 -95 -63 -56 -14 -119 -33 122 -122 -82 -44 -80 -4
right_child=5 2 9 45 12 6 8 19 11 27 54 26 59 60 15 16 -18 -19 40 20 25 30 24 29 89 -27 -28 36 -30 34 31 119 -34 66 -36 -37 37 -39 -40 49 41 -43 72 52 -46 46 -48 48 -50 -51 -52 -53 70 -55 55 -57 57 58 -60 71 79 115 -64 64 69 88 -68 -69 111 -71 99 -73 -74 -75 -76 -77 -78 -79 124 -81 120 82 84 -85 85 -87 -88 -89 -90 -91 -92 -93 93 102 -96 -97 -98 -99 -100 100 -102 -103 -104 -105 -106 -107 -108 -109 -110 -111 -112 -113 113 -115 -116 -117 -118 118 -120 -121 121 -123 -124 -125 -126 -127
leaf_value=-0.0070130584056496865 -0.021153662943414149 0.0083991740947057213 -0.011316667955270825 -0.0050384623555872476 0.035753361852345525 -0.066861386035843226 0.026098986063200939 -0.010289003535915364 -0.10612214477986774 -0.078501366918857118 -0.0084525676658932722 -0.00032415054760837612 0.021591157655628933 0.042405311654478604 -0.0014229479145862279 -0.1034987322642253 -0.019640465211915169 -0.16337526535686056 0.01640110732232411 0.019560254287965369 -0.083924120177804415 -0.0062199991870908961 -0.036870897534779262 -0.02146981409266905 -0.065559132148672053 -0.0011478923305869102 -0.07387476619664364 -0.0032806976090810568 0.0046611686273019563 -0.0065047957869649158 -0.0086030746532553357 -0.02288777676062384 -0.18703533761906174 -0.036773536534554188 -0.041428699722145072 -0.012463718256913125 0.0039081255180022081 -0.0070734902107851896 0.01862983209551454 -0.010172777699149631 -0.082470385965072737 -0.011057757591752601 -0.027474088337376874 0.00025648282966713847 -0.062365634214310413 0.0050720782131240295 -0.040115265128247035 -0.059518043479801698 0.0098771218869132971 0.0031452465001559956 0.0020847421439141416 -0.011540792671553097 0.011205334069019524 -0.048865236495735008 -0.016059988148319462 -0.0010114778728399548 -0.0036212018446226393 -0.025685323402969116 -0.12644171434205653 0.0078590326582595044 -0.014360111722488212 -0.008135075339153329 -0.070111781082148258 0.022853507737189745 -0.0072847344476551414 0.00065162354962146709 -0.012207929662607328 -0.012911544777638973 0.0028961762538276658 -0.0012123297449024781 -0.016299640402860468 0.019898123658787365 0.0035563351806384065 -0.037114029380064584 -0.038899152666500375 -0.011918186189385657 -0.015523497843469427 -0.0017475729977686249 -0.013722472308707441 -0.0062870184706959988 -0.00089711238546070615 0.0084315618517431749 0.012380471700949833 0.018228481172829762 -0.012060461266757574 -0.077236737340850667 -0.035244014331084837 0.0024148667081718817 -0.019241275433797705 -0.13141564918572413 0.027315430625488881 -0.011889116753831365 0.014429815912285253 -0.037910366637100068 0.020338040814774663 -0.020097743786788681 -0.032262916176076878 -0.11245204924693648 -0.036391685607455919 -0.016670753269807086 -0.053421958631997064 -0.00046166936725271891 -0.012522380346481891 -0.0017207704177722709 0.0064766108450366447 -0.0063692852828453128 -0.085047958104899429 0.020884674248996139 -0.017749809769722923 -0.0027214040522410615 0.010174545828863733 0.02578715650018662 0.00032075187022415021 0.012698422574073547 0.0044354747335167803 -0.044580662684193972 0.0070190021763193305 -0.0043564013574787066 0.0052187040782116778 0.00972022753651932 -0.027812975274704131 -0.0044436565694838523 0.012147873296582722 0.0092883255036141955 -0.04642033752075142 0.0036799185519649129
leaf_weight=10496 209 13945 1301 12007 1573 376 1226 2146 175 112 48990 312 571 201 5946 194 440 157 659 893 356 4206 363 177 105 149 155 1035 1494 641 256 1062 105 524 1043 191 3565 14697 1964 6952 197 6675 496 4265 125 393 878 242 570 3091 17575 23142 366 299 599 20960 572 108 100 5742 5733 4019 628 796 23810 28077 28195 1576 518 11704 3940 2902 6661 435 240 3200 302 622 450 14660 23440 3540 435 539 940 114 169 6691 563 135 113 8996 4163 104 2922 4739 186 158 177 615 389 815 807 8662 7937 13502 197 2343 8156 368 304 1218 4600 4635 17521 144 828 2849 11123 205 496 4415 1354 178 263 1973
leaf_count=10496 209 13945 1301 12007 1573 376 1226 2146 175 112 48990 312 571 201 5946 194 440 157 659 893 356 4206 363 177 105 149 155 1035 1494 641 256 1062 105 524 1043 191 3565 14697 1964 6952 197 6675 496 4265 125 393 878 242 570 3091 17575 23142 366 299 599 20960 572 108 100 5742 5733 4019 628 796 23810 28077 28195 1576 518 11704 3940 2902 6661 435 240 3200 302 622 450 14660 23440 3540 435 539 940 114 169 6691 563 135 113 8996 4163 104 2922 4739 186 158 177 615 389 815 807 8662 7937 13502 197 2343 8156 368 304 1218 4600 4635 17521 144 828 2849 11123 205 496 4415 1354 178 263 1973
internal_value=-0.00408642 -0.0023562 -0.00348173 0.00171725 0.00502293 -0.00728786 -0.0117659 -0.00564935 -0.00656164 -0.00541289 -0.00413274 -0.0471282 0.00954905 -0.00242717 0.000156608 -0.0110938 -0.0555028 -0.074879 -0.00570005 -0.01009 -0.0132864 -0.0207361 -0.0249029 -0.0228837 -0.0633159 -0.0590799 -0.0248417 -0.00857088 0.0207352 -0.038293 -0.0120877 -0.0272339 -0.060875 -0.0116633 -0.028147 -0.0543575 -0.00620553 -0.00338411 0.00424747 -0.0100941 -0.0070681 -0.0136257 -0.00487121 -0.00832348 -0.00599357 -0.0090115 -0.0261501 0.00507844 -0.0108525 -0.0060739 0.00590711 -0.0122832 -0.00957041 -0.07053 -0.00585825 -0.00249315 -0.014243 -0.0278182 -0.0744991 0.00693833 -0.00616571 -0.00182027 -0.0594565 -0.0067805 -0.00457387 0.0022675 -0.0126574 -0.00124954 0.0146431 -0.0052836 -0.0156946 0.0119027 0.00159491 -0.0181118 -0.0683403 -0.00496329 0.0121948 0.0167305 -0.0330684 -0.00855717 0.000352018 -0.00303453 0.00298667 -0.00577861 -0.00995519 -0.0191764 0.00265289 0.00358714 0.00160904 -0.102995 -0.0186246 -0.00797316 0.00760937 0.00547466 0.0104685 -0.0170843 -0.0582352 -0.078495 -0.0682371 -0.0175724 -0.030949 0.0110655 0.0034514 -0.00570595 0.00193552 -0.00788429 -0.0166084 0.0268648 -0.0192109 -0.0351825 -0.0144013 0.0189624 0.00422666 0.00653374 0.00418347 -0.00940615 -0.00267314 0.00398702 0.00326609 -0.0176083 -0.00127971 -0.00680909 -0.000184265 -0.0177659 -0.0258317 -0.00228096
internal_weight=519853 337489 292828 79311 44661 182364 48862 133502 30923 213517 151931 642 28597 77366 45749 7227 1281 841 30281 56136 31504 17939 12105 11502 603 1080 467 61586 5410 2489 5834 1628 361 30424 1684 684 37619 21802 7105 15817 28131 7058 21073 13738 24632 22274 1271 1705 812 10043 57037 23967 13079 493 109717 23602 2642 1215 208 23187 31617 11224 805 86115 37125 38522 28719 5141 1945 35514 5614 8644 7335 1007 931 7465 2150 1848 825 20393 42214 16064 5029 11035 1489 1054 7061 6892 36577 240 9013 21003 39462 22595 16867 5774 383 691 533 5248 1004 1611 18432 24507 36014 15845 2343 3916 8900 744 4244 1736 12509 9235 17625 4163 1427 14543 13972 1267 29705 4911 24794 674 713 3274
internal_count=519853 337489 292828 79311 44661 182364 48862 133502 30923 213517 151931 642 28597 77366 45749 7227 1281 841 30281 56136 31504 17939 12105 11502 603 1080 467 61586 5410 2489 5834 1628 361 30424 1684 684 37619 21802 7105 15817 28131 7058 21073 13738 24632 22274 1271 1705 812 10043 57037 23967 13079 493 109717 23602 2642 1215 208 23187 31617 11224 805 86115 37125 38522 28719 5141 1945 35514 5614 8644 7335 1007 931 7465 2150 1848 825 20393 42214 16064 5029 11035 1489 1054 7061 6892 36577 240 9013 21003 39462 22595 16867 5774 383 691 533 5248 1004 1611 18432 24507 36014 15845 2343 3916 8900 744 4244 1736 12509 9235 17625 4163 1427 14543 13972 1267 29705 4911 24794 674 713 3274
cat_boundaries=0 1 2 3 4 5 6 7 8 9 10 11 12 13 14 15 16 17 18 19 20 21
cat_threshold=6 2 8 2 8 4 2 4 1 2 2 2 2 2 1 2 1 1 2 2 1
is_linear=0
shrinkage=0.03


Tree=17
num_leaves=127
num_cat=39
split_feature=0 5 5 5 5 12 13 11 21 5 2 5 5 5 0 21 0 26 11 21 0 13 5 2 5 0 0 12 5 5 0 0 5 25 27 5 12 12 5 16 5 0 30 5 27 0 0 25 25 25 5 0 0 5 0 0 5 12 5 0 0 29 27 25 0 25 29 24 5 27 5 25 2 29 5 0 5 0 25 0 27 11 27 5 0 5 11 25 0 27 0 5 27 0 5 0 20 27 5 2 27 5 0 13 5 0 27 0 5 27 12 0 5 25 20 0 5 27 25 27 0 27 25 0 0 27
split_gain=14333.9 7038.79 5351.73 3565.86 2994.57 2066.8 1610.94 3388.96 3053.86 2123.09 1422.91 2157.58 1884.48 1370.76 1335.68 1298.15 1245.65 1149.29 977.934 2365.35 943.696 934.793 927.464 923.381 1040.5 1312.06 3289.52 1207.97 1041.01 935.338 1816.61 910.589 1584.08 895.588 2074.73 880.242 877.746 851.006 843.93 759.804 903.22 1312.52 694.878 686.119 676.836 3596.26 673.915 1849.72 667.262 660.857 651.282 661.269 643.499 1042.85 2974.37 634.037 628.279 593.753 582.77 575.975 575.579 574.112 552.943 753.63 541.369 1415.13 566.057 538.658 533.633 723.957 531.147 529.706 519.081 496.792 487.747 550.379 467.788 519.73 540.141 455.111 954.695 450.039 430.257 520.817 652.851 425.416 913.442 655.821 423.877 1175.21 680.962 1684 1201.24 1864.43 966.057 815.571 485.034 481.912 419.47 416.931 412.977 407.794 470.909 403.861 399.781 920.3 391.185 388.881 388.515 479.654 384.666 377.757 679.86 371.89 542.485 369.797 458.062 372.183 421.415 365.552 365.054 428.088 1205.82 1298.21 361.53 352.12
threshold=13030.000000000002 0 1 2 3 -0.41399101912975306 39.500000000000007 0.10837544873356821 0.1000989116728306 4 5 6 7 8 19050.000000000004 0.12880711257457736 61.500000000000007 0.24214403331279757 0.3903625756502152 1.0000000180025095e-35 1940.0000000000002 37.500000000000007 9 10 11 950.00000000000011 850.00000000000011 0.48126256465911871 12 13 325.00000000000006 180.00000000000003 14 49.000000000000007 0.089248880743980422 15 0.7074720859527589 -0.69676771759986866 16 14.500000000000002 17 850.00000000000011 0.10226471349596979 18 0.089248880743980422 475.00000000000006 325.00000000000006 69.500000000000014 38.500000000000007 38.500000000000007 19 325.00000000000006 325.00000000000006 20 950.00000000000011 1410.0000000000002 21 0.95178258419036876 22 1715.0000000000002 55.000000000000007 0.04441503249108792 0.055219287052750594 81.500000000000014 1280.0000000000002 102.50000000000001 0.13254455476999286 0.99172651767730724 23 0.055219287052750594 24 40.500000000000007 25 0.04441503249108792 26 950.00000000000011 27 325.00000000000006 56.500000000000007 615.00000000000011 0.095947422087192549 -0.4218058288097381 0.072961069643497481 28 950.00000000000011 29 0.022575936280190948 90.500000000000014 325.00000000000006 0.059944719076156623 715.00000000000011 30 0.092709075659513487 615.00000000000011 31 1615.0000000000002 89.500000000000014 0.092709075659513487 32 33 0.07936600968241693 34 1410.0000000000002 25.500000000000004 35 950.00000000000011 0.052256155759096153 45.000000000000007 36 0.053263295441865928 0.020426410250365738 90.000000000000014 37 73.500000000000014 71.500000000000014 155.00000000000003 38 0.098019190132617964 81.500000000000014 0.08212983608245851 1280.0000000000002 0.11874964460730554 99.000000000000014 1225.0000000000002 1560.0000000000002 0.064750330522656455
decision_type=2 9 9 9 9 2 2 2 8 9 9 9 9 9 2 8 2 10 2 10 2 2 9 9 9 2 2 2 9 9 2 2 9 2 2 9 2 2 9 2 9 2 10 9 2 2 2 2 2 2 9 2 2 9 2 2 9 2 9 2 2 10 2 2 2 2 10 2 9 2 9 2 9 10 9 2 9 2 2 2 2 2 2 9 2 9 2 2 2 2 2 9 2 2 9 2 2 2 9 9 2 9 2 2 9 2 2 2 9 2 2 2 9 2 2 2 9 2 2 2 2 2 2 2 2 2
left_child=1 4 14 5 42 13 7 35 38 64 11 -11 99 -3 -2 -16 68 23 20 46 21 50 72 29 -25 26 27 110 -27 30 -7 32 -24 34 49 37 58 -5 -9 40 41 79 125 -13 98 -46 47 70 -36 119 103 -52 100 54 67 56 73 -38 -4 -43 -34 -40 63 -35 -10 -66 -67 -54 107 -70 -20 -57 76 -21 75 -47 77 -8 -79 -14 -81 -28 -23 -84 113 87 -87 -17 -37 -90 91 92 -91 -94 97 -96 -97 -92 -33 -12 106 -53 -103 -18 105 -74 -15 -6 109 -48 -26 112 -106 -85 -115 116 -64 118 -117 -29 121 -78 123 -123 -42 -1
right_child=2 3 36 6 16 17 22 8 9 10 12 43 39 52 15 85 18 -19 19 55 -22 82 31 24 25 28 81 33 -30 -31 -32 44 60 62 48 88 57 -39 61 -41 124 59 -44 -45 45 74 108 -49 -50 -51 51 101 53 -55 -56 71 -58 -59 -60 -61 -62 -63 115 -65 65 66 -68 -69 69 -71 -72 -73 104 -75 -76 -77 120 78 -80 80 -82 -83 83 84 -86 86 -88 -89 89 90 94 -93 93 -95 95 96 -98 -99 -100 -101 -102 102 -104 -105 111 -107 -108 -109 -110 -111 -112 -113 -114 114 -116 117 -118 -119 -120 -121 -122 122 -124 -125 -126 -127
leaf_value=0.021165299215163972 -0.1931776762008667 0.0056516228774655727 -0.046274653095297692 0.0090461896359923296 0.030829168716445563 -0.010457799550275976 -0.034569453208896678 -0.0044754057418282941 -0.0031863111419504907 -0.025050372790658765 -0.047782123536145422 0.012633046647434212 -0.03599681824308143 -0.020043024163860296 -0.02654828707340048 -0.059612904678691514 0.0055258132786716067 0.0098134052826517534 -0.0026364642511669638 -0.026145268774771049 -0.051092359821347827 -0.003174841228312855 -0.10672780359875071 -0.01268425903705403 0.00043383050618066928 -0.023401856808784132 -0.094082320595849048 -0.019053398699093584 0.0094488148329950027 -0.0098006912547235186 -0.10734070014721661 0.0062492794060674392 0.0092265605360089941 -0.027984950806192576 -0.081771475117143028 -0.0056563095392775861 -0.12376165395123616 0.00057925646871604785 -0.01429460627234448 -0.012723739597976826 -0.017842116602546823 -0.023258404365905719 0.035716273183491222 -0.0047145654979077875 -0.17090040588579258 -0.019008170321785915 -0.037671652087492166 -0.085983636142840061 -0.16824118025759432 -0.076890141842185816 -0.00305376397562986 0.0099286469946825769 -0.13667460375302573 -0.010363549356165692 0.02982162738457704 -0.087593522444983155 0.010798059728242777 -0.028513192307870208 0.022711750216403741 -0.089737060265462909 -0.015735729202325011 0.0046359479706438245 0.012518279841507883 -0.078425236971263426 0.015757079965533001 -0.04525606996762125 -0.13030905651418784 -0.055992808018265096 -0.071272519230431028 -0.016085976936957114 -0.028177571664992278 -0.009883249635852907 0.0022033710314663677 0.0011272628213548309 -0.0010435024766001391 -0.0061381880574605191 -0.009570364947599521 -0.030088237296172281 -0.0022360790256133207 -0.14539545996321571 -0.058060109239659811 -0.17292479117085613 0.0087686289960835564 -0.0092675471178768915 0.0026126885574296911 -0.2053335461410192 -0.10530165526866912 -0.13972231291108211 0.012925562615065054 -0.0078771109829351114 -0.023071123939408314 0.0037268609050413568 -0.16759434645666796 -0.035176746855054661 0.00576912795121577 -0.010863398956739378 -0.090909685177392646 -0.0043025466837525303 -0.0030492046305560117 -0.10017384012314023 -0.030526795355192482 0.0034932098499139939 -0.041460066832287208 0.017450894605698149 -0.054989225107431414 -0.050513691337822672 0.009989175859925932 -0.014569073152783385 -0.012472804852014923 0.012153792456333716 -0.019016257199000158 -0.0046454184570017031 0.0027790508652601313 -0.081034759865004635 -0.0072914855797422823 -0.039683560970816496 -0.021543983345905602 0.0003813424394352098 -0.018192245600914543 -0.070333342789770006 0.024878798311552666 -0.12164948911621021 -0.091055243268114691 -0.014051290586824512 0.014545402625403724 0.0053366271346802965
leaf_weight=3345 242 8921 153 20808 191 509 2010 23073 27304 3672 652 3491 263 456 133 197 4204 1767 1300 634 286 19231 154 15654 1402 1744 145 1015 1711 27189 264 7809 948 751 196 13688 104 21957 1535 16649 6933 3145 2048 4947 118 3750 202 398 140 278 8360 15123 222 11511 233 120 7406 136 325 121 6721 23524 500 414 284 189 113 115 361 525 1700 228 598 11268 12365 14761 10536 1096 1462 161 379 126 8549 2518 11552 194 149 176 5797 1783 1537 3926 101 1576 15807 155 121 6177 9877 210 312 13669 212 6524 364 593 2677 1472 6053 1212 2634 13187 365 168 192 2129 1181 367 1341 142 236 103 210 3436 324 2035
leaf_count=3345 242 8921 153 20808 191 509 2010 23073 27304 3672 652 3491 263 456 133 197 4204 1767 1300 634 286 19231 154 15654 1402 1744 145 1015 1711 27189 264 7809 948 751 196 13688 104 21957 1535 16649 6933 3145 2048 4947 118 3750 202 398 140 278 8360 15123 222 11511 233 120 7406 136 325 121 6721 23524 500 414 284 189 113 115 361 525 1700 228 598 11268 12365 14761 10536 1096 1462 161 379 126 8549 2518 11552 194 149 176 5797 1783 1537 3926 101 1576 15807 155 121 6177 9877 210 312 13669 212 6524 364 593 2677 1472 6053 1212 2634 13187 365 168 192 2129 1181 367 1341 142 236 103 210 3436 324 2035
internal_value=-0.00397098 -0.00367662 -0.0882477 -0.00571099 0.00233189 -0.0110969 -0.0041715 -0.0027309 -0.00613374 -0.0101871 -0.0145342 -0.00589014 -0.0181606 -0.00371758 -0.129645 -0.112855 0.00121968 -0.0140272 0.00165667 -0.0029876 0.00322144 0.00339402 -0.0075138 -0.0147314 -0.0182262 -0.0235638 -0.0280184 -0.0257684 -0.00717575 -0.0107374 -0.0430852 -0.00515047 -0.014651 -0.0322145 -0.0511847 0.00152915 -0.0231264 0.004698 -0.000336694 -0.0167969 -0.0227976 -0.0341272 0.0208183 0.00246965 -0.0036245 -0.0062966 -0.0142201 -0.0252944 -0.118193 -0.0354236 0.00625355 0.00437856 -0.00909878 -0.0123658 -0.0516271 0.00322165 0.00394583 -0.0701298 8.79018e-05 -0.025748 -0.0126328 0.00347444 -0.0271805 -0.0459615 -0.0037979 -0.0323051 -0.0774056 -0.109389 -0.0195306 -0.0381961 -0.017217 -0.0368541 -0.0114137 -0.0003273 -0.00566201 -0.00874158 -0.0147069 -0.0231049 -0.0141767 -0.0685573 -0.0843196 -0.131241 0.000135941 0.00290674 -0.000572169 -0.128828 -0.157727 -0.0951412 -0.00114618 0.000523029 -0.00178297 -0.00973988 -0.0249557 -0.0432469 0.000686956 0.00487217 -0.0461577 -0.00803424 0.00105834 -0.0616472 0.00233211 0.00652237 0.0028017 0.0127668 -0.00724468 -0.0238647 0.00561307 -0.00928378 -0.00917781 0.00497909 -0.0122614 -0.00580454 -0.0268165 -0.0133543 -0.0418342 -0.0232077 -0.0114647 -0.028348 -0.0313858 -0.0254023 -0.0120496 -0.0126698 -0.0213756 -0.0172163 -0.0163718 0.0151802
internal_weight=520042 518233 1809 387147 131086 86046 301101 210402 116969 68837 40947 12110 28837 24447 1091 849 123658 61599 121109 30521 90588 90302 90699 59832 31870 16216 12761 12490 3455 27962 773 56503 7823 8454 1771 93433 718 42765 48132 27975 11326 4069 7428 8438 48680 30994 10865 3398 336 1435 48092 37364 15526 12081 570 19656 19308 240 478 3266 7669 25059 6683 1165 27890 586 302 337 2549 886 3000 348 34196 11902 30876 18511 19089 4568 2558 803 540 271 42210 22979 14430 716 343 373 50668 36980 31183 7386 3460 1677 23797 16083 276 7714 17686 862 3445 29004 13881 10728 15107 1191 3133 1663 7467 1414 4036 13916 729 2878 360 5518 1681 3837 3470 1157 14521 14285 3749 3539 7257 5380
internal_count=520042 518233 1809 387147 131086 86046 301101 210402 116969 68837 40947 12110 28837 24447 1091 849 123658 61599 121109 30521 90588 90302 90699 59832 31870 16216 12761 12490 3455 27962 773 56503 7823 8454 1771 93433 718 42765 48132 27975 11326 4069 7428 8438 48680 30994 10865 3398 336 1435 48092 37364 15526 12081 570 19656 19308 240 478 3266 7669 25059 6683 1165 27890 586 302 337 2549 886 3000 348 34196 11902 30876 18511 19089 4568 2558 803 540 271 42210 22979 14430 716 343 373 50668 36980 31183 7386 3460 1677 23797 16083 276 7714 17686 862 3445 29004 13881 10728 15107 1191 3133 1663 7467 1414 4036 13916 729 2878 360 5518 1681 3837 3470 1157 14521 14285 3749 3539 7257 5380
cat_boundaries=0 2 4 6 8 10 11 13 14 16 18 19 20 22 23 24 26 28 30 32 34 35 37 39 40 42 43 45 47 49 51 52 54 56 57 58 60 61 63 65
cat_threshold=423897174 170 303038466 8196 574505 2112 16 2 2686455936 17424 2 1073807872 257 131072 1057 2048 3223326720 28689 10 49161 0 2048 1 131072 3255894016 30224 3288338560 21524 109051904 8704 9568256 8196 262212 8 524288 17039362 160 524288 2048 68 64 40 10 638713856 4 2097152 1 2118 136 33554432 4 547356672 0 260 605159552 516 4 20979714 0 16 264198 1073741824 16384 524288 2048
is_linear=0
shrinkage=0.03


Tree=18
num_leaves=127
num_cat=46
split_feature=0 5 5 5 2 5 5 4 12 5 5 5 23 31 0 28 11 26 5 12 0 12 11 2 0 28 11 23 12 11 21 0 5 31 11 5 0 11 4 0 21 0 5 0 5 0 0 26 0 5 21 5 0 0 5 0 0 11 5 5 5 11 12 5 32 12 12 5 23 5 5 5 5 5 0 12 0 5 0 4 0 11 0 26 23 0 13 5 5 20 0 5 0 0 29 5 13 24 5 0 0 12 11 2 0 12 5 5 0 5 21 5 0 20 0 5 0 5 0 5 0 21 29 4 23 0
split_gain=13641.5 6798.33 4718.68 4345.61 3150.7 3890.9 2287.01 2189.76 1780.71 1594 1557.45 1506.09 1285.9 1243.53 1234.92 1204.37 981.001 1781.45 2217.12 1156.46 974.273 896.348 2149.11 879.546 852.213 805.331 1287.24 804.348 1112.25 791.635 745.878 718.259 1499.61 1191.73 715.777 685.268 663.119 608.037 599.487 792.925 733.992 598.876 596.876 1037.23 538.356 523.306 1986.59 747.872 508.034 534.701 502.073 623.154 1222.78 2063.33 494.847 489.085 486.854 479.295 679.915 478.109 459.457 457.727 716.603 659.703 521.446 439.98 452.285 425.47 421.54 416.54 413.377 410.842 406.492 403.946 393.358 388.628 383.039 416.834 711.91 1725.41 1770.56 452.341 388.714 378.319 377.919 370.164 360.162 360.12 345.665 338.727 330.538 329.809 605.318 707.174 324.61 323.353 546.02 322.615 314.957 374.692 313.462 313.089 306.355 300.869 510.697 296.447 296.33 292.092 326.045 311.405 292.072 479.935 1185.31 492.747 461.291 289.904 282.272 1032.54 579.803 399.941 1185.85 720.364 374.327 342.028 334.387 1290.06
threshold=13030.000000000002 0 1 2 3 4 5 6 -0.21862536668777463 7 8 9 0.064333807677030577 0.029832490719854835 1715.0000000000002 0.10316013172268869 0.24372619390487674 0.35343860089778906 10 -0.31800055503845209 1940.0000000000002 -0.72102889418601979 0.24372619390487674 11 1225.0000000000002 0.13561000674963 0.23537775129079822 0.035104382783174522 -0.082691941410303102 0.24372619390487674 0.08976986259222032 325.00000000000006 12 0.075905904173851027 0.24372619390487674 13 155.00000000000003 -0.5276680290699004 14 1225.0000000000002 0.064643450081348433 90.000000000000014 15 615.00000000000011 16 615.00000000000011 425.00000000000006 0.078751005232334151 325.00000000000006 17 0.050048705190420158 18 615.00000000000011 950.00000000000011 19 90.000000000000014 1280.0000000000002 0.69056403636932384 20 21 22 0.24372619390487674 -0.21862536668777463 23 0.24093164503574374 -0.25206183642148966 0.91852787137031566 24 0.12977331131696704 25 26 27 28 29 90.000000000000014 -0.38243420422077173 1560.0000000000002 30 325.00000000000006 31 950.00000000000011 -0.91246706247329701 155.00000000000003 0.041167760267853744 0.051437802612781532 1560.0000000000002 46.500000000000007 32 33 87.500000000000014 1560.0000000000002 34 1280.0000000000002 1560.0000000000002 0.11832415685057641 35 45.500000000000007 1.002020061016083 36 45.000000000000007 1280.0000000000002 -0.72102889418601979 0.2603727281093598 37 325.00000000000006 -0.87397405505180348 38 39 325.00000000000006 40 0.067053630948066725 41 950.00000000000011 90.500000000000014 950.00000000000011 42 225.00000000000003 43 155.00000000000003 44 325.00000000000006 0.10669478774070741 0.040852611884474761 45 0.081555202603340163 1225.0000000000002
decision_type=2 9 9 9 9 9 9 9 2 9 9 9 8 10 2 8 2 8 9 2 2 2 2 9 2 8 2 8 2 2 8 2 9 10 2 9 2 2 9 2 8 2 9 2 9 2 2 10 2 9 8 9 2 2 9 2 2 2 9 9 9 2 2 9 8 2 2 9 10 9 9 9 9 9 2 2 2 9 2 9 2 2 2 10 8 2 2 9 9 2 2 9 2 2 8 9 2 2 9 2 2 2 2 9 2 2 9 9 2 9 8 9 2 2 2 9 2 9 2 9 2 8 8 9 8 2
left_child=1 8 -2 13 11 14 12 15 10 23 48 25 -4 55 36 -7 19 91 -19 56 97 22 60 44 -17 -5 73 -20 41 -26 45 33 37 59 76 -24 67 -33 39 -25 -40 -29 43 -28 -10 46 47 115 69 -50 -34 52 -52 -54 83 98 71 65 94 -11 -13 62 63 -38 87 88 107 74 110 102 -22 -9 -36 -27 -6 89 77 103 82 80 81 -80 -79 -47 -53 -43 -61 -63 -32 -14 -74 92 -18 -94 -59 -77 -97 -16 -3 -100 -93 -75 -1 104 -12 -57 -8 108 109 -67 114 112 113 -112 -46 -23 117 -42 122 124 -121 -122 -119 -120 125 -118
right_child=2 3 6 4 5 7 106 16 9 31 34 21 75 -15 20 24 17 18 27 -21 70 30 35 38 29 26 42 28 -30 -31 57 32 50 -35 72 -37 61 -39 40 -41 116 85 -44 -45 68 54 -48 -49 49 -51 51 84 53 -55 -56 105 -58 58 -60 86 -62 64 -64 -65 -66 66 -68 -69 -70 -71 -72 -73 90 101 -76 95 -78 78 79 -81 -82 -83 -84 -85 -86 -87 -88 -89 -90 -91 -92 100 93 -95 -96 96 -98 -99 99 -101 -102 -103 -104 -105 -106 -107 -108 -109 -110 -111 111 -113 -114 -115 -116 -117 119 118 123 120 121 -123 -124 -125 -126 -127
leaf_value=-0.0043220746924220073 -0.17711930930172953 0.022933028240542892 0.010134853746742009 0.011527358702915861 0.033477833080791497 -0.0063335655251084344 -0.030881069971455465 -0.0073327891874489237 0.0044069275382946846 0.0021426217508598373 -0.0065762528869085408 0.012799745920826541 -0.095891245069480172 0.029692390893851908 -0.053533335126007192 -0.10053938336224355 -0.012050310321736325 -0.012395707610825962 0.00028023579237716534 -0.012506151344414339 -0.004590063663893763 0.0055684052712296735 -0.016779190473781066 0.024501503215395529 0.00023252432811550976 0.011873079924306095 0.010279011824910622 -0.091097733968423925 -0.13312313264222456 -0.091267403622400267 0.0071011072299465277 -0.012941191132447802 0.020888633359490469 -0.050901307613767627 0.00093896234907951844 -0.0017529935304140588 -0.0097784030563821157 -0.10081591542174177 0.006068101065582413 -0.0024455832145007066 -0.023385959458630378 -0.045228680222766764 -0.0046667158459672798 -0.048902287474721667 -0.027166545503848307 -0.036387687595254119 -0.098256608917426894 0.0085120711158795884 0.033549514479897728 0.0044094474017194506 0.0099984655504647101 0.016956439712750057 -0.16598767499128977 -0.0069554930633637085 0.010949030715506382 0.020959777068032932 0.024662542748737377 0.023620111264272905 -0.014080280320266737 -0.017065630111608356 0.0044381662025095876 -0.017858863637446744 -0.00069675544690676113 0.010358600533262265 -0.0093144679962627805 -0.037354169539080405 -0.00052463558876599198 -0.0090264577081501027 -0.031555701570123287 0.0029451512154218713 -0.046605347438715403 0.0035024310712819767 -0.018202770936858223 0.0084848309242414131 -0.00048035466204667362 -0.077082887935160674 0.016502021139346384 -0.020322115803356078 -0.048250576848129056 -0.012206909402094311 0.026145388243290095 -0.12186454609353491 0.014617285349078708 0.00031405870140750438 -0.011606396128941512 -0.0020593393220291155 -0.027390605615037349 0.0032750655741158583 -0.0021888790751811234 -0.017782360309421427 0.012838815135364711 -0.0064072811253147325 -0.098125284324799264 -0.015192956702085212 -0.0029102478252405785 -0.16063685718480711 -0.078478449622614188 -0.12810265115923383 0.030049113008109005 -0.013570536915059619 0.024186603990461273 0.0016233754401973387 -0.020667037663979534 -0.0060201205235109675 0.014532776713504253 0.0091078081581124452 0.024000582949736633 -0.003923136677707946 -0.0067839510243674177 -0.012917222194442336 -0.11110579705493127 -0.013855180716382018 0.012060230879790404 -0.028957182855947929 0.027909374692880337 -0.0081173577003177937 0.0061543035095472038 -0.040331530165003272 0.0032307323535917089 -0.028593592597317103 0.010513487749067579 -0.013922577847503913 -0.0041247262623007944 0.023531425454046191 -0.0065424106316907399 -0.059734832026868627
leaf_weight=3029 394 316 119 11030 335 347 124 7105 1312 948 2239 8764 100 3024 111 450 3139 3883 314 21570 643 1693 4982 1150 204 6357 413 246 138 145 6233 100 430 1097 1282 6053 1648 245 3184 6723 1817 2612 7822 749 221 272 189 5198 586 11503 209 426 143 150 7770 2204 620 449 8833 11140 18277 782 20463 12706 7071 574 23186 11525 1363 4519 309 5643 9016 8308 3557 382 679 385 105 4832 129 281 1112 3411 17902 192 4188 8548 8521 100 319 6540 167 207 5346 226 112 102 197 1693 315 21403 1565 14480 1911 13745 248 30992 13106 2661 192 13231 197 101 356 7731 587 293 1945 3717 1581 3461 2044 1212 14791 490
leaf_count=3029 394 316 119 11030 335 347 124 7105 1312 948 2239 8764 100 3024 111 450 3139 3883 314 21570 643 1693 4982 1150 204 6357 413 246 138 145 6233 100 430 1097 1282 6053 1648 245 3184 6723 1817 2612 7822 749 221 272 189 5198 586 11503 209 426 143 150 7770 2204 620 449 8833 11140 18277 782 20463 12706 7071 574 23186 11525 1363 4519 309 5643 9016 8308 3557 382 679 385 105 4832 129 281 1112 3411 17902 192 4188 8548 8521 100 319 6540 167 207 5346 226 112 102 197 1693 315 21403 1565 14480 1911 13745 248 30992 13106 2661 192 13231 197 101 356 7731 587 293 1945 3717 1581 3461 2044 1212 14791 490
internal_value=-0.00383738 -0.00355044 -0.0861446 -0.0013056 -0.00212246 -0.00599781 -0.0589619 -0.0120185 -0.0088118 -0.0112996 -0.00465293 1.72527e-05 -0.081801 0.0118779 -0.00121586 -0.0530294 -0.0111278 -0.0168703 -0.0281297 -0.00820951 -0.0318233 -0.00143217 0.00260195 -0.00827374 -0.0732758 0.00426145 0.00248328 -0.0454019 -0.0500424 -0.0379354 -0.00264977 -0.0161996 -0.012267 -0.0206459 -0.00838544 -0.00855461 -0.000680457 -0.0733364 -0.00598736 0.00149316 -0.0076659 -0.0462409 -0.00767675 -0.0276396 -0.0140578 0.00184891 -0.00187487 -0.000622428 0.00182343 0.00585603 -0.0111255 -0.0118635 -0.0445474 -0.0848725 0.00666423 0.00891565 -0.00127623 -0.00383248 -0.00884941 -0.0186037 0.00715491 0.000961496 0.00290797 0.00804653 -0.00317051 -0.00297176 -0.00395743 -0.00613502 -0.0156067 -0.00352413 -0.0187992 -0.0025396 -0.0149569 0.00501414 0.00244413 -0.094579 -0.00572047 -0.00631342 -0.0126408 -0.0177781 -0.0699253 -0.102016 0.00562397 -0.0023991 -0.0109357 -0.0422745 -0.0198753 0.00148636 0.00173933 -0.0571196 -0.0171224 -0.00884851 -0.0163119 -0.0523872 -0.000849474 -0.104891 -0.129893 -0.0896743 -0.00432246 -0.00896305 -0.00499083 0.00354105 -0.00987198 -0.00397949 0.00313767 0.0107468 0.00534519 -0.00563893 -0.0088848 -0.0174187 -0.0140952 -0.0149745 -0.0439304 -0.0829832 0.00680393 -0.00566112 -0.00903524 -0.00385824 0.00264089 -0.0105719 -0.0157216 -0.00625969 -0.00867944 0.0110293 -0.00771374 -0.0238507
internal_weight=519862 518057 1805 363139 341960 121637 1411 53837 154918 96946 57972 220323 1039 21179 67800 1146 52691 17753 7385 34938 1165 164241 38076 59968 799 56082 45052 3502 3188 349 126165 36978 19605 17373 36770 11035 66635 345 42995 7873 35122 3050 8984 1162 16973 26264 14811 14622 21202 12089 19260 18830 502 293 11453 18155 13368 99901 14628 16276 27041 51218 34817 14354 16401 85273 70519 15417 15661 9113 952 12748 10617 36068 3892 920 26153 25474 6844 5347 515 386 1497 3683 18328 2804 15328 9330 14754 200 9335 10368 3513 374 5795 720 338 213 2206 1890 6855 29711 4594 18630 4150 15949 372 47333 16341 3235 14298 13721 490 293 577 9424 31938 7311 5494 24627 8759 5042 2337 3157 15868 1077
internal_count=519862 518057 1805 363139 341960 121637 1411 53837 154918 96946 57972 220323 1039 21179 67800 1146 52691 17753 7385 34938 1165 164241 38076 59968 799 56082 45052 3502 3188 349 126165 36978 19605 17373 36770 11035 66635 345 42995 7873 35122 3050 8984 1162 16973 26264 14811 14622 21202 12089 19260 18830 502 293 11453 18155 13368 99901 14628 16276 27041 51218 34817 14354 16401 85273 70519 15417 15661 9113 952 12748 10617 36068 3892 920 26153 25474 6844 5347 515 386 1497 3683 18328 2804 15328 9330 14754 200 9335 10368 3513 374 5795 720 338 213 2206 1890 6855 29711 4594 18630 4150 15949 372 47333 16341 3235 14298 13721 490 293 577 9424 31938 7311 5494 24627 8759 5042 2337 3157 15868 1077
cat_boundaries=0 2 4 6 7 9 11 12 14 16 18 20 21 22 24 25 26 28 29 30 32 34 36 38 40 42 44 45 47 49 50 52 53 54 56 57 58 60 61 63 65 66 67 69 70 72 73
cat_threshold=2671657 2133 268435458 8192 84 2 6 529797248 9384 571998208 4 2 2654208 21 2098209 2064 407251074 520 3758162432 16640 4 1 1167135232 8192 4 268566528 0 1 1056 1024 2147549184 13312 2684354560 17440 1 64 2164326400 25600 134217728 128 75497472 40 2097152 16 9437184 541131264 4864 524296 64 2 32776 5 1 1048704 2197881344 20736 1610678274 570949632 16 2 2 134217728 2048 1116737536 24832 41943040 524288 0 128 524288 557056 16 1
is_linear=0
shrinkage=0.03


Tree=19
num_leaves=127
num_cat=42
split_feature=0 5 5 5 5 5 12 5 26 11 13 21 5 2 5 0 0 0 23 11 5 2 5 5 25 27 5 5 27 11 23 0 25 27 5 5 0 25 2 13 5 25 27 0 4 0 25 0 28 25 23 11 2 25 27 0 26 5 25 2 5 0 5 27 27 25 16 27 5 5 27 0 5 31 27 0 5 27 5 0 0 5 27 4 11 27 0 0 26 25 21 22 5 0 0 5 0 20 5 0 5 0 25 27 5 0 0 25 12 20 11 8 3 27 5 0 27 5 2 13 0 26 5 0 0 0
split_gain=13192.7 6133.16 4453.95 3141.68 2668.88 2073.55 1818.84 1596.87 1418.65 1949.14 3131.7 1783.33 2028.35 1258.28 1250.38 1320.08 2896.05 1184.79 1172.71 1151.54 1057.22 920.387 1762.96 1571.79 903.118 2299.48 849.686 829.069 841.865 823.587 1948.82 820.432 809.814 837.339 791.299 780.23 1316.1 733.272 717.551 681.34 678.569 659.189 690.544 644.852 1153.71 2467.61 1464.99 592.532 785.379 586.757 572.982 559.119 527.197 1509.55 662.759 527.141 524.665 511.112 496.346 494.059 624.632 1169.92 489.956 637.772 461.314 452.954 447.762 444.354 800.927 697.623 608.768 442.417 1009.85 431.713 428.63 746.743 1051.73 799.729 634.013 471.048 466.616 428.561 424.001 713.666 418.103 414.658 395.66 459.752 524.496 437.712 391.391 391.023 390.618 385.847 3286.14 730.545 546.196 384.878 394.805 383.27 368.455 522.104 368.235 367.668 506.32 655.095 621.332 382.651 503.796 797.79 442.922 366.292 421.77 371.708 359.46 359.113 356.581 347.55 574.011 442.599 402.937 552.908 346.939 343.396 340.432 339.47
threshold=13030.000000000002 0 1 2 3 4 -0.11692317575216292 5 0.18111586570739749 0.3744682669639588 37.500000000000007 0.14014542102813723 6 7 8 950.00000000000011 850.00000000000011 61.500000000000007 0.064333807677030577 -0.099819734692573533 9 10 11 12 49.000000000000007 0.089248880743980422 13 14 0.16058247536420825 0.35846313834190374 0.03195008076727391 6250.0000000000009 59.500000000000007 0.055219287052750594 15 16 325.00000000000006 38.500000000000007 17 38.500000000000007 18 50.500000000000007 0.15550526976585391 325.00000000000006 19 950.00000000000011 17.500000000000004 1410.0000000000002 0.099524557590484633 38.500000000000007 0.038110742345452316 -0.4218058288097381 20 69.500000000000014 0.055219287052750594 615.00000000000011 0.10922185331583024 21 81.500000000000014 22 23 950.00000000000011 24 0.055219287052750594 0.07936600968241693 36.500000000000007 14.500000000000002 0.060448419302701957 25 26 0.12835267186164859 110.00000000000001 27 0.062614444643259062 0.064750330522656455 715.00000000000011 28 0.092709075659513487 29 325.00000000000006 1715.0000000000002 30 0.15358696132898333 31 -0.70898476243019093 0.072961069643497481 155.00000000000003 615.00000000000011 0.051265493035316474 67.500000000000014 0.10194998234510423 -0.11594646796584128 32 475.00000000000006 425.00000000000006 33 55.000000000000007 77.500000000000014 34 155.00000000000003 35 950.00000000000011 67.500000000000014 0.086274277418851866 36 950.00000000000011 615.00000000000011 57.500000000000007 -0.88220417499542225 71.500000000000014 0.3744682669639588 5.5000000000000009 37 0.064750330522656455 38 45.000000000000007 0.058846931904554374 39 40 25.500000000000004 1560.0000000000002 0.010383780114352705 41 90.000000000000014 90.000000000000014 155.00000000000003
decision_type=2 9 9 9 9 9 2 9 10 2 2 8 9 9 9 2 2 2 8 2 9 9 9 9 2 2 9 9 2 2 10 2 2 2 9 9 2 2 9 2 9 2 2 2 9 2 2 2 10 2 10 2 9 2 2 2 10 9 2 9 9 2 9 2 2 2 2 2 9 9 2 2 9 10 2 2 9 2 9 2 2 9 2 9 2 2 2 2 10 2 10 8 9 2 2 9 2 2 9 2 9 2 2 2 9 2 2 2 2 2 2 2 1 2 9 2 2 9 9 2 2 10 9 2 2 2
left_child=1 4 -2 6 50 18 7 -3 9 10 19 92 -13 35 91 16 24 62 -4 40 -17 23 27 -14 25 37 55 -23 -29 31 52 39 -26 58 38 36 -8 -16 -12 117 71 -20 66 64 45 46 -45 90 -49 -27 111 -18 81 65 -55 -19 -37 -21 125 60 61 -36 63 -6 -9 82 -43 69 70 -24 -69 72 -5 -10 79 76 77 -76 -77 116 -80 -31 -54 -84 97 -41 89 -88 102 124 -32 123 -11 94 96 -95 -40 98 -42 -39 -87 -102 -89 104 -46 106 -106 110 109 -109 -105 112 -1 -113 -7 -64 -73 119 -119 -28 121 -120 -112 -15 -35 -34
right_child=2 3 5 8 17 114 13 43 73 11 34 12 21 14 15 20 51 26 41 57 -22 22 67 -25 32 49 29 28 -30 30 47 -33 33 86 59 56 -38 99 93 85 84 42 -44 44 103 -47 -48 48 -50 -51 -52 -53 53 54 -56 -57 -58 -59 -60 -61 -62 -63 115 -65 -66 -67 -68 68 -70 -71 -72 74 -74 -75 75 78 -78 -79 80 -81 -82 -83 83 -85 -86 100 87 88 -90 -91 -92 -93 -94 95 -96 -97 -98 -99 -100 -101 101 -103 -104 107 105 -107 -108 108 -110 -111 122 113 -114 -115 -116 -117 -118 118 120 -121 -122 -123 -124 -125 -126 -127
leaf_value=-0.066520791433412926 -0.17330220383809025 0.004939323125052528 0.0063911388552188864 -0.096242649985962547 -0.066685208824898132 -0.035248796818207723 -0.011297584817598362 0.0051696048704148907 0.011578552223676476 0.003027125555830297 -0.00072917074868204031 -0.0031226587262871515 0.0082471296654568725 -0.047204684383347073 -0.02174665519365843 -0.023781450452943807 -0.080416764834796192 0.0059326624572033481 -0.064415238606658848 -0.0072134843741512855 0.010080742039495617 -0.074383521373252576 -0.072671205811452547 -0.021388878066603084 -0.0029353649226902877 -0.082141618640666977 0.0010104552937620383 -0.044083605960531173 -0.010209124686187204 0.0080741771048046113 0.0073040651876093354 -0.081908195339716397 -0.0067351364630919234 -0.0078216561256402289 0.013215389557993052 -0.0094142910619244933 -0.094660237699281419 -0.026090416399871599 0.0097148343961705637 -0.004386018089118233 0.0042285129091227565 -0.036131557822965156 -0.16502012243760483 -0.11673053897027945 0.016607121510442083 0.027265807104193504 -0.011422389679721423 -0.10178554904521317 -0.0060993318955674218 -0.16050772295278659 0.029628902424926443 -0.16829704790011696 -0.018758411911807608 -0.071801546200314606 -0.019750421927094156 0.021487459823547748 0.0053246596804783402 -0.00067202203748845243 -0.076456661687327676 -0.01135050215167469 -0.0036854585732809778 -0.051468546058657784 0.029151023708857159 -0.015856607961649487 -0.022015387130109802 -0.0069514849706784534 -0.11190210482332764 -0.026376758376683369 0.0016515450031858467 -0.022085449094213467 -0.0066857634735343827 -0.017156483029437539 -0.0069591186982297234 0.0011184555126997897 -0.0084108467480748985 -0.0060935371622271289 0.00098783433292329802 -0.042835133698940354 0.0075681757182185401 0.014808654667892716 -0.040236893590218467 -0.011540209158676113 -0.021675755569384107 -0.11842016373981128 0.009886925506605547 0.0082135759826695871 -0.035342689491260786 -0.0036752622953320564 0.0053283685865853705 0.0069203756539771687 -0.0017709552115151238 -0.0087646912767101771 -0.0056281749701141918 0.0021910728291022214 -0.16096779611773956 -0.01082260560595247 -0.013583009320883885 0.0072426368179757507 -0.012437412498869987 -0.098811267943136272 -0.012689347777107254 0.0022897817552450304 -0.039092598440684377 -0.0057837333137441835 -0.010842512662608382 0.015622974836828538 -0.058755460391327251 -0.083961292723330055 -0.016051854539209192 -0.015116532524938093 -0.030699983371135942 0.022829405938586865 0.011202273295660104 0.0045781718825713543 0.023537671918829165 -0.014177312259033584 0.0046219850551587052 0.0090262212127171348 -0.0064380110100179218 0.0087163190403661897 -0.044392075155981779 0.017937191304292371 -0.0038119550376610437 -0.017042295252431061 -0.036549423009489795 -0.05251526780114224
leaf_weight=109 388 10628 124 108 378 136 511 3505 5702 5403 27637 10405 2579 401 1621 1663 130 9475 439 16081 1638 575 287 4266 1638 248 9452 2441 906 1446 9957 103 246 792 400 24462 255 101 1036 15509 2678 100 167 376 917 269 174 110 254 135 3060 137 1621 622 342 2472 2385 32408 420 34578 16388 676 194 539 668 3881 245 4108 2154 1652 2155 827 2886 9412 1262 5076 3360 1171 10676 3958 186 3220 184 109 16321 6207 2686 389 669 739 7497 10890 35537 6976 132 8742 7162 6602 2433 188 2600 10748 824 5430 2082 756 275 286 1823 322 1370 2297 146 1785 247 1472 3700 4495 6473 23111 220 961 648 2213 699 358
leaf_count=109 388 10628 124 108 378 136 511 3505 5702 5403 27637 10405 2579 401 1621 1663 130 9475 439 16081 1638 575 287 4266 1638 248 9452 2441 906 1446 9957 103 246 792 400 24462 255 101 1036 15509 2678 100 167 376 917 269 174 110 254 135 3060 137 1621 622 342 2472 2385 32408 420 34578 16388 676 194 539 668 3881 245 4108 2154 1652 2155 827 2886 9412 1262 5076 3360 1171 10676 3958 186 3220 184 109 16321 6207 2686 389 669 739 7497 10890 35537 6976 132 8742 7162 6602 2433 188 2600 10748 824 5430 2082 756 275 286 1823 322 1370 2297 146 1785 247 1472 3700 4495 6473 23111 220 961 648 2213 699 358
internal_value=-0.0037226 -0.00343725 -0.0837579 -0.00533663 0.00217216 -0.0582391 -0.0103948 -0.00436304 -0.00389188 -0.0043655 -0.00292226 -0.00861655 -0.0139792 -0.0135523 -0.0179382 -0.023813 -0.0284431 0.00112419 -0.0795989 0.000610634 -0.00702211 -0.0193161 -0.023662 -0.0102276 -0.026217 -0.043109 0.00155328 -0.0408087 -0.0348159 0.000721136 -0.00358622 0.00229814 -0.0221184 -0.0261347 -0.00665969 -0.00896375 -0.0386324 -0.029623 -0.0040276 0.00240788 0.00334514 -0.0916421 -0.114816 -0.00959127 -0.0125457 -0.0471275 -0.0834961 0.00261528 -0.0352151 -0.11011 0.0196628 -0.125969 -0.0132572 -0.0186048 -0.0533749 0.00914504 -0.00810176 -0.00284318 -0.0514193 -0.00927104 -0.00514922 -0.0271802 -0.0189764 -0.0364615 0.00081369 -0.0128447 -0.0901075 -0.0171318 -0.0141626 -0.0300949 -0.0195723 0.000442552 -0.0105554 0.0050652 0.00153276 -0.0007 -0.00992331 -0.0248878 0.00265282 0.00725051 0.00673973 -0.00545699 -0.0247845 -0.0579464 0.00678092 -0.000722865 -0.022319 -0.0273759 -0.015993 -0.0119525 0.0034062 -0.0112589 -0.00448649 -0.00781623 -0.0130392 -0.00505256 -0.010638 0.0024583 -0.00372194 -0.0735743 0.00218244 -0.0006282 -0.0277469 -0.0105062 -0.00286863 -0.00863472 -0.0164552 -0.0136213 -0.0239548 -0.0475854 -0.0102457 0.0126713 -0.0221506 0.0148515 0.00226179 -0.00906305 0.000640547 0.00486303 0.000529391 0.00647766 -0.00446637 -0.00328502 -0.0222431 -0.0216856 -0.0213051 -0.0339117
internal_weight=519904 518058 1846 387009 131049 1458 85967 29529 301042 285928 213460 72468 31528 56438 28825 15321 12020 123652 1075 109733 3301 21123 14278 6845 11753 2293 121069 3922 3347 109122 29243 79879 9460 7822 103727 27613 766 1910 51685 79776 61244 951 512 18901 14728 819 550 17818 364 383 7397 267 11425 6759 964 11947 26847 48489 1024 52042 17464 1076 2583 917 4173 5795 345 10356 8417 1939 6263 33210 2994 15114 30216 21731 5793 2433 15938 8485 10862 4666 1914 293 28034 35064 6798 4568 1882 2230 17454 13504 40940 24048 8330 15718 8198 11713 5111 289 19555 13348 1213 13909 4030 3113 2357 9879 2431 608 7448 4337 255 4082 383 1666 4527 44712 12149 32563 7654 7434 2018 2614 1491 604
internal_count=519904 518058 1846 387009 131049 1458 85967 29529 301042 285928 213460 72468 31528 56438 28825 15321 12020 123652 1075 109733 3301 21123 14278 6845 11753 2293 121069 3922 3347 109122 29243 79879 9460 7822 103727 27613 766 1910 51685 79776 61244 951 512 18901 14728 819 550 17818 364 383 7397 267 11425 6759 964 11947 26847 48489 1024 52042 17464 1076 2583 917 4173 5795 345 10356 8417 1939 6263 33210 2994 15114 30216 21731 5793 2433 15938 8485 10862 4666 1914 293 28034 35064 6798 4568 1882 2230 17454 13504 40940 24048 8330 15718 8198 11713 5111 289 19555 13348 1213 13909 4030 3113 2357 9879 2431 608 7448 4337 255 4082 383 1666 4527 44712 12149 32563 7654 7434 2018 2614 1491 604
cat_boundaries=0 2 4 6 8 10 12 14 15 16 18 19 21 23 24 25 27 28 29 31 32 33 35 36 38 40 42 44 45 46 48 49 50 52 54 56 58 59 60 62 64 65 66
cat_threshold=423897174 170 268435458 8192 574505 2112 16 2 571998208 4 1057 2048 2686455936 17664 10 49161 0 2048 2 75628544 512 43122688 8708 68 131072 110166656 1796 1 10 614601344 261 1 4 2189557760 4357 4 0 16 8194 128 1108344832 8196 33554432 4096 131072 547356672 0 260 134227970 4 33554944 1 8454784 768 3255828480 4608 2050 136 32768 2 134217728 2048 17047554 40 4 32768
is_linear=0
shrinkage=0.03


Tree=20
num_leaves=127
num_cat=35
split_feature=1 5 5 5 5 12 1 1 1 5 5 5 23 11 32 5 1 13 26 5 26 5 12 5 11 31 13 1 5 5 1 25 5 1 1 5 5 4 5 25 12 11 11 25 4 1 28 23 1 5 30 1 5 8 1 4 1 25 5 31 1 5 5 11 5 1 5 1 12 1 23 11 31 1 25 1 5 1 1 5 29 5 25 25 22 32 23 25 1 29 5 1 25 25 31 25 1 5 5 25 25 20 31 25 22 23 5 23 1 25 1 1 20 25 25 31 25 5 12 1 25 20 11 1 23 25
split_gain=12337.4 5947.13 4641.13 2963.91 2709.22 1734.56 1525.95 2234.97 7792.2 2732.56 2044.24 1475.87 1363.05 1200.66 2185.32 2651.86 1331.85 1229.16 967.391 941.889 1296.03 941.031 924.573 911.068 852.395 2505.55 1053.63 964.855 2438.71 887.58 819.738 1276.84 979.725 970.827 1369.6 816.063 805.866 797.853 763.682 841.356 762.264 752.979 729.673 714.672 716.685 690.036 854.326 668.838 670.517 661.656 643.15 627.403 596.736 622.664 586.143 856.306 2500.17 1319.55 574.494 564.165 524.365 2586.26 890.846 583.483 512.041 486.704 469.79 950.255 466.364 501.592 466.359 459.238 466.977 455.878 529.989 429.501 567.845 448.101 435.128 428.678 410.897 408.307 407.561 781.226 400.557 444.052 387.57 386.297 383.473 381.714 379.68 1865.68 805.527 378.116 442.957 356.461 352.802 340.22 338.401 336.088 482.312 334.249 331.268 329.023 330.991 487.531 321.581 315.59 313.282 319.045 311.487 307.283 304.764 302.567 302.408 294.32 291.614 289.846 378.191 288.577 429.945 282.292 309.898 281.863 271.398 274.263
threshold=9.461545944213869 0 1 2 3 -0.065537083894014345 5.759707212448121 6.0527143478393564 6.1640367507934579 4 5 6 0.064333807677030577 0.35846313834190374 0.27253690361976629 7 6.744683265686036 37.500000000000007 0.24214403331279757 8 0.072340067476034178 9 -0.60555642843246449 10 0.24372619390487674 0.098716270178556456 38.500000000000007 5.759707212448121 11 12 5.4143788814544687 18.500000000000004 13 5.759707212448121 6.8561301231384286 14 15 16 17 90.500000000000014 -0.048362832516431802 0.10837544873356821 0.22700754553079608 85.500000000000014 18 7.2490057945251474 0.090883005410432829 0.058227287605404861 5.0493419170379648 19 0.10088627040386201 7.4465231895446786 20 6.5000000000000009 5.759707212448121 21 6.8561301231384286 17.500000000000004 22 0.047392372041940696 4.7054555416107187 23 24 -0.15951316058635709 25 4.5047848224639901 26 6.8561301231384286 -0.048362832516431802 4.5047848224639901 0.11885417997837068 0.10837544873356821 0.089630849659442915 6.4229502677917489 16.500000000000004 6.4229502677917489 27 6.8561301231384286 6.8561301231384286 28 0.040852611884474761 29 38.500000000000007 49.000000000000007 -0.51426923274993885 0.21972886472940448 0.064846452325582518 99.000000000000014 5.4143788814544687 0.04237759672105313 30 5.4143788814544687 59.500000000000007 66.500000000000014 0.038655493408441551 71.500000000000014 7.3527534008026132 31 32 72.500000000000014 78.500000000000014 81.500000000000014 0.042056079953908927 37.500000000000007 -0.03051067795604467 0.038110742345452316 33 0.032954851165413863 6.4229502677917489 69.500000000000014 4.5047848224639901 7.3527534008026132 87.500000000000014 66.500000000000014 149.50000000000003 0.051425565034151084 75.500000000000014 34 -0.9711191952228545 5.0493419170379648 69.500000000000014 68.500000000000014 0.71503382921218883 7.1113042831420907 0.1168753318488598 80.500000000000014
decision_type=2 9 9 9 9 2 2 2 2 9 9 9 8 2 8 9 2 2 10 9 10 9 2 9 2 8 2 2 9 9 2 2 9 2 2 9 9 9 9 2 2 2 2 2 9 2 10 10 2 9 10 2 9 2 2 9 2 2 9 8 2 9 9 2 9 2 9 2 2 2 10 2 8 2 2 2 9 2 2 9 8 9 2 2 8 10 8 2 2 10 9 2 2 2 10 2 2 9 9 2 2 2 10 2 10 10 9 10 2 2 2 2 2 2 2 8 2 9 2 2 2 2 2 2 10 2
left_child=1 4 12 5 50 11 19 9 -9 79 81 -3 -2 17 21 16 43 23 30 40 41 -15 52 124 26 45 49 28 119 -30 32 33 65 -32 73 96 -4 -18 39 112 99 68 -40 44 -16 64 -47 48 89 95 -1 -39 -11 -54 88 56 57 -56 -24 -33 61 63 -62 -42 -26 80 67 -19 87 -70 -61 -25 -73 74 -35 -28 77 -77 -78 -8 -7 -10 -50 -84 -60 86 -86 -21 113 -34 91 92 -43 101 -95 -6 116 108 -67 -5 -101 -85 -64 -22 105 -105 -68 -66 109 -29 -31 -57 -14 -13 -81 -109 -17 118 -74 -27 -121 122 -46 -83 125 -12
right_child=2 3 36 6 24 18 7 8 10 22 13 54 38 14 15 35 37 66 -20 20 103 -23 58 71 25 27 75 97 29 110 31 59 47 34 -36 -37 -38 51 42 -41 60 90 -44 -45 121 46 -48 -49 82 -51 -52 -53 53 -55 55 111 -58 -59 84 70 62 -63 102 -65 107 98 106 -69 69 -71 -72 72 117 -75 -76 76 78 -79 -80 114 -82 123 83 93 85 -87 -88 -89 -90 -91 -92 -93 -94 94 -96 -97 -98 -99 -100 100 -102 -103 -104 104 -106 -107 -108 115 -110 -111 -112 -113 -114 -115 -116 -117 -118 -119 -120 120 -122 -123 -124 -125 -126 -127
leaf_value=0.01418157656038449 -0.020506607155620523 0.0044367146628456859 -0.049910921229959444 -0.0010255582038058934 0.011738900320045912 -0.050078267787181698 0.025376595396177502 -0.15835132910210198 0.017279688220881915 0.010986651146902717 -0.011355126424278508 -0.0038492855337513526 -0.083927492678744109 -0.011467384938179585 -0.053438941294546509 -0.014593260771770054 -0.070557519562214149 0.012932921645875933 0.0085502267357137566 -0.0055821414112630936 -0.020601684351051457 0.00099878046630746107 0.0018726830232956993 0.0035165014911222509 0.011864016895386659 -0.092626245977566732 -0.0034448288963088813 0.0018358427680422603 0.00054835218461372632 -0.051786749847786424 -0.015349558589077121 -0.0016264530729535717 -0.018852223898589548 -0.022659250928935677 -0.0049228178054041777 -0.0028121274882761302 0.013037242398144867 -0.022526236477390514 -0.17661494561143823 -0.13793747965948921 -0.13808818955834096 -0.12949785433709621 -0.10495099514249771 -0.024293604553609655 -0.17745014986901914 -0.10540073649216014 -0.00879929002009186 -0.069292079051076774 -0.01360507275489946 0.0019111886173972564 0.033769657495644236 -0.091035830318927757 -0.018432530740328058 0.0074160094487385458 -0.11281956781753122 -0.01118538052762926 0.026191626640296055 -0.01438104587937555 -0.032087940428335265 -0.010713012666228905 0.0096780461702147096 -0.0099540822368187551 -0.0095084104370548161 -0.059853231076038245 -0.011520558169309561 0.013968157950656819 -0.0019909979919471204 -0.03586868530258943 0.01502517288467394 -0.016488811152919555 -0.021987463478709085 0.0032164626074126278 -0.0029036683903731551 -0.10300679636320693 -0.088575507538216941 0.019001671645218647 -0.013267196735348959 0.00099819809567738426 0.0017744552505671322 0.012244476140809429 -0.012858496917591571 0.0073140251089726816 -0.096378418552317241 -0.0055767988260383731 0.024563150627365315 -0.02013562263079801 -0.005440360243433741 -0.046112627999181213 0.011132462833157534 0.0065394362248950323 -0.025618979416257476 0.0041782271568439932 -0.029066949913928872 -0.051737616985656099 -0.026078084425518996 0.0041669362686253203 0.011519957864371112 -0.0091773128464280561 -0.0087220680452257671 0.01772655602358391 -0.010096548076581087 -0.032276767970453091 -0.00032446670644157704 -0.0095903014563916231 -0.0077408721232956274 0.012720905724194638 -0.0076115938406828548 0.0072358298319655356 0.01275943864674116 -0.05012434161454439 -0.021504293871899151 0.013853696781964237 -0.010285803168126852 -0.040410859670423203 -0.0082618431741497377 -0.00061636999391610509 -0.028405655351330803 -0.0021450316798666325 -0.022438897698874354 -0.016927537038385617 -0.073420297004754026 -0.078783193979944488 -0.10202668184844348 -0.0079679132274568017 -0.026794063689104242 -0.0013939388093326176
leaf_weight=5362 112 10970 380 11896 16568 340 2252 294 3321 7305 5549 2359 102 8432 271 3625 385 501 1769 10549 604 15374 9931 32606 5644 301 22978 317 2166 361 1309 5508 3097 219 358 6428 341 3300 443 174 155 143 188 206 105 112 305 306 988 20560 2100 124 1528 1857 364 13669 315 185 552 28681 3276 7585 14332 197 1521 984 12412 1263 474 10686 3732 5784 1545 325 221 2891 2050 2184 11089 12811 1235 6246 178 698 395 1870 18063 215 1765 643 5721 1468 145 1323 1123 8451 341 7985 1448 2124 761 1068 4692 1189 1977 3400 35253 7468 1326 159 1996 455 100 222 681 10113 2221 3608 2110 176 394 104 103 1314 656 4509
leaf_count=5362 112 10970 380 11896 16568 340 2252 294 3321 7305 5549 2359 102 8432 271 3625 385 501 1769 10549 604 15374 9931 32606 5644 301 22978 317 2166 361 1309 5508 3097 219 358 6428 341 3300 443 174 155 143 188 206 105 112 305 306 988 20560 2100 124 1528 1857 364 13669 315 185 552 28681 3276 7585 14332 197 1521 984 12412 1263 474 10686 3732 5784 1545 325 221 2891 2050 2184 11089 12811 1235 6246 178 698 395 1870 18063 215 1765 643 5721 1468 145 1323 1123 8451 341 7985 1448 2124 761 1068 4692 1189 1977 3400 35253 7468 1326 159 1996 455 100 222 681 10113 2221 3608 2110 176 394 104 103 1314 656 4509
internal_value=-0.00358356 -0.00330763 -0.0811073 -0.00521515 0.0021168 -0.0101242 -0.00379488 -0.00247064 -0.00431079 0.00260796 -0.0040226 -0.00435178 -0.118931 -0.0049524 -0.00930969 -0.0174527 -0.0369344 -0.00326339 -0.0132747 -0.00728865 -0.0108648 -0.00342138 -0.00143028 -0.000235275 0.00108467 -0.00251801 0.00275986 -0.0121429 -0.0223295 -0.013343 -0.0139927 -0.0118554 -0.0204127 -0.0329241 -0.0533775 -0.0103121 -0.0203908 -0.0296519 -0.131027 -0.0873965 -0.00437995 -0.0136566 -0.153042 -0.0724771 -0.0894317 0.003289 -0.0349351 -0.0256902 -0.0242477 0.0059025 0.0196716 -0.0250332 0.00617098 -0.00424158 -0.00933576 -0.0121532 -0.04113 -0.0797346 -0.00406815 -0.0105034 -0.00711022 -0.0137319 -0.00475293 -0.0919909 0.0039345 -0.00791363 -0.00671647 -0.0218849 -0.010852 -0.0151491 -0.0120118 0.00161285 -0.00314326 -0.076017 -0.055893 -0.000717528 0.00272312 0.0112336 -0.000572799 0.0132446 -0.0209199 0.00851899 -0.0310321 -0.0349502 -0.00689129 -0.00620893 -0.00479699 -0.00639591 0.000359787 -0.0144862 -0.0218777 -0.00948141 -0.0792092 -0.0323319 -0.0399724 0.00917782 -0.0180853 -0.00652698 0.000482047 0.00120243 0.0103865 -0.0217329 -0.00723965 0.000568383 0.00251864 0.00693929 -0.00614878 0.00158406 0.00523755 -0.0155893 -0.0260519 -0.0103778 -0.0477015 -0.0070085 0.0112006 0.00271928 -0.0198448 -0.00820766 -0.0141455 -0.0679936 -0.0560371 -0.120424 -0.140768 0.00465102 -0.00810362 -0.00689011
internal_weight=519098 517258 1840 382681 134577 85857 296824 215235 157990 57245 157696 30304 1119 146815 41019 17213 4598 105796 55553 81589 36571 23806 41501 56367 127115 40344 86771 15181 5394 4523 53784 40353 13431 2432 1123 12615 721 3809 1007 376 45018 29401 631 789 583 25163 417 9424 9118 45579 7462 3424 10690 3385 19334 14988 864 549 30811 37921 30237 7937 22300 352 24746 4007 49429 1764 21924 11160 32413 45653 13047 765 440 41192 18214 5075 13139 15744 1575 10881 5378 4390 20880 20328 18458 10764 4346 3740 7477 1756 288 4212 2446 25019 6187 9787 2432 14781 2885 1766 19024 7170 6566 4589 47665 19102 1802 476 2357 14124 202 2581 13492 17581 5846 7263 3655 871 570 312 208 7560 10714 10058
internal_count=519098 517258 1840 382681 134577 85857 296824 215235 157990 57245 157696 30304 1119 146815 41019 17213 4598 105796 55553 81589 36571 23806 41501 56367 127115 40344 86771 15181 5394 4523 53784 40353 13431 2432 1123 12615 721 3809 1007 376 45018 29401 631 789 583 25163 417 9424 9118 45579 7462 3424 10690 3385 19334 14988 864 549 30811 37921 30237 7937 22300 352 24746 4007 49429 1764 21924 11160 32413 45653 13047 765 440 41192 18214 5075 13139 15744 1575 10881 5378 4390 20880 20328 18458 10764 4346 3740 7477 1756 288 4212 2446 25019 6187 9787 2432 14781 2885 1766 19024 7170 6566 4589 47665 19102 1802 476 2357 14124 202 2581 13492 17581 5846 7263 3655 871 570 312 208 7560 10714 10058
cat_boundaries=0 2 4 6 8 10 12 14 16 18 20 22 23 25 26 28 30 31 33 34 36 38 39 41 43 45 46 48 50 52 53 55 56 57 59 61
cat_threshold=423901270 170 303038466 8196 574505 2112 16 2 2727477248 8196 66176 257 1057 2048 75628544 8704 1142947968 18176 607125504 4 69206016 4 2 266304 40 32777 1108344832 4 537395200 2048 2 33554432 4 2 17039430 8 2097152 16913 1 1073807488 1041 0 512 67108864 512 406849604 1073741824 16 2054 128 2147483648 4 512 8519680 4096 2054 32769 8388608 4608 3230793728 512
is_linear=0
shrinkage=0.03


Tree=21
num_leaves=127
num_cat=36
split_feature=0 5 5 5 2 5 4 5 12 5 0 11 23 5 31 0 25 5 11 26 5 25 31 11 12 5 0 5 11 8 26 0 25 25 0 27 5 25 27 23 22 23 12 25 25 27 0 26 25 23 11 11 12 27 5 0 5 5 27 0 0 0 0 5 0 5 5 27 25 0 0 22 0 0 27 0 5 2 5 28 0 12 5 25 11 3 23 24 0 5 5 12 5 12 25 0 0 25 5 0 27 12 0 0 25 25 0 4 0 0 25 20 0 5 20 25 0 0 5 5 0 0 4 2 0 5
split_gain=11527.3 5674.76 4233.75 3517.6 2867.7 3466 2031.07 2016.91 1702.71 1344.53 1256.26 1236.64 1213.37 1205.57 1080.89 1064.62 1032.42 903.25 902.41 1170.45 1714.71 1105.43 880.127 1043.21 831.495 819.996 773.711 740.721 669.346 668.1 662.81 649.401 960.516 946.942 923.677 2162.38 1199.27 644.549 801.498 623.221 543.362 651.746 1160.6 539.857 559.994 562.84 528.145 525.788 622.554 866.222 522.198 489.374 778.197 698.311 1213.01 550.378 983.968 925.031 1978.12 1959.18 1025.16 759.692 477.187 451.929 451.503 1231.36 450.446 433.65 431.801 431.798 1216.06 429.925 541.415 840.271 1715.57 576.905 613.374 429.89 429.38 481.699 461.623 428.249 416.077 404.641 401.848 401.164 399.134 385.037 373.321 370.909 367.911 371.057 366.998 344.431 338.392 439.282 335.131 334.364 326.686 324.956 450.026 322.078 369.858 316.797 313.883 555.161 650.094 351.204 312.712 411.613 883.404 461.636 311.612 311.423 309.451 307.67 477.23 306.332 304.826 294.915 307.699 429.272 2676.58 296.892 329.009 294.398
threshold=13030.000000000002 0 1 2 3 4 5 6 -0.42958799004554743 7 1715.0000000000002 0.14250627160072329 0.064333807677030577 8 0.03126017842441798 1940.0000000000002 37.500000000000007 9 0.24372619390487674 0.29211331903934484 10 89.500000000000014 0.063124977052211775 0.24372619390487674 -0.87397405505180348 11 1225.0000000000002 12 0.12545942142605784 9.5000000000000018 0.13882523775100711 225.00000000000003 66.500000000000014 19.500000000000004 950.00000000000011 0.08212983608245851 13 50.500000000000007 0.15550526976585391 0.058227287605404861 -2.3023446202278133 0.035104382783174522 -0.11692317575216292 59.500000000000007 88.500000000000014 0.098019190132617964 90.000000000000014 0.24214403331279757 68.500000000000014 0.1168753318488598 0.24372619390487674 0.47559651732444769 -0.42958799004554743 0.086274277418851866 14 850.00000000000011 15 16 0.092709075659513487 615.00000000000011 715.00000000000011 325.00000000000006 55.000000000000007 17 325.00000000000006 18 19 0.059944719076156623 107.50000000000001 1225.0000000000002 1100.0000000000002 -0.049133053049445145 225.00000000000003 325.00000000000006 0.051913643255829818 615.00000000000011 20 21 22 0.14937221258878711 155.00000000000003 -0.42958799004554743 23 120.50000000000001 -0.4218058288097381 24 0.081555202603340163 1.0089110732078554 155.00000000000003 25 26 0.020426410250365738 27 0.071972697973251357 78.500000000000014 1225.0000000000002 1560.0000000000002 82.500000000000014 28 850.00000000000011 0.092709075659513487 0.43540433049201971 1280.0000000000002 1560.0000000000002 35.500000000000007 24.500000000000004 1225.0000000000002 29 90.000000000000014 1225.0000000000002 100.50000000000001 77.500000000000014 1560.0000000000002 30 65.500000000000014 75.500000000000014 850.00000000000011 61.500000000000007 31 32 1225.0000000000002 325.00000000000006 33 34 325.00000000000006 35
decision_type=2 9 9 9 9 9 9 9 2 9 2 2 8 9 10 2 2 9 2 8 9 2 8 2 2 9 2 9 2 2 10 2 2 2 2 2 9 2 2 8 10 8 2 2 2 2 2 10 2 10 2 2 2 2 9 2 9 9 2 2 2 2 2 9 2 9 9 2 2 2 2 8 2 2 2 2 9 9 9 10 2 2 9 2 2 1 8 2 2 9 9 2 9 2 2 2 2 2 9 2 2 2 2 2 2 2 2 9 2 2 2 2 2 9 2 2 2 2 9 9 2 2 9 9 2 9
left_child=1 8 -2 14 9 10 16 12 11 22 78 17 -4 31 77 87 26 -1 21 89 -21 29 113 66 27 115 -7 -11 -29 118 51 32 90 34 35 64 -37 93 68 88 41 -22 46 -35 45 -45 -43 48 -15 71 -28 52 97 -53 -55 57 -57 58 60 -60 61 67 -31 -25 -33 -66 -24 -54 -39 70 92 94 -73 74 -74 76 -75 -3 79 80 -6 -68 -17 114 -38 -46 -77 -12 -34 117 -10 -92 -64 -14 95 -50 -48 -26 -56 100 -99 108 -103 -81 105 107 -107 -82 -23 -110 111 -111 -104 -5 -61 -13 -117 -20 -8 120 121 -19 -123 124 -121 -94
right_child=2 3 7 4 5 6 18 -9 13 24 15 25 37 47 -16 82 -18 119 19 20 40 101 23 63 30 -27 50 28 -30 62 -32 33 39 43 -36 36 84 38 -40 -41 -42 42 -44 44 85 -47 96 -49 49 -51 -52 53 55 54 98 56 -58 -59 59 83 -62 -63 69 -65 65 -67 81 -69 -70 -71 -72 72 73 75 -76 86 -78 -79 -80 103 104 -83 -84 -85 -86 -87 -88 -89 -90 -91 91 -93 125 -95 -96 -97 -98 99 -100 -101 -102 102 112 -105 -106 106 -108 -109 109 110 -112 -113 -114 -115 -116 116 -118 -119 -120 123 -122 122 -124 -125 -126 -127
leaf_value=0.0072578637552340591 -0.16584249782801871 0.012535072851775214 0.015960269387939877 0.015449835681948049 -0.011235718199491878 -0.095486769331268082 -0.0064628095305738912 0.0048080148558030918 0.014360428549143021 0.017725308069812915 -0.053354054815846229 -0.012026236414179116 -0.018859034990536344 -0.011018246974681093 0.027586640857079757 -0.072726178813625017 -0.0081757848802171337 0.0013618507775172346 -0.033482287191519779 -0.0094355074258419252 0.023972028982180815 -0.06954591050521651 0.011419912691532653 -0.01460266624288809 0.0065491925105231079 -0.00057959907670285238 -0.0013152207854774691 0.0057178785128136032 -0.0056866280002821051 0.014428845854987665 0.0058210035020219656 -0.014063973751591621 -0.0025026670264297573 -0.0015008874002983264 0.0032357169903424006 0.0012023749729642309 -0.09212781286982924 -0.051062039013649967 -0.16205539829013024 -0.046072989661603746 -0.017546287230008079 -0.08393517741620414 -0.12798382415591428 -0.019181484484034183 -0.0097187676230733652 -0.0051591631770033187 -0.040091098970785347 0.0082339099774796729 -0.019786276870754575 -0.018449068733030469 -0.076103665770980974 -0.0038811572191364318 -0.011958086885912074 -0.033427749350395185 0.020231324613036575 -0.010583774615617362 0.0038966028386302376 -0.0029102924012319809 -0.1487295974546404 -0.060696044427529773 -0.094354864538743574 0.00090517215533536381 -0.0043372449983574233 -0.0020252948782568639 -0.092654341162706252 0.0028446470654010774 0.0069014373848123268 -0.0443341566222741 -0.11977530979642681 -0.0045834098045243604 -0.11655467534065246 0.0087289139130143426 0.0013373608329481158 0.022087093601589364 -0.040131246834939412 -0.04665009346560086 0.00025054447851749994 0.0032805468215736256 0.0017260626972312473 -0.026117986031318211 -0.0069269464219718253 0.00047861478695246287 -0.010663162060951227 0.0076352750459220261 -0.1560118276356188 0.0084866712066200348 -0.0042129826785950461 -0.13409587549801805 -0.030632383804789966 -0.011082174839468419 -3.4062246006617346e-05 -0.019869933386214934 -0.015761671935725759 -0.077470596066345002 -0.0089503521387957891 -0.079330518846031567 0.00029360215399582782 -0.0040980573253551564 -0.0085807164233112111 0.0071854202062041402 -0.040294924999726499 -0.011269076309748402 -0.081759002137751807 0.015948531808511864 0.0025294140873527273 -0.041314812767752673 -0.003160056190381573 0.0164343413986816 -0.0028785812169293754 -0.1304946589459266 -0.022062254178570682 -0.046854343722823641 -0.012687224888109734 0.006302433935586528 -0.029443190673751576 0.012866789720813347 -0.03072879776266935 0.0093669886467731538 0.0020223552328956025 -0.002540344414934653 0.0092444954882562151 -0.10891638850623911 -0.010031932769424113 -0.0037736972655887436 0.012408718330672908 -0.035290487294803448
leaf_weight=10417 387 9275 115 6066 4170 450 5719 393 394 2945 117 10735 130 36063 2957 100 356 1708 167 4070 129 133 6272 3749 11779 6042 185 12961 7206 638 7993 1478 633 5141 680 106 211 184 175 1768 1063 237 143 10182 3408 3450 2799 1794 570 4141 153 22004 1267 2154 376 5537 17679 33931 133 345 115 5671 1735 8169 245 239 14578 527 152 3765 109 3380 1984 1590 1639 201 4193 8846 39261 1217 1551 26015 897 224 162 1600 15980 100 1290 8096 1084 3910 2582 300 3897 138 198 1114 4306 1101 427 6220 125 185 11537 747 869 923 709 104 1780 141 111 7588 1661 260 1702 1414 11365 2753 749 263 3692 12957 2553 985
leaf_count=10417 387 9275 115 6066 4170 450 5719 393 394 2945 117 10735 130 36063 2957 100 356 1708 167 4070 129 133 6272 3749 11779 6042 185 12961 7206 638 7993 1478 633 5141 680 106 211 184 175 1768 1063 237 143 10182 3408 3450 2799 1794 570 4141 153 22004 1267 2154 376 5537 17679 33931 133 345 115 5671 1735 8169 245 239 14578 527 152 3765 109 3380 1984 1590 1639 201 4193 8846 39261 1217 1551 26015 897 224 162 1600 15980 100 1290 8096 1084 3910 2582 300 3897 138 198 1114 4306 1101 427 6220 125 185 11537 747 869 923 709 104 1780 141 111 7588 1661 260 1702 1414 11365 2753 749 263 3692 12957 2553 985
internal_value=-0.00353165 -0.00326546 -0.078549 -0.00111338 -0.00186966 -0.00563787 -0.0110634 -0.0536227 -0.00784963 0.000197995 -0.000738452 -0.00346806 -0.0751937 -0.00996469 0.0107666 -0.0309417 -0.0506095 -0.00014526 -0.010235 -0.0156617 -0.0236877 -0.00749043 0.00352152 0.00192818 -0.00150406 -0.00969023 -0.0697454 0.00370041 0.00164197 -0.00440462 -0.00252062 -0.0144861 -0.0214283 -0.012148 -0.0276828 -0.0362937 -0.0933757 -0.087137 -0.109949 -0.0332167 -0.0362786 -0.0420549 -0.0445834 -0.0101081 -0.0124818 -0.0156333 -0.0408573 -0.00780879 -0.00820006 -0.00550495 -0.0352938 -0.00312487 -0.00193648 -0.00648346 -0.0148581 -0.0032955 0.000439855 -0.00527204 -0.0133142 -0.0372873 -0.00585441 -0.00447859 -0.0106423 -0.00599655 -0.0223174 -0.0474399 0.00394356 -0.0214882 -0.0824098 -0.0123869 -0.0178147 -0.00390784 -0.002554 -0.00404474 -0.0174284 -0.00183639 0.00629577 0.00802651 -0.000131608 -0.0035711 -0.00236882 0.00278464 -0.0177903 -0.0305771 -0.117086 -0.0039018 -0.00474299 -0.0910067 -0.0213789 -0.00849493 -0.013348 -0.0155341 -0.0157632 -0.0598357 -0.0124215 -0.0314879 -0.0374238 0.00438582 -0.00622489 -0.00525813 -0.0141476 -0.016392 -0.0126727 -0.0205597 -2.15245e-06 -0.00714202 -0.0208118 0.0017918 -0.0247598 -0.0225565 -0.0294413 -0.0827449 -0.0494625 0.0103831 -0.0348457 -0.0140137 -0.024948 0.00479225 -0.00082093 -0.00327241 -0.00880291 -0.0112066 -0.0166334 -0.00132656 0.00464468 -0.0212463
internal_weight=519544 517708 1836 352326 331248 117355 55681 1449 165382 213893 61674 53831 1056 111551 21078 1214 1144 35092 54537 18316 8639 36221 72437 58783 141456 18739 788 23112 20167 26898 118344 35981 9079 26902 3121 2441 479 941 511 3691 4569 3506 3377 23781 18640 13632 3234 75570 73776 37713 338 110351 81511 28840 6836 67090 23216 43874 9943 2363 7580 7465 9814 11918 1962 484 46865 1794 336 9176 5411 33572 28967 25587 3623 21964 5783 18121 60460 21199 19797 40593 997 2230 373 5008 16181 217 1923 9677 5388 4994 5302 430 4605 708 2997 14421 4682 2642 1541 9323 6456 1402 15627 4090 1616 2474 2867 2734 2025 245 236 13654 2006 12697 1962 1581 17084 24675 6412 5663 3955 18263 5306 3567
internal_count=519544 517708 1836 352326 331248 117355 55681 1449 165382 213893 61674 53831 1056 111551 21078 1214 1144 35092 54537 18316 8639 36221 72437 58783 141456 18739 788 23112 20167 26898 118344 35981 9079 26902 3121 2441 479 941 511 3691 4569 3506 3377 23781 18640 13632 3234 75570 73776 37713 338 110351 81511 28840 6836 67090 23216 43874 9943 2363 7580 7465 9814 11918 1962 484 46865 1794 336 9176 5411 33572 28967 25587 3623 21964 5783 18121 60460 21199 19797 40593 997 2230 373 5008 16181 217 1923 9677 5388 4994 5302 430 4605 708 2997 14421 4682 2642 1541 9323 6456 1402 15627 4090 1616 2474 2867 2734 2025 245 236 13654 2006 12697 1962 1581 17084 24675 6412 5663 3955 18263 5306 3567
cat_boundaries=0 2 4 6 7 9 10 12 14 16 18 20 22 24 25 27 29 30 31 32 33 35 36 38 39 40 41 42 43 45 46 47 49 51 52 53 54
cat_threshold=1076413481 2389 268435458 8192 84 2 6 261361664 9384 2 571998208 4 2554735234 520 17441 2112 1073742880 2064 2684355200 16384 1073790976 21 0 17408 1 110100480 8192 1048576 9344 595595264 268567042 1 2 32768 4 6 168820736 1152 16777216 2 2151688192 1 272697346 65536 16384 4 272760962 4260352 4608 540680 64 1 2 8832
is_linear=0
shrinkage=0.03


Tree=22
num_leaves=127
num_cat=15
split_feature=0 21 8 12 8 4 25 22 4 0 22 25 26 12 12 26 0 4 12 2 23 2 22 0 25 21 3 2 22 27 26 25 26 25 25 25 25 23 8 27 27 25 25 32 25 4 4 0 26 0 27 25 20 25 0 0 32 0 25 0 23 31 0 26 27 31 32 27 0 22 28 22 22 3 2 25 0 22 26 4 32 0 16 25 0 2 22 22 4 0 0 0 27 0 0 25 21 21 26 32 23 0 22 4 0 27 25 25 0 25 25 0 27 27 25 21 23 29 31 0 12 27 0 0 0 31
split_gain=11140.5 1957.35 3262.12 4161.59 2173.93 1993.56 1816.28 1542.67 1448.44 1497.51 1600.29 1187.09 927.804 840.104 803.715 696.785 691.401 644.525 626.229 578.512 573.254 518.06 621.253 1091.99 508.843 502.92 444.664 471.461 500.461 433.965 804.648 735.672 657.642 669.825 512.551 425.041 472.38 420.632 765.917 1127.5 418.206 545.764 409.488 391.512 386.956 1373.77 382.427 830.954 451.068 446.023 382.319 380.303 364.654 361.711 503.687 352.963 351.25 342.446 341.644 404.541 327.785 326.868 715.433 375.881 320.848 567.761 351.079 312.495 305.51 625.108 315.517 304.15 326.868 302.597 301.761 301.592 300.713 300.046 290.173 288.902 274.789 270.752 269.294 267.926 267.656 265.201 317.151 293.863 264.583 257.009 381.908 250.763 248.112 247.153 240.719 369.824 234.687 388.164 233.335 224.827 526.805 268.909 501.814 222.555 222.217 211.801 205.263 202.005 383.467 299.333 211.541 229.615 239.262 201.386 349.431 200.476 200.168 199.373 199.163 286.498 193.987 191.088 188.266 251.286 187.673 464.354
threshold=13030.000000000002 0.084427561610937132 5.5000000000000009 -0.21862536668777463 6.5000000000000009 0 7.5000000000000009 -0.081030964851379381 1 19050.000000000004 0.10266805812716485 29.500000000000004 0.065306846052408232 -0.9711191952228545 -0.70900321006774891 0.19185426831245425 180.00000000000003 2 0.87291088700294506 3 0.058227287605404861 4 -1.4639971256256101 1560.0000000000002 77.500000000000014 0.04543250426650048 5 6 -0.11346617341041564 0.086274277418851866 0.091656714677810683 53.500000000000007 0.012954398989677431 69.500000000000014 53.500000000000007 21.500000000000004 47.500000000000007 0.091522067785263075 6.5000000000000009 0.15550526976585391 0.16058247536420825 50.500000000000007 14.500000000000002 0.17597246170043948 32.500000000000007 7 8 615.00000000000011 0.12591716647148135 615.00000000000011 0.064750330522656455 18.500000000000004 98.500000000000014 10.500000000000002 155.00000000000003 1715.0000000000002 0.17003652453422549 850.00000000000011 114.50000000000001 325.00000000000006 0.11885417997837068 0.072578333318233504 155.00000000000003 0.14693511277437213 0.08212983608245851 0.09356460347771646 0.2216104865074158 0.15358696132898333 325.00000000000006 0.12275191769003869 0.15607915818691256 0.20159854739904406 -0.044815719127655022 9 10 25.500000000000004 950.00000000000011 -2.3023446202278133 0.06488934159278871 11 0.22560109943151477 325.00000000000006 14.500000000000002 70.500000000000014 45.000000000000007 12 0.17266365140676501 -0.31997531652450556 13 1225.0000000000002 950.00000000000011 1225.0000000000002 0.08212983608245851 325.00000000000006 90.000000000000014 24.500000000000004 0.070677299052476897 0.070911489427089705 0.21020140498876574 0.15983111411333087 0.12056355178356172 950.00000000000011 -0.04046273045241832 14 475.00000000000006 0.058047603815793998 114.50000000000001 27.500000000000004 950.00000000000011 71.500000000000014 46.500000000000007 1225.0000000000002 0.16352472454309466 0.089248880743980422 77.500000000000014 0.098707012832164778 0.0301526477560401 0.0429714322090149 0.029300268739461902 155.00000000000003 -0.048362832516431802 0.053855204954743392 90.000000000000014 325.00000000000006 325.00000000000006 0.053029455244541175
decision_type=2 8 2 2 2 9 2 10 9 2 8 2 10 2 2 10 2 9 2 9 10 9 10 2 2 10 1 9 8 2 10 2 10 2 2 2 2 10 2 2 2 2 2 10 2 9 9 2 10 2 2 2 2 2 2 2 10 2 2 2 10 8 2 10 2 10 10 2 2 10 10 10 10 1 9 2 2 10 8 9 8 2 2 2 2 9 10 10 9 2 2 2 2 2 2 2 10 10 10 10 10 2 10 9 2 2 2 2 2 2 2 2 2 2 2 10 10 10 10 2 2 2 2 2 2 10
left_child=1 5 7 4 13 15 -2 26 67 -10 -11 -12 25 -4 74 -1 17 35 73 -15 -17 43 23 77 -21 81 27 79 -29 31 34 78 33 -33 40 -5 94 38 -13 -40 41 -31 -27 60 45 51 49 48 58 61 -16 76 -35 54 -19 -46 89 -26 80 -60 -14 -9 -63 68 71 66 -66 -8 69 -64 -70 72 98 -18 83 -47 -30 -23 -28 -3 124 -7 -76 -6 -55 87 -87 -44 -45 90 -49 -77 -22 121 -37 -96 116 -98 -58 100 101 102 -89 105 -52 -20 -81 -75 113 110 -110 -112 -113 114 -109 -51 118 -79 119 -24 -86 -80 -34 -124 125 -48
right_child=6 2 3 16 14 12 8 46 9 10 11 37 21 19 50 20 18 53 103 24 92 22 96 -25 57 42 29 28 44 30 -32 32 122 52 -36 36 -38 -39 39 -41 -42 -43 85 88 55 75 47 56 -50 115 104 -53 -54 84 -56 -57 64 -59 59 -61 -62 62 63 -65 65 -67 -68 -69 70 -71 -72 -73 -74 107 82 91 -78 117 93 106 -82 -83 -84 -85 120 86 -88 99 -90 -91 -92 -93 -94 -95 95 -97 97 -99 -100 -101 -102 -103 -104 -105 -106 -107 -108 108 109 -111 111 112 -114 -115 -116 -117 -118 -119 -120 -121 -122 -123 123 -125 -126 -127
leaf_value=0.026169179134513297 0.017196948711358052 -0.0089814801366074181 -0.00040952997026707334 0.022168891930601512 0.0066326908280828125 -0.016572258619618817 -0.068884358915663857 -0.0083613415117866421 -0.16747719520475807 0.0020796363813699119 -0.18510430341543152 -0.0034963613581434588 0.0070666389879727957 -0.0013724525998021805 0.0043212451790334023 -0.038464715689147722 -0.0069676591833777455 -0.0092093542182321141 -0.0081622043301368408 -0.010446986285013588 0.016832920939999888 0.027474820689808936 -0.012051744290663684 -0.097756673638965147 -0.075811284144422897 0.014522046977641982 -0.054090701950268008 -0.0019065595694264306 -0.053344294421667278 0.0078948998151907764 -0.074514300581210641 -0.026642337168777577 -0.053456625519122211 -0.074418725505841957 0.0054754512619566622 0.0035126887843944131 0.014097930432356454 -0.14151903730630874 -0.062399642540887 -0.15183871695018827 -0.066075998355145077 -0.024564602461664808 0.008715915763985135 -0.015150071354984498 -0.012489290363489655 -0.0082627483771809777 -0.018666959060228191 -0.043674148271570748 0.019675931671194004 0.0086978179084325358 -0.0055866256807974562 -0.074385587379184298 -0.031090597983973803 0.013633651531655603 -0.063427921685440966 -0.056064763533050663 -0.028940586895593236 -0.024964230711270609 -0.067140802846109265 0.0073409057982265942 0.020025682249202585 -0.091607278821797436 -0.0043668288676757061 -0.0019108629223326989 0.0055874901823654444 -0.013663106850184598 -0.0040477473589817523 -0.010495293403665226 -0.0069458990279492672 -0.043305200496543093 -0.049970593104472737 -0.024998574045938055 -0.0041257622621108268 -0.0090310671981849461 0.00051167646433194624 -0.065268774898722764 -0.0075629486870205037 -0.022788570500510509 -0.020757710511918926 0.0034136802347635984 -0.0060148426139681622 0.015119973567162904 0.0053738242018579593 0.015546455029892218 -0.0022867501821096812 -0.0059740383729061514 0.010694623202509908 -0.068447537056273891 0.0024873591350403402 -0.052947540219624833 0.0071123725337468302 -0.0097488090013668153 -0.00070585751903599317 0.0053378886623178289 0.0070439434855837707 -0.058802999841958976 -0.061624888230248226 -0.0046475281189563436 0.0032331238019889076 0.0047214108587795489 -0.050691155332017908 0.012592528077855514 -0.00044010855368007036 -0.00038020321845178766 -0.00011090759160894898 -0.0018653008132735855 -0.026013114655949097 0.0031379280651276614 0.0088840687549184214 0.0021056936097441433 -0.020167181528588519 0.010024152122980506 -0.024120300467328246 0.0079880668799155157 -0.013133615115671788 -0.0045306219061946196 0.0046914095194222627 0.017435242656210902 -0.020397124459954882 0.031137279891493643 -0.010996371776841516 -0.0063472197171585707 0.00071154671098504739 -0.022594341693192008 0.012237883962063333 0.0096510106582734442
leaf_weight=3501 168 7033 20110 914 17012 3484 130 10171 245 161 128 106 11984 6499 14203 231 77222 352 8196 14223 1982 154 371 148 133 1197 141 3150 362 731 162 1064 140 622 1770 175 546 109 399 187 141 1284 2993 873 17510 2245 764 233 1487 1238 8969 440 246 425 274 168 932 1109 138 124 2058 115 556 1216 5121 3882 10143 224 1359 1116 172 1167 4158 3691 14763 163 201 840 1746 3317 2204 260 33553 3694 2499 18450 1087 134 6164 224 309 133 1145 731 109 257 111 2754 259 1030 276 466 353 30282 26016 11628 227 4757 361 1839 2318 538 280 3564 1582 6144 7938 127 613 219 29213 1577 524 2025 2621 1634
leaf_count=3501 168 7033 20110 914 17012 3484 130 10171 245 161 128 106 11984 6499 14203 231 77222 352 8196 14223 1982 154 371 148 133 1197 141 3150 362 731 162 1064 140 622 1770 175 546 109 399 187 141 1284 2993 873 17510 2245 764 233 1487 1238 8969 440 246 425 274 168 932 1109 138 124 2058 115 556 1216 5121 3882 10143 224 1359 1116 172 1167 4158 3691 14763 163 201 840 1746 3317 2204 260 33553 3694 2499 18450 1087 134 6164 224 309 133 1145 731 109 257 111 2754 259 1030 276 466 353 30282 26016 11628 227 4757 361 1839 2318 538 280 3564 1582 6144 7938 127 613 219 29213 1577 524 2025 2621 1634
internal_value=-0.0034565 -0.00319326 -0.00392851 -0.00250416 0.0010163 0.00143574 -0.0767851 -0.00854342 -0.0861379 -0.10044 -0.0852322 -0.10035 -0.000209627 -0.00483987 0.00310069 0.0168063 -0.0056213 -0.00942421 -0.00471733 -0.00889604 0.00703988 0.00314835 -0.00149468 -0.0214493 -0.0120488 -0.00408986 -0.0125226 -0.0107647 -0.0130602 -0.0172823 -0.00919982 -0.0210286 -0.0292852 -0.0426365 -0.00648643 0.0071019 -0.00557586 -0.0865919 -0.0777484 -0.0911508 -0.0163047 -0.0127909 -0.00260852 0.00607017 -0.0147217 -0.0237699 -0.00523096 -0.00329806 0.0045901 -0.00832865 0.000170393 -0.0534818 -0.062189 -0.0104337 -0.0330041 -0.0129066 -0.00597607 -0.0304658 0.00159087 -0.031996 0.00896721 -0.011349 -0.018048 -0.0161134 -0.00537791 -0.00342064 -0.000815016 -0.0320712 -0.021503 -0.0303671 -0.011809 -0.0111276 -0.0080972 -0.0061344 0.00518891 -0.0120254 -0.037042 -0.0112967 -0.0119288 -0.00545713 0.00281343 -0.014368 0.00388743 0.00821963 -0.00999306 -0.00343626 -0.00504355 0.00254727 0.000297443 -0.0259819 -0.0147604 -0.0404391 0.0104127 -0.0104494 -0.0254209 -0.0392271 0.000614832 -0.00687576 -0.0219471 -0.00561468 -0.0142739 -0.00368502 -0.0192545 -0.00199794 -0.00151482 -0.00446896 0.00152203 -0.00273506 -0.00120963 -0.00769196 -0.0128435 -0.0153467 -0.00167862 0.00228364 -0.00092433 -0.00231127 0.00296305 -0.0174933 -0.00843595 0.004005 -0.0103101 -0.0139229 -0.0196803 -0.0178049 0.00669062 0.000624918
internal_weight=519446 517589 446646 341306 160284 70943 1857 105340 1689 1335 1090 929 64084 42074 118210 6859 181022 34764 146258 21964 3358 34354 13275 1269 15465 29730 47853 34949 24372 12904 4088 8816 4621 1932 3926 2001 1087 801 692 586 2156 2015 25986 21079 21222 3544 57487 35400 8972 22087 49188 1003 868 32763 626 17678 26428 1242 7485 262 14042 14705 4534 4419 25662 19146 15264 354 3203 1672 1531 6516 5349 96152 69022 2541 563 1121 4195 10577 7223 3744 48316 20706 32137 24789 19537 5252 7037 766 542 296 3127 4054 541 366 12006 2865 1191 2259 1229 953 487 50106 34985 19824 3544 18930 15239 5336 3497 3136 818 9903 6339 7382 9141 967 1203 590 31712 3323 2689 2549 5019 2398
internal_count=519446 517589 446646 341306 160284 70943 1857 105340 1689 1335 1090 929 64084 42074 118210 6859 181022 34764 146258 21964 3358 34354 13275 1269 15465 29730 47853 34949 24372 12904 4088 8816 4621 1932 3926 2001 1087 801 692 586 2156 2015 25986 21079 21222 3544 57487 35400 8972 22087 49188 1003 868 32763 626 17678 26428 1242 7485 262 14042 14705 4534 4419 25662 19146 15264 354 3203 1672 1531 6516 5349 96152 69022 2541 563 1121 4195 10577 7223 3744 48316 20706 32137 24789 19537 5252 7037 766 542 296 3127 4054 541 366 12006 2865 1191 2259 1229 953 487 50106 34985 19824 3544 18930 15239 5336 3497 3136 818 9903 6339 7382 9141 967 1203 590 31712 3323 2689 2549 5019 2398
cat_boundaries=0 1 2 3 4 5 6 7 8 9 10 11 12 13 14 15
cat_threshold=2 1 2 2 6 2 2 2 1 2 2 1 4 1 1
is_linear=0
shrinkage=0.03


Tree=23
num_leaves=127
num_cat=34
split_feature=0 5 5 5 5 12 0 0 0 5 5 5 5 11 21 5 4 12 26 13 0 25 5 0 0 5 21 11 31 13 0 23 5 12 0 5 0 25 25 26 0 4 0 25 5 0 28 25 12 13 31 5 22 0 5 25 25 0 0 0 5 11 0 30 25 25 13 0 5 32 0 22 5 5 32 22 24 3 30 25 32 11 13 25 0 5 5 25 5 13 0 23 25 31 25 5 5 0 25 5 25 13 5 25 5 0 25 0 5 23 28 31 21 0 29 23 21 0 5 5 0 0 25 25 25 25
split_gain=10781.9 5314 3825.6 2594.03 2293.94 1469.01 1420.85 1811.57 7646.08 2196.36 1848.49 1406.45 1290.41 1104.81 1992.06 1518.55 1001.35 978.902 947.371 930.804 812.199 1211.38 912.339 858.11 1162.46 783.185 1321.6 732.753 1946.34 1111.21 963.073 717.253 704.564 693.27 691.107 665.291 1258.87 1008.81 649.257 615.258 592.71 948.39 2267.71 1214.47 569.631 563.378 874.902 546.369 545.888 518.485 515.608 501.729 499.333 495.226 1279.29 925.539 489.726 554.468 484.984 1206.61 479.719 551.846 471.128 455.561 450.768 717.044 433.152 556.684 2180.24 431.824 431.469 428.295 421.022 418.006 363.06 351.37 351.083 349.164 347.289 352.873 347.259 344.796 541.146 361.546 391.303 1209.79 634.263 332.047 331.562 563.332 329.26 325.879 321.35 316.04 310.728 314.099 304.348 808.441 302.903 301.252 301.069 299.969 642.319 356.577 295.568 380.405 291.286 289.161 276.862 275.824 329.898 276.623 267.09 262.41 521.532 497.372 406.892 263.367 261.588 258.788 330.084 259.515 253.227 251.001 248.887 319.76
threshold=13030.000000000002 0 1 2 3 -0.048362832516431802 325.00000000000006 425.00000000000006 475.00000000000006 4 5 6 7 0.3744682669639588 0.100987546145916 8 9 -0.60555642843246449 0.24214403331279757 37.500000000000007 225.00000000000003 18.500000000000004 10 325.00000000000006 950.00000000000011 11 0.085019674152135863 0.24372619390487674 0.091470405459404006 37.500000000000007 90.000000000000014 0.093464292585849776 12 0.7074720859527589 155.00000000000003 13 325.00000000000006 69.500000000000014 29.500000000000004 0.1366594657301903 325.00000000000006 14 950.00000000000011 17.500000000000004 15 1410.0000000000002 0.090883005410432829 50.500000000000007 0.94636487960815441 45.500000000000007 0.047392372041940696 16 0.20459871739149096 850.00000000000011 17 85.500000000000014 16.500000000000004 615.00000000000011 1715.0000000000002 2375.0000000000005 18 0.10837544873356821 90.000000000000014 0.10088627040386201 38.500000000000007 49.000000000000007 39.500000000000007 110.00000000000001 19 0.21972886472940448 1940.0000000000002 -0.59202858805656422 20 21 0.22012369334697726 -0.11594646796584128 1.0183221697807314 22 0.04846638627350331 66.500000000000014 0.17498693615198138 0.07411635667085649 39.500000000000007 55.500000000000007 225.00000000000003 23 24 149.50000000000003 25 39.500000000000007 90.000000000000014 0.086187265813350691 140.50000000000003 0.09356460347771646 79.500000000000014 26 27 950.00000000000011 99.000000000000014 28 71.500000000000014 23.500000000000004 29 97.500000000000014 30 615.00000000000011 37.500000000000007 1560.0000000000002 31 0.038110742345452316 0.095764480531215682 0.05297991260886193 0.066343475133180632 850.00000000000011 0.15539915859699252 0.086187265813350691 0.11373248696327211 1225.0000000000002 32 33 615.00000000000011 950.00000000000011 110.00000000000001 56.500000000000007 59.500000000000007 143.00000000000003
decision_type=2 9 9 9 9 2 2 2 2 9 9 9 9 2 8 9 9 2 10 2 2 2 9 2 2 9 8 2 8 2 2 8 9 2 2 9 2 2 2 10 2 9 2 2 9 2 10 2 2 2 8 9 8 2 9 2 2 2 2 2 9 2 2 10 2 2 2 2 9 10 2 8 9 9 10 8 2 1 8 2 8 2 2 2 2 9 9 2 9 2 2 8 2 10 2 9 9 2 2 9 2 2 9 2 9 2 2 2 9 10 10 10 10 2 10 10 10 2 9 9 2 2 2 2 2 2
left_child=1 4 12 5 63 11 25 9 -9 87 122 -3 31 19 -15 16 -16 60 20 32 22 23 62 -22 56 66 106 29 45 44 38 -2 -12 73 80 -32 37 -37 -30 53 77 42 43 -42 100 51 -47 -33 -35 76 -23 -29 113 54 -18 -56 57 -25 93 -60 -11 -62 75 -1 -36 -66 101 68 -68 71 -31 -19 -21 -4 -71 -7 -49 -13 -67 -80 -24 82 98 84 85 -83 -86 112 89 -73 -84 -85 -90 -34 95 -82 97 -74 -28 -64 -6 124 103 -103 105 -54 -27 -43 -93 110 -53 -111 -8 114 -52 116 -115 -117 -69 120 -38 -121 -10 -91 -5 -126
right_child=2 3 33 6 27 18 7 8 10 17 13 40 -14 14 15 -17 39 69 -20 72 21 50 34 24 -26 26 81 28 30 70 35 47 58 48 64 36 119 -39 -40 -41 41 107 -44 -45 -46 46 -48 49 -50 -51 52 109 104 -55 55 -57 -58 -59 59 -61 61 -63 99 -65 65 78 67 118 -70 74 -72 88 96 -75 -76 -77 -78 -79 79 -81 94 83 90 91 86 -87 -88 -89 92 123 -92 108 -94 -95 -96 -97 -98 -99 -100 -101 -102 102 -104 -105 -106 -107 -108 -109 -110 111 -112 -113 -114 115 -116 117 -118 -119 -120 121 -122 -123 -124 -125 125 -127
leaf_value=0.013353047521741108 -0.01323765857396899 0.004239568858955379 -0.038907848620414728 -0.010243225687622572 0.011291498961416083 -0.045195996979851182 0.010425888066127879 -0.15282040630280971 0.0085514773076072175 0.010498745135740018 -0.0061957199341304689 0.015051772498507575 -0.1561104217933042 0.00055142483049957375 -0.06322979688192254 -0.0081914111875410599 0.00062820266058961438 -0.030797612152979537 0.0089455224730471978 -0.0015094420768699867 -0.014745225688561774 -0.001232415961583608 -0.00058639784583144558 -0.014543336104705101 -0.0050085579304333895 -0.014369065031401234 -0.004952888816717506 0.011392558066516468 0.0040856622079067728 -0.00067247644624687222 -0.0027957659412930921 -0.056695620263592476 0.0025708942457905513 -0.11118797688840705 -0.012974525056772322 -0.023382720812100258 -0.020796218442099078 -0.073060513897479376 -0.059710412094187405 0.0022264977572857094 -0.10630618742900558 -0.010839311747707341 0.025466211539440876 -0.015184207602811218 0.0023648583144124159 -0.10207725000641259 -0.0061259466394539075 -0.16144407976590669 -0.021130545015486193 -0.060020099506465661 -0.011127173130547898 0.00086587237240911229 0.013782938357571868 -0.021340068406114795 -0.11363827173427868 -0.028390128890875027 -0.093673071280176184 -0.088922686658513078 -0.12047169590645496 -0.0030515656282367768 0.0063376704082607248 -0.021755287325165781 0.01346013586497828 0.029911786004938042 -0.091216159946087644 -0.013918162060328009 -0.11308201299644098 0.0065218713065514156 -0.012964773278310268 -0.057860904374848234 -0.058598886052596152 -0.00069606586068588947 0.01312019628651276 0.021856399045912283 -0.013673577709297507 -0.012246762032785264 -0.090501400645416563 -0.0043750557567091104 -0.02400938623413023 -0.04341349593563508 0.014646726307674629 -0.11687788346900216 0.016153684870613024 0.0027765613653265189 0.0033663671481547479 -0.027240898568538802 -0.029567311477574857 -0.0090727123351560697 -0.00057574765984475126 -0.022999756042944085 -0.017833706566905673 -0.023115317005641796 0.020899496838316156 -0.013257178057639129 -0.045047385692106263 -0.020240079091563602 -0.0071042246132697728 -0.032779188710161819 -0.038699787933970005 -0.0079266420719944046 0.0040592080560521255 0.01174745066139655 -0.0045168081679783862 -0.011652367511526826 -0.010546455161702589 -0.0064286002205457861 0.011419432745146545 0.013550687748977433 -0.0063330696598993949 0.00710241453493705 -0.023122601424989529 -0.00044926139628925993 0.020031205888359167 -0.065897751212198069 -0.052765772331756118 -0.0217176763363192 -0.0040616864823671273 0.0038228426224451106 -0.0068627949764430759 -0.0015794829920486742 0.011518602565732457 -0.016152505585943756 0.025380389285886595 -0.0091785597937850977 0.00052854418974999343 -0.0085023733253709183
leaf_weight=5314 110 11113 139 6018 15861 386 12588 309 6925 7315 13199 1118 400 13157 542 15438 326 501 1798 13596 1259 5482 1099 215 346 463 8929 5692 194 49406 9483 208 39459 106 988 1864 378 458 550 902 394 13785 298 198 24135 113 343 194 141 108 6293 1272 1051 6777 278 196 410 155 100 358 1650 1016 981 2082 197 733 194 1477 4661 183 115 7041 476 307 1868 1183 100 3253 1311 2389 257 147 265 964 820 1167 1471 674 12584 1722 7403 2342 659 1168 398 2025 31116 1253 245 1462 7695 4640 8481 670 16574 4121 2623 451 1461 7192 867 11106 3287 381 282 2954 128 414 11486 1737 1140 2998 910 3779 9010 5799
leaf_count=5314 110 11113 139 6018 15861 386 12588 309 6925 7315 13199 1118 400 13157 542 15438 326 501 1798 13596 1259 5482 1099 215 346 463 8929 5692 194 49406 9483 208 39459 106 988 1864 378 458 550 902 394 13785 298 198 24135 113 343 194 141 108 6293 1272 1051 6777 278 196 410 155 100 358 1650 1016 981 2082 197 733 194 1477 4661 183 115 7041 476 307 1868 1183 100 3253 1311 2389 257 147 265 964 820 1167 1471 674 12584 1722 7403 2342 659 1168 398 2025 31116 1253 245 1462 7695 4640 8481 670 16574 4121 2623 451 1461 7192 867 11106 3287 381 282 2954 128 414 11486 1737 1140 2998 910 3779 9010 5799
internal_value=-0.00329953 -0.00304383 -0.076311 -0.0049838 0.00171556 -0.00954886 -0.00359365 -0.00224554 -0.00398706 0.00240399 -0.0036714 -0.00427744 -0.110207 -0.00447427 -0.00886158 -0.0139248 -0.0236993 -0.0015416 -0.0124698 -0.00283619 -0.01319 -0.0110506 -0.0195812 -0.0317812 -0.0507994 -0.00695614 -0.0109783 0.000869968 -0.00227722 0.00233945 -0.00966419 -0.0827403 -0.000168716 -0.0195788 -0.0246885 -0.00828463 -0.0143337 -0.0332086 -0.0430923 -0.0211932 -0.00912946 -0.0119458 -0.0419733 -0.0759066 0.0056078 0.00294731 -0.0300747 -0.0965856 -0.0600712 -0.117033 -0.0097376 0.00352473 -0.0111856 -0.0239812 -0.0462999 -0.076903 -0.0710793 -0.045858 0.0017687 -0.0288958 0.00653698 -0.00435623 -0.0075353 0.0179935 -0.0313876 -0.0353132 -0.00478218 -0.00858355 -0.0172474 -0.00438775 -0.000808176 -0.0033529 -0.00595407 0.00249252 -0.0176425 -0.0203764 -0.137702 0.000596181 -0.0328089 -0.0365465 -0.014789 -0.0132502 -0.0107756 -0.0182266 -0.0253959 -0.038446 -0.0178976 0.0115332 -0.00281848 -0.00631126 -0.0166572 -0.0128006 0.000494031 0.00211553 -0.0206107 -0.0163309 -0.00779097 -0.0200269 -0.00585825 0.00068597 0.00892542 -0.00282679 0.000605021 0.00877677 -0.00859484 -0.00231508 0.00754692 -0.0100657 -0.0167488 0.00132676 -0.00886363 0.00251914 0.0124159 -0.0165745 -0.0129208 -0.0227659 -0.0503861 -0.018578 -0.00533763 -0.00734339 0.00344078 -0.0107852 0.0104957 -0.0135085 -0.00509915 -0.00300817
internal_weight=519778 517965 1813 367970 149995 85882 282088 201352 146485 54867 146176 30610 1120 138341 37616 24459 9021 38318 55272 100725 53474 40065 13409 2385 1126 80736 28300 142599 45387 97212 18802 720 54284 693 9397 18058 8575 2322 744 8479 19497 15126 890 592 47691 26585 456 610 247 402 37680 26129 32198 7577 800 474 780 370 41085 458 9981 2666 4012 7396 5618 4630 52436 17818 4855 28337 49521 26286 46441 446 2051 1569 294 4371 4433 3700 3779 25214 16842 8372 3605 1314 2291 16549 25785 12542 7668 4767 13243 40627 2680 2282 32845 1729 9174 2443 23556 34618 13791 5310 21746 5172 3086 14236 3803 20437 2139 18298 15875 10452 6575 3877 509 3368 12963 6253 1518 4735 7835 5501 20827 14809
internal_count=519778 517965 1813 367970 149995 85882 282088 201352 146485 54867 146176 30610 1120 138341 37616 24459 9021 38318 55272 100725 53474 40065 13409 2385 1126 80736 28300 142599 45387 97212 18802 720 54284 693 9397 18058 8575 2322 744 8479 19497 15126 890 592 47691 26585 456 610 247 402 37680 26129 32198 7577 800 474 780 370 41085 458 9981 2666 4012 7396 5618 4630 52436 17818 4855 28337 49521 26286 46441 446 2051 1569 294 4371 4433 3700 3779 25214 16842 8372 3605 1314 2291 16549 25785 12542 7668 4767 13243 40627 2680 2282 32845 1729 9174 2443 23556 34618 13791 5310 21746 5172 3086 14236 3803 20437 2139 18298 15875 10452 6575 3877 509 3368 12963 6253 1518 4735 7835 5501 20827 14809
cat_boundaries=0 2 4 6 8 10 12 14 16 18 19 20 22 24 26 27 29 30 31 33 35 37 39 40 42 44 46 48 50 51 53 55 57 59 60
cat_threshold=2638493782 170 303038466 8196 574505 2112 16 2 580059136 8196 66048 1 1057 2048 34603008 4 9568256 8704 2 32777 1075839616 18176 1075970176 4 2281967684 40 1 17039430 8 406849604 1048576 2097152 16913 0 512 8388736 4864 524288 2048 2 131072 4096 131072 4096 2097152 20736 0 2048 1073741824 16 32769 1073741824 17408 33792 64 0 1 0 512 2050
is_linear=0
shrinkage=0.03


Tree=24
num_leaves=127
num_cat=37
split_feature=1 5 5 5 5 1 27 1 5 11 5 12 8 12 5 5 11 5 4 1 25 1 1 21 5 11 23 13 1 5 12 5 5 27 21 12 27 5 25 27 23 25 25 5 27 1 12 22 1 5 1 4 1 25 27 25 5 25 12 5 5 5 25 23 1 23 1 28 5 25 23 27 5 27 5 1 27 5 1 25 25 12 1 25 27 1 5 1 4 25 1 1 5 1 5 13 26 27 25 25 25 1 25 27 5 1 1 25 1 5 1 4 1 27 4 5 1 1 25 25 4 25 11 4 32 32
split_gain=9743.33 4851.92 3651.61 2191.06 2179.19 1349.73 2584.46 5703.73 1861.87 1694.94 1384.66 1332.66 1328.67 1315.14 1224.6 1105.67 797.972 857.443 821.645 792.972 1055.78 836.138 1080.78 808.006 756.437 751.232 1931.46 1095 896.119 2007.37 722.66 700.801 684.252 976.208 2012.9 714.862 686.138 824.975 714.446 626.812 606.589 582.411 778.7 705.042 1049.46 618.134 617.126 569.327 566.74 566.693 534.011 813.568 2206.5 1098.66 516.473 525.539 487.159 467.261 466.131 692.346 457.786 453.63 452.823 433.326 427.9 422.741 408.141 664.638 455.34 407.05 518.448 421.294 909.275 880.643 875.927 398.363 396.058 487.358 673.719 488.059 402.385 499.161 378.605 447.76 374.824 370.068 369.972 642.047 526.881 378.068 519.831 368.16 451.221 366.853 2304.92 600.229 405.959 359.722 354.19 348.805 692.504 345.87 345.194 491.132 342.614 857.844 365.806 337.76 332.514 529.779 460.209 704.36 325.79 543.739 554.54 321.303 326.271 483.024 635.252 318.477 1000.54 315.5 315.474 311.842 311.789 310.975
threshold=9.461545944213869 0 1 2 3 5.759707212448121 0.086274277418851866 6.1640367507934579 4 0.24372619390487674 5 0.10623887926340105 3.5000000000000004 -0.082691941410303102 6 7 0.12545942142605784 8 9 5.4143788814544687 18.500000000000004 5.759707212448121 6.8561301231384286 0.067053630948066725 10 0.24372619390487674 0.028600074350833896 37.500000000000007 5.759707212448121 11 -0.41399101912975306 12 13 0.058846931904554374 0.085019674152135863 -0.69676771759986866 0.064750330522656455 14 86.500000000000014 0.098019190132617964 0.10042453557252885 123.00000000000001 180.00000000000003 15 0.10038758814334871 7.1552743911743173 0.12332734838128091 0.20459871739149096 4.5047848224639901 16 5.759707212448121 17 6.8561301231384286 17.500000000000004 0.07936600968241693 11.500000000000002 18 64.500000000000014 -0.70900321006774891 19 20 21 93.500000000000014 0.038110742345452316 4.5047848224639901 0.091522067785263075 7.2490057945251474 0.090883005410432829 22 140.50000000000003 0.075415529310703291 0.059944719076156623 23 0.058846931904554374 24 7.3527534008026132 0.086274277418851866 25 6.8561301231384286 59.500000000000007 57.500000000000007 -0.87397405505180348 5.0493419170379648 58.500000000000007 0.11368945986032487 7.5704805850982675 26 6.8561301231384286 27 77.500000000000014 7.3876662254333505 4.7054555416107187 28 4.7054555416107187 29 40.500000000000007 0.1366594657301903 0.069445703178644194 80.500000000000014 93.500000000000014 68.500000000000014 4.5047848224639901 16.500000000000004 0.098019190132617964 30 6.8561301231384286 7.1113042831420907 19.500000000000004 5.4143788814544687 31 5.0493419170379648 32 6.8561301231384286 0.095947422087192549 33 34 4.5047848224639901 4.9065351486206064 50.500000000000007 75.500000000000014 35 71.500000000000014 -0.099819734692573533 36 0.17597246170043948 0.20935109257698062
decision_type=2 9 9 9 9 2 2 2 9 2 9 2 2 2 9 9 2 9 9 2 2 2 2 8 9 2 10 2 2 9 2 9 9 2 8 2 2 9 2 2 8 2 2 9 2 2 2 8 2 9 2 9 2 2 2 2 9 2 2 9 9 9 2 10 2 8 2 10 9 2 8 2 9 2 9 2 2 9 2 2 2 2 2 2 2 2 9 2 9 2 2 2 9 2 9 2 10 2 2 2 2 2 2 2 9 2 2 2 2 9 2 9 2 2 9 9 2 2 2 2 9 2 2 9 10 10
left_child=1 4 16 13 54 32 15 -8 39 30 12 60 -11 14 -3 69 18 -18 -2 24 21 -21 102 -22 64 27 28 49 29 -27 86 -31 35 34 63 61 38 -38 91 -9 -13 43 -43 44 -12 -45 -47 -25 -26 121 82 52 53 -52 55 -1 -32 112 -17 -60 -4 -5 75 -34 97 -36 68 -68 -28 70 -7 72 -72 99 -73 -41 77 -53 79 -79 -78 84 83 -16 122 -29 -10 88 -88 119 98 92 -35 94 95 -37 -95 -15 -91 100 -74 -33 103 -23 105 -58 -107 -94 109 -39 123 -112 -14 114 -114 116 -67 118 -118 -89 -121 -6 -82 -111 -96 -50
right_child=2 3 11 5 25 6 7 8 9 10 41 40 57 19 50 58 17 -19 -20 20 23 22 -24 47 48 26 66 85 -30 31 56 101 33 36 65 93 37 108 -40 62 -42 42 -44 45 -46 46 -48 -49 125 -51 51 76 -54 -55 -56 -57 104 -59 59 -61 -62 -63 -64 -65 -66 115 67 -69 -70 -71 71 74 73 -75 -76 -77 80 78 -80 -81 81 -83 -84 -85 -86 -87 87 89 -90 90 -92 -93 107 96 124 -97 -98 -99 -100 -101 -102 -103 -104 -105 -106 106 -108 -109 -110 110 111 -113 113 -115 -116 -117 117 -119 -120 120 -122 -123 -124 -125 -126 -127
leaf_value=0.011698964280649109 -0.076217136893953583 0.004687503120939184 -0.034778814100121194 0.011622976008932926 0.011258957884883247 -0.034436600250238932 -0.15208735215513011 0.01247868789423698 0.0048550639573708091 -0.0060470845955234971 -0.025380392920740995 -0.013430068469024262 -0.085045811669683585 -0.032637340430779538 -0.00383733575501193 0.0089983405611995717 -0.023593398277696808 -0.1252258485454624 -0.16160584230141101 -0.012410317510011783 0.0026043592222719709 -0.019589175526463592 -0.0037414778192024559 -0.015733223557348318 -0.0044931906006362553 -0.058514822029025131 0.0074828290331748672 -0.0007163764134171098 -0.0053024992642646419 0.00035511005404253559 -0.00090888872213263435 -0.047950826809652139 -0.011410874835747525 -0.049997450919085466 -0.0035767247225405329 -0.04692038872026439 -0.0054540458283663133 -0.092659586873547778 -0.038336192213313337 -0.0033763438458244053 -0.083394696713284408 0.0029079090936977238 -0.060234811135381712 -0.0028010483386267993 -0.0080790712278991199 0.01686296806893502 -0.068190489165513901 -0.0074668602418022176 -0.02461389378058134 0.0022891396501080394 -0.10446429777720657 0.017189237821466752 0.025204079335112525 -0.013791587451816271 0.0036758535644971523 0.030151354018805986 0.012964814356302382 -0.027227766677938602 -0.00043652750965455752 0.0072786345999102491 0.029158089975548893 -0.0021642808195155116 0.020821814850229207 0.0077714770190419865 0.001027588795480888 0.019445991708963575 -0.092038270361148394 -0.005918927716116751 -0.00038221427360893143 0.012544766542386079 0.013157364476736103 0.0015814036297283503 -0.012091708398652694 0.013396526846060538 -0.015307569443149526 0.018200515525602853 -0.009015972195864223 -0.023085282534446298 0.017984635866768021 0.0058506965116295225 -0.063447784857422349 -0.015029831766707309 0.006550440147976371 -0.04475170065107166 -0.080064537579363035 -0.05459531287395436 0.037300582962816659 0.001387429272020794 -0.022652107996905077 0.014195788646851551 -0.039052669970891241 0.0066653250024740528 0.021876762867318232 -0.0054560900460350493 -0.0092796064849176713 -0.12047244050869575 0.0089952007903250294 -0.0041684936603456398 0.00079814614675147752 -0.037985382874273013 0.0096881351040472765 -0.017695297481367254 -0.086419296579228505 -0.089356149312209435 -0.0072914127443792004 -0.047910334692953402 -0.0059731616270542144 -0.012221200376299642 -0.016297557664021932 -0.041781405652723008 0.0031837735532649924 -0.095261085747148505 0.020339334662250009 -0.062084794640808259 -0.067866576758815952 -0.026987867451813956 -0.088145209103822703 -0.015673704579948631 -0.026652989453395833 -0.10147295818919629 -0.010265974729058342 0.0038630942785113417 -0.010901083759872367 0.020118971053281975 0.018795649911718809 -0.070073971541031552
leaf_weight=2505 139 9956 141 3492 15864 495 236 5806 9380 1206 6218 159 286 831 1330 13736 160 166 405 1312 5161 237 351 11054 1361 980 12000 49338 12180 2331 12013 400 1502 204 1340 209 4380 163 384 9134 376 3933 183 6868 6408 109 256 23322 8283 24074 372 959 306 178 1852 3123 432 776 26086 17476 291 5548 885 3594 2419 209 103 360 14779 1400 3530 4987 6232 1996 6194 840 7712 1764 745 746 162 1882 3186 293 197 114 141 2150 1878 2378 256 6419 356 25586 8859 194 1877 769 7006 352 1664 2260 404 147 33913 757 249 976 636 123 104 175 172 731 101 5410 183 7199 859 112 2587 7718 280 178 370 137
leaf_count=2505 139 9956 141 3492 15864 495 236 5806 9380 1206 6218 159 286 831 1330 13736 160 166 405 1312 5161 237 351 11054 1361 980 12000 49338 12180 2331 12013 400 1502 204 1340 209 4380 163 384 9134 376 3933 183 6868 6408 109 256 23322 8283 24074 372 959 306 178 1852 3123 432 776 26086 17476 291 5548 885 3594 2419 209 103 360 14779 1400 3530 4987 6232 1996 6194 840 7712 1764 745 746 162 1882 3186 293 197 114 141 2150 1878 2378 256 6419 356 25586 8859 194 1877 769 7006 352 1664 2260 404 147 33913 757 249 976 636 123 104 175 172 731 101 5410 183 7199 859 112 2587 7718 280 178 370 137
internal_value=-0.0031672 -0.00292251 -0.072117 -0.00477631 0.00162546 -0.00349878 -0.00218714 -0.00506323 -0.00476579 -0.00630544 -0.012694 -0.0307457 -0.0309816 -0.00897262 -0.00391594 0.00182548 -0.116324 -0.0801206 -0.139968 -0.0116995 -0.0096486 -0.0287514 -0.0475471 -0.00846367 -0.0179385 0.00079631 -0.0023895 0.0022856 -0.00997045 -0.0194899 -0.00392985 -0.0116765 -0.0067819 -0.00998485 -0.0142 -0.00439079 -0.00392311 -0.0118862 0.00157703 0.00452 -0.0626653 -0.0101798 8.65944e-05 -0.0123127 -0.0165878 -0.00481922 -0.0428143 -0.0101254 -0.0224358 0.0055307 -0.00817317 -0.0109174 -0.0393188 -0.0751976 0.0173971 0.0219418 -0.00613275 -0.0456768 0.00417909 0.00266027 0.00812786 0.00317266 0.000268127 0.00211652 -0.00691743 -0.0196701 0.00266177 -0.0252343 0.00314501 -0.00319748 -0.00406518 -0.00346138 5.06264e-05 -0.00447517 -0.00778748 -0.00155752 -0.00923202 -0.00149109 -0.00702955 -0.0144863 -0.0124193 -0.0228228 0.000542985 -0.0112466 -0.0457156 -0.000841683 0.000100611 -0.00260241 -0.0184488 -0.000394932 0.00304199 0.00350827 -0.00968091 -0.00623521 -0.0112727 -0.0805445 -0.0044681 -0.0189657 0.00419439 -0.00880661 -0.00750119 -0.022178 -0.0670301 -0.0464596 -0.00790536 -0.0222192 -0.0375465 -0.00307529 -0.0320256 -0.0458791 -0.0304759 -0.0586845 -0.0567451 -0.0486067 -0.0124222 -0.0212256 -0.0174811 -0.018441 -0.0375266 -0.00722689 -0.014087 0.00883493 -0.03026 -0.00523046 -0.0081433 -0.0253618
internal_weight=519751 517914 1837 367933 149981 282077 201548 117400 117164 100499 27247 967 3272 85856 30068 84148 870 326 544 55788 41988 2451 1139 39537 13800 142501 45393 97108 18151 5971 73252 4991 80529 34394 20296 46135 14098 5759 8339 16665 535 23975 4116 19859 12626 7233 365 34376 9781 47656 20112 15303 856 550 7480 5628 47364 2066 57298 43562 432 9040 10859 5096 4019 15200 27242 463 26779 26850 25450 24955 13774 10244 11181 9974 14447 4214 3255 2510 10233 2521 4809 1623 639 49452 25888 16508 2019 14489 9640 7955 1536 37095 9632 403 27463 1600 9384 8248 7896 2660 788 384 35351 1438 1006 1332 1379 743 580 279 1290 1004 273 13860 8450 8241 1042 4849 2699 23582 442 301 9229 8420
internal_count=519751 517914 1837 367933 149981 282077 201548 117400 117164 100499 27247 967 3272 85856 30068 84148 870 326 544 55788 41988 2451 1139 39537 13800 142501 45393 97108 18151 5971 73252 4991 80529 34394 20296 46135 14098 5759 8339 16665 535 23975 4116 19859 12626 7233 365 34376 9781 47656 20112 15303 856 550 7480 5628 47364 2066 57298 43562 432 9040 10859 5096 4019 15200 27242 463 26779 26850 25450 24955 13774 10244 11181 9974 14447 4214 3255 2510 10233 2521 4809 1623 639 49452 25888 16508 2019 14489 9640 7955 1536 37095 9632 403 27463 1600 9384 8248 7896 2660 788 384 35351 1438 1006 1332 1379 743 580 279 1290 1004 273 13860 8450 8241 1042 4849 2699 23582 442 301 9229 8420
cat_boundaries=0 2 4 6 8 10 12 14 16 17 18 19 20 22 24 26 28 30 31 33 35 37 39 41 43 45 46 48 49 51 53 55 57 58 59 61 62 63
cat_threshold=2638493782 170 303038466 8192 574505 2112 16 2 66176 5121 131072 512 1056 2048 2097792 5380 1048576 2 32777 2 4160 40 1084227712 18176 33620480 1 1116733440 8196 17039430 8 1 8388608 768 1048576 25105 524288 2048 1073741824 17408 406849604 136 0 1028 640 4352 32768 34734080 8976 1 131072 16 0 512 0 16 131072 4096 1 1 131584 4112 1 1
is_linear=0
shrinkage=0.03


Tree=25
num_leaves=127
num_cat=44
split_feature=0 5 5 5 5 12 27 0 27 0 5 11 5 5 21 5 0 2 0 0 5 5 21 27 12 0 5 12 5 0 27 5 0 11 29 13 26 5 27 0 11 0 0 13 21 11 27 5 0 4 23 0 5 13 5 30 2 5 0 27 5 0 5 32 5 0 5 27 27 5 27 5 0 4 0 5 4 23 29 5 0 5 5 28 21 11 20 27 5 27 27 27 5 23 21 5 0 4 2 4 0 30 0 23 27 11 5 12 5 0 12 21 0 0 5 5 0 5 0 0 0 26 0 20 23 23
split_gain=9120.4 4497.58 3562.8 2348.45 1886.89 1326.62 1293.09 1083.88 2200.04 4803.19 1973.27 1362.53 1310.5 1270.28 1061.53 1022.95 922.316 885.126 835.983 2566.61 1234.96 832.921 1200.13 1373.87 827.169 799.838 2108.21 798.837 775.947 694.166 681.926 663.386 1136.33 630.807 1407.71 812.553 594.501 849.195 1028.26 624.291 593.048 588.062 569.075 561.661 551.394 542.295 535.894 531.703 680.822 701.094 502.228 489.825 1822.16 881.739 486.65 477.749 468.162 1012.22 510.24 451.774 451.43 444.12 436.409 426.091 413.359 409.576 403.896 584.142 401.606 470.245 499.827 429.034 399.206 605.679 1907.49 397.852 396.434 395.909 393.313 384.029 379.732 372.925 361.854 357.938 356.452 351.861 347.178 381.99 677.368 344.13 340.532 334.914 548.074 404.411 523.056 334.346 567.819 564.732 416.386 805.595 370.327 329.971 322.032 320.212 319.656 351.304 318.933 318.171 315.305 314.644 314.495 308.963 307.637 434.93 2139.72 419.504 312.048 303.772 709.031 388.449 303.288 354.827 303 333.074 302.596 625.542
threshold=13030.000000000002 0 1 2 3 -0.21862536668777463 0.14952706545591357 325.00000000000006 0.086274277418851866 475.00000000000006 4 0.24372619390487674 5 6 0.042858690023422248 7 61.500000000000007 8 950.00000000000011 850.00000000000011 9 10 0.088029954582452788 0.058846931904554374 0.71952396631240856 1410.0000000000002 11 -0.30164489150047297 12 1280.0000000000002 0.059944719076156623 13 325.00000000000006 0.35846313834190374 0.15539915859699252 39.500000000000007 0.14037989079952243 14 0.16058247536420825 1225.0000000000002 0.72695311903953563 90.000000000000014 6250.0000000000009 44.500000000000007 0.098624266684055342 -0.4218058288097381 0.095947422087192549 15 155.00000000000003 16 0.038110742345452316 110.00000000000001 17 40.500000000000007 18 0.1004917621612549 19 20 155.00000000000003 0.08212983608245851 21 1715.0000000000002 22 0.12430509924888612 23 1560.0000000000002 24 0.055219287052750594 0.069445703178644194 25 0.07936600968241693 26 325.00000000000006 27 950.00000000000011 28 29 0.091522067785263075 0.0429714322090149 30 90.000000000000014 31 32 0.11149558052420618 0.069947797805070891 -0.87395131587982167 89.500000000000014 0.089248880743980422 33 0.069445703178644194 0.07936600968241693 0.049178216606378562 34 0.075415529310703291 0.059908211231231696 35 950.00000000000011 36 37 38 1280.0000000000002 0.083766922354698195 1715.0000000000002 0.12481230497360231 0.059393314644694335 -0.90529522299766529 39 0.48126256465911871 40 45.000000000000007 -0.73284119367599476 0.067938569933176055 90.000000000000014 180.00000000000003 41 42 155.00000000000003 43 950.00000000000011 1225.0000000000002 715.00000000000011 0.34387405216693884 10450.000000000002 88.500000000000014 0.051437802612781532 0.086187265813350691
decision_type=2 9 9 9 9 2 2 2 2 2 9 2 9 9 10 9 2 9 2 2 9 9 8 2 2 2 9 2 9 2 2 9 2 2 8 2 10 9 2 2 2 2 2 2 10 2 2 9 2 9 10 2 9 2 9 10 9 9 2 2 9 2 9 8 9 2 9 2 2 9 2 9 2 9 2 9 9 8 10 9 2 9 9 8 8 2 2 2 9 2 2 2 9 8 8 9 2 9 9 9 2 10 2 10 2 2 9 2 9 2 2 10 2 2 9 9 2 9 2 2 2 10 2 2 8 8
left_child=1 4 24 5 55 15 -4 21 13 -10 46 27 14 91 -13 -3 66 31 19 20 80 51 50 54 40 29 -27 95 -20 33 -25 32 107 35 75 60 37 38 61 82 -2 -22 79 -43 106 -21 -11 48 49 -32 -23 52 53 -5 -24 -1 81 58 -58 -30 -18 65 -53 -41 -29 -14 67 -6 71 70 -70 -54 90 74 104 78 -50 -56 -35 -28 89 -36 -39 -61 -33 -49 87 -45 -89 -19 -17 92 -9 -93 -95 96 97 -12 99 -98 -101 -48 -97 -82 -74 -106 110 -7 112 -68 -15 120 -79 114 116 -115 -114 118 -66 -120 121 -112 123 -104 -86 -126
right_child=2 3 6 7 16 17 -8 8 9 10 11 12 36 44 -16 72 25 18 28 45 41 22 23 30 -26 26 42 64 59 -31 47 84 -34 34 56 -37 -38 39 -40 63 -42 43 -44 86 -46 -47 101 85 76 -51 -52 62 68 -55 77 -57 57 -59 -60 83 -62 -63 -64 -65 117 -67 109 -69 69 -71 -72 -73 73 -75 -76 -77 -78 108 -80 -81 103 -83 -84 -85 124 -87 -88 88 -90 -91 -92 93 -94 94 -96 102 98 -99 -100 100 -102 -103 122 -105 105 -107 -108 -109 -110 -111 111 -113 113 115 -116 -117 -118 -119 119 -121 -122 -123 -124 -125 125 -127
leaf_value=0.012257632611177748 -0.14849797747713145 0.0043235031353638272 -0.067308300345697819 -0.0308998110770702 -0.067700096371730689 -0.053935240055073115 0.0022970723187324695 -0.015260036484681204 -0.14267122111489239 0.012130308195020459 0.0362972091839594 -0.04217488400503315 -0.023038388849187554 0.0091295695931773672 -0.0065992555787294013 0.0043770530668482037 0.01583324019696656 -0.030961179896827402 0.012461599395019233 -0.068387701885531768 -0.0039964847515953986 -0.011232184358694755 -0.0033203920929810826 0.0060864305518950161 -0.070079104379675849 -0.14302946685689741 -0.019553768463967183 -0.0012183106784326172 -0.024439792030100802 0.068235413244554205 -0.0076493913717835928 0.00079611263442382909 -0.08679549236523143 -0.022932238041673068 0.011612983805933671 -0.0002680545807967411 -0.0012042976020182872 -0.0043501975712153659 -0.0023476946359863304 -0.054799529300806546 -0.069603636492457654 -0.019783348924602435 -0.07527189512510557 -0.033818775598706684 -0.0024009643704268808 -0.15483744910130132 0.00013634950957403189 -0.012085733492378393 0.0075233932632568952 -0.094119376600335494 0.0086426104600408962 -0.0033664275929594372 0.0099049386200062307 -0.11700627784753583 -0.003641605837743268 0.029129578398433307 -0.07621856307842749 -0.0080992644628672446 -0.029023903418212847 0.0079657264650254671 0.0051227152185222445 -0.078151392719686727 0.0042436902648903029 -0.010874768481909318 0.012053699920882901 0.022896986810396834 0.027543810876086497 -0.01365861646976948 -0.090788444925261585 -0.010263095592454363 -0.02353030155343197 -0.0059293731803524586 -0.033502318856753699 -0.0085515113454941831 0.024370968981769742 0.0090706880232119449 -0.025147348592498096 0.018683254031044705 0.001431635763558606 0.008483013446058842 0.0014228903427357263 -0.0073466847855116956 0.012601821476399223 -0.010717751966177951 0.0096450662123120923 -0.00081152540773187269 -0.023218439587693145 -0.039012192600219958 -0.11413973848759774 -0.0037509851345824902 -0.02114490632713522 -0.030245112330478038 0.014584326086242288 0.023855151145700502 -0.0040449577838614888 0.0031859539629153812 -0.047531707085373687 -0.023863603990732514 0.0061457521501484449 -0.0048198358107087447 0.028220717263381892 0.018043301910345415 -0.0064064043148789763 -0.030524952673157184 -0.048000397353018281 -0.11322599331163009 0.0086651992849173069 0.0021736909431445089 -0.026325745450954698 -0.013345999959719848 2.9463310290513368e-05 0.010027517228313984 -0.02806252514325764 -0.003301844293145147 -0.097232490702405222 -0.019678931804231307 -0.0024817732035477824 -0.0071921272894879132 -0.046880438687793312 -0.0027590658481684957 0.008703622946266653 -0.018436498164306574 0.012741959830899992 -0.078818929202499846 -0.026319449035900139 -0.0074186361048643396
leaf_weight=5334 494 10090 441 241 303 115 526 741 225 5604 152 2090 7683 7273 1182 3364 3867 858 1463 137 1470 1560 2011 3786 260 102 846 11517 1810 142 138 4770 255 647 1156 30852 6449 2655 3017 208 107 8664 110 1643 9540 129 14357 4452 495 217 4286 28471 1868 193 1357 2108 244 4384 1324 1116 41734 128 8892 4092 393 178 191 443 137 3359 360 8551 126 13016 285 7496 1026 212 7478 895 3965 4678 1962 5314 821 5656 1695 426 158 816 546 516 2106 616 30508 17522 390 1723 4333 6247 320 989 105 303 118 211 17974 421 5413 1439 16194 3679 894 2205 341 3963 825 36483 714 240 3453 993 120 125 1709 20136
leaf_count=5334 494 10090 441 241 303 115 526 741 225 5604 152 2090 7683 7273 1182 3364 3867 858 1463 137 1470 1560 2011 3786 260 102 846 11517 1810 142 138 4770 255 647 1156 30852 6449 2655 3017 208 107 8664 110 1643 9540 129 14357 4452 495 217 4286 28471 1868 193 1357 2108 244 4384 1324 1116 41734 128 8892 4092 393 178 191 443 137 3359 360 8551 126 13016 285 7496 1026 212 7478 895 3965 4678 1962 5314 821 5656 1695 426 158 816 546 516 2106 616 30508 17522 390 1723 4333 6247 320 989 105 303 118 211 17974 421 5413 1439 16194 3679 894 2205 341 3963 825 36483 714 240 3453 993 120 125 1709 20136
internal_value=-0.00303011 -0.00279372 -0.0699038 -0.00429528 0.00241587 -0.0086917 -0.0291817 -0.0030981 -0.00198035 -0.00448698 -0.00424851 -0.00585498 -0.0113529 0.00153357 -0.0292399 -0.0032958 0.00141118 -0.0112667 -0.0148588 -0.0183311 -0.0170965 -0.00586233 -0.00918711 -0.0114094 -0.113893 0.0018259 -0.0171901 -0.00382809 -0.00762152 0.00218315 -0.00501143 -0.00744485 -0.0343626 0.00209219 -0.00181268 0.00349202 -0.00911802 -0.0116841 -0.0172547 -0.00478246 -0.134591 -0.021939 -0.00935937 -0.0240516 0.00420284 -0.110735 0.00418925 -0.0085177 -0.0231457 -0.0606216 0.00333802 -0.00338006 -0.00801786 -0.0678134 -0.0172676 0.0170171 -0.00963967 -0.0155503 -0.0361813 -0.0111899 0.0060359 -0.0229049 -0.001555 -0.0130117 -0.00619984 -0.0219955 -0.0170699 -0.0351985 -0.00614348 -0.0144179 -0.0413843 -0.00308598 -0.00764571 -0.0100542 -0.0364381 0.004093 -0.0145169 -0.0190966 -0.000510433 -0.00520779 -0.00559325 -0.00357506 0.00287262 -0.00747429 -0.00665533 -0.00577217 -0.033473 -0.0412639 -0.0621161 -0.0177076 0.000808622 -0.00304152 0.00681161 -0.00392926 -0.00349202 -5.70794e-05 -0.00368326 -0.0189698 -0.00114633 -0.00568892 -0.00320577 0.0012915 0.00261472 -0.000851816 -0.0744973 -0.0900484 0.00547475 -0.00994263 -0.0206239 -0.00848862 0.00365546 0.00201953 -0.0169132 -0.017853 -0.0297874 -0.013863 -0.0157028 -0.00771398 -0.0216755 -0.0357952 0.000591715 -0.00103844 -0.0258361 -0.0459319 -0.00822637 -0.00889844
internal_weight=519256 517428 1828 401655 115773 85950 967 315705 224796 131203 130978 110028 29644 93593 3272 27756 108331 58194 29967 20264 19998 90909 38837 32991 861 105955 1953 80384 9703 104002 15770 28227 791 103860 27407 76453 26372 19923 11006 8917 601 14056 1851 12586 59106 266 20950 11984 1876 355 5846 52072 14709 434 17221 7442 11786 5952 1568 8240 45601 7989 37363 4300 49347 7861 2376 746 14275 3856 497 10419 17666 13756 740 15621 1521 15210 8125 1741 5942 5834 4617 6430 27436 10108 3922 2227 584 1674 3910 34487 2847 31640 31124 31037 13165 1875 11290 6957 6567 15346 17872 4268 455 329 49566 536 13853 1630 31592 24319 8440 8228 2060 6168 1719 37830 1347 954 20640 17187 350 230 22666 21845
internal_count=519256 517428 1828 401655 115773 85950 967 315705 224796 131203 130978 110028 29644 93593 3272 27756 108331 58194 29967 20264 19998 90909 38837 32991 861 105955 1953 80384 9703 104002 15770 28227 791 103860 27407 76453 26372 19923 11006 8917 601 14056 1851 12586 59106 266 20950 11984 1876 355 5846 52072 14709 434 17221 7442 11786 5952 1568 8240 45601 7989 37363 4300 49347 7861 2376 746 14275 3856 497 10419 17666 13756 740 15621 1521 15210 8125 1741 5942 5834 4617 6430 27436 10108 3922 2227 584 1674 3910 34487 2847 31640 31124 31037 13165 1875 11290 6957 6567 15346 17872 4268 455 329 49566 536 13853 1630 31592 24319 8440 8228 2060 6168 1719 37830 1347 954 20640 17187 350 230 22666 21845
cat_boundaries=0 2 4 6 8 10 12 14 16 17 19 21 22 24 25 27 29 30 32 34 35 36 37 39 41 42 44 46 47 49 50 51 52 54 56 58 60 61 62 63 65 67 69 71 73
cat_threshold=423897174 42 303038466 8192 574505 2112 16 2 66176 5249 67239936 512 69206656 5508 1057 2048 10 32777 64 1142952064 18048 2048 524320 64 1 1116733440 8196 8519680 256 4 0 512 8388608 256 4 10242 4 1075838976 17536 8388608 768 8194 2097152 16384 2097152 16384 1 17039362 32 2 134217730 10246 536870912 16 16384 2048 67108864 4352 1679818752 16388 1 8 1 1082195968 25089 131584 4112 512 16 131072 4096 0 16
is_linear=0
shrinkage=0.03


Tree=26
num_leaves=127
num_cat=44
split_feature=0 5 5 5 5 12 5 11 13 21 5 2 0 11 5 5 0 23 0 0 5 5 25 0 25 27 25 5 0 25 2 27 0 0 5 11 31 13 0 5 0 25 5 0 5 25 2 5 5 0 5 25 27 5 5 27 27 5 5 25 25 0 4 0 0 21 27 3 27 5 5 5 23 25 27 5 11 27 5 0 0 25 27 27 25 3 13 5 2 5 0 0 5 27 5 0 27 23 27 0 27 5 11 25 23 0 27 5 0 4 3 11 5 27 27 0 0 27 25 12 20 0 5 25 11 25
split_gain=8686.99 4341.58 3008.62 2093.46 1824.52 1260.84 1045.88 1032.74 2404.57 1713.61 1539.04 851.088 838.797 832.953 789.72 724.733 722.264 660.423 657.179 2982.01 1065.2 745.453 691.859 3001.41 924.147 830.003 717.215 646.621 921.716 1055.11 748.219 742.13 731.617 2292.87 1273.09 645.299 1741.46 712.452 673.036 1505.32 768.84 640.277 613.559 1026.89 603.557 603.254 596.039 1354.09 1265.36 575.347 568.258 554.399 526.588 512.166 492.043 485.581 485.566 662.56 464.933 464.055 792.256 463.772 610.286 1856.87 450.164 750.064 443.564 583.912 441.103 431.972 430.565 421.174 467.494 418.299 418.153 406.52 393.906 388.665 396.913 481.856 382.383 463.596 619.493 381.211 553.507 528.935 368.844 367.103 366.257 484.578 911.011 458.108 413.476 344.042 341.105 335.199 340.023 332.86 330.573 327.897 442.436 460.489 323.875 319.563 534.936 406.521 382.14 538.992 339.947 883.586 499.105 458.975 317.574 504.468 315.657 441.078 312.05 304.485 467.17 452.078 726.405 439.706 569.789 433.798 337.919 305.158
threshold=13030.000000000002 0 1 2 3 -0.41399101912975306 4 0.3744682669639588 36.500000000000007 0.14014542102813723 5 6 61.500000000000007 -0.11692013591527937 7 8 1940.0000000000002 0.093464292585849776 950.00000000000011 850.00000000000011 9 10 49.000000000000007 615.00000000000011 59.500000000000007 0.098019190132617964 38.500000000000007 11 1225.0000000000002 99.000000000000014 12 0.12240357697010042 475.00000000000006 425.00000000000006 13 0.24372619390487674 0.098716270178556456 38.500000000000007 325.00000000000006 14 155.00000000000003 69.500000000000014 15 325.00000000000006 16 50.500000000000007 17 18 19 55.000000000000007 20 73.500000000000014 0.16058247536420825 21 22 0.15550526976585391 0.055219287052750594 23 24 77.500000000000014 88.500000000000014 325.00000000000006 25 950.00000000000011 1410.0000000000002 0.046407744288444526 0.055219287052750594 26 0.07936600968241693 27 28 29 0.038110742345452316 11.500000000000002 0.059393314644694335 30 -0.2603763341903686 0.072961069643497481 31 950.00000000000011 950.00000000000011 61.500000000000007 0.10945477336645128 0.08212983608245851 69.500000000000014 32 39.500000000000007 33 34 35 950.00000000000011 110.00000000000001 36 0.10945477336645128 37 90.000000000000014 0.069445703178644194 0.12481230497360231 0.053263295441865928 325.00000000000006 0.086274277418851866 38 -0.84315016865730275 49.000000000000007 0.07194120436906816 325.00000000000006 0.16352472454309466 39 325.00000000000006 40 41 -0.65234524011611927 42 0.055219287052750594 0.07936600968241693 155.00000000000003 45.000000000000007 0.086274277418851866 57.500000000000007 -0.87397405505180348 85.500000000000014 950.00000000000011 43 59.500000000000007 0.35846313834190374 5.5000000000000009
decision_type=2 9 9 9 9 2 9 2 2 8 9 9 2 2 9 9 2 8 2 2 9 9 2 2 2 2 2 9 2 2 9 2 2 2 9 2 8 2 2 9 2 2 9 2 9 2 9 9 9 2 9 2 2 9 9 2 2 9 9 2 2 2 9 2 2 10 2 1 2 9 9 9 10 2 2 9 2 2 9 2 2 2 2 2 2 1 2 9 9 9 2 2 9 2 9 2 2 10 2 2 2 9 2 2 8 2 2 9 2 9 1 2 9 2 2 2 2 2 2 2 2 2 9 2 2 2
left_child=1 4 6 5 68 14 17 8 13 15 -11 42 112 50 -3 -9 35 -2 19 20 22 -20 23 26 -24 -25 -13 28 88 -30 54 -31 33 34 -32 37 64 53 39 40 -38 -42 43 102 -4 -19 48 -48 -12 -36 80 56 -53 -14 -29 76 57 -49 -34 103 -61 -16 63 74 71 -66 67 -26 73 114 -58 -37 -73 -1 -63 -15 -47 -39 -79 -80 -5 -82 -83 -23 -85 -86 -21 -41 89 90 -10 -91 -90 -92 98 96 -22 -97 -40 -77 -101 -102 -7 108 105 -105 107 -106 110 111 -44 -110 116 -114 -51 -116 -6 121 124 120 -120 122 -64 125 -119 -124
right_child=2 3 44 7 12 11 -8 9 27 10 46 18 16 75 61 -17 -18 45 21 86 95 83 24 25 66 -27 -28 30 29 31 32 -33 58 -35 49 36 38 77 94 87 41 -43 59 -45 -46 55 47 51 -50 69 -52 52 -54 -55 -56 -57 70 -59 -60 60 -62 62 117 -65 65 -67 -68 -69 -70 -71 -72 72 -74 -75 -76 99 -78 78 79 -81 81 82 -84 84 85 -87 -88 -89 92 91 93 -93 -94 -95 -96 97 -98 -99 -100 100 101 -103 -104 104 106 -107 -108 -109 109 -111 -112 -113 113 -115 115 -117 -118 118 119 -121 -122 -123 123 -125 -126 -127
leaf_value=0.011390907278174494 -0.0096051327757916208 0.0049422094422252767 -0.042957058211977157 0.011305802909795099 0.027418709343985506 -0.058197912645922729 -0.14003315576485226 0.0028610430570226355 0.0020639668322808861 -0.0020013776932348327 -0.022828225894996852 -0.010784707186869424 0.0085750349982635487 0.0025598048282741343 0.0025667421152704359 -0.0049724412565001269 -0.043497556620669141 -0.044327315270011103 0.011207597897378109 -0.15684009208088426 -0.030354020513690846 -0.023582174041246889 7.8934571964130382e-05 -0.14823285953850268 -0.066078399647765448 -0.066790703586746186 -0.064346776377864692 0.0066748606633134965 -0.019926856921914104 -0.14966575712668445 -0.090034917055905508 -0.046196166272275151 -0.0062797923554863515 -0.13004839364314238 0.010544817592198703 0.010357313039063053 -0.10365270089709533 -0.0030705443866664343 -0.025650386179064809 -0.00027778248403290698 -0.008720365703520444 -0.064208976294004877 0.0084541383270265707 -0.081373904181742354 0.01258918928137282 -0.047170599128158998 -0.044076784185568596 -0.068654897912688875 0.0031208205383392792 0.0016180353103274273 0.0013187135081215826 -0.030310833822595227 0.0026561693158185127 0.0019701606312537245 -0.0026618054168617393 -0.14676209666825443 0.0069287593376315404 -0.017846145476167648 -0.00027058416614712176 -0.019159617340346619 -0.0030628886129930441 -0.038219507023178292 0.018332023602231615 0.024270766630768773 -0.097151306007589602 -0.0036868704977084175 -0.018913705077431991 -0.023260578220391008 0.003608256643151531 -0.018957809993819554 -0.012015653959833133 -0.021720130456056419 0.0024237076659600642 0.027829592530369859 -0.1092262482993743 -0.0076850804179355199 -0.12492507017931891 0.0082307382143223633 -0.011808320364966493 0.0025588982235505045 0.0049019207652754295 0.022195982253740552 -0.041709755176182736 -0.017126312772292995 -0.029259657348972287 0.0040367204534244435 -0.085289031720446967 -0.019831618769348823 -0.0073898501675317757 -0.0125640846073628 -0.023748556306276074 0.0020133924297885868 -0.017719805750911363 -0.065214404208280272 -0.0082200494165099221 0.00065219593923872667 -0.003967567094385306 -0.031463689634477612 0.011308899413387606 0.0025792450711416481 0.0075903530320612905 -0.00708516700220976 0.001208975542550045 0.01610939971858517 0.011830732898485817 -0.04437298510649508 -0.026362152117833815 -0.0029190680837096359 -0.040074547908687516 0.010396013613744114 -0.013884256256277176 -0.014259325434566001 -0.063018495003925729 -0.012939650562967189 0.0005504975981426804 -0.035280134569130241 -0.013301856895731223 -0.0032392643596265806 -0.076726069663245994 -0.01309888619411744 -0.012006339503562833 0.017171433777078162 -0.058191910885895287 0.010822791354281694 -0.018764455213280223 -0.01682515861890042
leaf_weight=2514 117 8106 384 11392 189 100 395 15065 807 10167 3138 1598 24468 15430 3835 36056 320 200 1548 112 856 1814 2221 208 433 251 261 8261 909 105 171 155 33012 148 1097 6436 211 18224 252 1695 345 409 2008 265 314 141 1795 265 3654 2340 34024 3227 504 18629 13155 172 1343 1627 17865 5540 5468 115 625 239 104 293 9166 850 1844 4356 5418 754 16406 3130 220 10633 102 7888 2612 10720 8271 198 435 3308 493 3282 166 1764 9829 2597 366 7662 5449 357 8079 4394 903 310 1566 12950 2246 13154 453 133 3710 397 416 5558 940 956 1630 1822 297 463 627 609 1563 4593 323 1017 302 920 179 489 1739 1503
leaf_count=2514 117 8106 384 11392 189 100 395 15065 807 10167 3138 1598 24468 15430 3835 36056 320 200 1548 112 856 1814 2221 208 433 251 261 8261 909 105 171 155 33012 148 1097 6436 211 18224 252 1695 345 409 2008 265 314 141 1795 265 3654 2340 34024 3227 504 18629 13155 172 1343 1627 17865 5540 5468 115 625 239 104 293 9166 850 1844 4356 5418 754 16406 3130 220 10633 102 7888 2612 10720 8271 198 435 3308 493 3282 166 1764 9829 2597 366 7662 5449 357 8079 4394 903 310 1566 12950 2246 13154 453 133 3710 397 416 5558 940 956 1630 1822 297 463 627 609 1563 4593 323 1017 302 920 179 489 1739 1503
internal_value=-0.00298772 -0.00275738 -0.068307 -0.00435733 0.00195874 -0.00849168 -0.0982882 -0.0031784 -0.00210032 -0.0060438 -0.0115917 -0.0107732 0.00108748 0.00106251 -0.00269153 -0.00266437 0.00144333 -0.0740223 -0.0141458 -0.0171229 -0.0158546 -0.00796493 -0.020241 -0.0353236 -0.017495 -0.103939 -0.0183353 -0.00523021 -0.00914357 -0.0352176 -0.00387507 -0.0883953 -0.00558762 -0.0133021 -0.0114101 0.00156268 -0.00165484 0.0030562 -0.00993304 -0.0196593 -0.0525792 -0.0388648 -0.00707432 -0.0325387 -0.0181616 -0.0874434 -0.0162323 -0.0197419 -0.00888553 -0.00980065 0.00369046 -0.0161786 -0.025858 0.00572259 0.000941295 -0.108066 -0.0120213 -0.0254521 -0.00417105 -0.00633321 -0.0111649 -0.00653426 -0.00938549 -0.0395608 0.00328648 -0.0283538 -0.0212301 -0.0377514 0.0163275 -0.0126278 -0.0082596 0.00382001 0.00136085 0.0205106 -0.0850371 -0.00156096 -0.0801865 0.0001428 0.00290247 -0.000256404 0.00766175 0.00300733 -0.0217168 -0.0113016 -0.00816949 -0.000318251 -0.114574 -0.010281 -0.00801958 -0.00403455 -0.0197241 -0.00167603 -0.0110842 -0.0442852 -0.00558383 -0.00564085 -0.0168182 -0.00147052 0.00614079 -0.00319188 -0.00150757 -0.00494415 -0.00961934 -0.00330919 0.000124431 -0.0291936 0.00173184 0.00299556 -0.00807622 -0.0144544 -0.00155561 -0.0230564 -0.0160677 -0.0321446 -0.00484732 -0.0171182 -0.00884546 -0.00790057 -0.0112054 -0.0254606 -0.0455226 -0.000807737 -0.00672765 -0.0139672 -0.00750534 -0.0212594
internal_weight=519644 517819 1825 386644 131175 85775 1127 300869 218610 82259 31138 61570 123687 108733 24205 51121 121175 732 32174 21729 21451 10445 14988 2318 12670 459 1859 109877 28236 1169 81641 260 60225 9348 9200 120855 38314 82541 14321 4424 965 754 29396 818 698 615 20971 14179 6792 9029 54320 12384 3731 43097 21416 415 8653 1892 50877 28578 11008 16099 12264 574 23993 397 10449 1283 7488 7932 6761 23596 17160 5644 335 54413 243 39444 21220 13332 20296 8904 633 8897 7083 3775 278 3459 27067 11789 1530 10259 15278 723 9897 6463 1759 4704 1818 38983 28350 15400 553 17570 10214 530 9684 9268 7356 3718 3638 2762 2512 760 3576 1236 1752 11690 7974 1642 625 3716 2796 2171 6332 1682
internal_count=519644 517819 1825 386644 131175 85775 1127 300869 218610 82259 31138 61570 123687 108733 24205 51121 121175 732 32174 21729 21451 10445 14988 2318 12670 459 1859 109877 28236 1169 81641 260 60225 9348 9200 120855 38314 82541 14321 4424 965 754 29396 818 698 615 20971 14179 6792 9029 54320 12384 3731 43097 21416 415 8653 1892 50877 28578 11008 16099 12264 574 23993 397 10449 1283 7488 7932 6761 23596 17160 5644 335 54413 243 39444 21220 13332 20296 8904 633 8897 7083 3775 278 3459 27067 11789 1530 10259 15278 723 9897 6463 1759 4704 1818 38983 28350 15400 553 17570 10214 530 9684 9268 7356 3718 3638 2762 2512 760 3576 1236 1752 11690 7974 1642 625 3716 2796 2171 6332 1682
cat_boundaries=0 2 4 6 8 10 12 13 15 17 19 21 23 24 25 26 27 29 30 32 34 36 38 40 42 44 45 46 48 50 51 53 55 56 58 59 61 63 64 66 67 68 69 71 72
cat_threshold=423897174 170 303038466 8196 574505 2112 16 2 34603008 4 2686455936 17664 10 1056 2048 42074624 8193 541728 2048 524320 64 1075843072 16401 2 131072 2050 1 537395200 2048 2 131072 512 1073807872 17 3255828480 29712 17039430 8 2752643200 516 33554432 4096 2786066432 9220 1 2 100728832 1280 66048 17 406857796 8392704 25600 2118 136 2 262208 40 5 0 16 1073741824 16400 2054 2163328 4353 557056 1 2 68 128 32768
is_linear=0
shrinkage=0.03


Tree=27
num_leaves=127
num_cat=56
split_feature=5 2 5 5 4 12 11 5 5 25 5 5 25 5 2 25 2 25 23 25 23 25 26 11 13 5 2 5 3 11 5 5 25 2 25 2 5 21 5 25 13 25 25 2 11 2 23 5 21 11 5 11 12 25 5 2 4 29 5 5 32 3 23 25 25 11 22 23 25 4 2 12 21 25 8 25 2 5 5 2 25 25 25 2 2 5 29 32 5 26 25 25 2 25 25 2 5 2 25 5 2 12 3 25 2 5 21 25 25 17 11 2 25 2 25 8 2 20 5 25 24 25 5 12 11 25
split_gain=4368.32 2858.96 3639.45 2685.9 1743.01 1510.14 1158.97 1113.87 920.748 916.323 814.423 776.799 663.731 615.389 1086.4 1752.67 1187.46 675.602 600.299 597.795 570.771 569.886 563.259 727.807 1101.64 807.804 550.304 1303.09 535.895 521.841 452.342 439.282 427.415 544.688 541.953 639.571 814.228 425.166 410.242 404.843 395.721 388.741 388.345 373.329 433.644 372.939 435.147 372.921 371.102 365.011 364.441 363.478 443.326 389.652 362.716 358.341 1277.73 856.646 1043.08 424.248 351.488 342.929 350.657 340.988 811.285 320.426 371.523 303.66 297.586 297.755 1220.01 294.239 291.847 289.399 287.95 281.182 435.557 906.49 482.948 283.101 277.67 319.521 294.201 276.174 1566.41 273.845 258.596 683.722 269.685 256.391 252.631 243.329 398.937 1026.87 242.703 637.175 240.351 380.501 1070.03 239.735 568.369 251.527 229.564 453.046 245.316 978.685 318.896 287.499 290.448 223.437 415.903 221.932 217.067 214.161 458.002 213.392 448.462 489.711 213.142 208.135 209.8 207.878 275.484 225.679 206.538 231.501
threshold=0 1 2 3 4 1.0000000180025095e-35 0.24372619390487674 5 6 37.500000000000007 7 8 88.500000000000014 9 10 51.500000000000007 11 93.500000000000014 0.12228051945567132 77.500000000000014 0.081555202603340163 71.500000000000014 0.13882523775100711 0.3903625756502152 36.500000000000007 12 13 14 15 -0.60554069280624379 16 17 59.500000000000007 18 18.500000000000004 19 20 0.048563200980424888 21 57.500000000000007 25.500000000000004 180.00000000000003 69.500000000000014 22 0.24372619390487674 23 0.058227287605404861 24 0.061439437791705138 -0.11692013591527937 25 0.22700754553079608 -0.048362832516431802 10.500000000000002 26 27 28 0.11490825563669206 29 30 0.22560109943151477 31 0.086187265813350691 31.500000000000004 29.500000000000004 0.54219430685043346 -0.081030964851379381 0.058227287605404861 155.00000000000003 32 33 0.80798786878585827 0.063850197941064848 103.50000000000001 10.500000000000002 75.500000000000014 34 35 36 37 86.500000000000014 95.000000000000014 78.500000000000014 38 39 40 0.12953158468008044 0.17540762573480609 41 0.15054184943437579 66.500000000000014 16.500000000000004 42 11.500000000000002 113.00000000000001 43 44 45 76.500000000000014 46 47 -0.16799793392419812 48 74.500000000000014 49 50 0.12412916123867036 49.000000000000007 38.500000000000007 14.500000000000002 0.24372619390487674 51 20.500000000000004 52 59.500000000000007 7.5000000000000009 53 75.500000000000014 54 65.500000000000014 0.96461459994316112 40.500000000000007 55 -0.87397405505180348 0.10837544873356821 117.50000000000001
decision_type=9 9 9 9 9 2 2 9 9 2 9 9 2 9 9 2 9 2 10 2 8 2 10 2 2 9 9 9 1 2 9 9 2 9 2 9 9 10 9 2 2 2 2 9 2 9 10 9 8 2 9 2 2 2 9 9 9 8 9 9 10 1 10 2 2 2 10 10 2 9 9 2 8 2 2 2 9 9 9 9 2 2 2 9 9 9 10 10 9 10 2 2 9 2 2 9 9 9 2 9 9 2 1 2 9 9 10 2 2 2 2 9 2 9 2 2 9 2 9 2 2 2 9 2 2 2
left_child=5 3 11 37 9 6 8 12 90 43 -8 71 32 14 28 -16 21 19 29 51 67 42 23 24 38 26 50 -28 65 30 -9 -26 34 -34 35 36 -7 -2 40 85 -5 68 -17 44 -4 -35 74 -24 -27 -18 -25 52 96 -54 -13 56 -31 58 -57 -59 -20 62 -14 64 -53 -6 -67 -19 69 70 -22 109 -58 -72 -47 76 78 -78 111 -77 82 -82 121 -84 -85 -10 87 94 -88 -36 91 92 -1 -94 -61 -96 -15 98 -98 100 -50 -102 104 -104 105 107 -107 108 -74 110 -3 -12 -29 -93 -115 116 117 -95 -106 -41 -121 122 -56 -124 -40 -126
right_child=1 2 4 22 13 7 10 18 39 -11 75 54 61 17 15 16 49 20 60 -21 41 -23 47 25 31 48 27 112 -30 55 -32 -33 33 45 89 -37 -38 -39 124 119 -42 -43 -44 -45 -46 46 -48 -49 99 -51 -52 63 53 -55 80 57 72 59 -60 86 -62 -63 -64 -65 -66 66 -68 -69 -70 -71 73 -73 102 -75 -76 79 77 -79 -80 -81 81 -83 83 84 -86 -87 88 -89 -90 -91 -92 113 93 115 95 -97 97 -99 -100 -101 101 -103 103 -105 118 106 -108 -109 -110 -111 -112 -113 -114 114 -116 -117 -118 -119 -120 120 -122 -123 123 -125 125 -127
leaf_value=0.0090888947937852113 0.0099245286737890542 0.021125018679420463 -0.0079319936037063592 0.00191664789116196 -0.0059303054986913854 -0.097233849396027736 0.000977045387610051 -0.016886080826869803 0.0059823381259619087 -0.0068524985870783307 0.01257581968600292 0.0029860620931271339 -0.029904140395793099 -0.0031078253630385556 -0.13177850617707229 -0.023193227445056492 -0.12860592796252324 -0.008509365102914522 -0.012478520719587428 0.015958394541353445 -0.014705331331750263 -0.013220663286234372 0.011380092066699548 0.0045942321909238351 0.0016509610890739629 0.0086198859994598212 -0.0056652423745104574 -0.056059899182627285 0.014780427190451507 0.018599940905435732 -0.0072157207730839199 -0.0034822219800984214 0.0023994525612435454 -0.016038694653080054 -0.0082577259455021944 -0.014503616141976221 -0.023502962463530064 0.022446522617046154 0.0032478004356709667 -0.011458199403006212 0.010246050399869476 -0.057897306807482687 -0.053116953854656937 -0.083488429178155452 -0.077162345423518366 -0.017271423098802686 -0.060853479276859884 0.0020512571153944205 0.010890066308570836 -0.050373942259555826 -0.013385444230368438 -0.015100724059186622 -0.036948603211298121 -0.0069975784186078228 -0.01943863635969692 0.00083090941106479528 0.0062648194333775808 -0.013612974258698254 -0.064887259463021985 -0.0030900846766698698 -0.032122225584728659 0.0073050174211774536 -0.0048361451881271111 -0.0073007703978564889 -0.07899080316101352 -0.03536671248980286 -0.0043839911264142569 0.010118309415670653 0.010027068398182293 -0.013589134485680795 -0.087733447776807763 0.0314946884612416 -0.017512251194698125 -0.042568023453912682 -0.031611095912693163 -0.038057677804369146 -0.0065736090629962777 -0.026895919893558523 -0.014413117943227551 -0.012287482706638507 0.012185029678582818 -0.00052910224397985795 -0.0048204456223992333 -0.0098341883095607006 -0.099173595928448696 0.00020979510518521609 0.016169523043970072 -0.070654825741729252 -0.001341009811624077 0.017193055974671967 -0.019793556507494578 0.0020690709746986891 -0.0053578554397376412 -0.059478461940595806 -0.030727264463377375 0.0021219209734884624 0.0018650602045242924 0.014147531315947098 -0.091021415000244715 -0.0018540959505001045 -0.035683695850686294 -0.0024937389422169955 -0.010832361071213348 0.020295080754136951 -0.017437100791774636 0.01103494599764704 -0.036227531680809472 -0.010426880052125147 -0.062253874551162727 0.017290593910240373 -0.034060297852293364 -0.003263107894971216 -0.031339013771488976 -0.0049343441401880853 -0.033189345297126222 -0.060235805803349293 -0.0701221584177322 0.015032298400417551 -0.0064912170726745284 -0.0097423624374917226 -0.00012398132583431838 0.0018276164776152438 0.0045321605949785355 -0.0061130026738476298 -0.0027136349252286454 0.015652460136432754
leaf_weight=575 17575 239 188 8365 4942 203 5276 5990 13494 355 1076 22251 590 6260 130 1175 116 2631 3107 1197 1996 4800 6065 2340 22099 2959 3260 391 934 2468 16137 46701 1127 11251 9638 2403 428 2834 27696 2247 13289 201 586 440 143 2817 300 10601 548 103 1776 2060 410 8037 1056 396 2242 4932 485 7993 1114 1767 3347 7250 195 812 610 1123 384 6679 285 857 282 237 2288 737 4218 3743 3354 860 2081 12222 2460 1470 191 16365 934 146 4871 369 1447 3257 1834 120 1064 1056 2063 2399 117 25166 773 280 799 887 1811 3144 133 900 244 1070 251 2966 1795 6116 563 411 165 230 13947 2432 12668 6571 2426 6855 10321 656
leaf_count=575 17575 239 188 8365 4942 203 5276 5990 13494 355 1076 22251 590 6260 130 1175 116 2631 3107 1197 1996 4800 6065 2340 22099 2959 3260 391 934 2468 16137 46701 1127 11251 9638 2403 428 2834 27696 2247 13289 201 586 440 143 2817 300 10601 548 103 1776 2060 410 8037 1056 396 2242 4932 485 7993 1114 1767 3347 7250 195 812 610 1123 384 6679 285 857 282 237 2288 737 4218 3743 3354 860 2081 12222 2460 1470 191 16365 934 146 4871 369 1447 3257 1834 120 1064 1056 2063 2399 117 25166 773 280 799 887 1811 3144 133 900 244 1070 251 2966 1795 6116 563 411 165 230 13947 2432 12668 6571 2426 6855 10321 656
internal_value=-0.00294512 -0.000809021 -0.00451221 0.00133308 -0.0098119 -0.00648388 -0.00344971 -0.00877217 -0.00134025 -0.0467642 -0.00932551 0.000687462 -0.01307 -0.00909209 -0.0145159 -0.0230423 -0.0209723 -0.00731623 -0.00667846 -0.00480648 -0.012881 -0.0185525 0.000193844 -0.000326777 0.000761057 -0.00390206 -0.0114813 -0.0177371 -0.00642024 -0.00602447 -0.00984512 -0.00183368 -0.0148131 -0.0178387 -0.0106864 -0.0217916 -0.0484826 0.0116586 0.00372021 0.000703034 0.00702537 -0.016697 -0.0331753 -0.0651086 -0.0368729 -0.019198 -0.0257285 0.00545469 -0.0014594 -0.0881991 -0.00317876 -0.00567032 -0.00330363 -0.00845554 -1.34079e-05 -0.00428959 -0.00196501 -0.00713896 -0.0361065 -0.00592521 -0.0176692 -0.00367213 -0.00859948 -0.0104716 -0.0206582 -0.00954364 -0.0220884 -0.00293573 -0.0158267 -0.0169072 -0.0256993 0.0173095 -0.00404752 -0.0660843 -0.0237032 -0.0125247 -0.0112848 -0.0161524 -0.00601384 -0.0245116 -0.00190272 0.00132145 -0.00409653 -0.0112831 -0.0206923 0.00282073 -0.00355351 -0.00641872 0.0015042 -0.00731762 -0.00788853 -0.00659502 -0.0136057 -0.018302 -0.00548446 -0.0145062 0.000711747 0.00592691 -0.00314516 -0.00257445 -0.0137918 -0.0266165 -0.0050917 0.00554602 -0.00596849 5.25309e-05 0.00907859 -0.0206004 -0.0383457 0.00961245 -0.00715517 0.000975979 -0.0356215 -0.00424076 -0.00730974 -0.0441026 -0.0311355 -0.010317 -0.00776047 -0.00294166 -0.00167366 -0.00234438 -0.00499635 -0.00332665 0.00186712 -0.00161473
internal_weight=520112 324348 118858 205490 58858 195764 84154 111610 61924 1126 22230 60000 36528 57732 14208 6910 6780 43524 75082 29988 13536 6561 185081 168415 129127 39288 9562 5446 7298 70861 22127 68800 30824 17783 13041 3034 631 20409 60327 47206 21654 9782 1761 771 331 16656 5405 16666 29726 219 4116 28791 19286 8447 57583 48734 26857 21877 881 20996 4221 5704 3937 9505 2255 6364 1422 3754 9581 9197 2518 2417 24389 522 5105 16954 15357 7961 7396 1597 35332 14303 21029 4121 1661 29859 16064 10259 5805 10007 14718 13271 3335 2760 10113 2120 10839 4579 2180 26767 1601 1053 22147 1686 20461 4703 3277 1426 526 1560 490 4042 2186 9936 6679 926 515 350 15758 17347 15100 16908 10337 9281 38673 10977
internal_count=520112 324348 118858 205490 58858 195764 84154 111610 61924 1126 22230 60000 36528 57732 14208 6910 6780 43524 75082 29988 13536 6561 185081 168415 129127 39288 9562 5446 7298 70861 22127 68800 30824 17783 13041 3034 631 20409 60327 47206 21654 9782 1761 771 331 16656 5405 16666 29726 219 4116 28791 19286 8447 57583 48734 26857 21877 881 20996 4221 5704 3937 9505 2255 6364 1422 3754 9581 9197 2518 2417 24389 522 5105 16954 15357 7961 7396 1597 35332 14303 21029 4121 1661 29859 16064 10259 5805 10007 14718 13271 3335 2760 10113 2120 10839 4579 2180 26767 1601 1053 22147 1686 20461 4703 3277 1426 526 1560 490 4042 2186 9936 6679 926 515 350 15758 17347 15100 16908 10337 9281 38673 10977
cat_boundaries=0 2 3 5 7 8 10 12 14 16 18 19 20 22 23 24 25 27 29 30 31 32 34 35 36 38 40 42 43 44 46 47 48 49 50 51 53 55 56 57 58 60 62 63 64 65 66 67 68 69 70 71 72 73 74 76 78
cat_threshold=305710121 10581 6 226758740 1194 4194326 2 2 33571881 2112 269008896 64 2622497 2368 0 2 2 4608 8 1 1166151680 512 2 1090519040 2 2621440 16 201728704 640 8 4 1024 2282029056 21000 8 6 537004032 1024 75628544 512 84148288 40 3 4 269484032 4 3145728 2 1 1 10 16392 21 34635776 8196 8 8 1 33555488 2064 268959744 1 9 4 541131392 8 66176 4 2 1 524288 2 3 2 0 1 0 128
is_linear=0
shrinkage=0.03


Tree=28
num_leaves=127
num_cat=47
split_feature=0 5 5 5 5 5 12 30 11 12 12 5 0 5 5 5 5 2 5 0 27 5 31 25 5 0 0 27 25 0 2 0 5 5 0 25 0 0 27 25 27 25 2 5 5 27 27 5 5 29 27 0 5 30 20 0 4 0 25 5 25 11 12 11 27 4 27 25 5 27 5 25 29 27 5 2 27 11 27 5 0 25 25 27 27 5 0 0 5 3 27 5 5 0 25 5 0 5 0 5 5 25 27 5 27 27 31 0 25 8 2 5 4 0 27 27 5 25 5 11 5 32 0 23 31 0
split_gain=7582.98 3895.47 3049.77 1776.89 1548.18 1408.63 1113.53 1038.43 1471.97 1947.11 958.83 955.107 923.981 1654.35 1485.59 892.416 758.635 728.21 693.55 653.427 701.191 1166.16 651.769 678.132 642.221 693.729 589.194 558.223 546.351 500.005 497.112 850.93 1475.65 709.211 760.793 495.472 907.931 2679.73 644.492 628.273 639.277 570.993 482.705 940.167 817.716 482.046 469.945 1285.65 500.486 901.061 536.612 462.289 647.685 458.952 458.368 426.46 699.442 1765.64 913.029 421.75 651.996 416.351 380.503 380.494 385.694 377.387 369.906 1089.3 437.665 486.411 670.152 421.565 369.857 368.188 681.344 421.461 365.099 467.286 364.455 364.03 357.779 344.681 753.155 338.437 334.036 384.968 563.796 520.311 333.202 331.746 327.578 833.659 454.764 443.051 593.591 531.719 394.731 1344.76 730.619 1049.98 438.809 378.491 562.797 338.208 331.371 327.551 323.97 322.649 374.016 314.033 298.669 293.882 292.862 305.018 436.255 313.011 292.273 290.61 1142.22 387.902 287.668 284.376 280.202 279.179 296.714 394.706
threshold=13030.000000000002 0 1 2 3 4 -0.099822327494621263 0.17508070915937426 0.3903625756502152 -0.41399101912975306 -0.25206183642148966 5 180.00000000000003 6 7 8 9 10 11 325.00000000000006 0.059944719076156623 12 0.086168900132179274 50.500000000000007 13 325.00000000000006 6250.0000000000009 0.059944719076156623 117.50000000000001 155.00000000000003 14 715.00000000000011 15 16 1615.0000000000002 49.000000000000007 950.00000000000011 615.00000000000011 0.098019190132617964 59.500000000000007 0.055219287052750594 38.500000000000007 17 18 19 0.058047603815793998 0.058047603815793998 20 21 0.11081358045339586 0.16058247536420825 155.00000000000003 22 0.10226471349596979 88.500000000000014 325.00000000000006 23 950.00000000000011 17.500000000000004 24 26.500000000000004 0.2603727281093598 0.071972697973251357 0.24372619390487674 0.092709075659513487 25 0.095947422087192549 76.500000000000014 26 0.058846931904554374 27 77.500000000000014 0.040852611884474761 0.16058247536420825 28 29 0.15550526976585391 -0.24372956901788709 0.060448419302701957 30 325.00000000000006 77.500000000000014 88.500000000000014 0.086274277418851866 0.086274277418851866 31 950.00000000000011 615.00000000000011 32 33 0.07936600968241693 34 35 155.00000000000003 16.500000000000004 36 225.00000000000003 37 135.00000000000003 38 39 67.500000000000014 0.051913643255829818 40 0.059393314644694335 0.07936600968241693 0.062614444643259062 1560.0000000000002 23.500000000000004 8.5000000000000018 41 42 43 950.00000000000011 0.095947422087192549 0.11368945986032487 44 71.500000000000014 45 0.24372619390487674 46 0.21750915795564654 155.00000000000003 0.051437802612781532 0.056653732433915145 325.00000000000006
decision_type=2 9 9 9 9 9 2 10 2 2 2 9 2 9 9 9 9 9 9 2 2 9 8 2 9 2 2 2 2 2 9 2 9 9 2 2 2 2 2 2 2 2 9 9 9 2 2 9 9 8 2 2 9 10 2 2 9 2 2 9 2 2 2 2 2 9 2 2 9 2 9 2 8 2 9 9 2 2 2 9 2 2 2 2 2 9 2 2 9 1 2 9 9 2 2 9 2 9 2 9 9 2 2 9 2 2 10 2 2 2 9 9 9 2 2 2 9 2 9 2 9 10 2 8 8 2
left_child=1 3 -2 53 6 22 11 8 9 16 15 -3 13 29 -14 -10 30 24 120 90 21 121 -4 62 25 27 28 -8 46 117 80 32 -32 63 83 36 37 41 -39 -37 89 -20 44 112 -17 -27 47 -16 50 -50 109 59 -53 -1 -36 105 57 58 -57 60 -15 -52 -24 64 -33 -49 68 -68 -18 70 -70 -69 -54 74 78 -76 77 -25 -45 110 -6 -26 123 -35 85 -58 87 -87 -7 -41 96 -92 -93 95 -95 -94 98 101 99 -11 -100 104 -103 -102 -98 -13 -9 108 -86 -48 -22 -96 113 -44 -115 -116 -99 118 -5 -120 -19 -21 -91 -83 -125 -126
right_child=2 4 5 12 7 88 17 106 10 19 -12 55 14 51 26 42 66 18 35 20 79 -23 23 76 81 45 -28 -29 -30 -31 31 33 -34 34 54 39 -38 38 -40 40 -42 -43 43 73 -46 -47 48 65 49 -51 61 52 72 -55 -56 56 84 -59 -60 -61 -62 -63 -64 -65 -66 -67 67 71 69 -71 -72 -73 -74 -75 75 -77 -78 -79 -80 -81 -82 82 -84 -85 107 86 -88 -89 -90 122 91 92 93 94 111 -97 97 116 100 -101 103 102 -104 -105 -106 -107 -108 -109 -110 -111 -112 -113 -114 114 115 -117 -118 -119 119 -121 -122 -123 -124 124 125 -127
leaf_value=0.010953210593794 -0.13576011975510069 0.003991935796884216 -0.011805431669249255 -0.0067693028573901758 -0.0018816619013017942 -0.033714698341950261 -0.00050274617437776373 0.0092579248504510644 -0.0032805334769278015 -0.069551270627256093 -0.00488513565078867 0.0048451670700214011 0.010029628887710432 -0.084847887403689884 -0.013381415223059495 0.005966974323107747 0.012856365813942162 0.01685650645537139 -0.01330766380215943 -0.0046889850081853488 0.003975206423446999 0.0098225631209962264 -0.0042582789063453667 -0.041681010776095921 -0.003111905702327957 -0.10216662183315796 -0.071977723069710314 -0.063599601066498854 0.01317474263051463 -0.02070235113593364 -0.0015719592184036968 -0.017126702203190184 -0.026587504037945107 0.015543920911496636 -0.0042029939910931749 -0.00023016934892688241 0.0085256406033327892 -0.14245280017023501 -0.070097528839964535 -0.061367421633713733 -0.016251608940990276 -0.061357509055719621 -0.073841868448393189 -0.019667912689715759 -0.01871099324122661 -0.025568097402105357 0.012458084617976409 0.022580252789374852 -0.081079785594114703 0.00018811065901121941 -0.0014087893520538673 0.021018139002073211 0.030984587396285741 0.027635776677906749 -0.091718140900708164 -0.093749370537306129 0.016284935416698672 0.022832940474501424 -0.010868162896314806 -0.0018836843533816239 -0.013033818446983906 -0.082497448779894997 -0.069627267920545174 -0.026089026510388875 -0.00029846273234725808 0.0011882268211633742 0.001452849345922404 -0.09594090425904761 0.0099871141034676182 0.0067345944652552909 -0.017444261947121079 -0.019907825764417648 0.00068844063900440702 -0.0061670028952918775 -0.023885917957731019 -0.059380406557142988 -0.13754530064453035 -0.12762389589064191 0.0034108987083755148 -0.0057088483676554537 0.0099667705363486302 0.013984133423642908 -0.0021955325171890282 0.0029869585615708437 0.0029239948314956888 -0.0081000108233850523 0.016342309012389877 -0.053009267941374207 0.014918685617227445 -0.0028713939695506709 -0.0049015245253682246 -0.082930184552010067 -0.057292072434837998 -0.09105088119571754 -0.044981327778333503 -0.00019845943656039307 -0.024656690669895398 0.0021191303152670172 0.01612240998635027 -0.0078132492988719684 -0.036815966996946371 -0.010050235695841165 -0.038394330809621825 0.00087952512629049101 -0.0049449189630422496 -0.017675644349811007 0.00060091230116261936 0.01363982770013727 -0.014586798760038745 0.0032501521406369379 -0.005184136390377958 -0.0082434961482237886 -0.060362897554405638 0.021295311651001236 -0.055325999663085552 -0.017399627632860626 -0.0077049430260667223 -0.00038277393497709639 -0.011458950283203092 -0.077800049733406484 -0.0098167011298208144 -0.026101605802283535 -0.043596512422664088 -0.040331965265248501 -0.030416436476774677 -0.011241945871576784
leaf_weight=5367 402 10699 169 2844 4068 187 571 6591 6540 250 38881 3550 16860 129 7805 2039 7530 365 1397 6705 7157 8598 125 134 15662 168 100 161 2981 4841 5794 1678 3344 2350 100 1927 444 206 247 428 8394 264 140 1120 2948 133 5624 809 122 71506 122 1836 375 2052 116 379 911 298 175 10688 917 106 223 863 4541 8870 7483 140 1353 12807 1939 124 10225 2396 4341 326 168 100 1366 55477 5257 234 5439 10837 1270 2109 780 260 342 256 2890 130 171 169 460 770 1439 4473 1919 5205 215 931 1958 4103 1645 694 9494 455 8081 8185 5783 365 509 145 369 419 6960 2676 107 310 14290 608 374 548 1379 3230
leaf_count=5367 402 10699 169 2844 4068 187 571 6591 6540 250 38881 3550 16860 129 7805 2039 7530 365 1397 6705 7157 8598 125 134 15662 168 100 161 2981 4841 5794 1678 3344 2350 100 1927 444 206 247 428 8394 264 140 1120 2948 133 5624 809 122 71506 122 1836 375 2052 116 379 911 298 175 10688 917 106 223 863 4541 8870 7483 140 1353 12807 1939 124 10225 2396 4341 326 168 100 1366 55477 5257 234 5439 10837 1270 2109 780 260 342 256 2890 130 171 169 460 770 1439 4473 1919 5205 215 931 1958 4103 1645 694 9494 455 8081 8185 5783 365 509 145 369 419 6960 2676 107 310 14290 608 374 548 1379 3230
internal_value=-0.00280187 -0.00258509 -0.0634145 0.00121171 -0.00436914 -0.0420228 -0.00787447 -0.00323988 -0.00371493 -0.00240098 -0.00774398 -0.00317372 0.000537592 -0.0037673 0.00175991 -0.0126493 0.0015528 -0.0103604 -0.0137147 -0.00474971 -0.00333329 0.00233926 -0.0644108 -0.0770908 -0.00686817 -0.0299646 0.000446337 -0.0144484 0.000515298 -0.0135346 -0.0012441 -0.00314563 -0.010759 0.000249371 0.00430602 -0.0185138 -0.0304579 -0.0386458 -0.103242 -0.0158426 -0.0190252 -0.020977 -0.0164381 -0.0199243 -0.00863016 -0.0685175 0.000149317 -0.00433276 0.00106414 4.85548e-05 0.0062416 0.000593933 0.00462416 0.0155495 -0.0514079 -0.00721513 -0.00963471 -0.0360029 -0.0676352 -0.00367693 -0.0217552 -0.0393035 -0.0462265 -0.00742313 -0.00484105 0.00297531 0.00502341 -0.000663787 0.00689008 0.00408832 -0.0061931 -0.0604383 0.0017614 -0.0163316 -0.0197579 -0.0264991 -0.103628 -0.0787955 -0.00696237 -0.00465251 0.00479314 -0.00595551 -0.0100727 0.00522569 -0.00801202 -0.000775274 -0.00574782 -0.0130491 -0.00260966 -0.0409946 -0.00825709 -0.0153872 -0.0298843 -0.0258718 -0.0399642 -0.0112337 -0.00704244 -0.00990609 -0.00277881 -0.0107967 0.0042344 -0.0214282 -0.0292669 -0.00108617 -0.0141475 0.00115916 0.00414857 -0.0110079 -0.0122085 0.0070009 -0.000119111 -0.0294016 -0.0413472 -0.0326639 -0.0264126 -0.0352072 -0.00386307 -0.00771041 -0.0137216 -0.0594238 -0.00914023 -0.00646371 -0.0270787 -0.0180181 -0.0194726 -0.0169843
internal_weight=519414 517564 1850 165457 352107 1448 85778 266329 250244 188705 61539 29661 158038 34948 123090 22658 70324 56117 28592 118381 84328 15911 919 750 27525 1033 106230 732 106130 10778 38948 29623 9138 20485 13403 13937 2558 2114 453 11379 9452 1661 16118 11131 4987 301 103149 17484 85665 71628 14037 24170 12436 7419 216 18962 14718 852 554 11734 1046 228 348 7082 6219 9679 31376 7747 23629 16099 3292 264 10600 9549 7153 4667 402 234 2486 68417 9325 26492 10830 13187 13866 4060 3149 2369 529 1058 34053 4955 2065 1935 994 941 29098 17406 11692 5455 6237 5973 2889 4318 3084 4244 16085 9806 9351 13809 12940 825 1582 1073 933 788 11433 5937 3261 417 14655 7313 630 5391 5157 4609
internal_count=519414 517564 1850 165457 352107 1448 85778 266329 250244 188705 61539 29661 158038 34948 123090 22658 70324 56117 28592 118381 84328 15911 919 750 27525 1033 106230 732 106130 10778 38948 29623 9138 20485 13403 13937 2558 2114 453 11379 9452 1661 16118 11131 4987 301 103149 17484 85665 71628 14037 24170 12436 7419 216 18962 14718 852 554 11734 1046 228 348 7082 6219 9679 31376 7747 23629 16099 3292 264 10600 9549 7153 4667 402 234 2486 68417 9325 26492 10830 13187 13866 4060 3149 2369 529 1058 34053 4955 2065 1935 994 941 29098 17406 11692 5455 6237 5973 2889 4318 3084 4244 16085 9806 9351 13809 12940 825 1582 1073 933 788 11433 5937 3261 417 14655 7313 630 5391 5157 4609
cat_boundaries=0 2 4 6 8 10 12 13 14 16 18 19 21 23 24 25 27 29 30 32 34 36 38 39 40 41 42 44 46 48 49 51 52 54 55 57 59 61 63 65 67 69 70 72 73 75 76 77
cat_threshold=2638494294 170 268435458 8192 16 2 574505 2112 35127296 4 1057 2048 4194818 4194310 538968192 17664 547553408 261 10 49161 64 2097152 29440 33 2 65664 261 131072 4 2 131072 512 9568256 8708 16781824 128 8704 8 6208 1 10240 4 1073741824 24576 1048576 1536 1073807360 4113 12 65664 4865 32768 536870912 2048 2 1109393536 16385 131072 4096 0 528 44040192 17 0 512 1117782016 17 196608 4096 4 8388608 1024 1 131200 1536 4194816 1
is_linear=0
shrinkage=0.03


Tree=29
num_leaves=127
num_cat=32
split_feature=0 5 5 5 2 5 27 0 27 0 5 25 27 0 0 12 5 11 31 0 12 12 5 25 5 5 21 27 0 26 23 25 25 0 0 0 4 5 25 0 11 25 27 25 27 25 0 5 13 25 25 13 5 25 27 5 0 25 0 0 21 5 0 27 0 5 25 23 5 27 25 30 27 5 23 23 25 0 25 23 27 25 0 25 27 0 4 5 4 27 5 25 25 5 25 5 0 5 0 25 27 5 0 25 0 5 4 0 11 27 21 27 4 13 31 25 23 5 0 25 23 5 25 12 27 25
split_gain=7567.25 3796.91 3013.07 1833.49 1411.74 1368.63 1236.26 1096.57 1781.82 2235.03 1233.27 915.705 889.144 819.231 1143.88 767.103 724.431 718.196 1468.52 1225.82 914.553 715.157 916.435 707.308 685.465 660.989 1128.22 1282.42 638.093 611.782 599.895 560.528 554.171 552.086 539.538 3513.75 1132.56 1056.82 821.472 2538.46 762.375 751.04 550.271 536.166 516.215 508.522 482.571 1395.76 802.942 557.324 534.93 481.484 474.14 454.258 448.956 1030.87 474.568 1090.89 440.185 425.615 607.677 412.338 644.556 576.958 411.476 763.708 539.753 410.404 401.734 397.308 420.25 390.802 458.597 1620.34 1085.37 374.724 367.058 1007.8 1300.88 707.698 570.134 495.926 838.824 721.375 710.877 580.469 460.984 358.665 351.525 347.505 610.476 456.664 555.596 343.863 587.508 342.888 468.767 2030.27 396.478 383.207 381.109 349.029 342.452 367.378 342.146 939.837 578.804 522.025 515.281 525.924 435.478 344.053 1233.21 363.396 341.294 339.443 455.44 339.203 913.426 781.844 331.606 453.797 328.686 328.521 327.103 503.345
threshold=13030.000000000002 0 1 2 3 4 0.14952706545591357 325.00000000000006 0.095947422087192549 475.00000000000006 5 19.500000000000004 0.1575826704502106 1615.0000000000002 1940.0000000000002 0.071972697973251357 6 0.24372619390487674 0.098716270178556456 90.000000000000014 -0.42958799004554743 0.020426410250365738 7 18.500000000000004 8 9 0.089121334254741683 0.058846931904554374 1255.0000000000002 0.0042278021574020394 0.098541021347045912 99.000000000000014 99.000000000000014 1280.0000000000002 950.00000000000011 850.00000000000011 10 11 49.000000000000007 615.00000000000011 -0.43733984231948847 113.00000000000001 0.098019190132617964 59.500000000000007 0.055219287052750594 38.500000000000007 110.00000000000001 12 40.500000000000007 97.500000000000014 72.500000000000014 20.500000000000004 13 107.50000000000001 0.07936600968241693 14 155.00000000000003 16.500000000000004 1940.0000000000002 1410.0000000000002 0.046407744288444526 15 325.00000000000006 0.053263295441865928 715.00000000000011 16 73.500000000000014 0.038110742345452316 17 0.07936600968241693 11.500000000000002 0.086054746061563506 0.059944719076156623 18 0.07194120436906816 0.051437802612781532 84.500000000000014 1280.0000000000002 102.50000000000001 0.10130250453948976 0.14500886201858523 100.50000000000001 715.00000000000011 101.50000000000001 0.11874964460730554 1225.0000000000002 19 20 21 0.10038758814334871 22 90.500000000000014 75.500000000000014 23 58.500000000000007 24 180.00000000000003 25 225.00000000000003 18.500000000000004 0.053263295441865928 26 155.00000000000003 67.500000000000014 950.00000000000011 27 28 850.00000000000011 0.24372619390487674 0.08212983608245851 0.10722555592656137 0.092709075659513487 29 39.500000000000007 0.055561197921633727 130.50000000000003 0.098541021347045912 30 325.00000000000006 69.500000000000014 0.054210091009736068 31 51.500000000000007 0.91159215569496166 0.069445703178644194 103.50000000000001
decision_type=2 9 9 9 9 9 2 2 2 2 9 2 2 2 2 2 9 2 8 2 2 2 9 2 9 9 8 2 2 8 8 2 2 2 2 2 9 9 2 2 2 2 2 2 2 2 2 9 2 2 2 2 9 2 2 9 2 2 2 2 8 9 2 2 2 9 2 10 9 2 2 8 2 9 8 8 2 2 2 8 2 2 2 2 2 2 9 9 9 2 9 2 2 9 2 9 2 9 2 2 2 9 2 2 2 9 9 2 2 2 10 2 9 2 8 2 10 9 2 2 10 9 2 2 2 2
left_child=1 5 12 4 21 69 53 25 16 -10 11 23 15 33 -15 -2 32 20 59 -20 52 22 -3 -11 -23 46 67 30 61 -13 -28 54 104 87 35 36 -26 41 39 45 -37 -36 -41 -40 88 -38 47 48 -5 50 -48 -14 -7 -4 -29 -56 -57 -58 -22 68 -61 62 -6 -64 66 114 -18 -27 -19 70 -1 120 73 -73 -74 -68 80 81 -79 -80 -31 84 83 -83 -78 -84 -85 -12 -45 90 -76 92 -92 94 122 96 97 123 99 -97 -100 -98 103 -46 105 -9 108 110 109 -106 111 113 -113 -107 -66 116 -104 -21 119 -119 -63 -122 -91 -32 -49 -126
right_child=2 3 6 7 28 17 -8 8 9 10 13 29 51 14 -16 -17 64 18 19 117 58 24 -24 -25 34 26 27 31 -30 76 95 -33 -34 -35 37 40 38 -39 43 42 -42 -43 -44 44 102 -47 49 124 -50 -51 -52 -53 -54 -55 55 56 57 -59 -60 60 -62 71 63 -65 65 -67 75 -69 -70 -71 -72 72 74 -75 89 -77 77 78 79 -81 -82 82 85 86 -86 -87 -88 -89 -90 93 91 -93 -94 -95 -96 98 101 -99 100 -101 -102 -103 115 -105 106 107 -108 -109 -110 -111 -112 112 -114 -115 -116 -117 -118 118 -120 -121 121 -123 -124 -125 125 -127
leaf_value=0.0095069960013328646 -0.15162704058444304 0.002347150157761328 -0.039905764352636951 -0.025101036863009817 -0.0069527017494891673 0.014853126445628195 0.0060418614324401409 0.0088499991061525528 -0.13051055110345677 -0.015238756944390038 0.011671997555451605 -0.050888789295825701 -0.013690447436542961 -0.10863332176933417 -0.0099940408030395316 -0.085566844768720132 0.0048084294785104035 0.01015885435879758 -0.056611706495879509 -0.003060169154796693 0.00062401095368677629 -0.0079036233179426429 -0.010426815702764243 -0.06095728182217356 0.013941753470545082 -0.010250535026921 -0.0015817227136779657 -0.00067211284577777745 0.010616617870428974 -0.0074379722717161211 -0.10982874990430118 -0.032081609224647589 0.0051560465121920683 0.018910121349766339 -0.0083781155705573013 -0.068302431396441529 -0.01283928927378185 0.011058926354072428 -0.00018277905808465649 -0.13857749227267591 -0.16086593325281964 -0.030232669699170579 -0.070527231748523697 -0.06098331147275847 -0.016144054594298275 -0.057779029194869422 -0.0012572548343470135 -0.0032083243859091959 -0.10878795359223921 -0.0064883247435361373 0.0089434377663570406 -0.10173651978521063 0.0052986112079951384 -0.10377106923323411 -0.082378260596938757 0.0033427215858199402 -0.088898721193639382 -0.011108724633969969 -0.055975090858917081 -0.089415102030549726 -0.0066209371824498282 0.0033248211977271627 -0.098915652444091021 -0.021277592340811679 0.019324514881434465 0.0091801400441910118 -0.031197175793349744 0.0075188643632962109 0.00078654258434716516 0.0025720649583673432 0.026054977303832664 0.018361431397151049 -0.08682167403399943 -0.0035520045648379252 0.013292257767800885 -0.00099157392422952791 -0.013100131782740377 0.0089107396384143622 -0.043776687075038852 -0.12675591690486734 0.0022227188273578275 -0.082307920830642894 0.0064820977591126703 0.014018599419802479 -0.061322442902665995 -0.0093076869401715456 -0.028819853872091059 -0.0015397710399307669 -0.025240791000898311 -0.010558488886187427 -0.010579073790745974 0.02551691253428106 -0.031498358664163652 -0.0014971554618863048 0.0094477269950137364 -0.034871378347277993 -0.00095433571773059658 -0.012332381752025168 -0.020899923670091278 -0.0082365973419765044 -0.037927068456992057 -0.015657680320815926 -0.024650230481973016 0.0097596681055639473 0.0076025208111880167 -0.00020461456347823642 0.001267410238842409 0.053447050876754651 -0.024005069101072852 -0.0136153103382814 -0.020567783118623423 0.024613390432172259 -0.055742402772222636 -0.0092055907486556423 -0.013320710514577895 -0.04512354660337 -0.0009963550260021852 -0.019733375192007744 -0.0061046926739037862 -0.065294779620894583 -0.05812279039450239 -0.012685152452448082 -0.04888666839498549 -0.045137321052169145 -0.011694321910463197 -0.077708321334881203
leaf_weight=2493 361 7238 287 232 734 5960 509 6084 126 789 1940 286 126 147 372 291 23901 5701 487 6164 46241 12665 16748 496 917 1532 2349 12794 2651 23262 258 625 8329 1316 3904 153 1340 1600 1457 200 173 2220 238 418 1429 272 17314 9916 186 11918 6313 100 21783 155 173 1417 185 1274 123 104 333 1133 157 191 333 15954 374 4937 14757 1828 3101 3556 149 20423 787 25870 1014 217 196 177 7199 189 3248 285 377 5901 1083 35502 612 346 4042 242 1593 12232 456 609 2693 1908 3099 2400 1919 3166 2956 751 1509 13285 4155 138 2441 3462 1481 283 435 5798 2106 496 974 1390 4949 448 198 4639 483 100 3702 106
leaf_count=2493 361 7238 287 232 734 5960 509 6084 126 789 1940 286 126 147 372 291 23901 5701 487 6164 46241 12665 16748 496 917 1532 2349 12794 2651 23262 258 625 8329 1316 3904 153 1340 1600 1457 200 173 2220 238 418 1429 272 17314 9916 186 11918 6313 100 21783 155 173 1417 185 1274 123 104 333 1133 157 191 333 15954 374 4937 14757 1828 3101 3556 149 20423 787 25870 1014 217 196 177 7199 189 3248 285 377 5901 1083 35502 612 346 4042 242 1593 12232 456 609 2693 1908 3099 2400 1919 3166 2956 751 1509 13285 4155 138 2441 3462 1481 283 435 5798 2106 496 974 1390 4949 448 198 4639 483 100 3702 106
internal_value=-0.00275742 -0.0025422 -0.0636549 -0.00392134 -0.00720638 0.00224257 -0.0255715 -0.00267141 -0.001429 -0.00475274 -0.00456255 -0.00796847 -0.103362 -0.000682414 -0.0380875 -0.122319 0.000982653 0.00138879 -0.00219796 -0.00993435 0.00305069 -0.0105105 -0.00657558 -0.0329194 -0.0133931 -0.00539931 -0.00819694 -0.010328 -0.00373268 -0.00723138 -0.015748 -0.00423822 -0.00186876 -0.000180737 -0.0168374 -0.0207264 -0.0180938 -0.010621 -0.0207311 -0.0378846 -0.117765 -0.0162776 -0.101845 -0.0168602 -0.0200419 -0.0204533 -0.00306376 -0.00775138 -0.0610534 -0.00119943 0.00146858 -0.0529254 0.00735892 -0.0624857 -0.00313785 -0.0134808 -0.00899162 -0.0210266 0.000472654 0.00277771 -0.026484 -0.00447424 -0.022712 -0.056487 0.0029545 0.0067929 0.00154707 0.00330975 0.00340403 0.0146963 0.0186833 -0.00407599 -0.00310581 -0.000295514 -0.00642034 -0.0014232 -0.00694083 -0.0112283 -0.0494823 -0.0833865 -0.00515481 -0.00935858 -0.0071676 -0.027516 -0.0262044 -0.00370204 -0.0198915 -0.000852224 -0.0397911 -0.00582245 -0.0114286 -0.0147383 -0.0164974 -0.00305792 -0.0177526 -0.017808 -0.0133967 -0.024998 -0.0222266 -0.0136371 -0.0274178 -0.00892918 -0.0169571 -0.00721996 -0.00336686 -0.00154615 -0.00769563 -0.00450131 -0.0127196 -0.00717418 -0.00488167 -0.00370746 -0.02408 -0.00293973 -0.00882137 -0.0217503 -0.0187897 -0.0081749 -0.0127956 -0.0308681 -0.0112817 -0.0147031 -0.0329216 -0.0894431 -0.00607469 -0.0135518
internal_weight=519649 517820 1829 401958 110773 115862 951 291185 200060 84122 83996 44719 878 39277 519 652 115938 108440 34333 13438 74107 56761 23986 1285 32775 91125 41438 34969 54012 43434 18501 16468 47400 38758 20110 12386 12060 7724 11143 2050 326 6124 438 9093 7636 1612 49687 14142 418 35545 23627 226 27743 442 15843 3049 2876 1459 46364 20895 437 51361 1082 348 68538 18393 50145 6469 20458 7422 5594 50279 44309 23979 20330 26244 43148 12687 590 373 30461 12097 10706 1557 1391 9149 1368 37442 1030 20181 6664 5877 5635 13517 1285 16152 8125 2266 8027 3009 5018 5859 6606 2180 39071 27504 11567 21420 7412 4971 21282 19801 718 19083 2439 4426 3930 12951 6787 1838 5970 4837 829 358 13724 3808
internal_count=519649 517820 1829 401958 110773 115862 951 291185 200060 84122 83996 44719 878 39277 519 652 115938 108440 34333 13438 74107 56761 23986 1285 32775 91125 41438 34969 54012 43434 18501 16468 47400 38758 20110 12386 12060 7724 11143 2050 326 6124 438 9093 7636 1612 49687 14142 418 35545 23627 226 27743 442 15843 3049 2876 1459 46364 20895 437 51361 1082 348 68538 18393 50145 6469 20458 7422 5594 50279 44309 23979 20330 26244 43148 12687 590 373 30461 12097 10706 1557 1391 9149 1368 37442 1030 20181 6664 5877 5635 13517 1285 16152 8125 2266 8027 3009 5018 5859 6606 2180 39071 27504 11567 21420 7412 4971 21282 19801 718 19083 2439 4426 3930 12951 6787 1838 5970 4837 829 358 13724 3808
cat_boundaries=0 2 4 6 7 9 11 13 15 16 18 19 21 23 25 27 28 30 31 33 34 35 36 37 38 40 42 44 45 46 47 49 50
cat_threshold=423897174 42 303038466 8192 574505 2116 5 16 2 1712455680 25360 2226126848 4480 1065 2048 49161 1140854912 18304 4 0 2052 0 512 262148 8 131072 4096 1 1073872896 16 406849604 32800 68 1 66048 1 32768 32776 10617344 4096 131072 4096 8519680 4096 2148532224 4 1 134479940 40 32768
is_linear=0
shrinkage=0.03


Tree=30
num_leaves=127
num_cat=18
split_feature=0 11 13 21 13 4 12 0 4 23 0 21 0 12 21 0 21 30 8 2 30 0 17 4 27 3 21 21 30 3 0 2 0 26 2 0 22 0 27 0 2 12 21 26 0 31 0 26 0 4 27 31 31 2 0 4 0 22 31 29 0 23 0 22 12 0 22 21 27 0 0 31 0 27 11 26 23 3 23 0 0 0 0 28 4 0 22 22 23 0 26 28 23 27 26 26 22 0 31 0 0 0 4 0 27 27 4 2 27 0 0 31 27 12 4 0 0 0 23 28 26 30 23 0 29 9
split_gain=6874.36 1542.37 3506.38 2632.84 1035.75 835.883 754.911 724.69 1071.23 807.94 734.092 686.143 647.148 461.979 426.689 416.639 401.961 397.476 317.531 317.273 316.829 311.877 303.83 298.157 290.326 289.794 268.266 592.247 323.805 326.597 318.53 274.28 245.421 243.566 242.278 237.388 233.609 230.762 233.423 207.35 204.308 203.162 202.339 200.575 200.356 201.791 271.251 307.92 353.781 199.75 295.443 198.537 217.969 188.571 187.934 321.418 185.296 413.521 238.281 196.185 184.608 182.386 181.712 190.298 181.465 179.451 171.879 169.415 166.974 162.099 157.832 420.025 156.509 156.111 915.684 155.146 169.146 153.629 163.623 174.826 150.872 218.89 204.137 149.05 148.213 237.004 319.309 143.816 141.986 141.234 341.381 285.49 133.094 131.762 129.927 125.89 125.83 124.423 208.23 123.839 408.371 155.803 120.961 139.117 165.659 132.858 120.104 408.92 169.043 119.53 164 119.455 118.319 118.053 116.808 134.421 195.01 116.173 114.725 219.866 198.064 160.862 114.054 179.374 111.529 111.182
threshold=13030.000000000002 0.3903625756502152 37.500000000000007 0.113277904689312 27.500000000000004 0 -0.72102889418601979 16530.000000000004 1 0.10042453557252885 17950.000000000004 0.081666920334100737 225.00000000000003 0.93769648671150219 0.078528158366680159 325.00000000000006 0.083078928291797652 0.11661468073725702 11.500000000000002 2 0.13269115239381793 1715.0000000000002 8.5000000000000018 3 0.064750330522656455 4 0.04543250426650048 0.061439437791705138 0.065987627953290953 5 1225.0000000000002 6 1560.0000000000002 0.14566303044557574 7 950.00000000000011 0.17266365140676501 45.000000000000007 0.064750330522656455 325.00000000000006 8 -0.048362832516431802 0.058555098250508315 0.35431678593158727 615.00000000000011 0.064253315329551711 1280.0000000000002 0.15386056900024417 1560.0000000000002 9 0.08212983608245851 0.07028501853346826 0.080179151147604003 10 550.00000000000011 11 1560.0000000000002 -1.026416480541229 0.025209763087332252 0.04237759672105313 325.00000000000006 0.032954851165413863 715.00000000000011 -0.46350057423114771 -0.082691941410303102 475.00000000000006 -0.11594646796584128 0.06536221876740457 0.089248880743980422 325.00000000000006 1225.0000000000002 0.038045994937419898 1560.0000000000002 0.1575826704502106 -0.67166441679000843 0.048359790816903121 0.10042453557252885 12 0.10746030509471895 325.00000000000006 1715.0000000000002 2375.0000000000005 1255.0000000000002 0.094471801072359099 13 325.00000000000006 0.082047652453184142 -0.10472935810685156 0.05960375256836415 550.00000000000011 0.012954398989677431 0.15488876402378085 0.12977331131696704 0.061421869322657592 0.0036674396833404903 0.11226299405097963 -0.25256955623626703 615.00000000000011 0.04702571593225003 1280.0000000000002 1410.0000000000002 2375.0000000000005 14 225.00000000000003 0.07936600968241693 0.084925193339586272 15 16 0.14500886201858523 90.000000000000014 155.00000000000003 0.09356460347771646 0.1045757830142975 -0.065537083894014345 17 715.00000000000011 425.00000000000006 325.00000000000006 0.060403937473893173 0.098017837852239623 0.10922185331583024 0.31432922184467321 0.039869789034128196 155.00000000000003 0.048529487103223808 5.5000000000000009
decision_type=2 2 2 8 2 9 2 2 9 8 2 8 2 2 10 2 10 10 2 9 10 2 2 9 2 1 10 10 10 1 2 9 2 10 9 2 10 2 2 2 9 2 10 10 2 10 2 10 2 9 2 10 10 9 2 9 2 10 10 10 2 10 2 10 2 2 10 10 2 2 2 10 2 2 2 8 10 1 8 2 2 2 2 10 9 2 10 10 10 2 8 10 10 2 10 10 10 2 10 2 2 2 9 2 2 2 9 9 2 2 2 10 2 2 9 2 2 2 10 10 10 10 10 2 10 2
left_child=1 2 4 5 11 16 40 -2 9 95 -10 14 -5 73 19 23 33 21 25 42 26 32 -13 93 -8 64 60 61 31 53 87 97 54 -3 -18 68 70 -25 41 51 69 -39 -1 118 84 72 -47 48 -48 50 -44 75 -53 66 55 -14 58 -58 -22 83 -7 -28 63 -51 -17 -26 -30 114 -27 -6 117 -72 -46 74 113 -24 -77 78 79 -57 82 -82 106 -60 -19 86 -86 -31 -35 90 -41 -92 124 -4 -65 -9 -90 98 -29 -66 -101 -102 103 104 -40 -104 107 -42 -108 -95 -111 125 -32 -11 115 116 -61 -33 119 120 -21 -121 123 -55 -69 -91
right_child=7 3 15 12 6 20 24 8 10 13 -12 22 17 -15 -16 18 34 44 -20 43 56 -23 39 37 65 35 27 28 29 30 112 36 -34 88 -36 -37 -38 38 102 89 80 -43 49 -45 45 46 47 -49 -50 62 -52 52 -54 122 -56 77 57 -59 59 67 -62 -63 -64 94 99 -67 -68 92 -70 -71 71 -73 -74 -75 -76 76 -78 -79 -80 -81 81 -83 -84 -85 85 -87 -88 -89 96 111 91 -93 -94 109 -96 -97 -98 -99 -100 100 101 -103 105 -105 -106 -107 108 -109 -110 110 -112 -113 -114 -115 -116 -117 -118 -119 -120 121 -122 -123 -124 -125 -126 -127
leaf_value=0.010877341936118355 -0.12724606103270594 0.02226138390647266 -0.0033203520749036015 -0.017204788678765365 0.004727997888818245 -0.015110883226311565 0.0040707925223732967 -0.054674423683721288 0.0080162305574635034 -0.080977575932074025 -0.0552908180521689 -0.005540707872843411 0.0030415438757413933 -0.030381397334142371 0.016020338283358297 -0.0017367100061827781 0.015009655173747166 -0.0050011399733934344 -0.0011712317105088904 -0.0078019851930879501 0.015119721871151121 -0.048966641715105147 0.0083614480418808673 0.014867893381226295 -0.0051638561109141039 -0.0013400357149257313 -0.0034913363045617736 -0.0041647081566136956 -0.028342015264868622 -0.018227502563095264 -0.074144182696061975 -0.011206449656050889 0.0093872941989351037 -0.0094873356369926647 -0.0044831718704417631 -0.0053453763735535394 0.0072973450567006617 0.0017895768857433447 0.006163755416631795 -0.023601317539738976 0.015157626137416377 -0.0063790516980835711 0.025525084218624903 -0.037124251246638595 -0.017625469216265868 -0.0027987897285805642 -0.080156201263413801 0.0093436806968723723 -0.011751838489061724 -0.0096632741413769652 -0.0074932096032620851 -0.02657831860621182 0.0022677580064183541 0.0001254061166876221 -0.0112829624382996 -0.025118669277029271 -0.067369873932724741 0.0071713663335681334 -0.00079907238302242493 -0.0016089612620889691 0.014486906800123794 0.0078774903745330981 0.0096484682680283863 -0.021695038210055452 -0.0062760397395093702 5.8297776421157985e-05 0.0076947693268506444 -0.013370974869947349 0.0068631059823469351 0.010485529633789278 0.0054887251626096773 -0.052494653397021529 0.012000510960426888 -0.072561652609487853 -0.14156037494489701 -0.0037991757525296377 -0.031224043422919137 -0.014611821508847302 -0.0056800618562302283 -0.0069726236745137173 -0.045620023586080041 0.0033301183818063387 0.020407052254726724 -0.020614863429978415 -0.05765266539958807 0.014365945650272214 0.0086797711598178874 -0.0026363393706601728 0.0045508834699123655 2.7890407383934748e-05 0.0053730650104144365 -0.021672914361702392 -0.022586478455050383 0.033773977873118026 0.00272299154444692 -0.012224590736613781 0.018639333490986204 0.0074866420540870195 0.027786837323661894 0.059094905257225029 0.0037574121949103139 -0.023939500347765572 -0.0081668942339650236 -0.039938067017369953 -0.03608519456632759 -0.014118459253143955 0.0025748934705776853 0.0019884833172086488 0.0093530482082201209 -0.0050435801092512311 0.013533321594594323 -0.01038442387929343 -0.031964625167276932 -0.035458095620558093 0.0070600739646759208 0.0039251750248930767 -0.035095194886576989 -0.0017197458214105671 0.0025266585983347222 -0.044223161178836137 0.0059220462957372821 -0.0025328795967178176 -0.0063382230582784641 -0.030863651195324433 -0.00012479520276353255 -0.0057413604317176114
leaf_weight=3670 136 1867 2916 8387 7485 2568 13094 103 312 108 348 21032 2340 103 2186 10302 737 1123 36243 2802 999 180 943 424 7878 5057 1721 2234 130 1888 101 2410 610 356 2454 6176 1043 3037 211 412 3547 28005 740 149 1656 9008 136 134 136 1737 363 700 355 276 27806 879 114 160 673 531 204 4840 1792 203 55104 23847 1314 599 3998 10690 212 238 177 163 294 11669 205 3315 9601 1048 132 215 710 693 103 1348 175 742 1278 22542 8736 365 255 137 5079 161 1031 3155 199 107 875 230 20696 248 137 4036 28856 5287 3740 811 903 1209 152 102 5073 1575 221 2243 2948 212 1428 137 12001 429 12290 3468
leaf_count=3670 136 1867 2916 8387 7485 2568 13094 103 312 108 348 21032 2340 103 2186 10302 737 1123 36243 2802 999 180 943 424 7878 5057 1721 2234 130 1888 101 2410 610 356 2454 6176 1043 3037 211 412 3547 28005 740 149 1656 9008 136 134 136 1737 363 700 355 276 27806 879 114 160 673 531 204 4840 1792 203 55104 23847 1314 599 3998 10690 212 238 177 163 294 11669 205 3315 9601 1048 132 215 710 693 103 1348 175 742 1278 22542 8736 365 255 137 5079 161 1031 3155 199 107 875 230 20696 248 137 4036 28856 5287 3740 811 903 1209 152 102 5073 1575 221 2243 2948 212 1428 137 12001 429 12290 3468
internal_value=-0.0026974 -0.00249204 -0.0015082 -0.0052191 0.00121843 -0.00108827 0.00326526 -0.0607239 -0.0553114 -0.0743627 -0.025397 -0.00105227 -0.00940101 -0.0898817 0.00340226 -0.00455218 0.00821205 -0.0083058 -0.00350903 0.00210415 -0.00226043 -0.00965845 -0.00251023 -0.00655317 0.000312612 -0.00454418 -0.00394301 -0.00323764 -0.00509265 -0.0077343 -0.0169361 -0.00125773 -0.00950221 0.013954 5.52016e-05 -0.000810841 -0.00562556 -0.00715803 -0.00732396 -0.00125062 0.00544673 -0.00557984 0.00485688 -0.00277 -0.00388108 -0.00565555 -0.0038815 -0.0278378 -0.0461223 0.00263222 0.0146617 -0.00437536 -0.0168789 -0.0058584 -0.00975854 -0.00729116 0.000504861 -0.0239743 0.000798675 0.000145038 -0.0129283 0.00489528 0.00112482 -0.00105239 -0.00539772 -0.0012386 0.00440262 0.000877255 0.00228221 0.00811034 -0.0082788 -0.0252264 -0.0147597 -0.0990107 -0.107404 -0.00334493 -0.00427524 -0.0089202 -0.00728239 -0.0152587 0.00430422 -0.0153683 0.00446759 -0.0108598 0.00337823 0.00916498 -0.0160152 -0.0138315 0.00812805 -7.04642e-05 0.00307598 0.00428611 -0.00116688 0.00065312 0.00178062 -0.0289303 0.0108469 0.00355011 -0.00154098 -0.00606739 0.00341609 -0.00202399 -0.00946125 -0.0228101 -0.0105245 -0.00913866 0.00419394 0.00729664 0.00335287 0.0069112 0.00474562 -0.00117021 -0.0490287 -0.0591409 0.00450774 -0.00105714 -0.0114835 -0.00663469 -0.00208878 -0.00506014 -0.0031686 -0.0279116 -0.00702272 -0.0187488 -0.000741384 -0.000741534
internal_weight=519214 517384 380216 137168 200563 69006 105481 1830 1694 1034 660 95082 68162 770 23446 179653 7723 59775 118092 21260 61283 45779 71636 61561 44819 81849 38100 35328 28767 17033 2883 11734 45599 4532 3191 15231 6146 56794 56370 50604 60662 31042 13584 7676 13996 11247 9414 406 272 9914 1103 13872 1055 14150 44989 17183 23183 274 22909 21910 2772 6561 8811 7019 66618 31725 1444 20544 9055 18175 5103 450 1833 667 504 12817 11874 14843 11528 1927 42487 347 42140 1366 2749 1626 278 2630 2665 36732 9513 9101 13144 4767 5282 264 2309 5588 2433 56316 1212 1105 25328 596 348 24732 41430 8834 32596 1851 1714 27219 253 210 7400 2327 752 4653 7527 4579 4230 349 12706 705 12889 26010
internal_count=519214 517384 380216 137168 200563 69006 105481 1830 1694 1034 660 95082 68162 770 23446 179653 7723 59775 118092 21260 61283 45779 71636 61561 44819 81849 38100 35328 28767 17033 2883 11734 45599 4532 3191 15231 6146 56794 56370 50604 60662 31042 13584 7676 13996 11247 9414 406 272 9914 1103 13872 1055 14150 44989 17183 23183 274 22909 21910 2772 6561 8811 7019 66618 31725 1444 20544 9055 18175 5103 450 1833 667 504 12817 11874 14843 11528 1927 42487 347 42140 1366 2749 1626 278 2630 2665 36732 9513 9101 13144 4767 5282 264 2309 5588 2433 56316 1212 1105 25328 596 348 24732 41430 8834 32596 1851 1714 27219 253 210 7400 2327 752 4653 7527 4579 4230 349 12706 705 12889 26010
cat_boundaries=0 1 2 3 4 5 6 7 8 9 10 11 12 13 14 15 16 17 18
cat_threshold=2 4 6 2 2 2 5 9 2 2 8 4 2 1 4 1 4 4
is_linear=0
shrinkage=0.03


Tree=31
num_leaves=127
num_cat=35
split_feature=0 5 5 5 5 2 5 5 27 12 27 0 0 0 11 5 25 5 5 5 0 21 5 27 26 27 12 26 5 0 0 2 25 3 25 25 27 29 2 0 0 5 0 25 5 27 5 0 21 12 5 0 5 5 23 27 27 25 5 29 5 25 25 4 0 5 5 27 5 13 26 5 26 5 11 0 11 31 5 0 27 25 25 0 0 4 0 28 11 24 13 25 25 0 0 0 0 13 27 20 25 0 12 0 25 25 27 25 27 0 25 25 21 25 13 25 3 13 0 31 5 0 21 5 26 25
split_gain=6607.65 3397.16 2656.19 1481.22 1457.34 997.601 1662.16 1531.4 980.95 952.626 846.11 1838.96 1459.7 3856.17 925.173 837.359 888.383 830.391 744.829 672.268 670.832 1005.22 636.06 1202.82 956.909 607.77 820.626 602.934 595.328 580.928 547.445 542.787 582.958 530.463 522.693 504.219 799.836 498.612 491.963 532.061 2460.61 941.807 862.709 2399.91 636.916 613.719 511.383 909.259 451.509 448.427 447.718 449.75 2137.45 453.365 674.776 482.038 442.918 698.342 440.771 437.589 428.289 543.555 420.924 420.635 419.668 588.371 529.377 416.216 415.824 413.767 398.7 460.238 558.998 397.222 468.263 549.72 395.106 501.292 394.243 464.724 751.387 425.246 392.759 387.844 377.575 613.561 1679.66 377.114 375.707 368.664 367.913 566.535 389.554 360.447 358.784 356.353 372.961 352.55 352.08 388.556 348.049 346.578 349.201 345.905 344.475 343.609 330.16 323.366 318.026 317.251 315.414 684.706 314.63 308.603 307.253 306.206 636.734 296.314 294.373 292.622 352.968 560.644 610.206 562.257 482.484 290.89
threshold=13030.000000000002 0 1 2 3 4 5 6 0.14952706545591357 -0.42958799004554743 0.07936600968241693 325.00000000000006 475.00000000000006 425.00000000000006 0.3744682669639588 7 27.500000000000004 8 9 10 1560.0000000000002 0.046407744288444526 11 0.058846931904554374 0.099273119121789946 0.1575826704502106 0.089118976145982756 0.24214403331279757 12 1615.0000000000002 155.00000000000003 13 59.500000000000007 14 59.500000000000007 97.500000000000014 0.059944719076156623 0.040852611884474761 15 950.00000000000011 850.00000000000011 16 615.00000000000011 49.000000000000007 17 0.098019190132617964 18 325.00000000000006 0.13183593004941943 -0.031174269504845139 19 110.00000000000001 20 21 0.043235365301370628 0.069445703178644194 0.061421869322657592 81.500000000000014 22 0.12510562688112262 23 26.500000000000004 86.500000000000014 24 155.00000000000003 25 26 0.08212983608245851 27 20.500000000000004 0.0042278021574020394 28 0.13882523775100711 29 0.12545942142605784 155.00000000000003 0.3744682669639588 0.098716270178556456 30 950.00000000000011 0.058846931904554374 24.500000000000004 32.500000000000007 90.000000000000014 325.00000000000006 31 950.00000000000011 0.11491271480917932 -0.4218058288097381 0.99172651767730724 40.500000000000007 37.500000000000007 77.500000000000014 1715.0000000000002 90.000000000000014 90.000000000000014 225.00000000000003 38.500000000000007 0.11368945986032487 40.500000000000007 86.500000000000014 325.00000000000006 0.14037931710481646 1560.0000000000002 114.50000000000001 11.500000000000002 0.05270845256745816 13.500000000000002 0.052256155759096153 1560.0000000000002 77.500000000000014 88.500000000000014 0.066236898303031935 107.50000000000001 36.500000000000007 74.500000000000014 32 41.500000000000007 6250.0000000000009 0.059090321883559234 33 950.00000000000011 0.12880711257457736 34 0.13882523775100711 92.000000000000014
decision_type=2 9 9 9 9 9 9 9 2 2 2 2 2 2 2 9 2 9 9 9 2 8 9 2 10 2 2 10 9 2 2 9 2 1 2 2 2 8 9 2 2 9 2 2 9 2 9 2 8 2 9 2 9 9 8 2 2 2 9 10 9 2 2 9 2 9 9 2 9 2 8 9 10 9 2 2 2 8 9 2 2 2 2 2 2 9 2 10 2 2 2 2 2 2 2 2 2 2 2 2 2 2 2 2 2 2 2 2 2 2 2 2 8 2 2 2 1 2 2 8 9 2 8 9 8 2
left_child=1 4 25 9 67 6 20 31 113 19 11 22 13 17 28 16 -16 -12 49 -3 34 -22 23 24 -5 26 -2 38 109 97 60 32 33 -7 -6 50 -37 -32 46 40 41 56 94 45 -41 -44 47 -11 -18 78 -24 52 90 106 -55 -56 57 83 -19 -20 61 -9 -25 101 65 -60 -66 105 -61 -27 -17 72 93 82 75 -75 -8 -78 -13 80 81 -80 -33 -40 108 86 89 -28 -42 -86 91 -52 -93 103 -43 -38 -97 -30 99 -50 -31 104 -103 -72 -34 -1 -53 -54 -21 114 -48 -112 -45 -4 -14 -46 -117 -96 -77 -51 -121 123 -123 -122 -125 -104
right_child=2 3 8 10 5 7 76 30 -10 27 12 18 14 -15 15 70 48 58 59 84 21 -23 35 62 -26 69 87 -29 29 100 37 73 63 -35 -36 36 95 -39 39 44 88 42 43 112 115 -47 110 -49 98 119 51 53 107 54 55 -57 -58 -59 64 68 -62 -63 -64 -65 66 -67 -68 -69 -70 -71 71 -73 -74 74 -76 118 77 -79 79 -81 -82 -83 -84 -85 85 -87 -88 -89 -90 -91 -92 92 -94 -95 117 96 -98 -99 -100 -101 -102 102 125 -105 -106 -107 -108 -109 -110 -111 111 -113 -114 -115 -116 116 -118 -119 -120 120 121 122 -124 124 -126 -127
leaf_value=0.0095528045265760534 -0.14239869456594162 0.0047166426064938942 -0.037870832236878794 -0.018618673894627825 0.028726698658805776 -0.0074838119811721166 0.0026770085977407152 -0.078409023029463634 0.0045203198249076015 -0.0082577334064727198 -0.078684178056388068 0.0069404276060471264 -0.0024175182292188605 -0.13589675335236537 -0.052268651839345689 -0.043449725757486055 -0.0049490246495285965 -0.0056146736815918339 0.0072369386562295985 -0.020379857630853749 -0.098901409337232848 0.0035178003719685187 0.0094167944468895141 0.0017591904848362982 0.0031359378902157732 -0.015753081865608691 -0.047662911434431333 0.0079001686511553891 0.0034924942275666743 -0.069390764071744077 0.029451062986545165 -0.047190526687143519 -0.01336083488240174 -0.03193915171609802 0.011790838129290861 -0.004465115787148516 -0.076734043660827658 0.0035202955710613316 -0.024565145020045438 0.011097773846930982 -0.070116891168678794 -0.002582487948271513 -0.1342923763665286 -0.063006107224974531 -0.014937563695786847 -0.065130201721830025 -0.0036657115232315626 -0.076335489232444528 -0.086031174881097211 0.00090308880645453078 -0.08984091573367918 0.012235984829753906 0.038051207333983691 0.026462280856736159 -0.00917384601108686 0.024805691800941009 -0.0031536415878072148 -0.037164229791560248 -0.057458505394018214 -0.022269868602314634 -0.0016143914378061832 -0.013533625146025737 -0.030188694360667168 0.0024250064139640865 -0.00248471571322914 0.0017512067385918259 -0.048241368296430477 0.00071471166564732625 0.0012932743214074357 -0.097212310154861384 -0.012064851129000664 0.0017849740733899796 -0.0010009688233079711 0.0059553945922600016 -0.029177144224062181 -0.016806743650426729 0.0013072333408205342 -0.010279250881508809 -0.072859220272403644 -0.020708799363187536 0.0099620246358889039 -0.01272742343084885 -0.0054968695507942589 -0.001090928259199772 -0.1034373752451153 -0.0069665266555140595 0.023393538657290828 -0.11686136732667179 -0.14144646680537071 -0.03626285324405347 -0.096789520708895516 0.013854765168786662 -0.053468238180333916 -0.058030176966730504 -0.014224114968150034 -0.0031265645155907711 -0.029964661758597862 -0.0021547448152375295 -0.0088935771092953503 -0.026426676823697207 -0.012785187538275608 0.01100993554857326 -0.035510481160826383 0.020423607421421679 -0.051711446948273447 0.024216972292297662 0.0010416460674693528 -0.0043180686019791345 0.0056394117223706195 0.0091111477822052797 -0.017634047398687239 -0.0026624873001786652 -0.013617452476606231 -0.090165896825729661 -0.0066882401095555198 -0.0251788050134675 0.0028338106273245942 -0.0266709445805095 -0.068218102523258745 -0.010375627357839656 0.017734281705182861 -0.031396032165131642 0.017596324570108166 -0.050455732970781944 -0.00081138483309408955 -0.0038111943085033921
leaf_weight=2510 361 8069 296 10566 1946 4924 38143 132 512 530 163 9792 28660 242 619 251 2520 3659 25832 483 115 336 3443 7314 2198 119 184 1767 20199 161 680 208 1521 952 10434 11563 109 33435 917 1508 143 1389 219 128 4946 251 16472 264 103 9572 172 3192 165 566 7362 395 6839 1018 173 752 11211 928 390 12137 329 847 804 1602 5776 106 11265 5894 6798 1180 1917 2277 8652 5494 117 1092 2745 1036 7546 2044 226 11767 231 117 130 111 180 145 164 149 4275 688 1445 19605 1183 1927 248 1136 338 302 244 3373 9214 6945 3342 1539 5556 5442 1173 156 32193 956 3082 2887 104 7517 1623 936 302 183 4153 1127
leaf_count=2510 361 8069 296 10566 1946 4924 38143 132 512 530 163 9792 28660 242 619 251 2520 3659 25832 483 115 336 3443 7314 2198 119 184 1767 20199 161 680 208 1521 952 10434 11563 109 33435 917 1508 143 1389 219 128 4946 251 16472 264 103 9572 172 3192 165 566 7362 395 6839 1018 173 752 11211 928 390 12137 329 847 804 1602 5776 106 11265 5894 6798 1180 1917 2277 8652 5494 117 1092 2745 1036 7546 2044 226 11767 231 117 130 111 180 145 164 149 4275 688 1445 19605 1183 1927 248 1136 338 302 244 3373 9214 6945 3342 1539 5556 5442 1173 156 32193 956 3082 2887 104 7517 1623 936 302 183 4153 1127
internal_value=-0.0025775 -0.00237535 -0.0591428 -0.00395902 0.00134979 0.00069228 0.0034641 -0.0015092 -0.0236767 -0.00739498 -0.0028918 -0.00122216 -0.00453549 -0.0187442 -0.00387425 -0.00841495 -0.0181221 -0.0139773 0.00211652 -0.00235235 0.0131351 -0.022759 -0.00482361 -0.00921837 -0.0148725 -0.0962669 -0.111849 -0.00936876 -0.00250181 0.000345009 0.00208296 -0.00618744 -0.00333561 -0.0114507 0.0144551 -0.00285457 -0.00764584 0.00403801 -0.00987602 -0.0124313 -0.015147 -0.0139886 -0.0204693 -0.0395439 -0.00689966 -0.0975735 -0.00698438 -0.0305761 -0.0144584 -0.000672051 -0.000784612 -0.0020199 -0.0081752 0.000286947 -0.00512597 -0.00744057 -0.00777754 -0.0157417 -0.0119933 0.00548158 -0.00335054 -0.0214763 0.000138183 -0.000447682 -0.0227502 -0.00888328 -0.0354158 0.014253 -0.00145623 -0.0543898 -0.00590407 -0.00551862 -0.00784045 -0.0110039 -0.0171939 -0.0107848 0.0010887 -0.00319311 0.00344736 -0.00341426 0.00142601 -0.0188871 -0.00661271 -0.00836656 -0.00588138 -0.00843843 -0.0388654 -0.0748585 -0.104476 -0.0814844 -0.0593167 -0.0463526 -0.0219338 -0.0118152 -0.0165385 -0.0240409 -0.0213135 0.000711028 -0.0219128 -0.0294918 -0.0351825 -0.00843217 -0.00146763 -0.0112149 -0.0186888 0.0179631 0.00391949 -0.00332493 0.00234937 -0.00433599 -0.00629051 -0.0102268 -0.0185213 -0.0560788 -0.00467693 -0.0099228 -0.00380279 -0.0192445 -0.01908 -0.0031797 -0.00583559 -0.00107699 -0.0194402 0.00273884 -0.00291105 -0.011144
internal_weight=520095 518244 1851 363642 154602 147117 65120 81997 964 86165 277477 137644 139833 6217 133616 31011 6352 5975 71428 24229 12831 451 66216 20468 12764 887 662 61936 102605 40213 46386 35611 22379 5876 12380 45748 13805 34115 60169 31905 21413 21140 10322 1771 10492 470 28264 794 5733 39068 31943 28500 7771 20729 8323 7757 10818 3979 5812 32360 12271 1060 7704 16503 2153 1020 1133 7485 6528 225 24659 24408 18514 13232 5478 3561 52289 14146 14782 4990 3898 1153 7754 2961 16160 12335 568 301 273 337 661 481 309 11716 8551 2242 2133 39804 3213 2030 409 4366 2601 11567 1765 5883 12406 7110 3825 62392 27470 10998 1301 452 60853 8984 4038 7162 2381 24286 14714 7197 1238 5959 4336 1465
internal_count=520095 518244 1851 363642 154602 147117 65120 81997 964 86165 277477 137644 139833 6217 133616 31011 6352 5975 71428 24229 12831 451 66216 20468 12764 887 662 61936 102605 40213 46386 35611 22379 5876 12380 45748 13805 34115 60169 31905 21413 21140 10322 1771 10492 470 28264 794 5733 39068 31943 28500 7771 20729 8323 7757 10818 3979 5812 32360 12271 1060 7704 16503 2153 1020 1133 7485 6528 225 24659 24408 18514 13232 5478 3561 52289 14146 14782 4990 3898 1153 7754 2961 16160 12335 568 301 273 337 661 481 309 11716 8551 2242 2133 39804 3213 2030 409 4366 2601 11567 1765 5883 12406 7110 3825 62392 27470 10998 1301 452 60853 8984 4038 7162 2381 24286 14714 7197 1238 5959 4336 1465
cat_boundaries=0 2 4 6 8 9 10 12 14 16 18 20 22 24 25 26 27 29 31 32 34 36 38 40 41 42 44 46 47 49 51 53 54 55 57 59
cat_threshold=491010646 170 303038466 8192 574505 2112 16 2 12 2566 150995458 128 1074921472 512 131072 4096 1075839104 22277 1056 2048 33619968 4113 3794927616 16404 2 2 10 32777 2112 524320 64 1 8388608 16384 131072 512 131200 1536 1109393536 16385 10240 4 0 528 0 784 1048576 580911232 12292 512 128 2097152 17921 1 2 2097152 20736 1073741824 4
is_linear=0
shrinkage=0.03


Tree=32
num_leaves=127
num_cat=33
split_feature=0 5 5 5 2 5 4 12 5 12 8 5 5 0 5 12 11 11 12 13 31 5 0 5 25 0 0 25 25 0 11 0 25 25 4 25 2 25 0 5 0 27 25 25 27 27 21 25 0 5 27 4 0 25 0 11 5 5 25 5 25 25 0 5 13 5 11 22 5 25 20 0 0 0 12 0 0 5 23 27 0 11 0 5 5 2 0 26 27 27 25 25 27 31 25 0 0 0 0 21 25 25 25 4 25 25 25 0 5 11 31 11 4 11 27 11 27 8 5 12 0 25 25 5 27 5
split_gain=5488.98 3101.06 2523.35 2058.23 1768.29 2526.59 1468.93 920.177 904.501 896.242 786.294 766.99 705.543 646.439 715.662 640.951 599.696 556.687 754.095 621.856 528.941 520.089 511.849 506.177 472.837 505.473 2712.99 848.901 652 1092.42 615.741 485.568 515.833 822.691 502.756 469.891 560.351 809.055 511.686 600.947 918.879 1027.86 817.666 544.498 468.137 459.921 451.616 469.744 1039.38 539.012 531.123 491.811 450.146 438.137 410.506 626.937 404.948 389.34 379.169 390.987 372.52 363.5 409.031 436.557 362.452 356.399 354.585 732.842 897.608 475.608 430.903 417.923 391.271 485.853 423.145 464.286 350.913 332.625 470.235 387.056 366.828 322.275 318.913 314.905 312.231 864.923 987.926 569.385 547.049 530.612 562.84 458.673 419.712 381.908 307.198 306.392 305.629 390.371 489.491 308.09 304.203 302.558 568.748 301.429 297.034 420.521 310.653 1090.94 295.904 289.57 289.361 488.985 337.481 286.885 280.151 372.505 279.205 278.613 276.762 272.417 260.837 256.913 274.4 256.579 253.462 249.572
threshold=13030.000000000002 0 1 2 3 4 5 -0.42958799004554743 6 0.10623887926340105 3.5000000000000004 7 8 1715.0000000000002 9 0.71952396631240856 0.76140651106834423 0.40614137053489691 -0.11692317575216292 37.500000000000007 0.046168554574251182 10 1940.0000000000002 11 88.500000000000014 950.00000000000011 850.00000000000011 59.500000000000007 19.500000000000004 325.00000000000006 -0.62588816881179798 325.00000000000006 79.500000000000014 87.500000000000014 12 49.000000000000007 13 113.00000000000001 325.00000000000006 14 950.00000000000011 0.064750330522656455 38.500000000000007 22.500000000000004 0.089248880743980422 0.084925193339586272 0.061439437791705138 93.500000000000014 715.00000000000011 15 0.10945477336645128 16 1560.0000000000002 67.500000000000014 1225.0000000000002 0.24372619390487674 17 18 103.50000000000001 19 106.00000000000001 52.500000000000007 325.00000000000006 20 39.500000000000007 21 0.51297098398208629 -2.3023446202278133 22 84.500000000000014 39.500000000000007 155.00000000000003 1280.0000000000002 1560.0000000000002 0.81800284981727611 90.000000000000014 225.00000000000003 23 0.060403937473893173 0.069445703178644194 1560.0000000000002 0.24372619390487674 61.500000000000007 24 25 26 325.00000000000006 0.10766546800732614 0.07936600968241693 0.049178216606378562 67.500000000000014 53.500000000000007 0.056865874677896507 0.065425857901573195 20.500000000000004 1280.0000000000002 1255.0000000000002 1410.0000000000002 1560.0000000000002 0.13533534109592441 76.500000000000014 50.500000000000007 29.500000000000004 27 5.5000000000000009 7.5000000000000009 11.500000000000002 155.00000000000003 28 -0.5917624533176421 0.063124977052211775 0.23537775129079822 29 0.1510155871510506 0.058047603815793998 0.12545942142605784 0.061421869322657592 10.500000000000002 30 -0.44505782425403589 950.00000000000011 67.500000000000014 64.500000000000014 31 0.059393314644694335 32
decision_type=2 9 9 9 9 9 9 2 9 2 2 9 9 2 9 2 2 2 2 2 10 9 2 9 2 2 2 2 2 2 2 2 2 2 9 2 9 2 2 9 2 2 2 2 2 2 8 2 2 9 2 9 2 2 2 2 9 9 2 9 2 2 2 9 2 9 2 10 9 2 2 2 2 2 2 2 2 9 10 2 2 2 2 9 9 9 2 8 2 2 2 2 2 10 2 2 2 2 2 10 2 2 2 9 2 2 2 2 9 2 8 2 9 2 2 2 2 2 9 2 2 2 2 9 2 9
left_child=1 7 15 20 8 6 10 11 17 57 -6 61 24 21 22 16 101 19 -19 -5 82 -7 -15 -11 25 26 27 28 29 -9 -31 32 45 -34 44 38 37 56 43 40 41 109 -43 76 -33 117 -10 49 50 100 58 -52 81 -46 -12 -56 -37 -4 59 -49 -53 62 65 -64 -28 -1 69 68 -68 77 -70 -72 74 -74 75 -71 -14 78 79 125 -79 -13 -3 -73 87 86 89 92 -89 -86 124 -88 -38 -93 -30 -81 99 -98 -99 104 -48 102 -2 113 -23 -106 107 -107 -82 -40 112 119 -51 -26 115 -36 -45 -29 -83 -112 -63 122 -87 -113 -91 -8
right_child=2 3 9 4 5 13 66 12 46 23 54 52 35 14 -16 -17 -18 18 -20 -21 -22 96 -24 -25 103 -27 64 31 94 30 -32 34 33 -35 114 36 84 -39 39 -41 -42 42 -44 116 53 -47 47 48 -50 110 51 60 -54 -55 55 -57 -58 -59 -60 -61 -62 120 63 -65 -66 -67 67 -69 70 72 71 83 73 -75 -76 -77 -78 80 -80 95 108 118 -84 -85 85 121 91 88 -90 90 -92 93 -94 -95 -96 -97 97 98 -100 -101 -102 -103 -104 -105 105 106 -108 -109 -110 -111 111 123 -114 -115 -116 -117 -118 -119 -120 -121 -122 -123 -124 -125 -126 -127
leaf_value=-0.018655832939676389 -0.136862798325003 -0.0041706581203053705 -0.030474141420220299 0.0020804748165195704 -0.012505064989138092 0.0017726483663960339 0.019790354658314697 -0.0061874741202763177 0.0090293036722637523 -0.069491196061234647 -0.0859525930484136 -0.0040877427812525801 -0.0050605964961428947 -0.080134328574777633 0.008817949731743057 -0.051993598587658937 -0.04312539828633799 -0.01229196197263276 -0.0017878296270209826 -0.003289297057906457 0.027139431442954796 -0.041582021410348134 -0.025305375367282137 -0.0067094301449917796 -0.055085170214895056 -0.0047316279019673588 -0.14778909065985474 -0.011150783940957955 0.045609698626730179 -0.01304089224643328 -0.068043670171166054 0.0020371949728441368 -0.044297606179481225 -0.0011202510157916515 -0.067666868276158629 -8.5896057597512526e-05 -0.002439814254513666 -0.02446550045503465 -0.037107721140038442 -0.007958985831168228 0.017048588859846944 -0.047517984803775302 -0.13387804020534863 -0.017469407532730578 -0.0011369503684114227 -0.072138345844934879 0.0049162980853883929 0.0082791527020041628 0.0073590068699481486 -0.00034098902768482566 0.013677387707844013 -0.075639179560821501 0.015909693459588096 -0.042176486059069034 -0.0053718059193907357 -0.089701936888067338 -0.010180686365897782 0.030317462509790179 -0.0014453203639586594 -0.013603856392615306 -0.026288203798659517 0.011695083712974119 0.029845282495021816 0.0023090351044917586 -0.077652876088229406 -0.0021148491899215835 -0.0095463940996960081 -0.0075027248543615343 -0.090412531908955013 -0.063389576323948066 -0.065293224665489202 -0.019332475811685734 -0.077272883005764167 -0.01128719541022863 -0.0064063721213416811 -0.015959539237193048 0.013866855396738161 -0.0088930051401835027 -0.062908836254881362 -0.0053510096461859471 -0.0094233035046474463 0.0080597789849305625 0.0083994660207307031 -0.052354981040516078 0.0020676122917614175 0.0050134945226886279 -0.024485440196971194 0.011254552711923577 -0.0010443006217681883 -0.019428799579037249 -0.032102138758708466 0.0044633731862803536 -0.022729077352965386 -0.011582514554751702 -0.00024127341904919424 0.025202540114928697 0.02767516190080806 -0.031461190219249646 0.012615441881379847 -0.0249823413823319 0.013372948379170109 -0.14679909229979796 -0.043660500049591058 0.0073702620424656966 0.040334940209533231 0.020080958524995758 -0.0032086287519999049 -0.083857058219080946 0.024971558026457376 -0.015380173131245761 0.0053423106213049409 -0.013491023051321127 0.018185725545733271 -0.0061641191030201992 -0.014891480945548558 -0.022814403192662754 -0.0022611676160589596 -0.024159273783943239 -0.012256146958027184 0.00021577387064904371 -0.008185544845233211 0.010043854560404524 -0.017301294879509668 -0.0024226673749763389 -0.0026208835768634238 -0.0011870695041879798
leaf_weight=1490 145 2023 128 41193 443 39354 1342 2361 7953 317 359 22061 1915 203 441 244 102 9429 17691 36703 1262 182 623 196 110 6215 115 3583 134 296 482 2804 1747 514 232 5906 2632 2557 849 3824 402 400 131 2980 451 136 15816 853 8265 1657 204 185 863 486 197 132 9081 295 13774 5128 538 4355 544 7906 167 5396 1886 5853 136 192 334 1083 183 222 6922 5042 1632 12812 103 4531 380 646 17748 356 1090 1355 718 4990 9357 2108 2337 5577 1408 1754 5089 315 640 341 672 609 5051 254 101 1762 197 184 32421 178 531 1583 15952 2341 1898 3873 2122 592 1710 2530 8406 22467 687 3510 781 9574 1309 826
leaf_count=1490 145 2023 128 41193 443 39354 1342 2361 7953 317 359 22061 1915 203 441 244 102 9429 17691 36703 1262 182 623 196 110 6215 115 3583 134 296 482 2804 1747 514 232 5906 2632 2557 849 3824 402 400 131 2980 451 136 15816 853 8265 1657 204 185 863 486 197 132 9081 295 13774 5128 538 4355 544 7906 167 5396 1886 5853 136 192 334 1083 183 222 6922 5042 1632 12812 103 4531 380 646 17748 356 1090 1355 718 4990 9357 2108 2337 5577 1408 1754 5089 315 640 341 672 609 5051 254 101 1762 197 184 32421 178 531 1583 15952 2341 1898 3873 2122 592 1710 2530 8406 22467 687 3510 781 9574 1309 826
internal_value=-0.00252349 -0.00234261 -0.0550702 -0.000790278 -0.0013588 -0.00427643 -0.00998146 -0.00581372 0.00026024 -0.020212 -0.0437183 -0.00255149 -0.00740007 -0.000960999 -0.0222021 -0.0922397 -0.109969 -0.00173832 -0.00544019 -0.000449661 0.008312 -0.000600937 -0.0383966 -0.0470466 -0.0108421 -0.0123525 -0.0143388 -0.0132291 -0.0055511 -0.0163545 -0.0471608 -0.0174532 -0.022207 -0.0344868 -0.0114009 -0.00568365 -0.00441669 -0.00886664 -0.0103247 -0.0161728 -0.0254028 -0.0312518 -0.069035 -0.00521931 -0.00409928 -0.0177591 0.00213994 0.00161171 -0.00163297 0.00286812 -0.00522655 -0.0274077 -0.00544917 -0.0224455 -0.0637691 -0.0393757 -0.0062097 0.0118897 -0.00418437 -0.010491 -0.0390031 0.00199713 -0.000299448 0.00412315 -0.106676 -0.00572635 -0.00909643 -0.0141625 -0.0244292 -0.00763269 -0.0388665 -0.035083 -0.0122436 -0.0412198 -0.0112749 -0.0177112 0.00364951 -0.00485306 0.000414349 0.00135367 -0.00757944 -0.00604385 0.00711313 -0.0280306 -0.00240802 -0.00494943 -0.00873882 0.000432091 0.00323382 -0.0171231 -0.0207582 -0.00161934 -0.0095148 0.000623211 0.000943573 -0.00336018 -0.00323741 0.00935323 -0.0022382 -0.00385491 0.0069605 -0.123491 -0.0989285 -0.00295866 -0.00346618 -0.00325458 -0.00351774 -0.0311169 0.0108005 -0.0229773 0.00128184 0.00069776 0.00955268 -0.00752868 -0.0206685 -0.0355095 -0.0119261 -0.0165377 -0.0108102 0.00234445 0.00898515 0.00504378 -0.00314989 -0.00461163 -0.0129926 0.0118869
internal_weight=519763 517981 1782 357930 336897 120225 44180 160051 216672 936 1131 52354 107697 76045 1267 846 602 105016 27120 77896 21033 74778 826 513 35801 30056 23841 23559 8362 3139 778 15197 8510 2261 6687 71896 56470 17544 15426 7189 3365 2963 531 8237 3741 6249 111656 103703 28947 74756 20682 927 31976 937 688 329 14987 423 19755 5981 723 20378 15336 8450 282 6886 43049 9648 3795 33401 1909 1773 12561 405 12156 5234 3547 20840 7117 7014 13723 31113 19771 1439 38926 20539 14893 18387 14347 6844 5754 8049 4040 7331 5223 4846 35424 1653 1013 33771 20867 500 246 5745 33162 32980 32783 362 911 2432 53889 50334 3555 3983 2946 824 4690 6113 9052 38419 5042 5646 2136 11915 3417 2168
internal_count=519763 517981 1782 357930 336897 120225 44180 160051 216672 936 1131 52354 107697 76045 1267 846 602 105016 27120 77896 21033 74778 826 513 35801 30056 23841 23559 8362 3139 778 15197 8510 2261 6687 71896 56470 17544 15426 7189 3365 2963 531 8237 3741 6249 111656 103703 28947 74756 20682 927 31976 937 688 329 14987 423 19755 5981 723 20378 15336 8450 282 6886 43049 9648 3795 33401 1909 1773 12561 405 12156 5234 3547 20840 7117 7014 13723 31113 19771 1439 38926 20539 14893 18387 14347 6844 5754 8049 4040 7331 5223 4846 35424 1653 1013 33771 20867 500 246 5745 33162 32980 32783 362 911 2432 53889 50334 3555 3983 2946 824 4690 6113 9052 38419 5042 5646 2136 11915 3417 2168
cat_boundaries=0 2 4 6 7 9 10 12 14 16 17 19 21 22 23 24 26 27 29 31 33 34 36 38 40 42 44 45 46 48 49 51 52 54
cat_threshold=2671657 2389 303038466 8192 84 2 6 541272578 20992 2 1200689152 13472 2098209 2320 17441 2112 159383552 92540928 8232 524288 4 1 4 524288 138420226 16384 1 524288 5 524288 2048 2 8 1056 0 16 541131264 16384 536881152 16384 2050 512 557056 4 2 1 65536 512 1 524288 64 268567040 2048 16384
is_linear=0
shrinkage=0.03


Tree=33
num_leaves=127
num_cat=11
split_feature=0 21 8 12 8 30 22 4 12 0 3 23 31 12 12 21 4 20 21 0 4 30 23 24 27 20 21 30 30 0 0 22 0 0 22 20 27 28 0 32 23 4 28 29 0 20 4 32 27 32 0 0 28 0 22 26 12 0 4 31 21 27 0 26 27 27 31 0 21 0 20 27 27 0 0 27 26 0 0 27 21 12 0 12 0 26 3 4 0 27 4 21 23 0 31 12 20 27 4 20 0 27 0 21 0 26 0 27 29 26 23 0 26 0 22 20 0 21 30 23 21 27 0 0 23 27
split_gain=5405.09 1210.38 2035.37 2433.1 1420.23 1134.96 933.421 657.937 618.21 576.536 764.202 511.821 601.15 461.207 429.29 393.018 556.474 356.776 351.301 331.162 319.136 287.597 364.278 282.218 373.981 486.91 273.3 310.132 403.835 415.021 270.604 268.062 463.716 306.738 259.04 244.042 260.709 243.977 243.468 284.168 289.738 251.549 413.282 234.157 231.359 228.684 222.499 218.886 353.091 213.636 205.193 273.717 193.28 234.54 191.448 228.683 189.874 209.129 193.674 186.757 193.129 182.046 169.964 168.254 166.761 166.73 233.058 163.075 570.732 476.393 162.207 160.813 159.079 154.741 153.316 177.471 223.161 148.894 167.178 141.483 228.637 139.7 139.238 138.948 138.303 237.75 211.942 168.674 250.49 359.86 150.045 169.181 143.921 285.862 369.757 196.823 147.433 137.527 136.233 224.653 230.519 140.65 134.705 134.367 134.254 162.595 131.745 143.806 130.725 126.978 126.154 125.605 123.342 121.327 205.819 121.063 119.106 118.903 118.705 341.661 184.189 125.715 125.051 118.44 147.759 119.501
threshold=13030.000000000002 0.084427561610937132 5.5000000000000009 -0.23537842929363248 6.5000000000000009 0.090846620500087752 -0.081030964851379381 0 -0.72102889418601979 16530.000000000004 1 0.064333807677030577 0.056429935619235046 -0.9711191952228545 0.80798786878585827 0.070677299052476897 2 76.500000000000014 0.069947797805070891 180.00000000000003 3 0.064753670245409026 0.11144557595252992 1.0205206871032717 0.14952706545591357 104.50000000000001 0.10610681027173997 0.086431432515382781 0.075514171272516264 325.00000000000006 225.00000000000003 -0.16066887229681012 1225.0000000000002 90.000000000000014 -0.48731076717376703 91.500000000000014 0.060448419302701957 0.042173830792307861 225.00000000000003 0.16612314432859424 0.11885417997837068 4 0.099524557590484633 0.097680523991584792 1715.0000000000002 76.500000000000014 5 0.17810752242803576 0.1045757830142975 0.16410515457391742 550.00000000000011 325.00000000000006 0.10141823068261148 325.00000000000006 -0.64485630393028248 0.098714631050825133 -0.065537083894014345 325.00000000000006 6 0.075082276016473784 0.15616496652364734 0.089248880743980422 1560.0000000000002 0.071667086333036437 0.12240357697010042 0.08212983608245851 0.033771071583032615 1280.0000000000002 0.13292434811592105 1560.0000000000002 85.500000000000014 0.064750330522656455 0.084925193339586272 950.00000000000011 1560.0000000000002 0.051913643255829818 0.11329178884625436 1715.0000000000002 1560.0000000000002 0.051913643255829818 0.068919081240892424 -0.94137725234031666 1255.0000000000002 0.49626980721950537 550.00000000000011 0.12242787331342699 7 8 950.00000000000011 0.095947422087192549 9 0.11037978157401086 0.11885417997837068 950.00000000000011 0.064870331436395659 -0.26867066323757166 59.500000000000007 0.053263295441865928 10 92.500000000000014 950.00000000000011 0.11368945986032487 17950.000000000004 0.026940434239804748 225.00000000000003 0.044606909155845649 71.500000000000014 0.056865874677896507 0.10304982960224153 1.0000000180025095e-35 0.1219332478940487 155.00000000000003 0.038897719234228141 155.00000000000003 -0.34829047322273249 61.500000000000007 950.00000000000011 0.11373248696327211 0.13807033002376559 0.12977331131696704 0.11839113011956216 0.089248880743980422 135.00000000000003 155.00000000000003 0.0301526477560401 0.056865874677896507
decision_type=2 8 2 2 2 10 10 9 2 2 1 8 10 2 2 10 9 2 10 2 9 10 8 2 2 2 10 10 10 2 2 10 2 2 10 2 2 10 2 10 10 9 8 8 2 2 9 10 2 10 2 2 10 2 10 10 2 2 9 10 10 2 2 8 2 2 10 2 8 2 2 2 2 2 2 2 10 2 2 2 10 2 2 2 2 10 1 9 2 2 9 10 10 2 10 2 2 2 9 2 2 2 2 10 2 10 2 2 10 10 10 2 10 2 10 2 2 10 10 10 10 2 2 2 10 2
left_child=1 5 6 4 13 21 30 18 35 -2 11 -11 15 -4 56 16 102 -10 79 20 -16 22 31 24 45 -26 47 28 -28 104 63 32 33 34 -1 36 -6 -35 41 40 49 -9 54 52 81 -18 70 48 83 64 51 -15 53 -32 103 -56 71 58 -58 74 67 65 -41 -3 -40 108 -67 -61 -69 -70 -21 -5 -60 112 75 76 -29 78 84 -7 -81 -37 -38 -8 85 86 90 88 89 -86 97 -92 95 117 -95 96 -89 -45 99 100 -52 -100 -13 -43 -30 -106 -20 -108 109 -23 -75 -44 -31 114 -111 -48 -62 -94 121 120 -120 122 -77 124 -105 -125
right_child=9 2 3 14 8 7 26 38 17 10 -12 12 -14 50 19 -17 23 -19 106 46 -22 61 -24 -25 25 -27 27 59 29 73 43 -33 -34 37 -36 44 82 -39 39 62 -42 42 111 77 -46 -47 115 -49 -50 -51 98 -53 -54 -55 55 -57 57 -59 72 60 116 -63 -64 -65 -66 66 -68 68 69 -71 -72 -73 -74 110 -76 118 -78 -79 -80 80 -82 -83 -84 -85 87 -87 -88 92 -90 -91 91 -93 93 94 -96 -97 -98 -99 101 -101 -102 -103 -104 123 105 -107 107 -109 -110 113 -112 -113 -114 -115 -116 -117 -118 -119 119 -121 -122 -123 -124 125 -126 -127
leaf_value=0.059316679780483245 -0.1148017161809481 -0.00074494042865998905 -0.00043979678562951148 0.0027839517177964332 0.010057017579337612 0.021368249950127052 -0.0083518840109967334 0.039908826351165765 -0.0027752850277203106 -0.0081566805839231541 0.012423588033892553 -0.00088369503253843721 -0.12118702020576531 -0.0073585941794335891 0.010718994693412049 0.001547539833768764 -0.032572471187622458 0.0023757448493503608 0.054689517682248889 -0.0060592198791831874 -0.0076230128511966117 0.0056952789148659701 0.0087154256468249119 -0.039651510676399604 -0.12742261578142644 -0.051443358872247782 -0.0047254146597478447 -0.004707406228142634 -0.045580234385499185 -0.021850938853858547 -0.0024946436533944375 0.0053741549986135598 -0.038980866037545282 -0.019144183043278026 -0.0034764256229442834 0.00016655002058460142 0.0042727957289985475 -0.0033828218249170369 0.0049703583197126732 0.0012347270088191315 0.017895185602088699 -0.013957915744815384 -0.009019566870557303 -0.0043577803018238622 -0.035159388124106489 -0.086406877353787409 0.0028032039493972346 0.0022546362789932625 -0.035586604681818491 0.022442835617721788 -0.0358470592741491 0.0029325710029876814 -0.0092880077222892952 -0.044582056186403519 -0.0082399063663901005 0.002990618607250355 -0.022528867657612237 -0.0047868002569002336 -0.0066747310035048775 -0.0010521714833944616 -0.00099829619351683783 0.010259413697625 -0.032986674450856457 -0.01659622746041917 -0.023134652365558811 0.0035866455570434594 -0.036268278089232185 0.014236313656029355 -0.08629252933441324 -0.0083798098634159952 -0.0011512440161978151 -0.0040842938185198206 -0.013645101347932549 -0.013251421691741207 0.0139380723385054 0.01155089606070891 0.01700398918568484 -0.035265190292981863 0.0090707881807857941 0.0086790576644187097 -0.013466790499760177 0.0045026455654174589 0.017694216900554758 0.00054147635766899863 -0.0047948746697404057 0.032373445013473778 -0.014057932291978463 -0.012932553151068425 -0.0095176159187402975 -0.044573794592847403 0.0026445437673067256 -0.023953833747292298 0.0091280762499424302 -0.018180201681763746 -0.069165052692139781 -0.0034933472555085392 -0.0070618893723632453 -0.013944999858118499 -0.0037162036857674853 -0.0052329765143773977 -0.013952477037677538 -0.017480988767118469 -0.041677384779927482 -0.013881995594134671 0.0037462073647882787 -0.030383187665578248 0.029125442187936931 0.013484305020408576 -0.0011750609470122257 -0.01657041470123919 -0.042342622141464073 -0.027890791720133073 0.00067642300672585436 -0.01445233174618645 0.00022383867323635514 -0.0010013892202776263 -0.023144528198718681 -0.02187422423423933 -0.0033124144923591297 -0.038476395964163301 -0.017059281408874725 0.0015283679032453959 -0.010336400110824944 0.0086799309450022785 0.011986296133291613 0.029447284661487796
leaf_weight=124 129 667 20007 4194 10732 625 2757 131 21307 181 164 122 138 6316 911 101 161 28009 109 12192 13393 458 2813 182 239 114 4525 2400 412 274 162 2658 354 977 112 12018 28817 9196 12361 12482 1910 215 693 5128 146 129 10502 9672 318 629 491 3681 578 451 2908 3716 784 60228 27079 18882 338 490 131 6257 192 193 416 261 140 142 12051 11422 3307 462 312 249 517 182 501 3489 476 15075 712 3705 324 144 2521 7460 1399 556 3150 230 458 1522 139 5990 7966 1826 4461 2547 3635 785 180 305 149 793 1013 1113 2246 1046 189 587 1069 3423 1762 26567 618 146 1753 431 1756 1337 3945 556 566 453
leaf_count=124 129 667 20007 4194 10732 625 2757 131 21307 181 164 122 138 6316 911 101 161 28009 109 12192 13393 458 2813 182 239 114 4525 2400 412 274 162 2658 354 977 112 12018 28817 9196 12361 12482 1910 215 693 5128 146 129 10502 9672 318 629 491 3681 578 451 2908 3716 784 60228 27079 18882 338 490 131 6257 192 193 416 261 140 142 12051 11422 3307 462 312 249 517 182 501 3489 476 15075 712 3705 324 144 2521 7460 1399 556 3150 230 458 1522 139 5990 7966 1826 4461 2547 3635 785 180 305 149 793 1013 1113 2246 1046 189 587 1069 3423 1762 26567 618 146 1753 431 1756 1337 3945 556 566 453
internal_value=-0.00244157 -0.00225901 -0.00283727 -0.00171308 0.00100357 0.00138148 -0.00648644 0.00429188 0.00270351 -0.0537542 -0.0490872 -0.0556119 -0.0618893 -0.00373317 -0.00407434 -0.0551324 -0.0602088 0.000150229 0.0128645 -0.00234398 -0.00645417 -0.00356666 -0.00109863 -0.072958 -0.0823091 -0.1031 -0.00390842 -0.00522037 -0.0105715 -0.018469 -0.00958519 -0.00315612 -0.00526303 -0.00411269 0.0296276 0.00456892 0.00605264 -0.00489825 0.00274517 0.00420032 0.00697776 -0.00123462 -0.00177759 -0.00865486 0.00237574 -0.0567341 -0.00138499 -0.000642486 -0.00477509 0.00539464 -0.00673951 -0.00356937 -0.0217579 -0.0334816 0.00056003 -0.00194019 -0.00529697 -0.00581931 -0.00781415 -0.00394656 -0.00216704 -0.00755917 0.000876713 -0.0150696 0.00453868 -0.00847498 -0.0236526 -0.00151878 -0.0177126 -0.0472281 -0.00361965 -0.00223962 -0.00743376 -0.00975726 -0.00680194 -0.00732538 -0.000854838 -0.00826066 -0.00813522 0.00811213 0.00601771 0.0025793 0.004597 -0.00325356 -0.00835671 -0.00582992 -0.00626035 -0.00962168 -0.0174169 -0.02995 -0.00435694 0.000828045 -0.00887078 -0.0160623 -0.0224859 -0.00810947 -0.00990159 -0.00687686 -0.00939793 -0.0122418 -0.016566 -0.00577888 -0.0252551 0.00846241 -0.0312819 -0.0249866 0.0226165 0.0209472 -0.00743796 -0.0095404 -0.0217492 -0.0176888 -0.00393247 -0.010661 -0.00603581 7.65347e-05 -0.0153238 0.00161037 -0.00931796 -0.0132974 -0.0101946 -0.00648134 -0.0090345 0.0110325 0.00292241 0.0180236
internal_weight=519300 517460 446532 341369 158739 70928 105163 44660 116816 1840 1711 1547 1366 41923 182630 1228 1127 49316 6825 75616 14304 26268 16234 825 643 353 57406 40954 7873 3348 47757 13421 10763 10409 236 67500 40261 10173 37835 27705 15092 10130 9999 40833 27239 290 61312 16452 6780 13182 21916 9997 1191 613 8719 6624 107014 91398 31170 33081 20381 10034 12613 6924 12553 9544 609 19425 543 282 24243 15616 30386 1994 12700 12388 2917 39642 39460 4590 3965 27093 29529 6462 38959 12999 12855 25960 2279 880 10334 3380 23681 2265 1661 21416 15426 6954 11919 6673 4126 5246 302 2095 1354 942 2235 2126 8935 6689 651 1280 1343 6231 2808 37069 956 604 9471 3940 3509 5531 4194 1880 871 1009
internal_count=519300 517460 446532 341369 158739 70928 105163 44660 116816 1840 1711 1547 1366 41923 182630 1228 1127 49316 6825 75616 14304 26268 16234 825 643 353 57406 40954 7873 3348 47757 13421 10763 10409 236 67500 40261 10173 37835 27705 15092 10130 9999 40833 27239 290 61312 16452 6780 13182 21916 9997 1191 613 8719 6624 107014 91398 31170 33081 20381 10034 12613 6924 12553 9544 609 19425 543 282 24243 15616 30386 1994 12700 12388 2917 39642 39460 4590 3965 27093 29529 6462 38959 12999 12855 25960 2279 880 10334 3380 23681 2265 1661 21416 15426 6954 11919 6673 4126 5246 302 2095 1354 942 2235 2126 8935 6689 651 1280 1343 6231 2808 37069 956 604 9471 3940 3509 5531 4194 1880 871 1009
cat_boundaries=0 1 2 3 4 5 6 7 8 9 10 11
cat_threshold=2 2 1 2 4 1 4 2 2 1 4
is_linear=0
shrinkage=0.03


Tree=34
num_leaves=127
num_cat=51
split_feature=5 5 2 5 2 5 5 27 23 27 5 8 5 27 5 12 5 8 5 12 11 5 5 5 27 28 13 11 26 11 5 12 5 5 12 5 11 27 5 5 12 27 21 5 27 2 28 11 5 22 27 27 12 27 27 27 27 4 5 5 27 27 5 2 27 11 27 28 23 27 21 23 5 12 27 27 27 5 26 21 11 5 5 27 12 28 27 4 29 5 4 27 27 23 2 5 2 27 5 4 11 27 11 13 27 12 3 5 30 5 5 8 27 27 5 5 30 27 30 27 26 5 5 5 22 5
split_gain=3090.14 1666.3 1107.81 1597.54 856.794 2583.53 1463.13 2012.12 879.24 824.723 2034.63 841.011 681.031 543.836 957.259 1077.29 508.236 907.42 496.922 496.906 971.21 1104.98 918.473 784.518 539.651 484.842 422.723 626.547 407.809 366.871 345.221 329.691 525.594 321.998 337.826 309.006 349.578 302.018 658.134 315.858 475.718 630.113 291.518 291.063 293.682 288.657 284.21 386.349 573.664 672.364 607.857 533.893 489.246 460.462 498.94 305.223 301.318 946.979 524.507 285.456 1143.75 850.775 276.423 271.754 892.796 396.345 319.945 269.359 264.107 240.965 284.22 244.882 240.421 239.74 233.499 322.508 272.453 264.849 256.596 224.883 218.379 222.683 212.356 426.521 446.388 211.395 210.827 208.825 207.085 289.481 214.49 276.509 322.098 276.022 252.55 530.48 204.427 819.33 760.374 306.267 199.334 196.389 196.328 243.305 195.31 194.471 194.171 191.03 190.187 715.736 189.233 191.809 188.425 477.452 187.383 184.618 183.082 182.342 177.797 237.486 177.363 172.399 169.409 166.657 163.309 163.259
threshold=0 1 2 3 4 5 6 0.098654624074697508 0.081555202603340163 0.13790328800678256 7 9.5000000000000018 8 0.056865874677896507 9 0.49626980721950537 10 9.5000000000000018 11 -0.013976481743156908 0.2603727281093598 12 13 14 0.095947422087192549 0.090328950434923186 36.500000000000007 0.3903625756502152 0.10922185331583024 0.41398981213569647 15 -0.30164489150047297 16 17 -0.70900321006774891 18 -0.50556187331676472 0.10038758814334871 19 20 -0.92272481322288502 0.16058247536420825 0.1341296583414078 21 0.1045757830142975 22 0.071016978472471251 0.24372619390487674 23 -2.3023446202278133 0.10038758814334871 0.055219287052750594 -0.099822327494621263 0.15358696132898333 0.16058247536420825 0.14500886201858523 0.11368945986032487 24 25 26 0.11874964460730554 0.14242830872535708 27 28 0.14952706545591357 0.27694219350814825 0.10038758814334871 0.11604157090187074 0.051437802612781532 0.056865874677896507 0.06530440598726274 0.12977331131696704 29 -0.26867066323757166 0.059393314644694335 0.059944719076156623 0.064750330522656455 30 0.015936902258545164 0.10989969968795778 -0.5917624533176421 31 32 0.055219287052750594 0.020426410250365738 0.11849759146571161 0.07936600968241693 33 0.12313740327954294 34 35 0.1321084722876549 0.10945477336645128 0.12977331131696704 36 37 38 0.084925193339586272 39 40 0.24372619390487674 0.095947422087192549 0.35846313834190374 38.500000000000007 0.076740767806768431 -0.89017319679260243 41 42 0.088881377130746855 43 44 11.500000000000002 0.092709075659513487 0.095947422087192549 45 46 0.072865519672632231 0.058846931904554374 0.1661387383937836 0.12835267186164859 0.17269647866487506 47 48 49 -0.45820881426334376 50
decision_type=9 9 9 9 9 9 9 2 8 2 9 2 9 2 9 2 9 2 9 2 2 9 9 9 2 10 2 2 10 2 9 2 9 9 2 9 2 2 9 9 2 2 10 9 2 9 8 2 9 10 2 2 2 2 2 2 2 9 9 9 2 2 9 9 2 2 2 10 8 2 8 10 9 2 2 2 2 9 10 10 2 9 9 2 2 10 2 9 8 9 9 2 2 8 9 9 9 2 9 9 2 2 2 2 2 2 1 9 10 9 9 2 2 2 9 9 8 2 10 2 10 9 9 9 8 9
left_child=1 25 12 46 6 13 7 18 -9 19 -11 35 -3 14 15 -6 29 43 -2 20 23 -22 69 -7 -25 45 27 33 96 73 -5 32 101 34 104 -12 -37 38 -10 40 -39 -42 -41 74 68 105 -4 52 49 50 51 -49 53 55 -55 56 58 -58 -48 60 -54 -62 -33 66 67 -66 -32 86 -45 70 -21 118 -68 -8 77 -76 -77 79 -79 -18 81 -28 83 84 -47 -30 -65 -56 89 -15 91 92 93 -90 102 -96 99 98 -98 -24 -40 -29 103 -92 -14 -1 -59 -16 109 -104 111 -101 -95 -114 -26 -82 -72 -70 -71 -120 -50 -99 -23 -20 -31 -73
right_child=4 2 3 30 5 9 16 8 37 10 11 -13 26 88 107 -17 17 -19 123 22 21 122 28 24 114 -27 80 31 85 124 63 62 -34 -35 -36 36 -38 39 100 42 41 -43 -44 44 -46 82 47 48 120 -51 -52 -53 59 54 87 -57 57 106 -60 -61 61 -63 -64 64 65 -67 72 -69 117 71 116 125 -74 -75 75 76 -78 78 -80 -81 115 -83 -84 -85 -86 -87 -88 -89 90 -91 94 -93 -94 112 95 -97 97 121 -100 110 -102 -103 108 -105 -106 -107 -108 -109 -110 -111 -112 -113 113 -115 -116 -117 -118 -119 119 -121 -122 -123 -124 -125 -126 -127
leaf_value=0.021126156572975775 -0.00067029828135867892 0.0061273403560831614 0.00053108349925594486 0.0028696544366645419 -0.12476437413055479 -0.010636890577943415 0.0011900239561897785 -0.044078686435210998 0.0041663328738676978 -0.1244090420593981 0.024813780225098395 -0.052582256650081691 0.010884127472358214 -0.0057051776449238726 -0.00051554257568592885 -0.014007641034089585 0.0026074661163708684 -0.016579405427402265 0.020542518879501155 -0.010802019647865351 -0.026482441395673958 -0.00075064781122781941 -0.022040332673785745 0.0027492216610992279 -0.012341339833468568 0.025897907356592295 -0.00031450850006823478 0.00087310095645898994 0.0046617011719791946 0.0034261512156808747 -0.013233576494650068 -0.0034027354742129142 -0.0099083088677617091 0.0020307380948220329 0.003345028494028888 -0.037922461033584112 0.0012441458306792256 -0.054254516317063697 -0.015316983943635147 -0.00016502718317690853 0.0021552246873873609 -0.041264701304745063 -0.017446879613739637 -0.052822396755218499 -0.036100246166932755 -0.042189854685861769 0.016378227360167023 -0.040927832336728164 -0.010810079019771584 -0.010373311653929008 -0.085752898044369183 0.0083032081139684938 -0.011538861161473679 -0.063672351710822278 -0.050657797338868917 0.011366742949902814 -0.093274532810586397 -0.010540842237363002 -0.0040959678965437158 -0.0085422581318075792 -0.11154517712959876 -0.021592516727377508 0.0028591660542702391 -0.002285294121497655 -0.029241888970950144 -0.09403846573039383 0.0174282112419374 0.023385903743203793 -0.013344204370395071 -0.013754103022142309 -0.0050336673868303537 -0.01688466562171995 0.0012147889698097805 -0.0037358590116607603 0.011418096864850874 -0.025254724612967905 -0.0005478480402262753 -0.013773152968401434 -0.0016673031499724567 -0.01527241758831826 0.0039315636935154524 -0.0055420436488599293 -0.0002511583618396229 0.01475863220887602 0.010770386600830628 -0.0087302149520960496 -0.010978649390620356 -0.0077850225285106683 -0.022944997988237313 0.019613087779136132 0.011228875340020823 0.022640479109568956 -0.037163473083042214 0.0058743929183696442 -0.025029460763790989 0.001327225663622054 -0.080090860641785777 -0.016470328995654749 -0.0083789553834774655 -0.009467258273220527 -0.038761905908887818 0.020074872139089973 -0.040154255470239368 0.0021503050376335624 0.027508079734881917 0.0087076090305251309 0.018978653234852236 -0.012125011277158945 0.010748567957289599 0.0016583463506526588 0.0016054027687675027 0.0005410902897835377 -0.040613692042811608 0.014058864187790924 0.0035787207544904251 -0.0019988974551828557 -0.033200659467812026 -0.00030706572380519815 -0.00031364292713410646 -0.046563167992596313 0.005071235976367789 -0.064389179903082558 -0.011469351273110499 0.01067925603111697 -0.0083220709598025352 -0.037803259341676269
leaf_weight=1296 3509 18552 3146 21098 130 9186 13495 480 1080 172 243 460 5026 578 3805 200 3920 8757 1802 1127 4005 2925 1082 14793 3481 1276 11437 1811 3664 1148 1319 11195 7976 35169 7560 319 571 229 625 19461 1261 394 919 122 410 267 1498 1014 6730 1412 216 246 2255 183 110 1788 121 1724 4428 10851 194 185 14614 15192 497 102 865 335 2441 18245 237 925 13732 26069 1971 457 3268 4504 2424 754 7796 20477 6187 2504 307 1492 3007 1307 580 1351 6004 291 304 1539 785 5029 126 118 5214 7992 687 651 420 4766 728 9123 226 1912 993 2539 2720 2197 297 277 822 11954 1701 1597 1511 106 698 313 2430 11863 14624 591
leaf_count=1296 3509 18552 3146 21098 130 9186 13495 480 1080 172 243 460 5026 578 3805 200 3920 8757 1802 1127 4005 2925 1082 14793 3481 1276 11437 1811 3664 1148 1319 11195 7976 35169 7560 319 571 229 625 19461 1261 394 919 122 410 267 1498 1014 6730 1412 216 246 2255 183 110 1788 121 1724 4428 10851 194 185 14614 15192 497 102 865 335 2441 18245 237 925 13732 26069 1971 457 3268 4504 2424 754 7796 20477 6187 2504 307 1492 3007 1307 580 1351 6004 291 304 1539 785 5029 126 118 5214 7992 687 651 420 4766 728 9123 226 1912 993 2539 2720 2197 297 277 822 11954 1701 1597 1511 106 698 313 2430 11863 14624 591
internal_value=-0.00236246 -0.000142111 -0.000824945 -0.00338514 -0.00477485 -0.00659083 -0.0030675 0.00149939 -0.00390795 -0.00921923 -0.0295176 -0.018305 0.000736277 0.000746865 -0.00734844 -0.0561867 -0.00531522 -0.00841667 0.00941424 -0.00880817 -0.00621163 -0.0145876 -0.0107881 -0.00343918 2.91569e-05 0.00797981 2.56233e-06 0.00130671 -0.00672535 -0.00359743 -0.000161434 -0.00167685 -0.00617557 0.00353727 0.00750917 -0.00451573 -0.0126787 -0.00312415 -0.0132516 -0.00203553 -0.013751 -0.00820028 -0.000944676 -0.00515116 -0.0118777 0.00682108 -0.00810569 -0.0088802 -0.0137612 -0.0250972 -0.039336 -0.0313171 -0.0068551 -0.00227542 -0.0171902 0.000164884 -0.00234078 -0.0121884 0.0011022 -0.0107211 -0.0195838 -0.0678093 0.000142745 -0.00198635 -0.00439485 -0.040414 0.000910004 -0.003231 -0.00951079 -0.0149205 -0.0227952 -0.0137974 0.00218948 -0.00205569 -0.00336467 0.00160767 -0.00358496 -0.00580868 -0.00952461 -0.000278933 -0.00213624 -0.00367056 0.00295646 0.00938193 -0.013895 0.000785519 -0.00372221 -0.0111466 0.00264821 0.0120998 0.00188244 -0.00523041 -0.00794325 -0.00463214 0.00302148 -0.00227197 -0.00868831 -0.013445 -0.0102514 -0.00671103 -0.0274049 0.00593242 0.00511004 0.00721195 0.0129918 0.0102444 -0.00711163 -0.00441406 -0.000605521 -0.00441814 -0.00542975 -0.0073022 0.000403051 -0.0142513 -0.00932037 0.000343117 -0.0297605 -0.00818946 -0.0129091 -0.00337237 -0.00930472 -0.0532101 -0.00562814 0.0119954 -0.00746679 -0.0254197
internal_weight=519224 270385 249425 94479 248839 120568 128271 42310 25136 88768 1765 1593 154946 31800 6047 330 85961 30625 17174 87003 37642 9360 49361 28282 19096 20960 136394 84730 24918 55336 56147 36247 10438 48483 13314 1133 890 24656 2392 22264 1884 1655 20380 21868 4570 19684 38332 35186 10316 2888 1476 1260 24870 11385 1600 9785 7997 2071 5926 13485 2634 379 25809 35049 19133 599 15916 18534 4160 24443 3065 21378 14597 39564 17298 5696 3725 11602 6928 4674 51664 31914 9265 3078 574 5156 18199 1417 25753 1929 23824 3288 2997 2693 20536 5814 19762 5771 5340 13991 1312 2462 14722 10770 5754 10419 1950 5717 3952 2959 12909 10189 2113 574 4303 19750 1938 4038 19862 1617 7428 431 5355 13665 15772 1516
internal_count=519224 270385 249425 94479 248839 120568 128271 42310 25136 88768 1765 1593 154946 31800 6047 330 85961 30625 17174 87003 37642 9360 49361 28282 19096 20960 136394 84730 24918 55336 56147 36247 10438 48483 13314 1133 890 24656 2392 22264 1884 1655 20380 21868 4570 19684 38332 35186 10316 2888 1476 1260 24870 11385 1600 9785 7997 2071 5926 13485 2634 379 25809 35049 19133 599 15916 18534 4160 24443 3065 21378 14597 39564 17298 5696 3725 11602 6928 4674 51664 31914 9265 3078 574 5156 18199 1417 25753 1929 23824 3288 2997 2693 20536 5814 19762 5771 5340 13991 1312 2462 14722 10770 5754 10419 1950 5717 3952 2959 12909 10189 2113 574 4303 19750 1938 4038 19862 1617 7428 431 5355 13665 15772 1516
cat_boundaries=0 2 4 5 7 8 10 12 14 15 17 19 21 23 25 27 29 31 33 35 37 38 40 41 42 43 45 47 49 50 52 53 55 57 58 59 60 61 63 64 65 66 67 69 71 73 75 77 78 80 82 84
cat_threshold=2915318486 17578 84 2 6 2688559618 16384 10 1075904513 4865 303203360 8260 268435456 8192 138420226 0 4096 589824 6672 33555456 64 34766848 8192 1573920 2116 671744 68 84148224 40 2147485696 17408 264192 17416 0 4 1081344 8192 163840 2113544 1 6 10242 1 2147485696 16384 0 16384 84148224 17408 8 0 1024 2097160 2214855296 136 64 2 1 1073807360 2 4 0 4608 4 131072 1 2 1075838977 1 0 512 33603584 8192 269516800 8208 612632704 128 32776 16392 2128 0 4 1048576 2112
is_linear=0
shrinkage=0.03


Tree=35
num_leaves=127
num_cat=33
split_feature=0 5 5 5 5 2 5 5 5 5 0 27 0 2 25 25 5 0 0 23 11 23 0 0 13 0 27 27 5 25 27 11 25 27 25 31 4 0 25 5 11 0 5 5 0 25 0 0 27 27 0 25 0 5 5 27 4 5 0 5 25 27 25 27 22 0 0 21 25 25 0 5 25 5 27 5 0 12 25 27 0 26 27 5 26 25 25 25 22 27 5 11 27 27 5 27 0 5 27 0 0 27 12 25 8 25 25 27 25 25 0 0 12 5 25 4 0 25 5 11 23 3 27 5 26 27
split_gain=4635.59 2854.26 2130.19 1291.83 1156.61 1068.37 1545.08 897.353 857.967 840.751 900.01 1662.6 4225.52 825.903 628.888 1007.81 669.502 674.021 3742.92 901.73 628.281 604.446 602.949 594.899 489.286 482.489 480.607 727.87 834.86 714.129 488.614 479.565 478.193 688.54 989.912 496.216 589.062 473.291 912.336 466.989 452.932 450.453 1043.04 589.404 1336.38 731.821 637.566 1105.62 940.658 671.109 526.405 470.966 445.083 1296.37 835.075 1780.07 668.69 442.667 442.278 1840.15 987.758 875.576 765.149 432.772 513.568 430.309 2106.59 475.491 429.198 425.068 407.39 536.035 874.622 504.628 406.953 400.268 548.017 411.577 389.846 500.236 377.331 368.408 513.898 466.331 738.344 535.1 377.466 508.249 410.913 422.092 393.856 589.807 363.691 359.982 973.888 1372.22 1178.99 524.691 547.755 384.402 1631.86 360.145 486.467 567.614 357.096 630.069 428.233 381.702 366.475 392.424 355.183 353.098 735.818 351.761 554.467 348.731 345.339 337.891 336.168 334.043 1185.03 490.702 661.713 326.06 324.181 339.492
threshold=13030.000000000002 0 1 2 3 4 5 6 7 8 325.00000000000006 0.086274277418851866 475.00000000000006 9 58.500000000000007 52.500000000000007 10 950.00000000000011 850.00000000000011 0.12481230497360231 0.35846313834190374 0.058227287605404861 155.00000000000003 1255.0000000000002 38.500000000000007 6250.0000000000009 0.049178216606378562 0.058846931904554374 11 67.500000000000014 0.059944719076156623 0.39827039837837225 68.500000000000014 0.08212983608245851 113.00000000000001 0.072386119514703764 12 55.000000000000007 22.500000000000004 13 0.79383251070976268 615.00000000000011 14 15 1560.0000000000002 90.500000000000014 950.00000000000011 715.00000000000011 0.086274277418851866 0.095947422087192549 950.00000000000011 85.500000000000014 715.00000000000011 16 17 0.086274277418851866 18 19 615.00000000000011 20 47.500000000000007 0.1321084722876549 18.500000000000004 0.08212983608245851 -0.22818971425294873 1715.0000000000002 2375.0000000000005 0.11373248696327211 63.500000000000007 36.500000000000007 1560.0000000000002 21 47.500000000000007 22 0.1688736900687218 23 325.00000000000006 0.49626980721950537 102.50000000000001 0.10945477336645128 615.00000000000011 0.15855667740106585 0.058047603815793998 24 0.072340067476034178 77.500000000000014 97.500000000000014 76.500000000000014 -0.31997531652450556 0.089248880743980422 25 0.45273815095424658 0.092709075659513487 0.069445703178644194 26 0.10038758814334871 90.000000000000014 27 0.060448419302701957 1225.0000000000002 1100.0000000000002 0.14242830872535708 0.48126256465911871 76.500000000000014 10.500000000000002 26.500000000000004 61.500000000000007 0.10945477336645128 38.500000000000007 43.500000000000007 155.00000000000003 1225.0000000000002 0.50370931625366222 28 26.500000000000004 29 850.00000000000011 68.500000000000014 30 0.24372619390487674 0.038110742345452316 31 0.05270845256745816 32 0.14881563186645511 0.059944719076156623
decision_type=2 9 9 9 9 9 9 9 9 9 2 2 2 9 2 2 9 2 2 10 2 10 2 2 2 2 2 2 9 2 2 2 2 2 2 8 9 2 2 9 2 2 9 9 2 2 2 2 2 2 2 2 2 9 9 2 9 9 2 9 2 2 2 2 10 2 2 10 2 2 2 9 2 9 2 9 2 2 2 2 2 10 2 9 10 2 2 2 8 2 9 2 2 2 9 2 2 9 2 2 2 2 2 2 2 2 2 2 2 2 2 2 2 9 2 9 2 2 9 2 10 1 2 9 10 2
left_child=1 4 -2 13 68 9 21 22 40 10 26 31 -13 14 15 16 -3 18 19 58 -14 -7 37 75 -20 41 -5 28 -28 -29 -31 -12 57 35 -35 -34 -37 38 -8 -19 74 42 69 44 50 -46 47 49 -49 92 -43 -51 54 63 55 -11 -56 -16 -18 62 -61 -62 -60 -54 104 67 -67 -24 -1 -6 71 72 -9 -72 -4 76 -15 -78 79 -57 -70 82 83 85 -85 -58 87 90 -88 -90 -84 -92 -45 97 95 96 -95 -73 -99 100 -96 102 103 -97 105 -65 107 -106 -107 -110 113 112 -74 114 -44 -22 -36 -52 -93 -71 121 -121 -123 -38 125 -77
right_child=2 3 8 5 25 6 7 70 -10 52 11 12 20 23 32 -17 17 39 24 -21 115 -23 65 -25 -26 -27 27 29 -30 30 -32 -33 33 34 116 36 123 -39 -40 -41 -42 43 110 46 45 -47 -48 48 -50 51 117 -53 53 -55 56 78 81 -59 59 60 61 -63 -64 64 -66 66 -68 -69 80 119 73 93 111 -75 -76 124 77 -79 -80 -81 -82 -83 86 84 -86 -87 88 -89 89 -91 91 118 -94 94 99 101 -98 98 -100 -101 -102 -103 -104 -105 106 108 -108 -109 109 -111 -112 -113 -114 -115 -116 -117 -118 -119 -120 120 -122 122 -124 -125 -126 -127
leaf_value=0.012143171453523708 -0.11133415352673899 0.0086207963110266541 -0.048934846080765863 0.0072463507302940357 -0.021323092839947811 -0.049307816155375009 -0.056881430331956258 -0.078031492122074428 -0.0013461336797082472 0.0029464058956351381 0.0056349254019306275 -0.13512575481472344 -0.0042604609777745911 -0.0077951072960669963 -0.03127378641596839 0.0067117159781230062 -0.0068308820684343016 0.007612451690371883 -0.14570729268831872 -0.095953165280729627 -0.0011594344072276982 0.0099949039536452768 0.0018710054760876014 0.010412303570574296 -0.074105870690685305 -0.065010574713791944 -0.0025103130448749151 0.0020951019340681113 -0.025620936765322583 0.0086330702724275975 -0.033572633252804129 -0.0022948611936002882 -0.010237874952182287 -0.0024560653430129686 0.012505885206491631 -0.05634204882167583 0.0088189571419130322 -0.01105683291326629 0.010609281854641562 -0.0081924106559653348 0.0093883818445853803 0.014814123659332287 -0.077246091375482898 -0.0013646076196176446 -0.11874542010568939 -0.0081025031418315695 0.0024260812845456753 -0.11975024395959173 -0.014129277690838327 -0.012860036633527127 -0.0049134159031225698 -0.065611880592378546 0.0081383561889348047 0.0074837293073808132 0.015765113901594772 -0.030303899298022383 0.007717444931141521 -0.013919508462382452 -0.12783118477463723 0.018397149333545016 -0.031256099962416267 0.014472361503024672 -0.047770078832089009 -0.028951220254125311 -0.050982918031774196 -0.13835726595531073 -0.0004253750583037264 -0.013605665819004915 -0.00032390797146691582 -0.0026055929151199619 0.022074870480835961 -0.0098510039668809352 -0.11214524153951962 -0.012544719549032185 -0.11006051661138949 -0.0026038145907689263 -0.007137996438039659 -0.07671426811555157 -0.013589726184891711 -0.081379890908983732 0.020455070877787408 0.009123137212741007 0.0052234437642427424 -0.01330239259772611 0.005803737807627051 -0.0041033495676824575 0.0079159993871886648 0.012333071817877201 -0.010787737608564834 0.013969480673997448 -0.0011420623261130108 -0.054518200448240642 0.020803616855899792 -0.05581946267529856 -0.01184569291319312 -0.035337372365644562 0.00014473947095915959 -0.0016480616441522508 0.020121054921693197 -0.0052824152711166408 -0.11656640503608005 -0.023950210935880033 -0.037667266505185502 -0.1064577447118487 -0.045560330255625468 0.017080206098019149 0.014616182831468412 -0.0080778625437806385 -0.015125297638561429 0.015998561615124345 0.0038028745109089396 -0.010833788760148828 -0.012731657552362573 -0.00095158900454766148 -0.011275645057826437 -0.022359324596326526 -0.038699114485046988 0.0092906455451802396 0.0088658936279623415 -0.0031854601836146064 -0.0010716748078587449 -0.071002802767876003 -0.025923493134934934 -0.022593641344513433 0.0038114465990820379 -0.0075610879687292888
leaf_weight=11592 390 2015 706 1255 1574 960 197 229 526 4096 19817 231 19516 745 1651 5261 9772 2785 174 110 910 184 30967 2639 177 100 2011 4118 4766 327 1002 10500 7149 13048 135 441 331 8296 2012 4216 102 7007 130 3791 112 103 38008 140 165 2855 2796 160 1196 21772 2530 1753 4922 7003 159 793 1646 488 334 748 285 117 641 1895 5678 14508 888 5739 100 647 114 33078 115 229 1198 191 912 3806 12882 7671 2386 11491 1963 4766 5299 701 11121 284 807 399 2363 170 2214 5498 1282 18979 141 618 746 253 643 955 221 395 1242 515 25440 1679 200 8105 924 3003 947 3268 104 588 4255 362 1536 2835 4628 19922
leaf_count=11592 390 2015 706 1255 1574 960 197 229 526 4096 19817 231 19516 745 1651 5261 9772 2785 174 110 910 184 30967 2639 177 100 2011 4118 4766 327 1002 10500 7149 13048 135 441 331 8296 2012 4216 102 7007 130 3791 112 103 38008 140 165 2855 2796 160 1196 21772 2530 1753 4922 7003 159 793 1646 488 334 748 285 117 641 1895 5678 14508 888 5739 100 647 114 33078 115 229 1198 191 912 3806 12882 7671 2386 11491 1963 4766 5299 701 11121 284 807 399 2363 170 2214 5498 1282 18979 141 618 746 253 643 955 221 395 1242 515 25440 1679 200 8105 924 3003 947 3268 104 588 4255 362 1536 2835 4628 19922
internal_value=-0.00229355 -0.00212467 -0.0498395 -0.00344693 0.00162746 -0.00224894 -0.00495095 -0.00448883 -0.0322205 -0.000880208 -0.00349396 -0.00176275 -0.00772259 -0.00598249 -0.00844073 -0.00511658 -0.00786185 -0.00946983 -0.013355 -0.010799 -0.00646074 -0.0394249 -0.00149762 -0.00351862 -0.109914 0.000530874 -0.0104286 -0.0122437 -0.018806 -0.00407709 -0.0231893 0.00288854 -0.0112111 -0.00909811 -0.00474384 -0.0148173 -0.0238882 -0.00777123 0.0045674 -0.00190587 -0.0496108 0.00058767 -0.00130553 0.00242363 0.00798562 -0.0660227 0.00081254 -0.00693109 -0.0628439 -0.00468309 0.00921402 -0.0156803 0.000796987 0.00403898 -0.000378171 -0.0100704 0.00062655 -0.0172858 -0.0100818 -0.0193658 -0.0101411 -0.0207971 -0.0723333 -0.00805598 -0.0119435 0.000462381 -0.0218699 0.00097815 0.00866332 -0.00628204 -0.00761937 -0.00819465 -0.0225479 0.00754615 -0.0575565 -0.0041455 -0.0220795 -0.0535429 -0.0270672 -0.0353614 0.00255439 5.81262e-05 -0.000484569 -0.00367818 -0.00876067 -0.000557886 0.00179281 0.00337377 -0.00399566 -0.00789342 0.00162269 -0.00241018 0.00252984 -0.00736103 -0.00938296 -0.0222291 -0.00841897 -0.00318615 0.00246689 -0.0067375 -0.0177867 -0.0425311 -0.0523251 -0.0780258 -0.00957546 -0.00459442 -0.0232499 -0.0313183 0.00213166 -0.00599857 0.00197852 -0.0162053 -0.046132 -0.0030865 -0.019295 -0.0174307 -0.0323047 0.00274168 -0.0387231 -0.00516989 -0.0106876 -0.027139 -0.0345542 -0.0193513 -0.00380173 -0.0044673
internal_weight=519586 517748 1838 382832 134916 260006 87414 86270 1448 172592 67456 53977 23660 122826 61470 27930 22669 20654 13653 13302 23429 1144 44125 61356 351 116734 13479 12224 6777 5447 1329 30317 33540 24886 14130 10756 3607 10505 2209 7001 922 116634 57422 59212 13286 215 45926 7918 305 7613 13071 3015 105136 27972 77164 7238 69926 8654 13192 3420 2927 2134 493 6200 5004 33620 758 32862 18182 22823 42145 40610 2208 1535 820 58717 1089 344 3142 1944 6590 67396 63590 26470 10057 16413 37120 29157 7963 6000 24391 11509 4598 38402 25883 4400 2613 12519 6780 21483 2504 1787 1169 423 4719 3460 1259 1038 2712 1757 34599 1979 300 9159 1054 3913 1082 6064 388 21249 6741 2486 1898 3166 57628 53000
internal_count=519586 517748 1838 382832 134916 260006 87414 86270 1448 172592 67456 53977 23660 122826 61470 27930 22669 20654 13653 13302 23429 1144 44125 61356 351 116734 13479 12224 6777 5447 1329 30317 33540 24886 14130 10756 3607 10505 2209 7001 922 116634 57422 59212 13286 215 45926 7918 305 7613 13071 3015 105136 27972 77164 7238 69926 8654 13192 3420 2927 2134 493 6200 5004 33620 758 32862 18182 22823 42145 40610 2208 1535 820 58717 1089 344 3142 1944 6590 67396 63590 26470 10057 16413 37120 29157 7963 6000 24391 11509 4598 38402 25883 4400 2613 12519 6780 21483 2504 1787 1169 423 4719 3460 1259 1038 2712 1757 34599 1979 300 9159 1054 3913 1082 6064 388 21249 6741 2486 1898 3166 57628 53000
cat_boundaries=0 2 4 6 8 9 10 12 14 16 17 19 20 21 23 25 27 29 30 31 32 33 35 37 38 40 42 44 46 47 48 50 51 52
cat_threshold=423901270 170 268435458 8192 2671657 2116 20 2 6 131072 110100608 9233 35127296 4 1183842304 8209 5 1 2048 1149239296 1 2621472 64 16777218 128 2050 128 2147614720 1024 536870912 4 16384 525312 0 4096 2147484160 4096 1 131200 17920 640 20736 1073741824 16640 66048 512 10240 1 131072 512 2 32768
is_linear=0
shrinkage=0.03


Tree=36
num_leaves=127
num_cat=43
split_feature=1 5 5 5 5 1 27 1 21 5 1 1 32 23 26 5 27 23 27 5 12 23 1 1 5 5 27 1 5 12 4 30 27 5 5 11 29 13 5 5 22 1 5 5 5 1 5 1 27 5 1 4 27 30 27 5 27 5 11 5 4 5 26 21 29 21 27 24 26 5 1 27 27 5 4 11 27 8 12 27 1 1 5 13 11 1 5 27 1 5 5 1 27 30 26 1 5 22 1 32 11 5 5 4 8 5 1 27 27 1 1 29 5 28 5 1 28 27 5 1 5 12 29 12 1 5
split_gain=5208.27 2614.85 2093.69 1321.88 1001.29 839.831 1521.41 1832.43 1375.15 1015.17 760.861 659.5 596.82 593.776 589.318 905.533 815.908 719.4 569.095 1866.29 1162.79 754.837 739.885 4872.25 2129.34 1225.99 737.358 688.185 1929.69 572.193 540.198 534.285 528.631 615.272 508.801 507.045 886.3 599.819 503.565 471.549 466.008 463.645 454.157 444.395 431.138 624.078 1370.12 420.795 411.838 400.846 644.408 1005.38 394.051 391.647 358.581 1017.49 445.491 438.964 511.774 368.977 357.032 355.025 353.114 344.004 341.401 331.224 658.432 328.491 328.397 316.675 1333.66 950.177 747.876 1056.85 585.262 634.369 329.566 344.823 324.887 316.166 312.937 302.921 977.138 790.23 295.77 292.777 831.98 345.978 289.466 764.366 500.508 532.626 311.85 494.768 311.812 1012.33 288.393 287.819 287.785 281.272 429.982 795.713 277.558 275.855 275.846 269.287 267.429 266.943 438.183 265.401 262.775 270.622 545.428 262.379 259.931 258.268 327.312 257.795 320.094 397.208 317.918 253.817 251.047 247.414 246.193 308.288
threshold=9.461545944213869 0 1 2 3 5.759707212448121 0.095947422087192549 6.1640367507934579 0.050048705190420158 4 7.3527534008026132 4.1348783969879159 0.12430509924888612 0.064333807677030577 0.099273119121789946 5 0.058846931904554374 0.091522067785263075 0.069445703178644194 6 -1.0000000180025095e-35 0.081555202603340163 6.8561301231384286 6.744683265686036 7 8 0.076740767806768431 6.4229502677917489 9 0.88522326946258556 10 0.086054746061563506 0.064750330522656455 11 12 0.35846313834190374 0.15539915859699252 39.500000000000007 13 14 0.20159854739904406 5.0493419170379648 15 16 17 5.1923544406890878 18 5.4143788814544687 0.07936600968241693 19 5.759707212448121 20 0.086274277418851866 0.074335586279630675 0.058047603815793998 21 0.049178216606378562 22 -0.5917624533176421 23 24 25 0.032988865859806545 0.035404589027166374 0.14472704380750659 0.066236898303031935 0.098019190132617964 0.99172651767730724 0.072778787463903441 26 7.1113042831420907 0.11368945986032487 0.12240357697010042 27 28 0.24372619390487674 0.16058247536420825 9.5000000000000018 -0.79904326796531666 0.052256155759096153 4.5047848224639901 4.7054555416107187 29 41.500000000000007 0.23537775129079822 5.759707212448121 30 0.053263295441865928 6.8561301231384286 31 32 6.744683265686036 0.051913643255829818 0.058018375188112266 0.33979515731334692 6.4229502677917489 33 -0.28042785823345179 4.5047848224639901 0.18566475808620456 0.23537775129079822 34 35 36 8.5000000000000018 37 7.5704805850982675 0.07936600968241693 0.098019190132617964 6.8561301231384286 4.9065351486206064 0.069317996501922621 38 0.084366433322429671 39 5.0493419170379648 0.12542224675416949 0.069445703178644194 40 4.5047848224639901 41 0.84658399224281322 0.040852611884474761 -0.36648371815681452 5.0493419170379648 42
decision_type=2 9 9 9 9 2 2 2 8 9 2 2 8 8 10 9 2 8 2 9 2 8 2 2 9 9 2 2 9 2 9 10 2 9 9 2 8 2 9 9 10 2 9 9 9 2 9 2 2 9 2 9 2 8 2 9 2 9 2 9 9 9 10 10 8 8 2 2 10 9 2 2 2 9 9 2 2 2 2 2 2 2 9 2 2 2 9 2 2 9 9 2 2 8 10 2 9 10 2 10 2 9 9 9 2 9 2 2 2 2 2 10 9 10 9 2 10 2 9 2 9 2 10 2 2 9
left_child=1 4 13 10 48 14 42 -8 -9 12 18 -6 -10 -2 15 81 17 -17 19 41 49 62 23 24 38 -24 -27 34 68 52 65 40 -18 98 -26 37 113 61 -23 -4 -22 -3 88 109 45 46 -19 103 -1 -21 79 67 -25 -40 55 56 -44 58 -56 63 -57 -13 -20 -58 -28 -30 -67 -52 -29 -14 74 -72 73 104 -71 -76 77 -74 -75 -51 -48 82 83 -5 -66 86 87 -38 90 -90 -7 92 93 -92 -94 -96 -95 -61 -34 100 101 -15 -83 -46 -73 -86 -63 -55 -109 -11 -33 112 -112 -37 -16 116 -116 120 119 -119 123 -104 -115 -84 -82 -126
right_child=2 3 39 5 11 6 7 8 9 43 -12 35 69 99 114 16 32 44 21 20 31 22 25 29 27 26 64 28 30 -31 -32 110 33 -35 -36 36 85 -39 53 -41 -42 -43 54 -45 47 -47 80 -49 -50 50 51 -53 -54 107 57 60 59 -59 -60 97 -62 106 -64 -65 84 66 -68 -69 -70 70 71 72 76 78 75 -77 -78 -79 -80 -81 124 102 117 -85 105 -87 -88 -89 89 -91 91 -93 94 96 95 -97 -98 -99 -100 -101 -102 -103 121 -105 -106 -107 -108 108 -110 -111 111 -113 -114 122 115 -117 -118 118 -120 -121 -122 -123 -124 -125 125 -127
leaf_value=0.016758182022555433 -0.014338366633806473 -0.010473808266150627 -0.033912129905302409 0.0046280427320915104 -0.01424230070551954 0.0082536068702247188 -0.11787007085920319 -0.11445859868116308 -0.051908891305382197 0.026896754426505944 0.009999864756564834 0.013709545677146683 -0.0060777856267231973 -0.046974626722106012 0.012492774049374213 -0.0016508497251682133 0.00072648739558791979 -0.078164314215971253 -0.0075398417583714683 0.0047060097013769623 -0.012067051121961212 0.010920500042669659 0.009994756557089788 -0.12853566178144551 -0.03734332057327433 -0.022198610810843063 0.0024228394095447197 -0.016559956166538634 -0.027370272186350693 -0.15161039687550934 -0.12318674665689469 0.013495606205596795 0.02034472578603784 -0.024898848032629962 -0.0095768653209291083 0.0090185878632042561 -0.090214870134900718 -0.0003940713225385677 -0.031381013038802925 0.014260191141929999 0.0075143174816309126 0.016840497105885418 0.0019915086436578526 -0.0016036057422561373 -0.0060613057899357708 -0.0044984412961819719 0.023773041626498584 -0.026276048999075281 0.00026085329908792946 -0.021807273286529923 -0.072887811718041415 -0.0068860668253426906 -0.064759643590887594 0.0058894954785817443 0.0020849845710223022 0.00028530044663514727 -0.001623605965715416 0.0025032681801142437 0.014086681205573329 -0.032725497726394999 0.010640674944153879 0.0044445163229949961 -0.059973194049266369 -0.030446316796182957 -0.0054861380748121311 -0.10997787349519476 -0.032581171175288082 -0.025190038722675438 -0.04860613648736762 0.010809268504041345 0.0023659518994247368 -0.0036491449304989405 0.028986293338090177 -0.095271056854143374 -0.0041626330427837737 -0.045457656872080664 -0.050640492789433708 -0.029661888683128815 -0.16972746940220101 0.0073249680427070066 -0.029230085609764214 0.0032214339227536024 0.026858002741884806 -0.09996704098942516 -0.0015667114490850794 -0.0052705459152826567 -0.0084412642910420468 -0.035814654454162653 -0.013654751149594045 0.00072187462172024729 0.017153720963283402 0.050144374645158141 0.00045950806652945108 -0.037295289928826053 -0.10327399637248065 -0.0034491194126894695 -0.010857584387598112 0.01949045359458336 -0.0067873242560765046 -0.12513480063170604 -0.025985639165429508 -0.11531100275633217 -0.005064311050533234 -0.025936198441808455 -0.06758938372135162 -0.015626006278215705 -0.030595250799117353 -0.011494171833184061 0.006485748894902805 0.0053645722199182995 0.01365350879708214 -0.0026019034318178328 -0.029191290767593719 -0.021540321650640806 -0.005596540679374329 0.0035339231941788358 -0.05088272742927074 -0.063386429973466732 -0.0083670474979813513 -0.0067600365502390718 -0.0046441978925697422 0.0014298052382512711 0.0012988751363614561 0.00055065376912507246 0.026130525172022835 -0.017141373265210699
leaf_weight=5566 116 639 388 101 2409 6070 126 100 271 698 2694 3932 29070 321 2180 3862 9280 343 169 10057 23326 2459 4144 116 681 2728 3847 2897 186 130 159 788 381 1868 4435 4420 139 29660 459 331 1147 4450 1347 46296 2092 4649 185 4989 1803 378 306 2269 367 2240 5638 10294 1392 37992 7388 1455 4226 40559 367 508 24529 225 178 228 319 1511 453 139 124 122 1326 447 410 324 101 2907 769 10059 540 181 1598 8527 2514 436 5276 8989 506 177 16601 434 110 519 2500 101 4460 145 118 418 15076 898 107 5445 196 4196 1719 1962 368 8892 937 451 783 3746 175 230 3367 216 7949 8453 10384 794 199 495
leaf_count=5566 116 639 388 101 2409 6070 126 100 271 698 2694 3932 29070 321 2180 3862 9280 343 169 10057 23326 2459 4144 116 681 2728 3847 2897 186 130 159 788 381 1868 4435 4420 139 29660 459 331 1147 4450 1347 46296 2092 4649 185 4989 1803 378 306 2269 367 2240 5638 10294 1392 37992 7388 1455 4226 40559 367 508 24529 225 178 228 319 1511 453 139 124 122 1326 447 410 324 101 2907 769 10059 540 181 1598 8527 2514 436 5276 8989 506 177 16601 434 110 519 2500 101 4460 145 118 418 15076 898 107 5445 196 4196 1719 1962 368 8892 937 451 783 3746 175 230 3367 216 7949 8453 10384 794 199 495
internal_value=-0.00223184 -0.00205275 -0.0526428 -0.00316726 0.00202808 -0.00204007 -0.000941417 -0.00400136 -0.00382805 -0.00369396 -0.0057647 0.00126756 -0.00764207 -0.0780368 -0.00446732 -0.00517981 -0.00887173 -0.0131672 -0.00611833 -0.00393272 -0.0056421 -0.00806667 -0.00776492 -0.0124024 -0.00986549 -0.00548756 -0.0071704 -0.0206226 -0.0300277 -0.0956534 -0.0731425 -0.00868189 -0.00391176 -0.0103266 -0.0133712 0.00163696 -0.00189486 0.00291347 -0.00102389 -0.0118547 -0.011149 0.0133831 0.00135204 -0.000917489 -0.0162093 -0.0105036 -0.0245691 -0.0209162 0.0127051 0.00103058 -0.00504024 -0.0156121 -0.0803104 -0.00444318 0.00281664 -0.000663388 -0.0126162 0.00413523 0.00888576 -0.0183451 0.00329745 0.00510873 -0.0434859 -0.00929297 -0.00601435 -0.0606869 -0.075958 -0.0526076 -0.0196916 -0.00729135 -0.0142152 -0.0351471 -0.0479451 -0.0783853 -0.0029057 -0.0145935 -0.0312341 -0.0134005 -0.124062 0.00396715 -0.0128219 -0.00246764 -0.00628559 -0.0604844 -0.00704245 -0.00813829 -0.0160503 -0.0482612 -0.00114998 -0.00460506 0.000680764 -0.00152773 -0.00197335 -0.0102188 -0.000326632 -0.0210428 -0.0149437 -0.0291387 -0.00463862 -0.0861675 -0.0794362 -0.0879243 -0.000947548 -0.0120371 -0.0303912 -0.0124611 0.00427421 -0.00292879 -0.00626869 0.0109815 -0.0031849 -0.00447513 -0.0172272 0.00285945 0.00396082 -2.15138e-05 -0.0139135 -0.00506393 -0.0116343 -0.0352499 -0.00236965 -0.00273012 0.000346308 0.0111286 -0.0175501 -0.00458435
internal_weight=519242 517405 1837 406409 110996 283430 195110 83587 83461 83361 122979 103627 34405 1118 88320 81436 34470 18481 120285 56692 51603 63593 63057 20766 20153 42291 38147 9080 3964 613 748 35458 15989 6709 5116 101218 26871 74347 11073 719 24473 5089 111523 48956 14619 6640 1991 7979 7369 16145 6088 2803 483 8614 70341 19323 4803 51018 13026 3456 14520 44687 536 1900 35419 589 403 534 3216 34134 5064 1780 1327 469 3284 1773 858 448 223 3285 1648 46966 13378 282 31572 11616 3089 575 41182 14265 26917 20847 20670 3440 17230 629 2934 1556 4841 1002 857 739 33588 2990 246 7043 40755 8155 5915 2660 10985 10197 1305 15255 6884 4704 958 13096 3813 446 9283 23529 10835 1334 1463 694
internal_count=519242 517405 1837 406409 110996 283430 195110 83587 83461 83361 122979 103627 34405 1118 88320 81436 34470 18481 120285 56692 51603 63593 63057 20766 20153 42291 38147 9080 3964 613 748 35458 15989 6709 5116 101218 26871 74347 11073 719 24473 5089 111523 48956 14619 6640 1991 7979 7369 16145 6088 2803 483 8614 70341 19323 4803 51018 13026 3456 14520 44687 536 1900 35419 589 403 534 3216 34134 5064 1780 1327 469 3284 1773 858 448 223 3285 1648 46966 13378 282 31572 11616 3089 575 41182 14265 26917 20847 20670 3440 17230 629 2934 1556 4841 1002 857 739 33588 2990 246 7043 40755 8155 5915 2660 10985 10197 1305 15255 6884 4704 958 13096 3813 446 9283 23529 10835 1334 1463 694
cat_boundaries=0 2 4 6 8 10 12 14 16 18 19 20 22 23 25 27 29 30 32 34 36 37 39 41 43 44 45 47 48 49 51 52 53 54 56 58 60 61 63 64 66 68 70 71
cat_threshold=423895126 42 303038466 8196 2671657 2116 16 2 1677852672 25360 1140854912 18304 32768 4 32777 2116 2622496 64 2113536 1 33622528 1 16384 1 68 537395200 2048 2224029696 4480 68096 8522240 4096 131072 4096 2098208 2048 1 1073744384 512 1073744384 513 2048 512 1 4 536870912 8976 1073872896 1 0 512 2 2148532224 2148532224 0 128 33554432 4 1140854912 512 1 16384 2048 2098176 41945088 1 0 16384 0 16640 2048
is_linear=0
shrinkage=0.03


Tree=37
num_leaves=127
num_cat=40
split_feature=1 5 5 5 12 11 30 5 5 5 5 2 1 5 2 5 23 27 30 27 5 5 12 11 27 1 1 5 5 27 29 5 28 32 11 13 27 12 12 29 1 8 5 1 27 11 20 1 12 5 5 28 5 1 24 27 8 1 1 27 26 5 26 5 5 27 5 31 2 5 5 20 11 27 5 1 1 1 5 20 28 1 1 20 1 23 30 11 27 5 1 5 1 27 5 1 5 27 11 5 27 1 32 1 11 12 5 27 5 5 29 3 1 1 32 27 5 11 27 20 27 27 27 3 1 1
split_gain=4731.54 2398.75 1900.14 1074.47 1062.26 1644.13 1234.7 1023.69 873.632 854.623 754.604 967.778 683.57 1122.11 627.264 611.479 882.155 628.019 810.033 501.167 584.328 485.934 582.463 484.349 627.828 464.552 2388.84 836.477 562.693 478.859 471.531 471.091 458.56 448.773 1231.28 431.143 414.705 413.934 379.01 370.673 369.451 321.414 528.634 826.948 545.045 501.189 474.521 469.682 386.087 387.65 378.594 310.604 303.67 703.238 287.493 327.42 368.662 283.621 302.842 283.395 278.543 393.974 299.072 275.258 269.77 263.451 658.131 263.294 256.453 350.058 268.542 264.125 255.407 270.841 248.391 1337.33 946.269 243.855 375.143 454.036 237.432 236.026 308.304 239.753 234.468 232.632 232.242 232.12 231.894 229.888 294.567 682.492 284.25 475.386 576.808 231.428 227.627 227.368 223.582 218.519 338.358 218.433 242.204 218.206 216.845 527.627 283.751 205.776 420.521 372.948 562.625 297.821 309.162 317.31 217.141 216.74 204.128 203.004 200.192 198.095 195.135 189.765 248.797 295.76 195.927 187.892
threshold=9.461545944213869 0 1 2 -0.73284119367599476 0.24372619390487674 0.19365485012531283 3 4 5 6 7 5.759707212448121 8 9 10 0.07194120436906816 0.053263295441865928 0.10685699060559274 0.052256155759096153 11 12 0.071972697973251357 -0.87395131587982167 0.1575826704502106 6.8561301231384286 6.744683265686036 13 14 0.098019190132617964 0.14472704380750659 15 0.053337536752223975 0.17540762573480609 1.0000000180025095e-35 38.500000000000007 0.16058247536420825 0.87291088700294506 0.7074720859527589 0.092177450656890883 7.5704805850982675 9.5000000000000018 16 7.1113042831420907 0.12240357697010042 0.4906576424837113 75.500000000000014 4.5047848224639901 -0.21862536668777463 17 18 0.102102879434824 19 5.759707212448121 0.94705945253372203 0.058047603815793998 8.5000000000000018 4.0213496685028085 5.759707212448121 0.064750330522656455 0.1111494228243828 20 0.10056356340646745 21 22 0.16058247536420825 23 0.058672610670328147 24 25 26 39.500000000000007 -0.67803022265434254 0.07936600968241693 27 7.1552743911743173 7.3527534008026132 6.8561301231384286 28 80.500000000000014 0.11491271480917932 7.3876662254333505 7.1552743911743173 88.500000000000014 4.5047848224639901 0.039356207475066192 0.071350455284118666 0.24372619390487674 0.05270845256745816 29 5.759707212448121 30 6.5665833950042733 0.076740767806768431 31 6.4229502677917489 32 0.086274277418851866 -0.8337765336036681 33 0.11368945986032487 7.3527534008026132 0.21750915795564654 6.4229502677917489 0.24372619390487674 -0.41399101912975306 34 0.16058247536420825 35 36 0.09549861773848535 37 7.3527534008026132 7.1113042831420907 0.16802810132503512 0.10038758814334871 38 -0.082689788192510591 0.053263295441865928 75.500000000000014 0.053263295441865928 0.055219287052750594 0.056865874677896507 39 5.0493419170379648 5.0493419170379648
decision_type=2 9 9 9 2 2 10 9 9 9 9 9 2 9 9 9 8 2 10 2 9 9 2 2 2 2 2 9 9 2 10 9 10 8 2 2 2 2 2 10 2 2 9 2 2 2 2 2 2 9 9 10 9 2 2 2 2 2 2 2 10 9 10 9 9 2 9 10 9 9 9 2 2 2 9 2 2 2 9 2 8 2 2 2 2 10 8 2 2 9 2 9 2 2 9 2 9 2 2 9 2 2 10 2 2 2 9 2 9 9 10 1 2 2 10 2 9 2 2 2 2 2 2 1 2 2
left_child=1 3 -2 32 5 9 7 14 23 99 11 63 13 33 52 17 39 18 21 20 -11 -14 -23 -4 51 26 27 30 -27 31 121 -29 54 85 -35 -28 77 41 -10 -17 80 45 43 47 -45 46 50 -43 49 -47 -9 -25 53 98 -1 84 96 -44 -59 -48 61 87 -63 -7 -12 -19 -67 86 70 -70 -51 -72 73 -33 75 -39 -77 78 79 -13 -18 82 89 -83 88 -5 -30 -36 -56 90 -21 95 93 117 -95 -92 -57 -94 -6 100 -3 102 -76 -93 105 106 -82 109 -109 110 114 -112 113 -113 -54 -111 -60 119 -89 -91 -86 -16 123 124 -123 -120
right_child=2 4 8 12 6 10 -8 37 38 19 64 36 15 -15 25 16 40 65 -20 81 -22 22 -24 24 -26 28 35 29 67 -31 -32 72 -34 34 60 -37 -38 74 -40 -41 -42 42 57 44 -46 48 59 -49 -50 68 -52 -53 107 -55 55 56 -58 58 116 -61 -62 62 -64 -65 -66 66 -68 -69 69 -71 71 -73 -74 -75 101 76 -78 -79 -80 -81 104 83 -84 -85 120 -87 -88 118 -90 92 91 103 97 94 -96 -97 -98 -99 -100 -101 -102 -103 -104 -105 -106 -107 -108 108 -110 115 111 112 -114 -115 -116 -117 -118 -119 125 -121 -122 122 -124 -125 -126 -127
leaf_value=0.021661801467238898 -0.10754226562278023 0.014440970224318443 -0.095965416714296495 -0.0061086420622947788 -0.044153474447849603 -0.025705763002013948 0.0041880466004764576 0.0032626880189645202 0.011840966380173889 -0.08316530714095649 0.0054501835375581559 -0.094137965757807848 -0.027547353083748501 0.0015926959937762328 -0.0023351924855174624 -0.023804852312651316 0.0069111187120383518 0.0090678256536938385 0.0203863382236842 0.0095022561078342265 -0.012419492048298154 -0.029116814978027698 0.022417393242379267 -0.045051478413176686 0.008757689876502819 0.0093246557211610886 -0.14128914561646044 0.012540153263011234 0.008367874313123318 0.0068687470972781895 -0.076903427536670982 0.0035257614434831921 0.016253735110728144 -0.0051840151781427854 -0.012748646117688622 -0.066833283465821292 -0.0033517406926369163 0.0028133500256428863 -0.046810523603957516 -0.096237518851821496 -0.028707915978880033 -0.05126012004247206 0.015527026446879541 -0.093220792579650866 -0.025999002023600042 -0.0043889223680085195 0.0064466814243991062 -0.0094661969970744556 -0.0037721339044716308 -0.001015027247625545 -0.0079516315654358377 -0.10126051464947787 0.006996711515077106 -0.063955251524917961 -0.043021321853415825 0.02065129829843269 0.0037222303792758338 -0.01001788102880488 -0.0060763235188360954 -0.0005197980319772194 -0.0059580275092329512 -0.018305359909123468 -0.064932879443352035 0.010067539049896417 -0.0050430209646694663 -0.063792974084762519 0.012700005272432162 -0.019511598048136711 -0.0074624887063613754 -0.03107989584672451 -0.055420163555764679 -0.014384552529572828 -0.013891163724668915 -0.010737953242484662 -0.0018557858927523185 -0.12512634061631703 -0.0068433469754620264 -0.020148760200780439 -0.024398531530016726 -0.019697968558339048 0.0087008308750209234 0.0015461237168236941 0.023496403850762314 -0.057835274527305885 0.0056013705672637703 0.0066958529543027587 -0.0079455147270625845 -0.07521312363445759 -0.0066582824034633744 0.011025811818232577 -0.079223753488980794 0.0056846411875130258 0.015312046685733058 -0.020052720512698539 0.00943092185041834 -0.023319998576771465 0.0013092327573456077 0.0034886147762534323 0.0041593802138859661 0.0053633195142826894 -0.023186919017719614 0.015038897858670398 -0.0081702997729555301 -0.0055834463430498487 -0.0024532516671635068 -0.0011689302770225758 0.0012568641988405587 -0.04552721839352715 -0.0032433600871487086 -0.0062745473042784923 0.020732823687503028 -0.0011891531553835822 0.0094979891425767994 -0.062415949850257349 -0.024253244640992936 0.004214553325963123 -0.0011255240295353925 -0.004476331702597351 -0.065515477422511931 0.00020178159534774248 -0.0065790899195322322 -0.029218384497593539 -0.018887194421516977 -0.012444357380897561 -0.076229617350232218 -0.030283915700872084
leaf_weight=902 395 4499 176 2605 104 212 14892 3660 407 107 2675 193 1290 24942 553 151 5176 16651 734 1450 1098 326 497 478 177 1893 120 799 866 1718 129 1859 4221 12813 191 175 1094 16057 130 110 385 247 612 174 289 5703 8175 10115 34348 1629 10394 109 5304 257 215 2359 6989 8562 15111 14712 703 2684 129 1485 12364 146 280 1624 902 1611 152 1855 9711 3367 31851 125 118 3967 850 120 10028 118 508 126 3139 2503 8362 206 588 2863 142 1861 1803 2095 829 127 726 7768 481 18156 225 617 6599 9137 19183 29597 8545 317 617 23347 108 103 114 292 207 1918 14895 2802 197 3247 1899 135 6154 216 201 450
leaf_count=902 395 4499 176 2605 104 212 14892 3660 407 107 2675 193 1290 24942 553 151 5176 16651 734 1450 1098 326 497 478 177 1893 120 799 866 1718 129 1859 4221 12813 191 175 1094 16057 130 110 385 247 612 174 289 5703 8175 10115 34348 1629 10394 109 5304 257 215 2359 6989 8562 15111 14712 703 2684 129 1485 12364 146 280 1624 902 1611 152 1855 9711 3367 31851 125 118 3967 850 120 10028 118 508 126 3139 2503 8362 206 588 2863 142 1861 1803 2095 829 127 726 7768 481 18156 225 617 6599 9137 19183 29597 8545 317 617 23347 108 103 114 292 207 1918 14895 2802 197 3247 1899 135 6154 216 201 450
internal_value=-0.00211497 -0.00194285 -0.0497109 0.0010894 -0.00331743 -0.000319594 -0.00421235 -0.00469432 -0.0332301 0.00233255 -0.00713006 -0.0146174 0.00014254 -0.00278911 -0.00776323 0.0016359 0.000366697 0.00629371 -0.00674596 -0.000544386 -0.0195578 -0.0161762 0.00196962 -0.050626 -0.0407313 -0.0104022 -0.0127706 -0.0117606 -0.00573871 -0.00816224 -0.0202209 -0.00980879 0.00741054 -0.00764775 -0.00994938 -0.0974954 -0.020092 -0.00353701 -0.0023742 -0.0545828 0.000564188 -0.00444371 -0.00634432 -0.0122117 -0.0514081 -0.00330053 -0.000695661 -0.0104673 -0.0053833 -0.0100519 -0.00503446 -0.0556434 -0.00474679 -0.0224288 0.0051945 0.0042599 0.00753617 -0.00471864 -0.00504152 0.00196873 -0.0233354 -0.0265003 -0.0203935 0.00546174 -0.00317397 0.00847158 -0.0148005 -0.00836783 -0.0152705 -0.0226723 -0.0101019 -0.0174316 -0.0110061 -0.00566434 -0.00135717 0.0017532 -0.067952 -0.0236998 -0.0357847 -0.0637229 0.000719965 0.000112932 0.000320499 -0.0292289 -0.00139101 0.000165844 -0.00641385 -0.0423194 -0.0164357 -2.51966e-05 -0.00321833 -0.00485895 0.0018724 -0.00123536 -0.0117296 -0.0511213 0.0161725 0.0057173 -0.00449026 0.00686643 0.0126176 -0.0026547 -0.0029397 -0.00367306 0.000244086 0.00131829 0.00528165 -0.00427876 -0.0181495 -0.00386688 0.00277138 -0.024368 -0.0339594 -0.0464938 0.00581874 -0.00547596 -0.00362126 0.0022087 -0.0494136 0.00527464 0.00100973 -0.019231 -0.0206237 -0.0399141 -0.0574839 -0.0410958
internal_weight=519809 517937 1872 161560 356377 81921 274456 259564 1477 58961 22960 7921 140522 47423 71051 93099 73175 19924 2847 36081 1205 2113 823 940 764 37882 25137 24842 12745 17454 7388 15736 21038 22481 17373 295 6224 188513 537 261 72914 133146 50005 10825 463 83141 36941 10362 46200 11852 14054 587 33169 842 16817 15915 10074 39180 38568 22887 4560 3857 2813 1697 15039 17077 426 10852 6149 2513 3636 2007 14937 5226 55367 16300 243 5130 1163 313 72529 34876 34632 244 5841 5108 9228 1044 803 34124 12717 11267 21407 11836 2924 269 3085 9571 585 22880 4724 39067 38450 10998 67353 48170 18573 32327 934 31393 6128 617 509 395 5511 25265 30006 8912 853 6110 5038 7259 6706 552 336 647
internal_count=519809 517937 1872 161560 356377 81921 274456 259564 1477 58961 22960 7921 140522 47423 71051 93099 73175 19924 2847 36081 1205 2113 823 940 764 37882 25137 24842 12745 17454 7388 15736 21038 22481 17373 295 6224 188513 537 261 72914 133146 50005 10825 463 83141 36941 10362 46200 11852 14054 587 33169 842 16817 15915 10074 39180 38568 22887 4560 3857 2813 1697 15039 17077 426 10852 6149 2513 3636 2007 14937 5226 55367 16300 243 5130 1163 313 72529 34876 34632 244 5841 5108 9228 1044 803 34124 12717 11267 21407 11836 2924 269 3085 9571 585 22880 4724 39067 38450 10998 67353 48170 18573 32327 934 31393 6128 617 509 395 5511 25265 30006 8912 853 6110 5038 7259 6706 552 336 647
cat_boundaries=0 2 4 6 8 10 12 14 15 16 17 18 20 21 22 24 26 28 30 32 33 34 35 37 38 39 41 43 45 47 49 50 51 53 55 57 58 60 61 63 64
cat_threshold=2571385430 170 268435458 8192 84 2 705577 2112 35127296 4 1108411424 28176 42172416 516 2 20980226 10 4203010 8519680 4096 512 672768 525344 64 1 64 1075838976 16400 538968192 17684 1175453696 4864 1 2 65536 525345 17472 8192 10 1073807360 4097 110100480 8192 612433920 1024 8388608 512 67682305 68 524288 547487872 4 2 1024 17408 2164525056 8 163840 163872 64 2 605028352 13312 2
is_linear=0
shrinkage=0.03


Tree=38
num_leaves=127
num_cat=36
split_feature=0 5 5 5 5 11 13 12 23 12 5 5 0 5 5 0 25 13 26 12 11 5 5 5 5 27 27 27 5 27 5 21 13 25 25 0 3 27 5 27 0 23 0 5 0 4 0 25 26 25 25 25 0 21 5 0 0 5 27 0 0 0 27 0 0 5 5 0 28 27 27 0 25 0 0 27 25 5 25 0 5 25 5 11 30 25 25 8 25 5 0 20 23 25 3 29 0 27 5 0 0 5 0 12 25 5 13 5 4 27 25 25 0 0 0 4 27 12 12 5 0 0 27 5 5 25
split_gain=5080.99 2423.43 1885.26 1061.98 1039.03 649.219 1342.74 952.284 647.81 622.585 714.617 603.558 579.804 1204.47 1067.87 827.644 717.809 1122.58 480.615 467.308 1014.62 575.318 444.536 435.494 433.127 477.241 429.528 618.53 830.068 458.005 409.063 399.392 395.347 392.512 447.721 672.828 723.286 707.947 492.662 542.298 447.515 1091.22 562.972 1033.71 388.802 560.459 1417.93 671.766 387.776 387.461 366.716 349.242 335.374 317.768 308.443 307.972 306.223 472.421 618.394 704.95 304.084 302.822 301.733 809.446 533.155 1039.62 729.72 860.254 471.269 465.741 417.579 880.043 324.382 322.456 301.478 300.9 298.41 296.708 296.565 294.236 1059.06 635.206 522.523 368.048 293.314 288.632 288.33 285.077 284.527 277.65 273.024 268.564 262.092 261.395 253.19 274.81 335.335 271.016 249 246.689 411.112 245.868 297.716 243.419 241.267 995.161 487.103 239.796 238.183 462.571 245.496 422.65 360.456 358.076 263.6 236.517 675.793 422.309 236.5 235.62 525.851 1263.14 693.571 504.823 461.619 235.224
threshold=13030.000000000002 0 1 2 3 0.40614137053489691 38.500000000000007 -0.25206183642148966 0.064333807677030577 -0.13398942351341245 4 5 615.00000000000011 6 7 950.00000000000011 53.500000000000007 13.500000000000002 0.24214403331279757 0.25829915702342993 0.24372619390487674 8 9 10 11 0.059944719076156623 0.058846931904554374 0.10945477336645128 12 0.12240357697010042 13 0.069947797805070891 45.500000000000007 88.500000000000014 81.500000000000014 325.00000000000006 14 0.051913643255829818 15 0.05270845256745816 950.00000000000011 0.12056355178356172 615.00000000000011 16 325.00000000000006 17 950.00000000000011 17.500000000000004 0.10766546800732614 56.500000000000007 66.500000000000014 19.500000000000004 1940.0000000000002 0.11373248696327211 18 155.00000000000003 715.00000000000011 19 0.092709075659513487 615.00000000000011 225.00000000000003 155.00000000000003 0.059944719076156623 325.00000000000006 715.00000000000011 20 21 950.00000000000011 0.15488876402378085 0.092709075659513487 0.092709075659513487 615.00000000000011 7.5000000000000009 155.00000000000003 325.00000000000006 0.060448419302701957 120.50000000000001 22 47.500000000000007 325.00000000000006 23 17.500000000000004 24 -0.5917624533176421 0.17508070915937426 77.500000000000014 58.500000000000007 9.5000000000000018 97.500000000000014 25 950.00000000000011 95.500000000000014 0.11885417997837068 85.500000000000014 26 0.1064862757921219 135.00000000000003 0.056865874677896507 27 155.00000000000003 225.00000000000003 28 225.00000000000003 -0.87397405505180348 89.500000000000014 29 20.500000000000004 30 31 0.049178216606378562 90.500000000000014 96.500000000000014 325.00000000000006 225.00000000000003 155.00000000000003 32 0.055219287052750594 0.50370931625366222 -0.69676771759986866 33 615.00000000000011 950.00000000000011 0.095947422087192549 34 35 60.500000000000007
decision_type=2 9 9 9 9 2 2 2 8 2 9 9 2 9 9 2 2 2 10 2 2 9 9 9 9 2 2 2 9 2 9 10 2 2 2 2 1 2 9 2 2 10 2 9 2 9 2 2 8 2 2 2 2 10 9 2 2 9 2 2 2 2 2 2 2 9 9 2 10 2 2 2 2 2 2 2 2 9 2 2 9 2 9 2 10 2 2 2 2 9 2 2 10 2 1 10 2 2 9 2 2 9 2 2 2 9 2 9 9 2 2 2 2 2 2 9 2 2 2 9 2 2 2 9 9 2
left_child=1 3 8 31 9 6 23 11 -2 10 -3 -7 13 19 15 54 17 -17 33 20 49 -22 -4 26 -8 61 89 118 29 -29 -15 60 104 34 38 36 -36 53 39 -11 41 42 50 -44 55 46 47 -46 -41 51 79 -5 -16 -37 -14 86 57 58 74 -60 115 107 63 93 65 70 67 -66 77 -69 73 -72 -67 78 -27 -51 -61 -65 -64 82 81 -81 -40 -83 -9 -71 -12 -32 -31 -6 -68 -45 -39 -25 95 96 -35 -98 -59 -52 -101 102 -74 -62 105 -10 -107 -26 -21 -110 -111 -112 113 114 -113 116 117 -1 -28 -13 123 122 -122 -121 -123 -75
right_child=2 4 22 12 5 7 24 84 32 18 44 119 14 30 52 16 -18 -19 -20 108 21 -23 -24 62 25 56 27 28 -30 88 87 -33 -34 94 35 37 -38 92 40 48 -42 -43 43 91 45 -47 -48 -49 -50 75 99 -53 -54 -55 -56 -57 -58 98 59 76 103 -63 64 68 66 72 90 69 -70 85 71 -73 101 125 -76 -77 -78 -79 -80 80 -82 83 -84 -85 -86 -87 -88 -89 -90 -91 -92 -93 -94 -95 -96 -97 97 -99 -100 100 -102 -103 -104 -105 -106 106 -108 -109 109 110 111 112 -114 -115 -116 -117 -118 -119 -120 120 121 124 -124 -125 -126 -127
leaf_value=-0.052427804563287078 -0.010501733407622478 0.0039929500049096294 -0.033222591371782829 0.010435487518398042 0.0017534044281242154 -0.0021449402877213039 -0.0069489666818979686 -0.0036988650141001589 -0.0033032229251431342 0.0066276996272006464 -0.0034164867133863481 -0.010098664165010379 0.0093493799456166801 0.020775584223491586 0.00031578434687701322 -0.10871007373024309 0.0071914080005919881 -0.0080238425321818973 0.0071513699154367345 -0.011821694808521721 -0.038442080838925127 -0.014416237626943804 0.014802745444990424 -0.0047856305004430038 -0.049488820603446046 -0.028196889439486138 0.010790865412746646 -0.068681821321567943 0.00044477476963091325 0.01356782312936115 0.0040375117979962521 0.024132886882805543 -0.046343037965821059 0.015437401384601127 -0.040877973078647246 -0.0540740672140912 0.00063114646833457454 -0.00029501562570068753 0.0010892504708973232 -0.014270661963455481 0.0017136258099315499 -0.1110090784424717 -0.0072498949615354734 -0.090043677276243322 -0.084982014827888114 -0.0069418089066237074 0.021673029208592275 -0.011586609135842247 -0.0045085038028122885 0.0051185476729032385 -0.0074686018424206038 -0.015405044252579995 -0.027852573243149752 -0.017044904247466075 0.021154456412756747 0.0069830831142558229 -0.0020737332463412229 0.0024826910538890737 -0.10840054203482236 -0.032536574159571736 0.023470134073625099 0.0050315596134691562 -0.078699472698114684 -0.0051747695180736058 -0.08777306541418417 0.037956149990157166 0.031545171151489332 -0.016851500555032616 -0.021950302688367909 -0.013011064693203496 -0.10838284784037133 -0.022575031482010951 -0.037094306857990367 -0.00088521219949246684 0.00026370446827155496 -0.0061887411922907018 0.0069541622645577748 0.011038891394726195 -0.013690772091656032 -0.065565973625783286 0.023893956473449978 -0.035372917999921913 -0.013201227583514588 -0.01170299438113306 0.0021650170672643941 0.0010688537986343406 -0.037537209796615775 -0.002238152600413781 -0.041553843850587413 -0.0083197611769893452 0.0021406521285342486 -0.034518226786986385 -0.017804979211633064 0.016109437845304216 0.0074251990526264097 -0.00039357317753416698 -0.008802024107662041 -0.029083724134229726 -0.0072416629985887025 -0.043642875732878637 -0.014433929907342234 -0.0031379527881068505 0.013719294773819364 0.008626916531190439 -0.12893699930955285 -0.047787541056934155 -0.11833704924198001 -0.0063831565112544538 0.012486950644695681 -0.000279005048529545 -0.020565621333043398 0.0078989865280837488 -0.024105080745094955 0.014641662667069798 -0.012349512749913456 -0.00034934246671791539 0.021962191615079799 0.0059815797200763084 0.0043650816255259147 0.0038194734317450545 -0.11520442839302768 -0.023251269135561879 -0.043566571824932759 -0.025812424821120741 0.0021496446641244785 -0.01500924081070578
leaf_weight=201 121 9703 380 541 7366 6302 34946 38608 122 2947 1279 9578 3828 1075 56186 104 6391 1965 1812 2136 1228 3455 305 9863 125 433 10594 252 3811 161 20359 1272 204 344 1584 416 496 2813 4146 5088 1902 102 515 275 357 14119 280 164 13067 4032 716 3591 382 420 4291 3136 26441 3244 101 1123 1142 8944 117 1136 116 195 286 2612 452 1695 114 1690 111 1822 1468 4460 203 9426 137 293 484 862 5176 1883 9582 5762 269 9579 175 3687 29135 112 1058 569 1755 4225 1659 923 8768 831 909 8013 1419 7675 145 113 432 872 1976 11685 1669 874 613 1147 1708 6169 1421 248 10044 1542 172 2701 418 767 850 2541
leaf_count=201 121 9703 380 541 7366 6302 34946 38608 122 2947 1279 9578 3828 1075 56186 104 6391 1965 1812 2136 1228 3455 305 9863 125 433 10594 252 3811 161 20359 1272 204 344 1584 416 496 2813 4146 5088 1902 102 515 275 357 14119 280 164 13067 4032 716 3591 382 420 4291 3136 26441 3244 101 1123 1142 8944 117 1136 116 195 286 2612 452 1695 114 1690 111 1822 1468 4460 203 9426 137 293 484 862 5176 1883 9582 5762 269 9579 175 3687 29135 112 1058 569 1755 4225 1659 923 8768 831 909 8013 1419 7675 145 113 432 872 1976 11685 1669 874 613 1147 1708 6169 1421 248 10044 1542 172 2701 418 767 850 2541
internal_value=-0.00214054 -0.00196459 -0.052137 0.00108548 -0.003345 -0.00243104 -0.00155832 -0.00490607 -0.0755517 -0.00621492 -0.00266406 -0.0100273 0.000219628 -0.00172942 0.00208826 0.008781 0.00221937 -0.013135 -0.00804765 -0.00522944 -0.0089115 -0.0208361 -0.0119431 0.000591735 -0.00436905 -0.00262397 0.00331162 0.00548704 -0.00472547 -0.0375492 0.00268581 0.00792445 -0.0840238 -0.0085485 -0.00966247 -0.0167779 -0.0309841 -0.010495 -0.00843351 -0.00530489 -0.0120498 -0.0136628 -0.0130431 -0.0360643 -0.00595798 -0.0083281 -0.0327247 -0.0619451 -0.00724502 -0.00448663 -0.0116837 -0.0120201 0.000125054 -0.0355135 0.0156279 0.00157904 -0.00403012 -0.00740192 -0.0173883 -0.0323595 0.00670465 0.00328309 -0.000679963 0.00234401 -0.00184306 -0.00643528 3.06543e-05 -0.00688597 0.00801589 -0.00595233 -0.0157931 -0.0280545 -0.000247481 -0.0110314 -0.00623032 -0.000820072 -0.0264902 0.00930025 -0.0438269 -0.0096513 -0.0170378 -0.0235656 -0.00685903 -0.0191461 -0.00253288 -0.00213287 -0.00936614 0.00202886 -0.0151795 -0.00161314 0.00242673 -0.0722428 -0.0050841 -0.0036445 -0.00278246 -0.00528832 -0.0123535 -0.0160607 -0.0046156 -0.0223039 -0.0284008 -0.00103228 0.00994603 0.0105519 -0.0934217 -0.0855195 -0.101956 -0.0123916 -0.00230945 -0.00127606 -0.00281351 -0.00773955 -0.0028058 0.000701052 -0.00549505 0.0024843 0.0118275 -0.0202245 0.00766396 -0.0131166 -0.0175734 -0.023996 -0.0646104 -0.00612572 -0.0172316 -0.00911256
internal_weight=519834 518012 1822 161403 356609 270489 199969 70520 1137 86120 29307 22330 143275 70128 73147 16579 8460 2069 56813 39115 17307 4683 685 113301 86668 51722 36090 25037 4399 588 31013 18128 1016 55001 46095 6787 2080 4707 39308 21102 18206 16304 16202 902 19604 14920 801 521 18155 12624 15300 4132 56568 836 8119 4684 41781 15340 3328 1427 16856 9941 77211 21446 55765 16159 39606 10185 11014 10069 6421 1804 9738 4617 1901 8492 1326 10562 254 12844 3522 3038 9322 2745 48190 7457 1548 29938 336 11053 29421 387 3871 10432 8906 7151 2926 2582 12012 2456 1740 9543 1530 8817 812 667 545 997 21808 19672 17696 6011 4342 3729 2582 8039 1870 449 20638 16028 6450 4141 590 2309 3551 4363
internal_count=519834 518012 1822 161403 356609 270489 199969 70520 1137 86120 29307 22330 143275 70128 73147 16579 8460 2069 56813 39115 17307 4683 685 113301 86668 51722 36090 25037 4399 588 31013 18128 1016 55001 46095 6787 2080 4707 39308 21102 18206 16304 16202 902 19604 14920 801 521 18155 12624 15300 4132 56568 836 8119 4684 41781 15340 3328 1427 16856 9941 77211 21446 55765 16159 39606 10185 11014 10069 6421 1804 9738 4617 1901 8492 1326 10562 254 12844 3522 3038 9322 2745 48190 7457 1548 29938 336 11053 29421 387 3871 10432 8906 7151 2926 2582 12012 2456 1740 9543 1530 8817 812 667 545 997 21808 19672 17696 6011 4342 3729 2582 8039 1870 449 20638 16028 6450 4141 590 2309 3551 4363
cat_boundaries=0 2 4 6 8 10 12 14 16 17 19 21 23 25 26 27 29 30 31 32 33 34 36 38 39 40 42 43 45 47 49 51 52 53 55 57 59
cat_threshold=2571385430 170 303038466 8196 20 2 574505 2112 1056 2048 538968192 17664 16779778 128 2562 128 2 537395200 2048 1107296256 29712 1075970048 28689 1073741824 16384 2281963520 2 32776 2112 16385 1 2 545259520 547487744 0 260 67108864 256 524289 524289 1073741824 25600 2 128 260 0 260 33554432 4 65536 512 4 2 1141899264 4117 8519680 512 8519680 512
is_linear=0
shrinkage=0.03


Tree=39
num_leaves=127
num_cat=36
split_feature=0 5 5 5 5 5 12 0 27 5 27 5 0 11 21 5 0 27 13 25 5 5 27 27 23 27 5 5 2 12 11 27 0 21 0 31 11 23 12 0 5 5 27 25 31 5 5 27 0 5 2 0 5 5 27 5 0 25 0 25 0 0 5 5 0 5 27 25 0 11 27 5 0 5 25 20 27 25 5 0 4 0 0 4 0 27 5 0 25 25 25 25 0 0 23 5 32 28 0 5 0 0 12 25 0 25 27 28 25 23 27 11 0 0 5 0 27 27 25 4 11 25 27 25 3 11
split_gain=4083.81 2161.53 1662.38 1022.74 845.275 723.085 654.471 632.26 1448.31 1379.04 944.586 894.866 598.259 514.402 1001.16 1528.06 1272.9 1099.74 771.854 669.654 494.646 482.204 691.873 656.861 858.715 491.488 591.46 449.545 438.653 429.184 425.462 813.102 421.247 988.751 625.716 419.664 936.772 537.195 452.179 423.211 770.12 416.366 557.357 532.874 461.071 411.625 395.815 473.384 432.788 384.816 382.919 382.59 1702.58 623.79 382.047 371.931 614.394 370.842 365.885 362.587 360.021 1966.27 640.915 533.678 526.578 358.288 357.868 471.471 400.637 352.522 336.628 375.574 416.263 370.724 331.206 426.974 329.82 319.26 299.471 301.229 641.028 385.568 298.137 423.465 1306.13 334.237 297.559 796.315 516.611 309.893 290.05 289.25 285.582 281.981 281.454 279.945 285.953 278.918 272.774 428.451 271.755 358.779 271.722 381.363 1592.3 762.758 468.28 436.101 270.064 268.265 262.613 261.554 260.462 254.213 359.931 262.795 252.655 504.84 352.675 316.177 353.036 249.695 249.486 439.05 343.206 244.843
threshold=13030.000000000002 0 1 2 3 4 -0.42958799004554743 325.00000000000006 0.059944719076156623 5 0.058846931904554374 6 61.500000000000007 0.24372619390487674 0.14014542102813723 7 850.00000000000011 0.095947422087192549 37.500000000000007 51.500000000000007 8 9 0.049178216606378562 0.058846931904554374 0.06534933298826219 0.064750330522656455 10 11 12 -0.048362832516431802 -0.71504372358322132 0.1575826704502106 1410.0000000000002 0.032727185636758811 1280.0000000000002 0.050979804247617728 0.24372619390487674 0.039869789034128196 -0.70900321006774891 325.00000000000006 13 14 0.058047603815793998 140.50000000000003 0.065425857901573195 15 16 0.12835267186164859 850.00000000000011 17 18 110.00000000000001 19 20 0.15550526976585391 21 325.00000000000006 64.500000000000014 325.00000000000006 120.50000000000001 950.00000000000011 850.00000000000011 22 23 155.00000000000003 24 0.061421869322657592 81.500000000000014 90.000000000000014 -0.15951316058635709 0.072961069643497481 25 950.00000000000011 26 73.500000000000014 75.500000000000014 0.07936600968241693 20.500000000000004 27 180.00000000000003 28 90.000000000000014 325.00000000000006 29 950.00000000000011 0.059393314644694335 30 1225.0000000000002 99.000000000000014 103.50000000000001 69.500000000000014 97.500000000000014 1715.0000000000002 950.00000000000011 0.043235365301370628 31 0.12569326907396319 0.102102879434824 110.00000000000001 32 1940.0000000000002 1560.0000000000002 0.03762133605778218 49.000000000000007 615.00000000000011 38.500000000000007 0.098019190132617964 0.08344509452581407 19.500000000000004 0.12977331131696704 0.052256155759096153 -0.5276680290699004 90.000000000000014 615.00000000000011 33 155.00000000000003 0.11368945986032487 0.095947422087192549 82.500000000000014 34 0.79383251070976268 32.500000000000007 0.08212983608245851 67.500000000000014 35 -0.27694603800773615
decision_type=2 9 9 9 9 9 2 2 2 9 2 9 2 2 8 9 2 2 2 2 9 9 2 2 8 2 9 9 9 2 2 2 2 8 2 8 2 10 2 2 9 9 2 2 10 9 9 2 2 9 9 2 9 9 2 9 2 2 2 2 2 2 9 9 2 9 2 2 2 2 2 9 2 9 2 2 2 2 9 2 9 2 2 9 2 2 9 2 2 2 2 2 2 2 8 9 10 10 2 9 2 2 2 2 2 2 2 10 2 10 2 2 2 2 9 2 2 2 2 9 2 2 2 2 1 2
left_child=1 4 -2 6 76 30 27 21 9 -9 41 50 -6 18 20 16 17 19 65 -16 -15 29 -23 24 95 59 112 -3 55 -5 54 97 34 -34 35 -14 38 39 45 40 -38 42 43 -11 77 58 47 48 -17 -18 -10 52 69 -53 -4 56 -8 -19 -37 98 61 62 66 -62 -64 -13 67 68 -30 -31 73 93 74 -40 -73 91 -1 -43 79 80 -26 -82 110 84 85 -84 87 89 -89 -20 -42 -76 116 113 -69 -24 -97 -32 99 -25 101 -35 -66 104 105 -104 -106 -105 -101 -68 -29 -90 -27 114 -72 -116 117 118 -51 120 -119 -81 -65 -124 -125 -63
right_child=2 3 5 7 12 -7 28 8 11 10 -12 13 32 14 15 46 49 57 86 -21 -22 22 23 25 78 26 -28 82 60 51 31 -33 33 100 -36 36 37 -39 70 -41 90 44 -44 -45 -46 -47 -48 -49 -50 92 -52 53 -54 -55 -56 -57 -58 -59 -60 -61 63 125 64 122 102 -67 109 94 -70 -71 71 72 -74 -75 75 -77 -78 -79 -80 121 81 -83 83 -85 -86 -87 -88 88 111 -91 -92 -93 -94 -95 -96 96 -98 -99 -100 108 -102 -103 103 107 106 -107 -108 -109 -110 -111 -112 -113 -114 -115 115 -117 -118 119 -120 -121 -122 -123 123 124 -126 -127
leaf_value=0.01494709598781351 -0.10086978798898139 0.0041007107399711673 -0.044200301544891824 0.0014599712155854137 -0.013489356873854294 -0.0020021499886071119 -0.0063834481595799195 0.010237077973387533 0.008507415586090715 -0.017742266115001654 0.0093046422224914351 -0.0045966686626354976 0.0061748797787776928 -0.0062856941927344331 -0.050698879270961408 0.010656406200890029 -0.044027488275459561 -0.05508729807411631 -0.0099459226692110367 -0.14699831517436834 0.0017591679674084587 0.010232342787404591 0.010956156178918944 -0.048247704242088206 -0.081151334275590611 0.019555809476802251 -0.023770120989010757 -0.018070692501034751 -0.023437071718352485 -0.10885384101017266 -0.041101400105498773 0.022203610892905744 -0.10224973818234034 -0.030051893959866793 0.064788127107279644 -0.015151758028964018 -0.001274246003582622 0.00046454180490814687 0.0049857676539377524 -0.0046016664381482407 -0.020637690802408688 -0.030226464298690248 0.0082807706331783238 0.019126899532734568 -0.012828911241486969 0.0084213262773994053 -0.0018873153228327352 -7.3067495812661066e-05 -0.020765867877656871 0.015163349624759532 -0.0022452417990268172 0.0097874259627815565 -0.0069807611133096562 -0.0044023280414169563 -0.11460084166791704 -0.0042821366919722362 -0.062172704994969324 -0.010249280242011851 0.0031365899101005092 -0.046750465167297736 0.0109072852216848 -0.065843905548677792 -0.0074443272388980981 -0.018084163746330217 -0.0062358497894342228 0.0018103346580870038 -0.00030338656791806869 -0.017470180822107859 0.00033292549720457154 -0.048263811922073366 0.014596033004305184 -0.0050785413322058381 0.0026301276304448924 -0.0036164248008157167 -0.096617770960888347 -0.00099735006167254634 0.00034626545039558878 0.0015513173419015713 -0.01805104885967241 0.013560365956104305 0.02434568768791338 -0.020483314904680323 -0.030398415298461916 -0.0056304692468488711 0.021776038894281723 -0.092639113452947036 -0.0036504408199849259 -0.02257090803785302 -0.10314093199448988 0.0060410573653918278 -0.043852219663284495 -0.030487130062388526 -0.057125274206280517 -6.7617453590764192e-05 -0.049673306290194286 0.0060203110007691352 -0.012885201932852261 -0.095775437226166604 0.0045597800268852582 0.019461097863549888 -0.032919299690097215 0.0054017974134325346 -0.0059199431912892366 -0.024430120480276422 -0.1160089118525667 -0.07212309374954512 -0.055015457757039081 -0.0023694962967969776 -0.011089701691255952 -0.026179352506674601 0.0056730987804047362 -0.038637335812765183 -0.005930459808864366 0.015582289228010946 0.012102425423604766 -0.011208374565428544 -0.0026974310726031762 -0.035935048483943965 -0.01923877874137582 -0.020577354138151222 -0.098572559591669287 -0.0078085979154577092 -0.014557631992569292 -0.015270100004147023 0.0051171908091383533 -0.12355912081988865
leaf_weight=5574 393 8024 147 16899 2555 510 524 16764 8771 4367 6919 9701 14161 13041 113 440 447 377 5559 157 14538 1989 1422 208 140 396 1867 478 925 156 361 171 104 327 139 1274 1953 11707 5829 9495 2033 289 1178 383 2545 16080 9184 2112 3768 518 4511 3243 8732 19498 134 28413 268 297 4321 138 1538 156 3872 1823 936 41084 6434 594 2053 199 1785 3456 16553 19787 105 211 1856 15107 9934 588 201 1193 124 11721 238 213 47509 532 135 1357 637 139 138 3238 416 1214 1767 110 7124 355 314 1184 940 3305 211 187 251 1067 969 381 3360 100 3969 4137 634 1383 1337 378 554 1160 103 2993 2946 959 3289 121
leaf_count=5574 393 8024 147 16899 2555 510 524 16764 8771 4367 6919 9701 14161 13041 113 440 447 377 5559 157 14538 1989 1422 208 140 396 1867 478 925 156 361 171 104 327 139 1274 1953 11707 5829 9495 2033 289 1178 383 2545 16080 9184 2112 3768 518 4511 3243 8732 19498 134 28413 268 297 4321 138 1538 156 3872 1823 936 41084 6434 594 2053 199 1785 3456 16553 19787 105 211 1856 15107 9934 588 201 1193 124 11721 238 213 47509 532 135 1357 637 139 138 3238 416 1214 1767 110 7124 355 314 1184 940 3305 211 187 251 1067 969 381 3360 100 3969 4137 634 1383 1337 378 554 1160 103 2993 2946 959 3289 121
internal_value=-0.00202363 -0.00186553 -0.046797 -0.00299433 0.00146516 -0.030988 -0.00588399 -0.00216985 -0.00130487 0.00331701 -0.000454337 -0.00261372 0.000873608 -0.00325548 -0.00580909 -0.0107305 -0.0241799 -0.0559605 -0.00208318 -0.107031 -0.00204666 -0.00435776 -0.00696641 -0.00796087 -0.0116001 -0.00324919 -0.00969366 -0.00169957 -0.00752568 -0.00240344 -0.0467918 -0.0337337 0.00117711 -0.0127263 0.00140248 0.00132785 0.000672574 -0.004287 0.00229528 -0.00822684 -0.0156699 -0.00328367 -0.0101685 -0.014766 -0.00100216 0.00598567 -0.00587015 -0.0116445 -0.0174785 -0.0177487 0.00485663 -0.00445544 -0.00965841 -0.00237608 -0.0780594 -0.0048532 -0.025001 -0.0353738 -0.00102785 0.00131836 -0.00992955 -0.0121305 -0.0111083 -0.00538227 -0.0162856 0.000585848 -0.00592567 -0.0130678 -0.00705569 -0.0730678 0.000898181 0.00296786 0.000550012 -0.00165832 -0.00825093 -0.0322832 0.0112852 0.000952889 -0.0150094 -0.00904672 -0.0201834 -0.0140066 -0.00458402 -0.00686513 -0.0319793 -0.0698952 -0.00453906 -0.010015 -0.0390102 -0.00680867 -0.0260928 -0.0592232 -0.0147937 0.00738717 -0.0307701 5.3091e-05 -0.00516924 -0.0540461 0.00209002 -0.00939015 -0.00757145 -0.00228564 -0.021271 -0.0236304 -0.0362186 -0.016959 -0.0830622 -0.0190479 -0.00286806 -0.00175364 0.00271201 -0.0759726 -0.00360609 0.0104366 0.0048349 -0.00385964 -0.013374 -0.0186326 -0.00261672 -0.0290872 -0.0495248 -0.00429701 -0.00816466 -0.00566019 0.000512182 -0.091409
internal_weight=519231 517405 1826 386434 130971 1433 85767 300667 215473 47552 30788 167921 123541 154639 48662 21083 5579 944 105977 270 27579 85194 36467 34478 19452 15026 6232 24158 61609 48727 923 642 120986 1929 119057 118918 104757 25825 78932 14118 4623 23869 5928 4750 17941 21675 15504 6320 4208 4635 13282 31828 9087 22741 281 29205 792 674 5595 8794 32404 21849 21572 10555 10769 50785 10803 3988 2978 355 57257 31641 20464 25616 3911 455 7430 15396 15049 5115 1534 1394 16134 12296 575 337 55192 7683 767 6916 2670 244 4188 11177 1010 4403 2981 471 8656 1532 1825 1511 6897 5961 1589 1127 462 4372 1324 6815 3838 235 4365 7939 3802 2017 4050 2713 1072 1641 481 3581 9017 7194 4248 277
internal_count=519231 517405 1826 386434 130971 1433 85767 300667 215473 47552 30788 167921 123541 154639 48662 21083 5579 944 105977 270 27579 85194 36467 34478 19452 15026 6232 24158 61609 48727 923 642 120986 1929 119057 118918 104757 25825 78932 14118 4623 23869 5928 4750 17941 21675 15504 6320 4208 4635 13282 31828 9087 22741 281 29205 792 674 5595 8794 32404 21849 21572 10555 10769 50785 10803 3988 2978 355 57257 31641 20464 25616 3911 455 7430 15396 15049 5115 1534 1394 16134 12296 575 337 55192 7683 767 6916 2670 244 4188 11177 1010 4403 2981 471 8656 1532 1825 1511 6897 5961 1589 1127 462 4372 1324 6815 3838 235 4365 7939 3802 2017 4050 2713 1072 1641 481 3581 9017 7194 4248 277
cat_boundaries=0 2 4 6 8 10 12 14 16 18 20 22 24 25 27 29 31 33 34 35 37 39 40 42 44 46 48 50 51 52 53 55 57 59 61 62 63
cat_threshold=423897174 170 268435458 8192 574505 2112 16 2 35127296 4 2727542784 9220 66176 257 75628544 8704 2754609152 4100 1142952064 18176 33620480 1 1056 2048 10 8256 40 512 4352 406855680 128 1048576 4 131072 4 0 512 67108864 512 1 32777 2112 524320 64 69206016 4 4196422 136 268705796 32 8520192 2 1 1142947840 16400 8388608 17 131072 16 4196416 8 1 2
is_linear=0
shrinkage=0.03


Tree=40
num_leaves=127
num_cat=15
split_feature=0 11 13 21 13 25 4 11 25 12 21 25 21 12 25 4 2 30 21 11 0 20 2 8 17 20 20 0 27 25 25 25 28 29 20 0 25 27 3 25 25 25 25 0 4 11 20 0 27 25 27 4 0 25 4 25 0 25 25 27 25 25 0 25 25 2 25 25 4 30 0 30 22 12 4 24 31 25 25 27 20 29 25 29 25 25 0 0 25 20 0 0 25 24 25 25 0 0 25 3 31 0 0 3 0 0 27 25 25 25 3 25 0 25 0 20 20 22 30 30 0 30 0 25 25 3
split_gain=3769.45 983.141 2317.16 1807.16 746.894 675.652 627.339 554.519 523.224 738.317 798.278 635.337 513.464 440.125 347.462 392.605 305.977 301.071 299.307 294.314 245.477 232.114 228.587 215.936 211.783 210.157 339.463 205.99 205.93 735.458 355.821 467.674 192.044 229.99 189.323 183.813 285.466 243.222 233.902 216.698 206.19 187.697 401.396 357.384 367.283 283.882 178.619 169.319 168.052 178.686 183.864 171.394 156.747 152.665 273.987 158.185 157.795 151.668 256.63 262.571 347.46 178.453 176.921 201.765 249.43 469.107 185.646 140.661 203.416 138.727 137.49 135.455 157.787 134.82 134.12 133.989 133.899 132.274 391.927 130.119 129.199 128.997 127.659 263.082 135.25 125.538 424.578 338.493 124.983 123.027 203.788 119.443 165.453 125.479 118.421 140.889 117.957 117.086 115.713 115.26 114.55 112.02 282.851 111.164 109.387 107.845 131.1 300.676 150.326 182.046 105.795 442.489 336.729 213.707 252.609 109.147 111.179 104.036 102.548 128.615 100.329 96.8097 112.808 354.993 95.723 94.7116
threshold=13030.000000000002 0.3903625756502152 37.500000000000007 0.090277068316936507 27.500000000000004 7.5000000000000009 0 -0.69674959778785694 73.500000000000014 -0.35042476654052729 0.13383229821920398 50.500000000000007 0.081666920334100737 -0.26867066323757166 35.500000000000007 1 2 0.086054746061563506 0.078528158366680159 -0.51297807693481434 27950.000000000004 76.500000000000014 3 9.5000000000000018 9.5000000000000018 106.50000000000001 76.500000000000014 615.00000000000011 0.16058247536420825 75.500000000000014 33.500000000000007 18.500000000000004 0.082118902355432524 0.048529487103223808 92.500000000000014 325.00000000000006 76.500000000000014 0.084925193339586272 4 10.500000000000002 22.500000000000004 20.500000000000004 16.500000000000004 950.00000000000011 5 -0.66528618335723866 106.50000000000001 180.00000000000003 0.060448419302701957 37.500000000000007 0.059393314644694335 6 110.00000000000001 17.500000000000004 7 20.500000000000004 155.00000000000003 88.500000000000014 78.500000000000014 0.059944719076156623 87.500000000000014 79.500000000000014 1280.0000000000002 113.00000000000001 117.50000000000001 8 107.50000000000001 70.500000000000014 9 0.16192837059497836 45.000000000000007 0.11381385102868082 -0.12162202596664427 -0.15101602673530576 10 1.0300294756889345 0.024274144321680072 14.500000000000002 16.500000000000004 0.064750330522656455 98.500000000000014 0.11905520036816598 69.500000000000014 0.062489351257681854 53.500000000000007 82.500000000000014 615.00000000000011 950.00000000000011 16.500000000000004 90.500000000000014 325.00000000000006 325.00000000000006 22.500000000000004 0.96461459994316112 15.500000000000002 16.500000000000004 850.00000000000011 1715.0000000000002 38.500000000000007 11 0.048018604516983039 1560.0000000000002 1280.0000000000002 12 1280.0000000000002 950.00000000000011 0.089248880743980422 19.500000000000004 62.500000000000007 31.500000000000004 13 19.500000000000004 325.00000000000006 22.500000000000004 325.00000000000006 60.500000000000007 101.50000000000001 0.056433467194437988 0.071350455284118666 0.089831151068210616 225.00000000000003 0.065987627953290953 1225.0000000000002 180.00000000000003 4.5000000000000009 14
decision_type=2 2 2 8 2 2 9 2 2 2 8 2 8 2 2 9 9 10 10 2 2 2 9 2 2 2 2 2 2 2 2 2 10 10 2 2 2 2 1 2 2 2 2 2 9 2 2 2 2 2 2 9 2 2 9 2 2 2 2 2 2 2 2 2 2 9 2 2 9 10 2 10 10 2 9 2 10 2 2 2 2 10 2 8 2 2 2 2 2 2 2 2 2 2 2 2 2 2 2 1 10 2 2 1 2 2 2 2 2 2 1 2 2 2 2 2 2 10 8 8 2 10 2 2 2 1
left_child=1 2 4 6 12 -2 100 21 11 -10 -11 14 18 16 15 73 85 27 22 23 -16 -6 76 46 -14 26 -12 117 29 -18 31 -30 81 -34 48 36 37 39 105 -25 88 42 79 44 -44 -46 -4 53 49 51 -51 77 82 54 -21 56 -55 58 94 60 89 -61 63 -59 65 -65 -64 70 -69 101 -42 72 -35 -7 -32 -43 -1 -9 -79 -40 -23 -19 84 -84 -15 -5 -87 -88 103 90 99 92 -26 -93 -49 -96 -71 124 -20 -60 -3 102 -54 -41 110 106 108 -108 109 -37 113 112 -112 114 -97 -115 -117 -8 -94 -120 -100 122 -29 -124 -36 -83
right_child=5 3 19 13 7 8 17 34 9 10 25 -13 24 52 20 -17 28 32 98 47 -22 80 -24 35 91 -27 -28 121 30 -31 74 -33 33 71 97 38 -38 -39 41 40 67 75 43 -45 45 -47 -48 57 -50 50 -52 -53 69 55 -56 -57 -58 62 59 61 -62 -63 66 64 -66 -67 -68 68 -70 96 -72 -73 -74 -75 -76 -77 -78 78 -80 -81 -82 125 83 -85 -86 86 87 -89 -90 -91 -92 93 118 -95 95 104 -98 -99 120 -101 -102 -103 -104 -105 -106 -107 107 -109 -110 -111 111 -113 -114 115 -116 116 -118 -119 119 -121 -122 -123 123 -125 -126 -127
leaf_value=0.016137269167961203 0.011329790200665593 0.014580720806824037 -0.0036800382216921061 -0.0064646013847553972 -0.0020014762624621573 -0.11489527042095476 -0.0063599238148222105 0.014601315587881157 0.045046547550966244 0.011546557710288527 -0.049274794170447923 -0.11251529267339995 -0.0043037130999145487 -0.019508780873567826 -0.048922389740318192 -0.040612490440386506 -0.012194954894514849 0.0030861185837398183 0.026105631577723117 0.032111028975910609 0.0030087426691564893 0.0045554795853841867 -0.0020542723128399165 -0.023238849589250852 0.0041098199081223748 -0.029487466549519264 -0.11596534131364968 0.0077130615013092582 -0.0095501844790561487 -0.039892423798576569 -0.016251432349340279 -0.064089125221432064 -0.011690368597087969 -0.022292487469784027 0.029010002038478852 -0.0020769050438408793 -0.011639285399029099 -0.013856032928505482 0.015942235692558725 0.0048987227329819793 0.018182997536466735 -0.0050644413035528758 0.0021758523580210748 0.0010307633790689204 -0.062316662183896233 -0.015656175374984743 0.0016521402500951304 0.0075558768574363871 0.0049250473871895375 0.0058921548114304915 0.015665163283319534 0.0082569515815354294 -0.0050127397873353562 -0.053561246206120745 -0.0072923279127861266 -0.0053513604653845515 -0.0093594008758664127 0.0043595696531880989 -0.024708055758401386 -0.017583946063311234 -0.062885889330671879 0.0023652974160399578 -0.041380458460911977 0.0016743031596141819 5.7929119701617359e-05 -0.04086037188663897 0.0086237289258834279 -0.039402544130297271 0.0039750425006963991 0.0059649917470592463 -0.0064341033147774862 0.0012868460039450757 -0.0020098242164731605 -0.067943494496959272 -0.0018792440473472658 -0.00024545503768662438 0.0036373176317738673 -0.055098301951328046 -0.0016843616120841645 -0.0070687837061702485 0.00023311084023544475 -0.002054707020521164 -0.010959365540962728 -0.058151881074214845 0.0064149475242867241 0.0047185074385939817 -0.064173163620201312 -0.018871779644029012 0.0065362270122637893 -0.031122206335350622 0.00038637840606331247 -0.0073413287202548994 0.0087736251207154291 0.00052255615315456995 -0.024899435760696295 0.020153047177800545 -0.0030883842385320977 -0.027519898270492178 -0.0017126614391963812 0.0041884845025187368 0.0058242196613724033 0.0059857817702392247 -0.043689456342866542 -0.011354312413030835 0.013040160996350907 -0.0037153289723825355 -0.042659936010450962 0.0088004493268790621 -0.0063858831825570894 0.017899682126891869 -0.0039135668390054279 0.0057880114250997506 -0.071209223953899267 0.0013129689590496991 -0.00069284723885429161 -0.0065523386501258746 -0.0010630730334039928 0.0035918705986048849 -0.015199658353539073 -0.004296305670217067 0.01458797524090137 -0.0044957714160180134 0.0089691074858583471 -0.046162329003410905 0.0026848894431590106 0.016827530389080848
leaf_weight=820 174 2647 16382 25081 19956 142 12373 182 100 166 150 197 23756 387 220 226 8713 9462 518 269 130 12145 7789 523 2258 100 130 2422 408 957 699 216 1563 475 124 1120 8185 2606 274 667 206 43273 159 290 419 164 8633 1361 27755 2832 4469 1684 36150 122 385 9951 179 10154 764 512 134 1891 173 548 5160 399 108 101 2110 1993 15394 14669 1257 100 3540 5901 12764 160 533 1129 12765 304 304 163 339 587 184 760 2503 294 851 1933 477 32751 229 767 3695 114 479 148 2736 824 170 874 468 4694 105 2854 2303 647 150 3569 120 3369 1641 9692 5052 1023 1087 9288 1167 1420 340 151 23023 1115
leaf_count=820 174 2647 16382 25081 19956 142 12373 182 100 166 150 197 23756 387 220 226 8713 9462 518 269 130 12145 7789 523 2258 100 130 2422 408 957 699 216 1563 475 124 1120 8185 2606 274 667 206 43273 159 290 419 164 8633 1361 27755 2832 4469 1684 36150 122 385 9951 179 10154 764 512 134 1891 173 548 5160 399 108 101 2110 1993 15394 14669 1257 100 3540 5901 12764 160 533 1129 12765 304 304 163 339 587 184 760 2503 294 851 1933 477 32751 229 767 3695 114 479 148 2736 824 170 874 468 4694 105 2854 2303 647 150 3569 120 3369 1641 9692 5052 1023 1087 9288 1167 1420 340 151 23023 1115
internal_value=-0.00194681 -0.0017947 -0.00101035 -0.00397281 0.00120499 -0.0448565 0.000436594 0.00293988 -0.0507457 -0.0295707 -0.0432942 -0.0641802 -0.00072431 -0.00666269 -0.0524164 -0.0693206 -0.00889349 -0.000684189 0.00311926 -0.00348237 -0.0296801 0.000409283 0.00204247 -0.00432383 -0.00198871 -0.0672183 -0.0805408 -0.00376072 -0.0123988 -0.0149399 -0.0073692 -0.0285014 0.0012068 -0.000698318 0.00480491 -0.0049677 -0.00677696 -0.00518362 -0.00402005 -0.00417311 -0.00371581 -0.00488896 -0.013018 -0.0272102 -0.0382344 -0.0492402 -0.00183984 -0.00173326 0.00612054 0.00948489 0.0118756 0.002662 -0.00457767 -0.00510446 0.00893914 -0.00600112 -0.0273931 -0.000960025 -0.00219738 -0.0087409 -0.0162496 -0.00189077 0.00135969 0.00176815 -0.00254058 -0.0166844 -0.0221993 -0.00510425 0.00197661 -0.00427868 -0.00610789 0.000349863 -0.00758199 -0.0958532 -0.00425245 -0.00448617 0.00438978 -0.00810301 -0.0140782 -0.00256667 0.0023406 0.00435185 -0.0152997 -0.0275203 -0.00741173 -0.00697157 -0.0153126 -0.0277603 0.00239902 -0.0131824 -0.0101748 -0.000837977 -0.00327723 8.40891e-05 -0.0010592 -0.00152742 8.42899e-05 0.00267726 0.0137485 -0.0200193 0.010132 -0.00494678 -0.00519497 -0.0043208 -0.00131085 -0.00019468 0.00215662 0.00696058 -0.00133684 0.00524366 -0.00158709 0.00298332 -0.0339751 -0.00244221 0.00595263 -0.00355851 -0.00467165 -0.00559973 -0.0048145 -0.00544002 0.00984619 0.00192479 0.00505509 -0.00804514 0.00282716 0.0127837
internal_weight=519767 517932 380805 137127 200829 1835 51957 105742 1661 646 546 1015 95087 85170 818 468 41145 46574 23537 179976 350 44866 21373 121516 71550 380 280 17729 14533 9670 4863 624 28845 17964 60876 96501 33169 24984 63332 22378 21855 51609 2435 1032 742 583 25015 58460 37615 9860 7301 2559 44025 10906 654 10252 301 47554 31012 4594 2191 2403 16542 16261 6107 947 281 17811 2211 42832 15600 16401 1732 242 4239 49174 13584 875 693 1403 24910 10881 1193 467 726 26612 1531 944 4044 2057 1763 47794 13110 34684 26418 25057 5688 23261 2164 912 5383 37144 36320 1541 24828 11723 7029 2959 4070 1767 24360 3839 270 20521 2408 18113 14744 13396 10852 10375 1646 4333 2913 491 23147 1419
internal_count=519767 517932 380805 137127 200829 1835 51957 105742 1661 646 546 1015 95087 85170 818 468 41145 46574 23537 179976 350 44866 21373 121516 71550 380 280 17729 14533 9670 4863 624 28845 17964 60876 96501 33169 24984 63332 22378 21855 51609 2435 1032 742 583 25015 58460 37615 9860 7301 2559 44025 10906 654 10252 301 47554 31012 4594 2191 2403 16542 16261 6107 947 281 17811 2211 42832 15600 16401 1732 242 4239 49174 13584 875 693 1403 24910 10881 1193 467 726 26612 1531 944 4044 2057 1763 47794 13110 34684 26418 25057 5688 23261 2164 912 5383 37144 36320 1541 24828 11723 7029 2959 4070 1767 24360 3839 270 20521 2408 18113 14744 13396 10852 10375 1646 4333 2913 491 23147 1419
cat_boundaries=0 1 2 3 4 5 6 7 8 9 10 11 12 13 14 15
cat_threshold=2 4 6 6 1 2 1 2 10 4 1 2 2 2 2
is_linear=0
shrinkage=0.03


Tree=41
num_leaves=127
num_cat=37
split_feature=0 5 5 5 5 2 5 5 27 0 0 0 5 12 5 5 27 23 11 31 5 25 0 21 12 5 27 5 5 5 27 26 25 27 5 5 5 12 11 5 12 11 27 8 5 0 25 5 0 5 5 23 27 4 27 11 5 0 25 5 25 25 0 0 0 25 25 25 5 31 2 5 0 5 12 0 0 5 0 32 23 0 4 0 25 27 27 0 5 25 0 29 11 27 5 23 25 25 30 0 0 0 5 5 25 25 5 25 11 0 27 25 25 27 25 20 0 27 25 25 25 8 25 21 25 25
split_gain=3850.73 2135.31 1406.09 913.276 891.247 755.039 905.914 713.581 651.595 1174.57 1054.13 3281.37 668.741 630.896 590.68 537.322 868.577 665.867 536.464 727.856 1632.41 541.247 509.573 913.903 507.778 491.613 484.166 446.757 439.164 435.073 422.269 415.158 406.692 611.806 450.56 399.314 390.017 388.522 805.825 564.657 388.201 377.623 564.717 500.645 366.78 382.606 536.823 510.461 363.325 1798.96 389.5 625.911 441.289 356.515 420.908 356.498 361.388 350.327 346.862 342.167 341.965 340.048 326.706 325.275 322.087 443.608 456.563 305.322 300.855 300.335 300.3 315.878 546.455 304.557 514.806 331.891 1202.05 580.843 378.601 324.12 305.649 282.494 407.35 1233.11 317.614 281.666 281.136 277.508 594.442 276.984 275.672 390.32 274.614 273.403 328.912 269.276 266.909 266.282 262.806 250.293 319.225 247.177 281.354 254.595 260.423 248.428 244.432 243.699 242.997 242.949 242.111 239.309 317.857 304.988 238.888 247.873 310.71 334.947 237.939 236.955 233.985 229.817 437.555 334.274 229.68 516.176
threshold=13030.000000000002 0 1 2 3 4 5 6 0.07936600968241693 325.00000000000006 475.00000000000006 425.00000000000006 7 -0.44505782425403589 8 9 0.058846931904554374 0.091522067785263075 0.24372619390487674 0.09356460347771646 10 64.500000000000014 1560.0000000000002 0.032727185636758811 -0.42958799004554743 11 0.16058247536420825 12 13 14 0.049178216606378562 0.10922185331583024 97.500000000000014 0.059944719076156623 15 16 17 0.20812153071165088 0.24372619390487674 18 -0.13398942351341245 -0.88218119740486134 0.1575826704502106 7.5000000000000009 19 155.00000000000003 16.500000000000004 20 110.00000000000001 21 22 0.058227287605404861 0.069445703178644194 23 0.049178216606378562 0.3903625756502152 24 615.00000000000011 63.500000000000007 25 86.500000000000014 56.500000000000007 615.00000000000011 325.00000000000006 950.00000000000011 49.000000000000007 24.500000000000004 19.500000000000004 26 0.052924888208508498 27 28 325.00000000000006 29 0.56901594996452343 950.00000000000011 850.00000000000011 30 155.00000000000003 0.17129019647836688 0.058227287605404861 325.00000000000006 31 950.00000000000011 15.500000000000002 0.12835267186164859 0.060448419302701957 950.00000000000011 32 59.500000000000007 155.00000000000003 0.040852611884474761 -0.8337765336036681 0.051913643255829818 33 0.1168753318488598 180.00000000000003 13.500000000000002 0.11116791144013406 90.000000000000014 225.00000000000003 1225.0000000000002 34 35 38.500000000000007 47.500000000000007 36 92.000000000000014 -0.50556187331676472 1225.0000000000002 0.052256155759096153 77.500000000000014 80.500000000000014 0.1321084722876549 52.500000000000007 77.500000000000014 90.000000000000014 0.053855204954743392 19.500000000000004 77.500000000000014 5.5000000000000009 9.5000000000000018 37.500000000000007 0.085019674152135863 77.500000000000014 88.500000000000014
decision_type=2 9 9 9 9 9 9 9 2 2 2 2 9 2 9 9 2 8 2 8 9 2 2 8 2 9 2 9 9 9 2 10 2 2 9 9 9 2 2 9 2 2 2 2 9 2 2 9 2 9 9 8 2 9 2 2 9 2 2 9 2 2 2 2 2 2 2 2 9 8 9 9 2 9 2 2 2 9 2 10 8 2 9 2 2 2 2 2 9 2 2 8 2 2 9 10 2 2 10 2 2 2 9 9 2 2 9 2 2 2 2 2 2 2 2 2 2 2 2 2 2 2 2 10 2 2
left_child=1 4 25 13 58 7 37 22 9 15 11 12 -10 27 40 16 17 -5 24 96 21 -21 89 -24 36 41 -23 -3 -26 85 -19 70 34 -34 67 -4 -12 38 61 -40 59 -2 43 -43 -14 47 -47 -46 49 121 93 -52 69 107 -55 -16 -57 -9 114 -11 -18 118 63 -60 65 66 -61 -17 -48 -53 71 72 92 -72 -75 76 78 108 80 95 -76 110 83 84 -83 -22 -63 88 -38 -6 -8 -92 -15 94 -50 -80 106 -51 124 -35 -101 102 -31 104 -103 -106 -20 -39 -77 -100 -29 113 -113 -89 115 116 117 -1 -7 -45 -71 122 -36 -124 -73 -126
right_child=2 3 35 8 5 6 90 57 10 14 18 -13 44 31 55 32 60 30 19 20 29 26 23 -25 28 -27 -28 81 -30 101 -32 -33 33 99 48 -37 87 53 39 -41 -42 42 -44 119 45 46 68 -49 50 97 51 52 -54 54 -56 56 -58 -59 62 64 -62 86 -64 -65 -66 -67 -68 -69 -70 120 73 98 -74 74 75 77 -78 -79 79 -81 -82 82 -84 -85 -86 -87 -88 111 -90 -91 91 -93 -94 -95 -96 -97 -98 -99 109 100 -102 103 -104 -105 105 -107 -108 -109 -110 -111 -112 112 -114 -115 -116 -117 -118 -119 -120 -121 -122 -123 123 -125 125 -127
leaf_value=-0.052540524626140762 -0.088586527643532573 0.0042010517119126563 -0.031770177270628544 0.0013954622627873367 0.025433951873687747 0.0058573886969549675 -0.0023311161305805865 -0.036247282682045155 -0.068319790621598556 0.0074243513040854591 0.0056908893441697276 -0.1230493167260798 -0.0037498976456557765 -0.051854693137164058 0.0068758476911631033 -0.026812784253093209 0.0017171489628466736 0.0093078808452647724 0.0020125413893392979 -0.042107754860183519 -0.0141410558567887 -0.027386929082783344 -0.097441231509049722 0.00189821882062729 0.00044651181406722652 -0.094640989476398402 -0.0024573953402707571 -0.017437537920878644 -0.0049826812270384784 0.012898737183973552 -0.017361691351653323 0.0027704253030613451 -0.0034040128760296187 -0.064941042874333096 -0.078895781324820558 0.012423847709991069 0.013161220414173088 -0.030019385056114012 -0.036834400311691246 -0.012585253471846119 -0.0029472670401880208 -0.11504246161979378 0.006344693341616834 -0.068874644791257794 -0.052562057457186957 -0.079878511219546353 0.011284390013428656 0.0035160394907850679 0.028538469515010118 0.034715169763423821 0.022205141066332104 -0.032060994177290462 0.024986609904052815 0.012005220411717312 -0.0023673277270134046 0.010755913735160529 -0.0021704719870723494 0.0014362290102925448 0.0020371982415852315 0.0034447550515367847 -0.027657317427843806 0.0050027214338711663 0.018393616139391125 -0.019190647734055707 -0.016441943801075564 0.012741274355363827 -0.020757585905378937 0.010493220876792067 -0.030632842712402908 -0.038745979060955449 -0.0069339836400853869 -0.0022799558842057483 -0.059585964302356652 -0.0056268686669010866 0.006668436771749409 0.021599954053395144 -0.096596565486242375 0.009614087052349226 -0.025567850042959944 -0.010555351386755719 -0.016477862192442932 -0.10223696067415435 -0.0054881763295687074 0.020707067947427764 -0.04265885025896924 -0.0018262055273062495 -0.0060209929530130836 -0.0070551100912568101 -0.018517643474678814 0.0094085845269887922 0.034772714110734015 0.0033992782500023877 0.0025388927012681959 0.0021266439843585843 0.0032848278363365366 -0.071288834661245346 -0.037969283899292348 -0.00340131899896367 -0.0091141177675882843 -0.0010468245847990974 -0.026156500482215593 -0.0032317551633356425 -0.0016967034980531742 -0.0013211836793678427 -0.044922318432380308 -0.0062130800294469997 -0.0053218838323710865 -0.0076527195096811381 -0.024019134086483387 -0.056834537975133173 0.0056684754886764726 0.012982807439319469 0.00017555054360829009 0.0078560869609425946 0.017719244201139656 0.012083217655718679 0.0047420766616102211 0.0060695016751323924 -0.014267587220792764 -0.01151297966105826 -0.0059658851305125719 -0.080086141015208043 0.015237710921039038 -0.050495289297370648 -0.014444900448659674 -0.0014190045082284684
leaf_weight=186 173 7976 402 2496 1081 620 8962 222 169 7881 11404 245 3720 101 23002 206 7302 565 9823 1309 5720 2127 107 365 18991 396 1046 466 45641 1774 9659 3458 11625 108 177 326 718 587 1188 3259 24702 102 177 115 165 173 190 857 828 168 728 456 371 2041 17989 2438 9477 51147 4897 1808 374 3941 931 748 1139 1865 1145 4302 775 201 15482 15119 264 5645 836 114 179 1044 3752 1500 1328 144 11628 237 187 2362 4412 5819 2003 9480 362 21272 461 10457 1063 119 177 6894 227 664 1452 558 3556 2438 419 232 6991 1728 1245 166 3238 2311 7100 1566 3082 5187 3002 165 3572 148 6625 214 135 142 5520 5432
leaf_count=186 173 7976 402 2496 1081 620 8962 222 169 7881 11404 245 3720 101 23002 206 7302 565 9823 1309 5720 2127 107 365 18991 396 1046 466 45641 1774 9659 3458 11625 108 177 326 718 587 1188 3259 24702 102 177 115 165 173 190 857 828 168 728 456 371 2041 17989 2438 9477 51147 4897 1808 374 3941 931 748 1139 1865 1145 4302 775 201 15482 15119 264 5645 836 114 179 1044 3752 1500 1328 144 11628 237 187 2362 4412 5819 2003 9480 362 21272 461 10457 1063 119 177 6894 227 664 1452 558 3556 2438 419 232 6991 1728 1245 166 3238 2311 7100 1566 3082 5187 3002 165 3572 148 6625 214 135 142 5520 5432
internal_value=-0.00194499 -0.00179094 -0.0452674 -0.00302527 0.0012178 0.000361528 -0.00177891 0.00276017 -0.00219777 -0.000754821 -0.00364384 -0.0156419 -0.011272 -0.00573308 0.00186738 -0.00362065 -0.00768326 -0.012496 -0.00308053 -0.00606872 -0.00973052 -0.0258209 0.00967887 -0.0207799 -0.00187549 -0.0662726 -0.0191721 -0.00159012 -0.00338813 -0.00548338 -0.0158871 -0.00732959 -0.00184856 -0.00616283 -3.66246e-05 -0.0120896 0.00128627 -0.0047897 -0.00820978 -0.0191813 -0.00069359 -0.049365 -0.0376149 -0.0588914 -0.00948871 -0.0193031 -0.0313504 -0.00605963 -0.00143342 -0.00698431 0.000636091 -0.00435247 -0.00688705 -0.00219084 -0.00090228 0.00469288 0.000482359 0.00127242 0.00744062 0.00332884 0.000282512 -0.00431935 0.00193816 -0.000778533 -0.00209873 0.00129043 -0.00594334 0.00876346 -0.0225769 -0.00851414 -0.00792631 -0.00561916 -0.0237831 -0.00993626 -0.0128783 -0.0169362 -0.0199688 -0.00719675 -0.0181359 -0.022404 -0.007537 -0.00449507 -0.00670148 -0.0314867 -0.0688079 -0.0105296 -0.000819956 -0.00128981 -0.0101763 0.0110512 0.00209238 0.00392583 -0.00731121 0.00402234 0.0145199 -0.0269914 -0.00142603 -0.00248625 -0.00504257 -0.0205753 -0.0182813 -0.000932916 0.00318366 -0.00695097 -0.0181324 -0.031158 -0.0010391 -0.0133346 -0.020032 -0.0293639 0.00275759 0.000149585 0.00332159 -0.00389253 0.01056 0.00797455 0.00161685 -0.0250498 -0.0112904 -0.036761 -0.00693667 -0.0536237 -0.0421801 -0.0185198 -0.00467677 -0.007985
internal_weight=519288 517449 1839 366916 150533 132335 69933 62402 281048 140669 140379 6294 6049 85868 73457 67212 20396 12720 134085 38532 21541 4482 11033 472 95553 1111 3173 23876 64632 17059 10224 61992 46816 13849 32967 728 30921 39337 16992 4447 38540 715 542 365 5880 2160 1138 1022 28459 7730 20729 8381 7653 22345 20030 34917 11915 51369 18198 13838 7676 12545 6576 5645 5957 4818 2953 4508 965 7282 58534 27290 826 31244 15762 10117 7714 2403 7535 5371 2164 15900 12196 568 331 8082 8353 19517 2721 10561 30596 21634 562 12348 1891 3871 16991 7062 26464 2224 2116 8977 5330 3647 1209 651 16814 2315 1359 393 3704 16796 9411 7385 11622 8540 3353 351 4192 263 6826 668 454 277 26071 10952
internal_count=519288 517449 1839 366916 150533 132335 69933 62402 281048 140669 140379 6294 6049 85868 73457 67212 20396 12720 134085 38532 21541 4482 11033 472 95553 1111 3173 23876 64632 17059 10224 61992 46816 13849 32967 728 30921 39337 16992 4447 38540 715 542 365 5880 2160 1138 1022 28459 7730 20729 8381 7653 22345 20030 34917 11915 51369 18198 13838 7676 12545 6576 5645 5957 4818 2953 4508 965 7282 58534 27290 826 31244 15762 10117 7714 2403 7535 5371 2164 15900 12196 568 331 8082 8353 19517 2721 10561 30596 21634 562 12348 1891 3871 16991 7062 26464 2224 2116 8977 5330 3647 1209 651 16814 2315 1359 393 3704 16796 9411 7385 11622 8540 3353 351 4192 263 6826 668 454 277 26071 10952
cat_boundaries=0 2 4 6 8 9 11 12 14 16 18 20 22 24 26 28 30 32 34 35 37 39 41 43 44 45 47 49 50 51 52 54 55 57 59 61 63 65
cat_threshold=423901782 170 303038466 8196 574505 2112 20 2 12 150997506 128 2562 131072 4096 69206144 30468 33619968 4113 75628544 512 34603008 4 1056 2048 8454272 4865 1074790528 8196 75497472 16384 537395200 2048 1245184 14097 2 1176502400 16385 0 528 131072 512 131200 1536 4 2147680256 2097152 25088 0 528 10 1 49161 0 2048 1 3221225472 16388 131072 1024 2149646336 16640 2147483648 20480 8519808 25621
is_linear=0
shrinkage=0.03


Tree=42
num_leaves=127
num_cat=7
split_feature=0 8 11 31 12 25 30 12 25 12 31 25 30 26 25 23 0 28 12 0 26 11 25 0 2 23 0 27 0 0 20 20 0 0 23 28 12 0 25 25 0 25 3 0 26 25 25 22 0 25 26 22 0 0 0 32 25 25 0 26 0 3 0 25 30 31 25 0 0 25 27 12 22 0 28 30 0 22 31 0 25 25 0 25 27 3 25 25 0 25 0 0 0 25 25 22 28 25 3 23 25 0 3 25 25 2 0 25 0 0 30 25 26 20 27 0 25 23 26 27 28 28 0 27 27 20
split_gain=3537.33 806.278 1979.56 1802.59 760.946 593.643 588.08 514.277 461.798 738.681 789.775 575.354 454.958 403.921 401.576 401.524 386.912 422.155 365.441 444.112 344.218 334.067 324.486 347.982 283.049 262.307 253.544 250.917 243.213 242.236 216.741 386.284 209.309 203.978 202.272 396.664 201.108 248.371 196.192 243.677 455.222 195.436 227.491 249.189 193.362 183.484 235.663 181.933 174.526 172.543 170.775 193.119 199.06 169.118 217.485 167.056 166.842 166.012 186.542 237.757 161.095 171.838 377.271 379.332 200.182 175.894 159.829 275.203 158.755 231.934 237.818 283.512 225.706 201.117 200.684 189.176 167.603 157.244 157.923 153.622 147.789 409.608 146.174 232.112 209.105 197.839 222.789 423.463 332.166 175.226 145.763 176.048 142.655 142.129 157.639 142.038 238.649 166.065 160.305 139.611 139.468 139.446 163.467 135.692 202.226 388.827 134.453 276.118 133.704 159.313 184.212 156.575 132.24 130.146 161.955 129.061 271.386 216.477 128.945 128.536 129.044 127.108 121.494 228.915 120.841 120.479
threshold=13030.000000000002 9.5000000000000018 0.10837544873356821 0.062716279178857817 -0.70900321006774891 7.5000000000000009 0.16289755702018741 0.80798786878585827 73.500000000000014 -0.31800055503845209 0.086168900132179274 50.500000000000007 0.14912779629230502 1.0000000180025095e-35 35.500000000000007 0.12977331131696704 1560.0000000000002 0.093390330672264113 -0.88220417499542225 325.00000000000006 0.14566303044557574 -0.20180235803127286 68.500000000000014 135.00000000000003 0 0.06534933298826219 27950.000000000004 0.064750330522656455 180.00000000000003 325.00000000000006 106.50000000000001 75.500000000000014 155.00000000000003 850.00000000000011 0.035104382783174522 0.0661916919052601 0.86004966497421276 27950.000000000004 88.500000000000014 87.500000000000014 615.00000000000011 22.500000000000004 1 1280.0000000000002 0.072340067476034178 17.500000000000004 10.500000000000002 0.076482363045215621 475.00000000000006 97.500000000000014 0.10922185331583024 -1.0112495422363279 155.00000000000003 1280.0000000000002 1560.0000000000002 0.23425994068384173 64.500000000000014 37.500000000000007 225.00000000000003 0.19185426831245425 1280.0000000000002 2 1225.0000000000002 87.500000000000014 0.11381385102868082 0.050722325220704086 77.500000000000014 850.00000000000011 550.00000000000011 78.500000000000014 0.16058247536420825 -0.11692317575216292 0.082047652453184142 1560.0000000000002 0.15607915818691256 0.063154317438602461 950.00000000000011 -0.06435342505574225 0.03126017842441798 1280.0000000000002 107.50000000000001 97.500000000000014 325.00000000000006 76.500000000000014 0.084925193339586272 3 20.500000000000004 16.500000000000004 950.00000000000011 10.500000000000002 950.00000000000011 1225.0000000000002 1560.0000000000002 64.500000000000014 63.500000000000007 0.070210695266723647 0.13125208020210269 72.500000000000014 4 0.056448934599757201 72.500000000000014 325.00000000000006 5 113.00000000000001 117.50000000000001 6 325.00000000000006 81.500000000000014 90.000000000000014 325.00000000000006 0.090846620500087752 18.500000000000004 0.091656714677810683 92.500000000000014 0.060448419302701957 950.00000000000011 103.50000000000001 0.10648350790143014 0.24214403331279757 0.089248880743980422 0.099524557590484633 0.11491271480917932 425.00000000000006 0.049178216606378562 0.051913643255829818 55.500000000000007
decision_type=2 2 2 8 2 2 10 2 2 2 8 2 10 10 2 10 2 10 2 2 10 2 2 2 9 10 2 2 2 2 2 2 2 2 10 10 2 2 2 2 2 2 1 2 8 2 2 10 2 2 10 10 2 2 2 8 2 2 2 10 2 1 2 2 10 10 2 2 2 2 2 2 8 2 10 8 2 10 10 2 2 2 2 2 2 1 2 2 2 2 2 2 2 2 2 10 10 2 1 10 2 2 1 2 2 9 2 2 2 2 10 2 10 2 2 2 2 10 10 2 10 10 2 2 2 2
left_child=1 2 4 6 21 -2 13 82 11 -10 -11 14 18 108 36 32 20 -18 24 22 -8 113 55 99 93 29 -16 -6 45 57 31 -12 -14 -17 50 -36 37 -7 39 41 -41 101 43 106 -25 46 -9 60 -29 68 51 52 -15 115 -55 -20 -57 -22 59 -59 61 -37 64 112 119 -66 -26 -68 72 73 71 90 74 -70 -21 -74 -73 78 -27 103 81 -81 83 84 89 86 87 -84 -89 -3 -71 -92 -78 94 -5 96 97 98 -46 100 -24 102 -30 -40 105 -105 107 -43 111 110 -110 -4 -64 114 -1 116 117 -51 -61 120 -63 -49 123 -34 -77 -108
right_child=5 7 3 12 27 8 16 28 9 10 30 -13 15 34 26 33 17 -19 19 49 25 -23 23 44 66 77 -28 48 38 -31 -32 -33 122 -35 35 47 -38 -39 79 40 -42 42 -44 -45 95 -47 -48 121 -50 53 -52 -53 -54 54 -56 56 -58 58 -60 118 -62 62 63 -65 65 -67 67 -69 69 70 -72 76 75 -75 -76 124 92 -79 -80 80 -82 -83 85 -85 -86 -87 -88 88 -90 -91 91 -93 -94 -95 -96 -97 -98 -99 -100 -101 -102 -103 -104 104 -106 -107 125 -109 109 -111 -112 -113 -114 -115 -116 -117 -118 -119 -120 -121 -122 -123 -124 -125 -126 -127
leaf_value=0.00995812052741229 0.01055770377712157 -0.021986203971225464 0.0036973074926693206 -7.1668699689363068e-05 0.0021011228300737857 -0.062232162323724693 0.020376433116622215 -0.028478039590203584 0.045244638130945314 0.01334965448253206 -0.044043920751175157 -0.10705594671306325 -0.035244389140365907 -0.007288668332131285 -0.045286172015951309 -0.0022901513572997417 -0.077924005951200206 0.0068856823604736715 -0.0017912532975476036 -0.0097542066142914073 0.017248655413454505 0.00091214461136138777 -0.046944677844135599 -0.02546287016919176 -0.0044051444813087565 0.020890577484612732 0.0077236718968130072 -0.0045413765700378361 0.014923916463765443 -0.01981937620199635 -0.02969657417831071 -0.11554879677341245 -0.0021438651402460041 -0.032409472657221078 0.0072225654015701688 -0.0019740990448174098 -0.032535575521843774 -0.11704444689574567 0.0037894252243220392 -0.06313222257983675 0.0013085210256370877 -0.0053734805237837437 0.0029163522805978762 0.019652211837396582 -0.0083673844481131337 -0.0060051073718873152 0.014360848979966475 0.0044950666448535671 -0.00056404861506067117 -0.0085613194676429517 0.0072179276782304881 -0.0082386457934723809 0.033062477645654446 -0.051549518159457609 -0.0036148228375751474 -0.011242575821781866 0.015228747904606876 0.0029135809232857341 0.013400860595643688 -0.032109644824347923 0.013529448658041126 -0.01889212552789693 -0.038796114445145607 0.0054415326090899623 0.012866683024851947 -0.0075792699534154209 -0.049344265388473016 -0.0098689194740376827 -0.0072283710666502859 -0.053547429727747085 0.0052634473046821945 0.0057194016260679976 -0.035680533859071197 0.009913574987887766 -0.044925947423222694 0.011336188933297842 -0.017911266437703015 0.019259910388178231 0.0051956526240507627 0.0033580444961867845 0.0081944242903740482 -0.074874679522278401 -0.0032370771157709363 -0.011397294640327465 -0.013156375218879961 -0.0003967372112446943 -0.0044778007768998384 -0.041417858544047226 -0.00028774520914742079 -0.0036913192204402626 -0.016810291644288836 -0.044380731002249638 0.016411115530231116 0.0078355189638997531 -0.023709253216987813 -0.00066012510370771918 -0.047330844565367826 0.00085636705115025018 -0.034201448424432707 -0.071727001820135555 -0.011629185259342194 -0.00023227829366566973 -0.0019312573672162696 0.0022300412590639334 0.00085278352298315155 -0.032251704064215916 0.002452792674832927 -0.023305010265173384 0.0022065457142889499 0.004304683665646525 0.024240669930846011 -0.038344148968656858 -0.080986745015229331 0.0032337567507776371 0.005098363307585457 0.00079463799033968943 -0.0027312957349907361 -0.052777605443575223 -0.0083176330597288621 0.0079089019967145038 -0.0061780479484172951 -0.0021920235394878138 -0.00093434125466984976 0.012255607929823956 -0.0019205621513242201 -0.00391892598289498
leaf_weight=8237 166 482 304 6652 24803 250 1314 135 101 159 137 200 148 227 217 328 104 106 2314 1944 525 24383 263 1167 19911 610 129 13215 1473 540 108 138 1986 528 5102 30849 111 109 12983 166 241 5201 5471 402 487 13384 770 6489 39928 207 832 7313 212 139 218 10322 218 2475 737 239 549 1240 211 150 837 690 175 1652 26171 187 462 432 142 630 157 670 1461 877 10414 136 131 107 1274 7154 2619 10608 44093 647 243 19330 731 292 117 2163 263 845 190 577 389 108 164 4176 798 691 6447 504 3121 907 491 1663 1122 107 100 19726 24632 6596 1903 192 1417 341 1710 4222 13009 1987 7962 18490
leaf_count=8237 166 482 304 6652 24803 250 1314 135 101 159 137 200 148 227 217 328 104 106 2314 1944 525 24383 263 1167 19911 610 129 13215 1473 540 108 138 1986 528 5102 30849 111 109 12983 166 241 5201 5471 402 487 13384 770 6489 39928 207 832 7313 212 139 218 10322 218 2475 737 239 549 1240 211 150 837 690 175 1652 26171 187 462 432 142 630 157 670 1461 877 10414 136 131 107 1274 7154 2619 10608 44093 647 243 19330 731 292 117 2163 263 845 190 577 389 108 164 4176 798 691 6447 504 3121 907 491 1663 1122 107 100 19726 24632 6596 1903 192 1417 341 1710 4222 13009 1987 7962 18490
internal_value=-0.00179482 -0.0016478 -0.000848121 -0.00281556 0.0016991 -0.0434764 0.000530763 -0.00340065 -0.0488862 -0.0289214 -0.0427999 -0.0614805 -0.00523261 -0.000840657 -0.0501927 -0.000845109 0.00511857 -0.0352856 -0.00603397 -0.00726737 0.00556351 0.00381477 -0.0114559 -0.0187059 -0.00332586 0.00447102 -0.0255571 -0.000390323 -0.00159572 -0.000681892 -0.066084 -0.080215 0.000157439 -0.0208846 -0.00142284 -0.000724612 -0.068236 -0.0791532 -0.000775852 -0.0019973 -0.0250648 -0.0017622 -0.00268041 -0.00376933 -0.0153901 -0.005121 0.00794614 -0.00158037 -0.00155315 -0.00585669 -0.00569184 -0.00707816 0.0122284 -0.00215358 -0.0223703 -0.00909131 -0.0106937 0.00123766 -0.000492269 -0.00297355 -0.00258489 -0.00283013 -0.00783119 -0.0337289 -0.00534674 0.00362893 -0.00518245 -0.013675 -0.00668529 -0.00779548 -0.0148553 -0.0177426 -0.00357295 -0.00682507 -0.0124026 -0.00145746 -0.0108271 0.00703975 0.00606593 0.00157675 -0.0174527 -0.0312558 -0.00498182 -0.00669214 -0.00519106 -0.00409189 -0.00493926 -0.0143355 -0.0302009 -0.0041375 -0.0292119 -0.0247155 -0.0153577 0.00112444 -0.000973981 -0.0106571 -0.015795 -0.0116416 -0.0198653 -0.0412882 -0.0334397 0.0030218 0.00900298 0.00192265 -0.00124891 -0.0125787 -0.00410971 -0.00803958 0.00880081 0.0108242 0.017539 -0.00731429 -0.0525783 0.00516038 0.00631649 -0.00134004 -0.00745429 -0.0299171 -0.0117687 -0.00951122 -0.0115269 0.00185923 0.000468027 0.00505896 -0.000890404 -0.00299867
internal_weight=519511 517686 355502 200578 154924 1825 84119 162184 1659 643 542 1016 116459 64761 816 17986 19358 210 98473 67657 19148 76978 17044 4190 30816 17834 346 77946 75734 5933 383 275 17130 856 61074 52490 470 359 61445 40446 407 40039 33592 28121 3655 14289 905 47388 53143 50613 8584 7752 439 9255 357 12854 10540 5393 4868 4131 36677 36128 5279 461 4818 1527 21738 1827 41358 30483 3682 3220 10875 26801 2101 8774 2010 11901 11024 20999 374 243 86450 29585 22431 56865 46257 2164 890 19812 1210 1023 1578 9078 6915 2488 1643 1453 876 535 427 6447 2271 20625 7642 1195 27719 6108 3687 3276 1613 411 311 52595 32869 8898 2302 399 1656 3291 2950 10711 16982 3973 8632 21611
internal_count=519511 517686 355502 200578 154924 1825 84119 162184 1659 643 542 1016 116459 64761 816 17986 19358 210 98473 67657 19148 76978 17044 4190 30816 17834 346 77946 75734 5933 383 275 17130 856 61074 52490 470 359 61445 40446 407 40039 33592 28121 3655 14289 905 47388 53143 50613 8584 7752 439 9255 357 12854 10540 5393 4868 4131 36677 36128 5279 461 4818 1527 21738 1827 41358 30483 3682 3220 10875 26801 2101 8774 2010 11901 11024 20999 374 243 86450 29585 22431 56865 46257 2164 890 19812 1210 1023 1578 9078 6915 2488 1643 1453 876 535 427 6447 2271 20625 7642 1195 27719 6108 3687 3276 1613 411 311 52595 32869 8898 2302 399 1656 3291 2950 10711 16982 3973 8632 21611
cat_boundaries=0 1 2 3 4 5 6 7
cat_threshold=2 2 2 2 2 2 10
is_linear=0
shrinkage=0.03


Tree=43
num_leaves=127
num_cat=36
split_feature=0 5 2 5 5 5 4 0 0 8 5 0 5 0 0 5 0 0 25 25 5 13 25 5 5 0 0 4 23 5 0 25 25 31 29 25 13 0 25 0 29 5 11 29 0 5 5 5 0 5 5 0 0 11 30 11 25 5 5 0 5 13 5 20 5 0 5 5 8 25 11 0 25 25 0 29 0 25 25 11 0 25 20 25 25 32 23 3 25 26 11 26 5 25 0 5 0 5 0 20 5 0 25 5 0 5 0 25 31 0 5 25 20 13 25 26 26 11 25 9 0 23 25 0 11 4
split_gain=3152.73 1842.86 1405 2048.04 1322.73 1260.22 1207.72 968.032 841.853 522.442 477.891 473.641 1281.03 2225.66 3815.61 1240.69 1166.36 856.4 847.831 823.575 702.087 623.549 462.7 798.007 558.945 671.54 1553.54 1222.98 880.902 725.174 546.255 542.446 714.119 513.304 478.095 453.748 404.334 727.378 562.657 1012.44 402.366 758.825 400.562 521.299 395.758 797.45 374.887 370.039 369.296 573.816 475.037 365.01 354.082 372.948 342.764 460.01 543.312 692.682 398.272 355.107 1199.56 354.217 412.929 331.695 328.711 524.577 586.789 321.898 314.31 386.019 312.664 311.003 1194.46 285.076 281.437 503.701 416.288 486.061 470.608 300.456 260.577 395.633 394.399 388.323 378.959 334.594 300.535 310.973 356.354 253.259 251.755 635.514 1017.1 565.41 326.424 400.99 358.925 323.249 319.034 319.286 364.543 290.995 288.113 288.068 385.491 1027.62 267.975 765.036 252.266 250.496 256.369 247.536 247.169 241.791 241.026 239.393 235.212 367.822 646.384 232.878 230.283 843.562 226.228 221.847 433.177 238.653
threshold=13030.000000000002 0 1 2 3 4 5 1715.0000000000002 1255.0000000000002 3.5000000000000004 6 850.00000000000011 7 425.00000000000006 475.00000000000006 8 325.00000000000006 950.00000000000011 102.50000000000001 78.500000000000014 9 13.500000000000002 57.500000000000007 10 11 850.00000000000011 950.00000000000011 12 0.081555202603340163 13 325.00000000000006 69.500000000000014 64.500000000000014 0.075905904173851027 0.15539915859699252 125.00000000000001 37.500000000000007 325.00000000000006 49.000000000000007 950.00000000000011 0.12313740327954294 14 -0.32614396512508387 0.079769685864448561 615.00000000000011 15 16 17 61.500000000000007 18 19 1225.0000000000002 1225.0000000000002 0.24372619390487674 0.10479542613029481 0.40614137053489691 59.500000000000007 20 21 615.00000000000011 22 39.500000000000007 23 48.500000000000007 24 615.00000000000011 25 26 10.500000000000002 59.500000000000007 0.42179998755455023 2375.0000000000005 82.500000000000014 42.500000000000007 325.00000000000006 0.1178257428109646 225.00000000000003 77.500000000000014 67.500000000000014 0.45273815095424658 615.00000000000011 77.500000000000014 31.500000000000004 67.500000000000014 77.500000000000014 0.20715202391147616 0.051437802612781532 27 88.500000000000014 0.10922185331583024 0.24372619390487674 0.00016002441407181325 28 89.500000000000014 55.000000000000007 29 1255.0000000000002 30 1560.0000000000002 31.500000000000004 31 1410.0000000000002 155.00000000000003 32 1280.0000000000002 33 155.00000000000003 19.500000000000004 0.08413130417466165 155.00000000000003 34 56.500000000000007 89.500000000000014 22.500000000000004 10.500000000000002 0.0036674396833404903 1.0000000180025095e-35 0.24372619390487674 13.500000000000002 5.5000000000000009 950.00000000000011 0.1168753318488598 47.500000000000007 1280.0000000000002 -0.48314717411994929 35
decision_type=2 9 9 9 9 9 9 2 2 2 9 2 9 2 2 9 2 2 2 2 9 2 2 9 9 2 2 9 8 9 2 2 2 10 10 2 2 2 2 2 10 9 2 10 2 9 9 9 2 9 9 2 2 2 10 2 2 9 9 2 9 2 9 2 9 2 9 9 2 2 2 2 2 2 2 8 2 2 2 2 2 2 2 2 2 10 8 1 2 8 2 10 9 2 2 9 2 9 2 2 9 2 2 9 2 9 2 2 10 2 9 2 2 2 2 8 8 2 2 2 2 10 2 2 2 9
left_child=1 8 5 7 10 -3 9 48 22 -5 42 12 13 16 -15 17 89 -13 19 -16 -14 -21 23 70 30 27 -27 -26 -28 -30 33 32 -31 68 119 67 115 -38 39 44 74 -42 -2 -44 47 -46 -6 -39 49 -4 116 -34 -11 -54 55 61 57 59 -56 -57 73 64 -63 -23 113 -66 -67 -19 -24 -70 -1 72 -9 -61 75 -29 78 -78 -77 -76 81 83 -82 -32 -84 -86 -83 -88 -89 -7 93 92 -92 94 -8 109 -97 101 99 -94 122 -98 123 -93 -105 108 107 -102 -106 110 -96 -40 -47 -22 -108 120 -50 -118 -119 -33 121 -25 -101 125 -125 -95
right_child=4 2 3 6 46 11 90 71 -10 52 -12 15 20 14 18 -17 -18 35 -20 21 54 63 24 36 25 26 28 40 29 31 80 34 51 -35 -36 -37 37 38 111 -41 41 -43 43 -45 45 112 -48 -49 50 -51 -52 -53 53 -55 58 56 -58 -59 -60 60 -62 62 -64 -65 65 66 -68 -69 69 -71 -72 -73 -74 -75 79 76 77 -79 -80 -81 82 86 84 -85 85 -87 87 88 -90 -91 91 103 98 102 95 96 97 -99 -100 100 106 -103 -104 104 105 -107 114 -109 -110 -111 -112 -113 -114 -115 -116 -117 117 118 -120 -121 -122 -123 -124 124 -126 -127
leaf_value=0.0034704584305394483 -0.066349617509147793 0.0069668642892127593 -0.027816728473481968 -0.012972459526559741 -0.027893118413974689 -0.034601486163672555 0.01046977914462552 0.0099386670441433244 0.01045922226861427 -0.074187790280547589 -0.089302681889104882 0.049443897833562879 0.014506123536485989 -0.12283361672469884 -0.010872071513874686 0.0068940197823547334 0.0053017671910205021 0.00061301412520237955 -0.0042014820948490742 -0.10180634221300863 -0.0012290740432372288 -0.059712362848397975 -0.007906077157376885 -0.01070424065569325 0.016127940628328119 -0.080295638914765974 -0.053813294515771375 0.0021525274376207066 0.0088904789705338497 -0.011820599105941677 -0.004227162618102985 -0.0042488869098048082 -0.062343029198651631 -0.033715720560104065 -0.028259332080824762 0.0080574616383981331 -0.0022403718740911581 0.023917770442978433 -0.0078499067858334801 0.0039579353422681332 0.010121036885168657 -0.035498728360526574 0.0040819397917041525 -0.07412953124875607 -0.013886808526635137 -0.083060519042437109 0.015812659505399784 -0.025046691770661794 0.030735013841122791 -0.0014128836441477757 0.0010260345079806939 -0.0078817657426911956 -0.0029644426114936455 -0.066367273101743479 -0.0021602418038668271 -0.016343089853111423 -0.00064771948792255061 -0.0050303289780503357 0.0092710949808308355 -0.038321546825159966 -0.109275146141404 -0.0056122986514688979 0.0011359796520630954 -0.02698073265890925 -0.0048413617488604265 -0.005757539755196917 0.021823081793995308 -0.0059649511420587255 -5.8191690820372795e-05 -0.023187267703507805 -0.0048043218184508282 -0.020472727876582185 -0.12861254338390571 0.0038910238745351474 0.0041336261710829469 -0.0083903157108685227 -0.0084581807907616029 -0.026856842406936605 0.010638919353432121 -0.005705457432209851 -0.065250517660243937 0.0158057050173422 -0.01243151830231681 0.013452507387193181 -0.00026756826965831899 -0.017524582708622387 -0.004469522006020946 -0.023787696492825347 0.027834817928047133 -0.0098255991704768765 -0.0052639536935214408 0.0055646272870961662 -0.080560840081710078 -0.019423935520840978 0.01642081228872554 -0.007379501944230718 0.022042935894818844 0.023116490145451831 0.010092714309483757 -0.058068406716305761 0.0067755370333473734 -0.016651491961752102 0.0098222954003674076 -0.0051308695549023824 -0.097806189527911855 0.0098265950632048758 -0.04615923647151654 -0.06881529987519662 -0.04461655499753106 -0.0011284443752437748 -0.0099324069954934736 0.018524059072881936 -0.03992682836515208 0.0061437996487899828 -0.014964142368606888 -0.0019504437855582255 0.015717637196121809 -0.041187428298937241 0.0098943748830862301 -0.012875183063928356 0.0069299943042052947 -0.084437758321383671 -0.016246179919931797 0.0069262593984603877 -0.071505949689893974 -0.0085332660122809899
leaf_weight=19473 394 28104 951 484 375 401 1547 104 3452 361 388 291 3179 302 2810 28659 11490 10905 4019 116 4998 317 6373 1725 3287 260 353 6173 2601 1844 2359 19628 462 1088 860 3476 7292 140 2195 1123 517 881 230 114 461 379 317 2841 517 3242 55623 146 187 150 4359 1329 11930 5006 7386 338 172 13406 20827 2310 9174 1218 1599 17344 811 3259 5208 406 120 250 8814 3606 4681 1785 1730 4088 109 444 8787 2124 6028 1214 3310 1648 129 4903 4191 2061 103 2615 1561 17518 251 674 201 499 187 571 541 8692 136 325 248 337 202 7306 416 374 179 20106 2158 23831 2300 320 729 3288 463 151 153 106 156 5896
leaf_count=19473 394 28104 951 484 375 401 1547 104 3452 361 388 291 3179 302 2810 28659 11490 10905 4019 116 4998 317 6373 1725 3287 260 353 6173 2601 1844 2359 19628 462 1088 860 3476 7292 140 2195 1123 517 881 230 114 461 379 317 2841 517 3242 55623 146 187 150 4359 1329 11930 5006 7386 338 172 13406 20827 2310 9174 1218 1599 17344 811 3259 5208 406 120 250 8814 3606 4681 1785 1730 4088 109 444 8787 2124 6028 1214 3310 1648 129 4903 4191 2061 103 2615 1561 17518 251 674 201 499 187 571 541 8692 136 325 248 337 202 7306 416 374 179 20106 2158 23831 2300 320 729 3288 463 151 153 106 156 5896
internal_value=-0.0018063 -0.00166753 -0.000402446 -0.00295555 -0.0412326 0.00103361 -0.00694996 0.000761227 -0.0042042 -0.0369623 -0.061057 0.000167576 -0.000841212 -0.00671293 -0.0180174 0.00236131 -6.97784e-05 -0.00169784 -0.014698 -0.0222927 0.000646794 -0.0339841 -0.00450487 -0.00254158 -0.00576355 -0.00407608 -0.0074278 -0.00130219 -0.00677585 -0.00619805 -0.0086709 -0.0076951 -0.0211302 -0.0141127 -0.00631195 -0.00216902 -0.00509864 -0.00902957 -0.0154646 -0.0212095 -0.00307778 -0.0188141 -0.0451136 -0.0219767 -0.0282744 -0.0444161 -0.00793768 -0.0227437 0.0011277 -0.00747635 0.00173426 -0.0492996 -0.0535547 -0.0312981 0.000213744 -0.000412963 -0.00455761 -0.0111309 0.00503474 -0.0255943 -0.0420653 0.000692569 -0.00150811 -0.0309517 0.00272344 -0.00136314 0.00995711 -0.00342761 -0.0120673 -0.0185796 0.00172355 -0.0362139 -0.0645269 -0.0200574 -0.00236471 -0.00479115 -0.00842289 -0.0135407 -0.00221995 0.00101591 -0.00627436 -0.00247249 -0.0086332 0.00415042 -0.00824415 -0.00316244 -0.00784028 -0.00990683 -0.0200267 -0.0117049 -0.00634569 -0.0091315 -0.0155709 -0.0049587 -0.00294463 -0.00367834 -0.0061717 0.00792583 -0.0266006 -0.0286765 -0.0271625 -0.00476571 -0.0114112 -0.00457455 -0.00680734 -0.0288477 -0.0223689 -0.0418777 -0.0643456 0.00143392 0.0109062 -0.00400462 -0.0681016 0.00467407 -0.0181974 -0.00284962 0.0118877 0.00900538 -0.00571264 -0.0054871 -0.0120062 -0.0166809 -0.0475658 -0.0127216 -0.0398682 -0.0118813
internal_weight=518661 516843 344869 124145 1818 220724 59833 64312 171974 1182 1126 192620 131945 26668 9874 60675 16794 32016 9572 5553 105277 2743 168522 65835 102687 65004 29442 35562 29182 28829 37683 26228 2452 11531 23776 31725 41154 14984 7692 5123 32275 1398 738 344 4000 1019 692 2981 63682 4193 59489 608 698 337 102098 90353 19025 7095 11745 2089 760 71328 34233 2627 37095 11991 2817 28249 10443 4070 24681 630 224 588 30877 17975 11802 6466 5336 12902 26152 10014 16138 4483 16029 7242 5531 5087 1777 5304 58651 19493 8077 39158 29844 28297 19014 1496 3886 3685 3582 822 9314 11416 9355 663 2930 524 338 9283 1977 2569 558 25104 2406 26170 3866 3349 1049 22916 2339 1876 652 8773 262 8511
internal_count=518661 516843 344869 124145 1818 220724 59833 64312 171974 1182 1126 192620 131945 26668 9874 60675 16794 32016 9572 5553 105277 2743 168522 65835 102687 65004 29442 35562 29182 28829 37683 26228 2452 11531 23776 31725 41154 14984 7692 5123 32275 1398 738 344 4000 1019 692 2981 63682 4193 59489 608 698 337 102098 90353 19025 7095 11745 2089 760 71328 34233 2627 37095 11991 2817 28249 10443 4070 24681 630 224 588 30877 17975 11802 6466 5336 12902 26152 10014 16138 4483 16029 7242 5531 5087 1777 5304 58651 19493 8077 39158 29844 28297 19014 1496 3886 3685 3582 822 9314 11416 9355 663 2930 524 338 9283 1977 2569 558 25104 2406 26170 3866 3349 1049 22916 2339 1876 652 8773 262 8511
cat_boundaries=0 2 3 5 7 9 10 12 13 15 16 18 20 21 23 25 26 28 29 31 33 35 37 39 41 43 44 46 47 49 51 53 55 57 58 60 61
cat_threshold=3720233 2133 6 1199837268 9386 303038466 8196 138420246 2 2 34603008 4 595660800 3498442752 13472 2147745792 1048608 2064 1064992 2048 4 2621440 1 0 17 2097161 537395200 2048 1024 1107296256 128 100663360 2 512 8744 1140850688 520 512 32 1073741824 28712 131072 30504 335544512 1342177280 4128 2 671154816 16640 536946690 16384 134217728 512 8192 4096 2285903872 256 536872960 65538 16384 1
is_linear=0
shrinkage=0.03


Tree=44
num_leaves=127
num_cat=41
split_feature=1 5 5 5 5 1 27 1 5 11 5 8 12 27 5 5 1 5 5 1 12 1 26 27 1 11 27 5 27 21 12 21 11 11 31 30 5 1 1 5 1 1 5 4 27 5 27 5 13 27 5 11 1 5 13 11 5 1 1 27 5 5 27 5 26 2 1 5 5 1 22 5 5 12 1 28 1 4 27 4 27 11 26 5 27 23 1 32 1 1 5 27 11 4 31 1 22 26 5 27 1 5 27 23 32 1 23 1 12 1 1 5 5 1 5 12 5 1 28 5 27 1 1 23 5 1
split_gain=2783.94 1807.85 1251.68 808.184 732.457 632.001 1177.45 3565.69 916.727 629.722 790.685 610.555 606.414 619.384 577.798 573.13 1699.89 516.93 506.946 427.041 425.224 420.067 415.199 409.886 396.843 364.378 599.414 353.084 542.704 955.663 426.352 340.56 336.084 327.636 822.561 327.085 325.813 414.682 1563.57 348.048 904.776 321.735 1156.6 912.901 716.122 623.35 473.848 542.664 391.072 306.832 457.047 300.269 289.485 1226.24 321.295 286.546 280.179 766.628 274.233 274.04 407.358 366.165 466.156 413.694 262.093 261.64 258.909 349.36 257.985 759.574 254.457 413.07 357.004 253.277 247.402 246.412 241.903 389.855 476.42 349.136 303.772 347.902 236.592 428.493 666.564 396.18 305.971 274.376 234.992 565.717 295.509 259.427 245.576 805.546 234.545 479.194 278.657 245.107 243.962 532.933 334.577 326.648 294.181 289.316 233.334 233.18 232.826 252.776 232.221 230.419 228.474 789.067 340.188 509.388 227.1 223.863 291.943 215.632 291.502 256.749 211.202 208.755 320.248 208.539 226.612 260.314
threshold=9.461545944213869 0 1 2 3 5.759707212448121 0.086274277418851866 6.1640367507934579 4 0.24372619390487674 5 3.5000000000000004 -0.082691941410303102 0.07936600968241693 6 7 5.759707212448121 8 9 6.8561301231384286 -0.41399101912975306 8.5174431800842303 0.10922185331583024 0.098019190132617964 6.4229502677917489 -0.86546283960342396 0.1575826704502106 10 0.058846931904554374 0.085019674152135863 -0.73284119367599476 0.069947797805070891 0.3903625756502152 0.35846313834190374 0.098716270178556456 0.083766922354698195 11 6.8561301231384286 6.4229502677917489 12 6.744683265686036 6.8561301231384286 13 14 0.058047603815793998 15 0.059944719076156623 16 33.500000000000007 0.064750330522656455 17 -0.13398594409227368 4.7054555416107187 18 40.500000000000007 -0.4218058288097381 19 5.759707212448121 7.3527534008026132 0.072961069643497481 20 21 0.060448419302701957 22 0.1366594657301903 23 4.7054555416107187 24 25 6.8561301231384286 -0.42448458075523371 26 27 -0.87397405505180348 7.3527534008026132 0.102102879434824 6.8561301231384286 28 0.095947422087192549 29 0.11368945986032487 0.79383251070976268 0.14037989079952243 30 0.16058247536420825 0.11144557595252992 7.1552743911743173 0.12919126451015475 6.5665833950042733 6.8561301231384286 31 0.089248880743980422 -0.72696319222450245 32 0.075905904173851027 5.759707212448121 0.053342131897807128 0.07184594497084619 33 0.07936600968241693 6.5665833950042733 34 0.08212983608245851 0.081555202603340163 0.18680100888013842 7.1113042831420907 0.035104382783174522 5.0493419170379648 0.7074720859527589 4.5047848224639901 5.759707212448121 35 36 5.4143788814544687 37 -0.048362832516431802 38 7.2490057945251474 0.099524557590484633 39 0.052256155759096153 7.4465231895446786 7.3527534008026132 0.086187265813350691 40 4.5047848224639901
decision_type=2 9 9 9 9 2 2 2 9 2 9 2 2 2 9 9 2 9 9 2 2 2 10 2 2 2 2 9 2 8 2 10 2 2 8 10 9 2 2 9 2 2 9 9 2 9 2 9 2 2 9 2 2 9 2 2 9 2 2 2 9 9 2 9 10 9 2 9 9 2 10 9 9 2 2 10 2 9 2 9 2 2 10 9 2 8 2 10 2 2 9 2 2 9 10 2 10 10 9 2 2 9 2 8 10 2 8 2 2 2 2 9 9 2 9 2 9 2 10 9 2 2 2 8 9 2
left_child=1 4 -2 12 31 27 18 -8 23 20 11 -11 13 15 -15 16 -3 25 41 24 -10 33 36 -9 51 -4 75 30 29 106 114 65 -20 59 117 58 37 38 -14 40 -40 43 -43 -7 45 -45 -46 -48 -49 66 109 -18 53 54 -32 -42 -36 -58 -25 61 88 62 -6 -64 -54 73 67 -30 69 -22 72 -72 -47 -1 -16 -27 79 78 -78 -13 81 -80 83 84 121 86 87 -85 92 91 -91 -90 93 -61 96 -96 97 98 99 -38 110 -102 -103 -101 -24 -99 107 -29 -19 -51 112 120 113 -100 -5 -63 -117 119 -119 -35 -112 122 -12 -31 125 -125
right_child=2 3 17 5 21 6 7 8 9 10 82 76 22 14 74 -17 19 108 32 -21 68 -23 104 35 -26 26 -28 28 49 123 52 -33 -34 34 56 -37 94 -39 39 -41 55 42 -44 44 46 70 47 48 -50 50 -52 -53 64 -55 -56 -57 57 -59 -60 60 -62 115 63 -65 -66 -67 -68 -69 -70 -71 71 -73 -74 -75 -76 -77 77 -79 80 -81 -82 -83 -84 85 -86 -87 -88 -89 89 90 -92 -93 -94 -95 95 -97 -98 105 100 103 101 102 -104 -105 -106 -107 -108 -109 -110 -111 111 -113 -114 -115 -116 116 -118 118 -120 -121 -122 -123 -124 124 -126 -127
leaf_value=0.022610829335981845 -0.086352133341133591 0.013178408305226229 -0.078512619615987295 0.0099900108078050977 -0.00081026948661444727 0.011591553838671491 -0.11715374071744046 0.010419476152781453 0.00078346285814611272 -0.0041825362082694405 -0.016420862396996985 -0.096033734795676562 -0.011277187180822568 0.0038327926572508156 -0.010691834505894695 0.0034582159820401239 -0.049161136319724172 0.011501900237771475 0.0066055276843590234 0.0083785954339709139 0.015847411884369885 -0.058934307622018262 0.0086391130289587802 -0.0025169345367102684 -0.091108944539801534 -0.035216478625635705 0.017441976910436547 0.0065880063274344428 -0.043700058915147694 -0.0015866819941997023 -0.035499020671219232 0.021769534771366224 0.00065638045646598331 0.0098806017460021205 -0.0026952631432184261 0.016795277650356821 0.014081626223893022 0.0049088618458253798 0.012411791205200929 -0.1029743316454917 -0.047721456677294695 -0.012629253063599879 0.012072526950508982 0.00067301573419196439 0.0082887401165976961 -0.00884368083651642 -0.022684862949651202 0.0083693482264654267 -0.0051949577358837082 0.019759112181331643 -0.022249133368350864 0.0075507968516633061 -0.0029496209338848549 -0.0059875149163032956 -0.091179151872793823 -0.1114821353134914 -0.026853640442122396 -0.0055623246703526367 0.016822380559029695 -0.055758357357614093 -8.9267139688306736e-05 0.0059636243175192286 -0.045253168745650746 -0.0093065556740609835 0.0087345829476971615 0.0019336295696342457 0.0042753602991528888 -0.0033610287067855501 -0.0033991405313776911 -0.025936514781672228 0.015850915084509164 -0.011521256106394678 -0.027474242597085034 0.0074435535815612934 0.012113511043986004 -0.085196276818002972 0.026149811715848983 -0.05121974997967052 -0.029795236948153041 -0.032344214926032643 -0.011109068024037924 -0.091217982724448227 -0.00065596722021985833 -0.041447152502935479 0.0007303979072387129 0.00041817099908537123 -0.048033917403221126 -0.0054053597035668664 -0.073583198307959494 0.0055896868078496292 -0.0060150145238864455 -0.0092015917229283355 0.014508550627150216 0.0072089050591376729 -0.030679856394386917 -0.0048110458436518653 -0.0018380824995812481 -0.014001830914092338 -0.013297487347936225 -0.038204952421801858 0.016483816977719824 -0.026023486441164711 -0.00093375197598291886 -0.0044504608148880727 -0.0079700282604475928 -0.053358376156538719 0.0058957894037180141 -0.018211178021185107 -0.034416064120880843 -0.0046113391043583873 0.011310377571715963 -0.017372215301576253 -0.01001209426049739 0.0091401019786651345 -0.00053005640256941584 -0.0038384807653592981 0.0065985779860661276 -0.06231698275159258 -0.0036859359466690478 0.00058692341252620649 -0.0049922803486763933 -0.052438022677928006 0.023887315588378973 0.02084640361627825 -0.0191904150883477 -0.012151776021938471
leaf_weight=1140 385 1001 171 3317 15452 5973 244 5772 27799 1163 7247 118 7728 3736 10798 17394 517 372 23342 124 538 106 2367 9182 176 447 181 624 216 1247 198 1295 13483 3162 4983 1009 1544 1088 151 150 129 6007 2372 5843 7715 1950 991 3416 4345 382 1378 100 22879 8882 179 129 2177 5056 710 190 21203 9161 302 4021 1868 8141 6793 1339 48862 1432 600 2663 1813 7553 445 111 185 433 379 227 573 106 6497 221 2930 7572 224 1326 120 15383 2258 106 4395 4289 1062 1638 11513 2341 1436 239 834 482 3256 4797 1121 143 3551 906 134 3953 1013 8044 7401 2485 4155 7307 3587 108 255 17087 2426 139 181 220 5455 8311
leaf_count=1140 385 1001 171 3317 15452 5973 244 5772 27799 1163 7247 118 7728 3736 10798 17394 517 372 23342 124 538 106 2367 9182 176 447 181 624 216 1247 198 1295 13483 3162 4983 1009 1544 1088 151 150 129 6007 2372 5843 7715 1950 991 3416 4345 382 1378 100 22879 8882 179 129 2177 5056 710 190 21203 9161 302 4021 1868 8141 6793 1339 48862 1432 600 2663 1813 7553 445 111 185 433 379 227 573 106 6497 221 2930 7572 224 1326 120 15383 2258 106 4395 4289 1062 1638 11513 2341 1436 239 834 482 3256 4797 1121 143 3551 906 134 3953 1013 8044 7401 2485 4155 7307 3587 108 255 17087 2426 139 181 220 5455 8311
internal_value=-0.00173301 -0.00160353 -0.0389568 -0.00267574 0.00132538 -0.00185915 -0.000995659 -0.00281727 -0.00259283 -0.00360212 -0.00733841 -0.0214384 -0.00502495 -0.00181045 -0.00638832 0.00174045 -0.0137776 -0.025231 0.00183403 -0.0433353 -0.00219976 0.000480644 -0.0067611 0.00395364 -0.0514221 -0.0387065 -0.029925 -0.00419963 -0.00644773 -0.00958561 -0.00233429 0.00694619 0.0044262 0.000533394 -0.00202339 0.000533015 -0.00734577 -0.0124871 -0.0147865 -0.0631942 -0.0447854 -0.000351911 -0.00563652 0.000902176 -0.00127457 -0.00657642 0.00286899 -0.001909 0.000774675 -0.00191865 -0.00727503 -0.0399722 -0.00376058 -0.00828548 -0.0605066 -0.0799091 -0.00819154 -0.0119569 -0.00112729 0.00148966 0.00301749 -0.00034945 -0.00324519 -0.0119538 -0.00206733 0.00580876 0.00174745 -0.00929133 -0.0038312 -0.0144499 -0.0125875 -0.00647149 -0.0179212 0.00942412 -0.0097795 -0.0452933 -0.0314674 -0.0267291 -0.0181634 -0.0543425 -0.0259293 -0.0433797 -0.00562278 -0.00725198 -0.0114076 -0.00256735 -0.0153396 -0.0105776 0.00547874 0.00349851 0.00410382 -0.0435601 0.00947109 0.00452597 -0.00639026 -0.0149937 -0.00590688 -0.00719227 -0.00652644 -0.00133005 -0.00777196 -0.000367756 -0.00416393 -0.00605966 0.00330039 -0.0162881 0.0016808 -0.0080993 -0.00068851 -0.00245409 -0.00925969 -0.0122414 -0.00623473 0.000919075 0.00415342 0.00250625 -0.000399111 0.00163248 -0.0212532 0.00204377 -0.000187693 -0.0161221 -0.0154356 -0.0133434 -0.0143915 -0.0112852
internal_weight=519881 518080 1801 379243 138837 281435 205582 125069 124825 108152 29521 3184 97808 34291 14979 19312 1918 1416 80513 917 78631 120708 63517 16673 793 910 739 75853 34375 20314 41478 18129 36825 120602 32828 10901 60029 9375 8287 559 409 43688 8379 35309 29336 12869 16467 8752 7761 14061 5713 617 34006 9259 377 258 12216 7233 9892 87774 47944 39830 19775 4323 24747 16834 8348 1555 50832 1970 7026 3263 3763 8693 11243 558 2021 1676 1243 345 1058 485 26337 19840 10497 9343 1771 1547 26741 17867 17641 226 8874 4479 50654 2700 47954 36441 33957 6580 27377 4572 3738 5036 3488 2484 5081 1530 506 4335 22805 11483 11322 3921 7472 20055 10894 20612 363 20249 3439 7567 7428 15233 13986 8531
internal_count=519881 518080 1801 379243 138837 281435 205582 125069 124825 108152 29521 3184 97808 34291 14979 19312 1918 1416 80513 917 78631 120708 63517 16673 793 910 739 75853 34375 20314 41478 18129 36825 120602 32828 10901 60029 9375 8287 559 409 43688 8379 35309 29336 12869 16467 8752 7761 14061 5713 617 34006 9259 377 258 12216 7233 9892 87774 47944 39830 19775 4323 24747 16834 8348 1555 50832 1970 7026 3263 3763 8693 11243 558 2021 1676 1243 345 1058 485 26337 19840 10497 9343 1771 1547 26741 17867 17641 226 8874 4479 50654 2700 47954 36441 33957 6580 27377 4572 3738 5036 3488 2484 5081 1530 506 4335 22805 11483 11322 3921 7472 20055 10894 20612 363 20249 3439 7567 7428 15233 13986 8531
cat_boundaries=0 2 4 6 8 10 12 14 16 18 20 22 24 26 28 29 31 33 35 37 39 41 43 44 45 47 49 50 52 53 54 56 57 58 59 60 62 63 65 67 68 70
cat_threshold=491010134 170 268435458 8192 2671657 2112 20 2 66176 5121 131072 512 525313 2112 524288 64 35127296 4 1074791040 22276 1082130560 18176 1057 64 1 64 1048576 5124 4 0 17408 0 1024 33620480 1 0 512 134484032 40 20973570 136 20973570 128 2048 6 131072 16 1073741824 16 1073742336 0 4608 1 1 9437184 8196 16777218 4 32768 2621440 8 2048 524288 1073741824 17408 4160 8 406849600 131584 4112
is_linear=0
shrinkage=0.03


Tree=45
num_leaves=127
num_cat=46
split_feature=0 5 5 5 12 5 0 21 11 12 5 5 12 5 11 5 8 11 23 5 2 5 0 0 5 0 22 8 11 20 0 21 5 23 0 0 26 5 5 0 27 0 4 0 11 0 5 0 22 20 27 27 5 0 0 27 4 11 21 12 5 27 27 0 12 4 2 27 11 27 0 5 5 29 26 31 5 5 0 5 11 5 0 0 5 0 0 5 11 0 5 2 5 0 5 5 5 27 0 5 0 0 21 29 5 0 12 27 5 20 29 5 27 5 0 27 5 5 23 0 0 11 5 5 5 12
split_gain=2809.98 1671.77 1196.39 854.131 631.015 625.893 512.296 466.299 985.89 837.192 737.208 592.728 418.545 583.247 412.047 504.311 422.015 408.091 396.012 369.18 361.541 481.974 473.39 1027.43 563.259 438.469 441.348 411.576 392.016 349.767 348.58 344.392 344.389 317.479 316.225 315.981 554.269 316.295 308.967 351.991 487.792 308.195 492.17 1202.24 361.915 307.859 1139.93 365.005 291.031 290.31 533.364 283.128 344.181 503.872 326.283 282.624 280.871 270.089 627.576 446.123 275.134 569.162 468.215 397.74 266.631 263.972 260.656 260.477 259.613 254.547 292.938 939.831 321.535 248.261 318.534 256.029 247.588 245.216 251.969 242.733 242.139 240.531 239.204 241.296 407.383 350.284 309.558 268.716 238.128 227.886 221.534 256.553 497.038 407.386 280.226 265.652 264.85 242.211 228.135 385.439 221.437 217.875 298.07 219.061 314.883 710.094 216.307 214.591 212.398 208.13 204.163 203.957 198.616 518.03 472.182 372.016 322.611 289.712 300.159 236.919 1618.53 303.598 213.933 207.107 194.275 187.131
threshold=13030.000000000002 0 1 2 0.10623887926340105 3 61.500000000000007 0.089673124253749861 0.3744682669639588 -0.42958799004554743 4 5 -0.065537083894014345 6 0.12545942142605784 7 10.500000000000002 -0.11692013591527937 0.10042453557252885 8 9 10 950.00000000000011 850.00000000000011 11 90.000000000000014 -0.83957934379577626 10.500000000000002 -0.4218058288097381 75.500000000000014 1940.0000000000002 0.069947797805070891 12 0.12977331131696704 325.00000000000006 1560.0000000000002 0.12322530895471574 13 14 325.00000000000006 0.059944719076156623 325.00000000000006 15 950.00000000000011 0.15951094031333926 135.00000000000003 16 55.000000000000007 -0.11946358904242514 90.500000000000014 0.089248880743980422 0.086274277418851866 17 950.00000000000011 615.00000000000011 0.058047603815793998 18 0.24372619390487674 0.12444807216525079 -0.065537083894014345 19 0.053263295441865928 0.16058247536420825 225.00000000000003 0.92519181966781627 20 21 0.069445703178644194 -0.50556187331676472 0.059944719076156623 715.00000000000011 22 23 0.13717892020940783 0.044606909155845649 0.075905904173851027 24 25 1560.0000000000002 26 0.24372619390487674 27 90.000000000000014 325.00000000000006 28 950.00000000000011 715.00000000000011 29 -0.15951316058635709 27950.000000000004 30 31 32 850.00000000000011 33 34 35 0.086274277418851866 1225.0000000000002 36 1715.0000000000002 155.00000000000003 0.029701768420636657 0.067042030394077315 37 615.00000000000011 -0.87397405505180348 0.086274277418851866 38 105.50000000000001 0.11905520036816598 39 0.051913643255829818 40 325.00000000000006 0.059944719076156623 41 42 0.12481230497360231 475.00000000000006 425.00000000000006 -0.51297807693481434 43 44 45 -1.0000000180025095e-35
decision_type=2 9 9 9 2 9 2 8 2 2 9 9 2 9 2 9 2 2 8 9 9 9 2 2 9 2 8 2 2 2 2 10 9 10 2 2 10 9 9 2 2 2 9 2 2 2 9 2 8 2 2 2 9 2 2 2 9 2 8 2 9 2 2 2 2 9 9 2 2 2 2 9 9 10 10 10 9 9 2 9 2 9 2 2 9 2 2 9 2 2 9 9 9 2 9 9 9 2 2 9 2 2 10 8 9 2 2 2 9 2 10 9 2 9 2 2 9 9 10 2 2 2 9 9 9 2
left_child=1 5 14 12 32 31 48 35 9 11 79 -9 13 -3 16 -16 89 34 -6 45 38 108 23 25 68 26 -23 33 -25 -20 57 66 -4 73 -13 37 -37 -5 39 40 -14 56 43 44 -43 46 88 -48 -7 50 67 52 -44 54 -54 -41 -15 59 -59 -8 61 76 63 81 125 -56 106 -29 -24 -36 71 107 -72 75 -75 101 -60 -53 -79 -10 -50 -63 -61 87 -85 86 -86 -84 -11 -2 -12 94 97 95 -92 -94 -95 -93 -96 -100 -74 102 -27 -103 105 -105 -1 -71 -22 -31 -40 -52 113 -47 -115 116 -114 -117 119 120 121 122 -119 -116 -19 -21
right_child=2 3 4 7 18 6 30 8 10 19 90 17 20 41 15 -17 -18 124 29 64 21 22 24 28 -26 27 -28 49 -30 109 -32 -33 -34 -35 69 36 -38 -39 110 55 -42 42 51 -45 -46 112 47 -49 80 -51 111 77 53 -55 65 -57 -58 58 60 82 -62 62 -64 -65 -66 -67 -68 -69 -70 70 72 -73 100 74 -76 -77 -78 78 -80 -81 -82 -83 83 84 85 -87 -88 -89 -90 -91 91 92 93 96 98 -97 -98 -99 99 -101 -102 103 -104 104 -106 -107 -108 -109 -110 -111 -112 -113 115 114 123 117 -118 118 -120 -121 -122 -123 -124 -125 -126 -127
leaf_value=0.021373131362243513 -0.075345289512114083 0.0036142866788197569 0.055275547882405719 -0.0014845649557569617 0.0022774593721696002 -0.00073246579452359466 0.0047590102381048051 0.0045617895776550871 0.00082967978492527392 -0.088426717762424292 -0.0081641975469288856 -0.0038176019132371611 0.0035986923520573647 0.014543227762951298 4.2484631033047385e-05 -0.073700338748463406 -0.038112077381037453 -0.00046020407447288085 -0.017418013076499306 -0.0025066524549009084 0.01675207839130366 0.061682079915816965 0.016680145362948588 -0.035568750237623931 0.0099879539857746433 -0.015730475913402171 -0.002798664884442849 -0.032180627659936463 -0.10930050363859338 -0.10344415048727902 -0.030560069767625202 0.021724489514805313 -0.0044414896519390512 -0.043128352797832274 0.0090030178553828395 0.007029187609602151 -0.081254961821534064 0.0033200876718547795 -0.0039725754372832234 -0.074710244986177218 -0.057495306437747591 -0.065856613000032746 0.016107987739499507 0.019684257729665724 -0.0029632198574519389 0.011360612567183894 0.011779351338874816 -0.0086299749749361634 -0.016924117802784182 -0.014537019149985952 -0.039325120350139339 0.0032776879672829153 -0.0063242430122246365 0.017623945535620592 -0.076515367979850243 -0.015003921451956725 -0.0025765407486394529 0.0035291111753060081 -0.018352502623389735 0.034262761079066291 -0.0033404480108317441 -0.00069972762748767795 -0.067451108021473666 0.00384582922421505 -0.0016241741850238358 -0.019501776624451888 0.0017559843421748815 -0.0073695369904328463 -0.019409725640487065 0.00068151667609795286 -0.0020467887749267819 -0.017736075564152298 0.0068930741170840377 -0.037246393463574348 0.013762324286174138 -0.039662836609464701 -0.056310473905616956 -0.011654033879375953 0.011219576791889712 -0.0048771254978532685 -0.052217815617456073 -0.03714806169689356 0.011540939380221578 0.010116541900734593 -0.0061981996833035489 0.0020876022051208626 -0.053844375030035044 -0.0056076658159981167 -0.032823985142585554 -0.12188097577045361 -0.022676610551077711 -0.012993183876014367 -0.0824745225906372 -0.025497190909552592 0.0059994158474172216 -0.034384953216286665 -0.00035881876669518022 0.019715847509214655 -0.065954093804230562 -0.0070325817438874946 -0.028031368835728213 -0.021122104592461471 0.012103192381393211 -0.0078761635362982786 0.010611278818583649 -0.084228623523944765 0.0074034990261625071 0.019091205305995677 -0.0055034856341851218 -0.044414996793954678 0.014305602584507115 -0.086001050861124057 0.01195234151251314 -0.00050071078214612296 -0.010443675101412978 0.0015450772988783289 0.0013760708012459475 0.0069388155004780853 -0.03001144632346928 -0.0016108932729362289 -0.10346346243171935 0.019815471856518808 -0.010272719025387409 -0.030008464882018113 -0.0070197012642659005 -0.0068614425582817972
leaf_weight=1149 219 10054 112 23102 166 502 30524 28204 8930 178 10267 9122 558 1117 173 160 157 6478 147 12128 388 103 204 126 1616 646 1173 1067 136 122 314 1289 297 276 4681 144 114 26429 25815 162 148 468 971 296 100 1131 972 4163 465 1624 300 1342 2185 738 108 128 3773 13162 355 178 12864 276 108 1718 21268 225 8100 593 1446 1318 6659 2547 10539 131 666 296 323 8483 456 26970 281 413 888 3881 4755 12131 125 9814 116 179 947 529 123 1189 1171 993 561 330 100 1094 165 2133 744 1011 606 122 7550 1003 12777 100 561 176 3553 1807 911 17640 9589 759 374 22442 156 387 4337 1141 10935 33185
leaf_count=1149 219 10054 112 23102 166 502 30524 28204 8930 178 10267 9122 558 1117 173 160 157 6478 147 12128 388 103 204 126 1616 646 1173 1067 136 122 314 1289 297 276 4681 144 114 26429 25815 162 148 468 971 296 100 1131 972 4163 465 1624 300 1342 2185 738 108 128 3773 13162 355 178 12864 276 108 1718 21268 225 8100 593 1446 1318 6659 2547 10539 131 666 296 323 8483 456 26970 281 413 888 3881 4755 12131 125 9814 116 179 947 529 123 1189 1171 993 561 330 100 1094 165 2133 744 1011 606 122 7550 1003 12777 100 561 176 3553 1807 911 17640 9589 759 374 22442 156 387 4337 1141 10935 33185
internal_value=-0.00171416 -0.00158297 -0.0387929 -0.00247364 -0.0146347 0.00167743 0.00068473 -0.00176175 -0.00225191 -0.00135791 -0.00591306 0.00104414 -0.00512775 -0.00229137 -0.0635497 -0.0377094 -0.0801012 -0.000812871 -0.0362072 -0.00279753 -0.00667147 -0.00904573 -0.0126885 -0.0154674 -0.00257608 -0.0141442 0.00245051 -0.016182 -0.0741118 -0.0534795 0.000944361 0.00678216 0.0132461 -0.0116831 0.00100928 0.000906714 -0.0321432 0.00107951 -0.00420643 -0.0205247 -0.00927176 -0.005221 -0.00731027 -0.0292946 -0.0548085 -0.00127002 -0.00812941 -0.00475591 -0.0183991 -0.024111 -0.0313798 -0.0059991 0.000536842 -0.00414701 -0.0105488 -0.0484992 0.00133622 0.00105279 -0.0013269 0.00216895 -0.00530737 -0.0131765 -0.00663465 -0.00387899 -0.0043947 -0.0381664 0.00563844 -0.0233272 -0.0148504 0.00264547 0.00130646 -0.00519663 0.00312991 -0.0103109 0.00534204 -0.012556 -0.0375916 -0.00868613 -0.0104744 -0.00345776 -0.0302705 -0.0231183 -0.000319442 -0.000515356 0.00136109 -0.000642477 -0.00742943 -0.00417827 -0.0644878 -0.0965277 -0.0109981 -0.0151137 -0.0205397 -0.0265471 -0.00896322 -0.0408004 -0.017591 -0.000414301 -0.0033925 -0.0126292 0.00634622 -0.0110239 -0.000834464 -0.0146807 -0.00677221 -0.0160234 0.00924029 0.00860484 -0.00483413 -0.0771728 -0.00358193 -0.0593549 -0.000690283 -0.00643764 -0.0116548 -0.000206037 0.00424625 -0.00147548 -0.00334736 -0.00299236 -0.00848905 -0.00576851 -0.00771491 -0.0215289 -0.00458389 -0.00569597
internal_weight=519926 518094 1832 406929 944 111165 93077 320881 271092 217888 53204 81651 86048 30316 888 333 555 53447 535 136237 55732 28360 15195 11929 3266 11667 1276 10391 262 369 91829 18088 409 6631 36034 49789 258 49531 27372 996 706 20262 15372 864 568 69656 5429 5135 1248 3760 2136 14508 4227 3256 2518 290 4890 91515 29219 62296 16057 3193 2515 2407 66581 333 16799 1660 1650 26912 22231 4868 17363 6355 797 5558 678 10281 8939 35900 746 689 31772 31594 20892 17011 4880 10702 294 398 17304 7037 3725 2866 3312 1116 1750 859 2365 1194 10704 5262 1390 3872 1739 1133 8699 2321 13165 222 26376 476 64227 4990 3859 59237 13142 46095 28455 28081 5639 5483 5096 2052 17413 45313
internal_count=519926 518094 1832 406929 944 111165 93077 320881 271092 217888 53204 81651 86048 30316 888 333 555 53447 535 136237 55732 28360 15195 11929 3266 11667 1276 10391 262 369 91829 18088 409 6631 36034 49789 258 49531 27372 996 706 20262 15372 864 568 69656 5429 5135 1248 3760 2136 14508 4227 3256 2518 290 4890 91515 29219 62296 16057 3193 2515 2407 66581 333 16799 1660 1650 26912 22231 4868 17363 6355 797 5558 678 10281 8939 35900 746 689 31772 31594 20892 17011 4880 10702 294 398 17304 7037 3725 2866 3312 1116 1750 859 2365 1194 10704 5262 1390 3872 1739 1133 8699 2321 13165 222 26376 476 64227 4990 3859 59237 13142 46095 28455 28081 5639 5483 5096 2052 17413 45313
cat_boundaries=0 2 4 6 8 10 12 14 15 17 18 19 21 23 25 26 27 29 30 31 32 33 34 36 38 39 41 43 44 45 47 49 50 51 52 54 55 56 57 58 60 62 64 66 68 70 72
cat_threshold=423895126 42 303038466 8192 574505 2112 20 2 2753564800 22036 1108350976 29712 1056 2048 1048576 75565696 6020 10 49161 0 2048 0 16388 3221229696 30224 33 1 0 512 32768 1 272637954 4 6 2147615232 389 2214592512 388 4202496 8 64 2149585024 16384 4202496 4202498 268697664 32 1074792448 385 10 66048 66048 0 8192 8519680 131072 525344 1 0 2048 67584 1028 75497472 516 640 4736 67108864 4 75497472 4352 538968192 768
is_linear=0
shrinkage=0.03


Tree=46
num_leaves=127
num_cat=42
split_feature=0 5 5 5 5 12 0 11 8 12 5 11 11 5 12 5 5 5 0 5 8 31 5 28 11 29 12 5 22 0 26 23 20 0 0 5 11 0 4 0 24 5 0 11 8 20 5 28 20 5 0 0 0 12 0 3 0 0 5 0 0 5 5 31 0 22 22 5 0 0 0 5 0 11 0 5 5 0 0 5 8 5 11 0 20 3 11 8 0 11 26 5 22 20 11 0 5 0 5 0 5 0 0 0 5 11 0 5 5 0 5 5 0 20 11 5 5 0 0 5 0 26 5 0 5 23
split_gain=2599.43 1629.89 1240.83 816.645 595.456 544.605 498.171 433.95 831.373 784.913 669.409 400.707 392.688 444.061 385.603 402.505 384.474 371.277 363.347 342.397 336.935 328.747 444.992 317.675 478.801 487.01 369.103 311.624 296.022 295.932 295.247 292.017 434.969 268.68 495.728 800.326 263.813 257.363 311.611 1039.28 296.048 252.348 304.697 245.288 345.274 403.505 279.616 241.021 231.071 226.332 223.038 221.056 219.846 212.503 210.581 210.366 200.203 224.459 352.399 316.282 294.626 238.146 198.649 195.524 512.974 231.303 256.874 270.34 402.249 697.722 560.4 370.523 332.871 353.81 327.96 268.865 242.431 214.477 267.143 255.124 199.362 193.854 192.355 233.816 208.504 188.939 422.356 517.657 188.346 186.421 186.175 185.417 230.264 183.864 216.228 182.16 914.878 179.53 179.519 175.637 170.63 159.506 176.4 165.42 340.15 196.753 183.281 530.16 170.029 158.087 315.717 243.204 223.588 155.032 286.576 191.341 153.935 152.475 708.23 187.975 196.817 162.191 151.973 266.182 659.045 241.009
threshold=13030.000000000002 0 1 2 3 0.12332734838128091 61.500000000000007 0.3744682669639588 8.5000000000000018 -0.23537842929363248 4 -0.11692013591527937 0.1510155871510506 5 -0.44505782425403589 6 7 8 6250.0000000000009 9 10.500000000000002 0.062716279178857817 10 0.08344509452581407 0.24372619390487674 0.048529487103223808 -0.065537083894014345 11 -0.11946358904242514 1280.0000000000002 0.24214403331279757 0.10042453557252885 77.500000000000014 55.000000000000007 110.00000000000001 12 0.24372619390487674 325.00000000000006 13 950.00000000000011 0.99172651767730724 14 325.00000000000006 -0.35846811532974238 9.5000000000000018 92.500000000000014 15 0.090328950434923186 104.50000000000001 16 225.00000000000003 27950.000000000004 325.00000000000006 -0.88220417499542225 1560.0000000000002 17 90.000000000000014 325.00000000000006 18 950.00000000000011 715.00000000000011 19 20 0.072578333318233504 325.00000000000006 -0.049133053049445145 -0.46683321893215174 21 950.00000000000011 325.00000000000006 225.00000000000003 22 90.000000000000014 0.10837544873356821 850.00000000000011 23 24 90.000000000000014 325.00000000000006 25 9.5000000000000018 26 -0.5917624533176421 850.00000000000011 90.500000000000014 27 0.24372619390487674 3.5000000000000004 1225.0000000000002 -0.5917624533176421 0.091656714677810683 28 -2.3023446202278133 83.500000000000014 -0.61237984895706166 1100.0000000000002 29 1280.0000000000002 30 45.000000000000007 31 1715.0000000000002 1560.0000000000002 1225.0000000000002 32 0.80417552590370189 225.00000000000003 33 34 850.00000000000011 35 36 1560.0000000000002 70.500000000000014 0.79383251070976268 37 38 1280.0000000000002 1560.0000000000002 39 1225.0000000000002 0.044043602421879775 40 225.00000000000003 41 0.058227287605404861
decision_type=2 9 9 9 9 2 2 2 2 2 9 2 2 9 2 9 9 9 2 9 2 8 9 8 2 10 2 9 8 2 10 8 2 2 2 9 2 2 9 2 2 9 2 2 2 2 9 10 2 9 2 2 2 2 2 1 2 2 9 2 2 9 9 10 2 10 10 9 2 2 2 9 2 2 2 9 9 2 2 9 2 9 2 2 2 1 2 2 2 2 10 9 10 2 2 2 9 2 9 2 9 2 2 2 9 2 2 9 9 2 9 9 2 2 2 9 9 2 2 9 2 8 9 2 9 8
left_child=1 4 12 14 47 27 28 8 11 10 -9 19 20 -14 15 -3 33 -11 23 52 51 29 -23 -8 26 41 62 -4 -6 -13 54 -7 -33 -10 35 -35 -30 55 39 40 -39 -26 91 44 45 46 -18 50 -34 -37 85 -2 -5 -52 63 -17 -28 61 -59 60 -60 -58 -25 65 -65 66 67 -16 69 70 72 -72 73 -69 75 -71 -74 -68 81 -80 -78 -79 -36 84 100 86 -1 -88 -81 -70 -90 92 -43 -73 -95 98 -97 -98 -46 -87 -84 102 103 106 105 -105 107 -12 -108 110 -19 112 -111 114 115 -106 -27 119 -119 120 -113 -122 123 124 -24 -126
right_child=2 3 5 7 6 31 18 9 16 17 101 21 13 -15 30 37 43 109 -20 -21 -22 22 122 24 25 116 56 -29 36 -31 -32 32 48 34 82 49 -38 38 -40 -41 -42 42 -44 -45 95 -47 -48 -49 -50 -51 53 -53 -54 -55 -56 -57 57 58 59 -61 -62 -63 -64 64 -66 -67 77 68 89 74 71 93 76 -75 -76 -77 80 78 79 88 -82 -83 83 -85 -86 99 87 -89 90 -91 -92 -93 -94 94 -96 96 97 -99 -100 -101 -102 -103 -104 104 113 -107 108 -109 -110 111 -112 117 -114 -115 -116 -117 -118 118 -120 -121 121 -123 -124 -125 125 -127
leaf_value=0.019476272064729697 -0.073101996983567327 0.0037720369085210469 0.050153570097278465 -0.0036579959592554462 -0.00055205488718354512 -0.00024263556014342478 0.0095088563543069323 -0.0024410382964906241 0.01517871968432994 0.0014031659840235326 -0.00928402505774234 0.0029985262834984218 -0.0012083293145961976 -0.071447221252339835 -0.0037617942896175319 0.014700187187749665 0.0038510342252200892 0.0098376263620377734 -0.055896369808971287 0.0056318365649401705 -0.039955867465200093 0.0091539061992381276 -0.06974322783437005 0.0063746395609942325 -0.0020774707736678551 0.0083542876484019833 0.032172638151729313 -0.0049759799084702887 -0.016767751774973135 -0.039054607211039274 0.0057602465784278951 -0.0097315798340970351 -0.10618093876947056 -0.066786037451962169 -0.001822910953013817 0.009899818507383279 -0.05431569022080808 -0.08398292939617949 -0.0055748820322974171 0.019622459725087769 -0.024423335059350279 -0.03863387143953656 -0.0061454528897439738 -0.00098593370530733297 -0.0031761291374344724 0.0051166549153173584 -0.0082177940827432398 0.019061190508555811 -0.044001579521274245 -0.012350920740945803 0.021162656940544644 -0.11910022744971714 0.0022295221876086823 0.0072045457913403992 0.0072266427763243261 -0.0017351167539547403 0.011106792174253107 0.0097531838062445766 -0.0056849945315213613 0.0021847570717738875 -0.052173366715045022 -0.0053367778505895502 0.0014345840967318034 -0.03090589147655904 -0.0045901954237316444 -0.00252768611309323 -0.031016604496877449 -0.0014968236484313598 -0.0053625593861170032 0.017599412313521065 0.011101096709181265 -0.00092694750341522217 0.012309435813794614 0.057022983762297294 -0.058665771992477266 -0.019129445775674311 -0.007678537366142415 0.0063505599034037108 -0.043361871031141447 -0.011765671293786769 -0.020121510326246171 -0.0091731172751636763 0.0055177952420750135 -0.0018804015789595243 0.0096288306436385866 0.026746307110440903 0.010202304160245057 -0.052211936558887825 -0.018416599398041713 0.0097495131305301765 -0.062985110823924731 -0.0098570417299268728 -0.014046236719558174 -0.062656053666263645 -0.0062774362086744622 -0.051926547374860015 -0.0093557178192802005 0.01562687145484673 -0.0077676333714936157 -0.001359977600394513 -0.0041134751478686471 -0.04402551664202644 0.010556207962229905 -0.025515584777871268 -0.034242806486013445 -0.057478393903675866 -0.012270524818949991 -0.046031999210305354 -0.0043396325840835068 -0.01800562025674133 -0.0029778727174612028 -0.012831467396350653 0.012297963400791893 -0.0017721839922197392 -0.0031008845107427978 0.001623184331692755 -0.00022917901376882647 -0.072687744332372003 0.0038641464103104386 0.00023446814444352137 -0.032106520098069323 0.0011346566560926274 -0.0015140556220832318 -0.0041422155720427303 0.015922174468608712 -0.015134687282396369
leaf_weight=1325 218 7897 121 7694 506 165 3816 12423 920 23188 1393 16450 167 158 18758 932 2309 1878 100 22186 144 2732 176 18647 5369 2251 170 306 466 151 1787 156 109 219 35592 492 264 211 11555 236 118 707 4634 16271 13272 5502 6816 1307 110 2344 1124 177 22107 7728 973 2817 855 3738 4708 12056 125 9524 12097 1070 1767 10907 502 1171 1718 180 2174 302 294 100 183 5288 1839 1058 267 4378 3141 2247 3792 8547 4582 206 328 187 244 1282 129 1140 668 128 117 456 5045 272 18296 6004 2922 136 319 676 778 234 5313 471 4554 2096 20621 2878 244 878 722 169 11151 158 344 5870 140 2093 17985 14176 267 1401
leaf_count=1325 218 7897 121 7694 506 165 3816 12423 920 23188 1393 16450 167 158 18758 932 2309 1878 100 22186 144 2732 176 18647 5369 2251 170 306 466 151 1787 156 109 219 35592 492 264 211 11555 236 118 707 4634 16271 13272 5502 6816 1307 110 2344 1124 177 22107 7728 973 2817 855 3738 4708 12056 125 9524 12097 1070 1767 10907 502 1171 1718 180 2174 302 294 100 183 5288 1839 1058 267 4378 3141 2247 3792 8547 4582 206 328 187 244 1282 129 1140 668 128 117 456 5045 272 18296 6004 2922 136 319 676 778 234 5313 471 4554 2096 20621 2878 244 878 722 169 11151 158 344 5870 140 2093 17985 14176 267 1401
internal_value=-0.00165404 -0.00152776 -0.0373263 -0.00240848 0.0016904 -0.0133838 0.000718605 -0.00171264 -0.00103593 -0.00351302 -0.00764858 0.000936983 -0.0631914 -0.0376984 -0.0050085 -0.00175994 -0.0026638 -0.00156252 0.000973621 0.00281126 -0.0796348 -0.00088984 -0.00247307 0.00103628 0.000668102 -0.00275517 0.00210112 0.0117824 -0.0181925 0.00261369 -0.00625442 -0.0335161 -0.0481169 -0.000898609 -0.0011519 -0.0129148 -0.0304025 -0.00451246 -0.00664001 -0.028375 -0.0627599 -0.00700984 -0.0106954 -0.00419982 -0.00520685 -0.00129967 -0.00516858 0.00664984 -0.0752913 -0.00846744 0.00569295 -0.0939626 0.000709177 0.00897909 -0.00661106 0.00235352 -0.000199004 -0.000377524 0.00143309 -0.000414371 -0.00689791 -0.00397569 0.0044335 -0.00683844 -0.0145228 -0.00645171 -0.00739228 -0.00628623 -0.00892173 -0.0109424 -0.00587452 0.00556637 -0.0106311 0.00314862 -0.0192498 -0.0179202 -0.0139518 -0.0119875 -0.0108362 -0.0151976 -0.015498 -0.00421178 -0.000503432 0.00186326 0.00469579 0.00207876 0.0105194 -0.012518 -0.0134864 0.00109643 -0.0339576 -0.0191157 -0.0265149 -0.0163158 -0.0358674 -0.00673727 -0.0116371 -0.00805984 -0.00584088 -0.000423471 0.00132827 -0.0117747 -0.0114966 -0.0119605 -0.0177289 -0.0334218 -0.0102592 -0.0188859 -0.00862776 -0.00345524 -0.00190472 -0.00598112 -0.0147787 -0.0119332 -0.0173457 -0.0281914 0.00121908 -0.00417071 -0.0203265 -0.00343416 -0.00763234 -0.000962869 -0.00340913 -0.00553414 -0.0162567 -0.0100963
internal_weight=519352 517521 1831 406320 111201 967 92992 320550 232974 87576 28066 105325 864 325 85770 23766 127649 59510 91756 51987 539 53338 36737 91656 87840 25920 61920 427 1236 16601 62004 540 375 59410 58490 3055 730 15869 12120 565 329 12518 7149 68239 51968 14627 9125 18209 219 2836 16902 395 29801 8852 60217 3749 31176 31006 20627 16889 4833 10379 30744 59244 2837 56407 45500 36675 17917 14917 9266 2721 6545 1271 5651 5468 5274 8825 8323 5018 4980 3305 55435 19843 11296 8050 1840 515 4751 3000 373 2515 1375 547 245 37341 5773 5317 31568 6210 6714 15643 15507 15188 3457 910 11731 1864 9867 36322 22499 13823 2340 2547 1669 947 13402 11483 502 10981 5111 2233 34005 16020 1844 1668
internal_count=519352 517521 1831 406320 111201 967 92992 320550 232974 87576 28066 105325 864 325 85770 23766 127649 59510 91756 51987 539 53338 36737 91656 87840 25920 61920 427 1236 16601 62004 540 375 59410 58490 3055 730 15869 12120 565 329 12518 7149 68239 51968 14627 9125 18209 219 2836 16902 395 29801 8852 60217 3749 31176 31006 20627 16889 4833 10379 30744 59244 2837 56407 45500 36675 17917 14917 9266 2721 6545 1271 5651 5468 5274 8825 8323 5018 4980 3305 55435 19843 11296 8050 1840 515 4751 3000 373 2515 1375 547 245 37341 5773 5317 31568 6210 6714 15643 15507 15188 3457 910 11731 1864 9867 36322 22499 13823 2340 2547 1669 947 13402 11483 502 10981 5111 2233 34005 16020 1844 1668
cat_boundaries=0 2 4 6 8 10 11 13 15 17 19 21 23 25 26 28 30 32 33 34 36 38 40 42 44 45 46 47 48 49 51 53 55 57 59 61 63 65 67 68 70 72 74
cat_threshold=423895126 42 303038466 8192 574505 2112 20 2 2754613376 17680 1048576 1056 2048 110168704 900 2158168576 129 614600832 901 6144 17408 0 16388 0 512 1 134479936 40 3221356544 4096 33619968 128 2 4202498 268697664 32 17039426 8 33800 2048 540672 64 32 64 1 1025 49153 2 2 1073872896 16384 3758231552 1024 9504768 132 1073872896 4608 1073807872 641 1082327552 8193 1048576 8196 1074790400 256 8388608 4 272629762 0 12292 109183488 4485 131072 4096
is_linear=0
shrinkage=0.03


Tree=47
num_leaves=127
num_cat=31
split_feature=0 5 5 5 30 12 11 5 5 5 5 27 0 5 5 0 25 13 0 12 0 4 25 25 5 27 5 0 5 0 5 0 5 27 5 27 11 27 29 25 27 4 11 29 5 0 0 0 21 0 0 25 27 5 5 28 25 0 25 20 0 27 25 27 5 0 5 5 0 25 25 0 29 29 0 29 12 0 25 0 25 12 0 25 0 20 25 0 27 0 25 25 0 4 11 25 0 25 25 29 5 5 0 0 0 5 0 27 5 0 25 0 4 25 32 5 27 11 27 25 25 0 5 0 25 27
split_gain=2542.97 1601.58 1106.62 707.243 639.36 759.619 1146.26 654.765 650.146 541.466 525.924 511.247 425.572 819.192 812.67 641.31 547.504 858.515 426.174 418.426 402.996 845.271 434.083 408.37 353.985 349.266 330.075 323.637 312.124 308.167 499.13 304.025 440.885 303.084 721.814 384.697 300.613 420.148 290.945 386.502 268.226 457.376 402.354 468.727 484.42 335.021 293.868 277.864 270.975 265.331 602.187 384.971 297.777 600.926 296.335 255.991 250.826 429.093 281.536 256.009 281.802 258.594 250.434 282.449 314.95 232.639 231.889 230.36 230.186 909.34 240.636 220.001 328.304 219.436 283.581 219.044 216.84 213.669 212.203 239.673 209.765 279.636 209.514 201.731 258.267 191.9 191.775 538.388 422.846 191.701 518.284 468.211 333.397 303.612 306.965 190.85 246.385 188.54 184.746 182.427 307.823 250.463 224.883 182.261 197.082 220.216 194.931 455.864 507.38 294.388 246.544 189.062 488.342 180.926 179.364 178.833 230.844 178.496 178.443 274.352 188.717 214.916 214.192 224.92 194.818 176.142
threshold=13030.000000000002 0 1 2 0.19365485012531283 -0.73284119367599476 0.12545942142605784 3 4 5 6 0.052256155759096153 615.00000000000011 7 8 950.00000000000011 53.500000000000007 13.500000000000002 550.00000000000011 0.91852787137031566 225.00000000000003 9 59.500000000000007 18.500000000000004 10 0.084925193339586272 11 155.00000000000003 12 55.000000000000007 13 61.500000000000007 14 0.059944719076156623 15 0.058846931904554374 -0.87395131587982167 0.1575826704502106 0.062489351257681854 81.500000000000014 0.049178216606378562 16 0.091259401291608824 0.040852611884474761 17 325.00000000000006 325.00000000000006 110.00000000000001 0.035404589027166374 950.00000000000011 325.00000000000006 15.500000000000002 0.059393314644694335 18 19 0.102102879434824 55.500000000000007 615.00000000000011 52.500000000000007 69.500000000000014 90.000000000000014 0.053855204954743392 67.500000000000014 0.069445703178644194 20 1940.0000000000002 21 22 45.000000000000007 97.500000000000014 27.500000000000004 155.00000000000003 0.040852611884474761 0.11490825563669206 1560.0000000000002 0.056686626747250564 0.7074720859527589 155.00000000000003 86.500000000000014 325.00000000000006 52.500000000000007 0.76556760072708141 1255.0000000000002 10.500000000000002 325.00000000000006 88.500000000000014 38.500000000000007 155.00000000000003 0.055219287052750594 1225.0000000000002 53.500000000000007 113.00000000000001 850.00000000000011 23 0.81428062915802013 70.500000000000014 90.000000000000014 77.500000000000014 33.500000000000007 0.091010279953479781 24 25 325.00000000000006 1615.0000000000002 1280.0000000000002 26 715.00000000000011 0.076740767806768431 27 1225.0000000000002 86.500000000000014 325.00000000000006 28 68.500000000000014 0.21750915795564654 29 0.11368945986032487 -0.87395131587982167 0.064750330522656455 85.500000000000014 89.500000000000014 225.00000000000003 30 325.00000000000006 110.00000000000001 0.055219287052750594
decision_type=2 9 9 9 10 2 2 9 9 9 9 2 2 9 9 2 2 2 2 2 2 9 2 2 9 2 9 2 9 2 9 2 9 2 9 2 2 2 8 2 2 9 2 10 9 2 2 2 10 2 2 2 2 9 9 10 2 2 2 2 2 2 2 2 9 2 9 9 2 2 2 2 8 8 2 10 2 2 2 2 2 2 2 2 2 2 2 2 2 2 2 2 2 9 2 2 2 2 2 8 9 9 2 2 2 9 2 2 9 2 2 2 9 2 10 9 2 2 2 2 2 2 9 2 2 2
left_child=1 3 -2 56 5 6 9 20 115 -3 36 24 13 18 15 28 17 -17 29 31 21 -7 66 49 -11 27 -15 38 -14 30 -5 32 -9 34 -33 99 -4 55 -24 -40 41 46 118 44 47 75 -31 98 -47 50 -22 -52 53 85 -54 97 58 78 59 60 61 -1 -29 64 -64 -16 -23 82 -34 70 -70 95 -73 74 -69 -45 -12 -26 79 -58 86 -82 89 84 -74 -53 -68 -88 -89 91 93 -35 -93 94 -91 -28 -97 -38 -44 101 -101 -36 -102 104 105 111 107 -107 -109 -108 -111 -13 -113 -85 -21 116 -8 -61 119 125 -121 -122 -123 124 -124 -42
right_child=2 4 10 12 -6 7 8 19 -10 11 76 103 14 26 65 16 -18 -19 -20 114 23 22 25 -25 77 -27 71 62 -30 40 -32 33 68 67 35 -37 37 -39 39 -41 42 -43 43 45 -46 48 -48 -49 -50 -51 51 52 54 -55 -56 -57 57 -59 -60 117 -62 -63 63 -65 -66 -67 80 73 69 -71 -72 72 83 -75 -76 -77 -78 -79 -80 -81 81 -83 -84 113 -86 -87 87 88 -90 90 -92 92 -94 -95 -96 96 -98 -99 -100 100 102 -103 -104 -105 -106 106 109 108 -110 110 -112 112 -114 -115 -116 -117 -118 -119 -120 120 121 122 123 -125 -126 -127
leaf_value=-0.057053656815615007 -0.080848801517311261 0.0067285537582322903 -0.072268619468446413 0.013775889692688713 0.0034594651552323687 -0.068947092461909637 0.0092248836156622847 0.018358823730869545 -0.0090246561293752785 -0.061105853420766909 0.018745041629371531 0.0099725660464233829 0.0074891642842048181 0.018684536281604117 0.00033453730869849015 -0.093023255703124128 0.0062678114935961968 -0.006890272339151569 -0.047490787959810508 0.00039511962437144087 -0.0063898213398519152 0.015492998392818624 0.0047455447277672362 -0.0040728689498074075 0.0057817399738446284 -0.052478522443602051 -0.0044503268967442102 -0.0094909306626405499 0.019327079319252712 -0.046895631317488487 -0.016308260665279364 0.0085143418551956052 0.012879417183968619 -0.00042271360691023893 0.010964045347402916 0.0048959547723357198 -0.042050802889749286 0.012816266728372409 -0.010382008189095522 -0.065631773501146032 -0.0057444072346681937 0.0096925069576332956 -0.051413611131408569 -0.0059508786096544386 -0.021339470322823968 0.019725929386818355 -3.1842476291143716e-05 0.0019116186568872518 -0.018936247874592197 0.00024706932259403773 -0.010467765652394035 -0.033984986215930532 -0.097347519038474717 0.014069705141169765 -0.041220215593824501 -0.081084724558251248 -0.00096020217495970423 0.018936019534404342 0.019023419759699334 -0.0040101323415650241 0.0023896236455907783 0.0025064784727583172 0.0039995961649023706 -0.066861682140793521 -0.026788604095958835 -0.023124017841898464 -0.0056372952494250289 -0.049272775844442999 -0.047204369162016195 -0.10369138488846441 -0.012425259097530223 0.032036706006898889 -0.029957807779935518 -0.0052610840592415362 -0.0017170523101654412 0.0072253596070815827 -0.027495392402984143 -0.028469836332638498 0.010166743620127537 -0.019702169815497342 0.016713541011827496 -0.020023389526855524 0.0093146330496741425 0.0058530303671852227 0.0060363748221693731 -0.08692259243868905 0.0034128690728361766 0.016808928259863302 -0.04974891168266387 -0.026578646515094312 -0.0042662718273453869 0.011280055775583445 -0.025766613298141158 0.017782319033784525 -0.077624937680375289 0.035225110476431641 0.0022635293759945357 -0.0022232205275721194 -0.012863259067989175 0.00039534893216361855 -0.010158980467575778 -0.0031747550221532181 -0.0037615862185423708 -0.025737283169490276 0.020067748884313882 0.0028721086258577983 0.0097361092212372852 -0.018102288228100078 0.0091361175272378498 -0.0029811159734054126 0.016190571897257706 -0.046335223942995073 -0.0036690500156978025 -1.0731608481989356e-05 -0.0048581430238024033 -0.001785973039649333 -0.030399361907770588 0.012172566177516501 -0.0069598599085472432 -0.024480208691278909 -0.017671880425626511 0.0057982387389757572 -0.015750531628008876 -0.029800546904067124 0.020482198853145908 0.0020584658443462884
leaf_weight=145 397 17187 172 1969 14806 220 2423 280 16373 165 290 830 3867 1073 57650 109 6422 1963 200 39412 1825 468 1240 39362 304 216 6975 1491 4261 228 653 5742 150 23144 1566 4925 386 173 1742 121 3303 2448 133 2205 4048 182 254 1788 1516 931 489 147 135 200 385 111 4244 1166 2191 692 2275 119 351 136 2158 382 4959 232 216 123 1032 356 371 67687 219 2339 132 354 1247 717 701 253 1315 12225 346 108 507 103 504 633 9490 272 1103 111 127 229 1814 148 686 6752 10107 3947 9686 231 477 9353 5750 2186 850 4236 703 249 7058 7730 6868 10519 139 5373 7056 563 976 1543 305 390 236 12284
leaf_count=145 397 17187 172 1969 14806 220 2423 280 16373 165 290 830 3867 1073 57650 109 6422 1963 200 39412 1825 468 1240 39362 304 216 6975 1491 4261 228 653 5742 150 23144 1566 4925 386 173 1742 121 3303 2448 133 2205 4048 182 254 1788 1516 931 489 147 135 200 385 111 4244 1166 2191 692 2275 119 351 136 2158 382 4959 232 216 123 1032 356 371 67687 219 2339 132 354 1247 717 701 253 1315 12225 346 108 507 103 504 633 9490 272 1103 111 127 229 1814 148 686 6752 10107 3947 9686 231 477 9353 5750 2186 850 4236 703 249 7058 7730 6868 10519 139 5373 7056 563 976 1543 305 390 236 12284
internal_value=-0.00160069 -0.00147649 -0.0370979 0.000917347 -0.00264038 -0.00291146 -0.000350125 -0.00371233 -0.00504366 0.0024185 -0.0240063 0.000154093 0.000244616 -0.00132905 0.00185562 0.00770164 0.00194151 -0.0114641 -0.0039027 -0.00287585 -0.00648893 -0.0107014 -0.00983967 -0.00502395 -0.0231772 -0.014965 0.00241832 -0.0138385 0.0137296 -0.00370924 0.00627052 -0.00365058 -0.0158985 -0.00350047 -0.00137215 -0.00290884 -0.0359229 -0.0286403 -0.00651214 -0.0140037 -0.00432532 0.00443184 -0.00497412 -0.00932395 -0.0148623 -0.00341771 -0.022251 -0.00470076 -0.0147831 -0.013892 -0.0178932 -0.032219 -0.0431061 -0.0252974 -0.0586103 -0.0397622 0.00650768 0.002246 0.00942436 0.00697804 -0.00101979 -0.0302983 -0.0193322 -0.024874 -0.0225724 0.000179693 -0.00474042 -0.00437201 -0.0221877 -0.0261927 -0.0184777 0.0018308 0.00351246 -0.0053995 -0.0262352 0.000831618 0.00415224 -0.0124714 -0.000891306 -0.00367235 -0.00610335 0.00696017 -0.00243548 0.00301971 -0.012604 -0.0545276 -0.00816634 -0.0194093 -0.0384458 -0.00287942 -0.00630056 -0.00143355 -0.0184352 -0.0284349 -0.0351995 -0.00208841 0.00597362 -0.0310372 -0.0191786 -0.0041089 -0.0051402 0.000856841 -0.00702512 0.000756347 0.000950262 0.000657492 0.00215344 -0.000406685 -0.0105053 0.0051225 -0.00024956 -0.00358326 -0.00512912 0.00358169 -0.000384558 -5.35509e-05 0.00703661 0.0103258 -0.00286927 -0.00139638 -0.00839043 -0.00575844 -0.00105331 -0.0123327 6.38717e-05 0.000404717
internal_weight=519140 517331 1809 169247 348084 333278 79387 253891 29454 49933 1412 32746 151078 76424 74654 16622 8494 2072 45305 195139 58752 15170 14950 43582 823 7455 31119 7239 8128 45105 2622 148859 1801 147058 42725 36983 990 818 3103 1863 42483 2930 39553 12897 6655 6242 482 2607 1698 4220 3289 1464 975 455 520 645 18169 7374 10795 8604 2539 264 4136 2645 2509 58032 7495 104333 1521 1371 1248 30046 21028 68138 451 4544 422 658 6208 4961 7027 954 36195 20672 717 255 6073 1114 607 34880 10361 24519 1375 871 760 9018 2043 534 819 32058 26545 5513 19793 31923 31692 31215 23078 12389 3036 10689 4939 8137 7307 19955 46280 13081 2562 6065 26656 19600 4013 3450 2474 931 541 15587
internal_count=519140 517331 1809 169247 348084 333278 79387 253891 29454 49933 1412 32746 151078 76424 74654 16622 8494 2072 45305 195139 58752 15170 14950 43582 823 7455 31119 7239 8128 45105 2622 148859 1801 147058 42725 36983 990 818 3103 1863 42483 2930 39553 12897 6655 6242 482 2607 1698 4220 3289 1464 975 455 520 645 18169 7374 10795 8604 2539 264 4136 2645 2509 58032 7495 104333 1521 1371 1248 30046 21028 68138 451 4544 422 658 6208 4961 7027 954 36195 20672 717 255 6073 1114 607 34880 10361 24519 1375 871 760 9018 2043 534 819 32058 26545 5513 19793 31923 31692 31215 23078 12389 3036 10689 4939 8137 7307 19955 46280 13081 2562 6065 26656 19600 4013 3450 2474 931 541 15587
cat_boundaries=0 2 4 6 8 10 12 14 16 18 19 21 22 23 24 26 28 29 30 31 32 33 34 36 37 39 41 43 44 45 47 48
cat_threshold=2571385558 170 268435458 8192 20 2 672809 2112 540541993 19792 1108411424 27664 35127296 2052 16779906 128 2562 128 2 8519688 4096 2281963520 2 640 69206016 1 546340864 8196 4 16779392 1 1024 16384 1 1107361792 4869 1 1140850688 1536 2097152 273 540673 68 614629376 1 524288 17408 16777218
is_linear=0
shrinkage=0.03


Tree=48
num_leaves=127
num_cat=37
split_feature=0 5 5 0 5 5 5 27 0 5 25 27 5 22 5 0 4 26 27 27 5 0 5 5 5 27 5 5 25 25 0 25 0 25 25 23 0 27 5 5 26 26 25 5 25 0 0 23 25 21 5 25 25 0 5 27 0 23 23 5 4 27 27 5 27 5 0 27 5 20 0 0 5 4 25 25 25 5 27 27 0 27 25 27 5 25 27 0 0 5 27 5 5 27 27 27 27 27 25 25 27 27 5 25 27 5 27 0 5 23 4 25 25 26 25 27 25 22 5 27 25 25 25 27 26 25
split_gain=2178 1391.62 984.647 929.314 1674.81 1529.09 1031.68 793.026 2906.68 707.304 681.324 1183.4 729.213 642.188 614.036 859.967 776.494 560.87 961.214 703.846 808.454 530.78 1165.46 565.41 486.345 466.24 463.511 447.889 429.228 390.026 369.354 536.065 369.315 359.927 882.149 359.267 345.364 599.246 889.987 455.109 347.085 343.803 358.845 518.344 477.505 343.736 566.876 337.958 352.77 335.365 331.783 327.284 553.458 341.451 324.84 323.313 313.366 317.831 539.941 306.739 292.221 319.191 281.822 278.03 270.012 705.63 615.042 643.043 1671.31 1610.73 426.986 1061.79 641.808 365.858 303.813 295.992 284.029 548.368 991.289 362.097 484.838 297.907 296.317 266.97 471.891 434.448 263.525 262.41 1098.38 847.44 630.939 719.668 460.59 436.764 425.655 355.943 327.043 407.823 300.583 872.357 545.94 693.011 297.901 286.606 344.253 260.84 275.021 254.684 254.481 386.245 251.779 250.639 248.131 245.581 245.396 245.032 455.356 430.051 334.726 265.688 565.291 331.968 242.107 239.553 224.241 223.541
threshold=13030.000000000002 0 1 325.00000000000006 2 3 4 0.086274277418851866 475.00000000000006 5 17.500000000000004 0.086274277418851866 6 -0.31518119573593134 7 950.00000000000011 8 0.072340067476034178 0.058846931904554374 0.064750330522656455 9 110.00000000000001 10 11 12 0.052256155759096153 13 14 120.50000000000001 180.00000000000003 155.00000000000003 12.500000000000002 6250.0000000000009 77.500000000000014 26.500000000000004 0.088010415434837355 615.00000000000011 0.064750330522656455 15 16 0.0068774346727877864 0.14773230254650119 80.500000000000014 17 89.500000000000014 1410.0000000000002 1280.0000000000002 0.076926078647375121 50.500000000000007 0.086457934230566039 18 69.500000000000014 82.500000000000014 155.00000000000003 19 0.051913643255829818 1560.0000000000002 0.051437802612781532 0.081555202603340163 20 21 0.07936600968241693 0.07936600968241693 22 0.092709075659513487 23 715.00000000000011 0.089248880743980422 24 79.500000000000014 850.00000000000011 950.00000000000011 25 26 78.500000000000014 67.500000000000014 26.500000000000004 27 0.11874964460730554 0.098019190132617964 950.00000000000011 0.098654624074697508 27.500000000000004 0.069445703178644194 28 103.50000000000001 0.049178216606378562 950.00000000000011 715.00000000000011 29 0.059944719076156623 30 31 0.1321084722876549 0.059393314644694335 0.1045757830142975 0.076740767806768431 0.086274277418851866 60.500000000000007 49.000000000000007 0.089248880743980422 0.092709075659513487 32 21.500000000000004 0.064750330522656455 33 0.059944719076156623 615.00000000000011 34 0.081555202603340163 35 77.500000000000014 3.5000000000000004 0.052869306877255447 14.500000000000002 0.053263295441865928 28.500000000000004 -0.55274778604507435 36 0.16058247536420825 31.500000000000004 23.500000000000004 47.500000000000007 0.055219287052750594 0.040561126545071609 20.500000000000004
decision_type=2 9 9 2 9 9 9 2 2 9 2 2 9 8 9 2 9 10 2 2 9 2 9 9 9 2 9 9 2 2 2 2 2 2 2 10 2 2 9 9 8 8 2 9 2 2 2 8 2 8 9 2 2 2 9 2 2 8 8 9 9 2 2 9 2 9 2 2 9 2 2 2 9 9 2 2 2 9 2 2 2 2 2 2 9 2 2 2 2 9 2 9 9 2 2 2 2 2 2 2 2 2 9 2 2 9 2 2 9 10 9 2 2 10 2 2 2 10 9 2 2 2 2 2 10 2
left_child=1 45 -2 5 10 21 27 14 -9 13 11 12 -5 35 15 16 -8 18 26 28 -21 22 33 -23 47 -14 51 -6 105 64 50 62 49 34 -3 -10 37 40 -39 -38 -18 -16 -43 -44 -45 46 60 -4 -49 -15 -22 63 53 -53 86 -56 57 -12 -59 -25 61 -1 -32 -7 65 70 67 68 73 -70 72 -72 -11 -67 -73 -74 77 78 81 80 -79 -66 -78 84 -24 -85 -19 88 90 -89 92 93 94 98 124 96 -91 -98 99 100 103 -102 -93 -92 -105 106 -20 -51 123 -110 -69 -33 -62 -86 -108 116 125 118 -118 -117 121 -121 -103 -57 -60 -29
right_child=2 3 24 4 6 17 7 8 9 29 56 -13 25 32 41 -17 36 54 19 20 30 23 83 59 -26 -27 -28 115 -30 -31 31 111 -34 -35 -36 -37 39 38 -40 -41 -42 42 43 44 -46 -47 -48 48 -50 107 -52 52 -54 -55 55 108 -58 58 87 -61 112 -63 -64 -65 76 66 -68 110 69 -71 71 74 75 -75 -76 -77 82 79 -80 -81 -82 -83 -84 85 113 -87 -88 89 -90 95 91 102 -94 -95 -96 -97 97 -99 -100 -101 101 122 -104 104 -106 -107 114 -109 109 -111 -112 -113 -114 -115 -116 119 117 -119 -120 120 -122 -123 -124 -125 -126 -127
leaf_value=0.014369713115418983 -0.075622144839394598 -0.074935311579933536 0.017532217994476983 -0.071864173415168084 0.023856811284666581 -0.0041137023694611946 0.016492738086742582 -0.10825344908854058 -0.077806880067335438 0.012308314640348221 0.017010020356558644 -0.0034802920890130975 -0.073583544200321413 0.020877658651173931 -0.00051724666606221055 -0.012067489450084189 -0.016724086480725483 -0.045360705816646828 0.0040353615997104292 -0.024381941428667168 -0.0049137865175205289 -0.001970498715454426 0.010237402975864703 0.018052805848479882 0.004317855584726203 -0.018634242413988863 -0.0086616692707652387 -0.013328139290119933 -0.051909635488476075 -0.045228906503410507 -0.015637234815361795 -0.011790346370133011 -0.053861265148435318 -0.066936993097004127 0.035824664340809331 -0.0056656150768543958 -0.011737681011173886 -0.00095267136629576552 -0.05027222112959099 0.012788201643798595 -0.00040999612812834461 0.0064052640653705778 0.0043069196009194524 -0.044562821995044494 -0.0049414363123492216 -0.016834089274531425 0.062407822536455618 -0.022732050682326067 -0.060867205456271771 -0.040753044254779817 0.010624149106521551 -0.0608571714958916 -0.0094449273721826429 -0.026716277755785431 0.0084178377173431684 0.0017860083451595257 0.0089796819551581 -0.025052725608077211 -0.013501378738417788 0.0035019917223104323 0.031810006219467134 -0.00097468928093550158 -0.073701878975824267 -0.016131969410112218 -0.037766248777504438 -0.027997331692970459 0.0036803975155127646 0.016267246589873267 -0.1551055080411621 -0.014299273208450914 -0.099713125332542091 -0.011850275047932225 -0.0023286813592182935 0.0048582466078213107 -0.029338655510886703 -0.026395083230095998 0.011532287995045498 -0.048794861615534951 -0.11621105568749564 0.0084316297470643058 -0.0017608063189199347 -0.0044979319180954583 -0.0022415557869992315 -0.0082642852300524854 -0.0020599678104059188 -0.067787124972782248 -0.0081566949614885042 0.012452911722547179 -0.094363814853704889 -0.01580470174008303 -0.047389355442103216 0.017015427186242528 0.0037019194601993067 0.032484766408801075 0.020629586265353456 -0.012483068025964324 0.01261828047296714 -0.0035171883397362956 -0.045348850850794105 0.0273059708119049 -0.11124025078706963 -0.011639603161811828 -0.0084576081666595856 -0.020845178520134854 0.013816692641379301 0.004721067105601353 -0.036752723315025701 0.0021550751120188207 0.0062265537633928968 -0.014301463843473059 -0.0065329974341579349 0.0017146997855161316 0.002520903280984014 -0.014463408608324173 -0.0061955697482492791 0.0060732314298990279 -0.024024788393782449 0.0079620081739492157 -0.0034915589848576868 -0.011959236372155907 0.0062739146057401224 -0.079305998039760184 -0.048610618330988307 -0.017262034159966088 -0.0003793354493676463 0.023815194379258196
leaf_weight=4149 396 129 102 408 1080 2570 2433 231 139 1308 549 2110 158 868 17600 6180 1251 240 2842 2489 3947 28260 2502 1381 439 1116 18629 178 139 196 132 5133 104 341 128 112 880 779 566 2909 18765 29429 11826 290 4628 738 147 485 399 124 1788 291 1923 2798 3304 924 1360 1289 4367 21076 261 1728 176 5467 433 565 7696 559 162 133 137 4357 864 661 1125 983 1426 286 104 1229 631 549 94214 4772 7594 112 595 2832 129 1374 237 430 5967 119 438 4486 1801 6476 583 292 128 249 6959 965 351 7652 250 31180 3471 1081 1966 1629 40875 1771 4122 24410 1239 1397 1698 126 533 138 446 1663 1602 792
leaf_count=4149 396 129 102 408 1080 2570 2433 231 139 1308 549 2110 158 868 17600 6180 1251 240 2842 2489 3947 28260 2502 1381 439 1116 18629 178 139 196 132 5133 104 341 128 112 880 779 566 2909 18765 29429 11826 290 4628 738 147 485 399 124 1788 291 1923 2798 3304 924 1360 1289 4367 21076 261 1728 176 5467 433 565 7696 559 162 133 137 4357 864 661 1125 983 1426 286 104 1229 631 549 94214 4772 7594 112 595 2832 129 1374 237 430 5967 119 438 4486 1801 6476 583 292 128 249 6959 965 351 7652 250 31180 3471 1081 1966 1629 40875 1771 4122 24410 1239 1397 1698 126 533 138 446 1663 1602 792
internal_value=-0.0015186 -0.00140341 -0.0342613 -0.00189984 -0.00102517 -0.00393428 -0.000147916 -0.000793782 -0.00214611 -0.00198426 -0.00625274 -0.0184477 -0.0372105 0.00193796 0.00131834 -0.00195283 0.000313021 -0.00694186 -0.00806257 -0.00424221 -0.008771 -0.000696241 -0.00522571 0.00085311 -0.0220375 -0.0253029 -0.0117164 0.00495924 0.000374081 -0.00305102 -0.00571142 -0.0103043 0.00231095 -0.0459978 -0.0198458 -0.0457666 -0.00125279 -0.00273346 -0.0221097 0.00709321 -0.00143041 0.00305002 0.00441041 0.00090411 -0.00727159 0.00346748 0.00378627 -0.0336899 -0.039994 0.0024942 -5.85639e-05 -0.0160574 -0.0220868 -0.0299512 -0.00078907 0.000659403 -0.00518898 -0.00564722 -0.00594721 0.0044052 0.00360164 0.00985864 -0.0489482 -0.0123151 -0.00298166 -0.00611361 -0.00129681 -0.0107658 -0.0261686 -0.0888833 -0.0125432 -0.0175159 -0.00372383 -0.0102105 -0.0154439 -0.015063 -0.00233172 -0.0110772 -0.0283196 -0.0022003 -0.0164673 -0.0191907 -0.00203607 -0.00373782 -0.00131008 -0.00964286 -0.0186682 -0.00533446 -0.00740378 -0.00249747 -0.00691479 -0.0122278 -0.0022946 -0.0236987 -0.0078725 -0.005498 -0.00225592 -5.15674e-06 -0.0258375 -0.0215586 -0.0275728 -0.0473166 -0.00695213 -0.017086 -0.0115968 0.000866402 -0.00322446 0.00198381 -0.00293103 0.00134657 -0.0014809 -0.00853714 0.00270751 -0.00440216 -0.0079509 0.00428196 -0.00157728 -0.00573637 -0.0122526 0.00551656 -0.0115189 -0.0473296 -0.0354006 -0.0104203 -0.00998025 0.0169925
internal_weight=519730 517909 1821 470011 328690 141321 281469 249878 152342 152111 47221 3792 1682 32527 97536 33763 27583 73255 61977 30299 15294 68066 17349 50717 1425 1274 31678 31591 15005 119584 12805 7070 32276 598 257 251 25150 21361 1345 3789 20016 63773 46173 16744 4918 47898 47160 986 884 32172 5735 13049 5012 3089 11278 10443 43429 42069 41520 22457 47013 5877 308 8037 119388 20516 11742 4046 1521 295 8774 5619 3155 1226 5482 1847 98872 3232 1086 2146 917 982 95640 16751 11867 4884 835 40231 23262 16969 23133 10759 12374 3370 6407 14137 9651 8277 3251 2668 2376 823 7389 1553 1316 14866 7214 31304 7139 4552 2525 6762 41136 9365 4372 30511 5304 4334 2937 25207 797 264 695 2587 5969 970
internal_count=519730 517909 1821 470011 328690 141321 281469 249878 152342 152111 47221 3792 1682 32527 97536 33763 27583 73255 61977 30299 15294 68066 17349 50717 1425 1274 31678 31591 15005 119584 12805 7070 32276 598 257 251 25150 21361 1345 3789 20016 63773 46173 16744 4918 47898 47160 986 884 32172 5735 13049 5012 3089 11278 10443 43429 42069 41520 22457 47013 5877 308 8037 119388 20516 11742 4046 1521 295 8774 5619 3155 1226 5482 1847 98872 3232 1086 2146 917 982 95640 16751 11867 4884 835 40231 23262 16969 23133 10759 12374 3370 6407 14137 9651 8277 3251 2668 2376 823 7389 1553 1316 14866 7214 31304 7139 4552 2525 6762 41136 9365 4372 30511 5304 4334 2937 25207 797 264 695 2587 5969 970
cat_boundaries=0 2 4 6 8 10 12 13 15 16 18 20 22 24 26 27 29 31 33 34 35 37 38 40 42 44 46 47 48 50 52 53 54 56 58 60 61 62
cat_threshold=402915412 10 268435458 8192 1143521281 64 1143511169 18400 4269610 1 16779392 5504 524288 2176 7556 4 25313280 4112 2048 512 2097152 17792 35127296 2052 33619970 2065 4194336 0 6400 128 1024 545259520 528 4204072 16842752 32768 64 2 2 2048 2148663296 2068 570425344 16416 2147483648 20 4 131072 2621440 16672 69730304 64 2621440 540672 1073741824 64 21169154 2049 131074 2048 1 512
is_linear=0
shrinkage=0.03


Tree=49
num_leaves=127
num_cat=44
split_feature=1 5 1 5 2 5 5 1 5 5 1 1 1 1 5 5 1 1 1 1 5 11 21 23 5 23 13 11 5 5 1 1 27 27 26 5 31 5 27 5 1 5 23 3 5 27 5 5 5 5 13 29 26 11 27 5 5 22 21 32 11 1 27 5 1 5 27 11 5 1 5 11 5 17 27 5 27 22 26 11 1 26 26 27 1 5 1 1 5 8 1 1 5 28 11 13 5 21 1 27 13 5 26 1 27 5 1 21 5 11 5 5 1 1 1 27 32 5 5 27 1 5 23 5 11 13
split_gain=2287.79 1386.41 1065.51 943.92 937.408 1619.26 984.194 861.926 794.75 741.78 1547.02 562.296 468.237 432.616 1253.64 1166.69 1911.59 3070.63 976.071 826.85 620.016 419.725 386.488 379.991 375.014 335.531 391.167 470.157 462.881 347.323 341.563 456.156 336.209 317.497 322.703 287.115 281.958 281.928 272.519 261.79 244.883 550.101 464.413 243.804 222.197 248.639 331.895 221.854 221.181 221.038 220.779 219.611 214.308 283.143 457.654 735.25 260.733 213.691 571.645 213.661 386.778 571.357 209.582 329.413 298.861 376.783 353.275 258.497 320.975 330.69 425.946 335.362 303.361 288.791 224.342 205.491 273.884 326.894 309.468 442.103 199.981 479.919 253.486 195.89 299.872 193.16 190.586 280.165 187.03 248.097 200.357 185.322 251.016 182.376 222.993 357.595 222.443 213.357 221.06 200.752 181.339 177.755 175.843 198.632 211.142 327.491 224.542 795.258 233.221 325.723 175.343 173.715 291.884 326.636 183.476 173.411 173.114 169.657 311.043 167.454 167.277 164.405 162.892 162.071 424.017 194.153
threshold=9.461545944213869 0 7.3527534008026132 1 2 3 4 7.2490057945251474 5 6 7.7717878818511972 7.1552743911743173 5.0493419170379648 6.744683265686036 7 8 6.0527143478393564 6.1640367507934579 5.759707212448121 6.8561301231384286 9 -0.77786767482757557 0.066131956875324263 0.064333807677030577 10 0.114736445248127 39.500000000000007 0.3744682669639588 11 12 5.759707212448121 6.8561301231384286 0.07936600968241693 0.059944719076156623 0.10922185331583024 13 0.050722325220704086 14 0.11874964460730554 15 6.744683265686036 16 0.081555202603340163 17 18 0.10038758814334871 19 20 21 22 25.500000000000004 0.11966999620199205 0.074321933090686812 0.46800856292247778 0.095947422087192549 23 24 0.10266805812716485 0.14014542102813723 0.18249096721410754 0.35846313834190374 5.0493419170379648 0.052256155759096153 25 5.759707212448121 26 0.049178216606378562 -0.71504372358322132 27 6.4229502677917489 28 0.24372619390487674 29 13.500000000000002 0.059944719076156623 30 0.08212983608245851 -0.22818971425294873 0.0067387307062745103 0.39827039837837225 6.744683265686036 0.087897893041372313 0.16209227591753009 0.059944719076156623 6.4229502677917489 31 7.3527534008026132 7.5704805850982675 32 11.500000000000002 6.5665833950042733 5.0493419170379648 33 0.071016978472471251 0.10837544873356821 39.500000000000007 34 0.084762837737798705 5.0493419170379648 0.16058247536420825 45.500000000000007 35 0.14085485786199572 5.0493419170379648 0.14952706545591357 36 7.1552743911743173 0.12150707840919496 37 0.8522624969482423 38 39 6.4229502677917489 5.759707212448121 4.1348783969879159 0.1321084722876549 0.16802810132503512 40 41 0.051913643255829818 6.5665833950042733 42 0.07194120436906816 43 0.12545942142605784 41.500000000000007
decision_type=2 9 2 9 9 9 9 2 9 9 2 2 2 2 9 9 2 2 2 2 9 2 8 8 9 10 2 2 9 9 2 2 2 2 8 9 10 9 2 9 2 9 8 1 9 2 9 9 9 9 2 10 10 2 2 9 9 8 8 8 2 2 2 9 2 9 2 2 9 2 9 2 9 2 2 9 2 10 10 2 2 10 10 2 2 9 2 2 9 2 2 2 9 8 2 2 9 8 2 2 2 9 10 2 2 9 2 10 9 2 9 9 2 2 2 2 10 9 9 2 2 9 8 9 2 2
left_child=1 2 25 23 6 8 115 11 12 10 -9 24 -6 15 19 16 18 -18 33 -15 -17 39 -21 -2 59 26 27 29 32 30 50 43 37 34 -8 -29 110 -28 -14 -19 41 -37 -42 -32 -44 121 -47 -16 -5 -4 -1 -43 53 62 85 -56 -54 -23 -59 -7 -61 -62 63 -22 -65 66 -66 72 74 -70 -71 -72 83 -73 -69 -24 -77 -78 -79 -80 81 -38 116 -64 -85 -55 -11 -88 90 -90 -60 117 -93 -10 95 -95 97 -96 -99 -100 123 -35 103 -98 105 -105 108 -108 -107 122 -27 112 113 -30 -113 120 -82 -26 -119 -58 -3 -46 -110 125 -125 -25
right_child=3 4 49 48 5 7 13 9 93 86 -12 -13 38 14 47 20 17 21 -20 22 52 57 75 100 91 36 28 35 111 -31 31 -33 -34 101 -36 40 80 -39 -40 -41 42 51 44 -45 45 46 -48 -49 -50 -51 -52 -53 56 54 55 -57 119 58 88 60 61 -63 67 64 65 -67 -68 68 69 70 71 73 -74 -75 -76 76 77 78 79 -81 82 -83 -84 84 -86 -87 87 -89 89 -91 -92 92 -94 94 96 -97 102 98 99 -101 -102 -103 -104 104 -106 106 107 -109 109 -111 -112 114 -114 -115 -116 -117 -118 118 -120 -121 -122 -123 -124 124 -126 -127
leaf_value=-0.0092498977059158292 -0.0034942466471084327 0.0075713165444068536 0.026821882769176936 -0.022532779239048596 -0.056787895846017303 0.01686726281264201 -0.03271688138228341 -0.11057605109566991 0.00070964764325544283 -0.028720780432107858 -0.006394259607649941 0.060196878835558888 -0.0071069750501109013 0.047997059007080227 0.0036621576177402314 0.013764790556244093 -0.1131238629393099 -0.069632781432160451 0.004811506909983481 0.010058677159578082 0.0050552357895593987 -0.0026291043774936806 -0.0017473202455883974 -0.010108548735095337 -0.0049553436318244583 -0.032389742292106408 0.011641255707799175 -0.0011219994157063372 -0.013347120135415301 -0.0027247446997095753 0.0064162682818418833 -0.0013473499017995249 -0.0040264587119835851 -0.0087819932718909647 -0.0045733664326020954 0.011239877347871208 -0.015716223082563575 -0.0030339560625811 -0.052081292276420894 -0.023193812602223442 -0.044134182157797797 -0.0066326676192631833 -0.00025019401349021559 0.02688140209581031 -0.0016829739643320519 -0.034557589958485964 -0.0029974718649340803 0.0089741675891473038 0.01033356339149556 0.008499105209662081 0.00015592594555425396 0.011569324094694404 -0.0019808665358662424 0.0048976878141292843 -0.042859117700948045 0.0020898963177749075 0.012593002749293432 -0.080926644920275848 0.0094653561956830022 0.0085803073886955902 -0.042280914896531484 0.00096525425885601911 -0.0001870146714787737 -0.001016163022425228 0.023777433288467192 -0.0036565230293555133 -0.026426780711912477 0.0038760578388765741 0.0030496583273794116 0.017166839980492565 0.0044213647545173649 -0.065668231843311969 0.00083137336141105695 0.0017119257847985458 -0.0053265328363402333 0.0027605690162746258 -0.0085546894385248613 -0.0092842375730918334 -0.02096482299271971 -0.10483612814439194 0.010922663313723321 0.010292014377830526 -0.030761595276303517 -0.016826224142795557 0.0070441261295001514 -0.00407013248837426 0.0050338360046650078 -0.027960340040000645 -0.018822459923546111 -0.0026598758216502543 -0.024113677168691842 0.014818814730018774 0.00080094620934328118 -0.0016262562631726395 -0.0092052638534842659 -0.0085894220460330916 0.00022607747649594761 -0.041255341535651552 -0.010663198226804052 -0.051430195892068341 -0.032536976697295904 -0.035730442371951464 -0.00042487653383554183 -0.040007383104147039 -0.0039470892163568057 -0.0039639196858178172 0.0099532792874908235 -0.079685633879010842 -0.0051930118706312849 -0.066134854005965388 0.0037971900979952475 0.016430811147832076 -0.048142576793181721 0.031406421322448579 -0.0069897856908900996 0.018013720006893823 -0.013146166283058867 -0.00097532184138787855 0.019277382836450554 0.0037008587973449869 0.0015623873856188293 -0.017994629954731136 -0.021674500765531943 -0.094912997406819896 -0.041641676344283639 -0.066200719507964884
leaf_weight=3577 128 17617 725 391 421 1551 404 219 3255 319 308 143 559 293 12104 3201 288 113 11436 2022 3351 2121 17953 112 10437 118 2659 12794 3647 45538 11523 9870 14300 375 3882 1812 1438 2106 154 1788 347 18113 2147 548 660 316 3704 17201 333 3277 6033 616 4172 2686 658 648 3197 111 615 5190 346 1324 2022 4837 136 2149 1624 4250 15565 3839 1603 122 19249 107 5428 1828 5965 214 124 104 283 1147 726 2459 586 10914 972 303 3456 1136 215 1171 42246 13550 1465 13012 1527 513 762 126 199 620 2325 422 2275 2286 175 180 911 117 1828 303 206 152 31831 1164 5161 9379 725 4721 5463 4037 1326 361 218 110
leaf_count=3577 128 17617 725 391 421 1551 404 219 3255 319 308 143 559 293 12104 3201 288 113 11436 2022 3351 2121 17953 112 10437 118 2659 12794 3647 45538 11523 9870 14300 375 3882 1812 1438 2106 154 1788 347 18113 2147 548 660 316 3704 17201 333 3277 6033 616 4172 2686 658 648 3197 111 615 5190 346 1324 2022 4837 136 2149 1624 4250 15565 3839 1603 122 19249 107 5428 1828 5965 214 124 104 283 1147 726 2459 586 10914 972 303 3456 1136 215 1171 42246 13550 1465 13012 1527 513 762 126 199 620 2325 422 2275 2286 175 180 911 117 1828 303 206 152 31831 1164 5161 9379 725 4721 5463 4037 1326 361 218 110
internal_value=-0.00149589 -0.00137678 -0.00340252 -0.0347707 -0.000186915 -0.00229488 0.00104021 0.000422229 -0.00676439 -0.0184238 -0.0488895 0.000973785 -0.0314559 0.000283239 0.00242676 -0.000715369 -0.00628815 -0.0167785 -0.000114564 -0.00205309 0.00080295 -0.0138629 -0.00257534 -0.0517355 0.000855931 -0.00372958 -0.00341739 -0.00246682 -0.00551178 -0.00104897 0.00137013 0.0034363 -0.00172589 -0.0107809 -0.0072332 -0.0049204 -0.00888785 0.005174 -0.0168803 -0.0264775 -0.00644844 -0.00450373 -0.0100166 0.0073475 -0.00892291 -0.0110458 -0.00557969 0.00678232 -0.00748766 0.0119126 -0.00334567 -0.0060302 0.000361516 -0.000186768 -0.00392786 -0.0208841 0.0040908 -0.0107269 -0.01383 0.00680668 0.00453984 -0.00801467 0.000641545 -0.00293475 -0.00599524 -0.0121698 -0.0224088 0.0014249 0.0032451 0.00530724 0.0115113 -0.000434311 -0.000889242 -0.0343144 -0.00128399 -0.00355117 -0.00747183 -0.0104029 -0.0352698 -0.0595126 -0.0111835 -0.00417649 -0.014118 -0.00741157 -0.0122317 -0.00229815 -0.00797051 -0.0028229 -0.0124417 -0.0147933 0.000739721 7.21893e-05 0.00118295 -0.00612362 -0.00666799 -0.00503752 -0.00967288 -0.0171595 -0.0255869 -0.016499 -0.0584176 -0.0260399 -0.00779126 -0.00965724 -0.011619 -0.0148397 -0.0126006 -0.0355936 -0.0108613 -0.0174638 0.00144055 -0.00750635 -0.013409 -0.0115487 -0.00676634 0.00671673 -0.0118932 -0.00227551 0.00049727 0.00728312 0.00614914 -0.0157453 -0.0149679 -0.0647987 -0.0736916 -0.0364401
internal_weight=519524 517672 191542 1852 326130 119994 206136 74633 45361 2121 527 72512 1134 181892 57808 124084 26560 9843 16717 28503 97524 9555 28210 1128 72369 187540 176839 121635 55204 77089 31551 21941 19065 5281 4286 44546 10701 4765 713 1901 31752 20541 11211 12071 10864 8717 4020 29305 724 4002 9610 18729 94323 82233 14906 1306 12090 7654 5533 8411 6860 1670 67327 12097 8746 3909 1760 55230 30914 21236 5671 1832 24316 229 9678 26188 8235 6407 442 228 8755 2585 6170 5067 3045 13600 1594 1275 5422 4592 830 63958 43417 44227 40972 26562 14410 2866 1401 888 1000 995 11544 9219 7692 5417 4995 355 4640 2354 1946 36139 4005 3799 32134 24244 5444 20541 10104 7918 23080 4697 2237 801 579 222
internal_count=519524 517672 191542 1852 326130 119994 206136 74633 45361 2121 527 72512 1134 181892 57808 124084 26560 9843 16717 28503 97524 9555 28210 1128 72369 187540 176839 121635 55204 77089 31551 21941 19065 5281 4286 44546 10701 4765 713 1901 31752 20541 11211 12071 10864 8717 4020 29305 724 4002 9610 18729 94323 82233 14906 1306 12090 7654 5533 8411 6860 1670 67327 12097 8746 3909 1760 55230 30914 21236 5671 1832 24316 229 9678 26188 8235 6407 442 228 8755 2585 6170 5067 3045 13600 1594 1275 5422 4592 830 63958 43417 44227 40972 26562 14410 2866 1401 888 1000 995 11544 9219 7692 5417 4995 355 4640 2354 1946 36139 4005 3799 32134 24244 5444 20541 10104 7918 23080 4697 2237 801 579 222
cat_boundaries=0 2 4 5 7 9 10 11 13 14 15 17 19 21 23 25 26 28 29 31 33 34 36 38 40 42 44 46 48 50 52 54 56 57 58 59 60 61 62 63 64 66 68 70 72
cat_threshold=3720233 6485 303038466 8196 6 2957189634 16896 138412054 2 131072 8390656 3498442752 9376 595660800 2147745792 67373120 34 1081352 260 1049632 6160 2622464 65 1081344 4 16777216 1048576 4 2 16384 2320 0 4096 117441088 537395200 2048 524288 4096 335675392 8224 1073750016 520 335685696 1056 512 640 67248192 1056 1073744384 16512 268437504 16384 1350565888 8224 268566720 128 16777216 33558528 8194 33624064 2151677952 536870912 33792 1056 1107296384 1152 4100 8 0 4096 33554432 4
is_linear=0
shrinkage=0.03


Tree=50
num_leaves=127
num_cat=29
split_feature=0 5 0 2 5 5 5 5 0 29 12 5 5 0 25 25 0 5 5 0 0 0 0 25 25 27 13 5 27 25 11 5 0 25 25 25 0 26 27 25 27 27 5 11 0 30 0 25 25 25 25 5 27 0 12 12 5 5 11 25 0 28 27 0 5 0 21 21 29 27 25 27 21 30 5 11 25 5 0 5 25 27 5 25 5 5 27 13 25 5 28 21 25 0 28 25 0 29 11 5 12 27 0 27 25 0 5 0 0 27 25 5 5 27 0 0 27 25 13 27 29 26 25 25 5 25
split_gain=2172.02 1235.11 940.478 919.695 1510.15 872.952 856.08 843.763 748.809 447.076 443.263 598.541 390.869 394.047 728.286 411.943 356.141 1168.19 1145.38 1838.12 3003.12 777.02 736.925 733.312 717.38 790.446 1431.45 572.178 452.914 373.767 330.98 320.683 1061.27 315.086 432.56 567.403 300.722 284.676 281.283 395.725 405.442 533.913 279.901 271.375 271.001 286.792 266.411 661.383 523.911 421.353 390.626 484.816 275.969 275.088 257.234 395.19 239.769 234.463 232.04 239.508 271.024 225.056 262.989 218.127 681.486 356.112 296.364 278.69 233.584 221.752 217.732 216.91 215.056 213.619 355.547 274.435 416.441 476.616 274.209 947.022 255.784 556.211 343.253 267.13 224.731 210.897 209.598 237.093 233.163 206.916 315.461 265.107 204.019 203.291 202.214 313.956 503.029 904.939 357.287 461.36 329.866 232.892 214.182 213.686 602.444 334.054 201.287 508.247 1542.06 498.309 369.849 200.625 198.278 348.254 288.075 1321.75 197.779 226.523 232.156 193.755 191.673 191.077 188.934 245.287 188.778 187.775
threshold=13030.000000000002 0 1255.0000000000002 1 2 3 4 5 1715.0000000000002 0.064788181334733977 -0.065537083894014345 6 7 325.00000000000006 20.500000000000004 55.500000000000007 850.00000000000011 8 9 425.00000000000006 475.00000000000006 950.00000000000011 325.00000000000006 102.50000000000001 78.500000000000014 0.089248880743980422 25.500000000000004 10 0.059944719076156623 125.00000000000001 -0.81429189443588246 11 1560.0000000000002 59.500000000000007 87.500000000000014 79.500000000000014 2375.0000000000005 0.10922185331583024 0.059944719076156623 79.500000000000014 0.051913643255829818 0.049178216606378562 12 0.77244481444358837 61.500000000000007 0.058018375188112266 155.00000000000003 11.500000000000002 23.500000000000004 11.500000000000002 31.500000000000004 13 0.07936600968241693 1225.0000000000002 0.71952396631240856 0.94909128546714794 14 15 0.12545942142605784 62.500000000000007 950.00000000000011 0.11221787333488466 0.095947422087192549 225.00000000000003 16 155.00000000000003 0.1228446774184704 0.070677299052476897 0.040852611884474761 0.084925193339586272 86.500000000000014 0.1321084722876549 0.15616496652364734 0.10421128198504449 17 0.3903625756502152 59.500000000000007 18 615.00000000000011 19 81.500000000000014 0.089248880743980422 20 103.50000000000001 21 22 0.1688736900687218 22.500000000000004 77.500000000000014 23 0.14512951672077182 0.1196713224053383 42.500000000000007 45.000000000000007 0.071016978472471251 89.500000000000014 1280.0000000000002 0.13254455476999286 0.22700754553079608 24 0.46611291170120245 0.16058247536420825 155.00000000000003 0.11874964460730554 100.50000000000001 90.000000000000014 25 850.00000000000011 950.00000000000011 0.092709075659513487 113.00000000000001 26 27 0.11368945986032487 1225.0000000000002 1100.0000000000002 0.051913643255829818 100.50000000000001 42.500000000000007 0.084925193339586272 0.069317996501922621 0.15855667740106585 55.500000000000007 38.500000000000007 28 81.500000000000014
decision_type=2 9 2 9 9 9 9 9 2 10 2 9 9 2 2 2 2 9 9 2 2 2 2 2 2 2 2 9 2 2 2 9 2 2 2 2 2 8 2 2 2 2 9 2 2 8 2 2 2 2 2 9 2 2 2 2 9 9 2 2 2 8 2 2 9 2 10 8 8 2 2 2 10 10 9 2 2 9 2 9 2 2 9 2 9 9 2 2 2 9 10 10 2 2 8 2 2 10 2 9 2 2 2 2 2 2 9 2 2 2 2 9 9 2 2 2 2 2 2 2 8 10 2 2 9 2
left_child=1 2 10 5 6 -3 9 42 31 -5 11 58 13 33 -15 -16 18 21 19 22 -21 -18 28 24 -22 26 -26 -20 37 89 70 -6 46 56 35 44 -10 -7 39 -17 41 -41 43 86 45 -35 49 52 -49 -33 51 -50 -48 -53 -9 -56 -12 -4 59 -1 -61 -40 -63 64 -14 68 69 -65 -66 -67 -27 -25 -64 75 -75 80 77 78 -77 92 82 83 -29 84 -82 -51 87 -2 -89 -23 121 -92 -80 -87 -8 98 100 -98 112 101 103 102 -100 105 -105 -97 107 -69 -109 110 -110 -19 113 -96 115 119 -24 118 -118 -114 -36 -91 123 -101 -62 -42
right_child=7 3 57 4 8 16 94 54 36 -11 12 -13 63 14 15 38 17 111 27 20 23 29 116 71 25 30 -28 73 -30 -31 -32 32 -34 34 120 -37 -38 -39 61 40 125 -43 -44 -45 -46 -47 47 48 50 85 -52 53 -54 -55 55 -57 -58 -59 -60 60 124 62 72 67 65 66 -68 106 -70 -71 -72 -73 -74 74 -76 76 -78 -79 79 -81 81 -83 -84 -85 -86 93 -88 88 -90 90 91 -93 -94 -95 95 96 97 -99 99 122 -102 -103 -104 104 -106 -107 -108 108 109 -111 -112 -113 114 -115 -116 -117 117 -119 -120 -121 -122 -123 -124 -125 -126 -127
leaf_value=0.003250684609009236 -0.077891951103021592 0.0063512588291360847 0.026019913166969184 -0.040388962483835236 0.0032059416887919388 -0.031666655482034636 0.0015374375198420707 0.0053392761182115079 -0.0621319832575178 0.0099999970311397002 0.0032668590080217291 -0.004372667107783593 -0.0075032524105004966 -0.036029437212645531 0.015826997996608281 0.0079595253234283399 0.046562182830055414 0.0036413976149201159 0.013271652307189328 -0.1088299175621244 -0.009942967247729256 0.0004096742828607871 -0.0035497727709226917 -0.00090398595502031679 -0.13917432479284428 -0.062786071318900211 -0.028945961606117985 0.010603742505823081 -0.031738257786982561 0.0067184182059549357 -0.014741514446555326 0.02156410329815946 -0.096179366716316772 0.046584974148788968 -0.011145762423851345 -0.032578464588933542 -0.017687242351690724 -0.0028931371724399552 0.0051665852718432758 -0.0080812588326830605 -0.017125511098716219 -0.046041789922043129 -0.071172318390229847 0.0075440269766502005 -0.01609941810478575 -0.0045620452332297791 -0.013711178653885598 0.01570480428930798 -0.031241460023196079 -0.03437217190648828 0.0017432601560900263 0.012530788996286965 -0.053158016675997677 -0.022930700033627294 -0.077045915967856468 -0.00018675710811900595 -0.01116650388494512 0.007443461115920545 -0.0024809254119694565 -0.00057986902145483541 -0.0087302073081550382 -0.012553212603056597 -0.0034590676778360548 0.0019236875218802383 -0.028013636972361679 0.015657531170931511 -0.028495774204572364 0.0093430185163631743 0.0010463888056173772 -0.01349661686353801 -0.029273594055304126 -0.02116116038653949 -0.03082129531442674 -0.0028862020128163262 0.0078321423463673292 -0.01331705694442867 -4.9560717819360091e-05 -0.0036584407034559408 -0.032338468356931632 -0.096892086550340817 0.007301872600676159 0.016331875657323788 0.0010003093674153772 -0.001773822847997285 -0.01394012844396887 0.02575122952314433 -0.080398942003162888 -0.047225451906522116 -0.0022067248080060889 -0.0058303035459167018 -0.053923204191621735 -0.0081520766775640303 0.0031312112477589905 -0.0044595821169595533 0.016965710522894906 -0.047878993709800304 -0.018429353600072682 -0.10928224944719864 -0.034637751038725122 -0.0055210998096693531 -0.005919918093609494 -0.064746634206030426 -0.010695322813283812 -0.066406417353240044 -0.016936659457659053 -0.0027178763540227162 -0.0058913483655568888 -0.12139986085419609 -0.0015010277362515253 0.00050141050531942182 -0.022788202078602299 0.0087562220752301911 -0.0080484567993181558 -0.025217710668957508 -0.00030251262928555412 -0.1057086968421936 0.0059719561384806736 0.014605842778434325 -0.011751180003120681 0.005911000702107083 0.0066968877465164531 0.006469810304800476 -0.0030586676436425084 -0.024216981430655506 -0.043750841541419165 0.0065678641648932558
leaf_weight=24319 100 24227 742 969 27866 342 3088 464 204 189 1959 41182 5483 660 897 3159 292 12143 3201 306 2809 7309 2073 3444 161 239 309 3587 725 3441 1349 578 104 110 1112 1759 417 3168 1218 1960 353 401 399 102 4691 887 461 2289 738 199 21446 626 244 286 103 143 2182 3454 13001 1494 334 6784 7327 6047 283 3693 154 2945 2016 250 656 551 267 4276 7966 1340 10749 3892 338 166 510 1211 48657 7839 3527 202 122 224 192 15793 219 237 256 16163 975 166 486 123 616 1556 8757 122 742 253 1747 1258 41764 100 1260 7553 1761 16147 6702 214 11685 121 4970 2382 767 1032 1055 1224 4694 1063 250 2012
leaf_count=24319 100 24227 742 969 27866 342 3088 464 204 189 1959 41182 5483 660 897 3159 292 12143 3201 306 2809 7309 2073 3444 161 239 309 3587 725 3441 1349 578 104 110 1112 1759 417 3168 1218 1960 353 401 399 102 4691 887 461 2289 738 199 21446 626 244 286 103 143 2182 3454 13001 1494 334 6784 7327 6047 283 3693 154 2945 2016 250 656 551 267 4276 7966 1340 10749 3892 338 166 510 1211 48657 7839 3527 202 122 224 192 15793 219 237 256 16163 975 166 486 123 616 1556 8757 122 742 253 1747 1258 41764 100 1260 7553 1761 16147 6702 214 11685 121 4970 2382 767 1032 1055 1224 4694 1063 250 2012
internal_value=-0.00148042 -0.00136455 -0.00323541 -0.000217621 -0.00231867 0.0010089 -0.00652654 -0.0339288 0.000409589 -0.0318882 -0.00354157 -0.00184437 -0.00476151 -0.00719705 -0.00495754 -0.00411487 0.000283748 0.00224528 -0.000631312 -0.0064642 -0.0164751 -0.00204008 0.000348849 -0.0134948 -0.020576 -0.0315735 -0.0669204 0.0008199 -0.0101681 -0.00254528 -0.0241436 0.000695936 -0.000918617 -0.0112782 -0.0142579 -0.0176902 -0.0323639 -0.00570493 -0.00487731 -0.000259367 -0.00575364 -0.0145454 -0.049749 -0.0373246 -0.0130811 0.00112208 -0.000687449 0.00122147 0.00201794 -0.0035927 0.000660845 -0.0134005 -0.0274197 0.00138212 -0.00770722 -0.0325493 -0.00435839 0.0108136 0.000799357 0.00241529 -0.00735825 -0.00721188 -0.00826078 -0.00347116 0.000249684 0.00689701 0.0122095 -0.00419123 -0.00254144 0.0138061 -0.0382828 -0.0037025 -0.00442504 0.000395791 0.00409245 -0.000155604 -0.00358247 -0.00991907 -0.0213956 -0.0358843 0.000722569 -0.00302785 0.00166208 -0.00500317 -0.0112719 -0.0044718 -0.0450826 -0.0365933 -0.0265027 -0.00383177 -0.00560293 -0.0302042 -0.0167901 -0.00408263 -0.00587208 -0.00641425 -0.0103403 -0.036928 -0.00471305 -0.00978003 -0.00900811 -0.0250047 -0.0215733 -0.0169022 -0.0232246 -0.00801235 -0.00485891 -0.00168707 -0.00473249 -0.00361777 -0.0139132 0.00656304 -0.00256332 0.0092806 -0.00328752 -0.00773157 0.00471943 0.00683096 0.00360085 -0.00618523 -0.00246002 -0.00494525 -0.0066526 -0.0131157 -0.0246682 0.00302565
internal_weight=519906 518057 196878 321179 118381 202798 46558 1849 71823 1158 192682 80580 112102 38793 25038 24378 178571 56805 121766 24251 9824 28515 14427 9518 5523 2714 470 97515 4235 28223 2244 71202 43336 13755 9614 7447 621 3510 23481 7885 4726 2361 1139 740 5688 997 43232 26090 25385 17142 23096 1650 705 912 710 246 4141 4196 39398 26397 2078 15596 14378 73309 11879 6396 4097 61430 2299 3943 895 3995 7594 94314 12242 82072 16741 5992 2100 760 65331 13087 52244 11876 4037 16564 638 516 416 24782 17473 456 594 16365 45400 42312 12790 609 29522 8793 12181 1480 1358 3424 2000 1424 55383 13619 10674 10574 3021 28290 20729 1189 19540 7855 10192 8119 5737 7734 2167 17017 7313 2619 584 2365
internal_count=519906 518057 196878 321179 118381 202798 46558 1849 71823 1158 192682 80580 112102 38793 25038 24378 178571 56805 121766 24251 9824 28515 14427 9518 5523 2714 470 97515 4235 28223 2244 71202 43336 13755 9614 7447 621 3510 23481 7885 4726 2361 1139 740 5688 997 43232 26090 25385 17142 23096 1650 705 912 710 246 4141 4196 39398 26397 2078 15596 14378 73309 11879 6396 4097 61430 2299 3943 895 3995 7594 94314 12242 82072 16741 5992 2100 760 65331 13087 52244 11876 4037 16564 638 516 416 24782 17473 456 594 16365 45400 42312 12790 609 29522 8793 12181 1480 1358 3424 2000 1424 55383 13619 10674 10574 3021 28290 20729 1189 19540 7855 10192 8119 5737 7734 2167 17017 7313 2619 584 2365
cat_boundaries=0 2 3 5 7 8 10 12 14 16 17 18 20 22 24 26 28 30 32 34 36 38 40 41 43 44 46 47 49 51
cat_threshold=3785769 6485 6 3091341826 16896 138412054 2 131072 303038466 8196 3146785 6416 1066017 2048 3498442752 9376 595595264 2147745792 84148288 8234 34603008 4 0 1152 1 2048 524288 4096 589832 4096 1073750016 520 512 8744 512 32 0 16384 0 1024 2048 1342177280 32 8194 65536 4 117441088 0 16384 1048576 4096
is_linear=0
shrinkage=0.03


Tree=51
num_leaves=127
num_cat=30
split_feature=0 5 5 5 30 0 5 8 5 13 5 0 0 0 5 23 27 27 22 0 0 25 25 0 4 12 5 25 27 0 0 31 5 12 27 5 13 0 25 25 0 0 25 23 5 4 25 27 25 0 27 0 5 5 0 25 5 0 12 12 27 5 27 12 25 25 13 5 0 21 25 27 5 12 5 0 25 4 27 13 31 5 0 21 5 27 25 23 12 4 25 27 25 12 25 0 25 12 0 12 27 5 5 0 27 25 25 0 27 27 5 27 25 12 0 22 5 16 4 0 32 21 5 23 0 29
split_gain=2054.3 1184.6 837.842 659.212 506.184 494.634 610.068 416.713 961.207 634.992 608.79 1161.17 576.418 424.615 405.324 478.904 455.383 378.95 606.411 355.577 1147.78 472.44 394.473 371.741 1153.14 802.236 476.795 450.746 417.473 355.345 552.877 1020.5 349.36 421.536 348.413 334.839 334.615 324.09 297.461 772.095 289.094 427.633 323.163 288.576 279.646 269.172 315.355 604.229 268.233 262.204 487.648 1184.58 366.647 345.488 315.658 939.808 265.017 262.104 261.938 346.498 257.072 332.762 397.853 251.832 246.076 276.59 348.793 265.067 244.815 243.094 239.229 662.266 466.8 427.26 235.252 325.888 282.612 253.689 232.167 231.441 290.277 261.995 231.294 225.966 246.794 225.135 222.683 311.229 257.947 222.237 265.091 405.414 245.107 256.69 224.044 320.666 218.271 216.235 213.542 212.954 210.948 304.926 247.447 207.93 207.218 205.287 330.544 359.927 213.663 242.434 251.612 203.242 613.971 201.256 200.666 305.738 305.447 199.943 198.794 192.249 276.572 190.963 190.615 358.973 368.236 231.031
threshold=13030.000000000002 0 1 2 0.19365485012531283 325.00000000000006 3 6.5000000000000009 4 36.500000000000007 5 615.00000000000011 1715.0000000000002 155.00000000000003 6 0.07194120436906816 0.051913643255829818 0.053263295441865928 -0.42448458075523371 950.00000000000011 850.00000000000011 60.500000000000007 88.500000000000014 325.00000000000006 7 0.71952396631240856 8 21.500000000000004 0.059944719076156623 1560.0000000000002 1280.0000000000002 0.092846259474754347 9 0.071972697973251357 0.1321084722876549 10 39.500000000000007 155.00000000000003 56.500000000000007 52.500000000000007 155.00000000000003 90.000000000000014 18.500000000000004 0.10042453557252885 11 12 50.500000000000007 0.092709075659513487 43.500000000000007 325.00000000000006 0.089248880743980422 475.00000000000006 13 14 110.00000000000001 77.500000000000014 15 90.000000000000014 0.71952396631240856 0.94353348016738903 0.086274277418851866 16 0.098019190132617964 -0.84774214029312123 29.500000000000004 50.500000000000007 45.500000000000007 17 90.000000000000014 0.069947797805070891 71.500000000000014 0.055219287052750594 18 -0.80926784873008717 19 950.00000000000011 64.500000000000014 20 0.11874964460730554 25.500000000000004 0.091470405459404006 21 1225.0000000000002 0.11373248696327211 22 0.053263295441865928 85.500000000000014 0.10777157172560693 -0.9711191952228545 23 85.500000000000014 0.055219287052750594 114.50000000000001 0.49626980721950537 155.00000000000003 225.00000000000003 15.500000000000002 -0.11692317575216292 225.00000000000003 0.089118976145982756 0.053263295441865928 24 25 90.000000000000014 0.084925193339586272 81.500000000000014 82.500000000000014 225.00000000000003 0.07936600968241693 0.059393314644694335 26 0.16058247536420825 57.500000000000007 -0.28519998490810389 325.00000000000006 0.076482363045215621 27 14.500000000000002 28 1560.0000000000002 0.15340023487806323 0.050048705190420158 29 0.12977331131696704 950.00000000000011 0.10304982960224153
decision_type=2 9 9 9 10 2 9 2 9 2 9 2 2 2 9 8 2 2 10 2 2 2 2 2 9 2 9 2 2 2 2 8 9 2 2 9 2 2 2 2 2 2 2 8 9 9 2 2 2 2 2 2 9 9 2 2 9 2 2 2 2 9 2 2 2 2 2 9 2 10 2 2 9 2 9 2 2 9 2 2 8 9 2 8 9 2 2 10 2 9 2 2 2 2 2 2 2 2 2 2 2 9 9 2 2 2 2 2 2 2 9 2 2 2 2 10 9 2 9 2 10 8 9 10 2 10
left_child=1 3 43 69 7 6 40 10 19 117 11 13 86 -3 17 16 -16 18 32 20 21 23 -23 35 25 27 -26 -25 38 30 44 -32 -7 -34 45 37 79 -9 39 -28 41 48 -42 -2 114 -30 47 113 -5 52 53 -52 54 -51 55 57 -55 -11 -4 -60 -21 -62 63 -63 -45 -66 67 97 -54 -1 71 72 -8 -72 75 77 -77 -53 -64 80 -17 -81 -78 103 96 -82 87 88 -13 92 -91 94 93 -75 98 -96 -85 -67 -92 -37 101 -74 -102 -46 105 108 -107 -108 109 110 -70 -19 -113 -47 115 -12 -116 -10 -73 120 -90 -118 123 125 -125 -105
right_child=2 4 58 5 -6 14 70 8 9 49 29 12 -14 -15 15 36 -18 111 -20 60 -22 22 -24 24 26 -27 28 -29 34 -31 31 -33 33 -35 -36 99 -38 -39 -40 -41 42 -43 -44 64 83 46 -48 -49 -50 50 51 74 68 56 -56 -57 -58 -59 59 -61 61 62 78 -65 65 66 -68 -69 104 -71 73 118 100 89 -76 76 82 -79 -80 81 85 -83 -84 84 -86 -87 -88 -89 119 90 91 -93 -94 -95 95 -97 -98 -99 -100 -101 102 -103 -104 122 -106 106 107 -109 -110 -111 -112 112 -114 -115 116 -117 121 -119 -120 -121 -122 -123 -124 124 -126 -127
leaf_value=0.0049127803351414149 -0.018599942059566579 -0.020885904092034661 0.0052672420823291757 0.00011570312182355137 0.0030921119332301327 -0.023056085736314784 -0.028549226732135776 -0.017364645342891338 -7.5852385840223776e-05 -0.016756128190629327 -0.0077087668257524297 -0.009503376277979968 -0.084343554727934492 0.0092760027188863708 0.0049500906302143407 0.0021377279687942435 -0.06402070495456752 0.0071628511775798549 0.019888919196365509 0.014062552034944564 -0.074038826650790632 -0.01949011530620702 0.016124917164878311 -0.058834417215303372 0.031901587381082425 -0.013518908192148333 0.013046452800384484 -0.018169188282261155 0.011814946498254299 0.0097086604922423398 -0.10837474744636998 -0.0018194114445033696 -0.02540615997638471 0.016969315333919519 0.030989006837488897 -0.0010190426548859204 -0.0020294184067227018 0.0080130369975138331 0.020507140254974649 -0.02172759134118931 0.017054085335894316 -0.0058597544657815461 0.0022719283364054659 -0.087779696062597307 -0.018912184217534302 0.011112378147060682 -0.0016072035511930992 -0.054550807564537319 0.017889430423709506 0.0070623891067274382 -0.087798778334179442 0.015154347182916741 0.016700187426939697 -0.038447480178273777 0.0035719065577969993 -0.068370497712707479 -0.00062521813046302339 0.00673427452300658 -0.074277843037226163 -0.0009285578269257464 0.0072693952903105669 -0.044292552852434962 0.0064013782112415608 -0.011701471973662123 -0.018184048905968666 -0.028757234626675246 -0.01301096467978575 -0.10914832818264864 -0.03610118589714581 0.018438846195275353 0.012958799171465038 0.011638518227790487 0.030836917514984422 -0.028378460797575417 -0.0023110560879242084 -0.0055340819374409961 -0.040249305823846282 -0.02499251022705665 -0.012651052177465264 0.005534083228255781 0.0071861792724713935 -7.8942122127659986e-05 -0.00087965141499743741 -0.020120836940450255 -0.0062327623451794842 -0.003983458910544151 -0.0053770549832050036 -0.0070675012361276195 -0.024552101955978532 0.0057825204150898915 -0.0050773336578023888 -0.008174018982509924 -0.042709243850535657 0.0049034576319224596 0.0088919657531914154 -0.010997724000469788 0.02095031293613888 -0.085120614412987586 0.0063240418311055896 -0.0096205407523904905 -0.040327802614413481 -0.0078226909150694267 -0.012231596191684187 -0.0098246107763153897 -0.029036669718279128 -0.042326006806470494 0.004264982031294275 -0.021048478147664574 -0.023645676817613266 0.00033379796114126346 -0.008061171516269023 -0.060940906862249282 0.013884761465071784 -0.022190336549700783 0.043554411127760602 0.0066364699029220885 0.024627104087413604 0.0036799427946271304 -0.0036464816804075428 0.0080353652417950797 -0.058142742304983785 -6.8112812131286457e-05 0.00090386626974905374 -0.074070612328798788 -0.014932638339802519 -0.00092948336609496212
leaf_weight=16749 215 495 479 2026 13792 1255 1590 520 24080 735 6826 1214 110 2744 150 26015 201 16722 662 996 233 3708 302 759 329 1845 1291 364 247 1812 128 217 333 574 141 4932 34239 3466 651 1034 1429 9064 19242 190 667 223 519 517 1226 8678 147 517 321 159 5209 223 8737 1019 103 131 1919 376 1296 494 191 160 109 136 314 1287 1531 822 184 355 44017 635 654 194 1034 20368 1808 11837 169 148 41883 15893 1587 1791 3535 2884 2052 10358 248 503 984 2813 534 100 5283 5456 363 3274 1306 3606 483 373 797 1380 593 3677 2794 156 265 604 137 1662 285 27128 11023 149 235 19266 11479 121 428 9682
leaf_count=16749 215 495 479 2026 13792 1255 1590 520 24080 735 6826 1214 110 2744 150 26015 201 16722 662 996 233 3708 302 759 329 1845 1291 364 247 1812 128 217 333 574 141 4932 34239 3466 651 1034 1429 9064 19242 190 667 223 519 517 1226 8678 147 517 321 159 5209 223 8737 1019 103 131 1919 376 1296 494 191 160 109 136 314 1287 1531 822 184 355 44017 635 654 194 1034 20368 1808 11837 169 148 41883 15893 1587 1791 3535 2884 2052 10358 248 503 984 2813 534 100 5283 5456 363 3274 1306 3606 483 373 797 1380 593 3677 2794 156 265 604 137 1662 285 27128 11023 149 235 19266 11479 121 428 9682
internal_value=-0.00136087 -0.00124921 -0.0332216 0.000374564 -0.00251697 -0.000100361 -0.00198105 -0.00279632 -0.0018468 -0.000706061 -0.00422211 -0.0106429 -0.0164051 0.00466149 0.00103199 0.000320964 -0.0346157 0.00496441 -0.0052145 -0.00640775 -0.00788207 -0.00730648 -0.0168045 -0.00564248 -0.0106059 -0.0256995 -0.00253974 -0.0456814 -0.00476516 -0.00345046 -0.00369655 -0.0415519 -0.0129068 0.00138529 -0.0145198 -0.00269857 0.000432624 0.00468707 0.00259947 -0.00242134 0.0011265 -0.00251147 0.0032946 -0.0494406 -0.0035611 -0.0175741 -0.0214748 -0.02914 0.00681982 -0.00234576 -0.00144648 -0.00306042 -0.00555287 0.00280851 -0.000301363 -0.0105048 -0.00134787 -0.00311313 -0.00734695 -0.0333935 0.000125658 -0.00258825 -0.00849635 -0.0258215 -0.0574525 -0.0490595 -0.0606781 -0.0737327 -0.00906013 0.00587567 -0.00422967 -0.00685253 -0.0143768 -0.00242861 -0.00278882 -0.0124111 -0.0205843 0.00418035 -0.00205545 0.00154297 0.000121276 0.00347276 -0.0321758 -0.00459507 -0.00594148 -0.00284224 -0.0155173 -0.0178403 -0.021597 -0.00335366 -0.00275646 -0.00390262 -0.0165004 -0.00888404 7.21694e-05 -0.00584229 0.0118476 -0.0488085 0.0031342 -0.0055319 -0.0099019 -0.00569076 -0.0186776 -0.00239102 -0.00986462 -0.00892907 -0.0162659 -0.0117835 -0.00639142 -0.00488016 -0.0110468 0.00664431 -0.0139203 -0.0132077 -0.00104354 -0.00489943 0.000618471 0.00191385 -0.00258487 -0.02534 -0.0266608 0.000292967 -0.001955 -0.00432411 -0.0280777 -0.00334394
internal_weight=519710 517896 1814 227074 290822 209038 78560 277030 166289 133033 110741 11860 8621 3239 130478 110511 351 19967 2824 33256 27141 26908 4010 22898 8524 2968 5556 1123 5227 98881 97069 345 2162 907 2251 14374 110160 3986 2976 2325 32987 12316 20671 1101 96724 2110 1863 1344 3252 81825 63907 46333 17918 17574 7186 1977 8896 1754 713 234 6115 5119 3200 870 886 696 505 396 10732 18036 45573 18562 6717 27011 46186 2169 1458 711 2330 75921 43716 32205 823 68548 42565 17701 8511 6924 5133 25480 24374 21490 1106 858 11132 3797 682 260 7335 10388 5127 3458 1669 25983 10411 9928 2550 2177 7378 6785 3108 17143 421 827 28176 8488 19688 51208 11845 3919 3770 19551 25316 13837 549 13288
internal_count=519710 517896 1814 227074 290822 209038 78560 277030 166289 133033 110741 11860 8621 3239 130478 110511 351 19967 2824 33256 27141 26908 4010 22898 8524 2968 5556 1123 5227 98881 97069 345 2162 907 2251 14374 110160 3986 2976 2325 32987 12316 20671 1101 96724 2110 1863 1344 3252 81825 63907 46333 17918 17574 7186 1977 8896 1754 713 234 6115 5119 3200 870 886 696 505 396 10732 18036 45573 18562 6717 27011 46186 2169 1458 711 2330 75921 43716 32205 823 68548 42565 17701 8511 6924 5133 25480 24374 21490 1106 858 11132 3797 682 260 7335 10388 5127 3458 1669 25983 10411 9928 2550 2177 7378 6785 3108 17143 421 827 28176 8488 19688 51208 11845 3919 3770 19551 25316 13837 549 13288
cat_boundaries=0 2 4 6 8 10 11 12 13 14 15 17 19 20 22 24 25 27 29 30 32 33 35 36 37 39 41 43 44 45 47
cat_threshold=2604939990 25770 303038466 8196 20 2 268703936 168 2638888 64 8552448 4203010 1 40 512 540672 64 538969120 80 4 1140948993 768 1620213760 20 1 2621472 64 2 4 33554434 1140850688 16 1 2198077440 25608 524288 4 0 1024 8192 1024 0 1 32 2 524289 6148
is_linear=0
shrinkage=0.03


Tree=52
num_leaves=127
num_cat=41
split_feature=0 5 5 12 11 26 5 5 12 2 5 5 5 11 5 5 2 0 0 0 5 0 25 0 21 12 11 28 25 12 22 20 12 25 5 2 5 0 25 25 0 0 2 5 5 0 5 0 20 0 5 22 5 23 26 25 0 25 0 0 5 0 25 25 5 0 25 20 11 25 23 22 25 0 20 5 25 25 25 0 25 5 0 11 0 0 5 20 11 26 5 25 25 5 0 0 8 2 5 5 12 0 23 5 20 25 5 25 30 11 0 5 5 28 5 29 25 25 8 2 12 0 5 5 5 5
split_gain=1825.37 1178.18 852.561 515.846 964.052 595.648 511.444 506.279 489.724 486.437 624.344 483.762 482.505 472.505 368.87 366.14 348.063 339.007 327.365 320.427 432.549 317.857 847.194 315.778 488.942 300.77 386.635 400.84 330.267 299.336 291.084 346.01 300.453 286.448 281.171 269.18 316.047 405.723 268.256 267.577 273.204 322.887 262.193 663.828 422.443 473.874 559.487 485.013 652.571 258.586 483.911 261.182 249.303 238.365 306.494 219.721 216.579 215.726 475.7 939.813 333.87 373.109 273.557 376.349 232.034 215.721 215.087 219.581 263.554 214.945 208.939 241.398 207.703 205.547 204.309 203.952 305.577 201.228 200.964 198.639 193.387 191.731 409.485 204.783 189.396 187.305 187.267 215.888 185.851 286.856 184.123 177.462 174.41 201.117 253.922 359.179 186.235 174.302 196.078 172.207 171.157 169.792 296.712 193.748 169.083 169.082 167.254 166.188 164.871 183.336 162.06 1400.72 393.439 372.369 313.794 351.777 299.296 430.11 284.182 208.026 199.877 175.294 269.419 174.305 169.634 167.342
threshold=13030.000000000002 0 1 -0.73284119367599476 0.12545942142605784 0.14085485786199572 2 3 0.054805127903819091 4 5 6 7 0.12545942142605784 8 9 10 155.00000000000003 615.00000000000011 61.500000000000007 11 45.000000000000007 97.500000000000014 1560.0000000000002 0.032727185636758811 0.46611291170120245 0.12545942142605784 0.10401646792888643 69.500000000000014 0.91852787137031566 0.15231326222419742 76.500000000000014 0.94066718220710765 76.500000000000014 12 13 14 950.00000000000011 59.500000000000007 63.500000000000007 615.00000000000011 325.00000000000006 15 16 17 950.00000000000011 18 615.00000000000011 80.500000000000014 90.000000000000014 19 -0.11946358904242514 20 0.12977331131696704 0.33039350807666784 86.500000000000014 950.00000000000011 19.500000000000004 950.00000000000011 615.00000000000011 21 850.00000000000011 64.500000000000014 83.500000000000014 22 61.500000000000007 52.500000000000007 73.500000000000014 0.49812944233417517 56.500000000000007 0.05960375256836415 -0.28042785823345179 65.500000000000014 615.00000000000011 88.500000000000014 23 14.500000000000002 68.500000000000014 71.500000000000014 325.00000000000006 33.500000000000007 24 325.00000000000006 -0.85227432847022999 61.500000000000007 225.00000000000003 25 78.500000000000014 0.3744682669639588 0.00074296272941865038 26 86.500000000000014 67.500000000000014 27 615.00000000000011 155.00000000000003 7.5000000000000009 28 29 30 -0.048362832516431802 155.00000000000003 0.058227287605404861 31 85.500000000000014 37.500000000000007 32 19.500000000000004 0.097864083945751204 0.46039463579654699 1100.0000000000002 33 34 0.10800887271761896 35 0.1178257428109646 97.500000000000014 103.50000000000001 7.5000000000000009 36 -0.065537083894014345 1560.0000000000002 37 38 39 40
decision_type=2 9 9 2 2 10 9 9 2 9 9 9 9 2 9 9 9 2 2 2 9 2 2 2 8 2 2 8 2 2 8 2 2 2 9 9 9 2 2 2 2 2 9 9 9 2 9 2 2 2 9 8 9 10 10 2 2 2 2 2 9 2 2 2 9 2 2 2 2 2 10 10 2 2 2 9 2 2 2 2 2 9 2 2 2 2 9 2 2 10 9 2 2 9 2 2 2 9 9 9 2 2 8 9 2 2 9 2 10 2 2 9 9 8 9 8 2 2 2 9 2 2 9 9 9 9
left_child=1 7 13 4 11 15 -6 39 33 12 25 35 23 -2 -15 16 81 49 -14 20 72 -22 80 38 -25 26 69 -28 -29 110 -10 -32 -33 -4 -18 55 37 -37 -9 66 41 -41 43 -8 -44 46 47 -46 -49 50 84 -52 70 -54 56 -3 -55 58 59 -36 -61 -62 64 65 -59 78 67 68 -1 107 105 -72 -17 75 85 76 -48 108 -64 -70 -23 82 83 -5 -12 -30 -47 97 -20 -90 -27 -43 96 94 95 -94 -67 98 -88 -51 -79 102 -95 -104 -84 -7 -99 -11 109 -19 114 116 124 -114 120 -116 -112 -118 119 125 123 -115 -123 -21 -113 -117
right_child=2 3 8 5 6 52 42 9 30 10 17 -13 18 14 -16 19 34 77 88 29 21 22 -24 24 -26 90 27 28 74 -31 31 32 -34 -35 57 36 -38 -39 -40 40 -42 91 44 -45 45 86 73 48 -50 99 51 -53 53 54 -56 -57 -58 62 -60 60 61 -63 63 -65 -66 92 -68 -69 79 -71 71 -73 -74 -75 -76 -77 -78 100 -80 -81 -82 -83 104 -85 -86 -87 87 -89 89 -91 -92 -93 93 101 -96 -97 -98 106 -100 -101 -102 -103 103 -105 -106 -107 -108 -109 -110 -111 111 112 113 121 115 118 117 -119 -120 -121 -122 122 -124 -125 -126 -127
leaf_value=0.0036022283872585987 -0.078663832867311101 0.0012598884608724331 -0.0040566744592845667 -0.041978288785948489 0.0001869085577327775 -0.043326842673484564 -0.016311730462948679 0.023063984996731641 0.00097801308428850219 0.006705128550370568 0.0078348528955296121 0.0052329232933987649 -0.03489063926531296 0.0011650855161926962 -0.063264063105863674 -0.0070965428820405933 0.01203925642517396 0.0061442188501823177 0.0022159837518703528 -0.0016335968873178756 0.011775543477146747 -0.040269282825591578 -0.098670695251888707 -0.072794433832168576 0.00017669102853687946 -0.0099243810496150373 0.0023869515922090682 -0.01222309194057874 -0.032744867278323056 -0.00023842031163240774 -0.015969982390944291 -0.090931393283384815 -0.024882963913158303 0.051419692116564719 -0.0078272557725411682 -0.0049848237058488492 -0.0080990270457533264 0.011964843323972919 0.0073346433931652435 0.0010728281055031677 0.016212977494607123 -0.026773078914750986 0.0012123354871333141 0.0068046654385161545 -0.00066676018257818084 0.0011115040894252592 -0.021477159592283874 -0.11065472215573417 -0.030734989650385531 -0.00042172111788230945 -0.00095235876217539359 -0.037183074066415425 0.00045691988636774794 -0.063682519581634553 -0.00084650291865014614 0.015985504904701985 -0.019247466972521082 0.0022173813972575776 0.00078963034259525136 -0.092091590900294826 -0.022278481925871358 -0.070860083380355196 0.040082195985707496 -0.0037530181648095253 -0.0064167356434814381 -0.010707791544815869 0.015125170826535759 0.0093165827765106374 -0.028774254166370708 -0.0011921011595767105 0.0034441152556017808 0.016353438132026311 0.028612069645969886 -0.0099789391726655078 -0.019455304372319585 -0.0082233622059460117 -0.091387131255154214 0.012612869519296105 -0.010591633720323443 0.013741966783418319 -0.013033715243721657 -0.0028275690993986467 -0.02647351250656553 0.004221360779830304 0.033191890874565047 -0.07240705342853769 -0.053169002473785323 -0.006198960484537875 -0.0065139686851137801 0.0020448559811784266 -0.00033507386544047349 0.012346306672608035 -0.0026156712692300211 0.026057537443151601 0.0026137899624366118 -0.062512031606553733 -0.029709903714988065 0.018484948370822291 -0.019673177035000631 -0.0082879848648119651 -0.0018328093568749917 -0.017476976431188597 0.00715742162168026 -0.046537013796659615 -0.074868875922275188 -0.0023862578091848261 -0.012784206756660747 -0.011216109455072204 0.014314466290231117 -0.0028939352154928244 -0.021409725912178296 0.014419143129760205 -0.035777823578227549 -0.0082670273378580711 0.0018783386218214401 -0.010731862520547013 -0.081970150139311262 -0.030382059371715106 -0.0038957053440891779 -0.012265737339062813 -0.0022834019197701598 0.025808424179543966 -0.0061091589913243021 0.0043869622620613512 -0.0015711712889044432 0.0026629137309618217
leaf_weight=2340 404 12619 301 103 12907 102 1750 1087 201 526 2415 25872 227 176 142 346 643 11214 38573 7892 217 309 134 105 375 2000 1247 3729 371 40471 246 161 102 115 1240 3245 6810 2088 9494 4887 883 616 2517 3052 115 1305 118 186 183 4571 402 322 22441 127 852 982 439 3754 1064 140 414 217 125 5272 11010 746 3064 5625 438 9355 3265 2170 253 1156 686 176 108 825 159 127 973 34698 147 508 297 152 177 3699 6389 7858 17374 125 241 227 1341 143 1235 161 1532 5551 6942 4258 114 119 118 767 1675 4022 1742 2463 493 608 421 10304 7367 1493 260 333 36044 7389 33952 346 707 9564 16926 1895
leaf_count=2340 404 12619 301 103 12907 102 1750 1087 201 526 2415 25872 227 176 142 346 643 11214 38573 7892 217 309 134 105 375 2000 1247 3729 371 40471 246 161 102 115 1240 3245 6810 2088 9494 4887 883 616 2517 3052 115 1305 118 186 183 4571 402 322 22441 127 852 982 439 3754 1064 140 414 217 125 5272 11010 746 3064 5625 438 9355 3265 2170 253 1156 686 176 108 825 159 127 973 34698 147 508 297 152 177 3699 6389 7858 17374 125 241 227 1341 143 1235 161 1532 5551 6942 4258 114 119 118 767 1675 4022 1742 2463 493 608 421 10304 7367 1493 260 333 36044 7389 33952 346 707 9564 16926 1895
internal_value=-0.00140911 -0.00130285 -0.0311637 -0.00225303 -0.000169838 -0.00287329 -0.00436849 0.000852463 -0.0143371 0.000243073 -0.00137696 0.00233698 0.00216873 -0.0563716 -0.02966 -0.00335979 -0.00523292 0.00143698 0.000979505 -0.00264615 -0.0139395 -0.0218563 -0.0271693 0.00786545 -0.0159039 -0.00399675 -0.00656979 -0.0128093 -0.0166465 -0.00250338 -0.0295933 -0.041644 -0.0655069 0.0113659 -0.00748 -0.000575271 -0.00382011 0.00164929 0.00895257 0.00557223 0.000708369 -0.00172666 -0.00764704 -0.0016377 -0.00984528 -0.0124717 -0.0254652 -0.0533839 -0.0712099 -0.00233084 0.00477924 -0.0168625 0.00110623 -0.000296947 -0.0122215 0.00232248 -0.0293126 -0.00787847 -0.0154329 -0.0240122 -0.0499986 -0.0384627 -0.00707253 -0.0100801 -0.00422421 -0.0139097 0.0083082 0.00585805 -0.00083968 -0.0037933 0.00640641 0.0086004 0.00787699 -0.0163164 -0.0302687 -0.0348753 -0.0528143 0.00364083 0.0117744 -0.0192101 -0.0196246 -0.00318074 -0.0169612 -0.00362266 0.010584 -0.0443881 -0.00938008 -0.011256 0.0011345 -0.0017935 -0.00133075 -0.0201662 -0.0147769 -0.0123798 -0.00352939 -0.0250253 -0.0225631 -0.0165613 -0.0234602 -0.00474465 -0.000296983 -0.0155738 0.00170496 -0.0220305 -0.0482236 -0.00723599 -0.00994844 -0.00914241 0.00562431 0.00451651 -0.00317742 -0.00510762 -0.00385868 -0.00809761 -0.00262172 -0.00421434 -0.038394 -0.0531007 -0.0051739 -0.0094481 -0.000941938 -0.00707558 0.00457992 0.00166666 -0.00100801 -0.00325543
internal_weight=519596 517748 1848 359329 82433 276896 30817 158419 1126 140314 76206 51616 64108 722 318 246733 68036 36744 53047 178697 2232 1633 1416 11061 480 39462 20088 6185 4938 176465 710 509 263 416 32462 25744 12143 5333 10581 18105 6511 5628 17910 4802 13108 10591 2042 484 369 13558 3436 724 30163 23859 1418 13601 566 31819 3075 2011 771 631 28744 13980 14764 8708 11594 8530 2905 13903 6304 5435 599 1558 1209 402 226 23186 284 565 1282 35574 876 611 2712 523 8549 7244 52820 14247 19374 741 8424 6443 1725 384 1981 3545 1709 10122 7767 4718 460 233 265 869 1836 4548 15419 13677 135994 30398 29312 11778 105596 54188 1086 593 46821 10777 51408 11357 1053 17456 17534 3388
internal_count=519596 517748 1848 359329 82433 276896 30817 158419 1126 140314 76206 51616 64108 722 318 246733 68036 36744 53047 178697 2232 1633 1416 11061 480 39462 20088 6185 4938 176465 710 509 263 416 32462 25744 12143 5333 10581 18105 6511 5628 17910 4802 13108 10591 2042 484 369 13558 3436 724 30163 23859 1418 13601 566 31819 3075 2011 771 631 28744 13980 14764 8708 11594 8530 2905 13903 6304 5435 599 1558 1209 402 226 23186 284 565 1282 35574 876 611 2712 523 8549 7244 52820 14247 19374 741 8424 6443 1725 384 1981 3545 1709 10122 7767 4718 460 233 265 869 1836 4548 15419 13677 135994 30398 29312 11778 105596 54188 1086 593 46821 10777 51408 11357 1053 17456 17534 3388
cat_boundaries=0 2 4 6 8 9 11 13 14 15 17 18 20 21 22 24 25 27 29 31 33 35 36 38 40 41 43 44 45 46 47 49 50 52 54 56 58 59 61 63 65 67
cat_threshold=423901910 170 269484034 8192 540541993 19728 20 2 12 150997506 128 78299145 837 2562 1048576 672809 2128 10 102760448 1 1 10 32777 833 2 1073823744 1 1073823744 65 8388608 8704 4224 8 33685504 9280 1024 0 2064 33685504 4096 1 100663296 12288 150994944 16384 8 2147483648 4194368 40 32 0 512 1073741824 16640 42991616 9221 3791650816 21252 2 2147483648 4096 536870912 516 33554432 1024 65536 1025
is_linear=0
shrinkage=0.03


Tree=53
num_leaves=127
num_cat=39
split_feature=0 5 5 5 0 0 0 5 12 0 12 13 11 5 26 5 5 23 23 5 27 23 27 22 5 11 5 11 12 27 20 5 5 20 23 27 2 5 0 27 0 4 0 5 28 0 0 28 29 11 5 5 27 0 27 12 0 5 5 5 0 0 24 0 20 26 13 11 31 5 0 4 27 5 0 27 5 4 24 0 0 12 5 23 27 5 2 0 5 12 5 27 0 26 11 5 31 5 27 26 11 27 20 11 5 27 5 0 23 27 5 0 0 13 27 31 23 0 21 22 2 5 5 27 0 0
split_gain=1761.71 1058.11 782.854 593.4 591.597 504.549 436.562 604.733 410.671 700.786 1175.21 757.329 696.852 488.098 457.299 439.134 382.08 520.19 362.009 356.996 397.278 658.122 322.56 546.69 403.651 329.836 312.036 626.931 603.954 482.076 424.038 298.707 265.672 264.977 300.871 257.274 250.617 339.841 575.934 383.13 246.469 710.937 291.614 309.771 243.168 241.98 476.886 233.011 228.229 305.651 495.814 287.552 278.992 235.215 216.796 209.272 204.386 1089.56 202.323 202.028 367.737 379.011 200.592 199.585 199.069 192.088 191.417 346.282 216.048 203.759 247.247 539.419 560.847 190.412 359.14 232.16 189.859 187.005 185.348 186.092 241.908 181.559 180.902 179.375 176.775 517.385 176.351 174.885 173.283 380.51 172.659 448.242 166.793 157.215 154.249 151.086 149.482 179.554 145.61 145.512 143.838 139.617 139.127 138.128 176.873 209.473 139.546 354.974 174.591 137.866 137.044 357.693 1389.45 364.755 271.748 184.689 136.954 136.439 226.979 140.368 135.352 173.262 158.703 149.202 134.602 133.473
threshold=13030.000000000002 0 1 2 1560.0000000000002 1715.0000000000002 325.00000000000006 3 -0.72102889418601979 1280.0000000000002 0.86004966497421276 14.500000000000002 -0.11692013591527937 4 0.13882523775100711 5 6 0.07194120436906816 0.12977331131696704 7 0.098654624074697508 0.081555202603340163 0.053263295441865928 -0.42448458075523371 8 0.49812944233417517 9 -0.35846811532974238 0.10623887926340105 0.15550526976585391 91.500000000000014 10 11 76.500000000000014 0.093464292585849776 0.1575826704502106 12 13 1225.0000000000002 0.16058247536420825 225.00000000000003 14 155.00000000000003 15 0.094471801072359099 90.000000000000014 155.00000000000003 0.090328950434923186 0.048529487103223808 0.091259401291608824 16 17 0.064750330522656455 61.500000000000007 0.16058247536420825 0.020426410250365738 1940.0000000000002 18 19 20 90.000000000000014 225.00000000000003 0.9766027331352235 61.500000000000007 75.500000000000014 0.044043602421879775 39.500000000000007 0.10837544873356821 0.063124977052211775 21 1100.0000000000002 22 0.14242830872535708 23 90.000000000000014 0.05270845256745816 24 25 0.94705945253372203 61.500000000000007 45.000000000000007 0.6174544394016267 26 0.05960375256836415 0.16058247536420825 27 28 6250.0000000000009 29 -0.39827153086662287 30 0.10038758814334871 325.00000000000006 0.021370556205511097 0.77244481444358837 31 0.037470012903213508 32 0.084925193339586272 0.19185426831245425 0.45273815095424658 0.055219287052750594 48.500000000000007 0.66527691483497631 33 0.053263295441865928 34 90.000000000000014 0.056448934599757201 0.12240357697010042 35 950.00000000000011 850.00000000000011 39.500000000000007 0.098019190132617964 0.033771071583032615 0.058227287605404861 950.00000000000011 0.070677299052476897 -0.43416166305541987 36 37 38 0.059393314644694335 325.00000000000006 45.000000000000007
decision_type=2 9 9 9 2 2 2 9 2 2 2 2 2 9 10 9 9 8 10 9 2 8 2 10 9 2 9 2 2 2 2 9 9 2 10 2 9 9 2 2 2 9 2 9 10 2 2 10 10 2 9 9 2 2 2 2 2 9 9 9 2 2 2 2 2 8 2 2 8 9 2 9 2 9 2 2 9 9 2 2 2 2 9 8 2 9 9 2 9 2 9 2 2 8 2 9 10 9 2 10 2 2 2 2 9 2 9 2 8 2 9 2 2 2 2 10 10 2 10 10 9 9 9 2 2 2
left_child=1 3 -2 47 8 6 7 44 12 14 11 -11 15 36 19 120 22 -18 32 40 33 -22 23 24 -8 -26 27 29 -28 81 -30 -6 -16 103 -35 -29 102 38 -38 -40 41 -10 58 -44 45 63 95 78 49 52 53 116 88 101 -39 98 57 -7 -43 60 -54 -62 -19 -5 -17 -23 67 -64 -69 70 -68 72 -72 75 -75 -52 -57 -33 -1 80 -80 -4 86 99 -24 -86 -70 -58 89 -9 -67 94 -36 -78 -92 -47 -94 -98 -45 -34 -15 -51 -14 106 105 -105 107 -21 -108 -73 111 112 114 -114 115 -42 -50 118 -20 -119 122 -122 123 -3 -124 -60
right_child=2 4 26 5 31 56 16 48 9 10 -12 -13 13 100 18 64 17 62 117 20 21 65 84 -25 25 -27 28 35 30 -31 -32 77 83 34 92 -37 37 54 39 -41 110 42 43 55 -46 46 -48 -49 51 50 73 -53 59 -55 -56 76 87 -59 125 -61 61 -63 66 -65 -66 90 69 68 82 -71 71 109 -74 74 -76 -77 93 -79 79 -81 -82 -83 -84 -85 85 -87 -88 -89 -90 -91 91 -93 96 -95 -96 -97 97 -99 -100 -101 -102 -103 -104 104 -106 -107 108 -109 -110 -111 -112 -113 113 -115 -116 -117 -118 119 -120 -121 121 -123 124 -125 -126 -127
leaf_value=0.016414037133905296 -0.068604190092820386 -0.0013329087713827299 -0.01308980867301667 0.0062819176752945977 -0.010577018786244712 -0.10755044489137588 -0.022955519299478734 0.013150023826489258 -0.063715457588575469 -0.05937576768950361 -0.11160619780421258 0.042877532232752334 0.0075211501875751168 0.00048687785038946401 -0.00068137674709332777 0.007141398720339585 -0.042188567965792921 -0.0025456177514128074 -0.015232730248011648 -0.024105902818053665 -0.046315648390187154 -0.02691543319392322 0.0067149989534609532 0.019196899247138206 0.01488662457602577 -0.024217384167096245 0.02886054394614309 -0.0246345308281667 0.002989681409854515 -0.10954664176640412 -0.068089838811755177 0.025030307610244242 0.010951629632745275 0.0011468950828500326 -0.011871955979865144 0.021077411556383596 -0.08797132685015055 -0.015230926447761825 0.0010403178226821414 -0.061539105747506255 -0.0037824713392611564 -0.019897218101434782 0.026188219069473204 0.002442423709117892 0.014248491259839596 -0.010946294306793251 0.0024363606358496783 0.017346883334983011 0.015490213357193562 -0.051693686645919987 -0.051559762725872649 -0.003326120966621238 -0.050151372037637511 0.0022456292809511069 0.0019212484140277259 -0.004294255567391948 -0.0079545459549106006 0.020398781316887053 0.018287910106024638 -0.0049226610914314848 -0.002798054964662006 -0.026199887695898746 0.0039642532836932269 0.032065269646078053 0.0018193582793870769 -0.0065043034423205911 -0.0025690668895883874 0.0029239592792457652 0.020872098505838897 0.00033191880883675062 -0.086770921874919832 0.0079426166144146177 -0.0049021647958112742 0.024288099751206514 -0.013889252197811572 -0.019453212530071814 -0.0064076143036871942 0.0081281716228985921 0.024814326276241892 0.0045297192819071953 -0.0090960513493860938 -0.066361491766948152 -0.0023356815905599239 0.0080117474803726718 -0.053264606309530789 0.012982833106423718 0.0016608579950153494 -0.050529961235382982 -0.0041734067524755681 -0.0020689725007981574 -0.021296278273473572 -0.0016102814278473358 0.012689825662929149 -0.020570399435929212 -0.066877370218893409 -0.0028491167722252348 0.0097024351800586248 -0.0047294056704315843 -0.02030597167015499 -0.024399447929269322 -0.0049706279039592911 -0.007681825200653131 -0.0065179224415115172 0.0024802333451768533 -0.0044375425550799777 -0.019872274783829375 0.010855090030554234 0.0027349497600727955 -0.0043762281307991304 -0.013138120787564751 -0.0039158291269095124 0.0035979652464951609 -0.11590791292905807 -0.047535540022786905 -0.052857601445568496 -0.022819259945481396 0.0023132367417132717 0.0094574037697981953 -0.064751299601690529 -0.017617995888114937 0.0046322901266890237 -0.012294941681944432 0.002126307674245573 0.015814562124701888 -0.019534339472141192 -0.0032149365704251518
leaf_weight=1059 379 1203 132 2506 658 113 1251 1993 210 121 143 139 692 16600 12210 11923 259 19037 299 474 350 357 16689 660 648 276 279 360 152 125 149 717 164 35519 2139 159 145 2661 282 127 2669 638 175 1088 1232 3371 19635 1294 1192 117 230 7989 238 2735 883 1115 588 115 270 6495 1713 978 32270 302 13474 22287 6947 13866 561 22346 173 382 133 236 3471 1689 851 3295 212 16776 1705 102 26523 6369 161 271 1760 101 9597 5719 165 14622 539 4155 113 5428 838 9168 329 287 5887 145 7650 492 5858 1615 699 6676 20958 1031 36588 1412 124 166 120 553 1754 273 115 464 686 2593 484 735 552 6294
leaf_count=1059 379 1203 132 2506 658 113 1251 1993 210 121 143 139 692 16600 12210 11923 259 19037 299 474 350 357 16689 660 648 276 279 360 152 125 149 717 164 35519 2139 159 145 2661 282 127 2669 638 175 1088 1232 3371 19635 1294 1192 117 230 7989 238 2735 883 1115 588 115 270 6495 1713 978 32270 302 13474 22287 6947 13866 561 22346 173 382 133 236 3471 1689 851 3295 212 16776 1705 102 26523 6369 161 271 1760 101 9597 5719 165 14622 539 4155 113 5428 838 9168 329 287 5887 145 7650 492 5858 1615 699 6676 20958 1031 36588 1412 124 166 120 553 1754 273 115 464 686 2593 484 735 552 6294
internal_value=-0.00132894 -0.00122479 -0.0306477 0.000200426 -0.00251612 -0.000250401 -0.000159454 -0.00195787 -0.00270152 -0.00338026 -0.0428522 -0.00475475 -0.000660392 -0.00358204 -0.00330043 0.00256377 0.000815825 0.00020151 0.000981354 -0.00378149 -0.00287165 -0.00542636 0.00466998 -0.0046994 -0.0119562 0.00315851 -0.0201326 -0.0313833 -0.00283435 -0.062164 -0.0323048 0.00806812 0.00196982 -0.00173268 -0.000269472 -0.0106167 -0.00834706 -0.0144251 -0.0361529 -0.0184941 -0.00574954 -0.00903045 -0.00825628 -0.0123095 0.00118075 0.000665372 -0.000164457 0.00501618 -0.004159 -0.00533136 -0.0102424 -0.000372112 -0.00374692 -0.000358165 -0.0109272 -0.0132238 -0.0224459 -0.0470131 -0.00391438 -0.00790011 -0.0144326 -0.0113096 0.000289675 0.00906534 0.00431635 -0.00504395 0.000798935 0.00161884 -0.000153314 -0.0011834 -0.00508487 -0.0152742 -0.0513193 -0.0154787 -0.0114221 -0.0232053 -0.0156461 0.0111266 0.00421007 0.00351785 -0.00533494 -0.0364944 -0.00163268 0.0067069 0.00622433 -0.0127029 0.00638088 -0.0142598 -0.00148535 0.00186283 -0.00483326 -0.00232757 -0.0042355 -0.0181283 -0.0399971 -0.00596781 -0.00268551 -0.00351492 -0.00284991 -0.0115487 -0.000941612 -0.0274578 -0.00534616 -0.00365068 -0.00714722 -0.0145849 -0.00268369 0.000951118 -0.00388235 -0.00743742 -0.00455877 -0.00919482 -0.0141932 -0.0770685 -0.00871578 -0.00705587 0.00762244 -0.015349 -0.0291108 -0.00758948 -0.00455362 -0.00874995 8.8263e-05 0.00514864 -0.0093326 -0.00232426
internal_weight=519266 517429 1837 245972 271457 224926 224009 78765 266787 200210 403 260 66577 34927 199807 31650 145244 125288 20181 179626 122869 37894 19956 2835 2175 924 1458 878 580 359 301 4670 19030 84975 48203 519 12440 4098 554 409 56757 15125 14915 7713 32474 31242 28434 21046 46291 35356 8623 10935 26733 2997 3544 7538 917 228 7202 9424 2929 2691 125029 2808 25397 37544 105992 74980 42710 31012 8666 1719 306 5626 3707 1919 6121 4012 19752 18693 1917 234 28844 6820 17121 432 2321 689 17309 7712 37187 14900 12684 5006 278 8799 10545 10006 1417 451 22487 262 8342 36772 7965 2107 28807 7150 21657 1413 41632 5044 3632 290 3342 3222 2946 1151 414 737 6253 3279 2974 1938 1036 6564
internal_count=519266 517429 1837 245972 271457 224926 224009 78765 266787 200210 403 260 66577 34927 199807 31650 145244 125288 20181 179626 122869 37894 19956 2835 2175 924 1458 878 580 359 301 4670 19030 84975 48203 519 12440 4098 554 409 56757 15125 14915 7713 32474 31242 28434 21046 46291 35356 8623 10935 26733 2997 3544 7538 917 228 7202 9424 2929 2691 125029 2808 25397 37544 105992 74980 42710 31012 8666 1719 306 5626 3707 1919 6121 4012 19752 18693 1917 234 28844 6820 17121 432 2321 689 17309 7712 37187 14900 12684 5006 278 8799 10545 10006 1417 451 22487 262 8342 36772 7965 2107 28807 7150 21657 1413 41632 5044 3632 290 3342 3222 2946 1151 414 737 6253 3279 2974 1938 1036 6564
cat_boundaries=0 2 4 6 8 10 12 13 15 16 18 20 22 23 25 26 27 29 30 31 32 34 36 37 38 39 40 42 43 44 46 48 49 51 53 54 56 57 59 60
cat_threshold=2646883030 17578 268435458 8192 84 2 335812736 168 33783808 4101 2768905 320 4203010 672809 2112 512 571998208 2048 536936448 512 524288 532 6 131072 4096 2 1 8396800 16384 12583426 8388608 16384 25165824 16384 2415919104 16392 1 2 1032 1 2048 17408 8192 4 0 17408 1611694080 8464 2176 1073741824 1 1108377600 8192 1610645504 1025 64 10 9 256 2244608
is_linear=0
shrinkage=0.03


Tree=54
num_leaves=127
num_cat=33
split_feature=0 5 0 5 5 5 27 5 5 25 27 5 5 0 5 3 5 27 0 25 0 27 0 0 0 5 27 5 0 5 25 27 27 27 27 25 21 8 5 27 5 27 26 27 5 5 25 25 5 5 27 27 25 0 0 0 25 0 5 5 0 27 25 27 27 0 26 25 27 27 0 0 25 13 13 13 13 5 13 30 25 25 5 25 0 0 25 27 25 5 27 27 5 25 30 27 5 0 5 25 20 0 27 5 25 27 27 0 27 27 3 5 27 27 5 12 13 20 27 27 25 13 25 5 0 20
split_gain=1740.11 1020.32 675.56 1302.56 1143.21 757.452 787.396 1279.67 611.177 587.405 1198.07 605.068 520.061 757.887 1736.97 977.233 770.049 932.784 834.749 978.491 1094.62 647.634 605.774 554.904 977.831 928.731 874.561 783.818 844.853 519.295 517.414 916.012 516.355 504.145 484.301 474.261 472.99 490.901 435.296 425.573 423.693 419.806 873.971 564.495 679.388 512.128 437.788 383.844 381.118 375.78 357.144 594.572 348.289 414.635 764.187 347.306 341.288 339.623 1053.26 710.954 621.296 450.147 577.065 559.043 342.305 365.343 364.964 335.717 525.146 1265.36 652.995 449.816 349.505 333.893 323.138 320.557 311.2 393.168 635.026 488.375 309.316 679.028 331.216 301.05 297.901 1738.34 296.105 305.646 296.551 620.507 360.96 293.255 445.698 516.151 289.008 286.293 556.489 274.36 271.615 270.016 261.46 257.782 256.857 252.121 251.112 249.044 346.466 246.041 287.829 483.92 326.124 245.474 263.058 245.211 328.667 243.964 242.456 272.33 342.955 242.235 497.769 330.628 239.951 423.346 334.503 281.553
threshold=13030.000000000002 0 325.00000000000006 1 2 3 0.059944719076156623 4 5 17.500000000000004 0.086274277418851866 6 7 715.00000000000011 8 9 10 0.10038758814334871 1280.0000000000002 82.500000000000014 1940.0000000000002 0.095947422087192549 950.00000000000011 715.00000000000011 950.00000000000011 11 0.086274277418851866 12 615.00000000000011 13 26.500000000000004 0.11874964460730554 0.089248880743980422 0.052256155759096153 0.058846931904554374 102.50000000000001 0.058555098250508315 8.5000000000000018 14 0.1045757830142975 15 0.058846931904554374 0.065306846052408232 0.064750330522656455 16 17 120.50000000000001 113.00000000000001 18 19 0.051913643255829818 0.058047603815793998 47.500000000000007 425.00000000000006 475.00000000000006 225.00000000000003 15.500000000000002 950.00000000000011 20 21 850.00000000000011 0.089248880743980422 38.500000000000007 0.08212983608245851 0.10038758814334871 1560.0000000000002 0.091656714677810683 46.500000000000007 0.10945477336645128 0.12240357697010042 1225.0000000000002 1100.0000000000002 61.500000000000007 30.500000000000004 28.500000000000004 39.500000000000007 39.500000000000007 22 27.500000000000004 0.15649483352899554 69.500000000000014 82.500000000000014 23 97.500000000000014 475.00000000000006 425.00000000000006 117.50000000000001 0.051913643255829818 84.500000000000014 24 0.058047603815793998 0.058047603815793998 25 140.50000000000003 0.1661387383937836 0.064750330522656455 26 1225.0000000000002 27 149.50000000000003 74.500000000000014 1410.0000000000002 0.1575826704502106 28 42.500000000000007 0.076740767806768431 0.086274277418851866 90.000000000000014 0.053855204954743392 0.053263295441865928 29 30 0.084925193339586272 0.076740767806768431 31 0.46611291170120245 37.500000000000007 74.500000000000014 0.098019190132617964 0.16058247536420825 31.500000000000004 24.500000000000004 68.500000000000014 32 1225.0000000000002 44.500000000000007
decision_type=2 9 2 9 9 9 2 9 9 2 2 9 9 2 9 1 9 2 2 2 2 2 2 2 2 9 2 9 2 9 2 2 2 2 2 2 8 2 9 2 9 2 10 2 9 9 2 2 9 9 2 2 2 2 2 2 2 2 9 9 2 2 2 2 2 2 10 2 2 2 2 2 2 2 2 2 2 9 2 10 2 2 9 2 2 2 2 2 2 9 2 2 9 2 10 2 9 2 9 2 2 2 2 9 2 2 2 2 2 2 1 9 2 2 9 2 2 2 2 2 2 2 2 9 2 2
left_child=1 75 3 48 9 38 7 99 -2 10 11 -4 13 14 15 35 17 22 21 -20 39 -18 32 27 26 36 -25 104 29 95 31 -19 -15 -13 49 52 -26 -38 -6 -21 -16 42 45 46 -45 -5 -43 74 55 -9 -11 103 -8 -54 -55 -3 -57 58 60 -59 61 63 -63 -53 105 66 -66 -39 72 97 71 -71 -69 -41 94 101 77 78 102 -79 82 -82 -47 -72 85 -37 87 -51 89 -89 -90 92 93 -40 -24 -29 -97 -70 116 -7 -78 -1 -10 -52 -14 -61 -107 -84 109 -109 -111 -46 -113 114 -60 -94 -30 118 -118 -93 121 -121 123 125 -125 -23
right_child=8 2 4 41 5 6 12 34 76 50 -12 33 23 16 40 -17 18 30 19 20 -22 122 47 24 25 -27 -28 28 98 -31 -32 -33 -34 -35 -36 84 37 67 91 73 -42 43 -44 44 111 80 -48 -49 -50 86 51 57 53 54 -56 56 -58 59 113 64 -62 62 -64 -65 65 -67 -68 68 69 70 83 -73 -74 -75 -76 -77 100 79 -80 -81 81 -83 107 -85 -86 -87 -88 88 90 -91 -92 119 115 -95 -96 96 -98 -99 -100 -101 -102 -103 -104 -105 -106 106 -108 108 -110 110 -112 112 -114 -115 -116 -117 117 -119 -120 120 -122 -123 -124 124 -126 -127
leaf_value=0.0048690508373520746 -0.063737004507671696 -0.0015549248818584307 -0.066680322188523503 -0.006963197008447706 0.037263942182566345 0.010811929115310127 0.013352654694226153 9.9731415332997999e-05 -0.035938221895939683 -0.012675395509157349 -0.0018434710876986267 -0.073892374198611013 -0.013012206537583532 -0.011397244219779968 0.012910642286044122 -0.094747833321978156 0.0057988951848706536 -0.0021765175179282634 0.0086071262133943227 -0.034220160906927449 -0.010677888459332558 -0.069432831299536438 -0.013380479895019838 -0.1174927954884564 -0.070761913595455028 0.0014209117730562828 -0.0086732713981094601 -0.0035188386865094082 0.0083203116101237262 0.0056582237959258317 -0.00033539842094406936 -0.10937469957071706 -0.096295581764645047 -0.017443476790619198 0.0057301656730033611 0.0046676002704177273 -0.0025320039945959014 -0.0040887678356687227 -0.022944983551268557 -0.12627517155879092 -0.0028489019933482873 0.0011321857637815568 -0.0011677902767250777 -0.0019903035284018957 -0.011040431867281594 -0.0024535911043039398 -0.051614827534535543 -0.020962976292755633 -0.0015266251624658062 -0.015682572470799377 0.024401254726856208 -0.023007291547859403 -0.005943339238516413 -0.098798137810081246 -0.024449773662400812 -0.015272657920347429 0.010241522091486226 0.016863695693522893 0.014167953514092309 -0.012815944746255092 -0.091281664659990408 -0.021561612259064399 -0.10508605405574536 0.041960877120494844 -0.011633508523834738 0.0053927978427678351 -0.058112948396403317 -0.028360830002986968 -0.056222304794164839 -0.030889861295931038 -0.00081793296290369943 -0.1035274445696881 0.00065924948298867162 -0.056465712363280136 -0.0021750718509773921 -0.00055060385109207083 -0.019672861042553964 0.019028792080516884 -0.087283352163102887 -0.051982063336504826 -0.029996805468478268 -0.0081205311454901792 -0.038105361903484423 -0.0337174124394099 -0.0047887731668887629 -0.10643089936020668 0.014779741960403374 0.016917756903679255 -0.0079977362481436706 -0.0073979075803233358 -0.047958679042252782 0.0059229562188138542 -0.0047758023415884771 0.016150006100773637 0.0033543873865951499 -0.0046392434395134581 -0.046292254112195223 -0.1085525645824693 0.013189510814318314 -0.0088644559451774383 -0.064024182383618927 -0.014908689634327512 0.021047727757220646 0.0042564910062671719 -0.00082257825084757505 0.012647293353358844 -0.0019217483670018072 -0.011359529588737084 -0.0020457668110851457 -0.026486149761367754 -0.070664054311019478 -0.017306521217021361 -0.042127264055485954 -0.0092571211265929775 -0.0042970955739458977 0.010123900833461033 0.01181416799231331 0.0024216803578434114 -0.055849323747088994 -0.081722599274466901 0.0066191773874144681 -0.015245553838401475 0.00012381456514504611 -0.011520061914435994 0.0026491759308314429 -0.017602792446442431
leaf_weight=33086 385 5383 423 14979 345 14196 252 20422 145 4237 2107 163 2237 124 1702 142 18317 210 568 134 466 102 7582 122 104 36616 145 1358 1926 2939 22527 108 134 1091 8938 440 9377 2240 1418 166 14805 14626 11479 8314 4497 2597 142 2255 55598 3266 722 1445 1091 127 4619 506 6827 1597 1161 1301 132 174 130 129 4897 1190 156 510 216 239 1047 113 1388 102 5797 16878 252 451 134 107 3012 2218 392 328 3628 177 528 1253 739 3727 280 22830 1794 386 1058 647 525 160 10791 656 229 603 138 2422 4748 1879 6720 3822 1493 1283 170 1431 526 4788 3329 2202 100 494 204 116 507 160 31022 2400 3993 1145
leaf_count=33086 385 5383 423 14979 345 14196 252 20422 145 4237 2107 163 2237 124 1702 142 18317 210 568 134 466 102 7582 122 104 36616 145 1358 1926 2939 22527 108 134 1091 8938 440 9377 2240 1418 166 14805 14626 11479 8314 4497 2597 142 2255 55598 3266 722 1445 1091 127 4619 506 6827 1597 1161 1301 132 174 130 129 4897 1190 156 510 216 239 1047 113 1388 102 5797 16878 252 451 134 107 3012 2218 392 328 3628 177 528 1253 739 3727 280 22830 1794 386 1058 647 525 160 10791 656 229 603 138 2422 4748 1879 6720 3822 1493 1283 170 1431 526 4788 3329 2202 100 494 204 116 507 160 31022 2400 3993 1145
internal_value=-0.00132771 -0.00122413 -0.00166241 -0.00341258 -0.000918565 -0.000255977 -0.000779201 0.00244144 -0.0304345 -0.00565695 -0.0169067 -0.03582 -0.00163282 -0.00283338 -0.00728666 -0.0168332 -0.00161008 -0.00482784 0.000582776 -0.0219991 -0.0420141 0.00115237 -0.0101611 0.000280382 -0.00149093 -0.00119823 -0.0586489 0.00386853 0.00702783 -0.00291693 -0.000872667 -0.0388122 -0.0556933 -0.0246376 -0.000403962 -0.0157698 -0.00729409 -0.00687162 0.00427495 -0.0782224 -0.00121645 -0.00625815 -0.00820669 -0.00352588 -0.00767307 -0.0109029 0.000621542 -0.00945399 -0.000454884 -0.00221878 -0.00448888 -0.00341037 -0.0211356 -0.0226266 -0.0264597 0.00422835 0.00847912 -0.00475263 -0.0088204 -0.00216394 -0.0284481 -0.0241369 -0.0575067 -0.0176594 -0.00405518 -0.00955827 -0.0130797 -0.0133904 -0.0185957 -0.0289178 -0.0180358 -0.0544354 -0.00714939 -0.100015 -0.007655 0.00282344 -0.0210092 -0.011391 -0.0329547 0.00524947 -0.0148253 -0.0207226 -0.0116776 -0.00868475 -0.00806989 -0.0273241 -0.00704616 -0.00829905 -0.00427734 -0.00125865 -0.0190144 0.00387422 -0.00216833 -0.0144953 -0.0113311 -0.0128482 -0.0237556 -0.0787194 0.0110572 0.00993561 -0.0408772 0.00451462 -0.00817375 0.00898002 -0.00472095 -0.000588377 0.00126289 -0.0149981 -0.0136764 -0.0169673 -0.0317 -0.0149659 -0.023874 -0.00453007 0.000501568 0.0034266 0.00255067 -0.0113356 -0.0336258 0.0053601 -0.0110377 -0.0433793 -0.00104912 -0.00581118 -0.00266691 -0.0217205
internal_weight=519426 517585 467018 139295 327723 287530 257772 54005 1841 40193 3784 1677 203767 125193 26983 10476 98210 39795 58415 1436 868 56979 16950 78574 52605 52338 267 25969 18984 5469 22845 318 258 1254 39153 10334 15722 15618 29758 402 16507 70981 41445 29536 14768 29966 14768 16692 68314 30215 36409 32172 6089 5837 4746 12716 7333 29028 11288 17740 2010 1878 304 1574 16143 6243 5053 6241 4001 2103 1727 352 1898 268 14437 50567 1456 975 417 558 14987 5230 9757 1375 4245 617 9793 9265 5999 4980 1019 29413 5800 1804 8640 2530 1172 376 13515 14852 481 33689 283 3144 6985 9900 8599 7160 6768 5275 1453 6454 1957 9278 4490 3996 2724 798 304 23613 783 276 38662 7640 6393 1247
internal_count=519426 517585 467018 139295 327723 287530 257772 54005 1841 40193 3784 1677 203767 125193 26983 10476 98210 39795 58415 1436 868 56979 16950 78574 52605 52338 267 25969 18984 5469 22845 318 258 1254 39153 10334 15722 15618 29758 402 16507 70981 41445 29536 14768 29966 14768 16692 68314 30215 36409 32172 6089 5837 4746 12716 7333 29028 11288 17740 2010 1878 304 1574 16143 6243 5053 6241 4001 2103 1727 352 1898 268 14437 50567 1456 975 417 558 14987 5230 9757 1375 4245 617 9793 9265 5999 4980 1019 29413 5800 1804 8640 2530 1172 376 13515 14852 481 33689 283 3144 6985 9900 8599 7160 6768 5275 1453 6454 1957 9278 4490 3996 2724 798 304 23613 783 276 38662 7640 6393 1247
cat_boundaries=0 2 4 6 8 10 12 13 15 16 17 19 21 23 25 26 28 30 32 34 36 38 40 42 44 46 47 49 51 52 53 55 56 58
cat_threshold=407109716 10 1143511169 18400 1141424129 64 74282 1 2190607360 9252 268435458 8192 524288 548537344 11780 547357696 2 1179648 2052 2147485696 16656 33554560 32 2048 16512 32 0 4 33621514 2049 8537640 4096 67665921 96 538970112 18448 524288 64 524288 64 168820736 2048 2 2048 16777216 512 512 0 16384 16777216 4096 1140883456 2 8396832 16 1073774592 0 512
is_linear=0
shrinkage=0.03


Tree=55
num_leaves=127
num_cat=32
split_feature=0 5 0 5 0 12 5 25 13 25 0 5 0 5 0 27 5 0 25 23 11 13 23 5 12 20 12 27 12 0 5 27 29 27 30 25 0 11 5 0 26 20 25 5 0 27 4 27 25 25 27 5 0 11 23 27 20 25 30 29 23 23 0 0 5 5 21 27 0 27 25 25 27 4 25 5 25 4 28 25 27 13 0 5 27 27 5 5 0 5 25 27 5 25 25 27 20 0 5 5 5 21 27 0 5 27 0 27 12 5 5 25 11 4 25 12 0 0 5 0 0 25 0 27 5 5
split_gain=1745.64 1000.22 743.537 721.697 592.56 556.211 537.367 415.15 446.085 621.415 423.04 1295.84 1283.8 646.33 510.443 455.519 611.127 678.452 475.635 382.868 362.307 773.862 651.166 587.368 341.529 876.944 518.724 340.682 329.746 311 662.951 539.369 393.311 369.343 568.097 306.927 971.325 301.832 331.974 301.128 291.92 291.288 290.814 286.132 357.846 286.383 480.628 1213.45 284.565 284.507 284.052 276.539 273.363 271.426 270.23 267.889 263.333 250.104 246.224 244.611 242.721 242.604 230.132 278.061 310.89 228.115 227.768 225.972 223.317 451.698 293.756 255.911 217.232 215.283 209.59 204.415 203.178 202.426 201.019 211.623 256.921 311.95 199.45 196.495 214.303 234.576 399.428 234.146 195.682 679.035 192.985 199.02 655.674 190.214 522.492 550.126 441.003 299.646 1356.07 280.543 270.368 264.338 259.044 481.883 637.014 295.725 288.981 344.64 423.763 209.183 205.786 190.161 216.511 497.841 436.754 187.812 185.702 182.344 182.298 298.018 510.864 539.68 509.204 295.018 283.543 233.885
threshold=13030.000000000002 0 1560.0000000000002 1 1715.0000000000002 0.10623887926340105 2 57.500000000000007 39.500000000000007 52.500000000000007 850.00000000000011 3 950.00000000000011 4 90.000000000000014 0.08212983608245851 5 1225.0000000000002 77.500000000000014 0.07194120436906816 0.40614137053489691 36.500000000000007 0.03195008076727391 6 -0.78858226537704457 67.500000000000014 -0.90892156958580006 0.10945477336645128 0.71952396631240856 325.00000000000006 7 0.049178216606378562 0.12510562688112262 0.052256155759096153 0.10731760039925577 73.500000000000014 1940.0000000000002 -0.082689788192510591 8 61.500000000000007 0.019731768406927589 34.500000000000007 72.500000000000014 9 90.000000000000014 0.11874964460730554 10 0.12240357697010042 78.500000000000014 76.500000000000014 0.084925193339586272 11 850.00000000000011 0.77244481444358837 0.10042453557252885 0.049178216606378562 76.500000000000014 90.500000000000014 0.054781457409262664 0.14747717231512072 0.051437802612781532 0.12481230497360231 90.000000000000014 180.00000000000003 12 13 0.10722555592656137 0.095947422087192549 225.00000000000003 0.058846931904554374 63.500000000000007 86.500000000000014 0.16352472454309466 14 59.500000000000007 15 81.500000000000014 16 0.053337536752223975 3.5000000000000004 0.058047603815793998 35.500000000000007 1225.0000000000002 17 0.10038758814334871 0.092709075659513487 18 19 1280.0000000000002 20 65.500000000000014 0.089248880743980422 21 19.500000000000004 18.500000000000004 0.053263295441865928 86.500000000000014 225.00000000000003 22 23 24 0.053580235689878471 0.084925193339586272 325.00000000000006 25 0.064750330522656455 950.00000000000011 0.058047603815793998 0.49626980721950537 26 27 86.500000000000014 0.23537775129079822 28 78.500000000000014 -0.13398942351341245 950.00000000000011 135.00000000000003 29 325.00000000000006 950.00000000000011 49.000000000000007 615.00000000000011 0.092709075659513487 30 31
decision_type=2 9 2 9 2 2 9 2 2 2 2 9 2 9 2 2 9 2 2 8 2 2 10 9 2 2 2 2 2 2 9 2 10 2 10 2 2 2 9 2 8 2 2 9 2 2 9 2 2 2 2 9 2 2 8 2 2 2 10 10 8 10 2 2 9 9 10 2 2 2 2 2 2 9 2 9 2 9 10 2 2 2 2 9 2 2 9 9 2 9 2 2 9 2 2 2 2 2 9 9 9 8 2 2 9 2 2 2 2 9 9 2 2 9 2 2 2 2 9 2 2 2 2 2 9 9
left_child=1 2 7 28 6 49 78 8 9 66 11 14 115 67 -9 42 17 27 19 -18 21 37 23 -22 25 26 -21 48 53 31 55 -13 60 41 39 -6 -37 38 52 40 -35 -33 -15 44 73 -46 47 -47 -17 -5 51 68 -8 -2 -7 -31 -56 -58 -34 -20 -32 -16 -45 64 -64 -24 72 -14 117 70 -70 -71 93 -23 -53 -42 -43 -4 79 -3 111 -82 -49 -65 85 -85 -87 -88 -67 -90 -57 -92 -93 94 102 -96 -97 98 -95 101 -99 -100 103 110 105 -105 107 108 -106 -102 -1 112 114 -114 -81 -12 -107 -41 -10 125 121 122 124 -124 -121 -120
right_child=3 4 77 5 35 54 20 10 118 -11 12 29 13 15 61 16 18 -19 59 24 22 43 65 -25 -26 -27 -28 -29 -30 30 32 33 58 34 -36 36 -38 -39 -40 50 75 76 -44 62 45 46 -48 82 -50 -51 -52 74 -54 -55 56 90 57 -59 -60 -61 -62 -63 63 83 -66 88 -68 -69 69 71 -72 -73 -74 -75 -76 -77 -78 -79 -80 80 81 -83 -84 84 -86 86 87 -89 89 -91 91 92 -94 97 95 96 -98 100 99 -101 109 -103 -104 104 106 116 -108 -109 -110 -111 -112 -113 113 -115 -116 -117 -118 -119 119 120 -122 -123 123 -125 -126 -127
leaf_value=0.0083709982609806201 -0.075301910330002247 0.029791373854333704 0.024275350775908339 -0.0039523885059861022 -0.0030151638781322483 -0.0010090230232162865 -0.001659778694974564 -0.019360461020975026 -0.0020290817271272407 0.0060916347876566797 -0.05196908594631567 0.0049221125699791856 0.019704242454520998 -1.7659686454671953e-05 0.00970034663583072 -0.0030364456514070269 -0.055838438295401055 0.0079485000156230383 -0.00086630131119109328 -0.081530622287539267 -0.0010987165996934611 -0.038839570488119098 0.0033865042860389883 -0.01001952586784075 -0.00601086673276991 -0.009414321734961234 -0.026997961661487213 -0.057679403016793744 -0.016240723636932672 -0.0072190844427121809 0.014724020393076517 -0.063473759901684676 -0.0045153672118280934 0.053565125984804972 0.010953723032334019 -0.11089687103619342 -0.017708020043450987 0.00048483266877139382 0.0059340914339081497 -0.0084562565959376539 0.019185770961530776 -0.0089243244602416616 -0.018235498687074296 0.011510676815074443 -0.0016343438941583287 -0.1133347852158367 -0.0059315158128224804 0.019557530957443468 -0.044577483269729115 0.049767800371243252 -0.026066526134643199 0.0015682738603771491 0.0045472686930824475 -0.021337889160428725 -0.019613129353221459 -0.0014317734908417465 -0.029443361179377785 -0.088056937994495516 -0.041087291238402851 -0.01307481876551087 -0.0087029084123408425 -0.0091629389709193404 -0.00023083863623828997 0.0035853449166058341 -0.0090647229115876412 -0.0010733280996689425 -0.019621986893686005 0.0014425230199177879 -0.004923542496962246 0.0012530800503162947 -0.03379645283455468 -0.025168695017473507 -0.029618387561690593 -0.005094287310353122 -0.013937391529490731 -0.0062234414802984361 -0.021012976878103308 0.0067355042373202266 0.010468434181603927 0.010984892752669327 0.012440777309419679 0.0017198685904469488 -0.022306562529148661 -0.00092165059994752708 0.0019516007270905674 -0.014929504687413074 -0.0048173267933580184 0.013843595072848269 -0.059747862006005431 0.016348685904370924 0.0074147064679408962 0.0090021661640504128 -0.032914502625043189 -0.098062627174633918 0.0039388860852670243 -0.064137984361332737 -0.019225418631969072 0.016005333106534264 0.0061622049358601751 -0.0028836663992635198 -0.0036704923381781092 -0.049135805176293595 0.0061447261324719185 0.012110004219751069 0.014451326807119556 -0.029853910504987365 0.0098709793349412538 -0.05085663473734741 -0.059706470635202194 0.0014379169116374374 -0.0046548297121015696 0.0081840131315345892 -0.061236246641320255 -0.0077176143079567411 -0.015626759686122954 -0.10460874136756448 0.0032676629114019519 0.0040618156941649997 0.0030829016083514346 0.024652776643503588 0.0013991977761591454 -0.0032589668693721679 -0.078005331807084133 -0.034403768766806606 -0.019269488736303731 -0.0088206115657757048
leaf_weight=1742 455 263 714 294 491 191 13849 630 9395 11183 163 3155 979 952 9341 310 155 403 17409 252 12337 416 12741 14409 11089 2804 418 446 159 3090 422 110 240 104 1565 121 579 54228 27775 1552 400 2805 4594 1400 22237 132 8061 131 284 126 828 884 11848 104 236 6574 116 154 536 1613 6771 656 7404 11880 6952 33128 625 1615 493 2342 890 383 244 288 6961 919 2262 3457 4211 1514 3764 6956 458 25256 17428 3130 2147 830 199 208 7300 1036 484 130 439 334 480 984 116 7368 9594 234 2337 659 193 379 123 668 107 28975 2882 1229 168 2111 875 101 254 3215 3154 132 1991 1837 181 619 2547 2792
leaf_count=1742 455 263 714 294 491 191 13849 630 9395 11183 163 3155 979 952 9341 310 155 403 17409 252 12337 416 12741 14409 11089 2804 418 446 159 3090 422 110 240 104 1565 121 579 54228 27775 1552 400 2805 4594 1400 22237 132 8061 131 284 126 828 884 11848 104 236 6574 116 154 536 1613 6771 656 7404 11880 6952 33128 625 1615 493 2342 890 383 244 288 6961 919 2262 3457 4211 1514 3764 6956 458 25256 17428 3130 2147 830 199 208 7300 1036 484 130 439 334 480 984 116 7368 9594 234 2337 659 193 379 123 668 107 28975 2882 1229 168 2111 875 101 254 3215 3154 132 1991 1837 181 619 2547 2792
internal_value=-0.00127745 -0.00117386 -0.00279306 -0.0304781 -9.96675e-05 -0.0148769 -1.84845e-05 -0.0030518 -0.00157423 -0.000390878 -0.00430221 -0.00278645 -0.00659549 -0.00619267 0.0068043 -0.00711665 -0.00585844 -0.0249109 -0.00503401 -0.00908471 -0.000356072 0.000261874 -0.00218272 -0.00590902 -0.00858329 -0.0167904 -0.0475997 -0.0378786 -0.0537403 -0.00462928 -0.00228021 -0.00678329 -0.00950625 -0.00821969 -0.00641386 -0.021211 -0.0339516 0.00206191 0.00366124 -0.00784709 0.00542268 -0.0153804 -0.0151089 -0.00153067 -0.00392524 -0.003446 -0.00803262 -0.0314829 -0.0229394 0.0122436 -0.0089234 -0.00807294 0.00120167 -0.0653181 -0.0314266 0.000840187 -0.0428836 -0.0630764 -0.0297968 -0.00190217 -0.00732664 0.00846175 -0.000536122 -0.000761137 -0.00451552 -2.8962e-05 -0.00162245 0.00830759 -0.00442758 -0.00955797 -0.0235151 -0.00246838 -0.00142896 -0.0250615 -0.0121747 0.00158905 -0.014324 0.00974311 0.00460305 0.00314202 0.00271847 0.005485 -0.0129782 0.000127287 -0.000715351 -0.00219758 -0.0074733 0.000417226 -0.00132728 -0.0219772 0.00245881 0.0053585 -0.00451506 -0.00130986 -0.00494326 -0.0231264 -0.03771 -0.000497482 -0.00585187 -0.00415377 0.000565042 -0.0299887 -0.00250274 -0.00538735 -0.0163433 -0.00193295 -0.0330706 -0.0388729 -0.0121088 0.000166521 0.000261176 -0.0023108 -0.00507506 -0.011688 0.00123559 -0.0724265 -0.0165792 -1.46324e-05 -0.00523416 -0.00749871 -0.0115621 -0.0164159 -0.0233601 -0.0443537 -0.0170769 -0.0025167
internal_weight=519393 517558 206404 1835 311154 1117 309963 202233 92698 70050 109535 65948 43587 43323 10627 40729 35183 1443 33740 14718 288872 215850 73022 26746 14563 3474 670 1040 718 55321 26453 28868 7969 25713 20536 1191 700 107700 53472 18971 1423 5177 5546 108150 31723 31019 8782 721 594 420 17548 16720 25697 559 697 18484 506 270 776 19022 7193 9997 76427 75027 14356 46276 58867 2594 8875 4108 1383 2725 58242 704 7845 1319 5067 4171 21091 16880 16617 10720 589 60671 48791 31363 6107 2977 33535 407 15394 8820 1520 57998 10597 1253 814 47401 7848 7718 39553 350 9344 7007 2383 1292 1091 968 300 38569 4624 5897 4668 2279 2389 264 633 4767 22648 13253 7307 5316 3479 800 2679 5946
internal_count=519393 517558 206404 1835 311154 1117 309963 202233 92698 70050 109535 65948 43587 43323 10627 40729 35183 1443 33740 14718 288872 215850 73022 26746 14563 3474 670 1040 718 55321 26453 28868 7969 25713 20536 1191 700 107700 53472 18971 1423 5177 5546 108150 31723 31019 8782 721 594 420 17548 16720 25697 559 697 18484 506 270 776 19022 7193 9997 76427 75027 14356 46276 58867 2594 8875 4108 1383 2725 58242 704 7845 1319 5067 4171 21091 16880 16617 10720 589 60671 48791 31363 6107 2977 33535 407 15394 8820 1520 57998 10597 1253 814 47401 7848 7718 39553 350 9344 7007 2383 1292 1091 968 300 38569 4624 5897 4668 2279 2389 264 633 4767 22648 13253 7307 5316 3479 800 2679 5946
cat_boundaries=0 2 4 6 8 10 12 14 16 18 20 21 23 25 27 28 30 31 33 35 37 38 40 42 43 44 45 47 48 49 51 52 54
cat_threshold=3916841 6485 269484034 8192 84 2 1081344 4 2621440 1 0 16 2818840704 17448 0 6161 1019222656 640 3758100480 24576 1 2113536 4097 377489408 1160 406848002 168 1 524288 2049 1 270466 512 444596736 1024 83886080 32 536872960 0 17 0 4096 131072 40 197640 49152 16 524289 2 1277960 2320 1024 524289 64
is_linear=0
shrinkage=0.03


Tree=56
num_leaves=127
num_cat=34
split_feature=0 5 5 0 5 5 5 25 27 5 0 0 27 5 23 27 0 5 0 5 5 27 27 5 27 5 21 12 25 5 0 0 5 25 25 0 25 0 5 5 27 25 5 23 25 25 0 25 13 5 0 0 5 25 21 25 25 25 25 27 5 0 12 25 5 27 8 5 0 5 26 27 27 12 0 25 0 22 12 25 25 23 25 12 5 5 22 27 22 5 27 5 5 27 25 13 0 27 3 28 0 21 25 25 25 4 0 27 12 5 23 4 5 0 25 24 0 25 13 13 26 5 0 25 25 0
split_gain=1485.7 883.196 646.33 557.332 1163.29 1155.61 637.302 607.97 975.048 575.499 487.332 472.658 453.272 959.153 536.874 427.266 2386.69 551.558 799.179 524.624 411.602 400.289 557.917 522.367 488.751 590.264 399.987 383.827 382.619 401.111 361.724 371.757 359.363 365.986 350.007 912.257 348.001 495.464 799.413 506.113 473.159 371.471 395.153 458.712 352.383 764.848 336.404 518.005 333.072 305.632 296.297 376.89 289.99 369.934 284.974 279.901 279.171 273.002 334.502 375.484 276.031 411.017 272.002 372.748 270.031 266.002 260.256 386.783 460.574 363.716 375.773 332.416 317.602 413.286 429.867 360.59 289.911 259.873 257.262 254.47 253.881 252.277 339.049 309.118 302.692 297.287 247.882 246.508 408.054 436.326 243.688 229.046 228.257 225.403 478.854 342.983 221.436 218.506 217.205 215.035 221.573 314.328 209.134 208.814 672.34 208.227 506.305 627.91 480.555 207.958 202.16 309.327 196.259 195.993 194.091 193.629 193.466 325.194 191.962 188.357 297.462 211.822 186.963 288.307 189.955 183.578
threshold=13030.000000000002 0 1 325.00000000000006 2 3 4 17.500000000000004 0.086274277418851866 5 1560.0000000000002 1715.0000000000002 0.059944719076156623 6 0.081555202603340163 0.08212983608245851 475.00000000000006 7 950.00000000000011 8 9 0.049178216606378562 0.058846931904554374 10 0.064750330522656455 11 0.032727185636758811 0.020426410250365738 96.500000000000014 12 225.00000000000003 135.00000000000003 13 180.00000000000003 73.500000000000014 1940.0000000000002 97.500000000000014 155.00000000000003 14 15 0.059944719076156623 72.500000000000014 16 0.058227287605404861 77.500000000000014 26.500000000000004 155.00000000000003 12.500000000000002 39.500000000000007 17 90.000000000000014 225.00000000000003 18 59.500000000000007 0.10669478774070741 21.500000000000004 86.500000000000014 22.500000000000004 36.500000000000007 0.064750330522656455 19 225.00000000000003 -0.048362832516431802 53.500000000000007 20 0.052256155759096153 6.5000000000000009 21 950.00000000000011 22 0.1366594657301903 0.14500886201858523 0.086274277418851866 -0.88220417499542225 1225.0000000000002 59.500000000000007 850.00000000000011 -0.11594646796584128 0.7074720859527589 21.500000000000004 113.00000000000001 0.075415529310703291 69.500000000000014 0.29137697815895086 23 24 -0.049133053049445145 0.058047603815793998 -0.55274778604507435 25 0.07936600968241693 26 27 0.16058247536420825 31.500000000000004 24.500000000000004 1410.0000000000002 0.058047603815793998 28 0.1174035742878914 950.00000000000011 0.070911489427089705 88.500000000000014 20.500000000000004 18.500000000000004 29 950.00000000000011 0.095947422087192549 -0.60555642843246449 30 0.12721397727727893 31 32 225.00000000000003 77.500000000000014 0.95950195193290722 225.00000000000003 82.500000000000014 8.5000000000000018 27.500000000000004 0.14693511277437213 33 225.00000000000003 67.500000000000014 64.500000000000014 950.00000000000011
decision_type=2 9 9 2 9 9 9 2 2 9 2 2 2 9 8 2 2 9 2 9 9 2 2 9 2 9 8 2 2 9 2 2 9 2 2 2 2 2 9 9 2 2 9 8 2 2 2 2 2 9 2 2 9 2 8 2 2 2 2 2 9 2 2 2 9 2 2 9 2 9 10 2 2 2 2 2 2 8 2 2 2 8 2 2 9 9 10 2 10 9 2 9 9 2 2 2 2 2 1 10 2 8 2 2 2 9 2 2 2 9 10 9 9 2 2 2 2 2 2 2 8 9 2 2 2 2
left_child=1 48 -2 5 7 36 20 8 9 -5 12 15 13 77 -14 19 -17 18 -18 92 -6 23 28 -7 56 122 -19 52 29 -23 31 -30 103 55 -13 -36 37 38 44 -40 -38 42 43 -39 45 -3 64 90 96 -4 -42 -52 53 -15 86 -34 112 97 60 -60 113 -62 63 -21 -27 -11 69 68 79 99 71 105 -70 74 75 -74 -72 -9 -51 -68 -69 84 85 -84 -31 -83 98 88 89 -22 -48 116 -8 -89 95 -95 119 -45 -29 100 101 -16 -56 104 125 106 -71 -108 -109 -102 -78 -112 -24 -59 -49 -57 117 -85 -46 120 -1 -121 124 -124 -26 -28
right_child=2 3 49 4 6 21 11 10 -10 65 -12 34 14 27 66 16 17 26 -20 62 87 22 24 -25 25 46 32 54 30 81 -32 -33 33 -35 35 -37 40 41 39 -41 50 -43 -44 57 118 -47 47 114 -50 78 51 -53 -54 -55 102 115 -58 58 59 -61 61 -63 -64 -65 -66 -67 67 80 72 70 76 -73 73 -75 -76 -77 110 -79 -80 -81 -82 82 83 91 -86 -87 -88 93 -90 -91 -92 -93 -94 94 -96 -97 -98 -99 -100 -101 109 -103 -104 -105 -106 -107 107 108 -110 -111 111 -113 -114 -115 -116 -117 -118 -119 -120 121 -122 -123 123 -125 -126 -127
leaf_value=0.0072401001138997206 -0.061770307423891842 -0.066810643055090088 -0.027508509301390364 -0.063742193356879709 0.022714879846609862 -0.022954115597321061 0.014313738127455049 -0.026445800250696934 -0.001841843916439977 -0.057787059567457326 0.0076364613889298187 0.014971932648113986 -0.037032433437224434 -0.012205349292275841 -0.03843166576849448 -0.096122428749789712 -0.091238346415639715 -0.050208265426430247 0.00019168026800920712 -0.0013554599814251365 -0.020515441693277538 -0.0047477554399648087 -0.011224498059218976 0.008680526326094869 -0.059192181493748317 -0.0035381715194511068 -0.023154830751779275 -0.0047657057151183407 0.010794670687350152 0.0052419670294196145 0.011234834374565324 -0.014929310377783491 0.015140514425960407 -0.040663966338869199 -0.10807262239567303 -0.016317073246521721 -0.0016525485743620033 0.019095678181004418 0.022541444784424901 -0.0035915582672653005 -0.046604789300244066 0.0085400921527282857 0.0051307449291147491 -0.0005308572744633812 -0.030623056683967365 0.035564683146299202 -0.016686341755324973 -0.010041902368782735 -0.00078005048572424979 0.017570220964625356 -0.0018176577489566483 -0.022938674594093014 0.009074248620218826 0.018789361513509236 -0.010895957844569603 -0.0059670996555259851 -0.024672023861657944 0.018491566849964832 -0.0042681164301998382 0.010717977718023044 -0.031402642817472785 -0.0080572793832015942 -0.001952783631790655 0.0077517813092879443 0.010582408767327453 -0.016579961084680829 -0.038196053106581147 -0.0010216291516978266 0.014687288601021309 -0.076708306146367464 0.015894429074422411 -0.0010834731179040532 -0.026558277896398103 -0.001625182442740433 0.017295222007989428 -0.08845233220515436 -0.0018284270918721513 0.012242101119818317 -0.031647109231587658 -0.01306199836728628 -0.013558836461624391 -0.00098975595043743702 -0.036770551306956445 -0.050259791433283713 -0.010663864249745848 -0.012892785076998868 0.0059177615178159903 0.0056613148859062578 0.010257119251905108 0.00017586233975494834 -0.068319788042816423 -0.0091929960311511304 0.0043163475104583482 -0.083614845787925399 0.0060687925928060802 -0.014598780200896633 -0.013426873327496848 0.019086075497813156 -0.036610772078459579 -0.011712094814248135 0.030017056860720988 0.0020430410817493848 0.027242951924087138 -0.0023583513138159783 -0.042653013651164209 -0.011223385669298815 0.021603453903294663 -0.021229313570567589 -0.090822217653844961 0.0059104117524456197 0.0087434586805757147 -0.027820470846676722 0.0024094472848854797 -0.0070586797478762973 0.0018627926399165252 0.00085652780165342045 -0.026089276664232101 0.0075736084073594742 -0.077580416654095499 0.011166946854614137 -9.5695884651654636e-05 0.0025852340156886579 0.0085705017815694874 -0.025506931376002691 -0.025057754101975371 0.005753632629605536
leaf_weight=8926 394 122 1003 401 1058 543 2258 160 2097 162 3729 178 454 1579 221 237 150 147 200 8652 1398 10269 1014 3093 175 3964 253 2237 721 1522 1582 1687 1187 192 117 565 14175 894 690 13803 236 7755 12941 1340 133 140 149 5129 15883 310 1614 1437 3235 443 6754 3979 378 362 7895 1858 1082 1821 28800 7594 1747 1059 397 34840 852 146 721 2881 282 3356 130 121 5164 5406 137 4115 1516 2309 805 112 3641 10659 2499 22823 1761 2637 185 2147 22489 110 523 157 605 825 210 881 377 777 131 52344 489 13326 271 547 106 2012 299 682 13058 1056 1622 62768 2314 387 197 7040 11237 4125 364 576 911 891
leaf_count=8926 394 122 1003 401 1058 543 2258 160 2097 162 3729 178 454 1579 221 237 150 147 200 8652 1398 10269 1014 3093 175 3964 253 2237 721 1522 1582 1687 1187 192 117 565 14175 894 690 13803 236 7755 12941 1340 133 140 149 5129 15883 310 1614 1437 3235 443 6754 3979 378 362 7895 1858 1082 1821 28800 7594 1747 1059 397 34840 852 146 721 2881 282 3356 130 121 5164 5406 137 4115 1516 2309 805 112 3641 10659 2499 22823 1761 2637 185 2147 22489 110 523 157 605 825 210 881 377 777 131 52344 489 13326 271 547 106 2012 299 682 13058 1056 1622 62768 2314 387 197 7040 11237 4125 364 576 911 891
internal_value=-0.0012102 -0.00111444 -0.0280832 -0.00150964 -0.000831813 -0.00308418 0.0003881 -0.00344403 -0.0153548 -0.0328132 -0.00300503 -0.000247021 -0.00341366 0.000302188 -0.00454395 -0.000147903 -0.0012129 -0.00102865 -0.0380567 0.0017265 0.00442026 -0.00578234 -0.00630601 0.00391195 -0.00319028 -0.00701762 -0.000919137 -0.00322178 -0.00869622 -0.00972284 9.46678e-05 -0.00722579 -0.000859463 0.0005893 -0.0224252 -0.0321933 -0.000358774 0.000853069 -0.00374385 -0.00233124 -0.00403099 0.00268622 0.00117649 -0.00181232 -0.0375912 -0.012179 -0.00461954 -0.00898985 0.00276958 -0.0183413 -0.0142843 -0.0117698 0.00352093 -0.00538218 -0.00622061 0.000706576 0.000735815 -0.00296559 -0.00449125 -0.00141238 -0.0114387 -0.0167088 -0.000201881 0.00290183 0.000794755 -0.0219108 -0.00434419 -0.00294009 -0.00841259 -0.00659805 -0.00802329 -0.0103859 -0.00189139 -0.00552628 -0.0300403 -0.0453148 -0.00208918 0.0111055 0.00239528 -0.0152815 -0.00154435 -0.0118536 -0.0134768 -0.0195305 -0.00598538 -0.0107844 -0.000726929 0.00375386 -0.00178843 -0.00704672 -0.0454043 -0.0167257 0.0052345 0.00511587 -0.0106293 -0.0432383 0.00453595 0.00694978 -0.00751247 0.00147954 0.00491766 -0.00694929 -0.0101664 -0.00268758 -0.0132491 -0.0122474 -0.0249782 -0.0167303 -0.0326478 0.00987589 -0.00420146 -0.0166786 0.00142002 -0.000523853 -0.00718182 0.000449666 -0.0223575 -0.00548159 -0.0588049 0.00488326 0.003152 0.00800919 -0.0220225 -0.0123159 -0.0306076 -0.000654224
internal_weight=519632 517788 1844 469972 328533 141439 223957 104576 3719 1622 100857 193490 97128 22654 74474 192630 122837 122600 350 69793 30467 71063 67427 3636 29272 14822 122250 17088 38155 34165 3990 2408 122103 68126 860 682 70376 52914 15085 14493 17462 37829 30074 17133 592 262 12796 7085 47816 1450 3287 3051 5257 2022 11831 67934 14450 16239 14074 9753 4321 2903 45046 16246 5711 1221 74020 45609 9253 28411 24143 17277 4741 3889 533 403 6866 5566 447 4512 36356 23896 18733 5765 5163 12968 4946 29409 5796 4035 334 4960 24747 23613 790 267 31933 2165 2447 4268 3387 998 6885 53977 1633 14396 1070 924 653 2389 6145 981 14072 1418 6751 66747 2813 499 330 31328 20163 11165 2026 940 1086 1144
internal_count=519632 517788 1844 469972 328533 141439 223957 104576 3719 1622 100857 193490 97128 22654 74474 192630 122837 122600 350 69793 30467 71063 67427 3636 29272 14822 122250 17088 38155 34165 3990 2408 122103 68126 860 682 70376 52914 15085 14493 17462 37829 30074 17133 592 262 12796 7085 47816 1450 3287 3051 5257 2022 11831 67934 14450 16239 14074 9753 4321 2903 45046 16246 5711 1221 74020 45609 9253 28411 24143 17277 4741 3889 533 403 6866 5566 447 4512 36356 23896 18733 5765 5163 12968 4946 29409 5796 4035 334 4960 24747 23613 790 267 31933 2165 2447 4268 3387 998 6885 53977 1633 14396 1070 924 653 2389 6145 981 14072 1418 6751 66747 2813 499 330 31328 20163 11165 2026 940 1086 1144
cat_boundaries=0 2 4 6 8 10 11 13 14 16 17 18 20 21 23 25 27 29 31 33 34 35 36 38 40 42 43 45 46 47 48 49 50 52 54
cat_threshold=402915412 10 268435458 8192 1144569857 836 1151899777 18400 4268586 1 524288 1074823168 4 1024 2726429696 16 4194336 16786432 16924672 4112 4351008 2718040064 10256 2048 512 0 16672 1075838976 18304 35127296 2052 16384 256 1073741824 4204072 1076379648 1074282496 256 33554432 17 2 2048 512 0 2049 2147484672 2 1 524288 1 4195328 2048 262148 10
is_linear=0
shrinkage=0.03


Tree=57
num_leaves=127
num_cat=47
split_feature=0 5 5 0 5 5 27 5 5 0 0 4 27 5 5 0 5 8 5 27 31 27 5 12 22 27 22 12 2 5 27 0 0 0 27 5 5 5 27 4 27 27 5 27 0 5 0 0 27 27 0 27 3 23 20 5 9 8 26 8 5 5 5 20 26 8 26 29 26 5 0 12 29 5 12 0 5 11 12 26 5 0 27 5 4 27 27 0 4 5 26 0 23 20 27 5 12 5 0 5 0 5 5 27 32 5 30 27 5 5 11 12 5 5 5 0 27 0 5 27 0 0 5 27 5 0
split_gain=1311.62 804.832 653.633 606.772 1124.64 997.409 716.353 1514.6 1009.19 620.772 1892.98 703.885 568.114 565.679 488.35 728.924 426.468 412.188 381.416 374.653 676.859 445.217 571.15 364.368 352.615 423.455 351.321 350.092 342.378 640.583 689.732 529.669 450.453 1051.29 836.356 619.725 341.015 339.282 337.632 705.224 440.746 337.583 400.574 334.27 331.737 329.936 317.936 317.411 311.822 304.36 302.447 302.153 358.479 298.141 373.351 296.458 282.74 279.92 300.566 279.533 257.988 257.521 256.575 251.421 240.114 235.517 234.794 324.751 229.136 225.05 310.13 222.966 218.342 217.569 220.482 211.141 207.634 205.787 408.698 399.257 974.93 323.409 585.876 295.111 242.454 243.849 264.26 212.86 191.53 186.909 180.805 261.207 180.282 175.355 174.287 173.877 168.726 505.266 169.991 775.418 291.506 611.062 505.906 348.956 227.529 244.416 191.048 242.917 525.447 167.529 165.49 163.215 160.632 156.688 155.792 267.175 496.968 1104.31 405.494 229.224 174.03 167.844 494.091 372.366 333.765 441.779
threshold=13030.000000000002 0 1 325.00000000000006 2 3 0.059944719076156623 4 5 950.00000000000011 850.00000000000011 6 0.058846931904554374 7 8 950.00000000000011 9 9.5000000000000018 10 0.058846931904554374 0.072578333318233504 0.064750330522656455 11 0.10623887926340105 -0.11594646796584128 0.092709075659513487 0.10964918136596681 0.71952396631240856 12 13 0.064750330522656455 615.00000000000011 715.00000000000011 950.00000000000011 0.086274277418851866 14 15 16 0.058047603815793998 17 0.049178216606378562 0.051913643255829818 18 0.08212983608245851 1560.0000000000002 19 155.00000000000003 225.00000000000003 0.07936600968241693 0.049178216606378562 6250.0000000000009 0.049178216606378562 20 0.10042453557252885 74.500000000000014 21 5.5000000000000009 7.5000000000000009 0.10922185331583024 9.5000000000000018 22 23 24 105.50000000000001 0.14085485786199572 10.500000000000002 0.24214403331279757 0.14372155070304873 0.34387405216693884 25 90.000000000000014 -0.87397405505180348 0.056686626747250564 26 0.30778898298740393 1410.0000000000002 27 0.24372619390487674 -0.60555642843246449 0.1366594657301903 28 850.00000000000011 0.095947422087192549 29 30 0.16058247536420825 0.095947422087192549 1560.0000000000002 31 32 0.032988865859806545 1560.0000000000002 0.051437802612781532 28.500000000000004 0.084925193339586272 33 -0.76696333289146412 34 110.00000000000001 35 225.00000000000003 36 37 0.059944719076156623 0.12288699671626092 38 0.07338761538267137 0.07936600968241693 39 40 0.75014290213584911 0.96407344937324535 41 42 43 715.00000000000011 0.089248880743980422 475.00000000000006 44 0.092709075659513487 1280.0000000000002 950.00000000000011 45 0.092709075659513487 46 1225.0000000000002
decision_type=2 9 9 2 9 9 2 9 9 2 2 9 2 9 9 2 9 2 9 2 8 2 9 2 8 2 10 2 9 9 2 2 2 2 2 9 9 9 2 9 2 2 9 2 2 9 2 2 2 2 2 2 1 8 2 9 2 2 10 2 9 9 9 2 10 2 10 10 10 9 2 2 10 9 2 2 9 2 2 10 9 2 2 9 9 2 2 2 9 9 10 2 8 2 2 9 2 9 2 9 2 9 9 2 10 9 10 2 9 9 2 2 9 9 9 2 2 2 9 2 2 2 9 2 9 2
left_child=1 59 27 4 45 9 7 12 28 10 13 -11 16 43 15 -10 92 -12 -9 20 49 73 94 62 -13 -26 66 110 31 30 -30 -8 35 34 -34 -33 44 71 40 -40 55 95 -43 51 -31 47 61 89 -48 60 -38 -5 -53 -25 -55 -18 77 58 -45 75 -6 -24 -4 -56 96 69 67 -15 -20 -39 -71 -22 -66 74 -21 -1 -76 78 -16 80 81 82 -79 87 -83 86 88 -82 -86 -3 -27 -92 -7 -67 -23 -42 97 -47 99 -98 101 -100 -102 104 105 -104 107 -103 -109 -49 -2 -29 -58 -50 120 116 -116 -118 119 -119 121 122 -80 -124 125 -123
right_child=2 3 23 5 19 6 8 18 14 11 17 24 -14 26 56 -17 38 -19 68 21 37 22 46 53 25 90 -28 111 29 36 -32 32 33 -35 -36 -37 50 65 39 -41 41 42 -44 57 -46 64 48 109 113 -51 -52 52 -54 54 63 -57 112 -59 -60 -61 -62 -63 -64 -65 72 93 -68 -69 -70 70 -72 -73 -74 -75 76 -77 -78 79 114 -81 83 84 -84 -85 85 -87 -88 -89 -90 -91 91 -93 -94 -95 -96 -97 98 -99 100 -101 102 106 103 -105 -106 -107 -108 108 -110 -111 -112 -113 -114 -115 115 -117 117 118 -120 -121 -122 124 123 -125 -126 -127
leaf_value=0.0046443552180991032 -0.065589362341314558 0.01095096630599882 0.045872064080503254 -0.024483832956717317 -0.015226067280349363 -0.03876768686515944 -0.044767182206139344 0.018077094027513164 -0.088957156648441227 0.02237862657379755 -0.11110467684201218 -0.018300256317408864 0.0060162088512782444 -0.013332944175707039 0.0021357628120689822 -0.0005805222178587151 0.0141117889484995 -0.044551021260294046 0.0085708586792670339 -0.0010690958004467902 0.009163204883439937 -0.016973617936835002 -0.0034139107220586798 0.0084928756052200099 0.005304300430255985 -0.0043047801933218891 0.012711694012889092 0.002273213770240545 0.0042028904972853613 -0.0064858144888599069 -0.082897338846982541 0.016754962886494858 -0.11337290078041232 0.0025450494602537702 -0.0084681720139199723 0.0038682006457010742 0.0035190823535813046 -0.02359023944350256 -0.042538715890958402 0.0088135947240516547 -0.012329624069255222 0.0042338861168164099 -0.01364845370192159 -0.023646262913265891 0.014761323853484195 -0.010768389049194645 -0.0027843190432817206 -0.0052884800553044476 -0.0068665550810368481 -0.0049095344064755773 -0.048592317588258493 -0.0015631094251131342 0.016582364315423658 -0.00296604730724676 -0.093368395211535588 -0.0062898524382232592 -0.010092245325628534 -0.00093969172119488982 0.028441790613012576 -0.00055372331611915071 0.0088283758615873131 0.010419412191867263 -0.0041012958087443116 -0.029023561442252432 0.026146427008848103 -0.044845456900803937 0.0023738902572696067 -0.060167988565233019 -0.0092761796291458733 0.016335009239846841 -0.013628620169094049 -0.0078123075736838323 0.0034279787270441566 0.0046583946437022284 0.0099292359795654182 -0.013267344871808818 -0.025752313586821982 -0.083433938380231193 0.010651091745353803 0.00097690727888790924 -0.0082054560350154071 -0.037341855639519812 -0.0191889726861348 -0.00072315140205009027 0.025615708942184904 0.00064257765432072995 -0.025217017107644801 0.01259062215772217 -0.011787323967256444 -0.0040607624793862302 -0.045381755336125693 0.0098097935176486052 0.0006306451491517903 -0.0075330315862560202 -0.038108090544211382 -0.030197060531615836 -0.045699276366204557 0.0052326331623507296 0.017598108509839554 -0.0041790753351465555 0.0026072025766592953 0.0028209962036932108 0.0014878696108242787 -0.016899645876745289 -0.012030499433699347 -0.010897576324556789 -0.012264045154760725 -0.030912822968512776 0.0027210308119816002 0.0094764516233990185 -0.023522518262840235 -0.046334222336025792 -0.0038536706300219361 -0.020443296379923308 0.0043862171514111297 0.00026604505439865715 -0.088470692938300455 -0.0029038072104233064 -0.0031752935210842114 -0.025536072479819684 0.0136713498661803 -0.021667076362154928 -0.010363047921314769 0.0029186376282419116 -0.0029457180681838084 -0.0034819946836064275
leaf_weight=30731 499 883 124 304 460 104 196 4157 146 1062 175 1222 10345 10798 30211 196 1043 164 12850 7260 1150 1547 3980 160 5358 10499 509 159 152 7539 176 5336 125 20919 150 9089 13324 2084 268 2286 915 1578 3927 1187 724 2272 3749 768 1265 13690 100 2204 1763 145 123 1626 4613 1773 108 16207 2748 1728 294 100 472 114 859 134 681 319 11140 1762 1954 6472 189 603 618 186 2311 14104 9403 400 406 17375 166 892 1440 464 469 4521 224 117 23349 8176 455 1194 409 7993 1917 11493 7164 8257 5189 2716 2792 1970 1150 639 1173 6675 103 101 19238 2076 3263 34130 156 556 4760 1463 489 2505 4782 3151 8140 2312
leaf_count=30731 499 883 124 304 460 104 196 4157 146 1062 175 1222 10345 10798 30211 196 1043 164 12850 7260 1150 1547 3980 160 5358 10499 509 159 152 7539 176 5336 125 20919 150 9089 13324 2084 268 2286 915 1578 3927 1187 724 2272 3749 768 1265 13690 100 2204 1763 145 123 1626 4613 1773 108 16207 2748 1728 294 100 472 114 859 134 681 319 11140 1762 1954 6472 189 603 618 186 2311 14104 9403 400 406 17375 166 892 1440 464 469 4521 224 117 23349 8176 455 1194 409 7993 1917 11493 7164 8257 5189 2716 2792 1970 1150 639 1173 6675 103 101 19238 2076 3263 34130 156 556 4760 1463 489 2505 4782 3151 8140 2312
internal_value=-0.00116419 -0.001075 -0.0266646 -0.00145146 -0.00309459 -0.000743942 -0.000141566 0.00265108 -0.000937971 -0.00528263 -0.00894977 -0.00132124 -0.000185115 -0.00773433 -0.00211621 -0.0373685 -0.00195306 -0.0791334 0.0101228 -0.00575892 -0.00758914 -0.00316294 -0.00682563 -0.00902081 -0.00276729 -0.00159441 -0.0116628 -0.0453647 0.00247925 -0.000465219 -0.0413858 0.00428876 0.00456115 0.00177772 -0.0563901 0.00865031 0.000174342 -0.0107497 -0.00634601 0.00341048 -0.00877551 -0.0124524 -0.00853977 -0.00113218 -0.004617 -0.000407581 -0.00447917 0.00393736 -0.00872487 -0.00296056 0.00312497 0.00429238 0.00650318 -0.0256612 -0.0404935 0.00171436 -0.00204173 -0.00868642 -0.0192836 0.00264431 0.00535557 0.000787255 0.0117944 -0.0647726 -0.00137791 -0.0120301 -0.0127259 -0.0139125 0.00766635 -0.0144736 -0.012782 -0.00110375 0.00785701 0.000565702 -0.00272036 0.00429925 -0.0175896 -0.00153922 -0.000767759 -0.00321183 -0.00510526 -0.0189955 -0.0394807 -0.00307791 -0.0154395 -0.0124751 -0.0181117 -0.00721902 -0.00198462 -0.00159356 -0.00500448 -0.0264718 0.000454098 -0.00805148 -0.0216853 -0.0226563 -0.00178465 0.00168496 -0.00257844 -0.0056515 -0.00146884 0.00199721 -0.00376472 -0.00736462 -0.00476812 -0.00193452 -0.00068493 0.00063795 -0.00930592 0.00795806 -0.0584428 -0.0167141 -0.00506649 -0.0153881 -0.00205741 -0.00100689 -0.00526766 -0.0098099 -0.00798696 -0.0192129 -0.00402085 -0.00439605 -0.00152612 -0.00508143 -0.00666477 -0.0129146
internal_weight=519078 517270 1808 469729 141389 328340 289880 64323 225557 38460 19978 18482 46635 19639 167727 342 36290 339 17688 70982 41643 29339 14800 946 17420 16198 12300 862 57830 22015 328 35815 35619 21194 275 14425 21687 24745 12837 2554 10283 7614 5505 7339 8263 70407 12798 12847 7090 16898 13424 4271 3967 528 368 2669 167385 3068 1295 47541 3208 5708 418 223 57560 21833 11791 10932 13531 13543 11459 2912 2426 14539 8067 31334 807 143534 98229 45305 31201 3959 592 27242 3367 2967 2075 9867 635 5404 10840 341 23453 8290 2002 2109 55134 10265 44869 11902 32967 13136 19831 12667 9951 7159 11219 10069 1812 7443 602 260 23851 3341 68018 44328 10198 6935 6779 2019 23690 23201 10244 7933 12957 4817
internal_count=519078 517270 1808 469729 141389 328340 289880 64323 225557 38460 19978 18482 46635 19639 167727 342 36290 339 17688 70982 41643 29339 14800 946 17420 16198 12300 862 57830 22015 328 35815 35619 21194 275 14425 21687 24745 12837 2554 10283 7614 5505 7339 8263 70407 12798 12847 7090 16898 13424 4271 3967 528 368 2669 167385 3068 1295 47541 3208 5708 418 223 57560 21833 11791 10932 13531 13543 11459 2912 2426 14539 8067 31334 807 143534 98229 45305 31201 3959 592 27242 3367 2967 2075 9867 635 5404 10840 341 23453 8290 2002 2109 55134 10265 44869 11902 32967 13136 19831 12667 9951 7159 11219 10069 1812 7443 602 260 23851 3341 68018 44328 10198 6935 6779 2019 23690 23201 10244 7933 12957 4817
cat_boundaries=0 2 4 6 8 10 12 13 15 16 18 20 22 23 24 26 28 29 30 32 34 35 37 38 39 41 42 44 45 47 49 50 51 52 54 56 58 59 61 63 65 66 68 69 71 72 74 76
cat_threshold=402915412 10 303038466 8192 1151899777 18400 67682305 64 1629489666 23441 21039786 4481 1 67141632 64 1024 538970114 18449 2151687200 4 16924672 4112 4 2048 2568 384 65544 4481 17440 4 16777216 512 67665921 96 2 1073742336 128 16786464 4204072 0 16388 33562626 21103650 2049 21102592 8519680 512 3153920 8196 2 1 67108865 1090519040 4352 2097152 384 2048 512 1075841024 128 1664 8388608 16640 8388608 1280 1 2097152 20 9730 3224371200 19472 570425344 3221225472 16 3221225472 16
is_linear=0
shrinkage=0.03


Tree=58
num_leaves=127
num_cat=37
split_feature=1 5 5 5 30 11 13 5 27 12 5 2 5 2 5 13 11 29 5 27 25 5 1 27 25 5 12 5 1 11 5 1 25 1 25 1 25 2 27 25 1 25 4 30 25 1 27 1 5 5 27 5 5 27 3 11 1 11 2 5 1 11 25 25 1 1 26 5 1 5 28 1 11 8 1 25 1 5 1 4 25 25 1 5 1 1 5 25 1 25 27 27 27 5 5 25 31 30 4 1 1 25 25 1 27 5 5 1 1 5 11 12 22 25 1 5 27 27 5 27 25 11 27 1 25 27
split_gain=1282.82 775.75 636.903 438.799 393.278 492.733 541.222 496.093 381.929 363.329 322.23 311.206 310.141 296.898 255.574 241.998 489.043 545.102 555.516 412.708 518.311 342.048 323.679 355.944 350.055 303.99 275.535 265.348 316.028 232.259 298.139 203.655 202.332 369.204 242.506 208.02 199.878 187.263 185.043 581.745 569.124 565.94 255.586 179.902 177.43 263.839 251.403 221.635 573.37 374.155 305.873 250.864 175.805 175.804 175.783 175.424 301.586 195.177 170.259 181.637 183.406 167.848 196.398 237.686 235.652 158.425 157.425 204.798 159.581 156.946 352.204 317.624 153.21 218.61 297.798 274.361 152.333 509.678 701.906 354.518 474.835 268.408 182.459 178.061 381.082 184.035 171.339 159.462 162.316 370.4 153.032 150.948 148.851 148.779 146.327 145.611 185.029 144.997 144.695 365.072 302.416 184.931 244.391 160.914 143.433 143.286 142.81 141.855 141.043 435.933 139.52 139.166 138.993 136.47 136.445 136.33 135.133 134.886 133.907 132.633 154.692 130.641 194.749 130.605 129.597 129.182
threshold=9.461545944213869 0 1 2 0.19365485012531283 0.3903625756502152 37.500000000000007 3 0.14952706545591357 0.73136293888092052 4 5 6 7 8 39.500000000000007 0.10837544873356821 0.048529487103223808 9 0.05270845256745816 69.500000000000014 10 7.1113042831420907 0.095947422087192549 38.500000000000007 11 -0.72102889418601979 12 4.1348783969879159 0.039769539609551437 13 7.1113042831420907 55.500000000000007 6.4229502677917489 52.500000000000007 5.759707212448121 107.50000000000001 14 0.084925193339586272 18.500000000000004 5.759707212448121 23.500000000000004 15 0.075514171272516264 57.500000000000007 5.759707212448121 0.059944719076156623 6.5665833950042733 16 17 0.086274277418851866 18 19 0.08212983608245851 20 0.48314048349857336 5.0493419170379648 -0.81429189443588246 21 22 6.8561301231384286 0.77244481444358837 50.500000000000007 29.500000000000004 10.197127819061281 4.5047848224639901 0.013495144899934532 23 7.1552743911743173 24 0.079777579754591002 4.0213496685028085 -0.099819734692573533 7.5000000000000009 6.8561301231384286 59.500000000000007 6.5665833950042733 25 5.0493419170379648 26 102.50000000000001 84.500000000000014 6.1640367507934579 27 7.1113042831420907 6.8561301231384286 28 26.500000000000004 7.1113042831420907 113.00000000000001 0.10945477336645128 0.051913643255829818 0.05270845256745816 29 30 14.500000000000002 0.072578333318233504 0.12415018305182458 31 6.8561301231384286 6.744683265686036 88.500000000000014 60.500000000000007 7.3527534008026132 0.086274277418851866 32 33 10.197127819061281 5.4143788814544687 34 -0.51297807693481434 0.17435361444950107 -0.51092293858528126 99.000000000000014 7.4465231895446786 35 0.07936600968241693 0.1321084722876549 36 0.059393314644694335 52.500000000000007 0.5986820161342622 0.11368945986032487 6.744683265686036 43.500000000000007 0.051913643255829818
decision_type=2 9 9 9 10 2 2 9 2 2 9 9 9 9 9 2 2 10 9 2 2 9 2 2 2 9 2 9 2 2 9 2 2 2 2 2 2 9 2 2 2 2 9 10 2 2 2 2 9 9 2 9 9 2 1 2 2 2 9 9 2 2 2 2 2 2 10 9 2 9 8 2 2 2 2 2 2 9 2 9 2 2 2 9 2 2 9 2 2 2 2 2 2 9 9 2 8 8 9 2 2 2 2 2 2 9 9 2 2 9 2 2 8 2 2 9 2 2 9 2 2 2 2 2 2 2
left_child=1 3 9 32 5 6 29 13 36 61 11 97 37 14 -8 16 25 18 22 20 118 -19 23 43 -24 26 -5 28 52 30 31 38 34 35 55 -34 -4 -13 39 40 54 -40 -42 92 94 113 -47 48 50 51 -48 -49 -17 -51 -3 57 -57 -1 69 104 -61 62 63 -2 -64 -30 67 -12 -69 70 -21 112 73 74 -43 -76 77 78 81 80 -80 -15 -82 84 85 -78 -87 -85 89 90 93 -37 -18 -89 108 -14 -97 -7 103 100 101 102 111 -9 -60 -16 -94 -11 109 -32 -91 -100 -71 -46 -55 -10 -59 -84 -20 120 -41 122 -26 -44 -73 -104
right_child=2 4 8 15 -6 10 7 98 115 107 66 12 95 76 105 27 17 21 19 58 -22 -23 24 -25 121 -27 -28 -29 65 -31 44 -33 33 -35 -36 91 -38 -39 41 119 42 72 123 -45 45 46 47 49 -50 53 -52 -53 -54 114 -56 56 -58 116 59 60 -62 -63 64 -65 -66 -67 -68 68 -70 71 -72 124 -74 -75 75 -77 83 -79 79 -81 82 -83 117 87 -86 86 -88 88 -90 110 -92 -93 106 -95 -96 96 -98 -99 99 -101 -102 -103 125 -105 -106 -107 -108 -109 -110 -111 -112 -113 -114 -115 -116 -117 -118 -119 -120 -121 -122 -123 -124 -125 -126 -127
leaf_value=-0.0042316412970775184 -0.067137820395556366 0.0089306901359208386 -0.014468633905711648 0.0072678059948937876 0.0028929726722911123 -0.0081601397217480366 -0.0054978826743351476 -0.0045311860586921453 -0.016132837071573817 -0.038027775539004285 0.0062100753968240005 -0.01991370550074632 0.0075183244578802891 -0.062820961021460023 0.013186732462313397 -0.0068160534292071437 0.0050610201274432429 0.0070784668565601477 0.0087543357606140928 0.0074453129781946303 -0.057729700445862751 5.3362967806257066e-05 -0.0014315671785044724 0.019548063756476632 -0.019958650424964881 0.00015808261358758857 0.0020066353970818749 -0.00023263649054525203 0.027427533713922106 -0.0019808161768363787 -0.060135862359633814 0.0094985547160519601 0.00031328668522285396 0.016458833487149185 0.016349265820409933 -0.032825734787197275 -0.056504788788465349 -0.057102092678698015 0.0093630988949274224 0.0042079084361198171 -0.061787114316547237 -0.00080556744543632648 -0.0022688214620887833 0.013160245851186613 -0.0048066297391238157 0.0080544350656874038 -0.0018200720330500664 -0.035760024178670628 0.0041961859453639961 0.013848431235108151 -0.025753378356155775 -0.0030391679674254698 -0.044632650138705633 0.003688136673471096 -0.031757183088348476 -0.023545789349941317 0.0054153815936050839 0.011637038507796269 0.0028718435349044048 -0.0032213398828403544 0.0077011511049575303 -0.021236447973071403 -0.051507395649314815 -0.0096271172497007593 -0.10792759202105898 -0.0039288813442509805 -0.0014647943894327922 -0.0060311803571776266 0.0103090805466712 2.9092393083763973e-05 -0.015415673173845141 3.235359058121843e-05 0.0029893704363429504 -0.019276166678048094 -0.036658831433079297 -0.093947404934916379 0.027918617177616664 0.00036748340033693547 -0.03214964045371916 0.0014778733685570382 -0.029596448838710786 -0.0092300974031019455 0.0027841802484142473 -0.020612346667366641 -0.0034966033961709572 0.008516935747913389 -0.0010170870424981401 0.0042140448666305053 6.32241303535356e-05 -0.010654041168492029 -0.0087956932483662514 -0.0065493083936899324 0.0012144180975560124 -0.0099085716025101977 0.0054458488142262928 -0.0058411417319634467 -0.01497146448205262 -0.0011282873602026233 -0.0015336453077070399 0.0015235384263101971 -0.049394527129616055 0.016927824769072331 -0.03901003883243933 0.017891492710746439 -0.0097627958014579706 0.003504597449209469 -0.0092913653543404157 0.007269515047835952 0.0021464765643165093 -0.0024707279600249825 -0.042426774881102816 -0.01000238495089345 0.028379612932489678 -0.03140086726164875 -0.021698557389375019 0.017572623641956879 0.00033249103276566087 -0.020352021915572501 -0.014739154748145522 0.0078499675193867066 -0.016433347469001207 -0.0098645867038469181 -0.071770085328041688 -0.04194174464212249 -0.0098724148859306131 -0.015828068285211026
leaf_weight=1143 164 440 296 16292 13834 4506 2510 28730 140 114 1396 1532 453 324 1681 214 3063 7481 234 722 251 37270 728 1104 120 26798 19905 44089 145 39059 119 800 5380 1169 2185 296 155 131 643 798 295 100 148 1046 5872 4227 742 207 2386 1612 1364 6762 256 10736 121 488 956 4644 1076 3153 2464 105 132 107 141 21811 24809 21246 551 279 3774 1763 161 844 186 128 323 5985 1013 1722 251 114 1125 485 8479 4335 2786 2370 7173 201 3467 585 2635 924 14271 4444 3631 6369 2404 2955 174 230 235 290 3249 7529 2076 135 13878 1311 329 6387 351 178 193 385 1197 283 2688 2066 552 113 145 150 3650 2683
leaf_count=1143 164 440 296 16292 13834 4506 2510 28730 140 114 1396 1532 453 324 1681 214 3063 7481 234 722 251 37270 728 1104 120 26798 19905 44089 145 39059 119 800 5380 1169 2185 296 155 131 643 798 295 100 148 1046 5872 4227 742 207 2386 1612 1364 6762 256 10736 121 488 956 4644 1076 3153 2464 105 132 107 141 21811 24809 21246 551 279 3774 1763 161 844 186 128 323 5985 1013 1722 251 114 1125 485 8479 4335 2786 2370 7173 201 3467 585 2635 924 14271 4444 3631 6369 2404 2955 174 230 235 290 3249 7529 2076 135 13878 1311 329 6387 351 178 193 385 1197 283 2688 2066 552 113 145 150 3650 2683
internal_value=-0.00110691 -0.0010172 -0.0258765 0.000297095 -0.00204322 -0.0022899 -0.00156039 -0.00318903 -0.00870236 -0.0439266 -0.00448515 -0.00757827 -0.011347 -0.00124377 0.00297302 -9.06163e-05 0.000607082 -0.000958371 -0.00378119 -0.00637217 -0.0164411 0.00122947 0.00177946 0.00349709 -0.0136058 0.00258106 0.00437358 -0.00158461 -0.00424045 -0.000121426 0.000897326 -0.00478537 0.00478426 0.000989839 0.00744484 -0.00190057 -0.0290087 -0.0231991 -0.00651679 -0.00314938 -0.0215551 -0.0139748 -0.0420206 0.001486 0.00155927 9.05541e-05 0.00130904 0.000120824 -0.00588636 0.00150415 -0.0172441 -0.0040659 -0.0285574 0.00459907 0.000113982 0.00513465 -0.00438157 0.00710256 -0.00481464 -0.00199064 0.00156774 -0.0562227 -0.0629242 -0.0445495 -0.080935 -0.00372056 -0.00312536 -0.00490283 -0.00561509 -0.00746925 -0.0117176 -0.00429292 -0.0245492 -0.0280732 -0.0459175 -0.0602362 -0.0024297 -0.00549376 -0.0127266 -0.00913689 -0.0159757 -0.0489255 -0.00608632 -0.00135675 0.000851277 0.00580463 0.00479778 -0.00370664 -0.00314094 -0.00629283 -0.00439727 -0.0154049 -8.62718e-05 0.000233422 0.00326182 -0.00900889 -0.00994802 -0.00403867 -0.00554393 -0.00793037 -0.0102366 -0.00966183 -0.0101855 -0.00430651 -0.00660427 0.00528539 -0.0034333 -0.0135382 0.00122116 -0.00774561 -0.0304199 -0.00768695 0.0158443 -0.00559413 0.00323788 0.00859829 0.00932084 -0.00187721 -0.0128759 0.00307298 -0.00423799 -0.0369868 -0.0484715 -0.0223119 -0.00664705 -0.0177077
internal_weight=519610 517736 1874 226988 290748 276914 207846 97497 976 898 69068 21066 10191 53409 11720 208945 142430 79435 34684 23654 3173 44751 11030 9924 1106 62995 36197 66515 22426 110349 71290 7432 18043 7430 10613 6261 451 1663 6632 4570 1154 2062 593 8820 63858 34279 28229 24002 4492 19510 2106 6969 470 12541 561 8428 1444 6984 20481 9942 5617 649 544 271 273 21956 48002 23193 21797 10539 4496 6043 1419 1258 414 314 41689 10817 4832 4394 2672 438 1659 30872 15923 7444 7121 14949 14464 7291 6761 881 7774 3294 29579 8528 8075 10875 44088 15068 12113 11939 11709 29020 4325 9210 4711 249 15308 1430 530 8791 630 6050 10929 525 5841 1408 2922 3416 1350 378 265 298 5413 2918
internal_count=519610 517736 1874 226988 290748 276914 207846 97497 976 898 69068 21066 10191 53409 11720 208945 142430 79435 34684 23654 3173 44751 11030 9924 1106 62995 36197 66515 22426 110349 71290 7432 18043 7430 10613 6261 451 1663 6632 4570 1154 2062 593 8820 63858 34279 28229 24002 4492 19510 2106 6969 470 12541 561 8428 1444 6984 20481 9942 5617 649 544 271 273 21956 48002 23193 21797 10539 4496 6043 1419 1258 414 314 41689 10817 4832 4394 2672 438 1659 30872 15923 7444 7121 14949 14464 7291 6761 881 7774 3294 29579 8528 8075 10875 44088 15068 12113 11939 11709 29020 4325 9210 4711 249 15308 1430 530 8791 630 6050 10929 525 5841 1408 2922 3416 1350 378 265 298 5413 2918
cat_boundaries=0 2 4 6 8 10 11 12 13 15 17 18 20 22 24 25 26 27 29 31 32 33 34 36 37 39 41 42 44 46 48 50 51 53 55 56 58 60
cat_threshold=2638494422 25770 303038466 8192 20 2 580091912 772 43220993 2048 10 8519680 2 33619976 256 2147752000 16392 406848130 2164523074 25608 2147487808 24584 540680 64 4 1 545259520 32768 6164 0 16 4096 2 9 285212800 8320 2621440 134225922 1152 545390592 512 4 578879488 512 570425344 512 32768 4 3375105 768 1 32768 4 4096 16384 131072 524288 2048 0 9216
is_linear=0
shrinkage=0.03


Tree=59
num_leaves=127
num_cat=33
split_feature=0 5 5 13 11 5 5 26 5 2 5 0 5 0 0 25 11 27 0 0 29 11 26 31 8 5 0 0 0 25 5 27 30 5 0 5 0 0 3 0 0 5 27 0 11 13 0 0 27 5 5 27 31 25 21 25 27 29 5 29 32 11 5 25 27 25 2 13 27 0 25 5 0 0 5 27 0 5 27 27 2 5 27 25 0 25 27 0 25 32 5 27 3 0 27 0 0 25 11 21 27 13 30 25 27 27 5 5 27 0 5 25 27 27 5 5 0 25 27 5 27 5 25 25 27 25
split_gain=1373.25 773.572 568.026 391.404 753.148 670.402 437.49 398.473 520.525 1123.76 352.111 290.505 572.135 299.421 390.343 272.912 264.681 263.789 383.367 262.134 246.312 304.278 323.158 282.866 240.616 232.313 226.8 1221 222.652 218.182 214.515 205.209 341.336 202.763 210.553 201.864 201.709 197.203 690.955 527.97 217.927 190.894 235.049 238.834 262.152 197.648 255.691 201.978 391.603 493.109 189.995 391.224 186.903 186.311 185.915 192.146 182.227 227.311 172.689 165.972 215.288 273.084 281.793 200.409 164.999 476.408 164.98 164.267 160.58 253.903 158.879 156.178 253.603 155.94 234.502 155.038 154.377 154.564 205.841 173.336 152.874 552.598 323.654 217.11 214.222 198.698 173.884 150.889 144.486 171.068 271.087 142.306 383.778 277.65 199.887 208.85 194.683 224.392 166.081 140.151 183.015 139.427 139.163 137.07 136.455 283.782 239.778 233.307 212.823 223.132 161.942 138.059 135.585 134.794 314.462 205.889 181.508 257.652 178.233 464.643 161.24 144.41 133.946 194.482 133.087 132.641
threshold=13030.000000000002 0 1 39.500000000000007 0.3903625756502152 2 3 0.14085485786199572 4 5 6 325.00000000000006 7 155.00000000000003 90.000000000000014 18.500000000000004 -0.7386675477027892 0.07936600968241693 325.00000000000006 6250.0000000000009 0.04441503249108792 1.0000000180025095e-35 0.080585796386003508 0.05318147316575051 9.5000000000000018 8 475.00000000000006 425.00000000000006 1560.0000000000002 12.500000000000002 9 0.053263295441865928 0.10685699060559274 10 1560.0000000000002 11 1280.0000000000002 1410.0000000000002 12 1280.0000000000002 1560.0000000000002 13 0.16058247536420825 1225.0000000000002 0.86975130438804638 14.500000000000002 950.00000000000011 615.00000000000011 0.095947422087192549 14 15 0.052256155759096153 0.039466453716158874 114.50000000000001 0.069947797805070891 3.5000000000000004 0.064750330522656455 0.10751387476921083 16 0.08521361276507379 0.18566475808620456 0.23537775129079822 17 90.500000000000014 0.16058247536420825 57.500000000000007 18 45.500000000000007 0.05270845256745816 225.00000000000003 73.500000000000014 19 90.000000000000014 155.00000000000003 20 0.07936600968241693 45.000000000000007 21 0.1321084722876549 0.10945477336645128 22 23 0.055219287052750594 27.500000000000004 90.000000000000014 67.500000000000014 0.055219287052750594 61.500000000000007 70.500000000000014 0.11789238825440408 24 0.061421869322657592 25 615.00000000000011 0.051913643255829818 325.00000000000006 155.00000000000003 20.500000000000004 -0.37447345256805414 0.11373248696327211 0.051913643255829818 37.500000000000007 0.077820517122745528 9.5000000000000018 0.14500886201858523 0.14952706545591357 26 27 0.16058247536420825 10450.000000000002 28 115.50000000000001 0.086274277418851866 0.098019190132617964 29 30 325.00000000000006 22.500000000000004 0.089248880743980422 31 0.051913643255829818 32 36.500000000000007 33.500000000000007 0.10945477336645128 59.500000000000007
decision_type=2 9 9 2 2 9 9 10 9 9 9 2 9 2 2 2 2 2 2 2 10 2 8 10 2 9 2 2 2 2 9 2 10 9 2 9 2 2 1 2 2 9 2 2 2 2 2 2 2 9 9 2 8 2 10 2 2 8 9 8 10 2 9 2 2 2 9 2 2 2 2 9 2 2 9 2 2 9 2 2 9 9 2 2 2 2 2 2 2 10 9 2 1 2 2 2 2 2 2 10 2 2 8 2 2 2 9 9 2 2 9 2 2 2 9 9 2 2 2 9 2 9 2 2 2 2
left_child=1 10 59 4 6 16 28 8 9 -6 54 12 20 14 29 -15 -5 18 35 25 21 103 -23 -22 -17 31 27 71 52 101 -20 32 50 -10 99 56 76 39 40 -27 -39 -11 43 45 -45 -43 47 -47 49 -49 -13 -52 -3 -25 55 -1 57 -8 112 -2 61 62 63 -61 -33 -66 -57 70 69 -24 -4 72 -19 74 -73 -26 -7 78 79 91 113 82 -82 -84 -85 -83 -87 -31 89 90 -16 94 -93 -94 95 -78 -96 -98 -99 -35 -101 -14 -37 -12 111 110 108 -108 109 -107 -106 -60 -28 115 -115 116 120 -118 121 -120 -79 -117 123 -59 -114 -75
right_child=2 3 67 5 7 36 17 -9 33 41 11 19 13 15 88 24 -18 26 30 -21 23 22 68 53 75 37 58 -29 -30 87 -32 64 -34 34 -36 102 -38 38 -40 -41 -42 42 -44 44 -46 46 -48 48 -50 -51 51 -53 -54 -55 -56 66 -58 122 104 60 -62 -63 -64 -65 65 -67 -68 -69 -70 -71 -72 73 -74 125 -76 -77 77 80 -80 -81 81 85 83 84 -86 86 -88 -89 -90 -91 -92 92 93 -95 96 -97 97 98 -100 100 -102 -103 -104 -105 105 106 107 -109 -110 -111 -112 -113 124 114 -116 118 117 -119 119 -121 -122 -123 -124 -125 -126 -127
leaf_value=0.028987869229581621 -0.0077942888685098776 0.0042852139805442009 -0.0091967947459642707 -0.0032034596227765973 0.0077335108848618009 0.017557070108217211 -0.0030667321514058535 0.00072309942350108614 -0.0014775553464209858 -0.033411551205415037 -0.026738437938869063 -0.01666103816249645 -0.003468489200218704 0.016787306293695927 -0.047684831750857366 0.0057063498744005991 0.00095052403033232108 -0.03173589329208646 0.023870702452543708 -0.046625744525124045 0.0063929497558312676 -0.00094492758757510633 -0.014721945848620625 -0.00021011393348944473 -0.0044450293222575484 0.00064929352775089941 -0.016600207511497579 -0.10047471324602762 0.011402958920051671 0.0074245876825764492 0.0047572638547056902 0.0059648695948122535 0.014417171419687467 -0.0040729597728977442 0.010554619114175764 -0.013328416496898761 0.016741879706959943 -0.026156619286458641 -0.085814784375747827 0.058371366162400143 0.0012938892392032389 -0.006451227516472144 -0.0013840069501285317 -0.024662939334600471 -0.072890854427885066 -0.011355377616965846 -0.012990297559185737 -0.022189363746472925 -0.024037804946567241 -0.11465902669370666 0.018836173348385714 -0.023291833850482186 -0.0026952629864420439 -0.037328552182249446 0.01564113646571862 0.0063559789009605908 -0.01097190972803164 0.005744757362631036 -0.0018676694926580413 -0.0013761814679513428 -0.079931947081836291 0.0029241906130900146 -0.061772636427387048 -0.047883029101760524 -0.052776856039957645 0.012759719463373559 0.00036671672491675689 -0.039203891450708565 -0.012386786631614233 -0.042706368817498695 0.024836174007505176 -0.03471547088175491 0.020402049612403578 -0.030735728226709804 0.0078266187920004848 0.014044990838542416 -0.011732250388559146 -0.00059302277411561375 0.024546842436221513 -0.037578181380918924 0.012281320219377468 -0.0063091371363670525 -0.061207154609460745 -0.049753281899596227 -0.017001979388198234 -0.024643201994968073 0.0067724443381983555 0.030433947775330577 0.0021240862210565978 0.018066250969007932 -0.0073027749376609555 0.01178743855118777 -0.0084820952797133014 -0.046699149231223959 0.0063149333178686594 0.023082203781580036 -0.0030156039874509421 -0.030941441490749413 -0.012652621078250081 -0.00046455635595056988 -0.011289255611329846 -0.044354833786731912 -0.0017511141535340793 -0.0032156367633974958 -0.0090441752270063649 -0.037438104941081421 -0.0075597479331309973 -0.04574893194285256 0.0058476872514653536 0.0080293529131360928 0.010727160380172926 0.0044429547909907224 0.012011369872255564 -0.0050274592987846357 0.0062062509467240984 0.0040725264852263798 -0.041379873487353322 0.00041935097484939048 0.00067247841799463316 -0.022184140699909559 -0.024158324798080083 -0.0041348253322846711 0.010741690616718855 -0.012571724235529078 0.0013052223347709392 -0.0028939447897686752
leaf_weight=269 126 3699 424 24657 2331 257 3008 19272 33582 533 226 1261 285 1403 143 9261 31364 104 529 101 2729 1850 806 248 4207 53125 229 125 1099 2503 28537 16755 729 29416 798 1019 365 333 100 142 1179 1866 1021 952 113 313 2176 123 449 110 492 331 51556 238 1303 8592 797 3157 31181 178 133 121 422 156 164 252 7993 109 3460 458 173 132 419 401 621 451 434 327 153 206 298 7662 112 190 3147 172 1902 285 1814 229 6588 873 2455 183 278 240 544 1322 678 1861 5746 101 11147 12567 409 223 1453 151 2690 171 3665 3466 2258 6420 3433 2136 149 1152 1588 1611 1301 19370 3713 624 1945 250
leaf_count=269 126 3699 424 24657 2331 257 3008 19272 33582 533 226 1261 285 1403 143 9261 31364 104 529 101 2729 1850 806 248 4207 53125 229 125 1099 2503 28537 16755 729 29416 798 1019 365 333 100 142 1179 1866 1021 952 113 313 2176 123 449 110 492 331 51556 238 1303 8592 797 3157 31181 178 133 121 422 156 164 252 7993 109 3460 458 173 132 419 401 621 451 434 327 153 206 298 7662 112 190 3147 172 1902 285 1814 229 6588 873 2455 183 278 240 544 1322 678 1861 5746 101 11147 12567 409 223 1453 151 2690 171 3665 3466 2258 6420 3433 2136 149 1152 1588 1611 1301 19370 3713 624 1945 250
internal_value=-0.00114673 -0.00105465 -0.0269968 -0.00177144 -0.00112575 -0.00322849 0.000161256 -0.00315578 -0.00407424 -0.0104867 0.000822558 0.000254546 -0.00152021 0.00140465 -0.00215457 0.00418099 -0.000877672 0.00132928 0.00281314 0.00143482 -0.00505056 -0.00632932 -0.0115745 0.00263648 0.00290919 0.00150028 -0.000232791 -0.00999671 -0.00196152 0.00685956 0.00511579 0.00426869 -0.00323915 -0.0031753 -0.0046819 -3.92283e-05 -0.00546108 0.000491249 -0.00984303 0.000804263 -0.00476505 -0.0160373 -0.0146877 -0.0169371 -0.0298437 -0.0142029 -0.0187609 -0.0313551 -0.0405038 -0.0719962 -0.00941942 0.00186252 -0.00222789 -0.0184268 0.00472471 0.00388267 0.00284667 0.00389902 0.000186204 -0.0399787 -0.0443775 -0.0389007 -0.0455899 -0.0225043 0.00550125 -0.0131414 0.00347375 -0.00543873 -0.0157362 -0.0248876 0.000690396 -0.00407855 0.00980635 -0.00925797 -2.37258e-05 -0.00265215 -0.00560061 -0.00570293 -0.00976954 -0.0105143 -0.00511213 -0.00785472 -0.0176342 -0.0202729 -0.0188811 -0.00407533 0.00415648 0.00978676 -0.00541584 -0.00738101 -0.00824933 -0.00971339 -0.00544489 -0.0111499 -0.0139974 0.000680418 -0.0175021 -0.0201062 -0.024751 -0.00501185 -0.00864148 -0.0142537 -0.00271959 -0.00363325 -0.000390309 0.00295409 -0.00207886 -0.011442 0.00282101 -0.0177344 0.00874466 -0.00123626 0.0058194 -0.00412369 -0.00111196 -0.00519894 -0.0127116 -0.00439591 -0.00430089 -0.0109086 -0.0194283 -0.00331954 0.00669503 0.00271936 0.00705843 -0.0200646
internal_weight=519234 517392 1842 374419 259440 114979 158778 100662 81390 9987 142973 124816 49852 27270 11948 15322 56021 102424 52531 74964 22582 19367 6574 3215 13919 74863 49893 2052 56354 3174 29066 19984 2813 71403 37821 23465 58958 54879 1612 53267 1512 7656 7123 6102 1065 5037 3171 995 682 233 2084 823 55255 486 18157 16854 11299 10502 47841 1136 1010 877 756 334 17171 416 16585 706 4724 1264 597 1927 523 1404 753 4658 58593 58336 7366 7213 50970 13483 3747 3449 3337 9736 2074 2788 8774 6960 6731 7007 3511 2638 3496 674 2822 2544 2000 37023 7607 386 12166 12793 43409 8762 4688 1604 3084 394 4074 34647 4432 37487 9853 27634 2929 1301 24705 3199 1628 21506 7494 3781 4203 651
internal_count=519234 517392 1842 374419 259440 114979 158778 100662 81390 9987 142973 124816 49852 27270 11948 15322 56021 102424 52531 74964 22582 19367 6574 3215 13919 74863 49893 2052 56354 3174 29066 19984 2813 71403 37821 23465 58958 54879 1612 53267 1512 7656 7123 6102 1065 5037 3171 995 682 233 2084 823 55255 486 18157 16854 11299 10502 47841 1136 1010 877 756 334 17171 416 16585 706 4724 1264 597 1927 523 1404 753 4658 58593 58336 7366 7213 50970 13483 3747 3449 3337 9736 2074 2788 8774 6960 6731 7007 3511 2638 3496 674 2822 2544 2000 37023 7607 386 12166 12793 43409 8762 4688 1604 3084 394 4074 34647 4432 37487 9853 27634 2929 1301 24705 3199 1628 21506 7494 3781 4203 651
cat_boundaries=0 2 4 6 8 10 11 13 14 15 16 18 20 21 22 23 24 26 28 29 31 33 34 35 37 38 39 41 43 45 47 49 51 53
cat_threshold=423901910 42 303038466 8196 647069696 1924 69779465 453 42106880 512 2 20 2 20980226 4203010 1056 2754084896 16577 1107296288 17408 2 131072 33587200 512 65568 5120 33554432 4 6 1107297280 16384 131072 2064 2098208 6 147456 20480 2048 2 42991616 8720 2684354560 2048 0 2560 2148024320 12368 9 1 1073758208 28736 2147614720 8256
is_linear=0
shrinkage=0.03


Tree=60
num_leaves=127
num_cat=38
split_feature=0 5 0 11 13 5 0 5 23 5 5 5 31 5 11 26 11 11 25 25 0 21 25 11 4 0 5 5 12 0 5 11 27 27 5 0 27 0 5 27 0 0 0 0 5 12 25 5 0 27 5 25 0 5 25 27 0 5 23 5 26 27 5 27 22 21 31 25 25 11 31 2 5 25 5 27 0 4 25 5 27 27 27 5 5 25 22 0 5 27 5 9 25 25 23 25 27 5 0 0 5 0 5 5 27 31 5 0 27 5 25 27 25 25 0 5 5 27 0 0 23 30 26 23 27 5
split_gain=1125.05 694.151 555.686 497.582 878.626 663.913 490.091 489.47 478.572 647.836 462.408 401.125 319.691 304.777 285.189 279.91 261.944 256.277 225.618 214.957 208.767 205.44 203.767 243.616 372.58 216.927 208.432 185.92 180.503 178.806 259.197 171.542 236.077 183.857 167.515 248.595 293.162 735.088 240.996 251.228 291.81 320.467 221.902 200.518 405.733 248.405 235.668 223.818 274.394 191.676 174.088 173.737 163.851 161.237 154.521 242.331 191.564 153.421 237.475 153.234 153.48 150.537 167.463 172.432 149.511 384.5 149.339 142.612 138.028 157.136 133.416 132.79 718.381 490.786 451.157 204.6 174.17 170.356 168.986 142.208 511.354 286.528 270.934 269.055 152.37 296.596 138.01 159.482 137.258 164.464 134.424 130.386 126.596 122.852 121.18 120.215 120.211 152.715 115.839 171.312 156.792 153.08 375.187 352.266 233.352 118.234 112.923 214.333 288.582 358.876 209.282 170.086 148.204 147.741 135.817 143.95 111.276 111.155 110.562 137.832 135.64 191.841 128.704 181.722 109.807 136.992
threshold=13030.000000000002 0 1410.0000000000002 0.40614137053489691 38.500000000000007 1 1280.0000000000002 2 0.035104382783174522 3 4 5 0.051425565034151084 6 -0.065535377711057649 0.065306846052408232 -0.69674959778785694 -0.60554069280624379 90.500000000000014 37.500000000000007 1280.0000000000002 0.068480294197797789 76.500000000000014 0.3744682669639588 7 90.000000000000014 8 9 0.7074720859527589 325.00000000000006 10 0.12545942142605784 0.1575826704502106 0.15550526976585391 11 325.00000000000006 0.086274277418851866 615.00000000000011 12 0.12835267186164859 1715.0000000000002 2375.0000000000005 1560.0000000000002 715.00000000000011 13 0.91511079668998729 47.500000000000007 14 1225.0000000000002 0.095947422087192549 15 19.500000000000004 45.000000000000007 16 55.500000000000007 0.098019190132617964 615.00000000000011 17 0.048478709533810622 18 0.044911826029419906 0.052256155759096153 19 0.16058247536420825 0.071706026792526259 0.10838073492050172 0.046168554574251182 67.500000000000014 64.500000000000014 -0.73282214999198902 0.024568077176809314 20 21 69.500000000000014 22 0.16058247536420825 1560.0000000000002 23 65.500000000000014 24 0.16058247536420825 0.055219287052750594 0.060448419302701957 25 26 14.500000000000002 -1.026416480541229 155.00000000000003 27 0.16058247536420825 28 5.5000000000000009 3.5000000000000004 16.500000000000004 0.0301526477560401 27.500000000000004 0.064750330522656455 29 325.00000000000006 55.000000000000007 30 850.00000000000011 31 32 0.11368945986032487 0.025209763087332252 33 715.00000000000011 0.07936600968241693 34 102.50000000000001 0.092709075659513487 76.500000000000014 99.000000000000014 950.00000000000011 35 36 0.098019190132617964 950.00000000000011 1560.0000000000002 0.086187265813350691 0.07180457562208177 0.07760068774223329 0.043235365301370628 0.10945477336645128 37
decision_type=2 9 2 2 2 9 2 9 10 9 9 9 8 9 2 10 2 2 2 2 2 8 2 2 9 2 9 9 2 2 9 2 2 2 9 2 2 2 9 2 2 2 2 2 9 2 2 9 2 2 9 2 2 9 2 2 2 9 10 9 8 2 9 2 8 10 10 2 2 2 8 9 9 2 9 2 2 9 2 9 2 2 2 9 9 2 8 2 9 2 9 2 2 2 10 2 2 9 2 2 9 2 9 9 2 8 9 2 2 9 2 2 2 2 2 9 9 2 2 2 10 10 10 10 2 9
left_child=1 2 6 4 11 17 12 -2 9 19 27 14 66 18 16 -4 96 106 31 61 52 94 23 26 -25 -26 54 118 -15 30 -16 33 -33 -9 42 59 51 -38 117 43 50 -42 91 44 45 46 -40 49 95 -45 -41 -37 -7 -53 55 -14 -56 -12 116 60 -36 -5 63 -63 65 -55 -1 -46 69 -48 -31 72 73 78 75 -73 79 -77 -11 80 82 83 86 -81 -85 -86 87 -76 89 -83 -74 -23 -28 -88 -13 -49 -3 -98 99 105 -100 102 -102 104 -103 -21 107 108 -6 112 111 -111 124 -113 115 -109 -59 -39 122 120 -120 -122 123 -10 -110 -126
right_child=7 3 15 8 5 20 -8 13 10 71 57 21 22 28 29 -17 -18 -19 -20 98 -22 34 -24 24 25 -27 92 -29 -30 70 -32 32 -34 -35 35 36 37 38 39 40 41 -43 -44 47 67 -47 68 48 -50 -51 -52 53 -54 64 56 -57 -58 58 -60 -61 -62 62 -64 -65 -66 -67 -68 -69 -70 -71 -72 74 90 -75 76 77 -78 -79 -80 81 -82 88 -84 84 85 -87 93 -89 -90 -91 -92 -93 -94 -95 -96 -97 97 -99 100 -101 101 103 -104 -105 -106 -107 -108 114 109 110 -112 113 -114 -115 -116 -117 -118 -119 119 -121 121 -123 -124 -125 125 -127
leaf_value=0.0051941168210344318 -0.05425467784431847 0.0046212109871452915 -0.015330020778002345 -0.0098720668121877707 -0.0026407538052658727 0.017843451897478647 0.056851282675794305 -0.016391592386482738 0.018086775836548698 -0.01494238694667387 0.0043845275834209704 -0.013908570334701055 0.011717411776849741 0.016480276657429873 0.0016836108784052881 -0.06671449912678111 0.0059001278108032473 0.0011821250084829247 -0.054008134665465592 0.02692151509295657 0.016106789822356318 -0.0023485728763212618 -0.0045020569897378038 -0.050614133401830123 -0.032067287187465619 -0.0013220310711927119 0.027613582550043082 -0.0024811555221100614 -0.02451147152677826 0.019956186251062102 -0.00737020364044998 -0.025663404729015921 0.029301979350509929 -0.054848411705683581 -0.023185494961872905 -0.0077153833446449716 -0.078395758517763828 0.016803882027485229 0.019647227447690829 0.007595707707242245 -0.063049566578574301 -0.0021144792977896222 0.011399879123188473 -0.014175857495800975 0.0024645361178659659 0.004415266729762936 -0.027058372659583205 -0.011715398086731834 -0.003861438304426432 -0.0023648694530985915 -0.0015425715532280389 0.014254165991483733 -0.0051178747272382797 0.0078215395269160808 -0.0013168314403230409 -0.014787575236948633 0.015902159716883385 0.016449234236878964 -0.00099263924555914444 -8.1426706906142647e-05 -0.004791445992455865 0.016633789995662094 0.00017358664644226315 -0.0031637103519407783 0.0042656606105520014 -0.028874903516461176 0.013888064077474506 -0.024089844579905716 -0.022756065642736294 -0.076111485940395018 0.0013181044080580069 -0.023542965104406764 0.0092391611173323635 -0.062618992567062368 -0.0077523991343895742 0.0057771261735292878 0.012397127891287295 -0.019990267612457532 0.021439932668504635 0.015127117448833351 -0.058001187919986014 -0.013355795207447091 0.012703912913046813 -0.021226329698098026 -0.023255084656951266 -0.086064662523090071 0.019872567824398477 0.031605817283239412 -0.0027818686416757514 -0.0023460227137331799 -0.0020510963259970975 -0.0077003361566124586 0.0013252986311591982 -0.0083944912449635655 0.0044034068429225654 0.0080061024017047764 -0.0042909246990169179 0.0020586472573453163 0.0049375929826448945 -0.0089176751106009103 0.002609414279322353 -0.021494270930440151 -0.018508502858115356 0.0042537828131978036 0.0019686407055616094 -0.0048562727416865525 -0.00075860912634986865 0.04213103551564254 -0.013246459576128805 -0.0066725925245847782 -0.01094117317942166 -0.065533209537005713 0.014238494388316269 -0.0325658120374612 -0.0017392078588208417 0.0040130177941895741 0.00058537257433289008 0.0027109507748657815 -0.034480456460880327 0.0086388080827775396 0.012963474490999207 -0.013031311629070801 -0.0010517895550056855 -0.011483822356473241 0.018024783727443802 -0.0071047182872831212
leaf_weight=8105 385 6862 729 628 6322 280 148 352 200 2330 9025 337 5038 322 5510 109 23529 34240 201 211 423 29825 4921 148 214 5251 165 28907 137 350 5872 147 133 164 425 1137 109 946 105 4844 122 211 978 1912 1927 340 145 298 4650 3499 3058 1365 62919 621 2937 330 724 1068 22890 8374 9857 1635 2316 522 17216 437 2278 200 1315 100 22750 2706 1894 194 185 459 381 463 120 142 152 5012 887 846 163 116 143 184 2882 1615 1889 4749 24271 3587 8643 4017 5249 9677 2579 4315 1393 985 1650 3981 622 209 25679 116 1650 178 644 154 285 613 14464 327 643 1077 236 299 276 3323 3768 2713 252 747
leaf_count=8105 385 6862 729 628 6322 280 148 352 200 2330 9025 337 5038 322 5510 109 23529 34240 201 211 423 29825 4921 148 214 5251 165 28907 137 350 5872 147 133 164 425 1137 109 946 105 4844 122 211 978 1912 1927 340 145 298 4650 3499 3058 1365 62919 621 2937 330 724 1068 22890 8374 9857 1635 2316 522 17216 437 2278 200 1315 100 22750 2706 1894 194 185 459 381 463 120 142 152 5012 887 846 163 116 143 184 2882 1615 1889 4749 24271 3587 8643 4017 5249 9677 2579 4315 1393 985 1650 3981 622 209 25679 116 1650 178 644 154 285 613 14464 327 643 1077 236 299 276 3323 3768 2713 252 747
internal_value=-0.00111372 -0.0010305 0.00214374 -0.00141038 -0.000825777 -0.00255322 0.00251688 -0.0245179 -0.00306599 -0.00541551 -0.00154772 0.000512983 0.00236797 -0.0161398 0.00214069 -0.0220852 0.00370536 -0.000828723 -0.0254143 -0.00148762 -0.00487441 -0.000638262 0.00125052 0.00197502 -0.00380821 -0.00253161 0.00294511 -0.00373874 0.00412882 8.4944e-05 -0.00299251 -0.0184541 0.000456517 -0.0286968 -0.00101473 -0.000145279 0.000964084 -0.000991293 -0.000695278 -0.00145162 0.00290671 -0.024561 -0.00268438 -0.00339167 -0.00921534 -0.0188475 -0.0237108 -0.00171728 0.00119274 -0.00652812 0.00406719 0.00368163 -0.00501586 0.00434182 0.00683734 0.0100856 0.00209181 0.00104134 -0.000186533 -0.0030977 -0.00554854 0.00387155 0.0058029 0.0117889 0.0035909 -0.00734864 0.0071027 -4.2298e-05 -0.0266398 -0.0473081 0.00160135 -0.00854877 -0.00477534 -0.0167409 -0.00976274 -0.0193319 -0.00762061 -0.0071701 -0.0131524 -0.0081054 -0.00397082 -0.0100632 -0.00232035 -0.02347 -0.0282345 -0.0478738 -0.00557382 0.0119058 -0.00828514 -0.0106574 0.00361189 -0.00308388 0.00150331 -0.00730576 0.00371473 0.00664171 0.00133504 -0.000175929 -0.00320316 -0.00713707 -0.00154102 -0.00347892 -0.00889586 -0.000534226 -0.0123405 0.0111343 -0.0021676 -0.00357082 -0.0067808 -0.0125657 -0.0240028 -0.0331368 -0.00626233 -0.0392618 -0.00123763 0.0151059 0.0105909 0.00926041 -0.00709415 -0.0109566 -0.0124862 -0.0110348 -0.00471354 -0.00944806 -0.00849614 -0.000644858
internal_weight=519884 518043 55368 462675 341931 149293 54530 1841 120744 47396 73348 192638 54382 1456 79799 838 45317 85671 997 21046 63622 112839 43999 39078 5613 5465 33465 39722 459 34482 11382 796 280 516 103859 68307 49651 28875 28766 26743 8235 333 35552 18508 4132 2005 1665 14376 8965 5411 7902 20776 63199 19639 9029 5368 3661 33626 24601 18656 10282 5101 4473 2157 18274 1058 10383 2127 1560 245 23100 26350 6427 2644 19923 3628 16295 922 2450 15914 5138 10776 4986 1267 1125 279 4099 369 9509 6627 3783 34574 24436 3730 8980 4315 21788 14926 15945 4735 11210 8631 3043 5588 1607 420 51431 25752 10845 4523 1589 945 2934 767 14907 443 1711 2023 10815 4134 3835 3599 6681 2913 2649 999
internal_count=519884 518043 55368 462675 341931 149293 54530 1841 120744 47396 73348 192638 54382 1456 79799 838 45317 85671 997 21046 63622 112839 43999 39078 5613 5465 33465 39722 459 34482 11382 796 280 516 103859 68307 49651 28875 28766 26743 8235 333 35552 18508 4132 2005 1665 14376 8965 5411 7902 20776 63199 19639 9029 5368 3661 33626 24601 18656 10282 5101 4473 2157 18274 1058 10383 2127 1560 245 23100 26350 6427 2644 19923 3628 16295 922 2450 15914 5138 10776 4986 1267 1125 279 4099 369 9509 6627 3783 34574 24436 3730 8980 4315 21788 14926 15945 4735 11210 8631 3043 5588 1607 420 51431 25752 10845 4523 1589 945 2934 767 14907 443 1711 2023 10815 4134 3835 3599 6681 2913 2649 999
cat_boundaries=0 2 4 6 8 10 12 14 15 17 19 21 23 25 27 29 31 32 34 36 38 39 41 43 44 46 47 49 51 53 55 57 59 60 62 64 65 67 69
cat_threshold=407111764 10 663855746 1956 268435458 8192 2688046241 19824 538493985 23892 1125200930 29744 35127296 2052 2 4 2 1081377 2304 1073745920 17440 573449 196 512 1 547356672 512 2155872256 256 2225078272 512 2147614720 131722 128 8520192 2049 2148007969 64 2 1073807874 129 75628544 512 4 1073816072 1 16809984 2 128 16809984 8196 8552448 516 69664 17456 2097152 16400 2148532224 2048 2148532224 563150848 1312 1048576 1312 8388608 44040192 513 0 1024
is_linear=0
shrinkage=0.03


Tree=61
num_leaves=127
num_cat=39
split_feature=1 5 5 1 5 5 5 1 27 5 27 1 5 1 5 3 12 1 2 5 1 27 5 27 5 1 5 5 5 21 13 32 31 5 22 12 1 5 22 27 5 32 26 5 27 1 28 27 5 1 5 3 27 12 5 27 5 5 27 5 1 5 8 26 1 27 26 1 5 31 12 5 22 22 30 27 27 5 5 27 12 1 5 1 27 21 32 31 21 24 1 1 21 5 31 27 27 12 1 12 13 5 13 1 1 9 1 1 12 13 4 1 5 1 27 27 5 27 5 27 12 29 30 27 13 31
split_gain=1134.27 647.608 504.184 456.999 988.627 955.217 491.424 1406.55 772.592 478.264 430.856 1752.96 439.637 660.113 423.619 417.375 422.241 360.404 355.228 905.109 370.062 354.913 480.267 418.831 474.43 354.905 923.192 466.46 335.649 322.499 313.848 290.661 288.664 288.551 286.4 270.482 272.27 337.032 241.006 281.393 366.705 237.982 236.659 325.092 295.102 278.301 239.335 235.548 232.967 296.293 232.668 231.576 345.976 228.739 277.615 224.277 410.411 242.695 297.45 218.834 216.368 268.174 250.315 211.343 211.042 209.676 208.268 429.116 205.108 203.202 199.823 193.744 192.83 270.986 192.61 191.413 390.553 578.943 219.988 189.446 186.807 185.146 489.649 365.346 917.95 180.358 173.126 184.18 170.691 170.15 169.139 222.696 235.61 172.073 168.075 167.074 464.696 221.919 166.857 163.239 277.139 162.438 193.296 191.895 162.619 162.308 162.23 349.578 166.905 423.511 359.857 259.236 258.779 162.105 159.229 158.187 330.353 183.228 335.685 331.177 190.227 157.987 157.62 286.844 203.539 157.456
threshold=9.461545944213869 0 1 5.759707212448121 2 3 4 6.8561301231384286 0.058846931904554374 5 0.08212983608245851 6.1640367507934579 6 6.8561301231384286 7 8 -0.38243420422077173 7.4465231895446786 9 10 7.1356794834136972 0.049178216606378562 11 0.056865874677896507 12 4.7054555416107187 13 14 15 0.032727185636758811 25.500000000000004 0.21972886472940448 0.051425565034151084 16 -0.11594646796584128 -0.73284119367599476 4.1348783969879159 17 -0.04046273045241832 0.051913643255829818 18 0.22439286112785342 0.1366594657301903 19 0.14242830872535708 6.744683265686036 0.11468564718961717 0.053855204954743392 20 7.1113042831420907 21 22 0.053263295441865928 -0.048362832516431802 23 0.069445703178644194 24 25 0.07936600968241693 26 7.1113042831420907 27 4.5000000000000009 0.09193230047822 6.4229502677917489 0.064750330522656455 0.34387405216693884 6.5665833950042733 28 0.072578333318233504 0.98332250118255626 29 -0.36799480020999903 -1.026416480541229 0.082194317132234587 0.14500886201858523 0.1575826704502106 30 31 0.064750330522656455 0.7074720859527589 6.5665833950042733 32 6.8561301231384286 0.086274277418851866 0.15616496652364734 0.11828644946217538 0.062716279178857817 0.12880711257457736 1.0205206871032717 6.4229502677917489 6.5665833950042733 0.119902141392231 33 0.05539060756564141 0.098019190132617964 0.089248880743980422 0.51849433779716503 4.5047848224639901 -0.082691941410303102 43.500000000000007 34 24.500000000000004 5.0493419170379648 4.7054555416107187 5.5000000000000009 7.2490057945251474 7.1552743911743173 -0.048362832516431802 24.500000000000004 35 4.5047848224639901 36 6.4229502677917489 0.07936600968241693 0.16058247536420825 37 0.058047603815793998 38 0.049178216606378562 0.49626980721950537 0.069317996501922621 0.12415018305182458 0.089248880743980422 24.500000000000004 0.046168554574251182
decision_type=2 9 9 2 9 9 9 2 2 9 2 2 9 2 9 1 2 2 9 9 2 2 9 2 9 2 9 9 9 8 2 10 8 9 8 2 2 9 10 2 9 10 10 9 2 2 10 2 9 2 9 1 2 2 9 2 9 9 2 9 2 9 2 8 2 2 10 2 9 8 2 9 10 10 10 2 2 9 9 2 2 2 9 2 2 10 8 8 8 2 2 2 8 9 10 2 2 2 2 2 2 9 2 2 2 2 2 2 2 2 9 2 9 2 2 2 9 2 9 2 2 8 10 2 2 10
left_child=1 32 -2 5 6 25 7 8 51 28 14 -12 13 -13 66 16 -10 29 20 34 30 22 -7 24 -23 26 47 -27 -6 -14 42 38 125 64 -20 71 72 79 39 40 -21 -33 43 46 60 -44 -8 -3 49 -32 88 -5 -53 54 -16 56 -28 58 -57 -29 -45 85 63 -63 -31 -18 90 -68 -41 -26 -42 -25 73 -37 -58 86 -77 -78 -79 -38 -52 82 -66 84 -83 -62 -35 -88 -4 -19 93 92 -92 -11 -95 96 97 -67 -60 -90 -101 -71 104 -104 -103 -50 107 108 109 110 -34 -112 -111 -89 -61 117 -117 118 119 -30 -120 -55 123 124 -85 -1
right_child=2 3 50 4 9 21 18 -9 15 10 11 12 17 -15 53 -17 65 89 19 31 -22 23 -24 35 69 27 55 59 115 33 48 41 106 75 -36 36 37 -39 -40 68 70 -43 45 44 -46 -47 -48 -49 105 -51 80 52 -54 121 -56 57 74 -59 98 114 61 62 -64 -65 81 95 67 -69 -70 101 -72 -73 -74 -75 -76 76 77 78 -80 -81 -82 83 -84 122 -86 -87 87 113 99 -91 91 -93 -94 94 -96 -97 -98 -99 -100 100 -102 102 103 -105 -106 -107 -108 -109 -110 112 111 -113 -114 -115 -116 116 -118 -119 120 -121 -122 -123 -124 -125 -126 -127
leaf_value=0.0049597321458183788 -0.053769876602099094 -0.012895527005195619 0.003479041975323686 -0.0070127652147486527 0.033653334667577459 -0.026774519743112315 0.0031457933672147682 0.021409038658716243 -0.070265783214569083 0.01977112017731231 -0.085195673752258699 -0.084077615014437973 -0.046608566666204151 -0.00018182910116288463 -0.0021092171074392507 -0.0019359266058807927 -0.016572702709239363 -0.013598126681599038 -0.028342695374040487 0.022332676132391024 0.0078415480771857459 -0.0039323355198772371 0.0076093689331289726 0.0094929094485759254 -0.0058740194277287945 -0.0014836233531537984 0.010378284701326774 0.015904835802959066 0.012357775590677588 -0.035509683089534727 0.010035588470539007 -0.047280668586648575 -0.047088912835053967 -0.03581700390272767 0.010174925782380164 0.0042506210414672832 -0.0059378573624703076 -0.0037093830008365566 0.0072696696580632474 0.0034990886036348049 -0.013701066089586614 -0.011336498830000229 0.015687095782026695 -0.0095818653415571959 -0.0010554606763621742 -0.0037382833416476427 -0.011970795509081712 -0.053399001146140303 -0.0023509391469925187 -0.0048146079250481651 0.015944464749011858 -0.063515615207808351 -0.0043951659198821135 -0.03864032865621813 0.0055772937749854236 -0.06935110997878137 -0.00086232889549634113 -0.0057320812352850761 -0.041183062222268842 0.0028640238828245143 -0.0058819355760822631 -0.031035773916009028 -0.020680942092331744 -0.077912595341675481 0.016194887787896246 -0.049585476349507059 -0.017382852159111815 0.0082587323385679128 -0.0048650612627611084 -0.010259996329755586 -0.040278344355035016 -0.0013995878111478757 -0.023288282846025948 0.049386953987906004 -0.01098534497265804 0.010470679007352001 -0.039517481697244304 -0.0055611580022340403 0.0055461852230654276 -0.015567788662581909 -0.026904884241521359 -0.092549104765057566 0.0001840270132551338 -0.019786640048954938 -0.0018484027620978463 -0.033268883994647433 0.0025453679881434349 0.017123853337066744 -0.012792276251782602 -0.047221465454308567 0.0083390842758228299 0.0075053633434524957 -0.010968755809428736 0.0058979176966416011 0.016851947498539344 -0.01556374102388903 -0.098691871912424803 -0.0040369129744735922 0.0010709488578972274 -0.068513351045741924 -0.022629185053161704 -0.034908441067666662 0.0031944969705723987 -0.015629981082744368 -0.018570456166602474 -0.0079683048151740973 -0.013240996649933095 0.054847642811861906 -0.0004858531822008189 0.0088738348062745668 -0.031934082120838946 -0.0010839487488862145 0.00032935792249893755 -0.0026269866170773662 0.013569778042369302 -0.046928940046553701 0.00052149296734912563 0.0052435161020023494 -0.0030586646283650848 -0.018511887572416216 0.010079040187858504 -0.0010601289557286217 0.0087674668249358833 0.0014509347325921658 -0.0010942162819669141 0.014338636948961859
leaf_weight=7351 406 189 169 4208 329 400 3367 1069 299 1224 222 144 137 202 6381 349 548 726 177 220 2472 12664 3321 2011 4169 28462 2516 1364 403 136 2863 190 172 136 7359 2406 3370 20386 2153 4271 1557 1266 743 9704 2705 6155 1308 413 32272 2092 298 167 190 100 12513 120 7202 4397 134 19744 1538 242 1471 136 2681 279 1019 1384 6870 6771 304 5375 211 125 2210 3442 339 3133 3267 4050 131 131 4768 1019 420 251 7097 375 320 166 886 3829 1585 7405 1519 176 130 147 223 192 311 700 634 2102 2555 5404 688 109 21817 9246 260 4037 4880 70751 1334 157 625 22606 1818 1387 2181 31936 2218 21080 1079 2063
leaf_count=7351 406 189 169 4208 329 400 3367 1069 299 1224 222 144 137 202 6381 349 548 726 177 220 2472 12664 3321 2011 4169 28462 2516 1364 403 136 2863 190 172 136 7359 2406 3370 20386 2153 4271 1557 1266 743 9704 2705 6155 1308 413 32272 2092 298 167 190 100 12513 120 7202 4397 134 19744 1538 242 1471 136 2681 279 1019 1384 6870 6771 304 5375 211 125 2210 3442 339 3133 3267 4050 131 131 4768 1019 420 251 7097 375 320 166 886 3829 1585 7405 1519 176 130 147 223 192 311 700 634 2102 2555 5404 688 109 21817 9246 260 4037 4880 70751 1334 157 625 22606 1818 1387 2181 31936 2218 21080 1079 2063
internal_value=-0.00102954 -0.00094626 -0.0246194 -0.00129551 -0.000683119 -0.00273314 -0.00308839 -0.0104502 -0.0157141 0.000446004 -9.67246e-05 -0.00116024 -0.00100842 -0.0342526 0.00178805 -0.0316332 -0.0381917 -0.000911849 -0.00251388 0.00062112 -0.00356425 -0.00516295 0.00385548 -0.0056607 -0.00833554 -0.000197865 -0.00389599 0.00106653 0.00400301 -0.000773158 -0.00396621 -0.00324788 0.00227647 -0.000721336 0.00925433 -0.00357371 -0.00481931 -0.0057087 -0.00203608 -0.00355182 -0.0136755 -0.0160562 -0.00645736 -0.0080595 -0.0100848 -0.00164396 -0.00108296 -0.0400609 -0.00235212 0.00375855 -0.0157698 -0.00898529 -0.0321511 0.000365283 0.00298322 -0.00257255 -0.000358289 -0.00799555 -0.0280969 0.00429942 -0.0119228 -0.0181627 -0.0261603 -0.0480626 0.00164847 -0.0306505 0.00562856 -0.00261737 -0.00165979 -0.0116194 -0.0179654 0.00157797 0.00419865 0.00649842 -0.00323676 -0.00161885 0.00225059 -0.00194881 0.000108581 -0.0111804 0.00276352 0.00180134 0.00596995 0.000604416 -0.023541 -0.0096867 -0.00212182 -0.00206278 -0.0237271 -0.0199013 0.00683678 0.00297506 -0.00404518 0.00923365 0.00775545 -0.0411525 -0.0492101 -0.0339143 -0.0148598 -0.0295992 -0.0402448 -0.0135048 -0.017124 -0.0112683 -0.0220936 -0.00315601 0.00119407 0.00143948 0.00129408 0.00338233 -0.00466626 -0.0029576 0.00592879 -0.00252261 0.00354051 0.00365611 -0.00964546 0.00402405 -0.000738032 -0.0114947 0.00409695 -0.00117864 0.00112919 0.000397905 -0.0101782 0.00701635
internal_weight=519616 517789 1827 467166 327608 139558 104652 7562 6493 222956 193450 123669 123447 346 69781 1928 1579 123101 97090 24367 72723 71250 3721 67529 29595 68308 17404 50904 29506 122209 70251 16831 50623 122072 7536 37934 30548 27806 15375 13222 2081 1456 27620 20722 16047 6898 4675 602 42631 4955 1421 4565 357 50930 18894 16802 11928 4874 477 22442 13342 3638 1849 378 33532 1280 18851 2403 11141 16931 1861 7386 2742 2531 9412 88540 10181 6739 6400 7420 429 33396 7449 25947 551 1789 78359 78223 992 892 16448 6300 2471 10148 8924 732 556 426 357 823 503 12762 5991 2736 3255 37676 41209 40521 40412 18595 4469 4297 14126 71126 21078 29177 782 28395 5789 1790 3999 32036 25396 23178 2098 9414
internal_count=519616 517789 1827 467166 327608 139558 104652 7562 6493 222956 193450 123669 123447 346 69781 1928 1579 123101 97090 24367 72723 71250 3721 67529 29595 68308 17404 50904 29506 122209 70251 16831 50623 122072 7536 37934 30548 27806 15375 13222 2081 1456 27620 20722 16047 6898 4675 602 42631 4955 1421 4565 357 50930 18894 16802 11928 4874 477 22442 13342 3638 1849 378 33532 1280 18851 2403 11141 16931 1861 7386 2742 2531 9412 88540 10181 6739 6400 7420 429 33396 7449 25947 551 1789 78359 78223 992 892 16448 6300 2471 10148 8924 732 556 426 357 823 503 12762 5991 2736 3255 37676 41209 40521 40412 18595 4469 4297 14126 71126 21078 29177 782 28395 5789 1790 3999 32036 25396 23178 2098 9414
cat_boundaries=0 2 4 6 8 9 11 12 13 14 15 17 18 19 21 23 24 26 27 28 30 32 34 35 37 39 41 43 44 46 48 50 52 54 55 57 58 60 61 62
cat_threshold=407109716 10 268435458 8192 1144569857 836 1143511169 18400 524289 74282 1 1024 2726429696 2 12 1081344 4 16778240 25314856 2048 512 2097152 17792 32 16779392 5248 25182248 2097152 1073758208 320 0 768 35127296 2052 2 2176 5280 2621440 16672 2097152 16384 32768 64 1048576 67108864 512 33644552 2064 131072 16384 2684354560 2048 2048 128 2147484672 8192 4113 2 262164 10 8192 512
is_linear=0
shrinkage=0.03


Tree=62
num_leaves=127
num_cat=40
split_feature=0 5 0 2 5 4 5 5 0 23 0 5 5 0 0 5 0 0 5 11 21 13 28 0 5 5 0 0 0 5 5 5 13 0 0 23 13 31 5 5 5 0 8 30 5 30 0 4 21 13 32 0 0 5 0 0 22 5 21 0 5 23 20 5 0 13 13 5 5 24 31 11 26 4 26 26 5 11 13 31 28 11 31 31 32 32 13 11 32 5 13 0 31 23 20 26 13 11 5 5 20 0 5 5 5 0 8 0 31 11 5 13 11 20 5 3 21 0 4 20 0 5 4 31 22 21
split_gain=904.788 635.761 553.868 552.141 961.561 661.497 575.896 495.236 441.24 353.726 293.28 796.81 727.943 1397.03 2136.42 493.901 489.572 394.096 363.757 294.572 285.647 280.872 255.067 238.732 1620 405.315 336.328 227.721 3396.37 1051.67 997.941 494.347 386.338 374.315 323.724 317.524 308.572 284.001 280.996 271.444 231.463 363.187 310.777 299.908 219.457 217.386 215.581 248.041 214.633 206.737 300.408 386.784 206.637 248.872 201.999 191.034 755.916 209.609 186.665 186.035 232.11 716.274 185.484 198.484 185.464 197.343 184.773 179.124 172.335 171.724 171.357 171.245 205.037 167.448 164.792 162.736 258.36 161.016 150.746 217.553 149.624 232.647 148.093 147.504 147.11 145.621 145.613 144.215 429.887 506.001 197.379 141.99 141.746 158.024 138.813 136.3 135.63 132.673 130.627 129.996 241.716 129.223 128.282 126.765 122.839 120.99 122.494 194.753 120.776 120.283 130.815 118.741 196.701 188.234 164.335 128.974 117.647 129.714 467.573 167.613 117.567 157.892 117.545 116.785 114.108 113.057
threshold=13030.000000000002 0 1560.0000000000002 1 2 3 4 5 1715.0000000000002 0.058227287605404861 850.00000000000011 6 7 425.00000000000006 475.00000000000006 8 325.00000000000006 950.00000000000011 9 -0.90529522299766529 0.091295003890991225 46.500000000000007 0.14512951672077182 615.00000000000011 10 11 550.00000000000011 850.00000000000011 950.00000000000011 12 13 14 40.500000000000007 155.00000000000003 225.00000000000003 0.081555202603340163 9.5000000000000018 0.065399166196584715 15 16 17 1225.0000000000002 8.5000000000000018 0.074335586279630675 18 0.054781457409262664 325.00000000000006 19 0.1196713224053383 40.500000000000007 0.18624549359083178 27950.000000000004 1225.0000000000002 20 2375.0000000000005 715.00000000000011 -0.10275281593203543 21 0.079372856765985503 155.00000000000003 22 0.058227287605404861 67.500000000000014 23 615.00000000000011 9.5000000000000018 47.500000000000007 24 25 0.96461459994316112 0.056653732433915145 -0.60554069280624379 0.10922185331583024 26 0.032988865859806545 0.17467451840639117 27 -0.87395131587982167 33.500000000000007 0.042853806167840965 0.10917090997099878 0.2603727281093598 0.050722325220704086 0.094693522900342955 0.14828153699636462 0.24404924362897876 36.500000000000007 0.24372619390487674 0.14313145726919177 28 41.500000000000007 45.000000000000007 0.035962572321295745 0.032954851165413863 100.50000000000001 0.1111494228243828 45.500000000000007 0.35042373836040502 29 30 75.500000000000014 155.00000000000003 31 32 33 615.00000000000011 9.5000000000000018 325.00000000000006 0.08187111467123033 0.35846313834190374 34 39.500000000000007 0.039769539609551437 34.500000000000007 35 36 0.10694084689021112 615.00000000000011 37 39.500000000000007 90.000000000000014 38 39 0.080179151147604003 -0.11594646796584128 0.065142124891281142
decision_type=2 9 2 9 9 9 9 9 2 10 2 9 9 2 2 9 2 2 9 2 10 2 10 2 9 9 2 2 2 9 9 9 2 2 2 8 2 10 9 9 9 2 2 10 9 8 2 9 10 2 10 2 2 9 2 2 10 9 10 2 9 10 2 9 2 2 2 9 9 2 8 2 8 9 10 10 9 2 2 8 8 2 10 10 8 10 2 2 10 9 2 2 8 10 2 10 2 2 9 9 2 2 9 9 9 2 2 2 10 2 9 2 2 2 9 1 8 2 9 2 2 9 9 10 8 8
left_child=1 2 27 6 5 9 80 20 44 101 12 22 13 16 86 -14 71 98 95 62 21 -2 78 25 67 58 77 30 36 68 31 -1 37 122 -35 74 -29 38 84 -34 41 42 -37 69 -6 -26 47 -36 97 50 51 -9 82 85 -10 57 102 -21 -17 75 61 -61 63 -16 -59 -66 -67 -25 -30 -42 -71 -8 -73 -4 -31 76 -46 103 79 -12 -3 104 -45 -84 -32 -54 -15 90 89 -89 -69 -78 93 -7 -76 -19 -43 -24 -13 100 -80 -5 -57 -27 105 106 -82 -108 123 -72 -111 112 114 -114 -62 -113 -48 -118 -119 -120 121 -41 -33 -18 -124 -40
right_child=7 3 73 4 8 92 10 49 54 -11 11 17 15 14 19 23 108 18 -20 55 -22 -23 48 24 45 26 -28 28 29 35 32 33 39 34 46 40 -38 -39 125 120 43 96 -44 52 59 -47 116 -49 -50 -51 -52 -53 53 -55 -56 56 -58 64 -60 60 111 -63 -64 -65 65 66 -68 87 -70 70 109 72 -74 -75 94 -77 91 -79 99 -81 81 -83 83 -85 -86 -87 -88 88 -90 -91 -92 -93 -94 -95 -96 -97 -98 -99 -100 -101 -102 -103 -104 -105 -106 -107 107 -109 -110 110 -112 115 113 -115 -116 -117 117 118 119 -121 -122 -123 124 -125 -126 -127
leaf_value=0.013232579780407278 -0.055645162997741811 0.0071670501306177262 0.021684541540438678 -0.048265879594912228 0.0055426873322204405 -0.0047200214030047082 -0.016159123111237933 -0.0009289770618514531 -0.049227579384905899 0.0091172873398730741 -0.016290439504037912 0.04280531380717692 0.011914590795497835 -0.11217510026693343 -0.024162307761814932 0.0015836981690708837 0.0037389228199653842 0.00049691862171657433 0.0074541641962073343 0.0049002164778661527 -0.0053643262789056104 -0.0027478401109369264 -0.025118265199365421 -0.020782986662511087 0.0043831913186332732 -0.020555007491110971 -0.041447966163701347 -0.1216375456810655 0.020072043109198995 -0.0034639792342746069 -0.0064246067140139732 -0.022691189355252616 -0.0098952151281157912 0.016393942979643094 -0.0068322304501128254 -0.010601776212598805 -0.064044195518723854 -0.0078442565651090507 0.00073705657156386128 0.031724293351821274 -0.0080064531770354368 0.0081519170267844426 -0.033933551754858904 -0.00060009896330456283 -0.040555078600937468 0.016138128358037695 -0.0029403951724294168 0.010205945435011353 -0.0080895119460925521 -0.028220972500770686 -0.040682191956261063 0.061865208392793476 0.0073814275282556166 -0.011893270519254281 -0.012587084855373588 0.012119347071816581 -0.098813802982979218 0.023517573418121943 0.011682536155042856 0.01583585078986802 -0.0084583881720226625 -0.063322178130849782 -0.018410638913665147 -0.076983239598133982 -0.0028051050688978536 -0.017644671708294837 -0.0040953968608454282 0.0029104479156641049 0.0057487051776960911 0.011141637763018348 -0.0017327933181166036 -0.024494922699175917 -0.00043534921171105577 0.0057951942015848426 -0.025288948439832388 0.026849370579083643 0.02319115788652221 -0.0017462515882952809 -0.0011592436141555276 0.0012044882066261551 0.011284366502310246 -0.0013247420254240455 -0.015973957927906752 -0.0012878698391835949 0.0013929725232411454 -0.0087142376928856877 -0.069730215167999265 -0.076713412148611881 -0.00043429643383606053 -0.016043139899864112 -0.0077841617280413793 -0.0024030258038505981 -0.0049507465840967092 0.0082582156578546954 -0.064544009561613783 0.0071613907256260489 -0.022569337447427888 -0.074002689227653545 0.010106346820519394 -0.0041603649511560235 -0.022464425198418889 -0.025583751882876166 -0.023184281362413725 -0.0056596515883173921 0.0034317371832200891 0.016262770917005922 0.0072512351041803015 -0.021063909088999504 0.016561712370473287 0.001791085437157221 -0.0083939278125795512 -0.00047467040657470566 -0.038307748796691285 4.9959381084193824e-05 0.0059553801915009121 -0.0097626071469733341 0.0068035212974432826 0.017040426069325681 -0.041865087216719984 -0.0029346631997193662 -0.0043804135309658274 0.0001582596525454059 -0.023034671167743964 -0.014063975954384998 -0.0013219526853816383 -0.0040852156845274778
leaf_weight=3827 583 8918 720 403 7528 1782 1535 447 204 193 720 293 3221 159 218 17006 9241 21184 13855 909 184 107 101 607 1871 561 201 101 851 171 2351 573 10664 1453 4110 1467 522 6641 5246 173 5161 807 791 870 148 5832 2233 945 246 286 120 109 1759 1800 402 161 105 141 1823 1838 756 108 876 108 1854 3675 1203 3693 6532 848 32619 367 2384 3477 231 171 196 30780 812 5673 1186 9200 4509 713 27456 709 149 136 1704 930 2679 20110 42699 1603 126 3175 153 101 208 3792 1169 525 194 5581 28795 1394 590 346 639 1455 5169 12096 115 15578 10405 1513 8463 1244 101 4133 17210 645 281 343 958 26363
leaf_count=3827 583 8918 720 403 7528 1782 1535 447 204 193 720 293 3221 159 218 17006 9241 21184 13855 909 184 107 101 607 1871 561 201 101 851 171 2351 573 10664 1453 4110 1467 522 6641 5246 173 5161 807 791 870 148 5832 2233 945 246 286 120 109 1759 1800 402 161 105 141 1823 1838 756 108 876 108 1854 3675 1203 3693 6532 848 32619 367 2384 3477 231 171 196 30780 812 5673 1186 9200 4509 713 27456 709 149 136 1704 930 2679 20110 42699 1603 126 3175 153 101 208 3792 1169 525 194 5581 28795 1394 590 346 639 1455 5169 12096 115 15578 10405 1513 8463 1244 101 4133 17210 645 281 343 958 26363
internal_value=-0.000985656 -0.00091107 -0.00225436 -8.81938e-05 -0.00171599 -0.00503546 0.000862711 -0.0220027 0.000486224 -0.0277965 -5.78968e-05 0.00178823 -0.000997189 -0.00552468 -0.0143073 0.000437022 0.000375173 0.00392133 0.00357533 -0.0117661 -0.0381762 -0.0474581 -0.00475781 -6.83286e-05 0.00299495 -0.00102384 -0.00284187 -0.00248963 -0.00389582 -0.00324443 -0.00173222 0.00322011 -0.00318192 0.0016505 0.00269954 -0.00457234 -0.0735611 -0.00195129 -0.00131395 -0.00610189 -0.00436497 -0.0121795 -0.0187865 -0.00390968 0.000705372 0.0132667 0.00176151 -0.00364566 -0.0269676 -0.00681703 0.00216609 0.0114704 -0.00851455 -0.00345151 -0.0249823 -0.0097405 -0.0285087 -0.00862758 0.00256066 0.000126685 0.00126328 0.0113541 -0.0256362 -0.0449363 -0.0104092 -0.0111386 -0.0143047 -0.00512994 0.00742709 -0.00285613 -0.00219294 -0.00813456 -0.00365278 0.00852555 -0.0277125 -0.00221026 -0.0024545 -0.00263136 -0.00394172 -0.000768086 0.00364088 0.00288406 -0.0120605 -0.0139694 0.000775913 0.00274474 -0.0919338 -0.0040669 -0.00978489 -0.0247174 -0.00158644 -0.00215379 -0.00448229 0.00142657 -0.0392853 0.00136528 0.00323733 -0.0498046 0.0303309 -0.00745544 -0.0136676 -0.0354752 -0.00749508 -0.00706597 0.00408245 0.00937267 0.004885 -0.003227 0.00394333 -0.00248136 -0.00616676 0.00077471 0.00193179 -0.000233553 0.00497614 -0.00150791 0.00345158 0.00447556 0.00087848 -0.003873 -0.00385 0.00725408 -0.0114662 0.00310038 -0.00626091 -0.00328385
internal_weight=519484 517648 196631 321017 118373 47205 202644 1836 71168 1121 152215 51329 100886 24261 9752 76625 14509 38715 38214 9444 874 690 12614 73404 17452 55952 37123 192434 67364 66741 125070 28321 96749 24494 22682 59358 623 68057 61416 28692 58830 3218 2258 55612 70562 7703 21229 5055 448 962 676 556 10360 4268 606 8242 460 7782 18829 63034 42409 1946 1202 326 6873 6732 4878 9749 7383 45252 40091 4286 2751 4197 528 20625 20454 36922 12166 6393 50429 41511 6092 5222 29807 2468 308 9142 2770 1066 6372 20306 46084 3385 357 24359 960 202 501 5773 1981 928 355 6142 32311 3516 2122 936 10223 39243 6624 40463 26854 15693 11161 13609 16174 13941 5478 4234 18028 818 1812 9584 1239 31609
internal_count=519484 517648 196631 321017 118373 47205 202644 1836 71168 1121 152215 51329 100886 24261 9752 76625 14509 38715 38214 9444 874 690 12614 73404 17452 55952 37123 192434 67364 66741 125070 28321 96749 24494 22682 59358 623 68057 61416 28692 58830 3218 2258 55612 70562 7703 21229 5055 448 962 676 556 10360 4268 606 8242 460 7782 18829 63034 42409 1946 1202 326 6873 6732 4878 9749 7383 45252 40091 4286 2751 4197 528 20625 20454 36922 12166 6393 50429 41511 6092 5222 29807 2468 308 9142 2770 1066 6372 20306 46084 3385 357 24359 960 202 501 5773 1981 928 355 6142 32311 3516 2122 936 10223 39243 6624 40463 26854 15693 11161 13609 16174 13941 5478 4234 18028 818 1812 9584 1239 31609
cat_boundaries=0 2 3 5 6 8 10 12 13 14 16 18 20 22 24 26 28 30 32 34 35 37 38 39 40 41 42 43 44 46 47 49 50 51 52 54 56 57 58 60 61
cat_threshold=3785769 6485 6 3091341842 16896 2 138551446 514 303038466 8192 2416181248 9344 595595264 2147745792 1098908160 32 335544384 9248 335544320 9256 2688032 65 1081344 84 0 68 2098208 6400 2114592 4096 8 16 67371072 34 1 0 2052 16777216 33560576 545259520 67108864 524288 1 2048 0 8192 8388608 2147483648 1024 545259520 2048 4 16384 2304 0 128 2 1 524288 1 1
is_linear=0
shrinkage=0.03


Tree=63
num_leaves=127
num_cat=20
split_feature=0 11 13 21 11 11 4 0 21 23 22 25 11 12 4 17 21 25 27 25 3 25 2 27 25 25 4 25 31 0 11 25 12 21 0 25 25 21 25 2 25 25 6 29 21 31 23 30 23 28 11 27 25 0 11 27 4 22 25 0 25 28 0 25 25 2 11 0 0 0 0 2 2 25 25 0 31 2 22 4 25 25 4 27 25 25 27 25 25 3 25 25 23 32 25 4 27 0 25 22 4 0 21 21 0 25 27 25 4 3 25 25 0 4 0 25 11 0 25 25 25 0 25 25 25 4
split_gain=1127.64 473.765 972.498 626.29 338.113 274.46 242.218 231.692 229.333 226.586 345.348 220.642 209.569 202.567 192.232 170.713 157.784 151.362 204.687 141.515 211.012 147.59 141.184 177.223 221.401 521.57 816.329 211.105 203.929 135.185 190.321 133.013 415.808 129.911 122.911 127.606 275.262 120.548 115.64 115.345 113.497 111.998 111.681 109.881 113.72 107.812 101.392 100.803 150.569 100.597 100.324 94.7262 95.8158 94.6229 94.4234 93.139 101.192 89.4202 116.379 124.085 89.2384 88.6471 86.656 93.1056 167.464 331.484 150.487 119.716 124.207 86.5653 195.925 86.1267 85.1982 95.3667 199.252 234.609 82.6682 81.3814 126.279 81.3717 79.1178 74.8275 111.161 145.064 205.766 121.44 114.211 108.777 98.2659 236.72 322.379 176.561 94.4084 84.1501 76.7026 96.6668 83.9862 471.944 85.8382 71.3834 91.9463 75.7228 77.0666 76.1239 70.2127 170.03 161.217 116.965 109.841 104.609 164.336 265.164 219.742 185.945 97.3533 89.7777 85.627 75.0573 71.1048 119.08 77.4615 69.8065 109.011 97.4204 112.142 68.6375
threshold=13030.000000000002 0.3903625756502152 36.500000000000007 0.113277904689312 -0.20180235803127286 -0.69674959778785694 0 45.000000000000007 0.081666920334100737 0.10078860074281694 -0.068457558751106248 7.5000000000000009 -0.5917624533176421 -0.031174269504845139 1 10.500000000000002 0.078528158366680159 29.500000000000004 0.1688736900687218 22.500000000000004 2 88.500000000000014 3 0.10038758814334871 33.500000000000007 18.500000000000004 4 75.500000000000014 0.08187111467123033 19050.000000000004 -0.2102246284484863 77.500000000000014 0.57605713605880748 0.13336781412363055 1280.0000000000002 107.50000000000001 97.500000000000014 0.11349182203412057 89.500000000000014 5 16.500000000000004 19.500000000000004 1.0000000180025095e-35 0.040852611884474761 0.062923286110162749 0.09356460347771646 0.10130250453948976 0.085353039205074324 0.091522067785263075 0.1469775587320328 0.98213580250740062 0.059944719076156623 21.500000000000004 1280.0000000000002 0.056951373815536506 0.069445703178644194 6 -1.026416480541229 90.500000000000014 155.00000000000003 15.500000000000002 0.10560723021626474 225.00000000000003 113.00000000000001 117.50000000000001 7 -0.35846811532974238 950.00000000000011 715.00000000000011 325.00000000000006 950.00000000000011 8 9 19.500000000000004 15.500000000000002 325.00000000000006 0.025209763087332252 10 0.081499706953763976 11 95.000000000000014 46.500000000000007 12 0.095947422087192549 57.500000000000007 85.500000000000014 0.086274277418851866 50.500000000000007 57.500000000000007 13 69.500000000000014 68.500000000000014 0.11144557595252992 0.2216104865074158 42.500000000000007 14 0.095947422087192549 950.00000000000011 38.500000000000007 0.0031227533472701911 15 715.00000000000011 0.070677299052476897 0.067548755556345 325.00000000000006 76.500000000000014 0.084925193339586272 10.500000000000002 16 17 20.500000000000004 16.500000000000004 950.00000000000011 18 950.00000000000011 110.00000000000001 -0.69057363271713246 155.00000000000003 22.500000000000004 16.500000000000004 70.500000000000014 615.00000000000011 46.500000000000007 62.500000000000007 31.500000000000004 19
decision_type=2 2 2 8 2 2 9 2 8 10 10 2 2 2 9 2 10 2 2 2 1 2 9 2 2 2 9 2 8 2 2 2 2 10 2 2 2 8 2 9 2 2 2 10 10 10 10 8 8 10 2 2 2 2 2 2 9 10 2 2 2 10 2 2 2 9 2 2 2 2 2 9 9 2 2 2 10 9 8 9 2 2 9 2 2 2 2 2 2 1 2 2 10 10 2 9 2 2 2 10 9 2 10 10 2 2 2 2 9 1 2 2 2 9 2 2 2 2 2 2 2 2 2 2 2 9
left_child=1 2 4 6 5 -1 61 -4 16 10 11 -2 13 51 -13 54 39 -16 29 20 55 53 33 27 25 -25 -27 -24 -29 -19 31 -31 -33 37 38 36 -36 -5 -23 76 -8 69 104 57 46 125 -45 -39 -49 -12 -46 52 60 -21 -10 56 -14 58 59 -43 -9 -3 80 67 65 -65 -67 68 -64 -42 -71 -63 73 74 -22 -76 -6 78 -56 -62 -40 94 92 86 87 -86 88 -85 -84 93 91 -91 -83 -90 95 96 -50 -98 -99 101 -101 102 103 -78 105 106 107 117 -107 114 111 -111 113 -113 121 -110 -115 -15 119 -109 -120 123 -123 124 -106 -26
right_child=9 3 7 22 8 -7 40 12 15 -11 49 14 19 42 17 -17 -18 18 -20 21 72 34 23 24 45 26 -28 28 -30 30 -32 32 -34 -35 35 -37 -38 47 62 -41 41 43 -44 44 50 -47 -48 48 81 -51 -52 -53 -54 -55 77 -57 -58 -59 -60 -61 79 71 63 64 -66 66 -68 -69 -70 70 -72 -73 -74 -75 75 -77 99 -79 -80 -81 -82 82 83 84 85 -87 -88 -89 89 90 -92 -93 -94 -95 -96 -97 97 98 -100 100 -102 -103 -104 -105 109 108 -108 118 115 110 -112 112 -114 116 -116 -117 -118 -119 120 -121 -122 122 -124 -125 -126 -127
leaf_value=0.00044935250572188606 0.0056331597091239718 0.006779274628217263 0.019453285673003654 -0.031696440112440188 0.011829623632803722 0.0039269907242675105 0.0073282671416366151 0.0032525337266399133 0.0028009590786110231 -0.067162491372074778 0.033576140811972043 -0.010580895262959028 0.006190508026267705 -0.00058804571096402467 -0.063091999715150796 0.00018405353208043927 0.010268469878318311 -0.048736312995877183 -0.064895079226682445 -0.0023721206598981389 0.0068618957106165723 0.019014138377130309 -0.0074089915059674556 -0.0034760791503037967 -0.0073880539600215322 -0.0036464297387520878 -0.10682531372281431 -0.0047548935464363914 -0.027073411541880577 -0.047617899482314645 0.010355300599453495 0.029124706345522458 -0.055955533391178244 0.001606838026560429 0.0010727829367172816 0.0076502449347847891 -0.06569281346866461 -0.0089622813508360103 -0.01835748424087293 -0.0011113351547360022 -0.0034452238465523537 -0.0067786554066150435 -0.011541825212434506 0.0004337340179940139 -0.00098582959673772447 -0.011088390728974652 0.0071975031634408278 0.017358244078894774 -0.0014507039578078547 -0.0074284064514296387 -0.0056891841225255573 -0.0013193471426301729 0.0059336039738044606 0.0095841667292070037 -0.0099303827853728377 0.0022910559084980083 0.018190287026274565 -0.007874840256136155 -0.0086733083173510493 0.024716820807685221 -0.036465166297651105 -0.0079390196149551097 0.00073416526449516454 0.0021074189001942865 0.00086999941204329476 -0.0092555354939338683 -0.045278097407590645 0.0061769391154613005 -0.029635573402723117 -0.052104884531687601 -0.0073628371357499214 0.0038567676222215426 -0.013717747603304593 0.007013075498675852 -0.0020172184608774641 -0.04271557271021053 0.00092902592591486669 -0.0044910408465743479 0.0010046864625834224 -0.0063701502667304049 -0.0023303298747092086 -0.0030429767174986028 0.0019955272170086137 0.01332512939778658 0.003140244183630448 -0.010792908091346422 -0.01318874706436921 -0.019481203294075974 -0.0016169340912829018 -0.019832799149870215 -0.056610008664429189 0.020068720470114453 0.0071065220121058334 -0.0092838117339575435 0.0064968695898574898 -0.00071620791120242705 -0.032510490600341481 -0.010608878760747181 0.0092559941589006826 -0.0091914491614569771 0.018460711064544163 0.0077829065008935012 -0.0059641674691717989 0.0081752862434008675 -0.0012004374458251177 -0.022344908209659009 -0.01013096664129935 -0.0049439982010560509 -0.008385058536272097 -0.0027208247843722032 -0.002930627897700851 -0.00011522445827722549 -0.00020058947874824942 -0.047476671063318487 -0.0035143376048607702 0.0082211003868610816 -0.016662580327202494 -0.025443132144343166 -0.0035983795109611619 0.0065299831908343844 0.0026573469858703902 -0.0057163367660335845 0.0089937507468540821 -0.0048165385074743832 0.015091396975175161 -0.00065200994669363218
leaf_weight=34093 166 5250 455 140 986 50945 1416 450 2494 105 110 318 1802 167 171 54881 2184 170 142 39002 487 322 9637 667 1617 146 130 572 1037 184 152 105 100 4088 118 123 104 3263 324 7777 498 180 1514 10676 36922 1239 2452 309 1199 104 4588 30265 3187 604 1123 2348 975 3462 426 298 123 828 5369 641 5786 166 283 6006 123 131 266 1647 604 792 291 226 7382 16604 6155 234 1888 9423 1113 103 3392 674 2978 739 2685 531 191 122 903 2477 956 7947 601 303 549 137 505 1904 1173 1584 983 488 2692 1345 6106 1296 44076 122 250 409 4307 307 103 316 13698 2059 2047 572 2175 2008 619 8587
leaf_count=34093 166 5250 455 140 986 50945 1416 450 2494 105 110 318 1802 167 171 54881 2184 170 142 39002 487 322 9637 667 1617 146 130 572 1037 184 152 105 100 4088 118 123 104 3263 324 7777 498 180 1514 10676 36922 1239 2452 309 1199 104 4588 30265 3187 604 1123 2348 975 3462 426 298 123 828 5369 641 5786 166 283 6006 123 131 266 1647 604 792 291 226 7382 16604 6155 234 1888 9423 1113 103 3392 674 2978 739 2685 531 191 122 903 2477 956 7947 601 303 549 137 505 1904 1173 1584 983 488 2692 1345 6106 1296 44076 122 250 409 4307 307 103 316 13698 2059 2047 572 2175 2008 619 8587
internal_value=-0.00102056 -0.000937557 -0.000392593 -0.00244789 0.00112701 0.00253278 -0.000432768 -0.00190558 -1.27231e-05 -0.0245415 -0.0219051 -0.0269646 -0.00195675 -0.00270235 -0.030998 -0.000769228 0.00258839 -0.0373219 -0.032088 -0.000627446 0.00325339 -0.00110734 -0.00448428 -0.00636086 -0.00388755 -0.0178519 -0.0524554 -0.00908995 -0.0191471 -0.0254539 -0.0180613 -0.0291631 -0.012448 -0.00348954 0.000909407 -0.016825 -0.0303591 -0.0040036 0.00120283 0.0018059 -0.00106351 -0.00126201 -0.00346681 -0.00110214 -0.000736123 -0.00273531 0.0016975 -0.00390699 -0.00346328 0.0137068 -0.0015058 -0.000746258 0.00359563 -0.00218955 -0.00275267 0.00669077 0.0104086 -0.0056814 0.00271811 0.0128672 -0.00563338 0.00457308 0.000923322 0.00159873 -0.00116271 -0.0119437 -0.0313145 0.00325007 4.87268e-05 -0.0117889 -0.0222204 -0.000107559 -0.00408659 -0.0007612 -0.00690235 -0.0198561 0.00346367 -0.00333273 -0.000682796 -0.0168119 -0.00468512 -0.00363817 -0.00455075 -0.00619932 -0.00196794 0.000828531 -0.00825573 -0.015457 -0.0061906 -0.00770769 -0.0224281 -0.0123587 -0.00215481 -0.00529699 -0.00163736 -0.00237159 -0.00732999 -0.0121772 0.00218722 0.00281523 0.0125547 0.00229503 0.0012638 0.00220997 -0.00332476 -0.00452008 -0.00324756 -0.00230322 -0.00863548 -0.00271097 -0.00332847 -0.0113672 -0.0240258 -0.0334055 -3.24253e-05 -0.00758894 -0.0413223 -0.0168683 -0.00193498 0.00199622 -0.00278496 0.00232682 0.00592975 -0.000415672 0.00510008 -0.00172007
internal_weight=519869 518042 380684 137358 189927 85038 69040 190757 104889 1827 1722 1508 190302 121918 1342 81257 23632 1024 853 68384 7525 60859 68318 23632 12386 943 276 11246 1609 711 541 389 205 44686 21253 345 222 40598 20908 21448 61315 59899 87659 59004 54638 11443 13128 40458 37195 214 41510 34259 3994 39606 26376 5125 2777 4366 904 478 807 7725 20586 18374 6876 1090 449 11498 5492 895 397 2475 2400 1796 1004 517 13671 23882 7278 357 2212 36886 25331 15005 4908 4066 10097 842 7119 6006 844 653 10326 5162 11555 10599 2652 1453 852 12685 642 12043 10139 8966 86145 29225 22324 19632 6901 56920 46256 2180 884 634 10664 6413 512 483 19149 3404 15745 6357 2747 3610 1602 10204
internal_count=519869 518042 380684 137358 189927 85038 69040 190757 104889 1827 1722 1508 190302 121918 1342 81257 23632 1024 853 68384 7525 60859 68318 23632 12386 943 276 11246 1609 711 541 389 205 44686 21253 345 222 40598 20908 21448 61315 59899 87659 59004 54638 11443 13128 40458 37195 214 41510 34259 3994 39606 26376 5125 2777 4366 904 478 807 7725 20586 18374 6876 1090 449 11498 5492 895 397 2475 2400 1796 1004 517 13671 23882 7278 357 2212 36886 25331 15005 4908 4066 10097 842 7119 6006 844 653 10326 5162 11555 10599 2652 1453 852 12685 642 12043 10139 8966 86145 29225 22324 19632 6901 56920 46256 2180 884 634 10664 6413 512 483 19149 3404 15745 6357 2747 3610 1602 10204
cat_boundaries=0 1 2 3 4 5 6 7 8 9 10 11 12 13 14 15 16 17 18 19 20
cat_threshold=2 1 2 6 4 6 1 10 4 6 2 1 1 2 2 4 4 1 2 1
is_linear=0
shrinkage=0.03


Tree=64
num_leaves=127
num_cat=29
split_feature=1 5 5 1 12 1 5 25 2 5 5 27 1 5 27 5 27 5 25 27 1 5 27 5 5 27 25 25 27 1 5 5 1 21 25 25 1 25 1 1 27 27 25 13 11 25 5 27 25 27 28 23 5 5 27 12 25 1 13 11 5 5 1 11 5 1 5 5 23 27 5 11 26 26 1 1 25 23 20 5 27 1 5 11 27 30 5 12 1 25 1 25 1 31 21 13 5 1 12 25 25 25 3 21 31 25 1 11 25 32 25 25 27 11 27 27 25 31 11 12 5 1 27 1 25 27
split_gain=895.132 563.627 454.042 372.388 363.993 325.168 296.912 284.253 273.457 1791.01 710.552 542.974 442.399 1128.15 559.518 451.585 352.007 451.277 523.47 443.762 331.34 488.772 350.187 309.137 302.194 486.302 529.424 465.441 452.737 560.065 671.399 427.731 390.757 548.72 433.726 362.983 352.221 504.085 345.07 1609.61 334.884 330.465 359.504 291.017 289.08 731.759 514.553 279.621 276.155 268.309 263.974 263.145 261.781 258.141 252.647 250.367 248.628 716.507 244.383 242.461 237.941 236.246 220.545 430.586 215.947 213.197 446.567 251.166 297.042 293.906 222.106 272.537 376.345 268.931 218.358 212.443 204.048 203.447 316.485 202.332 199.68 255.234 288.513 198.776 197.754 305.982 262.548 334.566 196.914 192.784 239.434 192.7 191.663 190.941 190.192 188.572 186.476 182.89 182.415 180.149 175.44 173.992 173.096 169.077 168.662 168.099 168.067 211.559 167.941 204.103 166.827 266.055 486.923 334.618 209.653 250.2 518.636 166.278 196.185 341.058 199.228 163.923 162.819 357.11 1279.01 370.764
threshold=9.461545944213869 0 1 7.3527534008026132 0.10623887926340105 7.4465231895446786 2 76.500000000000014 3 4 5 0.098654624074697508 6.5665833950042733 6 0.084925193339586272 7 0.092709075659513487 8 20.500000000000004 0.095947422087192549 5.0493419170379648 9 0.05270845256745816 10 11 0.056865874677896507 49.000000000000007 81.500000000000014 0.089248880743980422 6.8561301231384286 12 13 6.744683265686036 0.066236898303031935 19.500000000000004 113.00000000000001 6.4229502677917489 130.50000000000003 6.8561301231384286 6.744683265686036 0.08212983608245851 0.055219287052750594 37.500000000000007 40.500000000000007 0.24372619390487674 64.500000000000014 14 0.055219287052750594 7.5000000000000009 0.095947422087192549 0.1071726903319359 0.043235365301370628 15 16 0.076740767806768431 -0.54940786957740773 73.500000000000014 7.7717878818511972 41.500000000000007 0.17646842449903491 17 18 4.9065351486206064 -0.5917624533176421 19 5.759707212448121 20 21 0.07194120436906816 0.051913643255829818 22 0.07411635667085649 0.1111494228243828 0.15855667740106585 5.0493419170379648 5.4143788814544687 88.500000000000014 0.10042453557252885 75.500000000000014 23 0.089248880743980422 4.5047848224639901 24 0.24372619390487674 0.053263295441865928 0.10685699060559274 25 0.071972697973251357 5.4143788814544687 102.50000000000001 5.0493419170379648 32.500000000000007 5.0493419170379648 0.042453149333596236 0.15616496652364734 40.500000000000007 26 5.0493419170379648 0.12332734838128091 52.500000000000007 55.500000000000007 19.500000000000004 27 0.053580235689878471 0.065399166196584715 69.500000000000014 5.0493419170379648 -0.69674959778785694 84.500000000000014 0.18701074272394183 69.500000000000014 59.500000000000007 0.16352472454309466 -0.47558552026748652 0.11874964460730554 0.11368945986032487 57.500000000000007 0.063124977052211775 0.24372619390487674 -0.72102889418601979 28 4.1348783969879159 0.1321084722876549 7.1552743911743173 102.50000000000001 0.1045757830142975
decision_type=2 9 9 2 2 2 9 2 9 9 9 2 2 9 2 9 2 9 2 2 2 9 2 9 9 2 2 2 2 2 9 9 2 8 2 2 2 2 2 2 2 2 2 2 2 2 9 2 2 2 8 8 9 9 2 2 2 2 2 2 9 9 2 2 9 2 9 9 8 2 9 2 10 10 2 2 2 8 2 9 2 2 9 2 2 10 9 2 2 2 2 2 2 8 10 2 9 2 2 2 2 2 1 8 10 2 2 2 2 10 2 2 2 2 2 2 2 8 2 2 9 2 2 2 2 2
left_child=1 5 59 8 7 6 -1 -4 9 -3 16 12 13 20 47 -14 24 18 55 -19 52 -22 -23 104 38 26 31 92 32 30 -30 -26 34 -34 -27 -31 53 103 39 40 98 42 -33 101 60 46 -46 96 -49 -48 -20 -24 100 62 -40 83 -7 -58 108 -2 91 -5 -36 -64 -50 66 95 84 69 -69 71 74 105 -72 -68 -76 -45 -6 -79 -61 81 -42 106 -18 85 86 -67 -88 -74 90 -62 -16 -28 -17 -21 -8 -15 -29 -10 -56 -12 -25 -77 -38 -11 -73 -83 -108 109 -53 111 112 114 -113 115 -52 -117 -70 119 120 -119 -97 123 -13 -125 -126
right_child=2 3 4 61 77 56 65 -9 10 23 11 122 15 14 44 93 17 19 50 94 21 22 51 43 25 28 27 97 29 35 -32 41 33 -35 36 -37 37 -39 54 -41 80 -43 -44 76 45 -47 49 48 64 -51 110 58 -54 -55 99 -57 57 -59 -60 79 89 -63 63 -65 -66 67 70 68 117 -71 73 72 88 -75 75 102 -78 78 -80 -81 -82 82 -84 -85 -86 -87 87 -89 -90 -91 -92 -93 -94 -95 -96 121 -98 -99 -100 -101 -102 -103 -104 -105 -106 -107 107 -109 -110 -111 -112 113 -114 -115 -116 116 -118 118 -120 -121 -122 -123 -124 124 125 -127
leaf_value=0.0039274534434508793 -0.056278319724123803 0.0084216222225076479 -0.0036195219369227864 0.010907976399387965 0.0036014350138251034 6.0719929438734227e-05 0.0053742988045851056 0.050113846626012558 0.0011993953826750984 -0.00045190995161556409 -0.039694462321447521 -0.0051471126007112426 -0.0095544201307763733 -0.0055315868143866881 0.021361573809321889 -0.0081482044728192725 0.01358170607568402 0.0099634108585748594 -0.029612651468003098 -0.0016440724665790845 0.014756214379176536 -0.02385994829449125 0.019459678649238293 -0.012325972929728616 -0.090987623449955271 -0.018017283490081446 0.020106198241457506 -0.072661782892623747 -0.089501165390014653 0.0014500295634001141 -0.022485272740121357 -0.043217477576408002 0.030795166926563675 -0.010351146392549335 0.011937024527567935 -0.022189677887573589 -0.0060228182152514496 -0.051741614453494546 -0.0080791377519369243 -0.090115358799991038 0.0064306685028613763 -0.047148978876243683 0.020731667402190169 -0.011061873724590957 -0.012484051262165282 -0.011907411105292511 -0.12525367859689918 0.035112215770682707 0.0093658056874513698 -0.058975756224070752 -0.0051542760585498179 -0.00084476837261241236 -0.00019214156801580849 -0.029929043935023106 -0.00028614384221055427 -0.060132368971949894 -0.096288549926573944 -0.012241873322192377 0.010599553897550589 0.0036773074760156517 0.017270235508399578 -0.0038917996856591536 0.015098525273066358 -0.018553499943708484 -0.0046563218339430498 -0.018124343763228364 0.0087904332210859155 0.0039116398676080589 0.0029581255737978259 -0.053948296437256078 -0.0020950700221803705 -0.013261826829179462 -0.011834390486463302 0.010105822945502212 -0.013036007636121458 -0.0083374308188953576 0.024196051961884197 -0.008130481961058247 -0.055361785538753289 -0.045541584026323599 0.0071133332461654 0.012755966452430946 -0.028973064711565289 -0.033071981685217286 0.0049506810790700346 0.012988175607984568 -0.019587226881402298 0.019289182062150963 0.0091852922174732021 -0.0010625870416575635 -0.023955783888264953 -0.008186396385635817 -0.0079156157569305954 0.006857314497867392 -0.027755693427541039 -0.038790342846992787 -0.027982976907298594 -0.026348778999824178 -0.005764302087077294 0.011266814107134456 -0.0070905268275198311 -0.0024303450303044304 0.0079107818519872693 0.010780819866554311 -0.0055749419373785965 -0.031690094285819398 -0.029681361145460074 0.019984036018004987 0.015237967100695372 -0.018447861012231025 0.0012466230075408606 -0.01312091071110006 -0.051796640749161058 -0.054920895653846329 0.0047845274061204526 0.021420615955655063 -0.060732513753806838 0.0075765539018210282 -0.0023678527866645635 -0.00065097017612538929 0.0015606366008558113 -0.00075501816894717709 -0.0011954753677568435 0.034020502374507482 -0.038000834173626367 -0.109413871717362
leaf_weight=18076 406 16158 310 3298 186 406 10971 123 5524 42777 266 15037 1788 837 281 797 113 3136 410 32725 4179 439 844 1749 120 1089 295 100 139 1718 1744 139 300 9488 653 885 619 127 1616 201 347 441 181 7003 132 672 121 196 1317 106 5650 3872 4186 356 2380 216 117 405 2005 159 135 1371 484 1162 3857 1248 1173 140 16952 180 53403 849 965 1676 1981 1112 150 243 269 135 340 280 1420 296 17160 735 332 495 685 536 1931 671 851 17592 252 103 562 330 8743 2480 336 18564 1255 4135 6687 942 309 102 472 699 2813 1219 194 200 1930 104 203 7836 28633 59002 13490 5249 11469 159 134 130
leaf_count=18076 406 16158 310 3298 186 406 10971 123 5524 42777 266 15037 1788 837 281 797 113 3136 410 32725 4179 439 844 1749 120 1089 295 100 139 1718 1744 139 300 9488 653 885 619 127 1616 201 347 441 181 7003 132 672 121 196 1317 106 5650 3872 4186 356 2380 216 117 405 2005 159 135 1371 484 1162 3857 1248 1173 140 16952 180 53403 849 965 1676 1981 1112 150 243 269 135 340 280 1420 296 17160 735 332 495 685 536 1931 671 851 17592 252 103 562 330 8743 2480 336 18564 1255 4135 6687 942 309 102 472 699 2813 1219 194 200 1930 104 203 7836 28633 59002 13490 5249 11469 159 134 130
internal_value=-0.000954819 -0.000880733 -0.021888 -0.00182117 -0.00978074 0.000161268 0.000228545 0.0117245 -0.0019679 -0.000654802 -0.00266892 -0.00048401 0.00140204 -0.000994261 -0.00833724 0.00480474 -0.00434812 -0.0025622 -0.00727305 -0.000818594 0.00382831 0.00639905 0.00218533 -0.0025621 -0.00614803 -0.00842571 -0.0211104 -0.0106867 -0.00706749 -0.0156127 -0.0280716 -0.0397239 -0.00498486 -0.009087 -0.000329066 -0.00659272 0.00222905 0.00701196 -0.00371016 -0.00592663 -0.00492979 -0.0299445 -0.00709434 -0.00511386 -0.0164352 -0.0304169 -0.0649349 -0.00286275 0.000250278 -0.09072 -0.00596023 0.00363973 -0.00288042 -0.00656328 0.00219356 -0.034062 -0.0175539 -0.031228 0.0017428 -0.0406881 -0.0123718 0.00657731 -0.00279139 -0.00865509 -0.00107688 -6.67486e-05 -0.001308 0.000615533 0.000120791 -0.0287012 -0.00243686 -0.00681469 -0.0134478 -0.00172332 -0.00269124 -0.00579006 -0.0103192 -0.023259 -0.0330049 -0.0204201 -0.0144178 -0.0173977 -0.0213158 -0.0201806 0.00374077 -0.00363371 -0.00952488 0.00363352 -0.00310776 -0.0170319 -0.0212549 0.000542789 -0.000691081 0.00620318 -0.00184444 0.00312041 -0.0148036 -0.0372628 -0.00306815 0.0056103 -0.0211875 -0.00328295 0.000277188 0.00859208 -0.00114436 -0.0229667 -0.005069 -0.0173371 -0.00177988 -0.00354009 -0.0051703 -0.00707032 -0.00496517 -0.0190469 -0.00380682 -0.00659065 -0.0329229 0.000194277 -0.000235742 0.000524271 0.00377565 -0.00149412 -0.00390399 -0.00591309 -0.0330662 -0.0734465
internal_weight=519476 517645 1831 272074 1131 245571 244643 433 267405 93088 174317 75758 48829 28652 11354 20177 98559 49461 13348 36113 17298 12510 8331 76930 49098 25356 2457 1576 22899 4486 1883 881 18413 9788 8625 2603 7536 4881 23742 17266 17065 761 320 27466 4585 1031 359 6769 5370 227 12723 7892 4788 2655 6476 625 928 522 7048 700 3554 4669 2299 1646 5174 226567 80364 146203 126233 320 64041 8962 3441 55079 5521 4348 7153 698 512 294 2798 2458 2111 409 19970 2810 2075 827 1650 2602 2066 952 1146 18389 32977 16323 1399 430 14267 4860 602 20313 2367 4754 49464 1791 691 411 5043 4571 12313 9500 8081 1419 7887 5957 307 125913 108961 80328 21326 5352 26929 15460 423 264
internal_count=519476 517645 1831 272074 1131 245571 244643 433 267405 93088 174317 75758 48829 28652 11354 20177 98559 49461 13348 36113 17298 12510 8331 76930 49098 25356 2457 1576 22899 4486 1883 881 18413 9788 8625 2603 7536 4881 23742 17266 17065 761 320 27466 4585 1031 359 6769 5370 227 12723 7892 4788 2655 6476 625 928 522 7048 700 3554 4669 2299 1646 5174 226567 80364 146203 126233 320 64041 8962 3441 55079 5521 4348 7153 698 512 294 2798 2458 2111 409 19970 2810 2075 827 1650 2602 2066 952 1146 18389 32977 16323 1399 430 14267 4860 602 20313 2367 4754 49464 1791 691 411 5043 4571 12313 9500 8081 1419 7887 5957 307 125913 108961 80328 21326 5352 26929 15460 423 264
cat_boundaries=0 2 4 6 7 9 11 13 15 16 18 20 22 23 25 26 28 30 32 34 36 38 39 40 41 43 44 46 47 49
cat_threshold=2646883030 17578 269484034 8192 20 2 2 538083360 8260 1754152 6212 1075838977 273 0 16 181248 1073741825 16 34145280 6672 50216 64 524288 0 4096 33554432 0 16 524288 2048 0 8704 1589248 4100 33554432 8192 335806528 40 4203010 16777218 1048576 32 64 512 65536 512 2 17041408 17416
is_linear=0
shrinkage=0.03


Tree=65
num_leaves=127
num_cat=31
split_feature=0 5 5 2 5 5 5 0 0 5 5 0 25 12 0 25 5 25 5 0 5 5 12 0 25 0 5 5 9 31 25 0 25 5 25 5 12 11 32 26 25 25 5 0 0 21 0 5 0 12 5 24 5 25 5 25 0 12 5 0 5 25 5 12 28 25 25 25 25 25 25 25 25 22 25 21 25 12 5 25 32 25 11 25 25 25 25 26 25 0 11 5 5 24 0 26 0 25 25 25 25 25 11 22 11 0 5 11 26 25 3 0 21 25 12 0 21 25 0 0 3 3 25 25 22 25
split_gain=912.975 548.321 389.822 361.219 1108.05 981.032 543.516 380.107 2619.03 1168.31 399.398 1634.53 403.203 351.038 348.313 344.211 338.258 428.215 315.401 313.07 825.063 780.575 303.466 300.751 275.561 274.79 257.185 254.292 248.56 246.358 240.413 239.805 625.576 618.305 507.255 380.129 282.22 353.272 246.756 237.866 236.668 500.989 234.502 232.862 449.99 374.245 224.263 482.616 217.757 501.299 213.505 213.35 212.438 268.549 401.72 307.58 279.422 219.042 211.708 202.023 1256.67 654.827 343.581 362.93 392.128 339.447 244.287 214.915 200.054 349.385 255.883 278.167 215.817 197.312 197.084 194.169 195.78 193.65 230.189 385.501 241.933 296.845 192.246 406.988 190.008 386.98 241.966 186.689 184.501 183.792 185.268 337.5 183.503 181.706 178.87 176.263 282.498 172.106 171.516 269.121 170.05 169.722 169.394 169.081 167.746 166.839 166.154 213.19 221.141 261.516 473.999 160.212 188.323 156.461 269.273 172.685 187.746 155.395 194.377 155.122 1284.79 461.814 282.283 373.426 244.943 302.059
threshold=13030.000000000002 0 1 2 3 4 5 425.00000000000006 475.00000000000006 6 7 950.00000000000011 18.500000000000004 0.73136293888092052 1560.0000000000002 125.00000000000001 8 47.500000000000007 9 615.00000000000011 10 11 0.020426410250365738 550.00000000000011 19.500000000000004 155.00000000000003 12 13 5.5000000000000009 0.054671371355652816 76.500000000000014 155.00000000000003 16.500000000000004 14 16.500000000000004 15 0.35645927488803869 -0.15951316058635709 0.17518068850040439 0.0081315145362168568 38.500000000000007 49.000000000000007 16 1410.0000000000002 1280.0000000000002 0.080284364521503462 155.00000000000003 17 1225.0000000000002 0.50370931625366222 18 0.96461459994316112 19 71.500000000000014 20 59.500000000000007 90.000000000000014 1.0000000180025095e-35 21 715.00000000000011 22 75.500000000000014 23 0.61067742109298717 0.14277813583612445 107.50000000000001 40.500000000000007 56.500000000000007 59.500000000000007 53.500000000000007 80.500000000000014 103.50000000000001 155.00000000000003 -1.026416480541229 19.500000000000004 0.033949380740523345 3.5000000000000004 -0.13398942351341245 24 88.500000000000014 0.1805144548416138 87.500000000000014 0.022575936280190948 37.500000000000007 26.500000000000004 38.500000000000007 40.500000000000007 0.092382837086915984 49.000000000000007 615.00000000000011 0.24372619390487674 25 26 0.97407671809196483 27950.000000000004 0.1366594657301903 325.00000000000006 55.500000000000007 102.50000000000001 31.500000000000004 81.500000000000014 49.000000000000007 -0.85227432847022999 0.15231326222419742 0.3744682669639588 325.00000000000006 27 0.24372619390487674 0.0068774346727877864 69.500000000000014 28 325.00000000000006 0.10989969968795778 89.500000000000014 0.80798786878585827 325.00000000000006 0.066131956875324263 123.00000000000001 950.00000000000011 1225.0000000000002 29 30 76.500000000000014 77.500000000000014 -0.46683321893215174 99.000000000000014
decision_type=2 9 9 9 9 9 9 2 2 9 9 2 2 2 2 2 9 2 9 2 9 9 2 2 2 2 9 9 2 10 2 2 2 9 2 9 2 2 10 8 2 2 9 2 2 8 2 9 2 2 9 2 9 2 9 2 2 2 9 2 9 2 9 2 8 2 2 2 2 2 2 2 2 8 2 8 2 2 9 2 10 2 2 2 2 2 2 8 2 2 2 9 9 2 2 10 2 2 2 2 2 2 2 8 2 2 9 2 10 2 1 2 10 2 2 2 8 2 2 2 1 1 2 2 8 2
left_child=1 27 13 5 18 7 25 9 -9 24 11 12 -10 82 16 26 17 -8 -5 21 39 29 30 68 -3 -6 -12 -1 89 106 -4 33 102 36 -35 119 -18 -38 52 -21 -14 -42 -16 44 75 -45 58 -48 49 -19 -26 -49 57 54 55 -54 -57 -36 97 60 98 62 67 84 -65 74 -66 -61 69 101 95 -72 -73 -37 92 -29 -77 -11 -79 80 81 -80 94 -84 -64 -86 -87 -59 -50 -28 -91 -92 -62 -47 -2 -70 -97 -20 99 -41 -89 -23 -33 -24 -53 -74 -7 -108 109 -109 -111 -82 -113 -52 115 116 -115 -93 -119 121 122 -34 -121 -124 -125 -126
right_child=2 3 22 4 6 19 14 8 10 77 15 -13 40 -15 42 -17 31 48 46 20 -22 23 103 -25 50 -27 28 43 -30 -31 -32 32 35 34 38 73 37 -39 -40 59 41 -43 -44 45 -46 93 47 51 88 -51 113 104 53 -55 -56 56 -58 87 -60 61 65 -63 63 64 66 -67 -68 -69 70 -71 71 72 105 -75 -76 76 -78 78 79 -81 111 -83 83 -85 85 86 -88 100 -90 90 91 117 -94 -95 -96 96 -98 -99 -100 -101 -102 -103 -104 -105 -106 -107 107 108 -110 110 -112 112 -114 114 -116 -117 -118 118 -120 120 -122 -123 123 124 125 -127
leaf_value=0.0071715876648821538 -0.042406703169856751 -0.0096020421817640221 -0.0034065139223781178 0.010356623257275129 -0.045227977103006752 0.0084649897906037604 -0.054440515551403099 -0.091377838766536018 -0.067606877659597706 -0.00048283110381592246 0.0060423009392626126 0.012148398561447343 -0.018650708611864627 0.00016858752238454287 0.017035958238360748 0.004790275921088669 0.0062421468962537176 -0.090242359843289502 -0.038253330788735683 -0.027351580987876073 0.0078782530967236308 -0.0038840175107880382 0.0017202829018105588 -0.038892305402000941 0.012699429970923309 -0.014571727435177 0.016983689040775386 0.01379515618472478 -0.0086764393702992784 0.015506224713855097 0.049611100682190483 -0.065324033315099964 -0.0012737118659030813 0.02622576580756358 0.010105281762819746 0.020992510788114808 -0.088610360410478373 -0.025416456063588458 -0.018248356232378009 0.001437658300396772 -0.093450195075821696 -0.018704969817070507 -0.00078768862542617335 -0.062684198194428498 0.05376299341382651 -0.032193609372512477 0.012332583992158723 -0.0052750052022256452 0.018650052486828005 -0.0082703171888513869 0.0074315783686731635 0.0016933793089473675 0.0015471297096649496 0.0034543546535650304 -0.004432969072683134 -0.019212141889187375 -0.059142999174908319 0.0074887181937624012 -0.0030955662222611354 0.00971633982381989 0.0091463313807831383 0.0077051191791925322 -0.014525121614736427 0.0070236764006271508 0.00066417365601624946 -0.027053101168614681 -0.034366440771143793 -0.0021752951638424399 0.0022861882484921771 -0.014729235488318443 -0.009306889044441425 0.0023581752205945115 -0.010590934576769372 -0.0041263402427518144 0.0052010341006348193 0.02682615656492322 0.00065636694146069697 -0.0024520933656295447 -0.010798278858900109 0.0058266486931750523 -0.011391260104068992 -0.035066213303965782 -0.076095283503579622 0.0021109384741332081 0.019322736470970027 -0.018718464716794732 0.00025431185327574136 -0.0020768610289195366 -0.011756595092708055 -0.0022870726598825308 -0.012193160762951537 -0.0019848292413813958 -0.021177834163508599 -0.0025180445451275513 -0.08668414801711867 0.016088855358270499 -0.043216248007197131 -0.0058462656331279414 -0.0074885399349335739 -0.022217054943734996 -0.020924413044494744 0.0067926163003885374 -0.027604690901129148 -0.031247297743507357 -0.002475877042881137 0.00060849061032362405 0.0042345129886133806 0.0037072903168198319 0.0031501919439508707 -0.011179618069771677 -0.061828159969822265 0.0099030909766768122 -0.0078996514190616471 0.010044089211867406 0.0079239765679849031 -0.0021497468357743522 -0.031068495656172299 0.010288014807954562 -0.022702114953130959 -0.01274018363964916 0.013376217831098694 -0.013510530144381557 -0.083307867338938746 0.0098218456330225589 -0.014775963458418844 -0.052327678319964092
leaf_weight=5888 167 950 288 2605 420 5060 243 306 309 18662 2339 1066 705 160 983 4587 100 100 289 276 19264 13007 193 198 4330 706 398 1034 9041 1811 104 153 4755 590 2436 283 134 197 805 516 136 198 2008 113 144 213 2945 6362 204 201 7466 32987 256 3000 5846 349 289 1369 11021 2444 274 10961 1033 378 219 320 983 3104 17424 2598 4880 7469 2771 31609 11326 257 92682 23410 7530 1717 1223 482 100 147 748 816 2331 1915 1453 37356 5464 10011 493 1406 168 116 189 301 2183 2682 555 1493 363 508 11788 2107 9451 535 1515 749 213 1231 944 129 1977 1440 437 209 688 448 827 6668 160 103 299 547
leaf_count=5888 167 950 288 2605 420 5060 243 306 309 18662 2339 1066 705 160 983 4587 100 100 289 276 19264 13007 193 198 4330 706 398 1034 9041 1811 104 153 4755 590 2436 283 134 197 805 516 136 198 2008 113 144 213 2945 6362 204 201 7466 32987 256 3000 5846 349 289 1369 11021 2444 274 10961 1033 378 219 320 983 3104 17424 2598 4880 7469 2771 31609 11326 257 92682 23410 7530 1717 1223 482 100 147 748 816 2331 1915 1453 37356 5464 10011 493 1406 168 116 189 301 2183 2682 555 1493 363 508 11788 2107 9451 535 1515 749 213 1231 944 129 1977 1440 437 209 688 448 827 6668 160 103 299 547
internal_value=-0.000922946 -0.000847963 -0.0220406 -0.00133144 -0.00258108 -0.000705036 -0.00522268 -0.0024105 -0.00393865 -0.000863849 -0.00356838 -0.0155415 -0.0375467 -0.038672 -0.00488392 -0.00315314 -0.00533669 -0.0168804 0.000141225 0.00116598 0.00275764 -0.000175728 -0.0102776 -0.00208129 0.00607896 -0.0258076 -0.00370992 0.00112588 -0.00407143 0.00497259 0.0107498 -0.00493638 -0.00607763 -0.00198272 -0.00109129 -0.00570625 -0.0370235 -0.0511893 -0.00205165 0.000354657 -0.0285504 -0.0493283 0.00512814 0.000753709 0.000954428 -0.0101433 -0.000265524 0.000546629 -0.0122797 -0.0357122 0.00702746 -0.000134742 -0.00123643 -0.00400733 -0.00733452 -0.0259427 -0.0373642 0.003066 -0.00404834 0.000542784 -0.00185776 0.0023986 -0.00242618 -0.00709536 -0.0196132 0.00339352 -0.0279887 0.00305849 -0.00194093 -0.00460006 -0.000640175 -0.00324395 -0.000847085 -0.00390157 0.00420417 0.000872935 0.000729021 -0.00296862 -0.00423905 -0.00741788 -0.00941778 -0.0122624 -0.0499951 -0.0297307 -0.00309316 -5.83164e-05 -0.00466961 -0.00139419 -0.00800412 -0.00330284 -0.00345343 -0.00611439 -0.0105038 -0.0064397 -0.0648034 0.00188991 -0.020682 -0.0213961 -0.0139503 -0.0184011 -0.00631859 -0.0027843 -0.0388936 -0.0221811 0.0005957 -0.00575433 0.00388595 0.00201792 -0.00492969 -0.0131034 -0.0224465 -0.00270887 0.00217621 0.00486607 6.86674e-05 -0.00767317 -0.0216971 -0.00305462 -0.0150126 -0.00986422 -0.016832 -0.00841732 -0.0328753 -0.0409905 -0.0337757 -0.039089
internal_weight=518922 517087 1835 415350 138672 276678 70374 144741 72813 71928 72507 2414 1348 742 69248 70093 66257 2201 68298 131937 60351 71586 1093 52252 16729 1126 65506 101737 63167 19334 392 64056 46215 17841 17410 45699 431 331 16820 41087 1039 334 2991 95849 94117 1732 65693 54082 1958 301 15779 51137 16015 9740 6740 894 638 6275 11611 40811 17794 23017 12056 6508 1580 12413 1202 5548 52054 17098 34956 17227 12347 31892 12093 93973 92939 55199 36537 13127 11410 8012 582 247 4928 3895 3147 3839 1657 54126 53728 16372 767 1619 335 17729 305 590 5381 3198 2470 14500 516 701 44775 4878 17523 12463 3012 1497 962 3398 2175 11449 3983 2006 566 10908 897 13807 2384 11423 1557 1109 949 846
internal_count=518922 517087 1835 415350 138672 276678 70374 144741 72813 71928 72507 2414 1348 742 69248 70093 66257 2201 68298 131937 60351 71586 1093 52252 16729 1126 65506 101737 63167 19334 392 64056 46215 17841 17410 45699 431 331 16820 41087 1039 334 2991 95849 94117 1732 65693 54082 1958 301 15779 51137 16015 9740 6740 894 638 6275 11611 40811 17794 23017 12056 6508 1580 12413 1202 5548 52054 17098 34956 17227 12347 31892 12093 93973 92939 55199 36537 13127 11410 8012 582 247 4928 3895 3147 3839 1657 54126 53728 16372 767 1619 335 17729 305 590 5381 3198 2470 14500 516 701 44775 4878 17523 12463 3012 1497 962 3398 2175 11449 3983 2006 566 10908 897 13807 2384 11423 1557 1109 949 846
cat_boundaries=0 2 4 5 7 9 10 12 13 15 16 18 20 22 24 26 28 30 32 34 36 37 39 40 42 44 45 47 48 49 50 51
cat_threshold=423889108 42 269484034 8192 6 1186468865 9429 112776193 10325 131072 76578816 8260 67634176 0 4096 2097153 2684493826 5120 2684493858 1024 0 1 0 2 0 512 65570 16640 2147492352 4096 33558528 16 32768 68 65568 18688 16386 0 16 536879104 8194 4096 525312 2064 9469952 0 1024 2147614752 2 2 2
is_linear=0
shrinkage=0.03


Tree=66
num_leaves=127
num_cat=35
split_feature=0 5 5 27 13 11 5 5 30 5 2 5 5 21 5 27 0 5 2 5 0 29 11 29 0 5 13 25 27 22 25 0 11 11 27 0 5 0 5 27 5 27 25 25 0 25 5 0 25 27 25 5 27 0 25 5 25 27 27 27 25 25 21 5 24 25 11 5 25 0 11 20 13 0 0 23 11 5 27 31 29 25 22 5 5 20 0 31 5 27 30 27 0 0 30 5 23 4 25 0 4 5 4 25 5 28 5 27 27 27 0 25 5 5 27 11 27 20 25 25 0 0 27 5 27 25
split_gain=787.858 563.328 364.665 292.18 287.084 608.294 479.325 358.508 277.716 391.864 288.264 439.577 387.837 275.612 246.926 258.251 210.249 520.188 205 329.885 229.031 215.084 202.256 408.501 315.445 259.627 257.528 188.121 345.793 185.751 178.867 178.529 172.361 170.785 217.771 252.529 443.662 266.694 398.414 425.438 353.22 282.451 399.35 389.098 281.382 268.063 208.269 200.848 434.44 166.613 574.162 164.582 236.941 164.491 158.748 154.266 150.739 143.991 141.24 145.049 158.333 148.556 138.917 138.664 138.586 137.89 136.662 210.699 135.744 134.511 246.1 131.215 188.607 131.067 129.833 187.617 128.236 403.416 128.199 128.006 127.436 126.155 125.425 124.935 124.122 123.177 121.35 155.53 141.505 199.232 125.007 120.361 116.631 438.351 277.78 253.066 227.627 483.718 171.655 158.203 116.712 115.761 115.155 111.776 111.401 111.179 149.147 230.418 268.528 212.183 331.704 318.501 267.039 236.642 277.202 388.128 245.344 243.38 192.649 183.339 547.688 357.806 180.549 167.161 145.251 144.658
threshold=13030.000000000002 0 1 0.14952706545591357 39.500000000000007 0.3744682669639588 2 3 0.14990561455488208 4 5 6 7 0.091295003890991225 8 0.07936600968241693 155.00000000000003 9 10 11 90.000000000000014 0.040852611884474761 0.24372619390487674 0.15539915859699252 90.000000000000014 12 37.500000000000007 19.500000000000004 0.053263295441865928 -0.049133053049445145 40.500000000000007 1280.0000000000002 -0.5917624533176421 -0.065535377711057649 0.064750330522656455 475.00000000000006 13 950.00000000000011 14 0.10945477336645128 15 0.14500886201858523 97.500000000000014 64.500000000000014 850.00000000000011 55.500000000000007 16 325.00000000000006 99.000000000000014 0.055219287052750594 16.500000000000004 17 0.16058247536420825 615.00000000000011 10.500000000000002 18 73.500000000000014 0.1321084722876549 0.058846931904554374 0.059944719076156623 86.500000000000014 82.500000000000014 0.10989969968795778 19 0.96322333812713634 16.500000000000004 -0.37447345256805414 20 5.5000000000000009 1225.0000000000002 0.79383251070976268 76.500000000000014 5.5000000000000009 850.00000000000011 90.000000000000014 0.043235365301370628 -0.73282214999198902 21 0.095947422087192549 0.057343542575836189 0.059876527637243278 17.500000000000004 -0.081829313188791261 22 23 39.500000000000007 325.00000000000006 0.075905904173851027 24 0.052256155759096153 0.086849529296159758 0.10038758814334871 850.00000000000011 950.00000000000011 0.086849529296159758 25 0.099415287375450148 26 25.500000000000004 155.00000000000003 27 28 29 8.5000000000000018 30 0.095764480531215682 31 0.07936600968241693 0.058846931904554374 0.084925193339586272 950.00000000000011 47.500000000000007 32 33 0.095947422087192549 -0.065535377711057649 0.095947422087192549 60.500000000000007 113.00000000000001 18.500000000000004 325.00000000000006 950.00000000000011 0.11874964460730554 34 0.052256155759096153 58.500000000000007
decision_type=2 9 9 2 2 2 9 9 10 9 9 9 9 10 9 2 2 9 9 9 2 8 2 8 2 9 2 2 2 10 2 2 2 2 2 2 9 2 9 2 9 2 2 2 2 2 9 2 2 2 2 9 2 2 2 9 2 2 2 2 2 2 10 9 2 2 2 9 2 2 2 2 2 2 2 8 2 9 2 10 10 2 10 9 9 2 2 10 9 2 8 2 2 2 8 9 10 9 2 2 9 9 9 2 9 8 9 2 2 2 2 2 9 9 2 2 2 2 2 2 2 2 2 9 2 2
left_child=1 14 13 71 5 7 32 16 9 18 11 27 51 76 15 49 17 -3 19 78 21 -20 26 -24 25 -25 55 28 -11 -22 -27 66 83 34 46 36 47 40 39 -39 44 43 -43 -41 45 81 58 -36 -49 50 -1 -12 69 -21 -51 56 -16 -45 102 60 61 -60 -31 80 73 68 -8 -68 -14 82 -71 -4 -73 101 -56 -76 -2 -78 -7 -55 -10 -37 -53 -6 -34 -69 87 -35 89 -88 -90 92 95 -94 -95 99 97 -97 -96 -67 -100 -18 -9 -26 -93 -66 107 108 -107 112 111 -111 -108 114 115 117 118 -112 -115 120 -110 -122 -116 -113 -114 -118
right_child=2 4 3 -5 6 8 31 33 63 10 12 -13 65 -15 22 -17 64 -19 20 53 29 -23 23 24 103 30 -28 -29 -30 62 -32 -33 84 86 35 37 -38 38 -40 41 -42 42 -44 57 -46 -47 -48 48 -50 54 -52 52 -54 79 74 -57 -58 -59 59 -61 -62 -63 -64 -65 105 91 67 85 -70 70 -72 72 -74 -75 75 -77 77 -79 -80 -81 -82 -83 -84 -85 -86 -87 88 -89 90 -91 -92 104 93 94 98 96 -98 -99 100 -101 -102 -103 -104 -105 -106 106 109 -109 119 110 113 123 124 116 122 -117 125 -119 -120 -121 121 -123 -124 -125 -126 -127
leaf_value=-0.04361222068172399 -0.069522749882146545 -0.05175355680286884 -0.0076710552192907995 0.0072401897454146321 -0.00054654202800255862 0.005864137498700947 -0.0059932401197235318 0.0084181593479588628 0.024361272086797836 -0.0081373659453147316 -0.028577494552502261 0.0053470937601140045 -0.0049267712492670071 -0.0029287535951631827 0.006751616957991799 -0.0029794385736036707 -0.010441648548181019 -0.0049927652443421296 0.044207667075837682 -0.031024453904992803 -0.0045255700082409197 0.0054534527439464983 0.0015356761351201064 0.0079104369415056094 0.017759307606754173 -0.058568272922474601 -0.00023724625263757198 -0.0050511730317575982 -0.058962974837435594 0.0024293524264430589 -0.021608246910587985 0.014631056131705455 0.0021992440976745741 -0.0015852439625026447 -0.012531037435512692 -0.026358524640966757 -0.00070065089996426721 0.0040987530581903251 0.0022283472972547177 -0.0022225977417726357 0.015950833358753188 0.038659406682929477 -0.042370980696545706 -0.079623614369395246 0.042334000414068047 -0.016240283117376214 0.0084805844500723086 -0.081968039060142675 -0.013816699722701567 -0.017568548777989579 0.010033398412143041 -0.013879857728186654 0.0015982683419899124 0.0012045561927583044 0.038002543107316059 0.0015028343374136209 0.00042890627315384774 -0.041342971282051735 0.0070149164400747626 -0.0025351014138256574 0.025659513438943862 -0.012889589072217331 -0.0064684838403845177 0.0034986371847821008 0.0047765656624862152 -0.019663028438215609 -0.012121449594184847 -0.030983966867018851 0.021469569939600173 -0.017048169533138008 -0.054242505542258367 -0.0042827411849949773 -0.052254372209276818 -0.0098876128162731901 -0.0061428788542799055 0.020477909745953447 0.0077431889979735664 -0.057128427766419784 0.018601474300013039 -0.0069698616975917222 -0.0016873632766402004 0.0085982154958038053 -0.00055198698128327629 -0.0039177305883425356 -0.0018577743552340539 -0.0009400748356126875 0.0080647569434949481 -0.016786657594031196 -0.00092629740590262322 -0.001543857150192276 0.007408446260162121 0.010152547230941469 -0.060638369657839371 -0.034858241066984506 0.0079943779598708985 -0.068555287349791758 0.0036376812655223916 -0.0088282099177100157 -0.012428419082207714 0.012047309845779779 -0.0020728116372474566 0.0068772703136544848 -0.011669590886378756 -0.0041715687917416745 -0.0032882667831277018 0.00021238145744602739 0.0052928334974338765 0.0021933726743461413 0.0069940613334262798 0.006508593456929032 -0.075094585492591223 -0.018356091837656307 -0.0069510785130757272 0.0065944440900065722 0.0089585031302739197 0.0074733116384595628 -0.008574065745154227 -0.027027206809400371 -0.021091448844281678 -0.008784087948741465 -0.049741372277287463 0.010357495466134049 -0.013621813953953186 -0.0068496413511376884 0.00056045837891914997 -0.00028154208126344847
leaf_weight=197 165 214 258 510 19243 2919 35690 339 170 421 574 4598 357 163 13655 1687 513 4634 150 166 25509 883 21495 166 211 194 41441 6831 168 7122 303 420 18942 10733 563 100 4860 591 17826 155 2767 110 107 166 131 815 9617 141 208 112 1928 4394 1014 6480 278 23732 4516 198 3642 2198 370 371 2028 8051 3519 162 1811 123 343 952 192 111 220 2754 288 1368 127 275 940 2348 14696 1164 743 20381 10564 12891 2248 641 2377 14233 5080 669 150 344 602 125 1324 3912 3012 1081 1452 1020 1051 15792 3010 2198 11281 3117 337 1062 120 1963 2760 6068 702 251 2200 450 234 2436 550 106 582 2789 14403 13542
leaf_count=197 165 214 258 510 19243 2919 35690 339 170 421 574 4598 357 163 13655 1687 513 4634 150 166 25509 883 21495 166 211 194 41441 6831 168 7122 303 420 18942 10733 563 100 4860 591 17826 155 2767 110 107 166 131 815 9617 141 208 112 1928 4394 1014 6480 278 23732 4516 198 3642 2198 370 371 2028 8051 3519 162 1811 123 343 952 192 111 220 2754 288 1368 127 275 940 2348 14696 1164 743 20381 10564 12891 2248 641 2377 14233 5080 669 150 344 602 125 1324 3912 3012 1081 1452 1020 1051 15792 3010 2198 11281 3117 337 1062 120 1963 2760 6068 702 251 2200 450 234 2436 550 106 582 2789 14403 13542
internal_value=-0.000900235 -0.000830806 -0.0205498 -0.00929275 -0.00139578 -0.000853925 -0.00261664 0.000304907 -0.00260042 -0.00339084 -0.00574213 -0.00193396 -0.00761518 -0.0368303 0.000901741 0.00691197 -0.00112989 -0.00718415 -0.00162474 0.00162319 -0.00279448 0.0111182 0.000611376 -0.0011974 -0.00472228 -0.0249843 0.00143965 -0.00644709 -0.0227097 -0.00321026 -0.0354128 -0.00482456 -0.000988953 0.0016877 0.00286274 0.00130462 -0.00433181 0.002653 0.00104508 -0.0147455 0.00883932 -0.0300624 -0.00130675 -0.0420598 -0.000139249 -0.00283527 0.00551153 -0.0233962 -0.0415061 0.010929 0.00504196 -0.0130995 -0.0118404 -0.00152655 0.0170378 0.00309802 0.00517751 -0.0589709 0.00191571 0.00375348 0.00690696 0.005172 0.00045675 0.000330422 -0.000738374 -0.00499949 -0.00498756 -0.00256622 0.00801961 -0.0140287 -0.0233325 -0.0237537 -0.0362286 -0.00597512 0.01905 0.0158473 -0.0472024 -0.0378912 0.00894761 -0.000970153 -0.00138693 0.005814 -0.0119526 -0.00228173 0.000746816 -0.00122545 0.000107861 -0.00244334 0.0013201 -0.000232696 0.00474552 -0.00557835 -0.00701629 -0.0102177 -0.00880874 -0.00431986 -0.00714126 -0.0106941 -0.00703336 0.00783901 -0.00906128 0.00105544 -0.00676796 -0.00388132 -0.000823403 -0.000420621 -0.000693042 -0.0043445 -0.00797353 -0.000145556 -0.00190731 -0.00833969 0.00171023 -0.000358401 -0.00994146 -0.0235918 0.000561358 -0.0372604 0.00556325 -0.0132193 -0.0240797 -0.0400293 -0.00127914 -0.0116587 -0.000647437 -0.00144092
internal_weight=519756 517927 1829 1099 390564 270499 120065 162607 107892 84975 36430 12018 24412 730 127363 5858 79805 4848 48545 12853 35692 1033 121505 38161 16666 663 83344 7420 589 34659 497 50935 69130 82802 47490 29902 5772 24130 19153 1327 4977 736 217 519 2210 2079 17588 912 349 4171 2125 7869 7295 8994 2046 41903 18171 364 7971 6581 4383 4013 9150 22917 74957 16543 50515 14825 700 6281 1144 589 331 4287 1934 1656 567 402 3859 8828 14866 1264 5137 39624 29506 13014 35312 11374 23938 16481 7457 15843 12164 5560 5410 6604 5361 4037 5066 1243 4464 1533 1390 16003 3679 70670 67151 8744 5627 58407 29963 5814 28444 24149 2105 821 22044 570 6302 3429 993 656 1284 4752 17163 15742
internal_count=519756 517927 1829 1099 390564 270499 120065 162607 107892 84975 36430 12018 24412 730 127363 5858 79805 4848 48545 12853 35692 1033 121505 38161 16666 663 83344 7420 589 34659 497 50935 69130 82802 47490 29902 5772 24130 19153 1327 4977 736 217 519 2210 2079 17588 912 349 4171 2125 7869 7295 8994 2046 41903 18171 364 7971 6581 4383 4013 9150 22917 74957 16543 50515 14825 700 6281 1144 589 331 4287 1934 1656 567 402 3859 8828 14866 1264 5137 39624 29506 13014 35312 11374 23938 16481 7457 15843 12164 5560 5410 6604 5361 4037 5066 1243 4464 1533 1390 16003 3679 70670 67151 8744 5627 58407 29963 5814 28444 24149 2105 821 22044 570 6302 3429 993 656 1284 4752 17163 15742
cat_boundaries=0 2 4 6 8 10 11 13 15 17 18 19 21 22 24 26 28 30 31 33 35 36 37 39 41 43 45 46 47 49 50 52 54 55 57 58
cat_threshold=491006166 42 269484034 8192 580092424 1925 539676681 965 2686998049 20865 2 1073807360 2064 42106880 512 0 2 131072 4 2147484160 16640 144 8388608 1024 1073741824 16400 43057152 2048 9503232 4112 131072 17039380 8 2156920832 516 2147484705 1048576 33718792 644 545357824 1412 3264217088 14336 1048576 20 4 4 16384 1 4 0 3088 524296 192 537055232 16384 256 538968064
is_linear=0
shrinkage=0.03


Tree=67
num_leaves=127
num_cat=13
split_feature=0 11 13 12 11 21 0 11 23 22 22 26 28 11 27 25 25 25 27 4 23 21 17 12 27 2 6 20 20 27 25 0 25 26 11 25 11 2 4 27 20 25 25 27 21 22 27 25 29 21 4 25 0 25 0 0 25 0 0 27 0 21 21 4 23 20 21 0 29 27 4 32 20 21 28 23 22 0 0 21 25 26 0 25 22 21 6 20 29 0 25 25 32 27 25 0 25 4 0 0 25 0 27 0 20 27 25 11 4 20 25 20 25 0 4 0 25 2 4 25 25 20 0 27 4 25
split_gain=734.637 376.444 816.163 539.005 292.973 234.063 214.969 212.096 205.634 318.911 182.82 172.24 171.771 169.568 167.832 258.709 538.898 227.653 186.538 185.535 153.47 153.233 126.067 122.221 117.169 110.87 101.681 100.4 100.197 100.272 94.2166 90.7118 90.651 87.1189 85.8436 89.7842 130.717 173.749 83.7813 82.5706 82.9203 103.633 80.334 121.548 79.2374 82.3462 74.3304 165.109 74.1136 128.242 72.1355 71.9999 71.6497 93.7445 70.1721 80.2958 69.0686 120.513 125.02 114.463 68.9685 69.2191 81.0743 68.4442 109.294 66.1245 89.3947 64.7957 94.8246 64.426 62.9267 60.019 59.8851 59.4823 59.3457 58.8433 59.4917 58.2438 57.3869 125.641 80.6465 64.0212 80.1452 89.6981 59.29 57.5422 56.5803 90.6932 56.1687 59.7227 97.6676 79.9473 82.9477 55.9848 54.5576 239.373 128.783 238.601 521.919 170.055 163.09 108.915 314.409 178.068 95.3677 93.9725 88.5387 85.7281 82.6263 76.9305 95.1845 114.285 94.3505 88.2809 87.977 439.866 70.9021 143.771 71.299 70.8698 69.2916 67.1054 60.4801 57.3726 53.9701 53.8436
threshold=13030.000000000002 0.41398981213569647 36.500000000000007 -0.23537842929363248 -0.11692013591527937 0.081666920334100737 45.000000000000007 -0.69674959778785694 0.10078860074281694 -0.068457558751106248 -0.38187441229820246 0.14085485786199572 0.1469775587320328 -0.37447345256805414 0.1688736900687218 76.500000000000014 101.50000000000001 50.500000000000007 0.15550526976585391 0 0.10746030509471895 0.078528158366680159 10.500000000000002 -0.065537083894014345 0.052256155759096153 1 1.0000000180025095e-35 100.50000000000001 92.500000000000014 0.060448419302701957 8.5000000000000018 1255.0000000000002 12.500000000000002 0.35431678593158727 0.056951373815536506 77.500000000000014 0.24372619390487674 2 3 0.064750330522656455 107.50000000000001 21.500000000000004 74.500000000000014 0.086274277418851866 0.058555098250508315 0.0031227533472701911 0.059393314644694335 37.500000000000007 0.041942948475480087 0.062427528202533729 4 15.500000000000002 135.00000000000003 17.500000000000004 1560.0000000000002 1280.0000000000002 10.500000000000002 325.00000000000006 155.00000000000003 0.07936600968241693 715.00000000000011 0.070677299052476897 0.067548755556345 5 0.093464292585849776 94.500000000000014 0.070677299052476897 950.00000000000011 0.12510562688112262 0.07936600968241693 6 0.12584563344717029 38.500000000000007 0.11234498769044877 0.13258849829435351 0.0301526477560401 -0.46683321893215174 110.00000000000001 90.000000000000014 0.036828776821494109 16.500000000000004 0.065306846052408232 325.00000000000006 51.500000000000007 -0.46350057423114771 0.053328042849898345 1.0000000180025095e-35 40.500000000000007 0.11832415685057641 225.00000000000003 69.500000000000014 104.50000000000001 0.17597246170043948 0.08212983608245851 102.50000000000001 155.00000000000003 96.500000000000014 7 1225.0000000000002 615.00000000000011 92.000000000000014 715.00000000000011 0.10945477336645128 1225.0000000000002 89.500000000000014 0.055219287052750594 101.50000000000001 -0.90529522299766529 8 69.500000000000014 84.500000000000014 32.500000000000007 69.500000000000014 90.000000000000014 9 950.00000000000011 65.500000000000014 10 11 100.50000000000001 100.50000000000001 32.500000000000007 155.00000000000003 0.10945477336645128 12 78.500000000000014
decision_type=2 2 2 2 2 8 2 2 10 10 8 8 10 2 2 2 2 2 2 9 10 10 2 2 2 9 2 2 2 2 2 2 2 10 2 2 2 9 9 2 2 2 2 2 10 10 2 2 10 10 9 2 2 2 2 2 2 2 2 2 2 10 10 9 10 2 10 2 10 2 9 10 2 10 10 10 10 2 2 10 2 10 2 2 10 8 2 2 8 2 2 2 10 2 2 2 2 9 2 2 2 2 2 2 2 2 2 2 9 2 2 2 2 2 9 2 2 9 9 2 2 2 2 2 9 2
left_child=1 2 4 24 7 21 -4 39 9 14 20 48 -11 23 15 17 -17 18 19 -2 38 25 34 27 32 44 56 -8 29 46 -26 -31 -3 65 -7 86 -37 -38 -5 40 41 51 -30 -44 -6 60 -9 -48 -12 -50 -47 -1 53 124 55 63 57 58 69 -60 61 62 -46 64 -51 75 -67 68 74 -25 -34 -22 -28 -70 -66 -27 -77 -24 79 -40 -80 82 84 -84 -82 -81 -36 -88 -13 90 -90 93 -93 -91 96 -96 100 98 99 -98 109 102 106 -103 107 108 120 -105 -102 110 -58 -112 116 -114 115 -113 -111 -118 -119 -104 -99 -97 -107 -124 -15 -49
right_child=8 3 6 10 5 22 13 28 -10 12 11 88 -14 52 -16 16 -18 -19 -20 -21 71 -23 77 26 30 33 72 -29 42 31 -32 -33 70 -35 35 36 37 -39 78 -41 -42 -43 43 -45 45 50 47 125 49 54 -52 -53 -54 -55 -56 -57 94 -59 59 -61 -62 -63 -64 -65 67 66 -68 -69 73 -71 -72 -73 -74 -75 -76 76 -78 -79 80 85 81 -83 83 -85 -86 -87 87 -89 89 91 -92 92 -94 -95 95 121 97 101 -100 -101 105 103 119 104 -106 122 -108 -109 -110 112 111 114 113 -115 -116 -117 117 118 -120 -121 -122 -123 123 -125 -126 -127
leaf_value=0.0032185433388736647 -0.051990514180016892 -0.031435034455044225 0.019086650677069071 0.0057383091866505904 0.0070794143529368716 0.0029378385895935948 -0.0017733606075789603 0.0036805658095303627 -0.060890604285523293 0.043387579453100851 -0.007720298287504211 0.0027496905445808031 -0.010829973229590584 0.023250388080423526 -0.050809626247395163 0.052288138665432152 -0.026280187378957199 -0.055632459502667188 0.0069197723387725771 -0.016410087464686324 0.015684392012011827 0.0099629782693955986 -0.003776878351588605 -0.023870897233924444 0.0073428314607814852 -0.005259753211534479 0.00093468191661408642 0.00184501862111272 0.0026960733086549308 0.0031483652274373443 -0.0048345183997455235 0.014546367646656316 -0.0034118324828513497 -0.022891388401238721 -0.0017407716939117019 -0.0039543138789365148 -0.0043967012661092113 -0.027814394663379604 0.032559551238603365 -0.00056600596340333775 -0.00080996332460901753 0.0066880904342557067 0.0049938674717551453 -0.0055076614452201885 -0.00054840365935775041 -0.0066670043976374072 -5.9111397878991232e-05 0.010847463103161006 0.0049844816266030713 0.0072692493718561606 0.017516919215180792 -0.010972124605036869 0.00026864605463427127 -0.00561887588480067 0.0063388433272406732 -0.021680289658159019 -0.0034301501402938359 0.0022909634875715708 -0.015950928276358172 -0.047677162205147894 0.0066884668900638123 -0.0064447101323183041 0.0071423836076526743 -0.0030310914282002436 -0.0029956638513508956 -0.0034214903836214711 -0.031086193346333776 0.0041200854573319708 -0.022154854560835623 0.0040482487796382471 -0.0135597021096052 0.0055101815681129485 -0.012115861658045991 -0.0067224273628689922 0.011891520406769805 0.0080839744007124483 0.00047909885916781129 0.0003598084420992231 0.015997752629730588 -0.0018743903121301157 -0.0084605322823331584 0.00023128206415503857 0.022589830915475714 -0.0012328876646128125 0.0034742807562880475 0.021901501177409147 -0.0037719908539455994 -0.030498900703503751 -0.0036523251795942241 0.0053200108007138754 -0.033582625818118203 -0.015066301099440326 -0.0014401611018191203 -0.00011804559164111879 -0.034951563030597675 0.012999497965029787 -0.013104856463881128 -0.0017168195414626398 -0.068842224095548896 0.014947109468991422 0.0042098024870230732 0.0046965305479552159 -0.023007411953510234 -0.021996331284305344 4.9601363696307244e-05 -0.012925839017605387 -0.015321326553886239 -0.0058572866402067528 -0.020905570122267816 -0.0024874584439997594 -0.040205936445854601 -0.062101119819440345 0.017023886584324081 -0.00034101320030935004 -0.0036218394035528335 -0.0043317003086479067 -0.0011998066165842286 -0.011290084011021792 -0.029404552782146241 -0.052081175461240414 0.023986563367339279 -0.0004786943838113739 0.012647028348176669 0.0036304489010536571 -0.00083029764725851189 0.022104280611699476
leaf_weight=765 188 186 446 2226 3782 2454 20481 3683 103 108 2328 7619 101 164 164 128 200 191 188 442 626 2257 3284 101 580 1013 397 10408 17729 26127 36810 643 887 160 19976 4525 641 524 142 23679 3878 5092 1522 2844 5092 141 1349 4019 2114 1557 513 554 39948 3346 783 199 28169 499 299 156 1756 1222 1627 41981 1277 2385 109 1029 341 274 1450 3128 1556 660 296 1320 3095 45385 240 603 2715 6835 173 779 434 107 401 159 503 3038 121 427 6643 3878 179 341 2150 1021 146 213 218 2544 161 505 972 165 431 717 255 38439 107 151 267 15658 1221 541 1146 565 300 146 103 11915 810 2936 170 423
leaf_count=765 188 186 446 2226 3782 2454 20481 3683 103 108 2328 7619 101 164 164 128 200 191 188 442 626 2257 3284 101 580 1013 397 10408 17729 26127 36810 643 887 160 19976 4525 641 524 142 23679 3878 5092 1522 2844 5092 141 1349 4019 2114 1557 513 554 39948 3346 783 199 28169 499 299 156 1756 1222 1627 41981 1277 2385 109 1029 341 274 1450 3128 1556 660 296 1320 3095 45385 240 603 2715 6835 173 779 434 107 401 159 503 3038 121 427 6643 3878 179 341 2150 1021 146 213 218 2544 161 505 972 165 431 717 255 38439 107 151 267 15658 1221 541 1146 565 300 146 103 11915 810 2936 170 423
internal_value=-0.000841712 -0.000774916 -0.00029981 -0.00215268 0.00106958 -4.00799e-05 -0.00169355 0.0022936 -0.0198998 -0.0173966 -0.000898835 -0.0015522 0.0172599 -0.00174235 -0.0222305 -0.0186896 0.00444636 -0.0262074 -0.0192772 -0.0270933 0.00181475 0.00251704 -0.000849134 -0.00223078 -0.00506791 0.00176013 -0.00267811 -0.000554133 0.00339089 0.00436162 -0.00464543 0.00342267 -0.0113246 -0.00104286 -0.00242682 -0.0029289 -0.00626332 -0.0152207 0.000393297 0.000409004 0.00265272 0.00474709 0.00179841 -0.00184649 0.00336135 0.00200556 0.00701408 0.00913315 -0.00248838 -0.00224578 0.0123007 -0.00274555 -0.00010039 -0.00410542 -0.0025635 -0.00271087 -0.0025616 -0.0093584 -0.0163564 -0.0269092 0.00131002 0.000119982 0.0013147 -0.00263034 0.000630114 -0.000600066 -0.00464255 -0.00224014 -0.00478336 -0.0035148 -0.00971122 0.00721051 -0.00946387 -0.0119965 -0.000188486 0.00125784 0.00275413 8.06086e-05 -0.00059629 0.00690416 -0.00116865 -0.00154681 -0.00450963 0.0031154 -0.00681508 0.0017345 -0.00200475 -0.0114014 0.00066161 -0.000427421 -0.00950056 -2.19628e-05 -0.00226514 0.00227116 -0.00248121 -0.000607074 -0.00271412 -0.00611486 -0.0139879 -0.010571 -0.00237346 -0.00312024 -0.00926566 -0.000703681 -0.00696465 0.00327111 -0.00377815 -0.0125394 -0.00934574 -0.00265936 -0.0038815 -0.0101708 -0.00200483 -4.88211e-05 -0.00847076 -0.0170089 -0.00277489 -0.00826498 -0.0173984 -0.0369582 0.000657789 -0.000102659 0.004799 0.00558296 0.0110279 0.0119242
internal_weight=519393 517580 384865 132715 194128 101821 190737 92307 1813 1710 92802 74794 209 190291 1501 1337 328 1009 818 630 18008 24472 77349 146663 39913 22215 115774 30889 58339 36244 37390 26770 2523 8082 28680 26226 5690 1165 14254 33968 10289 6411 22095 4366 14133 10351 9474 5791 52565 50237 654 1319 43628 3680 48123 47340 113821 1329 830 455 9697 7941 6719 47141 5160 7922 2494 3603 2574 375 2337 3754 1953 1001 1573 5428 4415 48669 12028 852 11176 10936 4101 952 3149 710 20536 560 22229 14610 624 13986 7070 6916 112492 12435 100057 9109 2509 2363 90948 6600 1862 4738 2194 4384 1555 1222 473 86564 30189 2020 56375 15925 1913 692 40450 2011 865 307 1124 12256 3911 3746 334 4442
internal_count=519393 517580 384865 132715 194128 101821 190737 92307 1813 1710 92802 74794 209 190291 1501 1337 328 1009 818 630 18008 24472 77349 146663 39913 22215 115774 30889 58339 36244 37390 26770 2523 8082 28680 26226 5690 1165 14254 33968 10289 6411 22095 4366 14133 10351 9474 5791 52565 50237 654 1319 43628 3680 48123 47340 113821 1329 830 455 9697 7941 6719 47141 5160 7922 2494 3603 2574 375 2337 3754 1953 1001 1573 5428 4415 48669 12028 852 11176 10936 4101 952 3149 710 20536 560 22229 14610 624 13986 7070 6916 112492 12435 100057 9109 2509 2363 90948 6600 1862 4738 2194 4384 1555 1222 473 86564 30189 2020 56375 15925 1913 692 40450 2011 865 307 1124 12256 3911 3746 334 4442
cat_boundaries=0 1 2 3 4 5 6 7 8 9 10 11 12 13
cat_threshold=4 6 10 2 4 2 1 1 1 4 10 1 2
is_linear=0
shrinkage=0.03


Tree=68
num_leaves=127
num_cat=34
split_feature=0 5 0 5 0 2 5 5 5 0 5 5 27 5 25 13 0 0 0 5 25 0 0 28 27 5 27 0 31 21 13 25 5 27 5 25 25 0 0 0 32 11 0 27 5 27 27 20 0 25 25 16 25 25 25 27 25 5 5 5 27 11 13 5 5 0 32 20 27 5 11 0 0 5 27 25 5 27 27 0 13 27 0 27 5 5 0 5 27 5 27 23 27 23 5 0 27 25 0 27 5 5 25 22 5 25 20 3 25 0 0 25 25 27 5 5 11 25 0 31 11 30 5 25 27 0
split_gain=646.681 529.849 572.042 525.481 453.156 327.148 736.722 506.076 440.228 325.357 656.58 614.035 1110.26 473.555 457.052 449.86 389.002 1174.06 361.117 379.698 332.597 278.397 276.011 269.103 243.251 948.286 467.858 294.97 241.584 241.366 237.19 243.775 231.9 234.59 222.37 207.153 198.758 349.867 536.278 268.679 590.653 352.816 261.174 192.125 189.404 180.184 189.514 175.955 171.17 183.114 197.345 165.383 164.256 559.073 283.19 238.04 206.747 261.345 199.214 187.492 163.731 161.766 320.268 251.344 237.46 236.702 203.541 175.945 175.55 161.264 157.829 154.744 207.08 766.23 959.04 154.424 174.55 152.735 248.022 168.767 150.612 149.802 164.675 148.364 190.073 147.23 215.18 301.389 179.461 296.78 210.712 173.473 172.384 222.515 153.519 152.843 152.27 146.994 252.969 470.091 385.992 348.225 164.264 157.175 145.619 180.3 212.13 234.085 181.992 497.911 144.658 281.098 197.199 144.536 176.552 143.674 148.027 324.006 141.757 141.274 140.531 194.463 282.722 206.781 307.039 165.531
threshold=1715.0000000000002 0 2375.0000000000005 1 1560.0000000000002 2 3 4 5 850.00000000000011 6 7 0.064750330522656455 8 102.50000000000001 13.500000000000002 475.00000000000006 425.00000000000006 950.00000000000011 9 78.500000000000014 155.00000000000003 13030.000000000002 0.14512951672077182 0.086274277418851866 10 0.095947422087192549 615.00000000000011 0.089630849659442915 0.1196713224053383 46.500000000000007 95.000000000000014 11 0.10945477336645128 12 58.500000000000007 89.500000000000014 1280.0000000000002 1410.0000000000002 1280.0000000000002 0.20674484223127368 -0.5276680290699004 1560.0000000000002 0.11874964460730554 13 0.086274277418851866 0.10945477336645128 40.500000000000007 325.00000000000006 74.500000000000014 75.500000000000014 14.500000000000002 59.500000000000007 46.500000000000007 81.500000000000014 0.064750330522656455 100.50000000000001 14 15 16 0.1321084722876549 0.39827039837837225 39.500000000000007 17 18 325.00000000000006 0.21972886472940448 24.500000000000004 0.059944719076156623 19 0.3824331015348435 90.000000000000014 1225.0000000000002 20 0.14242830872535708 42.500000000000007 21 0.058846931904554374 0.058047603815793998 325.00000000000006 39.500000000000007 0.17337424308061603 6250.0000000000009 0.10945477336645128 22 23 850.00000000000011 24 0.086274277418851866 25 0.089248880743980422 0.081555202603340163 0.058846931904554374 0.13815068453550342 26 155.00000000000003 0.052256155759096153 23.500000000000004 155.00000000000003 0.10038758814334871 27 28 26.500000000000004 -0.31518119573593134 29 26.500000000000004 72.500000000000014 30 39.500000000000007 325.00000000000006 325.00000000000006 27.500000000000004 29.500000000000004 0.092709075659513487 31 32 0.45273815095424658 15.500000000000002 1225.0000000000002 0.08413130417466165 0.24372619390487674 0.10976454243063928 33 33.500000000000007 0.060448419302701957 90.000000000000014
decision_type=2 9 2 9 2 9 9 9 9 2 9 9 2 9 2 2 2 2 2 9 2 2 2 10 2 9 2 2 10 10 2 2 9 2 9 2 2 2 2 2 10 2 2 2 9 2 2 2 2 2 2 2 2 2 2 2 2 9 9 9 2 2 2 9 9 2 10 2 2 9 2 2 2 9 2 2 9 2 2 2 2 2 2 2 9 9 2 9 2 9 2 8 2 10 9 2 2 2 2 2 9 9 2 10 9 2 2 1 2 2 2 2 2 2 9 9 2 2 2 10 2 10 9 2 2 2
left_child=3 2 -2 4 61 8 97 21 -5 11 23 12 34 -13 15 -14 17 -16 -12 -20 48 -8 -4 30 52 26 113 -27 81 70 -11 32 -32 35 119 -34 37 120 -39 41 51 71 -40 118 -6 -21 -47 -22 -17 -50 -51 -41 53 55 -54 59 57 -56 -58 75 -18 62 64 -64 -1 -66 68 -65 69 -67 -25 -38 80 -74 -75 76 -15 78 -36 -80 -73 -3 -83 -28 -85 -63 87 -87 92 90 -90 -88 94 -94 95 -89 -97 98 100 -100 -7 -101 -99 115 105 106 -57 -108 -107 -110 111 -78 -113 114 -26 -102 -117 -118 -23 -10 125 122 -122 124 -124 -9
right_child=1 28 22 5 44 6 7 36 9 10 18 13 14 24 16 20 60 -19 19 45 47 43 -24 29 25 27 83 -29 -30 -31 31 -33 33 -35 77 -37 39 38 42 40 -42 -43 -44 -45 -46 46 -48 -49 49 50 -52 -53 54 -55 56 104 58 -59 -60 -61 -62 85 63 67 65 66 -68 -69 -70 -71 -72 72 73 74 -76 -77 110 -79 79 -81 -82 82 -84 84 -86 86 91 88 89 -91 -92 -93 93 -95 -96 96 -98 102 99 101 103 -103 -104 -105 -106 108 107 -109 109 -111 -112 112 -114 -115 -116 116 117 -119 -120 -121 121 -123 123 -125 -126 -127
leaf_value=-0.0020325939118678825 -0.092089746192097657 -0.0015125666053401382 -0.0012149249473536357 0.0039614311852889479 0.015033483097940057 -0.049972827540503605 -0.042436267498113744 0.0056012996825867047 0.0030037036495368713 -0.0020596529136505115 0.029700205719270623 0.011758980026150714 -0.078070055381017356 -0.030110262367854135 0.014060043555748934 -0.029827063148463697 -0.00018938943218929145 -0.093335025395665849 0.0075513585105005275 0.0045969152973702066 -0.059900195399056312 -0.016861428728267069 -0.036179651784070191 -0.027595045519765559 -0.0060779969777524411 -0.03073023244383789 -0.015735041381884342 0.015835755174472096 -0.045999104580418629 -0.0077561975696552243 -0.0046713609404848526 0.019891707943551402 -0.069366115886431476 -0.0021573902444166986 -0.0046779581017386326 -0.027048036160687693 -0.037923342394004314 0.031500155228741965 -0.024390692474810256 -0.042660608488203126 -0.084994845070129582 -0.0021266251944989816 0.010980453016596559 -0.040088743343503173 0.0012351799778999631 -0.0024562972776146236 0.004735000598879803 -0.022029382991770319 0.0054645720792370457 -0.025997547385033234 -0.001817477519891812 0.00039486650008629693 0.0034753686836723934 -0.016040594962537777 0.0079307679900081259 -0.049450988527303855 0.0052115490441469693 -0.010261716938642402 -0.0020258396062937702 -0.0016670314065377664 -0.017782536122080986 -0.0014645271892268655 -0.00031183810863394325 -0.036547199000457394 -0.0021454618059223601 0.012944738243581772 -0.0057808902361384555 -0.0042145571980324982 0.0014191964048268814 0.0040370951986992984 -0.078660196434167023 0.021761694577595334 -0.0097235695001936465 -0.13146625334566289 -0.024765972669428659 0.018384970189082358 0.01012821799669383 0.003097218701755717 -0.0068309759645489975 -0.043554377511913031 -0.0056830490609496125 0.00049865223424775263 -0.038363262164008725 0.0098516354676980115 -0.010358998872384664 0.0083864744462715073 -0.030948674448549304 -0.016161149449486611 -0.064391583133488903 -0.0025315118117497249 -0.019744344154667144 -0.0067312143604703724 0.0098275037007152614 -0.030710624759330556 -0.0057613963714632866 -0.0020409452042079476 0.010526958411166541 -0.0075455135648917083 0.018326449947918245 -0.04459557052088689 -0.0098947359298820915 0.0022453877893651706 0.0012133668445510368 0.030270141903649673 -0.0020154106264403254 0.002870480412289462 -0.0035134820939747712 -0.052089732760968413 0.017427043575845975 -0.040059951175860857 0.010491401175571397 -0.036422890982426265 -0.0046966279558037505 0.017105160545536194 0.01588716364850452 0.0066654636738213658 -0.051128744381391304 0.0027985561912810633 0.013638724056129321 0.021076671883028791 -0.0025625226603678154 0.0024463859260382879 -0.018452060002672049 -0.011186987923429799 -0.078986568819074066 -0.0021195101583499931
leaf_weight=43694 124 2318 320 34833 1960 124 428 2775 7377 5305 475 3212 110 127 201 295 3462 167 13288 9699 114 309 556 122 951 125 1942 4443 131 247 406 138 194 143 2434 228 196 696 341 105 120 10808 416 166 1658 12348 4499 3032 829 555 670 331 16592 2514 854 222 4585 4075 13400 11384 551 23827 20383 151 16007 2335 2688 45321 25638 8490 100 204 2615 109 246 686 1278 1568 191 275 1473 174 224 605 1305 2063 270 413 149 637 264 15331 1458 132 11039 2125 1465 2026 2572 147 924 1483 39072 164 2281 783 400 114 212 373 1917 203 1303 842 490 2472 133 398 245 410 4778 2262 293 3399 101 25064
leaf_count=43694 124 2318 320 34833 1960 124 428 2775 7377 5305 475 3212 110 127 201 295 3462 167 13288 9699 114 309 556 122 951 125 1942 4443 131 247 406 138 194 143 2434 228 196 696 341 105 120 10808 416 166 1658 12348 4499 3032 829 555 670 331 16592 2514 854 222 4585 4075 13400 11384 551 23827 20383 151 16007 2335 2688 45321 25638 8490 100 204 2615 109 246 686 1278 1568 191 275 1473 174 224 605 1305 2063 270 413 149 637 264 15331 1458 132 11039 2125 1465 2026 2572 147 924 1483 39072 164 2281 783 400 114 212 373 1917 203 1303 842 490 2472 133 398 245 410 4778 2262 293 3399 101 25064
internal_value=-0.000787028 -0.0130398 -0.0317045 -0.000695649 -0.00177369 0.000154565 -0.00116111 -0.00347132 0.000930255 0.000210037 0.00226141 -0.000763303 -0.00515409 0.000502022 -0.0125812 -0.0182549 -0.00531994 -0.0347972 0.0037234 0.00341384 -0.0170435 -0.0230991 -0.0234231 -0.00629605 1.17739e-05 0.00419443 -0.00351528 0.0145233 -0.0063415 -0.0282179 -0.00469877 -0.01731 -0.0226122 -0.0347761 0.000894255 -0.0466203 -0.00306689 -0.00193482 0.0125123 -0.00587124 -0.026347 -0.00514221 -0.00496407 -0.0118817 0.00875726 0.00133919 -0.00053569 -0.0234203 -0.00849676 -0.00542023 -0.0127848 -0.0100479 -0.000695464 -0.00266438 0.000490578 -0.00108367 -0.00167076 -0.00711344 -0.00017882 0.000532651 -0.00260882 -0.00194399 -0.00146062 -0.00308137 -0.000380863 0.000927788 0.00218455 -0.00432178 0.0027719 0.00597522 -0.050847 -0.0118702 -0.0107634 -0.0155209 -0.0562254 0.00506735 0.00318215 -0.00443488 -0.00852237 -0.0285494 -0.00233353 -0.00443582 -0.0214147 -0.00989801 -0.00395805 -0.00328939 -0.00451777 -0.0024382 -0.00370419 -0.0157292 -0.0351203 -0.00715229 -0.00294636 0.00644489 -0.00393942 0.00109685 0.00308924 0.00152088 0.00513283 0.0103408 -6.03113e-05 -0.00226333 0.000781409 0.00158266 -0.00731102 -0.0129772 -0.0250024 -0.0143674 -0.00658875 -0.0192329 0.004143 -0.000215685 -0.00899447 0.00723822 0.00146493 0.000381234 0.00356638 -0.0107794 -0.00337282 0.00395279 -0.00247794 -0.00537687 -0.00744158 -0.0135429 -0.0341305 -0.00134972
internal_weight=519824 3847 1000 515977 227498 288479 106995 57480 181484 146651 47192 99459 22241 77218 9986 5605 4381 368 40309 39834 5495 1148 876 6883 74006 10703 6135 4568 2847 469 6414 1109 971 565 12255 422 56332 40125 1453 16207 556 15651 757 720 3618 26546 16847 3146 2349 2054 1225 436 63303 23797 39506 21283 22914 4929 17985 16898 4013 223880 164707 65855 98852 55158 39151 45472 36463 10825 222 4843 4647 2970 355 5514 4828 4468 2900 466 1677 2716 398 3852 1910 59173 35346 19745 17682 1050 413 15601 16632 1590 15042 4003 3590 49515 8417 4202 4215 1630 41098 4091 4385 2104 736 514 1368 585 4701 2784 1506 2283 1441 3927 3003 531 554 7787 38672 10833 8571 3793 394 27839
internal_count=519824 3847 1000 515977 227498 288479 106995 57480 181484 146651 47192 99459 22241 77218 9986 5605 4381 368 40309 39834 5495 1148 876 6883 74006 10703 6135 4568 2847 469 6414 1109 971 565 12255 422 56332 40125 1453 16207 556 15651 757 720 3618 26546 16847 3146 2349 2054 1225 436 63303 23797 39506 21283 22914 4929 17985 16898 4013 223880 164707 65855 98852 55158 39151 45472 36463 10825 222 4843 4647 2970 355 5514 4828 4468 2900 466 1677 2716 398 3852 1910 59173 35346 19745 17682 1050 413 15601 16632 1590 15042 4003 3590 49515 8417 4202 4215 1630 41098 4091 4385 2104 736 514 1368 585 4701 2784 1506 2283 1441 3927 3003 531 554 7787 38672 10833 8571 3793 394 27839
cat_boundaries=0 2 4 5 7 8 10 12 13 14 16 18 20 21 23 25 27 29 31 33 35 36 38 40 42 44 46 48 49 50 52 53 55 57 59
cat_threshold=310378498 8192 37340201 15189 6 1166284864 1066 131072 138543254 2 2147745792 1152 562040832 2147745792 603987968 16384 335552576 1056 262144 128 545259520 1572864 4100 0 1024 512 136 268443648 1056 33652736 772 573449 325 2163744 8192 536871424 0 32 268435456 1024 2637824 8529 1048576 4 32768 512 33792 512 2048 1073743872 10240 1152 2 0 32 64 1024 675283088 128
is_linear=0
shrinkage=0.03


Tree=69
num_leaves=127
num_cat=16
split_feature=0 11 13 12 11 12 23 22 0 31 11 28 31 30 25 25 12 11 20 25 25 4 25 3 0 6 20 4 23 30 25 22 25 11 25 20 22 23 2 25 2 4 25 20 25 28 25 20 20 2 22 0 32 30 28 20 31 31 0 8 2 4 23 31 20 25 0 25 2 20 20 2 25 25 0 0 30 11 31 0 26 0 26 0 3 0 23 25 0 4 0 25 25 23 31 25 25 20 24 2 0 31 26 31 3 4 25 30 22 32 0 0 25 0 22 23 32 30 22 0 23 0 25 30 0 25
split_gain=722.356 316.634 765.629 447.472 248.491 248.746 205.028 260.147 201.116 190.685 171.368 159.898 159.015 165.979 145.071 165.923 325.22 224.233 180.866 134.411 140.787 199.818 123.947 174.246 136.986 121.56 121.054 115.563 112.907 144.726 110.51 105.818 104.763 102.877 99.7488 140.41 96.5867 95.0108 94.3408 111.187 93.4545 109.876 190.079 91.1474 102.011 90.9119 90.2485 86.6075 112.921 85.9907 105.534 85.011 107.508 84.2468 94.2385 83.6429 82.4663 88.7128 119.269 82.1909 97.7004 82.0721 97.7712 112.553 80.6024 79.6102 76.0595 191.065 75.1168 86.3029 84.93 73.6483 74.6846 151.612 209.289 72.4763 72.1152 70.9831 70.5604 70.5461 119.898 70.0783 69.1179 145.659 68.8627 74.2006 67.5318 73.7267 66.9156 66.8907 155.553 223.814 75.91 105.415 69.1076 69.1286 259.96 114.067 69.7759 67.8175 64.9472 141.199 99.9304 84.6454 63.1903 62.4752 86.6921 60.8816 60.079 58.2959 87.1413 76.2481 58.0529 169.106 98.6691 67.6552 122.865 95.3601 60.1086 63.8667 100.229 57.7761 93.8525 57.6013 57.5429 75.5051
threshold=13030.000000000002 0.40614137053489691 37.500000000000007 -0.25206183642148966 -0.082689788192510591 -0.72102889418601979 0.10078860074281694 -0.068457558751106248 45.000000000000007 0.062716279178857817 -0.5917624533176421 0.1469775587320328 0.056653732433915145 0.086054746061563506 7.5000000000000009 73.500000000000014 -0.031174269504845139 -0.32614396512508387 76.500000000000014 50.500000000000007 35.500000000000007 0 22.500000000000004 1 325.00000000000006 1.0000000180025095e-35 92.500000000000014 2 0.12481230497360231 0.14990561455488208 17.500000000000004 -0.24808008968830106 17.500000000000004 0.12545942142605784 69.500000000000014 55.500000000000007 0.056433467194437988 0.088010415434837355 3 56.500000000000007 4 5 20.500000000000004 53.500000000000007 75.500000000000014 0.15607915818691256 78.500000000000014 76.500000000000014 97.500000000000014 6 -0.081829313188791261 325.00000000000006 0.18419588357210162 0.086849529296159758 0.13584410399198535 105.50000000000001 0.05318147316575051 0.04902856424450875 61.500000000000007 9.5000000000000018 7 8 0.10130250453948976 0.032449027523398406 50.500000000000007 14.500000000000002 325.00000000000006 10.500000000000002 9 78.500000000000014 52.500000000000007 10 19.500000000000004 15.500000000000002 325.00000000000006 325.00000000000006 0.033344384282827384 0.82414472103118908 0.065873902291059508 715.00000000000011 0.0068774346727877864 1255.0000000000002 0.15256053209304812 325.00000000000006 11 1225.0000000000002 0.07194120436906816 89.500000000000014 850.00000000000011 12 950.00000000000011 46.500000000000007 82.500000000000014 0.1168753318488598 0.092846259474754347 38.500000000000007 43.500000000000007 53.500000000000007 0.98084354400634777 13 1225.0000000000002 0.038045994937419898 0.003189644194208086 0.049420468509197242 14 15 10.500000000000002 0.077426597476005568 -0.04046273045241832 0.27253690361976629 950.00000000000011 1560.0000000000002 86.500000000000014 1225.0000000000002 -0.16066887229681012 0.039356207475066192 0.1182001940906048 0.11861182749271394 0.18920962512493136 325.00000000000006 0.054210091009736068 1560.0000000000002 74.500000000000014 0.068361766636371626 225.00000000000003 38.500000000000007
decision_type=2 2 2 2 2 2 10 10 2 8 2 10 10 8 2 2 2 2 2 2 2 9 2 1 2 2 2 9 10 10 2 8 2 2 2 2 10 10 9 2 9 9 2 2 2 10 2 2 2 9 10 2 10 10 10 2 10 10 2 2 9 9 10 10 2 2 2 2 9 2 2 9 2 2 2 2 10 2 8 2 10 2 10 2 1 2 10 2 2 9 2 2 2 10 8 2 2 2 2 9 2 10 10 10 1 9 2 10 10 10 2 2 2 2 10 10 10 10 10 2 10 2 2 10 2 2
left_child=1 2 4 40 5 26 7 14 -4 30 25 -9 13 36 -2 19 -17 18 -18 20 21 -16 23 66 -24 55 81 -22 29 33 -6 37 -14 -11 35 -26 49 82 39 51 -3 42 65 44 -43 46 -30 -7 -49 50 -5 52 -33 54 -34 -10 57 -40 -59 -57 -61 -32 76 -64 -27 -42 67 -12 70 89 -35 72 73 -25 -75 107 -63 -46 -71 108 -81 -1 -15 124 85 -37 87 -85 -60 90 91 -70 -93 -94 -92 -96 97 -97 -98 -91 103 -102 -103 -51 109 -62 -107 -56 -52 -55 -111 -112 113 -78 -115 116 -114 118 119 -117 -121 122 -116 -104 125 -84
right_child=6 3 8 12 9 47 -8 11 10 28 22 -13 32 31 15 16 17 -19 -20 -21 27 -23 24 71 34 64 -28 -29 45 -31 61 38 53 68 -36 84 -38 -39 56 -41 41 43 -44 -45 77 -47 -48 48 -50 100 79 -53 -54 104 75 59 -58 58 88 60 105 62 63 -65 -66 -67 -68 -69 69 78 -72 -73 -74 74 -76 -77 112 -79 -80 80 -82 -83 83 86 -86 -87 -88 -89 -90 99 94 92 93 -95 95 96 98 -99 -100 -101 101 102 123 -105 -106 106 -108 -109 -110 110 111 -113 115 114 121 117 -118 -119 -120 120 -122 -123 -124 -125 -126 -127
leaf_value=0.0040392464385861871 0.0058995085536449584 -0.0036235751649037534 0.018706827022503453 0.0038035978505882879 0.010042621356171403 -0.0012663639317667705 -0.058057370701661476 0.040067154268481738 -0.0028971327703174667 0.00015140768638204256 -0.029682566752800312 -0.012335576070743858 -0.015798086497004947 0.0029973888080431109 -0.058056492735012413 0.0279245816370551 -0.013720254359819065 0.0087862216366405496 -0.066959638393623386 -0.05366939054334105 -0.023783535942036124 -0.015314883545770779 -0.0031045415479078256 0.0065188135620447398 0.0047466474323746418 -0.0062061577149760258 0.001461469815562303 0.016122729988659129 -0.0066104895113612084 0.0039656845722516165 0.0061175744976773531 -0.0028854059974104166 -0.0024082956009903538 0.0052428983305124041 0.0010098843337755686 -0.0052089617850618435 0.0036846171432017064 0.0056163825737751763 -0.0014303437030823004 3.0539642997506002e-05 -0.022613998888825464 -0.0078658651489748911 -0.0053221897033414655 -0.0044486087875155716 -0.027544987568109906 0.0029916142468985204 -0.021302923217203611 0.0035523897966188854 -0.00049507496288121722 -0.0039898479491180285 -0.03216493532434106 0.015178571570494268 0.021266255129627147 -0.0012290223648140925 0.00079007937007718868 0.0014510739358791225 0.003546147261390215 -0.035109804421663282 0.0012836869517070363 0.00018967542354797213 0.0039180848348227531 -0.018763294815723048 0.013381563767037891 0.002291844428592699 -0.02046219797473485 -0.052009433168297009 0.0027284382535187703 0.011922739143573099 -0.051302600727575323 0.013675654620772951 -0.0016116030042789354 -0.012534234319472658 0.0065040674085441209 -0.00070343596021891293 -0.038798084950684444 -0.0065062536808567365 -0.00095996869554689271 -0.0023361547536809336 -0.0018554318589462191 -0.014650487259377613 0.013611445656603296 0.013947668648111301 0.013389271179439674 -0.025734323604186451 0.0040732494218105458 0.0011893247495923063 0.0072952317090571985 -0.0040181452584810151 -0.010074852790854048 0.00076077526456397565 0.00051051413844489194 -0.0010850427473058639 -0.046093316334739051 -0.0054481464476273285 0.0017293884385103995 -0.06439951473299195 -0.019865143552668212 -0.019891009423369115 -0.0055371426663372017 -0.0059920732286771238 0.0059067554148713062 0.0050250870833354715 -0.035129583479551175 0.0064799854230862923 -0.011547279626590228 -0.027799367360370673 -0.0046970482301738857 -0.022333851957927097 -0.0088026308650465089 0.0048540964853533257 -0.014637636623761911 0.0097936187069667564 0.0084901691745927124 -0.043345211357451403 -0.0033342353546407157 0.0019843862816903901 -0.0077345569631485254 0.0077577942884677108 0.0072386992992552988 -0.029153982379606792 -0.0032656031815747589 0.004969073036983609 -0.042043718866782612 -0.013431448875874798 0.0076349467368696522 -0.004040933335198638
leaf_weight=36858 158 26159 429 3168 1371 19871 116 106 83882 25783 103 102 517 6367 202 141 106 112 126 202 181 193 20422 466 2271 1173 23374 101 1834 5186 2927 749 2762 2016 26204 9123 2369 7405 6540 4410 223 3125 518 9665 434 660 473 11603 13330 12218 119 931 212 31047 123 8601 1986 139 678 8311 751 189 919 7875 513 134 2739 2246 164 269 8410 616 764 305 225 1208 8580 131 10574 235 315 653 255 398 1021 1986 111 218 1496 2544 1245 294 105 126 605 101 343 108 2781 2816 270 112 278 736 573 148 7885 611 577 388 954 130 576 116 128 2576 1544 2351 971 146 1600 124 100 185 805 1771
leaf_count=36858 158 26159 429 3168 1371 19871 116 106 83882 25783 103 102 517 6367 202 141 106 112 126 202 181 193 20422 466 2271 1173 23374 101 1834 5186 2927 749 2762 2016 26204 9123 2369 7405 6540 4410 223 3125 518 9665 434 660 473 11603 13330 12218 119 931 212 31047 123 8601 1986 139 678 8311 751 189 919 7875 513 134 2739 2246 164 269 8410 616 764 305 225 1208 8580 131 10574 235 315 653 255 398 1021 1986 111 218 1496 2544 1245 294 105 126 605 101 343 108 2781 2816 270 112 278 736 573 148 7885 611 577 388 954 130 576 116 128 2576 1544 2351 971 146 1600 124 100 185 805 1771
internal_value=-0.000864545 -0.000797786 -0.000360332 -0.00205499 0.00089728 0.00190768 -0.0195925 -0.0169813 -0.00178569 -0.000186547 -0.00183471 0.0144336 -0.000913704 0.000119132 -0.0212812 -0.0244317 -0.0103165 -0.0260264 -0.042798 -0.0321995 -0.0257237 -0.037264 -0.000654084 0.00299486 -0.00110042 -0.00256145 0.00315616 -0.0094844 -0.00110381 -0.000836358 0.00171229 0.00139196 -0.00239778 -0.0012637 -9.2403e-05 -0.00209805 -0.00201258 0.00304496 -0.000279354 0.00263691 -0.00469318 -0.00665181 -0.0169509 -0.00598079 -0.00999164 -0.0068229 -0.00963078 0.000211068 0.00138855 -0.00275379 0.000892563 0.00872271 0.0024591 -0.00221407 -0.00597036 -0.00243839 -0.00197562 -0.00321682 -0.00826526 -0.000940811 -0.00214425 0.00134023 0.000836936 0.00345214 -0.0105534 -0.033762 0.00612681 0.0100866 -0.00238626 -0.00337671 -0.000285548 -0.00371169 -0.000544168 -0.0059572 -0.0169183 -0.0110326 -0.000373546 -0.0217146 -0.0014689 -0.00649881 0.00153122 0.0042121 0.00112607 -0.00222254 -0.00337981 -0.00406511 -0.0141908 -0.018068 -0.00653353 -0.00522116 -0.00743292 -0.0208157 -0.0112127 -0.0240423 -0.00565021 -0.00759756 -0.00929059 -0.0416041 -0.00711614 -0.0027972 -0.00391796 -0.011975 -0.0203673 -0.00339454 -0.00167995 -0.00434754 -0.00512609 -0.0184631 -0.0128375 -0.00150573 -0.00733723 -0.0117014 -0.000187801 -0.00191892 -0.0194601 0.0014164 -0.0033244 0.00273149 0.000497906 -0.00101784 -0.00544583 -0.0114884 -0.0204215 -0.0265073 0.000854833 -0.00184158
internal_weight=520004 518158 384403 133755 204219 105689 1846 1730 180184 98530 179755 208 93366 55053 1522 1364 485 344 232 879 677 395 68491 7464 61027 111264 60885 282 66437 63470 32093 34471 38313 58284 40605 14401 20582 17330 17141 6302 40389 14230 875 13355 3690 2967 2307 44804 24933 18213 4414 1892 961 37796 4704 109578 10839 8853 2313 25696 17095 30722 27795 8794 1686 357 5088 2349 32501 22075 10426 2376 1760 996 530 1942 19001 565 10843 1246 550 37511 9925 3558 12130 11109 727 616 2174 11232 5872 689 525 231 5183 3938 3333 209 3124 5360 13799 845 575 12954 33092 8784 8033 734 696 32519 1472 1084 18812 9048 468 9764 2120 7644 5293 4322 1746 352 228 463 2831 2026
internal_count=520004 518158 384403 133755 204219 105689 1846 1730 180184 98530 179755 208 93366 55053 1522 1364 485 344 232 879 677 395 68491 7464 61027 111264 60885 282 66437 63470 32093 34471 38313 58284 40605 14401 20582 17330 17141 6302 40389 14230 875 13355 3690 2967 2307 44804 24933 18213 4414 1892 961 37796 4704 109578 10839 8853 2313 25696 17095 30722 27795 8794 1686 357 5088 2349 32501 22075 10426 2376 1760 996 530 1942 19001 565 10843 1246 550 37511 9925 3558 12130 11109 727 616 2174 11232 5872 689 525 231 5183 3938 3333 209 3124 5360 13799 845 575 12954 33092 8784 8033 734 696 32519 1472 1084 18812 9048 468 9764 2120 7644 5293 4322 1746 352 228 463 2831 2026
cat_boundaries=0 1 2 3 4 5 6 7 8 9 10 11 12 13 14 15 16
cat_threshold=4 2 1 2 6 2 4 12 2 2 6 2 4 4 2 2
is_linear=0
shrinkage=0.03


Tree=70
num_leaves=127
num_cat=35
split_feature=0 5 5 0 0 5 31 0 12 26 0 5 12 5 23 5 0 5 5 5 27 0 0 5 5 23 5 8 26 22 27 23 8 27 0 30 5 2 0 0 5 0 13 0 5 5 29 5 0 27 12 27 12 27 8 13 21 5 0 27 21 3 27 0 27 23 30 31 22 26 12 12 5 13 0 31 27 27 5 20 0 5 5 0 0 27 27 5 0 5 5 0 5 0 27 12 0 23 27 9 0 20 5 20 27 5 0 0 0 5 5 0 12 13 3 20 23 27 27 8 27 13 27 0 5 5
split_gain=674.564 477.362 466.81 578.373 408.45 261.44 241.413 225.685 1240.23 858.565 223.984 313.262 325.754 249.844 238.785 249.145 225.271 261.654 214.494 196.451 191.965 316.625 1651.38 330.881 279.501 222.619 218.402 193.217 192.609 190.237 208.651 187.221 231.417 191.017 206.301 175.838 187.059 239.176 408.549 1740.42 526.442 489.415 464.216 368.954 955.395 534.318 342.555 296.578 261.968 328.793 292.438 248.917 249.771 230.72 216.722 339.341 219.129 276.636 259.257 208.599 202.881 193.729 225.04 191.028 182.787 181.979 178.487 174.785 208.565 173.197 168.764 191.397 163.038 155.77 153.669 153.297 151.411 147.419 290.952 304.561 262.151 492.729 240.228 536.709 224.357 158.435 335.986 203.511 192.487 356.648 233.474 153.453 241.804 165.2 146.675 182.631 146.42 188.277 165.063 145.521 144.68 152.974 143.216 141.774 138.518 206.648 222.839 138.141 157.939 137.138 134.931 212.243 134.348 416.565 522.956 291.703 132.672 129.805 145.213 181.314 202.135 129.159 183.401 161.628 742.064 572.708
threshold=1715.0000000000002 0 1 1940.0000000000002 1560.0000000000002 2 0.08360611274838449 1280.0000000000002 0.87291088700294506 0.1189631186425686 325.00000000000006 3 -0.69676771759986866 4 0.048478709533810622 5 110.00000000000001 6 7 8 0.059944719076156623 475.00000000000006 425.00000000000006 9 10 0.07194120436906816 11 8.5000000000000018 0.34387405216693884 -0.64485630393028248 0.053263295441865928 0.032954851165413863 6.5000000000000009 0.05270845256745816 225.00000000000003 0.19365485012531283 12 13 950.00000000000011 850.00000000000011 14 90.000000000000014 39.500000000000007 325.00000000000006 15 16 0.14472704380750659 17 1225.0000000000002 0.058846931904554374 -0.39827153086662287 0.086274277418851866 0.79773375391960155 0.051913643255829818 6.5000000000000009 34.500000000000007 0.089673124253749861 18 61.500000000000007 0.052256155759096153 0.083078928291797652 19 0.053263295441865928 90.000000000000014 0.064750330522656455 0.058227287605404861 0.058018375188112266 0.05318147316575051 0.1074853613972664 0.17467451840639117 0.071972697973251357 0.85561370849609386 20 46.500000000000007 225.00000000000003 0.042853806167840965 0.049178216606378562 0.10945477336645128 21 22.500000000000004 155.00000000000003 22 23 950.00000000000011 90.000000000000014 0.092709075659513487 0.084925193339586272 24 225.00000000000003 25 26 950.00000000000011 27 155.00000000000003 0.17337424308061603 0.48126256465911871 950.00000000000011 0.077383715659379973 0.08212983608245851 5.5000000000000009 325.00000000000006 39.500000000000007 28 90.500000000000014 0.051913643255829818 29 325.00000000000006 61.500000000000007 45.000000000000007 30 31 1280.0000000000002 -0.87397405505180348 27.500000000000004 32 97.500000000000014 0.12977331131696704 0.064750330522656455 0.051913643255829818 9.5000000000000018 0.059944719076156623 42.500000000000007 0.10945477336645128 615.00000000000011 33 34
decision_type=2 9 9 2 2 9 10 2 2 10 2 9 2 9 8 9 2 9 9 9 2 2 2 9 9 8 9 2 10 10 2 10 2 2 2 10 9 9 2 2 9 2 2 2 9 9 10 9 2 2 2 2 2 2 2 2 8 9 2 2 10 1 2 2 2 10 8 10 10 10 2 2 9 2 2 8 2 2 9 2 2 9 9 2 2 2 2 9 2 9 9 2 9 2 2 2 2 10 2 2 2 2 9 2 2 9 2 2 2 9 9 2 2 2 1 2 10 2 2 2 2 2 2 2 9 9
left_child=1 5 3 -2 7 107 94 35 9 -9 11 31 16 -14 -12 29 17 -13 -5 -19 24 22 23 -22 28 -23 -27 -24 75 30 -16 32 33 34 -7 36 37 43 39 40 -39 66 -41 45 -45 -3 121 53 49 61 -51 60 112 76 56 63 58 -58 -38 -55 -40 70 -63 -56 -52 -37 -42 -33 -69 -15 -49 -72 -6 -20 -71 -17 -46 78 80 -80 81 -57 83 -79 -83 86 88 -88 90 117 -81 92 -89 -94 -4 -96 98 -98 -60 110 101 -91 -84 -65 105 -82 -107 108 -1 -93 -28 -112 113 -53 -115 -116 -67 118 -90 120 -120 123 -123 125 -125 -43
right_child=2 4 6 18 72 10 -8 8 -10 -11 14 12 13 69 15 20 -18 19 73 -21 21 25 27 -25 -26 26 99 -29 -30 -31 -32 67 -34 -35 -36 65 54 38 51 42 41 46 -44 44 47 -47 -48 48 -50 50 64 52 -54 59 55 77 57 -59 96 -61 -62 62 -64 103 -66 116 -68 68 -70 74 71 -73 -74 -75 -76 -77 -78 82 79 85 104 84 102 -85 -86 -87 87 91 89 100 -92 109 93 -95 95 -97 97 -99 -100 -101 -102 -103 -104 -105 -106 106 -108 -109 -110 -111 111 -113 -114 114 115 -117 -118 -119 119 -121 -122 122 -124 124 -126 -127
leaf_value=0.02130656710004105 -0.089581150840367038 0.0085148650702796848 -0.00055147207933710547 -0.039299826837288949 0.014402475056400015 -0.011391726085644972 -0.047147963959723711 0.032035535284428526 -0.10217836557432662 -0.06231351371218518 -0.01884405368658644 -0.041319969550488479 0.011184370912903089 -0.0020144788927900456 -0.0066855618195781306 -0.018159668254615416 0.0079948592799965173 0.022512537877101006 -0.0063568627984987363 -0.0018869918505290601 -0.010925689024089632 -0.031457984809656045 -0.10037643328518935 0.005466520622667022 0.00044973805523572179 0.017569394289851433 0.0014978066516748404 -0.052415032747680744 -0.0076878027879185486 0.015226705978869663 0.0046234863760605217 0.0043859121939543548 -0.0032198764943072366 -0.0075980519999197908 -0.036648514452525566 -0.019931203121470634 -0.017459633637106939 0.01164696987800545 0.014887965245000818 -0.10612897963726264 0.042485512894227966 -0.05007333616733551 -0.037298203038803317 0.023369500011086782 -0.0033290891745635116 -0.0074926750424380035 -0.058026109333325152 0.029303123590846854 0.016654481766196071 -0.05939875819223344 -0.011287728318028033 -0.00046056727318441481 0.0082526981845368972 0.014196779693623257 -0.01873747353470687 -0.051022210011356754 -0.00080746620568778967 -0.0044681371406271857 0.0025282032916384665 -0.002650566467762446 -0.0015995008278816085 -0.058193855951358744 -0.009103463454580402 0.0034098311033361885 -0.043085160934768905 0.0057290252273103793 0.0031166473207160693 -0.03176889453494252 0.0072562080448154691 0.021467162760885204 -0.017694019707480732 -0.0029133860738342053 0.0015282089592089949 -0.042591439697004151 0.0008528274038448186 0.0095897725412566331 -0.027967475550211514 0.017881808568980837 -0.054465210569255497 0.0074073922304141015 0.014266863711728741 -0.014888941273538476 -0.0041581603953447718 -0.02829482041056321 0.0086957260041671015 0.0035176280555637958 0.0099451198923704489 -0.011837967104574377 -0.0012294933287122431 -0.031982236149720844 -0.0062831489912245821 -0.03031967779131757 -0.010231761756740197 -0.045276295834239089 -0.036759745861077074 0.011508668328991488 -0.039790893877438435 -0.0024976016127972707 0.019915457603078588 -0.0028124061567567108 0.00174329154530734 -0.0037734481962065081 0.00041969674618221389 -0.00023049881191793744 0.0028232048133832355 0.0033956257718399606 -0.020130153278558802 0.0043347166976855081 -0.0064760891439051135 -0.0015446477588331366 -0.0013953482275528804 0.021951142646897008 -0.0034609920241936011 0.0024627929777630321 -0.093602909865287631 -0.03567413721298409 -0.00929696526135179 -0.0011597125153281938 0.0048097844755294336 -0.018137524034501341 -0.022814024232800309 -0.015659781524448992 0.0087900219564890549 -0.0090763497902658884 -0.067151210340735026 -0.0038305790204978571
leaf_weight=203 123 6150 2057 396 1947 782 119 294 128 122 557 130 1404 38723 1653 183 6724 316 674 3225 2299 199 141 2122 15327 638 51578 172 692 1323 13083 3264 12901 4668 464 290 662 1316 1521 186 108 239 170 1023 412 2690 132 107 266 222 566 737 1260 756 405 217 30092 48624 10737 5239 1202 153 186 23926 228 5703 2115 280 219 530 1312 1975 1636 126 841 6978 493 303 101 3501 368 752 19837 890 700 3452 321 1097 975 179 1638 168 165 461 230 101 126 3003 514 13190 8288 4479 8917 16112 24640 608 895 18994 1894 917 27392 354 2977 205 129 202 582 1367 761 2863 346 3993 296 2205 208 6948
leaf_count=203 123 6150 2057 396 1947 782 119 294 128 122 557 130 1404 38723 1653 183 6724 316 674 3225 2299 199 141 2122 15327 638 51578 172 692 1323 13083 3264 12901 4668 464 290 662 1316 1521 186 108 239 170 1023 412 2690 132 107 266 222 566 737 1260 756 405 217 30092 48624 10737 5239 1202 153 186 23926 228 5703 2115 280 219 530 1312 1975 1636 126 841 6978 493 303 101 3501 368 752 19837 890 700 3452 321 1097 975 179 1638 168 165 461 230 101 126 3003 514 13190 8288 4479 8917 16112 24640 608 895 18994 1894 917 27392 354 2977 205 129 202 582 1367 761 2863 346 3993 296 2205 208 6948
internal_value=-0.000755068 -0.000661904 -0.0133037 -0.0276715 -0.00149244 0.000341572 -0.00560377 -0.00162201 -0.0209084 0.00428278 2.50942e-05 -0.00130064 -1.67818e-05 -0.00120643 0.000741143 0.000820719 0.00473207 -0.00124478 -0.0214662 0.000353405 0.000355464 -0.00022477 -0.00779293 -0.00307061 0.00281075 0.000159104 0.000226985 -0.0742715 0.00740819 0.0043308 0.00335453 -0.00424942 -0.00547297 -0.0103866 -0.020819 -0.00158419 -0.00170166 -0.00340227 -0.00533628 -0.0078802 -0.00654663 -0.00802343 -0.0734569 -0.00107856 -0.00430661 0.00364465 -0.0101017 -0.00669858 -0.0122472 -0.013895 -0.0290192 0.000193382 -0.00347359 -0.00265271 -0.00133661 -0.000542067 -0.00243542 -0.00306941 0.000882293 -0.000524017 0.00761207 -0.00977198 -0.0313653 0.00173736 -0.0204612 0.00326312 0.00504755 0.00185688 -0.0146614 -0.00164298 -0.00760659 -0.00881664 0.00857059 -0.0119605 0.00883174 0.0088782 -0.0167669 -0.00157549 -0.000708502 -0.00270962 0.00149893 -0.0100292 -0.003291 -0.0164241 -0.0034967 -0.00254 -0.00329978 -0.0125532 -0.00211253 -0.00348904 0.0030455 -0.0151093 -0.0207266 -0.0355041 -0.00353811 -0.022041 0.00172784 -0.00401158 0.00332424 0.000105288 -0.000633766 -0.0048641 -0.00273889 0.00194493 0.0022256 -0.00564185 -0.0105473 0.00352631 -0.00377772 -0.00631736 0.000590485 -0.0010963 -0.00695122 -0.0151042 -0.0352009 -0.0584645 0.00433634 -0.00932844 -0.0116048 -0.0141519 -0.00383701 -0.00964213 -0.0139708 -0.00770697 -0.0144239 -0.0054501
internal_weight=519305 515479 3826 1319 282036 233443 2507 278453 544 416 212352 74471 51893 41498 137881 137324 10395 3671 1196 3541 121265 98085 4734 4421 23180 93351 93152 313 7853 16059 14736 22578 18815 5914 1246 277909 271334 47927 26149 17916 17560 16244 356 21778 12938 8840 14021 11915 5015 4749 1016 8233 5510 6900 223407 129649 93758 78716 15042 5995 2723 3733 339 40443 794 6575 2223 3763 499 40094 3394 3287 3583 800 1371 7161 905 89206 59259 31079 28180 1669 29947 1193 1452 30978 27526 3129 24397 19258 5139 2808 1723 626 2388 331 14380 3129 11251 92514 12946 4658 28754 40038 26511 1871 1503 21091 2097 1085 79324 27746 4250 1273 536 331 6285 6312 4945 3970 1107 13889 4289 9600 2413 7187
internal_count=519305 515479 3826 1319 282036 233443 2507 278453 544 416 212352 74471 51893 41498 137881 137324 10395 3671 1196 3541 121265 98085 4734 4421 23180 93351 93152 313 7853 16059 14736 22578 18815 5914 1246 277909 271334 47927 26149 17916 17560 16244 356 21778 12938 8840 14021 11915 5015 4749 1016 8233 5510 6900 223407 129649 93758 78716 15042 5995 2723 3733 339 40443 794 6575 2223 3763 499 40094 3394 3287 3583 800 1371 7161 905 89206 59259 31079 28180 1669 29947 1193 1452 30978 27526 3129 24397 19258 5139 2808 1723 626 2388 331 14380 3129 11251 92514 12946 4658 28754 40038 26511 1871 1503 21091 2097 1085 79324 27746 4250 1273 536 331 6285 6312 4945 3970 1107 13889 4289 9600 2413 7187
cat_boundaries=0 2 4 6 7 8 9 11 13 15 17 19 20 22 23 25 26 28 30 32 33 35 37 39 41 42 44 46 48 50 52 54 56 57 58 59
cat_threshold=2680437462 17450 847249410 10240 84 2 20980226 335806464 4194818 2048 1024 268435458 8192 0 16384 268437504 17416 2156142592 1056 2048 672801 64 10 1 64 1056 671744 64 147456 64 538968072 528 2 1572864 4100 1610645504 9092 0 512 1073741824 16 2097152 2097160 1 2162696 1 1114112 17 539000832 12548 32768 4 0 16 159383680 17408 2 147456 131072
is_linear=0
shrinkage=0.03


Tree=71
num_leaves=127
num_cat=21
split_feature=0 6 12 13 31 23 22 4 12 25 26 12 23 22 25 2 0 25 32 25 12 12 0 25 25 32 4 0 2 26 29 2 0 25 24 4 25 30 21 12 12 24 32 0 30 0 21 22 0 4 2 32 22 26 0 22 22 8 12 12 25 0 23 21 0 30 22 25 0 0 21 22 23 32 4 4 0 0 0 4 0 25 23 28 0 0 25 0 0 0 25 4 25 25 25 28 31 4 22 0 4 4 4 25 25 0 4 25 2 25 25 25 0 25 2 0 2 0 2 25 25 25 0 25 25 25
split_gain=670.281 281.876 262.312 901.552 382.366 253.826 330.468 252.892 194.353 192.471 182.781 169.3 162.622 225.788 164.525 146.158 195.496 145.947 132.725 129.352 264.502 159.477 128.55 139.158 159.818 120.707 118.547 117.852 111.736 157.39 111.68 111.444 108.618 107.231 119.058 110.222 160.19 105.677 101.166 95.3341 93.3982 92.7588 86.3786 137.215 95.326 84.9821 189.193 82.7897 82.5431 158.508 99.7788 117.932 82.1943 79.6991 77.7083 73.4036 78.5847 73.3027 242.785 152.116 104.486 77.1409 72.8458 113.737 75.1775 75.1469 70.8821 107.9 177.582 161.296 145.186 81.3067 69.5833 73.8576 69.1385 68.7642 67.1544 88.5985 73.5594 234.74 111.529 66.8523 65.8696 64.4672 91.0637 104.012 64.2261 98.0634 112.932 70.8544 61.3474 110.329 104.022 74.1068 60.613 59.5826 58.2473 58.1918 57.1542 59.2769 112.154 83.0795 55.1848 53.2901 97.886 138.647 53.1532 53.1191 64.9063 98.2842 57.7191 92.7507 67.6281 62.5192 67.2861 80.3349 116.585 52.1592 51.8083 68.1045 57.1883 115.636 60.3201 92.9854 79.3065 57.1117
threshold=13030.000000000002 1.0000000180025095e-35 -0.73284119367599476 27.500000000000004 0.062716279178857817 0.10078860074281694 -0.068457558751106248 0 -0.9711191952228545 82.500000000000014 0.076182886958122267 0.92191100120544445 0.10777157172560693 -0.26848718523979181 13.500000000000002 1 850.00000000000011 7.5000000000000009 0.23425994068384173 73.500000000000014 -0.099822327494621263 0.83730375766754161 135.00000000000003 17.500000000000004 20.500000000000004 0.20555610954761508 2 45.000000000000007 3 0.13385654240846637 0.041942948475480087 4 1255.0000000000002 75.500000000000014 0.99213126301765453 5 38.500000000000007 0.075147990137338652 0.061439437791705138 0.17435361444950107 -0.94703993201255787 1.0314051508903506 0.18566475808620456 950.00000000000011 0.31432922184467321 1560.0000000000002 0.046407744288444526 -0.48731076717376703 325.00000000000006 6 7 0.21750915795564654 0.058213453739881522 0.0057193948887288579 155.00000000000003 0.33697864413261419 0.06339344754815103 7.5000000000000009 -0.082691941410303102 -0.26867066323757166 90.500000000000014 110.00000000000001 0.12977331131696704 0.1163604184985161 850.00000000000011 0.14990561455488208 -0.61912810802459706 51.500000000000007 90.000000000000014 155.00000000000003 0.036828776821494109 -0.67445802688598622 0.10839978232979776 0.18419588357210162 8 9 225.00000000000003 325.00000000000006 425.00000000000006 10 950.00000000000011 18.500000000000004 0.1168753318488598 0.15607915818691256 325.00000000000006 1225.0000000000002 10.500000000000002 325.00000000000006 155.00000000000003 225.00000000000003 64.500000000000014 11 50.500000000000007 75.500000000000014 89.500000000000014 0.10141823068261148 0.056429935619235046 12 0.040643317624926574 850.00000000000011 13 14 15 86.500000000000014 65.500000000000014 325.00000000000006 16 49.000000000000007 17 15.500000000000002 54.500000000000007 52.500000000000007 61.500000000000007 51.500000000000007 18 155.00000000000003 19 90.000000000000014 20 8.5000000000000018 15.500000000000002 13.500000000000002 325.00000000000006 27.500000000000004 69.500000000000014 36.500000000000007
decision_type=2 2 2 2 8 10 10 9 2 2 8 2 10 10 2 9 2 2 10 2 2 2 2 2 2 10 9 2 9 10 10 9 2 2 2 9 2 10 10 2 2 2 10 2 10 2 10 10 2 9 9 10 10 10 2 10 10 2 2 2 2 2 10 10 2 10 10 2 2 2 10 10 10 10 9 9 2 2 2 9 2 2 10 10 2 2 2 2 2 2 2 9 2 2 2 10 10 9 10 2 9 9 9 2 2 2 9 2 9 2 2 2 2 2 9 2 9 2 9 2 2 2 2 2 2 2
left_child=1 2 3 8 7 6 17 28 118 31 37 27 14 42 117 -11 -17 -2 -8 26 -21 -22 23 74 -25 106 -19 -12 29 52 66 32 33 35 -35 36 -10 -6 45 -40 -5 -36 53 44 -44 103 -47 -41 49 54 98 -52 -4 -14 -39 56 72 59 60 -29 107 -62 65 64 75 83 67 69 70 -16 -69 -70 -15 94 -13 -64 -63 97 -79 -80 -81 -30 -58 -24 -85 -86 87 88 -60 -90 92 -92 -33 -93 102 -55 -68 -78 -50 100 -100 -101 -74 104 -32 -106 -26 108 109 -59 111 113 -112 -109 -115 -116 -117 -9 120 -120 121 -1 123 -122 125 -125
right_child=5 -3 4 40 10 -7 18 12 9 15 11 22 13 55 30 16 -18 19 -20 20 21 -23 62 24 25 -27 -28 57 81 -31 38 90 -34 34 41 -37 -38 48 39 47 -42 -43 43 -45 -46 46 -48 -49 50 -51 51 -53 -54 95 -56 -57 82 58 86 -61 61 76 63 -65 -66 -67 96 68 71 -71 -72 -73 73 -75 -76 -77 77 78 79 80 -82 -83 -84 84 85 -87 -88 -89 89 -91 91 93 -94 -95 -96 -97 -98 -99 99 101 -102 -103 -104 -105 105 -107 -108 110 -110 -111 112 -113 -114 114 115 116 -118 -119 119 -121 122 -123 -124 124 -126 -127
leaf_value=-0.0008947836440877944 0.0051440253218889296 -0.0063507556616934939 -0.0027004637762538847 0.0016769022554706224 -0.0012581924709461558 -0.064790707432171871 0.040297537755707033 -6.8838720244860898e-05 -0.029421034056202385 -0.0045067614510376297 0.014817645640007249 0.025041055263010498 0.0022005816907757231 0.008364215967574239 -0.0047159762546293005 -0.048616253882646558 -0.014392766658048837 -0.044466659859572037 -0.0053398698015219492 0.026262938056777162 -0.039535403429334495 0.0038902068941489508 0.00044864162163051909 -0.043104808576619968 -0.022537336423665177 -0.03434584599387433 -0.022054075470702393 -0.0047834835697176678 0.020574806481599806 0.0069674745872818494 0.0027328993340010235 -0.00049538084723052002 0.008873317079596604 -0.03551041285021473 -0.0018866525166067144 -0.0040397756307155343 -0.0015122022006263055 -0.038589232782767692 -0.0058794188516036253 -0.011064359280016428 0.0042039671835583442 -0.022715837700735955 -0.037905514367497881 0.0081845217145732271 -0.0030492574757394883 -0.041944049345254898 0.0057032765330749238 -0.00038476718928479405 -0.020415505568944212 -0.00042169250912344315 0.0043364884483215746 -0.0075758344038926685 -0.019334934053228916 0.012035893788485439 -0.015259268476106161 -0.00984069427489658 0.01382971597514158 0.0081067010291751285 -0.0031898023060172574 -0.0013964675549843991 -0.029381570196847485 0.01546851911075544 0.016856370098895342 0.0015438228408854904 -0.021542545061898212 0.0042399593555862113 -0.0076027637450923977 0.043940046524579543 -0.011027405769634076 0.020209795485996111 0.00016638284508741833 0.0048731191003607817 0.0056915009827497292 0.00128270133198923 -0.0001263881444436265 -0.013552987054202027 -0.00922090348183063 0.0055586664599628147 -0.040917325046658515 -0.014047047392176586 -0.001056244110220097 0.0065479789320856598 0.0024752386638409864 0.0074650225944369736 -0.030822765084786478 -0.005089640872184018 -0.0021933508300863588 0.0016907274051596527 -0.038639117023926611 -0.014864824162034303 0.0078682096466064794 -0.006661281642095394 -0.0054879423174432184 0.0031416233259252318 -0.015991343259119932 0.0037533723151829601 0.0087276285561476499 -0.032179965308689051 -0.013519774110300036 0.0040174902467166674 0.010588235640411463 -0.015017330667191405 -0.0058313856352656054 0.0043052048793486329 -0.0017125667906287361 -0.024741831037729065 -0.0038394485464275882 0.0044321238748330069 -0.0018873545674914251 -0.00018856761707088888 -0.011995986151174979 0.0072096464410157388 0.00071579247528875674 0.014126160934101789 0.01092757004372916 -0.0026830529146360722 -0.021288270126598386 0.014672800092313421 0.013412537766726018 -0.0022809113629523462 0.0090876443481887684 -0.024474117399223713 0.0022909221723363851 -0.02525575278960961 0.009498626735246837 -0.0055143908157356701
leaf_weight=1006 169 7773 1281 20264 4122 101 114 292 386 950 387 193 1496 598 468 191 698 357 114 122 227 114 49479 103 141 125 533 19871 319 1661 4009 9615 465 206 495 9010 355 141 3313 664 37571 314 129 406 155 124 187 37125 380 726 1524 1467 337 3511 1414 640 544 1608 403 29878 101 170 107 885 476 4782 3971 112 1482 465 172 359 451 2647 199 175 341 855 149 688 4351 7026 2947 253 213 418 113885 514 195 271 1591 1469 6163 1314 430 1007 206 140 324 254 372 1091 2172 6603 1179 293 3803 1958 14486 6393 381 3364 26987 181 264 1407 379 829 255 8959 524 229 13164 140 306 2069
leaf_count=1006 169 7773 1281 20264 4122 101 114 292 386 950 387 193 1496 598 468 191 698 357 114 122 227 114 49479 103 141 125 533 19871 319 1661 4009 9615 465 206 495 9010 355 141 3313 664 37571 314 129 406 155 124 187 37125 380 726 1524 1467 337 3511 1414 640 544 1608 403 29878 101 170 107 885 476 4782 3971 112 1482 465 172 359 451 2647 199 175 341 855 149 688 4351 7026 2947 253 213 418 113885 514 195 271 1591 1469 6163 1314 430 1007 206 140 324 254 372 1091 2172 6603 1179 293 3803 1958 14486 6393 381 3364 26987 181 264 1407 379 829 255 8959 524 229 13164 140 306 2069
internal_value=-0.000745695 -0.000681265 -0.000594859 0.000647237 -0.000967469 -0.0187615 -0.0160695 0.000753943 -0.00193316 -0.00346403 -0.00147694 -0.0013284 0.000169424 0.00275576 -0.000547013 -0.0128945 -0.0215498 -0.0211148 0.0175552 -0.0243961 -0.0115008 -0.0250488 7.15505e-05 -0.00477182 -0.00637815 -0.00543812 -0.0310841 -0.00170247 0.00509923 0.000481076 -0.000757301 -0.00291102 -0.00530454 -0.0059226 -0.0151987 -0.00495557 -0.0160705 -0.00513466 -0.000284165 -0.00100059 0.00331859 -0.00998922 0.00705077 -0.00299899 -0.0189593 0.00209138 -0.0133679 -0.000572709 -0.00721128 -0.0119974 -0.00519222 -0.00150173 -0.00617492 0.00820411 -0.0173982 -5.58382e-06 0.00063837 -0.00173043 -0.00144795 -0.0027494 3.05132e-05 -0.00348695 0.000460885 -0.00576205 -0.0142828 0.000646393 -0.00425524 -0.000784354 -0.00451802 0.00771517 0.0175228 -0.0079258 -0.00136284 -0.00238462 0.0122969 -0.00199589 -0.00309192 -0.00357785 -0.0025901 -0.00393386 -0.00283238 0.00715016 0.00424805 0.000305104 -0.00772036 -0.0138111 -0.00227144 -0.00869542 -0.0148335 -0.0248747 -0.00157347 0.00156922 -0.00244574 -0.00203335 -0.00556363 0.0101911 -0.00679549 -0.0159563 -0.00970283 -0.00774681 -0.000637754 -0.0114223 -0.00384872 0.00249032 0.000303539 -0.0063102 -0.00451345 0.000446905 -0.000690279 0.00147753 0.00117918 0.00350067 0.000538395 0.000521137 -0.00291172 -0.00446928 -0.00677504 0.0108362 -2.48459e-05 -0.00184318 0.000936509 -0.00528325 0.00141146 -0.00239762 -0.00479323 -0.0067764
internal_weight=519717 517866 510093 117709 392384 1851 1750 89610 59874 33222 302774 290959 78986 17133 61853 1839 889 1522 228 1353 463 341 61352 4564 4172 4069 890 229607 10624 3279 60732 31383 11231 10766 1015 9751 741 11815 53497 41102 57835 809 6704 690 284 12395 311 37789 7693 2281 5412 2991 1618 6014 1555 10429 9789 229220 179471 49749 64203 6795 56788 1643 758 55145 7235 3058 2125 933 284 1841 6298 5700 392 282 6694 6524 6043 5188 5039 7345 3491 50363 884 631 115268 1383 869 466 20152 4374 15778 2783 3053 4518 4177 481 2421 2041 696 1345 2623 12084 5481 1472 3944 57408 22487 8001 34921 7553 27368 4189 2231 2050 1786 1121 26652 9214 17438 1235 16203 3039 2515 2209
internal_count=519717 517866 510093 117709 392384 1851 1750 89610 59874 33222 302774 290959 78986 17133 61853 1839 889 1522 228 1353 463 341 61352 4564 4172 4069 890 229607 10624 3279 60732 31383 11231 10766 1015 9751 741 11815 53497 41102 57835 809 6704 690 284 12395 311 37789 7693 2281 5412 2991 1618 6014 1555 10429 9789 229220 179471 49749 64203 6795 56788 1643 758 55145 7235 3058 2125 933 284 1841 6298 5700 392 282 6694 6524 6043 5188 5039 7345 3491 50363 884 631 115268 1383 869 466 20152 4374 15778 2783 3053 4518 4177 481 2421 2041 696 1345 2623 12084 5481 1472 3944 57408 22487 8001 34921 7553 27368 4189 2231 2050 1786 1121 26652 9214 17438 1235 16203 3039 2515 2209
cat_boundaries=0 1 2 3 4 5 6 7 8 9 10 11 12 13 14 15 16 17 18 19 20 21
cat_threshold=2 10 4 4 9 2 1 4 2 4 1 1 1 2 2 1 2 9 2 4 6
is_linear=0
shrinkage=0.03


Tree=72
num_leaves=127
num_cat=40
split_feature=1 5 5 1 1 5 27 5 1 25 27 31 27 25 30 11 13 5 5 2 5 1 5 25 27 25 1 3 21 23 32 5 1 1 25 5 5 27 5 1 1 27 5 27 1 5 3 1 11 13 13 5 1 5 13 5 1 1 25 8 27 1 27 27 5 5 5 25 5 25 27 11 2 1 4 1 2 5 25 11 5 25 1 25 20 20 20 1 31 32 1 5 21 5 13 5 5 25 23 23 1 31 5 2 5 25 27 23 5 1 5 13 1 25 11 9 23 1 25 25 25 5 25 5 1 1
split_gain=535.059 473 413.925 451.908 375.802 231.877 259.302 224.902 221.017 1524.86 407.889 216.19 213.687 203.458 181.185 291.736 286.649 261.291 188.501 209.425 349.612 202.09 308.411 297.94 413.423 292.294 306.198 292.188 196.358 174.041 211.437 172.67 262.509 250.912 234.078 233.502 208.939 351.842 403.085 248.495 203.336 244.531 199.983 184.107 168.903 167.32 158.276 349.068 153.557 318.027 262.962 237.23 285.755 202.183 197.372 176.885 182.71 979.267 906.121 286.885 231.544 193.242 152.639 150.573 228.234 155.493 150.209 149.489 148.289 147.593 145.157 172.906 141.16 187.777 219.931 139.528 139.309 196.814 137.954 161.371 196.4 150.625 135.728 134.726 134.512 131.966 131.025 130.702 129.485 124.373 124.346 122.974 138.486 120.616 131.769 120.324 119.604 117.716 121.422 215.862 116.517 233.008 115.42 114.579 241.98 125.675 117.353 126.889 117.325 113.139 189.865 109.93 197.186 159.047 116.185 109.138 108.76 106.137 104.733 104.047 101.926 101.647 99.9867 99.3332 377.598 311.247
threshold=7.4465231895446786 0 1 7.7717878818511972 7.3527534008026132 2 0.08212983608245851 3 7.1552743911743173 102.50000000000001 0.1045757830142975 0.089630849659442915 0.17337424308061603 3.5000000000000004 0.16158888489007953 0.46800856292247778 37.500000000000007 4 5 6 7 5.759707212448121 8 17.500000000000004 0.086274277418851866 23.500000000000004 4.5047848224639901 9 0.092159442603588118 0.12977331131696704 0.18566475808620456 10 6.8561301231384286 6.744683265686036 130.50000000000003 11 12 0.086274277418851866 13 6.4229502677917489 4.5047848224639901 0.053855204954743392 14 0.089248880743980422 8.5174431800842303 15 16 5.0493419170379648 0.3744682669639588 36.500000000000007 15.500000000000002 17 4.5047848224639901 18 24.500000000000004 19 6.9998323917388925 7.1113042831420907 99.000000000000014 11.500000000000002 0.1321084722876549 4.5047848224639901 0.14242830872535708 0.049178216606378562 20 21 22 97.500000000000014 23 83.500000000000014 0.098019190132617964 -0.21861968189477918 24 6.1640367507934579 25 5.0493419170379648 26 27 113.00000000000001 -0.75015330314636219 28 23.500000000000004 7.1113042831420907 59.500000000000007 98.500000000000014 74.500000000000014 25.500000000000004 5.759707212448121 0.042929556220769889 0.16802810132503512 5.759707212448121 29 0.079372856765985503 30 46.500000000000007 31 32 49.000000000000007 0.06534933298826219 0.038110742345452316 5.0493419170379648 0.064253315329551711 33 34 35 76.500000000000014 0.095947422087192549 0.035104382783174522 36 4.5047848224639901 37 23.500000000000004 5.4143788814544687 32.500000000000007 -0.082689788192510591 5.5000000000000009 0.13815068453550342 10.197127819061281 40.500000000000007 90.500000000000014 77.500000000000014 38 25.500000000000004 39 6.8561301231384286 5.759707212448121
decision_type=2 9 9 2 2 9 2 9 2 2 2 10 2 2 10 2 2 9 9 9 9 2 9 2 2 2 2 1 8 10 10 9 2 2 2 9 9 2 9 2 2 2 9 2 2 9 1 2 2 2 2 9 2 9 2 9 2 2 2 2 2 2 2 2 9 9 9 2 9 2 2 2 9 2 9 2 9 9 2 2 9 2 2 2 2 2 2 2 8 10 2 9 8 9 2 9 9 2 8 10 2 10 9 9 9 2 2 8 9 2 9 2 2 2 2 2 10 2 2 2 2 9 2 9 2 2
left_child=1 5 3 -2 8 6 -1 -5 14 -10 -11 12 93 -7 15 16 18 76 19 20 -3 25 23 24 27 26 -20 -23 -22 100 -31 32 40 36 91 -35 -33 39 43 42 41 -17 89 -39 -14 -24 -28 -48 49 53 -50 52 118 54 -15 56 60 -58 62 -60 61 66 84 65 97 90 -51 -56 -6 102 71 95 119 74 -74 88 77 -18 79 81 -81 -78 85 87 -59 -80 -19 -30 -66 -38 -42 -34 -93 94 117 -47 -72 -65 99 -99 101 -16 111 108 105 106 107 -105 -77 110 -88 -55 113 -113 -114 -21 -41 -4 -52 -71 -46 -83 -37 -111 125 -125
right_child=2 4 11 7 68 13 -8 -9 9 10 -12 -13 44 48 29 31 17 86 21 115 28 22 45 -25 -26 -27 46 -29 83 30 -32 33 34 35 -36 122 37 38 -40 116 63 -43 -44 -45 120 70 47 -49 50 55 51 -53 -54 69 67 -57 57 58 59 -61 -62 -63 -64 64 75 -67 -68 -69 -70 72 96 -73 73 -75 -76 103 78 -79 82 80 -82 121 -84 -85 -86 -87 109 -89 -90 -91 -92 92 -94 -95 -96 -97 -98 98 -100 -101 -102 -103 -104 104 -106 -107 -108 -109 -110 123 -112 112 114 -115 -116 -117 -118 -119 -120 -121 -122 -123 -124 124 -126 -127
leaf_value=0.0099529827964732649 -0.084991110009429716 0.010868692468164997 -0.0090078377268573272 -0.038551195344215708 0.013810924096630506 0.026190259648377377 -0.0046039118609457952 -0.0081877670034542268 0.029190772484446112 -0.033299249690860067 -0.10728422921636829 -0.04326661927879534 0.00039411753985532525 0.00083449452088432718 0.0013456578479054434 -0.0073907774975611211 0.0093896156885966767 -0.030118376202014987 -0.031688773249659734 -0.0027529121098961952 -0.026181372546913821 -0.057054511172114464 0.028662615799744214 0.0035358997428473083 0.0071353319067888644 -0.0029963726092825491 0.010351390591157819 -0.013386142077668207 0.0043445231151269118 0.017563444677427216 -0.013813540120464712 0.0079860282206686735 0.0097238160609144156 -0.035118800162853674 0.021042160054716545 0.0034935607212358724 0.0090699387845844248 -0.062492729536322664 -0.00024784098423825685 0.010824712311347373 -0.00083594098446343294 0.031590890416642647 -0.0061044520779491972 -0.02603484485752065 -0.017836362967720707 0.0091407431085332447 0.0182347470840644 -0.0061290224189048887 0.00030241679590819619 -0.032183310880054543 -0.046742609600617512 -0.00057227216802812155 -0.0062836872977751392 0.0045531215325506098 0.0065452775668135817 0.00013471839587106865 -0.10012971582277766 0.017356847546268001 -0.086505015658227019 -0.022201754483607929 0.019776563275394572 -0.0019308153767193502 -0.0061202215353912456 0.0044739644034158385 0.0090462746804994415 -0.0030441058540000799 -0.0038946738790024771 -0.0096941411351172437 0.0019669557240218081 0.013686797625013786 0.0085414232707176855 0.0011206783468837584 -0.04335630209405314 0.0036662191111009588 -0.0046925815414909948 0.013329522922341384 0.0074935646039527761 3.0117866346595174e-05 -0.01181009888200072 0.0037754837586902717 -0.0023957555542941707 -0.0011919946432377684 -0.0028327988124768801 0.0072356735655906114 -0.016143475032807154 -0.040961682266116926 0.030587215915183041 -0.010449164844123452 -0.0085083585906024269 -0.0046156387466604488 0.014481401295189969 -0.0285114224365642 0.00022612797310669853 0.0053284478023484716 -0.034437183137787014 0.0035043890615249138 -0.0012975224516239242 -0.0086836798844544295 -0.006434283566824326 0.0088997897699654629 0.0029531119339551606 -0.046236552483764765 0.0014181848571156136 -0.0058700376591753279 -0.031377633949648591 -0.0075895545482812764 0.0055504157837792251 -0.040134636325881295 -0.0087083099661234616 -0.0029543626009286331 -0.00020090278071493089 -0.037232393670061495 0.00052920323708867466 -0.0091313767683013584 -0.0060126248427844267 -0.0087574237764828766 -0.019457913386433018 0.02157737303482023 -0.016924421803245472 0.0044573748221465939 -0.056905258381482457 -0.0056305921128066601 -0.0082991211300527008 -0.0038951508069253273 0.0037005135680569612 -0.012406212092050504
leaf_weight=4402 112 2654 578 384 1910 271 1468 538 274 133 137 131 156 10304 316 264 2357 171 203 19662 309 322 199 624 263 23352 3083 242 821 231 1160 1498 1271 276 584 683 1487 171 550 1501 916 319 8511 465 110 4778 722 1974 38229 335 206 8878 8845 2021 17102 59066 105 573 150 108 423 13499 1360 1815 634 4640 353 525 1911 1793 1190 23248 164 3149 672 230 1089 13852 430 8665 9970 7469 811 1133 132 207 203 1553 934 998 994 154 5734 1350 151 12027 15001 1091 5629 1479 14639 130 23768 139 664 2048 102 326 2436 26523 1152 207 7659 1422 3587 3162 114 123 221 2843 135 12351 12135 8610 3127 7021
leaf_count=4402 112 2654 578 384 1910 271 1468 538 274 133 137 131 156 10304 316 264 2357 171 203 19662 309 322 199 624 263 23352 3083 242 821 231 1160 1498 1271 276 584 683 1487 171 550 1501 916 319 8511 465 110 4778 722 1974 38229 335 206 8878 8845 2021 17102 59066 105 573 150 108 423 13499 1360 1815 634 4640 353 525 1911 1793 1190 23248 164 3149 672 230 1089 13852 430 8665 9970 7469 811 1133 132 207 203 1553 934 998 994 154 5734 1350 151 12027 15001 1091 5629 1479 14639 130 23768 139 664 2048 102 326 2436 26523 1152 207 7659 1422 3587 3162 114 123 221 2843 135 12351 12135 8610 3127 7021
internal_value=-0.000734858 -0.000652594 -0.0119972 -0.0280639 -0.00141666 0.000427111 0.00630162 -0.0213682 -0.00153645 -0.0206236 -0.0710971 -0.00578894 -0.00390916 0.000260977 -0.00150152 -0.0016806 -0.00117336 -0.00231816 -0.000151493 -0.00223317 0.00252851 0.000547811 0.00157573 -0.0120299 -0.0239103 -0.0014807 0.00443558 -0.0383742 -0.00328659 0.00155613 -0.00859397 -0.00352062 -0.00202184 -0.00522862 0.00279612 -0.00827855 -0.00262063 -0.00377579 -0.0193935 -0.0023086 -0.00353551 0.0139564 -0.00392262 -0.0353647 -0.0240226 0.00192749 0.00570979 0.000400038 0.000227031 0.000724938 -0.00110933 -0.00408272 -0.00743493 0.00210834 0.00413157 -0.000642336 -0.00333414 -0.0109551 -0.00688301 -0.059777 -0.00206925 -0.00272195 -0.000248729 -0.00395962 -0.00540986 -7.87208e-05 -0.0182193 0.00606108 0.00793074 0.000912109 0.00182731 0.00279661 0.00446156 0.000309483 -0.0123201 -0.00935842 -0.000957277 0.00139656 -0.00188815 -0.00155543 0.000474569 -0.00336459 -0.0109803 -0.00127182 0.0110705 -0.0213326 -0.00398013 -0.00533339 -0.00140913 0.00355971 0.00710174 0.00130496 -0.000529315 -0.000237121 -0.00900857 0.00511489 -0.000569427 -0.00243503 -0.00396779 0.00143489 0.00249259 -0.012596 0.000120821 -0.0114702 -0.0152295 -0.0110149 -0.023546 -0.0299267 -0.00676011 -0.0038845 0.00465488 -0.00194885 -0.00297126 -0.0127229 -0.00155771 -0.00358354 0.0086764 -0.00361815 -0.0313854 0.00801181 -0.0395079 -0.00396153 -0.00766455 -0.00414013 -0.00581184 -0.00771863
internal_weight=519771 516003 3768 1034 302163 213840 5870 922 298342 544 270 2734 2603 207970 297798 281322 220530 104008 116522 29294 6470 87228 57894 1451 827 29334 5982 564 3816 16476 1391 60792 32403 28389 7743 13094 15295 13797 1186 12611 24660 583 10996 636 401 56443 5779 2696 207699 151320 56379 18150 9272 75216 27931 76104 17038 2428 2323 258 14610 14187 2065 24077 17527 6550 688 17627 3821 47285 56244 40053 8621 3985 836 7513 57201 16209 40992 39544 18635 20909 1448 3507 705 637 46807 2374 1568 2485 1910 7159 5888 2202 852 16805 16191 10014 8199 2570 15085 446 38664 5945 3279 2615 567 465 2666 46636 1355 14896 12875 1629 11246 22824 1615 701 427 4636 245 19820 12818 45281 18758 15631
internal_count=519771 516003 3768 1034 302163 213840 5870 922 298342 544 270 2734 2603 207970 297798 281322 220530 104008 116522 29294 6470 87228 57894 1451 827 29334 5982 564 3816 16476 1391 60792 32403 28389 7743 13094 15295 13797 1186 12611 24660 583 10996 636 401 56443 5779 2696 207699 151320 56379 18150 9272 75216 27931 76104 17038 2428 2323 258 14610 14187 2065 24077 17527 6550 688 17627 3821 47285 56244 40053 8621 3985 836 7513 57201 16209 40992 39544 18635 20909 1448 3507 705 637 46807 2374 1568 2485 1910 7159 5888 2202 852 16805 16191 10014 8199 2570 15085 446 38664 5945 3279 2615 567 465 2666 46636 1355 14896 12875 1629 11246 22824 1615 701 427 4636 245 19820 12818 45281 18758 15631
cat_boundaries=0 2 4 6 8 10 12 13 15 16 17 19 20 22 24 26 27 28 30 32 34 36 38 40 42 43 44 45 47 49 51 53 55 57 59 60 62 63 65 67 69
cat_threshold=2646882518 16554 310378498 10240 0 2 268435458 8192 1644397064 9988 180232 324 2 163840 4 524289 2 539575840 1361 131072 1048576 4 163840 8704 163840 8704 32 2 297805830 128 17039364 16392 2147487824 16384 2113568 273 536937984 1024 64 16384 1572864 4100 10 4 2 536903680 4 536969216 260 2688512 64 688390144 512 1073743360 12289 35652096 1024 343932930 128 2 536872448 1024 524288 524288 1 33620488 516 1048577 6161
is_linear=0
shrinkage=0.03


end of trees

feature_importances:
static_ilce_key=1894
static_guc=1678
grp_n_transformers=1279
grp_zero_rate_bucket=964
cal_doy_sin=397
cal_doy_cos=335
static_log_guc=305
static_bolge=261
grp_lf_med_il_bucket_ay=253
grp_lf_med_ilce_ay=209
static_guc_bucket=207
grp_zero_rate_ilce_ay=190
cal_hafta=177
grp_seasonal_ilce_ay=155
grp_lf_nz_p25_ilce_ay=143
cal_horizon_days=132
grp_zero_rate_ilce_ay_hi=125
grp_lf_nz_med_il_bucket_ay=99
static_il=96
grp_lf_nz_med_ilce_ay_hi=93
grp_lf_nz_p75_ilce_ay=76
cal_ay=73
grp_dow_ratio_ilce=32
cal_dow=8
cal_days_since_holiday=7
static_is_first_day=5
cal_days_to_holiday=5

parameters:
[boosting: gbdt]
[objective: regression]
[metric: l2]
[tree_learner: serial]
[device_type: cpu]
[data_sample_strategy: bagging]
[data: ]
[valid: ]
[num_iterations: 73]
[learning_rate: 0.03]
[num_leaves: 127]
[num_threads: 0]
[seed: 43]
[deterministic: 0]
[force_col_wise: 0]
[force_row_wise: 0]
[histogram_pool_size: -1]
[max_depth: -1]
[min_data_in_leaf: 100]
[min_sum_hessian_in_leaf: 0.001]
[bagging_fraction: 0.8]
[pos_bagging_fraction: 1]
[neg_bagging_fraction: 1]
[bagging_freq: 1]
[bagging_seed: 43]
[bagging_by_query: 0]
[feature_fraction: 0.8]
[feature_fraction_bynode: 1]
[feature_fraction_seed: 43]
[extra_trees: 0]
[extra_seed: 16806]
[early_stopping_round: 0]
[early_stopping_min_delta: 0]
[first_metric_only: 0]
[max_delta_step: 0]
[lambda_l1: 0]
[lambda_l2: 1]
[linear_lambda: 0]
[min_gain_to_split: 0]
[drop_rate: 0.1]
[max_drop: 50]
[skip_drop: 0.5]
[xgboost_dart_mode: 0]
[uniform_drop: 0]
[drop_seed: 2965]
[top_rate: 0.2]
[other_rate: 0.1]
[min_data_per_group: 100]
[max_cat_threshold: 32]
[cat_l2: 10]
[cat_smooth: 10]
[max_cat_to_onehot: 4]
[top_k: 20]
[monotone_constraints: ]
[monotone_constraints_method: basic]
[monotone_penalty: 0]
[feature_contri: ]
[forcedsplits_filename: ]
[refit_decay_rate: 0.9]
[cegb_tradeoff: 1]
[cegb_penalty_split: 0]
[cegb_penalty_feature_lazy: ]
[cegb_penalty_feature_coupled: ]
[path_smooth: 0]
[interaction_constraints: ]
[verbosity: -1]
[saved_feature_importance_type: 0]
[use_quantized_grad: 0]
[num_grad_quant_bins: 4]
[quant_train_renew_leaf: 0]
[stochastic_rounding: 1]
[linear_tree: 0]
[max_bin: 255]
[max_bin_by_feature: ]
[min_data_in_bin: 3]
[bin_construct_sample_cnt: 200000]
[data_random_seed: 179]
[is_enable_sparse: 1]
[enable_bundle: 1]
[use_missing: 1]
[zero_as_missing: 0]
[feature_pre_filter: 1]
[pre_partition: 0]
[two_round: 0]
[header: 0]
[label_column: ]
[weight_column: ]
[group_column: ]
[ignore_column: ]
[categorical_feature: 2,3,4,5,15]
[forcedbins_filename: ]
[precise_float_parser: 0]
[parser_config_file: ]
[objective_seed: 26397]
[num_class: 1]
[is_unbalance: 0]
[scale_pos_weight: 1]
[sigmoid: 1]
[boost_from_average: 1]
[reg_sqrt: 0]
[alpha: 0.9]
[fair_c: 1]
[poisson_max_delta_step: 0.7]
[tweedie_variance_power: 1.5]
[lambdarank_truncation_level: 30]
[lambdarank_norm: 1]
[label_gain: ]
[lambdarank_position_bias_regularization: 0]
[eval_at: ]
[multi_error_top_k: 1]
[auc_mu_weights: ]
[num_machines: 1]
[local_listen_port: 12400]
[time_out: 120]
[machine_list_filename: ]
[machines: ]
[gpu_platform_id: -1]
[gpu_device_id: -1]
[gpu_device_id_list: ]
[gpu_use_dp: 0]
[num_gpu: 1]

end of parameters

pandas_categorical:[["<=160", "250-400", "630-1000", "1250-1600", ">1600"], ["MAN\u0130SA", "\u0130ZM\u0130R"], ["G\u00dcNEY B\u00d6LGE", "KUZEY B\u00d6LGE", "METROPOL"], ["MAN\u0130SA>AHMETL\u0130", "MAN\u0130SA>AKH\u0130SAR", "MAN\u0130SA>ALA\u015eEH\u0130R", "MAN\u0130SA>DEM\u0130RC\u0130", "MAN\u0130SA>G\u00d6LMARMARA", "MAN\u0130SA>G\u00d6RDES", "MAN\u0130SA>KIRKA\u011eA\u00c7", "MAN\u0130SA>KULA", "MAN\u0130SA>K\u00d6PR\u00dcBA\u015eI", "MAN\u0130SA>SAL\u0130HL\u0130", "MAN\u0130SA>SARIG\u00d6L", "MAN\u0130SA>SARUHANLI", "MAN\u0130SA>SELEND\u0130", "MAN\u0130SA>SOMA", "MAN\u0130SA>TURGUTLU", "MAN\u0130SA>YUNUSEMRE", "MAN\u0130SA>\u015eEHZADELER", "\u0130ZM\u0130R>AL\u0130A\u011eA", "\u0130ZM\u0130R>BAL\u00c7OVA", "\u0130ZM\u0130R>BAYINDIR", "\u0130ZM\u0130R>BAYRAKLI", "\u0130ZM\u0130R>BERGAMA", "\u0130ZM\u0130R>BEYDA\u011e", "\u0130ZM\u0130R>BORNOVA", "\u0130ZM\u0130R>BUCA", "\u0130ZM\u0130R>D\u0130K\u0130L\u0130", "\u0130ZM\u0130R>FO\u00c7A", "\u0130ZM\u0130R>GAZ\u0130EM\u0130R", "\u0130ZM\u0130R>G\u00dcZELBAH\u00c7E", "\u0130ZM\u0130R>KARABA\u011eLAR", "\u0130ZM\u0130R>KARABURUN", "\u0130ZM\u0130R>KAR\u015eIYAKA", "\u0130ZM\u0130R>KEMALPA\u015eA", "\u0130ZM\u0130R>KINIK", "\u0130ZM\u0130R>KONAK", "\u0130ZM\u0130R>K\u0130RAZ", "\u0130ZM\u0130R>MENDERES", "\u0130ZM\u0130R>MENEMEN", "\u0130ZM\u0130R>NARLIDERE", "\u0130ZM\u0130R>SEFER\u0130H\u0130SAR", "\u0130ZM\u0130R>SEL\u00c7UK", "\u0130ZM\u0130R>TORBALI", "\u0130ZM\u0130R>T\u0130RE", "\u0130ZM\u0130R>URLA", "\u0130ZM\u0130R>\u00c7E\u015eME", "\u0130ZM\u0130R>\u00c7\u0130\u011eL\u0130", "\u0130ZM\u0130R>\u00d6DEM\u0130\u015e"], ["Commemoration of Atat\u00fcrk, Youth and Sports Day", "Democracy and National Unity Day", "Eid al-Adha", "Eid al-Fitr", "Labour and Solidarity Day", "National Sovereignty and Children's Day", "New Year's Day", "Republic Day", "Victory Day", "yok"]]
