tree
version=v4
num_class=1
num_tree_per_iteration=1
label_index=0
max_feature_idx=32
objective=regression
feature_names=static_guc static_log_guc static_guc_bucket static_il static_bolge static_ilce_key static_is_first_day static_has_bad_rows cal_ay cal_dow cal_is_weekend cal_doy_sin cal_doy_cos cal_hafta cal_is_holiday cal_holiday_name cal_days_to_holiday cal_days_since_holiday cal_is_bridge_day cal_is_ramadan cal_horizon_days grp_lf_med_ilce_ay grp_seasonal_ilce_ay grp_lf_med_il_bucket_ay grp_dow_ratio_ilce grp_n_transformers grp_zero_rate_ilce_ay grp_zero_rate_bucket grp_lf_nz_med_ilce_ay_hi grp_lf_nz_med_il_bucket_ay grp_zero_rate_ilce_ay_hi grp_lf_nz_p25_ilce_ay grp_lf_nz_p75_ilce_ay
feature_infos=[40:35800] [3.7135720252990723:10.48573112487793] -1:1:2:0:3 -1:1:0 -1:0:2:1 -1:23:46:29:34:24:43:20:41:32:15:9:36:39:42:1:44:14:35:37:19:21:31:2:17:45:7:5:27:13:33:40:30:16:3:11:25:26:12:10:6:28:22:38:18:0:4 [0:1] none [1:12] [0:6] [0:1] [-0.99999940395355225:0.99998557567596436] [-0.99997919797897339:0.99999076128005981] [1:52] [0:1] -1:9:2:3:7:6:8:1:0:4 [0:15] [0:15] [0:1] [0:1] [1:122] [0.021004168316721916:0.17018429934978485] [-3.0580000877380371:0.45058715343475342] [0.027560446411371231:0.14103648066520691] [0.66369223594665527:1.1153295040130615] [3:204] [0:0.40224474668502808] [0.046757176518440247:0.1889137476682663] [0.025602547451853752:0.19439192116260529] [0.038412842899560928:0.15901920199394226] [0.030927138403058052:0.3837563693523407] [0.011197119019925594:0.10827727615833282] [0.073968023061752319:0.30800497531890869]
tree_sizes=11652 11726 11802 11762 11824 11783 11680 11686 11826 11770 11874 11798 11804 11817 11839 11737 11777 11705 11846 11782 11643 11837 11684 11808 11732 11862 11845 11784 11751 11807 11865 11790 11708 11821 11878 11759 11872 11860 11791 11768 11835 11961 11818 11844 11929 11814 11860 11807 11817 11787 11823 11829 11793 11740 11883 11808 11878 11740 11901 11764 11866 11895 11804 11892 11881 12008 11790 11682 11800 11835 11851 11758 11884

Tree=0
num_leaves=127
num_cat=19
split_feature=1 25 21 11 12 4 4 1 23 30 30 2 25 26 1 25 27 2 22 1 23 25 25 1 4 25 25 22 4 2 25 1 1 31 27 1 23 8 27 25 1 21 22 25 1 1 26 27 25 4 23 1 25 25 12 22 12 25 4 25 30 25 1 2 28 1 1 25 4 25 4 4 1 23 27 1 26 22 1 27 23 22 27 25 4 1 25 25 25 25 31 25 25 27 1 4 1 12 1 25 4 28 25 25 25 25 1 4 31 26 27 1 4 25 25 25 25 1 30 1 25 2 25 1 1 1
split_gain=39083.2 6224.35 6084.22 13243.5 18236.8 6990.61 5346.12 5039.57 3822.42 3531.8 2976.25 2405.86 2312.22 2221.03 1915.19 1800.28 1678.08 1630.44 1471.67 2436.19 1449.82 1432.82 1407.38 1378.04 1299.77 1366.25 1983.82 1275.55 1135.79 1122.95 1108.1 1054.62 1019.17 1001.43 1469.32 951.91 899.628 837.18 793.04 1061.45 746.023 727.134 750.354 720.798 687.75 686.638 669.771 735.788 1908.42 1132.07 1105.68 1248.25 900.302 4455.1 813.825 635.43 631.214 611.628 593.103 1658.7 585.36 679.508 769.283 584.324 571.467 640.071 559.631 587.109 1082.51 1514.7 647.576 544.312 539.891 1154.78 509.161 700.971 503.934 498.23 599.802 476.617 476.429 467.471 458.307 487.884 1290.92 1021.66 1578.75 5228.12 447.78 784.163 447.327 435.057 844.534 498.334 434.244 2189.25 952.651 428.601 653.918 425.848 469.498 421.389 413.261 524.258 412.767 803.76 414.125 478.425 408.953 406.245 403.297 399.676 399.01 1897.51 524.649 519.353 382.89 406.431 379.866 372.051 369.992 744.816 540.525 493.381 456.727 382.511
threshold=9.461545944213869 7.5000000000000009 0.084427561610937132 0.24372619390487674 -0.30164489150047297 0 1 9.8533535003662127 0.064333807677030577 0.092384941875934615 0.086054746061563506 2 29.500000000000004 0.14566303044557574 5.1923544406890878 50.500000000000007 0.15550526976585391 3 -1.4639971256256101 7.3527534008026132 0.038110742345452316 81.500000000000014 88.500000000000014 7.4465231895446786 4 24.500000000000004 29.500000000000004 -0.11594646796584128 5 6 107.50000000000001 9.7953972816467303 7.4465231895446786 0.0743275322020054 0.055219287052750594 7.5704805850982675 0.05960375256836415 11.500000000000002 0.059944719076156623 69.500000000000014 7.1356794834136972 0.056888267397880561 -0.45983055233955378 75.500000000000014 7.1356794834136972 10.197127819061281 0.012901313602924349 0.12240357697010042 66.500000000000014 7 0.058227287605404861 4.5047848224639901 33.500000000000007 18.500000000000004 -0.60555642843246449 -2.3023446202278133 -0.048362832516431802 74.500000000000014 8 38.500000000000007 0.080004055052995696 23.500000000000004 5.759707212448121 9 0.11292348429560663 7.1113042831420907 6.0527143478393564 12.500000000000002 10 27.500000000000004 11 12 6.4229502677917489 0.10746030509471895 0.086274277418851866 5.759707212448121 0.21020140498876574 -0.31518119573593134 7.1113042831420907 0.060448419302701957 0.10777157172560693 -0.21072954684495923 0.058846931904554374 31.500000000000004 13 5.759707212448121 16.500000000000004 14.500000000000002 15.500000000000002 16.500000000000004 0.036420231685042388 61.500000000000007 57.500000000000007 0.095947422087192549 6.5665833950042733 14 6.1640367507934579 -0.16799793392419812 6.744683265686036 78.500000000000014 15 0.10132518783211709 52.500000000000007 51.500000000000007 75.500000000000014 72.500000000000014 7.1113042831420907 16 0.042453149333596236 0.11329178884625436 0.089248880743980422 7.1113042831420907 17 38.500000000000007 18.500000000000004 20.500000000000004 10.500000000000002 5.0493419170379648 0.10479542613029481 5.0493419170379648 115.50000000000001 18 123.00000000000001 6.8561301231384286 6.4229502677917489 7.1552743911743173
decision_type=2 2 8 2 2 9 9 2 8 10 10 9 2 10 2 2 2 9 8 2 10 2 2 2 9 2 2 10 9 9 2 2 2 10 2 2 10 2 2 2 2 10 10 2 2 2 8 2 2 9 8 2 2 2 2 10 2 2 9 2 10 2 2 9 10 2 2 2 9 2 9 9 2 8 2 2 10 10 2 2 10 10 2 2 9 2 2 2 2 2 10 2 2 2 2 9 2 2 2 2 9 8 2 2 2 2 2 9 10 8 2 2 9 2 2 2 2 2 10 2 2 9 2 2 2 2
left_child=2 -2 5 4 23 13 31 -8 -9 20 11 21 -10 118 24 45 30 41 19 55 81 74 72 29 25 -6 -27 64 -16 38 -17 -3 33 40 -35 -25 -15 101 39 82 46 80 -43 -34 57 -14 -13 48 58 -49 -50 -52 53 -51 104 -19 -26 66 59 -48 63 62 -62 108 65 -12 67 70 69 79 -31 -56 73 -23 75 -5 120 78 -65 -69 -11 119 -4 84 85 -84 87 -87 -39 -90 -80 92 102 -93 95 96 -59 98 -74 -96 -101 -30 103 -68 105 106 107 -53 -22 -20 -63 -94 113 114 -76 -114 117 -58 -1 -7 125 122 -122 124 -123 -29
right_child=1 6 3 10 14 9 7 8 12 17 27 32 15 36 28 16 -18 18 109 -21 60 22 -24 35 56 26 -28 76 37 44 -32 -33 43 34 -36 -37 -38 88 -40 -41 -42 42 -44 -45 -46 -47 47 49 50 52 51 54 -54 -55 71 -57 116 94 -60 -61 61 110 -64 77 -66 -67 91 68 -70 -71 -72 -73 97 -75 112 -77 -78 -79 90 -81 -82 -83 83 -85 -86 86 -88 -89 89 -91 -92 93 111 -95 99 -97 -98 -99 -100 100 -102 -103 -104 -105 -106 -107 -108 -109 -110 -111 -112 -113 115 -115 -116 -117 -118 -119 -120 -121 121 123 -124 -125 -126 -127
leaf_value=0.03652883980213225 0.028076349721125819 -0.0011287000666586509 0.0020828087085310578 -0.017827849665941566 0.029407219788344742 -0.022885692319912672 -0.31297895578237678 0.001363924254245799 -0.28923745939544604 0.012098400247575381 -0.032796510091329417 0.00074078550102928164 -0.14183435186555113 -0.021949119170729905 -0.012036936538713933 -0.10227111706407843 -0.26679947494763262 0.038815844327011358 -0.0064956198892321283 -0.14922008638104348 0.008382362866872663 -0.038428538545489589 0.006061462332759282 -0.11342386496163183 -0.0062650408578344844 -0.082615127756315118 0.0066127278722955714 -0.0075744050934376771 -0.032469696498225266 -0.023203706017051136 -0.21429858394005163 -0.10618478255887184 -0.042788052913805323 -0.1133782919848484 -0.017717311760298712 -0.021497262954496513 0.021595941851182552 0.015289576904402351 -0.00056778412381827616 0.022508919151971511 -0.0020605699720985687 -0.017979855009974101 0.0075682646253068158 -0.13900489124083301 0.022081003081457627 -0.047803420938692207 -0.085736542000381166 -0.011907545949184761 -0.015977824132039003 -0.016454887902137831 -0.13337054884695759 -0.021463672986525732 -0.028663998014381249 -0.24039593086710995 -0.036129937965846702 -0.027718979263626667 -0.021276981855010462 -0.09166875669918953 -0.023192727639490901 -0.0063842394735605535 -0.021588396104542832 -0.014806864595898635 -0.096032176415901629 -0.009217078740597932 -0.007798628721240387 -0.09604103083623787 0.0049648872889635669 -0.062355801815596905 -0.0005065577116423074 -0.0067243671172816126 0.026035328871417095 -0.099750239995346435 -0.10186776021962572 0.0024412924872715988 -0.038218076015425442 -0.0068868084818588127 0.0049072326891723122 0.001397434896811209 0.0026862811222434341 -0.14639609418954086 0.02743803057194261 -0.011515661031413257 0.007549088150188496 0.013854472196910942 0.013369012473979361 0.017373855602552835 -0.0023649731145166247 -0.17759145364922993 -0.058725207853944375 -0.0029959644394520792 -0.062732595352976178 0.018288278342901049 -0.010671002579458636 0.0049031397391078044 -0.0058522246971580375 0.019641478330916277 -0.02254981085120604 -0.032961406377345945 -0.046820492707576052 -0.052996769420301106 0.0043680169051420158 -0.0083530551012109631 0.0131423818881215 -0.008078128184772786 -0.056350645476860278 -0.011141342698692486 -0.010093473350645693 -0.096246128725484534 -0.024363974864277986 0.0042271156643322117 0.022110069467596812 -0.05113472230525283 0.00094740498034207737 -0.010766708340604933 -0.084460422907493074 -0.017662664444307776 -0.018658683610784935 -0.074780348259709473 0.059203336469114097 -0.043981889814445063 -0.01528875689249503 -0.031147171824386158 0.0097247620543357699 -0.040597598225462141 -5.2239002543679018e-05 -0.027796728757597765
leaf_weight=1059 169 160 7842 8478 1116 1951 246 115 152 6411 1936 735 157 486 59093 181 186 148 5335 145 4055 2050 875 123 3884 305 839 30371 657 294 146 185 166 292 286 560 3474 1196 6845 5633 1098 1123 13021 122 1611 128 498 4536 725 280 181 107 1322 111 166 975 295 194 9749 452 360 3041 191 8417 807 155 28128 155 17644 503 1301 462 240 893 400 13932 2325 4294 131 102 2547 1690 876 13371 3938 260 577 235 228 29610 332 4600 1340 5493 7025 1336 2278 1349 1029 129 10498 73904 4790 3076 1324 697 112 280 374 7869 291 262 1489 1827 500 14406 30538 226 1820 1229 2162 883 1213 1329 819 865
leaf_count=1059 169 160 7842 8478 1116 1951 246 115 152 6411 1936 735 157 486 59093 181 186 148 5335 145 4055 2050 875 123 3884 305 839 30371 657 294 146 185 166 292 286 560 3474 1196 6845 5633 1098 1123 13021 122 1611 128 498 4536 725 280 181 107 1322 111 166 975 295 194 9749 452 360 3041 191 8417 807 155 28128 155 17644 503 1301 462 240 893 400 13932 2325 4294 131 102 2547 1690 876 13371 3938 260 577 235 228 29610 332 4600 1340 5493 7025 1336 2278 1349 1029 129 10498 73904 4790 3076 1324 697 112 280 374 7869 291 262 1489 1827 500 14406 30538 226 1820 1229 2162 883 1213 1329 819 865
internal_value=-0.00665596 -0.145204 -0.00616728 -0.0074614 -0.00443899 0.00200575 -0.162895 -0.190537 -0.161987 -0.00107835 -0.0162849 -0.0200463 -0.181742 0.0308314 -0.0100954 -0.16093 -0.194566 0.0048272 -0.00306908 -0.0339293 -0.00949736 -0.0161353 -0.029299 0.00427713 -0.0162431 0.00580377 -0.0172275 -0.0100395 -0.00870652 0.00449998 -0.15279 -0.0576072 -0.0278594 -0.0271786 -0.0661567 -0.0381937 0.0162476 -0.00684266 0.00871635 0.0106605 -0.0261891 0.00977076 0.00553868 -0.0838865 0.00266003 -0.0999177 -0.0274078 -0.0283929 -0.0320483 -0.0197592 -0.0495774 -0.0568879 -0.0405313 -0.08048 -0.0524494 -0.0189236 -0.0176691 0.00230912 -0.0254022 -0.048028 -0.00614689 -0.0166884 -0.047521 -0.00382074 -0.0292551 -0.0375283 0.00370827 -0.000504034 -0.00201758 -0.0370504 0.0169504 -0.0830176 -0.0348629 -0.0260307 -0.0140738 -0.0110266 -0.00864549 -0.00698694 -0.0110488 -0.0961485 0.0164624 -0.024275 0.00819685 0.0106864 0.00348856 -0.016482 -0.0361081 -0.0753569 -0.00270211 -0.00342376 -0.0442573 0.00547473 0.00398989 0.0110048 -0.00210397 -0.0112906 -0.0280091 -0.0447778 -0.0573033 -0.000121651 0.00366675 -0.00856599 0.00493863 0.00367893 -0.0448017 -0.0319803 -0.0610076 -0.0756785 0.00559963 -0.000105508 -0.0115771 -0.0173164 -0.0177402 -0.0283437 -0.0639735 -0.0159194 -0.019095 -0.0445845 0.0508784 -0.0310502 -0.0094827 -0.0160505 -0.00627989 -0.0268152 -0.0161932 -0.00813528
internal_weight=519538 1825 517713 446944 332910 70769 1656 1311 1065 63930 114034 71169 950 6839 201891 798 513 37574 14472 1268 26356 47468 6436 131019 37203 2260 1144 42865 164688 130336 327 345 23701 23413 578 683 3960 105595 39577 32732 22835 23102 14144 288 90759 285 21737 21002 14753 6249 4054 3329 1713 391 3148 1123 34943 89148 10699 950 21486 3883 551 17603 2898 2091 67688 19999 18404 760 1595 628 5561 2943 41032 22410 39967 13174 8880 257 8958 4870 27099 19257 5886 1948 1072 495 31034 29838 463 47689 37596 10093 21460 3808 2472 2618 1269 17652 10627 74561 35994 31204 2520 1196 499 387 4429 13204 3332 1602 18622 2727 900 15895 31059 521 2879 3180 37642 6406 3375 3031 1702 31236
internal_count=519538 1825 517713 446944 332910 70769 1656 1311 1065 63930 114034 71169 950 6839 201891 798 513 37574 14472 1268 26356 47468 6436 131019 37203 2260 1144 42865 164688 130336 327 345 23701 23413 578 683 3960 105595 39577 32732 22835 23102 14144 288 90759 285 21737 21002 14753 6249 4054 3329 1713 391 3148 1123 34943 89148 10699 950 21486 3883 551 17603 2898 2091 67688 19999 18404 760 1595 628 5561 2943 41032 22410 39967 13174 8880 257 8958 4870 27099 19257 5886 1948 1072 495 31034 29838 463 47689 37596 10093 21460 3808 2472 2618 1269 17652 10627 74561 35994 31204 2520 1196 499 387 4429 13204 3332 1602 18622 2727 900 15895 31059 521 2879 3180 37642 6406 3375 3031 1702 31236
cat_boundaries=0 1 2 3 4 5 6 7 8 9 10 11 12 13 14 15 16 17 18 19
cat_threshold=2 1 6 6 2 1 2 4 2 4 2 1 1 1 4 1 1 2 10
is_linear=0
shrinkage=0.03


Tree=1
num_leaves=127
num_cat=40
split_feature=0 5 5 5 2 5 12 5 5 5 31 5 5 29 0 26 11 26 5 31 11 12 12 11 5 11 0 25 0 0 25 0 26 12 25 2 25 25 29 0 11 30 0 5 0 11 12 27 5 5 0 5 3 27 0 25 0 27 4 26 11 25 5 12 5 27 5 25 2 4 0 0 5 2 0 20 29 27 26 0 5 27 0 5 0 5 0 26 5 27 25 0 0 5 25 0 29 0 5 0 25 0 5 0 25 25 0 27 3 27 0 5 3 11 11 5 0 5 5 25 0 5 0 0 11 25
split_gain=37062.1 15581.9 12829.7 10536.8 7412.94 8176.12 4659.95 4246.29 4057.32 4019.24 3551.7 3515.43 3461.35 2645.3 2632.97 2353.47 2333.25 3311.15 5254.1 2325.23 2644.76 2199.32 2104.25 1996.22 1899.95 1867.79 1830.37 1714.75 1696.95 6069.08 1733.06 1786.04 1558.58 1550.86 1542.67 1679.18 1747.16 1531.78 1485.15 1353.44 1712.47 1353.12 1372.23 1343.38 1306.91 1304.3 2327.18 1715.51 2568.91 1303.05 2866.23 2466.88 1256.99 1204.93 1149.05 1051.78 1876.78 5239.94 3191.31 1037.31 1030.17 1011.03 966.127 949.868 949.759 948.306 922.087 896.595 872.89 2154.24 2951.59 1340.17 841.628 822.629 792.389 773.845 746.53 706.076 693.859 693.333 1190.02 2173.89 2458.65 1101.35 854.644 663.448 659.559 655.464 651.3 673.244 645.31 1050.81 1720.82 1648.83 649.947 645.396 2476.93 606.941 606.92 604.044 598.63 1147.56 607.801 1601.04 1611.45 593.077 591.837 589.31 1850.5 583.006 581.35 578.758 573.269 1600.65 569.05 559.301 556.463 882.669 681.19 554.238 583.828 550.177 546.336 599.467 758.436 672.637
threshold=13030.000000000002 0 1 2 3 4 -0.082691941410303102 5 6 7 0.03126017842441798 8 9 0.099066305905580535 1715.0000000000002 0.18111586570739749 0.24372619390487674 0.35343860089778906 10 0.058328395709395416 0.24372619390487674 -0.88220417499542225 -0.23537842929363248 0.24372619390487674 11 0.24372619390487674 17950.000000000004 88.500000000000014 950.00000000000011 850.00000000000011 71.500000000000014 325.00000000000006 0.13882523775100711 -0.21862536668777463 49.000000000000007 12 113.00000000000001 50.500000000000007 0.040852611884474761 1225.0000000000002 0.24372619390487674 0.36498813331127172 90.000000000000014 13 1940.0000000000002 0.46800856292247778 -0.41399101912975306 0.086274277418851866 14 15 615.00000000000011 16 17 0.15550526976585391 225.00000000000003 17.500000000000004 325.00000000000006 0.086274277418851866 18 0.14773230254650119 0.2603727281093598 38.500000000000007 19 0.92191100120544445 20 0.051913643255829818 21 75.500000000000014 22 23 950.00000000000011 615.00000000000011 24 25 850.00000000000011 34.500000000000007 0.056686626747250564 0.064750330522656455 0.058766001835465438 850.00000000000011 26 0.092709075659513487 615.00000000000011 27 325.00000000000006 28 1280.0000000000002 0.021370556205511097 29 0.059393314644694335 89.500000000000014 225.00000000000003 325.00000000000006 30 77.500000000000014 1225.0000000000002 0.11490825563669206 1255.0000000000002 31 90.000000000000014 10.500000000000002 155.00000000000003 32 110.00000000000001 97.500000000000014 86.500000000000014 155.00000000000003 0.095947422087192549 33 0.084925193339586272 55.000000000000007 34 35 0.24372619390487674 -0.4218058288097381 36 325.00000000000006 37 38 59.500000000000007 950.00000000000011 39 61.500000000000007 325.00000000000006 -0.60554069280624379 21.500000000000004
decision_type=2 9 9 9 9 9 2 9 9 9 10 9 9 8 2 10 2 8 9 8 2 2 2 2 9 2 2 2 2 2 2 2 10 2 2 9 2 2 8 2 2 8 2 9 2 2 2 2 9 9 2 9 1 2 2 2 2 2 9 10 2 2 9 2 9 2 9 2 9 9 2 2 9 9 2 2 8 2 10 2 9 2 2 9 2 9 2 10 9 2 2 2 2 9 2 2 8 2 9 2 2 2 9 2 2 2 2 2 1 2 2 9 1 2 2 9 2 9 9 2 2 9 2 2 2 2
left_child=1 6 9 10 12 14 11 15 34 13 73 60 19 -2 43 39 22 -18 -19 98 33 23 86 85 44 55 -4 28 29 30 49 52 45 115 61 36 64 -15 -20 -7 -41 -40 -43 99 -16 46 105 116 -49 -10 78 -52 54 -39 -32 56 -13 58 -58 90 119 122 107 79 -36 -33 -35 111 -63 70 71 -70 -25 -3 -69 -44 -29 88 87 80 81 84 -83 -81 -48 -14 -9 -51 89 -57 91 106 93 -93 -95 -94 -97 -79 -5 -6 101 -24 103 104 -102 -23 -37 -22 -109 -108 -104 -27 113 -75 -31 -21 117 -47 -118 -1 -121 -62 -8 -124 125 -125
right_child=2 3 26 4 5 7 8 16 27 -11 -12 25 21 37 24 -17 17 18 38 20 62 32 100 72 -26 67 -28 76 -30 114 31 65 -34 66 35 59 -38 53 41 40 -42 42 75 -45 -46 47 63 48 -50 50 51 -53 -54 -55 -56 77 57 -59 -60 -61 121 68 -64 -65 -66 -67 -68 74 69 -71 -72 -73 -74 112 -76 -77 -78 97 -80 83 -82 82 -84 -85 -86 -87 -88 -89 -90 -91 -92 92 95 94 -96 96 -98 -99 -100 -101 102 -103 110 -105 -106 -107 109 108 -110 -111 -112 -113 -114 -115 -116 -117 118 -119 -120 120 -122 -123 123 124 -126 -127
leaf_value=0.0066798488605207488 -0.025333897603296601 0.019478470689716438 0.013890175374972212 0.022523788815090755 0.043261224222441656 -0.15248869927324862 -0.051449084526764388 -0.005081252767595512 -0.017871449357612486 -0.29053889470948618 0.048737419251958493 0.017381289114426601 0.025615847257114389 -0.11385913956967685 -0.13772362275400024 -0.023378279533693709 -0.01524640888270957 -0.015726520464426141 0.035554734869830067 0.015925589372974849 -0.019024138249972893 0.0089466339712770942 -0.016537376693127642 -0.034859637384369375 0.0055361767320175788 0.0050369421627059589 -0.083696822113347835 -0.039419355751206586 -0.014050340142996448 -0.12688421550672502 -0.12170998050810862 -0.057423633382668156 0.0080977461112566301 0.012523873892018648 -0.0041029550174056847 -0.012148915632704626 -0.042203915072536943 -0.17219974701711907 -0.17600826407378575 -0.010049755161771408 -0.1480638524396814 -0.12227247210573558 -0.13743858002126216 -0.006225609983667264 -0.050679088598176172 -0.041528749910417814 -0.032054481327556193 -0.050180471977417672 -0.011511858627477863 -0.03337919022895016 -0.030617099333968428 -0.20946483338263727 -0.042434732158400018 -0.27828857285352798 -0.062943473280769893 -0.01451716165669361 -0.16902071756559114 0.0046068806929993418 -0.041919168465843787 0.0058467043934417014 -0.018912512100758991 -0.026257652349174713 -0.0061416840037307758 -0.0014232898162355961 -0.021245487563046735 -0.021092766797715726 -0.0018418221449538271 0.0086220248096619424 -0.1024557815025525 -0.015265536238581666 0.0091280684730143998 -0.21673165376237827 -0.0048553039746519512 0.034128991667793977 -0.05186344121081278 -0.057600518094773345 -0.0068226505029334384 -0.011485001311781137 -0.094292372299367377 -0.019105776918462526 -0.0082184159997915653 -0.19102942242072177 -0.041119081875604716 0.00061771747333865098 -0.0028588119993127165 0.0079606787967288709 0.028875292620380088 -0.0061887220130302008 0.019288376844837845 0.0053635970599993296 -0.0025478391232365925 0.014158014511508344 -0.0044953473578569735 -0.025537078122195179 -0.046983619651146391 -0.091542032900359713 -0.0083215193545555614 0.017305181553442309 0.0097327314583671738 0.002030909420126611 -0.12328407292610871 -0.11520444024886403 0.0075599779304368559 -0.019633447026949042 -0.035882042808885239 -0.0078707183629454173 0.011761769382847256 -0.092784039168667634 0.021387415348402578 -0.046633850471602262 -0.015640283433651012 -0.02206683450700218 0.0030881658158064111 -0.058707502047580323 -0.21695904733453478 0.0056764995694845487 -0.012746463406821127 -0.0097363352858594911 -0.00010152012260896403 -0.0034497954402150006 -0.050624479336364603 -0.001368619832885862 -0.0067600675120117219 -0.072012549387075964 -0.011420450466100563 -0.02481037029645702
leaf_weight=16583 112 9167 313 6729 322 351 382 13651 9322 379 2940 566 2180 194 206 456 10577 3652 123 12097 1636 13700 289 1047 444 774 385 723 5633 127 410 820 7969 4924 4698 2184 2513 239 105 194 138 362 113 31789 631 943 1263 2261 4908 5791 151 144 1967 172 1127 2815 359 834 353 4647 2790 2628 9882 24807 7705 3057 21709 225 288 539 166 138 4166 1393 1445 3008 5000 18145 152 3228 22145 103 1887 11948 3155 15678 534 926 1342 3364 8789 706 7958 2980 2225 388 1867 683 6737 32309 268 167 1078 7807 650 2188 2753 379 192 162 9841 8732 7283 189 139 7997 5740 4610 11515 1426 282 3798 3695 459 1481 668
leaf_count=16583 112 9167 313 6729 322 351 382 13651 9322 379 2940 566 2180 194 206 456 10577 3652 123 12097 1636 13700 289 1047 444 774 385 723 5633 127 410 820 7969 4924 4698 2184 2513 239 105 194 138 362 113 31789 631 943 1263 2261 4908 5791 151 144 1967 172 1127 2815 359 834 353 4647 2790 2628 9882 24807 7705 3057 21709 225 288 539 166 138 4166 1393 1445 3008 5000 18145 152 3228 22145 103 1887 11948 3155 15678 534 926 1342 3364 8789 706 7958 2980 2225 388 1867 683 6737 32309 268 167 1078 7807 650 2188 2753 379 192 162 9841 8732 7283 189 139 7997 5740 4610 11515 1426 282 3798 3695 459 1481 668
internal_value=-0.00642023 -0.00594846 -0.142503 -0.00246754 -0.00375251 -0.00977083 -0.0137296 -0.0184931 -0.017938 -0.205824 0.0181588 -0.00750143 -0.000460969 -0.157331 -0.00268446 -0.0755656 -0.0172327 -0.0260021 -0.0414486 0.00490421 0.00233016 -0.00312755 -0.0126485 0.0053683 -0.0452566 -0.0130476 -0.0394153 -0.0259812 -0.0288801 -0.0323408 -0.0307482 -0.0428314 -0.0047296 0.00556594 -0.0131752 -0.0109694 -0.0193844 -0.184281 -0.066529 -0.111428 -0.0676894 -0.0702228 -0.0669842 -0.00183764 -0.0713891 -0.0056232 -0.00371434 -0.0109988 -0.0237987 -0.0253362 -0.0349718 -0.126443 -0.0583551 -0.217165 -0.0786886 -0.00896949 -0.029335 -0.0464383 -0.106153 -0.00733972 0.00133957 -0.0236561 -0.0101764 -0.00611249 -0.0147735 -0.0287897 0.000818538 -0.023443 -0.0361033 -0.0581913 -0.0981636 -0.139896 -0.0109632 0.0131808 -0.0437139 -0.0605343 -0.0109468 -0.00733604 -0.0310766 -0.00877253 -0.0115265 -0.0229069 -0.0489703 -0.00359072 -0.0112105 0.010136 -0.003801 -0.0296322 0.000434107 -0.0036885 -0.00938405 -0.0122148 -0.0159686 -0.0288498 -0.0346456 -0.00851115 -0.0226748 -0.0104398 0.0161496 0.00243833 -0.0188919 -0.052845 -0.018101 -0.0240179 -0.0615045 0.0066303 -0.000344076 -0.028076 -0.0544234 0.00850158 -0.0133371 -0.0198776 0.00663763 0.0230078 -0.17459 0.0118579 -0.00697466 -0.0152341 -0.00431589 0.00500377 -0.0112637 -0.00883093 -0.0166526 -0.0145359 -0.0255458 -0.0440815
internal_weight=519578 517784 1794 357760 336788 119065 160024 53364 95508 1096 20972 64516 217723 717 65701 1139 52225 17940 7363 72282 58816 145441 34285 23071 1281 39637 698 35489 29766 24133 23867 7381 122370 46727 60019 49575 14916 605 3711 683 332 3588 3483 64420 837 114401 84424 29977 7169 16486 7164 295 3504 411 1537 28461 2112 1546 712 34659 24879 10444 12089 68536 12403 3877 26633 11176 3759 1131 592 426 5213 18032 1670 3121 5723 26349 6869 43729 28553 6408 1990 15176 4418 17858 14185 6717 7521 6179 30012 21223 16124 5911 5205 10213 2255 18828 13466 32631 20100 456 19644 8725 918 15888 5099 2207 571 2915 10919 9506 8865 1582 266 20094 22808 5553 17255 18291 1708 6588 6685 6303 2608 1127
internal_count=519578 517784 1794 357760 336788 119065 160024 53364 95508 1096 20972 64516 217723 717 65701 1139 52225 17940 7363 72282 58816 145441 34285 23071 1281 39637 698 35489 29766 24133 23867 7381 122370 46727 60019 49575 14916 605 3711 683 332 3588 3483 64420 837 114401 84424 29977 7169 16486 7164 295 3504 411 1537 28461 2112 1546 712 34659 24879 10444 12089 68536 12403 3877 26633 11176 3759 1131 592 426 5213 18032 1670 3121 5723 26349 6869 43729 28553 6408 1990 15176 4418 17858 14185 6717 7521 6179 30012 21223 16124 5911 5205 10213 2255 18828 13466 32631 20100 456 19644 8725 918 15888 5099 2207 571 2915 10919 9506 8865 1582 266 20094 22808 5553 17255 18291 1708 6588 6685 6303 2608 1127
cat_boundaries=0 2 4 6 7 9 10 12 14 16 18 20 21 22 24 26 28 29 30 31 32 34 35 36 37 39 40 41 43 45 47 48 49 51 52 54 55 57 59 61 63
cat_threshold=1076413481 2133 303038466 8196 84 2 6 2375290880 9384 131072 1076396032 21 34603008 4 1075840033 2064 2554735234 520 536937088 16640 159383552 4 92536832 40 110100480 8192 8 2112 16385 2 1 131584 524288 5 8322 2 1 8454144 8192 6 595595264 1048576 9216 0 17408 16392 1 557056 272763010 536870912 16896 2 524288 64 2 2286157826 520 16842752 256 68157440 5376 1073741824 16
is_linear=0
shrinkage=0.03


Tree=2
num_leaves=127
num_cat=28
split_feature=1 5 5 5 1 5 25 12 5 5 31 5 11 11 12 32 8 26 11 5 1 5 23 1 25 23 1 1 5 5 11 5 1 1 1 25 25 25 25 23 25 1 25 5 1 21 1 21 5 1 5 1 8 5 1 25 25 25 5 22 1 21 25 1 1 25 1 1 25 1 1 1 5 1 5 12 1 1 1 25 31 1 30 30 11 25 12 5 25 1 1 1 26 1 5 1 1 25 20 1 25 1 11 1 5 25 1 25 5 25 12 12 12 3 25 1 1 1 5 5 1 8 1 8 5 5
split_gain=34124.5 14612.7 11800 10032.6 5661.79 6791.76 4895.45 4512.97 3870.97 3845.67 3527.52 3518.59 3187.62 3066.79 5395.44 3129.35 2536.95 2526.74 2297.74 2595.09 2782.52 2232.86 2047.04 1948.8 2418.36 2167.59 1980.65 5264.14 1893.01 1877.46 1856.07 1851.45 2280.22 2303.68 1776.07 1679.51 2352.35 1601.16 1569.93 1633.01 1492.76 1430.96 1381.35 1359.93 1164.98 1134.39 1130.55 1112.26 1110.79 1954.77 2042.96 1053.37 1004.77 982.867 977.675 895.748 1336.42 892.937 851.35 843.503 835.479 803.428 799.064 1590.63 4387.35 3690.71 796.62 793.088 764.291 762.303 759.525 1855.54 1896.44 753.363 721.761 684.226 1128.51 3096.59 1105.27 656.271 653.697 648.985 598.568 585.682 722.193 1091.84 890.938 650.055 593.091 1066.64 592.619 811.585 583.599 579.639 733.413 996.905 4511.45 941.88 967.007 652.568 559.195 749.93 1057.67 637.713 557.355 554.804 552.975 1347.9 713.942 594.712 546.221 634.394 528.096 527.328 525.921 558.041 524.121 761.064 575.493 526.841 565.137 521.201 515.855 581.56 504.179 482.583
threshold=9.461545944213869 0 1 2 5.1923544406890878 3 51.500000000000007 -0.30164489150047297 4 5 0.03126017842441798 6 0.24372619390487674 0.3744682669639588 -0.41399101912975306 0.27253690361976629 3.5000000000000004 0.078751005232334151 0.24372619390487674 7 6.4229502677917489 8 0.093464292585849776 5.4143788814544687 19.500000000000004 0.058227287605404861 6.8561301231384286 5.759707212448121 9 10 0.24372619390487674 11 6.4229502677917489 6.744683265686036 9.7953972816467303 71.500000000000014 69.500000000000014 16.500000000000004 49.000000000000007 0.1168753318488598 50.500000000000007 7.4465231895446786 59.500000000000007 12 7.4465231895446786 0.063850197941064848 6.4229502677917489 0.12150707840919496 13 7.1552743911743173 14 7.7717878818511972 10.500000000000002 15 7.1113042831420907 88.500000000000014 59.500000000000007 19.500000000000004 16 0.10392067208886148 5.759707212448121 0.1056567244231701 17.500000000000004 5.759707212448121 6.8561301231384286 14.500000000000002 4.5047848224639901 5.0493419170379648 38.500000000000007 7.7717878818511972 6.9998323917388925 7.1113042831420907 17 7.1113042831420907 18 0.48126256465911871 6.4229502677917489 6.8561301231384286 5.4143788814544687 75.500000000000014 0.08413130417466165 6.744683265686036 0.17734769731760028 0.072865519672632231 0.23537775129079822 31.500000000000004 -0.26867066323757166 19 10.500000000000002 5.0493419170379648 4.5047848224639901 5.0493419170379648 0.004756731679663063 6.744683265686036 20 6.0527143478393564 6.1640367507934579 99.000000000000014 74.500000000000014 5.759707212448121 100.50000000000001 7.1552743911743173 -0.48314717411994929 7.1552743911743173 21 25.500000000000004 6.4229502677917489 69.500000000000014 22 53.500000000000007 0.65071284770965587 0.92843842506408703 0.34033495187759405 23 87.500000000000014 6.1640367507934579 6.4229502677917489 5.759707212448121 24 25 7.3527534008026132 9.5000000000000018 7.5704805850982675 9.5000000000000018 26 27
decision_type=2 9 9 9 2 9 2 2 9 9 10 9 2 2 2 8 2 10 2 9 2 9 8 2 2 10 2 2 9 9 2 9 2 2 2 2 2 2 2 10 2 2 2 9 2 8 2 8 9 2 9 2 2 9 2 2 2 2 9 10 2 8 2 2 2 2 2 2 2 2 2 2 9 2 9 2 2 2 2 2 10 2 10 8 2 2 2 9 2 2 2 2 10 2 9 2 2 2 2 2 2 2 2 2 9 2 2 2 9 2 2 2 2 1 2 2 2 2 9 9 2 2 2 2 9 9
left_child=1 7 8 10 5 6 16 12 22 17 66 23 21 14 30 48 -5 18 53 20 -20 -1 -2 25 26 42 27 -25 -7 79 41 32 57 -34 -4 36 -8 46 68 45 -24 58 -9 70 105 -40 -29 -21 49 73 -51 -43 -42 -6 -22 56 -26 -17 -11 -47 -58 -45 63 -23 65 -65 125 -44 -13 93 121 -72 -73 -15 -33 -70 78 -78 -77 -14 -52 -81 83 -30 86 90 87 -85 89 -88 -86 -92 -75 94 95 99 -97 98 -98 -63 103 -102 -103 -74 -32 -35 107 108 -49 -108 -36 -112 -48 -57 -62 -116 117 -64 -119 -118 -121 -16 123 -55 -41 -3
right_child=2 3 34 4 9 28 35 11 -10 13 -12 38 29 15 43 31 -18 -19 19 47 54 62 40 24 55 -27 -28 37 82 -31 104 74 33 44 110 -37 -38 -39 39 124 52 51 67 61 -46 59 112 106 -50 50 80 -53 -54 122 -56 113 60 -59 -60 -61 114 69 116 64 -66 -67 -68 -69 75 -71 71 72 100 92 -76 76 77 -79 -80 81 -82 -83 -84 84 85 -87 88 -89 -90 -91 91 -93 -94 -95 -96 96 97 -99 -100 -101 101 102 -104 -105 -106 -107 109 -109 -110 -111 111 -113 -114 -115 115 -117 119 118 -120 120 -122 -123 -124 -125 -126 -127
leaf_value=0.0080643053219933564 -0.034129569926544236 0.029241606465472681 0.013996974782960024 -0.031391655583495055 0.012483301721532735 0.0019254808120104012 -0.033193628877913064 -0.013500622049371552 -0.27933077467719514 0.011710721881220994 0.047890891558518001 -0.017432620852121595 -0.021458498052236336 -0.0051148002142354324 -0.0021114708834568952 -0.039344069014652629 -0.15372354480667841 0.018563766505858167 0.0075232985183675159 0.0079898317773780606 -0.072738272276623842 0.018212923244469693 -0.10683152433862719 -0.022126547482044946 -0.0067493450604122988 -0.11457374167100638 0.0013105419689197777 -0.026227196290441179 -0.00096270998464261252 -0.0020176042646615176 -0.029598144364117632 -0.0012353411736440317 -0.097848802507217059 -0.0084193212629045146 -0.036562550154866168 -0.021874277811245721 -0.10493371118526211 -0.15182856967031466 0.010727128486893977 -0.0085845773259223945 -0.24044120515313216 -0.11969958264996686 -0.02950659290378051 0.0084827075449463562 -0.12258181679517703 -0.011489554428440088 -0.073072319349520048 -0.043493584663522517 0.00074668774914789205 0.012104701957542841 -0.17602556913326947 -0.016852841316959334 -0.13824174167917055 0.0072229507832953597 -0.16204213029189077 -0.012863621641000971 -0.04073781571382698 0.0045777452731113897 0.004129972557957432 0.0022841538913927067 -0.018190270602823997 -0.025255184910413387 -0.0067425343724045817 -0.034520360393469909 0.0083007307742721057 -0.17688887950559756 0.01500734876300981 -0.051057508850126693 -0.015016026903288274 -0.058632730998560395 -0.12739455231211402 -0.059706862107129159 -0.0098763288742830906 -0.071768790226505716 -0.016140034240695798 -0.085333873811177907 -0.16250650295844446 0.0061174818341446632 -0.025601016209622466 0.0078043111611280913 -0.083300500876562933 -0.049602447788986384 0.032736788491556271 -0.0152531811787217 -0.090207107465135536 -0.015687389667488325 -0.01439061626293218 0.0036644984288157472 -0.014201233173992625 -0.10938988901005534 -0.014686085052995802 -0.058414892800312743 -0.018174039963720429 -5.409980511122969e-05 -0.0038979132497498317 -0.18531806616349653 -0.11003674626093486 -0.0014033081617543664 -0.01647954866636353 0.00033154395159291472 -0.017373401461333236 -0.0065721471858235583 -0.13481964674592017 0.016857391329106103 -0.0061116804918638417 -0.037957646829989269 -0.016374528058041862 -0.096428016621462054 -0.0060941763278847903 0.0094242387118108409 -0.16671716912964579 -0.066543744409560332 -0.16836029386249454 0.0081110707772584743 -0.054136326848811152 -0.02344848228646533 0.011023916068531045 0.01825160793674856 -0.0054117001502630895 -0.011945451236898537 0.017795055262301233 -0.0096380891810118174 -0.051237875289387176 -0.0018258072129017327 -0.033107150730236304 -0.010238967443627586
leaf_weight=13251 113 317 319 225 12123 11939 1364 2147 381 25218 2983 10665 9937 14454 12524 559 477 10042 414 3523 559 539 206 1394 4663 313 620 229 3608 4843 1158 3769 618 714 150 4804 589 487 2454 988 271 126 2789 5443 132 42511 105 649 19831 179 116 306 135 12156 138 3373 2582 1626 28363 4417 8347 1374 6473 367 730 296 15924 3439 1376 225 131 770 7326 195 13212 319 220 176 2183 203 174 1382 266 2405 205 6723 294 5048 12971 166 788 742 2763 23855 19861 164 173 888 233 2581 3834 112 119 901 4183 2896 1898 212 1550 1394 101 134 109 1585 825 1514 1080 2594 1432 13382 600 24440 161 13480 3581 1852
leaf_count=13251 113 317 319 225 12123 11939 1364 2147 381 25218 2983 10665 9937 14454 12524 559 477 10042 414 3523 559 539 206 1394 4663 313 620 229 3608 4843 1158 3769 618 714 150 4804 589 487 2454 988 271 126 2789 5443 132 42511 105 649 19831 179 116 306 135 12156 138 3373 2582 1626 28363 4417 8347 1374 6473 367 730 296 15924 3439 1376 225 131 770 7326 195 13212 319 220 176 2183 203 174 1382 266 2405 205 6723 294 5048 12971 166 788 742 2763 23855 19861 164 173 888 233 2581 3834 112 119 901 4183 2896 1898 212 1550 1394 101 134 109 1585 825 1514 1080 2594 1432 13382 600 24440 161 13480 3581 1852
internal_value=-0.00624353 -0.00578907 -0.136242 -0.00241275 -0.00367071 -0.0127098 -0.0392102 -0.0133083 -0.196691 -0.0019953 0.0176609 -0.0170473 -0.00654006 -0.00377057 -0.00163507 -0.00950081 -0.114615 0.00487255 0.00202417 -0.0105132 -0.0535964 -0.00204802 -0.149736 -0.0248672 -0.0207393 -0.0371662 -0.0463302 -0.059035 -0.00832093 -0.0177231 0.00559389 -0.0180868 -0.0316412 -0.0442226 -0.0378049 -0.0314185 -0.0548722 -0.114275 -0.0131229 -0.0107413 -0.173434 0.00726215 -0.0342599 -0.00572324 -0.0353424 -0.0091533 -0.0727422 -0.00525606 -0.00414422 -0.00956332 -0.0699419 -0.047057 -0.206882 0.00544204 -0.0906265 -0.0174459 -0.0205665 -0.00667186 0.00770098 -0.0101931 -0.0254216 -0.00245436 -0.00692247 -0.0255234 -0.0424474 -0.0982522 0.0126842 -0.0414129 -0.0217312 -0.0036612 -0.00929207 -0.0154732 -0.0143411 -0.00793856 -0.0128348 -0.0324509 -0.0407211 -0.0877359 -0.0332479 -0.0243009 -0.116852 -0.0422498 -0.0120033 -0.0123691 -0.0137716 -0.0211673 -0.0107754 -0.0024568 -0.015391 -0.0488359 -0.0423803 -0.0359174 -0.0217302 -0.00340825 -0.00657396 -0.0163528 -0.0375789 -0.018726 -0.0565175 -0.00856164 -0.0114368 -0.020548 -0.0729354 -0.00694683 -0.0112753 -0.0321194 -0.0134478 -0.0243607 -0.0173722 -0.00545048 -0.0816308 -0.110121 -0.122164 -0.00615804 -0.0217174 -0.034291 -0.0055183 -0.000372839 0.00986748 -0.0091047 -0.0106604 -0.00708808 0.00212706 0.00246502 -0.0278987 -0.00437048
internal_weight=519865 518055 1810 357535 336459 52614 7459 160520 1106 283845 21076 103411 57109 225546 164308 61238 702 58299 48257 10337 1111 40744 725 34521 25833 8688 2944 2324 45155 16365 59354 23526 6545 4360 704 6757 1953 930 68890 53951 612 54013 8375 104954 3742 49382 443 9226 37712 17881 469 432 406 37920 697 22889 17931 2185 53581 46928 13268 54797 27493 1932 1393 663 18093 6228 14939 49354 50157 13193 13062 17412 16981 4274 2898 396 2502 11522 290 1585 33216 32950 29342 8458 20884 7453 13431 460 1735 1530 2958 49129 25274 5413 1458 1294 406 3955 12292 4065 231 8227 5341 3610 5703 2411 2199 3292 385 235 214 4958 10686 2339 25561 10499 4026 15062 13982 36964 25797 25636 4569 2169
internal_count=519865 518055 1810 357535 336459 52614 7459 160520 1106 283845 21076 103411 57109 225546 164308 61238 702 58299 48257 10337 1111 40744 725 34521 25833 8688 2944 2324 45155 16365 59354 23526 6545 4360 704 6757 1953 930 68890 53951 612 54013 8375 104954 3742 49382 443 9226 37712 17881 469 432 406 37920 697 22889 17931 2185 53581 46928 13268 54797 27493 1932 1393 663 18093 6228 14939 49354 50157 13193 13062 17412 16981 4274 2898 396 2502 11522 290 1585 33216 32950 29342 8458 20884 7453 13431 460 1735 1530 2958 49129 25274 5413 1458 1294 406 3955 12292 4065 231 8227 5341 3610 5703 2411 2199 3292 385 235 214 4958 10686 2339 25561 10499 4026 15062 13982 36964 25797 25636 4569 2169
cat_boundaries=0 2 4 6 8 10 12 14 15 17 19 21 23 25 27 29 30 32 34 36 38 39 40 41 42 44 46 48 50
cat_threshold=1076413481 2133 303038466 8196 84 2 131074 4608 34603008 4 407249538 8 17441 2112 131072 1073742881 2064 67115008 40 1073790976 21 109117440 8704 2718961664 28928 638584832 21248 1048576 4096 270338 2197880832 30208 0 16640 2147485696 17408 12583424 384 25165824 2223046656 512 2 2129920 5 524288 1 524288 17 16 2
is_linear=0
shrinkage=0.03


Tree=3
num_leaves=127
num_cat=40
split_feature=0 5 5 5 2 5 5 5 5 28 30 13 5 0 13 23 5 25 21 28 13 13 13 13 13 26 5 25 5 5 29 0 0 25 5 5 27 23 20 27 0 5 5 5 0 13 5 5 5 13 5 0 0 25 0 27 4 27 2 0 25 4 0 5 0 5 5 25 13 5 5 27 29 0 0 25 0 13 0 25 0 0 0 25 0 0 13 30 0 0 27 32 21 5 0 13 5 27 25 30 28 2 25 4 27 25 0 25 13 0 5 13 24 5 0 0 27 4 0 27 5 30 25 5 23 5
split_gain=33215.7 13756.2 11216.8 9564.59 6699.66 7449.83 3783.1 3654.22 3057.24 2997.06 2426.85 3590.29 2566.34 2421.22 2402.8 2388.07 2341.56 2241.49 2180.44 2132.33 2204.86 1845.04 3777.58 2251.88 1776.59 2921.72 4726.26 1827.13 1757.81 1702.2 1677.59 1726.21 1610.87 1595.53 1433.04 1402.84 1372 1264.57 1242.37 1241.94 1238.31 1233.79 1229.98 1154.85 1142 1058.86 1049.47 1041.68 1005.12 977.5 961.693 943.732 3522.72 874.703 1724.9 4717.25 2916.78 850.462 804.58 777.774 1709.09 954.457 755.282 737.657 730.843 1005.35 996.299 897.795 695 666.846 623.334 767.024 602.197 1138.3 843.864 591.953 601.642 589.236 576.104 571.89 569.349 956.373 904.857 743.338 555.251 543.185 533.321 531.364 528.274 2716.53 523.15 522.355 532.11 520.25 572.698 519.261 515.768 538.653 512.138 504.705 494.001 493.286 492.368 476.223 1383.71 476.184 462.004 458.625 450.722 446.941 490.212 445.158 439.602 438.413 435.964 655.88 429.988 530.405 428.375 426.955 594.563 423.487 906.598 513.582 498.331 440.821
threshold=13030.000000000002 0 1 2 3 4 5 6 7 0.069924898445606246 0.086054746061563506 39.500000000000007 8 1715.0000000000002 24.500000000000004 0.093464292585849776 9 37.500000000000007 0.067053630948066725 0.12890668213367465 24.500000000000004 38.500000000000007 25.500000000000004 14.500000000000002 24.500000000000004 0.35343860089778906 10 89.500000000000014 11 12 0.04237759672105313 135.00000000000003 17950.000000000004 50.500000000000007 13 14 0.086274277418851866 0.12977331131696704 39.500000000000007 0.15550526976585391 1940.0000000000002 15 16 17 155.00000000000003 37.500000000000007 18 19 20 33.500000000000007 21 950.00000000000011 615.00000000000011 17.500000000000004 325.00000000000006 0.086274277418851866 22 0.059944719076156623 23 325.00000000000006 81.500000000000014 24 55.000000000000007 25 850.00000000000011 26 27 102.50000000000001 10.500000000000002 28 29 0.059393314644694335 0.11081358045339586 325.00000000000006 615.00000000000011 59.500000000000007 950.00000000000011 39.500000000000007 325.00000000000006 62.500000000000007 325.00000000000006 225.00000000000003 850.00000000000011 77.500000000000014 90.000000000000014 1560.0000000000002 25.500000000000004 0.10479542613029481 1280.0000000000002 1560.0000000000002 0.051913643255829818 0.19068296998739245 0.12901084870100024 30 715.00000000000011 24.500000000000004 31 0.058846931904554374 78.500000000000014 0.10088627040386201 0.1505938991904259 32 14.500000000000002 33 0.055219287052750594 65.500000000000014 1280.0000000000002 39.500000000000007 46.500000000000007 325.00000000000006 34 14.500000000000002 1.0023059248924258 35 90.000000000000014 45.000000000000007 0.092709075659513487 36 155.00000000000003 0.1045757830142975 37 0.10731760039925577 57.500000000000007 38 0.12721397727727893 39
decision_type=2 9 9 9 9 9 9 9 9 10 8 2 9 2 2 8 9 2 8 8 2 2 2 2 2 8 9 2 9 9 10 2 2 2 9 9 2 10 2 2 2 9 9 9 2 2 9 9 9 2 9 2 2 2 2 2 9 2 9 2 2 9 2 9 2 9 9 2 2 9 9 2 8 2 2 2 2 2 2 2 2 2 2 2 2 2 2 10 2 2 2 10 10 9 2 2 9 2 2 10 10 9 2 9 2 2 2 2 2 2 9 2 2 9 2 2 2 9 2 2 9 10 2 9 10 9
left_child=1 10 7 9 8 13 17 15 19 58 35 14 80 41 18 -2 75 44 99 113 46 22 23 42 25 88 -27 50 93 40 31 68 -4 -17 72 59 78 121 -33 -35 112 84 109 95 -7 96 111 -40 -14 69 106 52 -50 54 -18 56 -56 70 -3 60 -1 101 -52 -47 65 -23 -66 98 -28 -24 -55 -72 73 -20 -74 -16 -77 -64 79 -30 81 -13 -82 -83 -6 -59 -46 -11 -8 -90 -75 119 -93 -25 -95 -38 -22 -98 -67 -12 118 -61 -70 104 -60 -84 -26 -49 -34 -10 -111 -21 -15 -5 115 -29 -100 -118 -43 -37 -121 122 123 -36 125 -123
right_child=2 3 32 4 5 6 24 -9 21 87 11 12 48 29 16 33 53 -19 34 20 45 64 49 28 27 26 30 114 36 -31 -32 38 108 39 37 91 43 -39 47 -41 -42 100 -44 -45 86 63 -48 107 51 -51 62 -53 -54 57 55 -57 -58 85 103 61 -62 -63 77 -65 66 67 -68 -69 102 -71 71 -73 74 90 -76 76 -78 -79 -80 -81 82 83 105 -85 -86 -87 -88 -89 89 -91 -92 92 -94 94 -96 -97 97 -99 116 -101 -102 -103 -104 -105 -106 -107 -108 -109 -110 110 -112 -113 -114 -115 -116 -117 117 -119 -120 120 -122 124 -124 -125 -126 -127
leaf_value=-0.030714297627893631 -0.023720676028327541 0.018717364998724895 0.013006389256087669 0.020605039719060594 0.04187648380772685 -0.13794306463225089 -0.013020632311817137 -0.27101667728284351 -0.014556461420262973 0.029317339864375975 -0.0072217185196765251 -0.0094731637539229759 -0.021495257595030855 -0.086263431316555131 0.0079502474585728226 -0.10203094278188313 0.017209956986588757 -0.010739464638318945 -0.026137173927162548 0.00087783262605818223 0.014528108627689468 -0.0046560856443960703 0.016245899277762366 0.0078003536827315617 -0.0014264430108394505 -0.015950123119162433 -0.025618883287256405 0.00011823445109517447 -0.034493118741146245 0.0046960626407666446 -0.17976055436664157 -0.13512640940956772 -0.059193698960071407 -0.15993871940214849 -0.016158969012134997 -0.018906608091121904 -0.050416950257717821 -0.04978796349570512 0.015432371202568901 -0.26672333743465554 -0.04800058748815754 -0.01212087900548349 0.0038400564967259075 -0.01764166257672363 -0.097952251903814805 0.011647134871110291 -0.0046160606000496488 -0.074524514871743108 -0.033770948243795139 0.00079272831278174184 0.010438213177882967 0.0007346488534906993 -0.13984857327815306 0.022470200477009337 -0.15929881122146472 0.0041391603061028846 -0.037396184019202923 -0.010475191972837561 -0.041518409004463276 -0.0078163974565111319 -0.075969988934074403 -0.096167198917583407 -0.0087561177061543996 -0.0011822933449494571 -0.017274829098454642 -0.014602486470863915 0.0012156069527367837 -0.0076884808953790957 -0.057609713783630959 0.0060172914733171009 -0.0090390923799616857 0.013769145841369956 0.0062920292538850026 -0.045650119154795422 -0.03378276106047283 -0.0025886740995666496 -0.049179405060948735 -0.021346377083894828 -0.0022888829094769988 0.017178430206238708 0.0053033996235343391 -0.016357607741276144 -0.025738374071987268 -0.052889431609669205 0.0020393308501957725 0.016027406662809208 -0.02997675024306596 0.054006605414670748 -0.12990398524073063 -0.0015766943162449762 -0.12963172765363395 0.0031562011311236054 -0.030421592147486871 -0.016911020402793679 0.00090929556736531875 -0.013251784038623052 -0.016952459925408982 0.0074714109444986316 -0.022881710419371582 0.0094693543919430623 -0.022071563951892029 -0.034661242498068921 -0.12366919334168018 0.0027952647966385286 0.034066948618719409 -0.0086426099686435238 0.037049104783684013 -0.04262044625442872 -0.13304141556648169 0.00032756475338656187 -0.010412501690529853 -0.033092305454786738 -0.17524253896541064 0.0096808993125687658 -0.023210036078589343 -0.089966970680665531 0.0064420383201152284 -0.050235680490753477 -0.0032194180840036438 -0.078392004394668272 -0.0064566551982869749 -0.024088021540447254 -0.020608619358464857 -0.0026157568806666255 -0.03215054344527387 -0.0052880934904857057
leaf_weight=2491 117 9093 311 7040 317 375 12240 390 4774 1344 2743 4018 22550 100 13952 203 586 373 443 425 11881 14622 10618 2381 8929 4182 100 111 1148 438 107 140 298 240 4559 6234 2553 858 245 175 613 6099 20739 2593 218 5008 11243 526 4442 14551 1177 558 300 1128 365 860 343 22864 262 1543 1076 151 7191 20537 3285 4659 12836 7479 129 12560 4130 1954 567 102 2840 1506 298 6259 2905 231 3936 993 1778 1014 32206 717 200 1900 210 501 201 1842 551 3468 3050 391 921 6856 3327 4017 1610 1038 528 7300 1275 8358 289 1805 100 9323 6478 1894 107 6365 7246 210 170 1168 24053 250 188 1241 13104 5650 764 11137
leaf_count=2491 117 9093 311 7040 317 375 12240 390 4774 1344 2743 4018 22550 100 13952 203 586 373 443 425 11881 14622 10618 2381 8929 4182 100 111 1148 438 107 140 298 240 4559 6234 2553 858 245 175 613 6099 20739 2593 218 5008 11243 526 4442 14551 1177 558 300 1128 365 860 343 22864 262 1543 1076 151 7191 20537 3285 4659 12836 7479 129 12560 4130 1954 567 102 2840 1506 298 6259 2905 231 3936 993 1778 1014 32206 717 200 1900 210 501 201 1842 551 3468 3050 391 921 6856 3327 4017 1610 1038 528 7300 1275 8358 289 1805 100 9323 6478 1894 107 6365 7246 210 170 1168 24053 250 188 1241 13104 5650 764 11137
internal_value=-0.00602652 -0.00557492 -0.133437 -0.00230064 -0.00353211 -0.00925995 -0.0175896 -0.191707 -0.000402009 0.0172509 -0.0128787 -0.011677 -0.0183918 -0.00248558 -0.00835531 -0.146249 -0.00365501 -0.0708241 -0.0131019 0.0046447 0.00218234 -0.0029087 -0.000551401 -0.00522635 -0.0163841 -0.0232078 -0.0377612 -0.0118891 -0.0138576 -0.0436876 -0.0630078 -0.0595414 -0.0376085 -0.171733 -0.0156775 -0.0242165 -0.0225994 -0.0138035 -0.0483434 -0.205501 -0.0687258 -0.00167901 -0.00131514 -0.0324844 -0.0999288 0.00536529 -0.00842624 -0.0435764 -0.0242878 0.00688727 -0.00781263 -0.0361002 -0.04051 -0.00820248 -0.0266829 -0.0430872 -0.100378 -0.0069116 0.0124567 -0.0351004 -0.0443833 -0.0230969 -0.0125909 0.00133732 -0.00775622 -0.0104202 -0.00256302 -0.0154236 -0.0996013 0.0107132 0.00210339 -0.0017099 -0.0323956 -0.0568842 -0.0271135 0.00585552 -0.0103079 -0.0146162 -0.00987134 -0.0258313 -0.0102033 -0.0179248 -0.00690348 -0.0348318 0.00242815 -0.00966871 -0.0655773 0.0437899 -0.0144832 -0.0396085 -0.101604 -0.0165936 -0.00458473 -0.00417863 -0.00856028 -0.0453332 0.0105992 0.0045713 -0.0216431 0.00269656 -0.00588344 -0.0187863 -0.110806 0.00598534 0.0211639 -0.0116437 -0.000216047 -0.0496358 -0.0780353 -0.00651007 -0.00408235 -0.0267536 -0.132879 0.0154417 -0.0247322 -0.0589124 -0.02867 -0.043035 -0.0050203 -0.0209243 -0.0495335 -0.0129591 -0.0153869 -0.00868308 -0.00865138 -0.00719847
internal_weight=519561 517727 1834 357487 336313 118834 53291 1125 217479 21174 160240 144876 47947 65543 96929 735 48703 1166 48226 72170 58765 145309 97763 60034 52125 20713 7762 31412 18720 1258 3580 3473 709 618 41466 15364 9821 37313 2716 415 820 64285 41314 5537 793 45203 13562 2576 27850 37729 23845 5300 4742 32947 2154 1568 708 30793 17930 6299 3567 2732 14627 25545 47546 31425 16121 16803 757 23178 7212 6084 4153 746 3407 15756 1804 13450 4284 1379 20097 6025 14072 2007 32523 23581 418 3244 12951 711 303 9065 2393 8899 6518 2944 19658 7777 9324 6760 31762 2581 657 8837 1537 10136 9218 2331 398 20575 15801 2319 207 13405 7567 321 4665 1338 30152 6672 438 36455 23313 10209 13142 12378
internal_count=519561 517727 1834 357487 336313 118834 53291 1125 217479 21174 160240 144876 47947 65543 96929 735 48703 1166 48226 72170 58765 145309 97763 60034 52125 20713 7762 31412 18720 1258 3580 3473 709 618 41466 15364 9821 37313 2716 415 820 64285 41314 5537 793 45203 13562 2576 27850 37729 23845 5300 4742 32947 2154 1568 708 30793 17930 6299 3567 2732 14627 25545 47546 31425 16121 16803 757 23178 7212 6084 4153 746 3407 15756 1804 13450 4284 1379 20097 6025 14072 2007 32523 23581 418 3244 12951 711 303 9065 2393 8899 6518 2944 19658 7777 9324 6760 31762 2581 657 8837 1537 10136 9218 2331 398 20575 15801 2319 207 13405 7567 321 4665 1338 30152 6672 438 36455 23313 10209 13142 12378
cat_boundaries=0 2 4 6 7 9 10 12 14 16 18 20 22 23 24 26 28 30 32 33 34 36 38 39 40 41 42 44 46 48 50 52 54 55 56 58 59 60 61 63 65
cat_threshold=1076413481 2133 303038466 8196 84 2 6 2375290880 9384 131072 34603008 4 2554735234 520 1073774600 5 1073742881 2064 541131392 16640 536870912 21792 159383552 32769 1056 2048 92536832 40 118489088 20736 76546048 8192 268567040 2048 2637824 2064 570435586 16384 1 6 1 8322 68222976 1440 1048576 9216 50397184 29952 557056 4 0 17408 2286157826 520 10 2 50331648 16384 272763010 1 32768 1073758216 16 524288 2048
is_linear=0
shrinkage=0.03


Tree=4
num_leaves=127
num_cat=35
split_feature=0 5 5 5 2 5 5 5 12 5 28 5 5 23 0 8 11 26 5 12 11 0 25 0 0 12 23 5 21 11 0 12 25 11 2 25 0 5 25 21 11 12 26 5 27 25 27 29 28 0 11 0 11 25 27 25 0 0 26 21 25 0 0 25 20 5 27 5 0 12 5 27 5 26 0 0 25 25 5 12 5 5 25 25 25 0 0 23 5 0 0 25 0 5 0 5 5 27 5 5 0 12 0 0 25 29 5 0 27 0 5 5 27 0 13 27 26 5 0 3 3 0 5 30 27 22
split_gain=31167.6 13006.4 10621.8 8825.8 6223.68 6706.43 3776.56 3671.22 3665.75 3611.29 2906.4 2884.91 2805.83 2745.57 2288.57 2240.01 1982.09 2745.03 4478.25 1977.72 2174.65 1880.25 2332.54 2130.42 2935.9 1822.18 1718.54 1681.27 1602.23 1754.35 1585.69 1557.69 1538.51 1453.02 1332.18 1604.04 1190.49 1183.94 1173.32 1104.36 1091.24 2179.89 1735.84 1363.64 1090.66 1017.1 1237.96 1016.84 1264.87 990.675 1872.44 926.333 919.345 885.567 924.405 1760.49 2725.12 1149.83 840.497 809.237 797.276 1559.69 4243.29 3380.01 775.618 762.236 1523.81 745.157 736.412 733.367 726.139 711.799 694.74 688.251 742.875 3901.03 829.706 679.874 675.328 669.747 656.569 653.143 635.557 682.31 592.148 1016.89 1402.63 1723.48 1372.28 1318.13 1033.7 613.97 587.45 583.951 565.536 557.483 544.368 547.078 539.323 536.051 527.214 523.074 512.618 511.261 508.814 503.829 503.336 546.531 499.713 496.104 1208.99 851.304 2062.32 811.692 496.622 492.806 492.411 490.724 637.836 1351.9 1324.27 489.849 487.962 487.901 478.962 478.35
threshold=13030.000000000002 0 1 2 3 4 5 6 -0.065537083894014345 7 0.069924898445606246 8 9 0.076926078647375121 1715.0000000000002 3.5000000000000004 0.24372619390487674 0.35343860089778906 10 -0.87397405505180348 0.24372619390487674 225.00000000000003 18.500000000000004 325.00000000000006 950.00000000000011 -0.23537842929363248 0.058227287605404861 11 0.1000989116728306 0.2603727281093598 155.00000000000003 0.61067742109298717 49.000000000000007 0.24372619390487674 12 113.00000000000001 1940.0000000000002 13 50.500000000000007 0.060277843847870834 0.48314048349857336 -0.41399101912975306 0.002856506267562509 14 0.15550526976585391 16.500000000000004 0.098019190132617964 0.040852611884474761 0.099524557590484633 1225.0000000000002 0.24372619390487674 155.00000000000003 0.34235194325447088 38.500000000000007 0.055219287052750594 47.500000000000007 950.00000000000011 615.00000000000011 0.14773230254650119 0.11373248696327211 17.500000000000004 950.00000000000011 325.00000000000006 14.500000000000002 39.500000000000007 15 0.086274277418851866 16 90.000000000000014 0.92191100120544445 17 0.064750330522656455 18 0.015936902258545164 950.00000000000011 850.00000000000011 59.500000000000007 50.500000000000007 19 0.91511079668998729 20 21 66.500000000000014 87.500000000000014 89.500000000000014 225.00000000000003 325.00000000000006 0.081555202603340163 22 1225.0000000000002 1560.0000000000002 77.500000000000014 1280.0000000000002 23 155.00000000000003 24 25 0.051913643255829818 26 27 90.000000000000014 -0.26867066323757166 61.500000000000007 1560.0000000000002 47.500000000000007 0.040852611884474761 28 45.000000000000007 0.084925193339586272 850.00000000000011 29 30 0.092709075659513487 325.00000000000006 39.500000000000007 0.086274277418851866 0.038897719234228141 31 615.00000000000011 32 33 6250.0000000000009 34 0.10479542613029481 0.059393314644694335 -0.081829313188791261
decision_type=2 9 9 9 9 9 9 9 2 9 10 9 9 8 2 2 2 8 9 2 2 2 2 2 2 2 10 9 8 2 2 2 2 2 9 2 2 9 2 8 2 2 10 9 2 2 2 8 8 2 2 2 2 2 2 2 2 2 10 10 2 2 2 2 2 9 2 9 2 2 9 2 9 10 2 2 2 2 9 2 9 9 2 2 2 2 2 8 9 2 2 2 2 9 2 9 9 2 9 9 2 2 2 2 2 8 9 2 2 2 9 9 2 2 2 2 8 9 2 1 1 2 9 10 2 10
left_child=1 8 7 10 11 14 15 13 12 21 68 28 52 -2 37 -7 25 -18 -19 20 67 26 23 -23 45 92 51 36 -5 80 -20 78 53 60 35 70 -16 100 -15 -21 41 98 43 -42 -40 46 -25 -32 -49 -17 -51 122 -1 102 -55 56 57 -56 84 73 61 62 -14 115 -50 66 -31 -13 106 96 -34 93 -22 74 75 76 -24 -35 -4 -33 -30 -44 -53 -84 85 94 88 89 -87 125 -91 -90 -8 -62 105 -66 97 -43 -41 -54 -6 -82 -11 -73 -97 -36 -3 -108 -96 111 -111 112 113 -98 -113 -64 -86 118 119 -45 -120 -38 -10 -12 -95 -88
right_child=2 3 31 4 5 6 16 -9 9 32 123 19 33 38 27 49 17 18 30 39 72 22 59 24 -26 -27 -28 -29 29 65 47 79 34 77 58 -37 121 -39 44 40 42 69 81 117 -46 -47 -48 48 64 50 -52 82 99 54 55 -57 -58 -59 -60 -61 71 -63 63 -65 95 -67 -68 -69 -70 -71 -72 103 -74 -75 -76 -77 -78 -79 -80 -81 101 -83 83 -85 116 86 87 -89 91 90 -92 -93 -94 124 108 104 109 -99 -100 -101 -102 -103 -104 -105 -106 -107 107 -109 -110 110 -112 114 -114 -115 -116 -117 -118 -119 120 -121 -122 -123 -124 -125 -126 -127
leaf_value=0.0039345237232789433 0.0043772160729374917 0.029527094254439529 -0.055166886026660596 0.016502479426610209 0.040483304278654021 -0.019878857046514264 -0.004384672506608781 -0.2631864408312774 0.0011742738274174663 -0.033284734138834107 0.028971048619773163 0.017043992855926584 0.016366176807196015 -0.1083642865739128 -0.13109594305747835 -0.14003431084777127 -0.013858693914310482 -0.015997672671696241 -0.10246253936256401 0.0095646807041055142 -0.031403970274351226 -0.021811411763227338 -0.0055823482705830325 -0.027663217481860916 -0.0074799955492944473 -0.01721857460695328 -0.10626052554972301 0.0052378593020217506 0.014685329505813612 0.0051465802413188854 0.03229416632551517 -0.15336462137782397 -0.0033574201040882596 -0.001220272324858575 -0.048313806299849334 -0.038618389319929884 -0.035593337154614983 -0.0057966522144362173 -0.15106229135814384 0.012517489603931144 0.0048142996858137627 -0.019649858226747637 0.0026748813955752289 0.0053560700990587448 -0.25148315898488077 -0.14316288912723077 -0.13894364880698343 -0.15757438300368939 -0.12556763102550331 -0.0077663385199040792 -0.1522166077468706 -0.032499943543960061 -0.020327840096876191 -0.019188795342834963 -0.097544228785544737 -0.027810461532928019 0.0090076056714265031 -0.20406937320737073 0.0055198884325581808 -0.026298661077209389 0.019137587553847122 0.0073206544070648586 -0.057341189207988807 -0.1549859175429294 0.0051070758622590003 -0.0067534188038339766 -0.066309955199374437 0.0054881617840998095 0.014154345361278084 -0.00080609289673641245 -0.018319302860232083 -0.011028543206151126 -0.0054682271760847509 -0.0033535474173390445 -0.0061932217250971529 -0.18759615022366441 -0.026826986927112342 -0.023953344434844114 0.023220519736553601 -0.056573877173581401 0.0091274891967832276 -0.0077601405024030129 -0.069916286912577383 -0.034235400288068665 -0.014547343510685588 0.013653673573862761 -0.043231486420895603 -0.0041285733005681155 -0.022638921408161445 -0.10796068066869935 -0.0069110515148889636 -0.043499953375174663 0.027267166981524454 -0.012051475772471329 0.012336032125052458 -0.078558475890847509 -0.029435952212657893 0.001110969943631525 0.0020980665797527762 -0.0018025869208380353 0.0019631387340355694 -0.00018916747548103875 -0.013515440855105162 0.015389308933903232 -0.044152196152373271 -0.0052940013626206102 0.034957920837287722 -0.016726943520983723 -0.041720745896383478 -0.017130545159708251 0.0010850249513595397 0.00016328432333169717 -0.045502509932372932 -0.001478435848432889 -0.01063837644590301 0.010977733414591238 0.0023468972890538374 -0.016205585387343454 -0.047946943053247829 -0.047904979864213097 0.017731502035656085 -0.10759985538089976 -0.028015154519750188 0.05268802922286777 0.0045772180845948234 0.026569464605764866
leaf_weight=19491 100 319 133 10794 322 463 13630 399 643 1375 1340 7962 570 222 202 356 10482 3975 728 5565 1109 1306 2452 216 364 20003 310 447 6334 476 121 101 4749 1348 280 2576 526 31823 233 8449 2230 1274 9471 1090 177 411 154 106 122 195 137 2221 2444 1919 286 1164 173 136 4647 6238 1284 793 232 381 171 4212 615 13668 15696 30797 7639 18377 5561 4335 3609 126 5090 9738 305 180 9377 12535 1220 803 2025 683 162 9235 2969 352 123 2224 548 2859 2768 510 1288 10980 9514 3310 32128 12862 8340 683 1631 1916 207 1607 162 4579 11486 5350 2007 3400 13489 160 6646 7737 2083 706 318 101 2726 1886 3426 192
leaf_count=19491 100 319 133 10794 322 463 13630 399 643 1375 1340 7962 570 222 202 356 10482 3975 728 5565 1109 1306 2452 216 364 20003 310 447 6334 476 121 101 4749 1348 280 2576 526 31823 233 8449 2230 1274 9471 1090 177 411 154 106 122 195 137 2221 2444 1919 286 1164 173 136 4647 6238 1284 793 232 381 171 4212 615 13668 15696 30797 7639 18377 5561 4335 3609 126 5090 9738 305 180 9377 12535 1220 803 2025 683 162 9235 2969 352 123 2224 548 2859 2768 510 1288 10980 9514 3310 32128 12862 8340 683 1631 1916 207 1607 162 4579 11486 5350 2007 3400 13489 160 6646 7737 2083 706 318 101 2726 1886 3426 192
internal_value=-0.00582062 -0.00538079 -0.128704 -0.00219531 -0.00337605 -0.00889932 -0.0168148 -0.185413 -0.0124867 -0.0162463 0.0166416 -0.000358229 -0.00700372 -0.139752 -0.00247601 -0.0703478 -0.0156158 -0.0237227 -0.0377593 -0.00211648 0.0051349 -0.0244112 -0.0202794 -0.0480261 -0.0778818 -0.0113872 -0.0371106 -0.0422446 0.00643619 0.00323025 -0.0630385 -0.0362869 -0.0120467 -0.0119593 -0.00960088 -0.0170714 -0.0670778 -0.00168623 -0.164736 -0.00353831 -0.00406379 -0.00248437 -0.00854436 -0.0167358 -0.194921 -0.110642 -0.0742296 -0.0524552 -0.0565036 -0.105254 -0.0676519 -0.0342812 0.000823586 -0.0210661 -0.0336034 -0.0493094 -0.0912506 -0.132276 -0.0063425 -0.0171649 -0.00840556 -0.0260365 -0.0457237 -0.0914699 -0.0520391 -0.0126153 -0.0348385 0.00975287 0.0119068 -0.00449862 -0.0126018 -0.00699039 -0.00983982 -0.0135139 -0.017419 -0.0227011 -0.0199217 -0.0211895 -0.0013812 -0.0917839 0.00617144 -0.00327148 -0.0436061 -0.0557772 -0.00819849 -0.0109144 -0.014652 -0.00785071 -0.0262973 -0.0492601 -0.0818636 -0.031519 -0.00315945 0.000792877 0.000708643 -0.0481065 -0.00661022 -0.00104802 0.00700746 -0.00971177 0.00234589 0.00373772 -0.0163166 -0.0100811 -0.0521374 -0.0107987 -0.00463062 -0.0107538 0.00933401 -0.0082464 -0.00411768 -0.010847 -0.0200328 -0.00916424 -0.007567 -0.0294989 -0.00159976 -0.0207494 -0.0290614 -0.0155956 -0.0392444 -0.0473453 -0.0225251 0.0428486 -0.00298302 -0.00540514
internal_weight=519011 517161 1850 357100 336045 118727 53178 1131 160061 94965 21055 217318 65096 732 65549 1151 52027 17846 7364 172648 28300 32224 24301 2451 1145 34181 7923 1276 44670 33876 3389 719 62741 39851 49348 14964 829 64273 632 144348 138783 102613 36170 14164 410 781 370 2661 2540 688 332 7613 25245 13393 3678 1759 595 422 34384 21850 28765 2136 1343 773 2434 5303 1091 21630 17829 84650 12388 26629 6670 15612 11277 7668 7542 11086 438 281 28573 22006 4244 2023 29737 21066 15940 10064 5876 829 475 5193 14178 7569 5126 2312 53853 12254 17963 5754 32450 22239 9715 19060 2141 2196 2133 1814 2930 41599 16065 25534 6695 4688 18839 392 8671 11934 4197 1796 2401 627 3369 3226 6285 354
internal_count=519011 517161 1850 357100 336045 118727 53178 1131 160061 94965 21055 217318 65096 732 65549 1151 52027 17846 7364 172648 28300 32224 24301 2451 1145 34181 7923 1276 44670 33876 3389 719 62741 39851 49348 14964 829 64273 632 144348 138783 102613 36170 14164 410 781 370 2661 2540 688 332 7613 25245 13393 3678 1759 595 422 34384 21850 28765 2136 1343 773 2434 5303 1091 21630 17829 84650 12388 26629 6670 15612 11277 7668 7542 11086 438 281 28573 22006 4244 2023 29737 21066 15940 10064 5876 829 475 5193 14178 7569 5126 2312 53853 12254 17963 5754 32450 22239 9715 19060 2141 2196 2133 1814 2930 41599 16065 25534 6695 4688 18839 392 8671 11934 4197 1796 2401 627 3369 3226 6285 354
cat_boundaries=0 2 4 6 7 9 10 12 14 16 18 20 21 22 24 26 27 29 31 33 35 36 38 39 41 42 44 46 48 50 52 53 55 56 57 59
cat_threshold=1076413481 2133 303038466 8196 84 2 6 2643726336 9384 131072 34603008 4 17441 2112 407251074 8 1075840033 2064 541131392 16640 159383552 4 92536832 40 2147483648 17408 268566528 2164260864 26112 524288 5 8454144 8192 524288 2048 2 578879488 8864 557056 32768 4 33556480 67109376 640 2197881344 21248 1073741824 16 16 2 2148532224 9216 595595264 43057664 8192 2 2 1 2048
is_linear=0
shrinkage=0.03


Tree=5
num_leaves=127
num_cat=42
split_feature=0 5 5 5 2 5 5 5 31 5 30 13 13 5 8 0 5 26 31 23 11 26 5 11 13 26 22 22 0 13 5 5 0 11 23 21 0 5 29 0 11 27 5 13 5 5 0 0 0 4 0 11 5 26 0 27 5 0 5 5 20 5 5 5 0 2 0 5 23 5 30 27 5 0 5 0 0 27 5 30 27 13 5 0 0 11 20 0 31 21 0 8 0 5 0 0 0 5 27 11 26 0 5 0 0 0 5 5 0 27 0 5 5 27 24 22 0 27 0 5 5 0 30 0 21 5
split_gain=30769.8 12311.6 10632 8207.95 5854.99 6507.3 3629.34 3111.18 2811.25 2735.21 2172.21 3275.58 2282 2223.94 2156.19 2127.78 2054.35 2047.53 1957.32 1933.5 1832.11 2591.92 4319.69 1746.66 4216.73 1720.49 1635.88 1544.69 1510.8 1504.64 1465.02 1418.45 1365.99 1260.41 1176.4 1135.72 1044.13 1026.94 965.616 927.846 1844.33 917.221 881.004 826.467 874.699 817.395 810.19 3137.76 794.018 2645.74 3891.92 928.935 760.78 746.744 736.446 725.451 2643.98 937.107 947.568 802.36 714.206 712.498 709.371 674.878 607.949 595.479 790.72 581.661 550.132 1095.46 656.258 545.274 529.157 1604.9 1154.5 617.895 513.127 505.983 558.117 503.835 493.334 488.622 483.722 1006.23 1048.55 483.542 1468.75 477.46 1763.09 623.408 559.678 477.262 470.772 539.716 469.411 926.099 848.671 651.028 463.995 458.702 453.076 440.294 437.09 512.706 433.441 461.057 425.68 418.885 554.887 873.069 547.268 523.239 504.389 1280.16 414.158 402.712 400.361 399.717 637.191 2352.95 447.132 389.137 388.216 388.21 370.582 366.745
threshold=13030.000000000002 0 1 2 3 4 5 6 0.03126017842441798 7 0.086054746061563506 39.500000000000007 25.500000000000004 8 3.5000000000000004 1715.0000000000002 9 0.07760068774223329 0.047392372041940696 0.093464292585849776 0.24372619390487674 0.35343860089778906 10 0.3744682669639588 37.500000000000007 0.002856506267562509 0.20159854739904406 -0.10743677988648413 17950.000000000004 38.500000000000007 11 12 155.00000000000003 0.24372619390487674 0.12977331131696704 0.12150707840919496 1940.0000000000002 13 0.040852611884474761 1225.0000000000002 0.24372619390487674 0.089248880743980422 14 25.500000000000004 15 16 950.00000000000011 615.00000000000011 325.00000000000006 17 950.00000000000011 -0.92274349927902211 18 0.39173799753189092 90.000000000000014 0.076740767806768431 19 850.00000000000011 20 21 37.500000000000007 22 23 24 155.00000000000003 25 325.00000000000006 26 0.114736445248127 27 0.15688340365886691 0.056865874677896507 28 110.00000000000001 29 55.000000000000007 90.000000000000014 0.058846931904554374 30 0.10088627040386201 0.053263295441865928 37.500000000000007 31 1280.0000000000002 1560.0000000000002 0.79383251070976268 70.500000000000014 325.00000000000006 0.075905904173851027 0.069190833717584624 225.00000000000003 11.500000000000002 1225.0000000000002 32 325.00000000000006 225.00000000000003 850.00000000000011 33 0.053855204954743392 -0.86546283960342396 0.07184594497084619 1560.0000000000002 34 45.000000000000007 950.00000000000011 325.00000000000006 35 36 715.00000000000011 0.059944719076156623 325.00000000000006 37 38 0.092709075659513487 1.0023059248924258 -0.70165884494781483 950.00000000000011 0.086274277418851866 850.00000000000011 39 40 1560.0000000000002 0.10479542613029481 950.00000000000011 0.13533534109592441 41
decision_type=2 9 9 9 9 9 9 9 10 9 8 2 2 9 2 2 9 10 8 8 2 8 9 2 2 10 10 8 2 2 9 9 2 2 10 8 2 9 8 2 2 2 9 2 9 9 2 2 2 9 2 2 9 8 2 2 9 2 9 9 2 9 9 9 2 9 2 9 8 9 10 2 9 2 9 2 2 2 9 10 2 2 9 2 2 2 2 2 10 10 2 2 2 9 2 2 2 9 2 2 10 2 9 2 2 2 9 9 2 2 2 9 9 2 2 10 2 2 2 9 9 2 10 2 10 9
left_child=1 10 7 8 9 15 14 19 54 17 26 12 18 94 -7 37 104 33 79 -2 29 82 -23 24 43 31 61 41 -4 -8 36 -25 98 52 68 -35 114 76 -34 -16 -41 100 -15 -11 -45 48 47 -44 64 50 51 -50 -5 -40 102 59 57 58 -57 -33 -55 71 -27 -37 -18 66 -47 -62 70 101 -29 -1 73 74 -31 -74 -6 78 80 123 -65 125 83 -22 -85 86 -60 88 -63 -89 -90 107 -69 -94 95 -13 -96 -97 -24 -21 -20 -70 -3 -104 105 -14 -73 108 109 -26 -111 -110 -112 -114 -17 -84 -72 120 119 -119 -46 -95 -10 -12 -39 -54
right_child=2 3 28 4 5 6 20 -9 122 23 11 13 16 42 39 30 45 -19 27 99 21 22 32 25 91 62 -28 34 -30 72 -32 55 38 35 -36 63 -38 124 53 40 -42 -43 46 44 117 65 -48 -49 49 -51 -52 -53 81 60 -56 56 -58 -59 85 -61 67 87 -64 77 -66 -67 -68 92 69 -71 116 106 75 -75 -76 -77 -78 -79 -80 -81 -82 -83 115 84 -86 -87 -88 89 90 -91 -92 -93 93 121 96 97 -98 -99 -100 -101 -102 -103 103 -105 -106 -107 -108 -109 111 110 112 -113 113 -115 -116 -117 -118 118 -120 -121 -122 -123 -124 -125 -126 -127
leaf_value=-0.0083648550007062155 -0.032512338804863705 0.027995856107700438 0.012581499744879288 0.011432702456582703 0.039549237086051396 -0.019165225009245303 -0.0052237016645580985 -0.25792622188013969 0.029673647369345538 0.00041705162391878387 -0.0090966246254660637 -0.0085574134981467858 0.0032230915037301743 -0.020281432893707849 -0.13570021151670789 -0.077952814163783427 -0.027530815907397782 0.017561679705711257 -0.082007197370374957 -0.20671607712904611 -0.016683882425808223 -0.015157784470648406 -0.069572985106666915 0.0047248295190718053 -0.0035244060468567441 0.0030430809126418034 0.0035214285029260303 -0.010843825945893767 -0.075163157303664352 -0.041728745672575736 0.0056209894229335977 0.0050419871116389034 0.031670862324535844 0.0082749569119922265 -0.052576847436149841 -0.028305827103940244 -0.044667842936078749 -0.0049224654552580674 -0.1271900100159645 -0.0082139416532043142 -0.14834436136278611 -0.087418354187770317 -0.031695499114167469 0.0121339821758349 0.011256923287760146 -0.0068676087431629755 0.00035405975394959594 -0.13227355593252901 -0.078189262480598917 -0.013634162058243944 0.033733649200419095 -0.16171199622891436 0.017199645574742323 -0.12429643872074592 0.013826268172237395 0.0084509483385565021 -0.012517015889851423 -0.038781063525001658 -0.18563089775906244 -0.019175659207946519 0.0054584101275090245 -0.027276799708172626 -0.0066586252848710205 -0.073833933157437789 0.01406735133581451 -0.0073335230383966381 0.014370308287684468 -0.07187109333175877 -0.021075182234411464 -0.0076864811956409047 0.025193423675318388 0.0025426130588324268 0.0094882670487119354 -0.01833700969495804 -0.12829610030453364 -0.016541573139264708 0.001835335020587644 0.0021013276088884137 -0.0078245701761460035 0.0091918622692340243 -0.017488298610289939 -0.0013654298795062378 0.016416370294877036 -0.12024319160379757 -0.022119411441704463 -0.05945729753237531 -0.061852628744910571 -0.085503027183097477 -0.10671061213863522 -0.023070711061565281 -0.058477360262383281 -0.0022341989551241527 0.01568048766234538 -0.055124243385598459 0.0051651299416462402 -0.0068881338178402802 -0.011333283083236334 -0.044562222757262786 -0.11876999998763026 -0.14807726677692165 -0.027123301125248953 0.010998807345860052 0.034158044208127722 -0.015801735682884864 -0.0070526033140993266 0.014912558565881992 -0.034162991712994341 -0.0053144968074728439 -0.017024260441406341 -0.039943267714290367 -0.010605570703365848 0.00032921745634127556 -0.00066141539659268778 -0.045942979013815409 -0.16367637847350022 -0.010565845581689765 -0.0011135776266346866 -0.041381476745963902 0.0042505886865115755 0.010909263691376124 -0.0023434140526899273 -0.0073738614668448759 0.051917057088927646 0.032556338571185291 -0.028573005529259191 0.0038168099943008699
leaf_weight=2724 118 304 323 11818 327 473 18115 393 1176 22231 3184 4095 6543 22680 360 103 433 10210 142 179 3680 3948 304 2711 3398 11072 1854 11579 388 540 418 1933 119 2876 665 2103 634 31052 124 203 144 274 4451 19627 7307 3262 553 297 232 5093 204 255 2522 116 15932 101 5541 2113 156 3376 175 2941 17484 268 1164 17650 3054 745 14669 10830 686 343 884 3279 197 11366 32174 2264 1275 4058 293 14339 543 180 215 213 195 148 303 4387 779 17628 132 1096 3878 606 10146 1399 418 442 2645 395 207 1665 1817 5667 1830 20955 2283 1261 3405 4920 904 1484 106 5878 2150 1384 6155 1736 3097 179 1788 214 607 6842
leaf_count=2724 118 304 323 11818 327 473 18115 393 1176 22231 3184 4095 6543 22680 360 103 433 10210 142 179 3680 3948 304 2711 3398 11072 1854 11579 388 540 418 1933 119 2876 665 2103 634 31052 124 203 144 274 4451 19627 7307 3262 553 297 232 5093 204 255 2522 116 15932 101 5541 2113 156 3376 175 2941 17484 268 1164 17650 3054 745 14669 10830 686 343 884 3279 197 11366 32174 2264 1275 4058 293 14339 543 180 215 213 195 148 303 4387 779 17628 132 1096 3878 606 10146 1399 418 442 2645 395 207 1665 1817 5667 1830 20955 2283 1261 3405 4920 904 1484 106 5878 2150 1384 6155 1736 3097 179 1788 214 607 6842
internal_value=-0.0056751 -0.00523933 -0.128005 -0.00214075 -0.00327895 -0.00863357 -0.0164023 -0.184495 0.0160175 -0.00035283 -0.0121475 -0.0110132 -0.0078352 -0.0174122 -0.0682264 -0.00228908 -0.00292989 0.00544254 -0.0121576 -0.142235 -0.0152174 -0.0230176 -0.0366714 -0.00230576 -0.000386575 -0.00734083 -0.0228956 -0.0145644 -0.0348505 -0.0111712 -0.0408662 -0.0151045 -0.0613578 0.00266907 -0.013028 -0.00730586 -0.0632138 -0.00153061 -0.0516553 -0.10194 -0.0666252 -0.0351193 -0.0228828 0.00504 0.00765461 -0.00719875 -0.0339476 -0.0380135 -0.0159244 -0.0211155 -0.0761575 -0.122165 0.00521875 -0.0555289 0.0115905 -0.0190387 -0.024582 -0.0484144 -0.0796464 -0.0103854 -0.0518411 -0.0265356 -0.00289828 -0.01453 0.00277853 -0.00450536 0.00339692 -0.0481773 -0.0123742 -0.0149892 -0.00767612 -0.0172755 -0.017794 -0.0272718 -0.0673145 -0.0146506 0.00221531 -0.00737187 -0.0190883 0.00205668 -0.0437113 0.00211449 -0.0134459 -0.021526 -0.0670248 -0.0938974 -0.117236 -0.0317744 -0.0393391 -0.0251266 -0.0720705 -0.00632446 -0.0523218 -0.0422985 -0.00978878 -0.0167405 -0.006771 -0.033441 -0.0981803 -0.165285 -0.0299481 -0.0202201 -0.00477819 -0.0102076 0.00661025 0.00864927 -0.0285161 -0.00819182 -0.0115969 -0.0160184 -0.0220356 -0.00519576 -0.0181313 -0.0286886 -0.122002 -0.00826898 0.00525646 0.00317891 -0.00134778 -0.0123898 0.00721719 -0.0480549 0.0431047 -0.00646459 -0.00537511 0.00744509
internal_weight=519508 517665 1843 357386 336314 118834 53413 1132 21072 217480 160279 144970 96865 48105 1180 65421 45374 54810 51491 739 52233 17852 7356 162670 117775 44895 15309 44035 711 34381 1261 16339 3408 44600 40974 9079 843 64160 2686 707 347 3061 27981 61537 39306 31347 5301 4748 7381 5784 691 487 35521 2567 18108 13628 8319 2778 665 5309 2443 13455 28556 6203 1597 23966 6316 2327 40309 25894 14415 4897 16266 4016 737 12250 32501 4100 1836 7456 561 23703 10496 4075 395 564 351 8558 4023 4535 1082 56238 2152 1407 20124 6100 14024 2005 722 621 2787 15064 2176 1872 14027 12210 2173 38610 17655 10452 7054 7203 5793 2388 209 6421 2836 19679 9275 3120 10404 1275 2964 3398 31659 9364
internal_count=519508 517665 1843 357386 336314 118834 53413 1132 21072 217480 160279 144970 96865 48105 1180 65421 45374 54810 51491 739 52233 17852 7356 162670 117775 44895 15309 44035 711 34381 1261 16339 3408 44600 40974 9079 843 64160 2686 707 347 3061 27981 61537 39306 31347 5301 4748 7381 5784 691 487 35521 2567 18108 13628 8319 2778 665 5309 2443 13455 28556 6203 1597 23966 6316 2327 40309 25894 14415 4897 16266 4016 737 12250 32501 4100 1836 7456 561 23703 10496 4075 395 564 351 8558 4023 4535 1082 56238 2152 1407 20124 6100 14024 2005 722 621 2787 15064 2176 1872 14027 12210 2173 38610 17655 10452 7054 7203 5793 2388 209 6421 2836 19679 9275 3120 10404 1275 2964 3398 31659 9364
cat_boundaries=0 2 4 6 7 9 10 12 14 16 18 20 21 23 25 27 29 31 32 33 35 36 38 40 42 43 44 45 47 49 51 52 53 54 55 57 59 61 63 65 66 68 70
cat_threshold=1076413481 2133 303038466 8196 84 2 6 2375290880 9384 131072 34603008 4 407251586 8 1073774600 5 1073742880 2064 541131392 16640 159383552 2147483648 17408 92536832 40 2637824 2064 2197880832 29440 540672 64 1 134225922 76546048 8704 1048576 9437184 8704 1074298888 1 545325056 8352 268567040 2 33556480 1073790976 69 0 16896 0 16384 2050 536936578 2 1073774592 16 2 1073741824 1 579866624 24832 1048576 8192 1048576 24832 545259520 546308096 32 4456448 8
is_linear=0
shrinkage=0.03


Tree=6
num_leaves=127
num_cat=16
split_feature=0 25 21 11 12 4 4 0 23 25 22 26 2 26 0 25 4 21 25 2 22 0 25 0 27 27 25 27 27 27 25 4 25 12 0 0 27 23 32 27 25 0 21 11 25 0 2 21 4 0 26 26 31 0 22 8 4 32 25 26 27 0 25 22 22 4 4 0 23 25 4 0 25 25 0 11 32 25 12 0 25 0 0 0 4 25 25 27 27 25 4 4 25 22 25 0 12 21 21 23 25 25 0 0 0 4 0 22 0 23 31 27 0 25 25 0 27 0 0 0 0 0 25 25 25 0
split_gain=27818.8 4582.56 4440.86 9801.48 13726.3 4946.54 3778.31 3835.53 3167.35 2344.65 2277.58 2065.62 1736.48 1596.26 1348.66 1358.21 1745.16 1154.36 1128.43 1090.49 1128.14 2118.49 1089.19 1006.93 999.352 899.935 1163.3 913.928 884.629 859.743 2520.94 1855.9 854.464 740.198 711.644 710.746 705.453 700.289 658.87 634.474 648.44 617.163 612.22 605.53 593.925 837.867 614.838 592.879 589.677 719.738 866.338 657.292 932.622 1401.43 593.03 585.64 575.75 522.044 516.888 504.596 502.135 688.51 499.573 478.673 477.15 476.227 474.385 472.218 461.433 457.324 1018.17 765.509 1007.55 3896.52 452.664 451.167 450.787 438.771 428.202 459.565 844.72 419.282 415.876 402.011 510.185 536.817 1695.98 2403.47 512.992 743.295 504.925 442.083 406.942 393.731 392.274 388.488 384.805 381.771 904.801 360.171 353.905 352.994 339.491 385.694 340.171 339.434 338.915 648.698 337.736 337.527 345.202 332.817 325.389 322.261 333.808 295.494 286.494 420.826 286.362 480.232 279.955 277.876 276.315 748.563 794.528 1634.2
threshold=13030.000000000002 7.5000000000000009 0.084427561610937132 0.24372619390487674 -0.23537842929363248 0 1 19050.000000000004 0.10042453557252885 29.500000000000004 -0.11594646796584128 0.065306846052408232 2 0.14566303044557574 325.00000000000006 23.500000000000004 3 0.04543250426650048 50.500000000000007 4 -1.4639971256256101 1560.0000000000002 77.500000000000014 1715.0000000000002 0.16058247536420825 0.059944719076156623 71.500000000000014 0.058846931904554374 0.15550526976585391 0.055219287052750594 68.500000000000014 5 16.500000000000004 -0.70900321006774891 1940.0000000000002 17950.000000000004 0.12240357697010042 0.05960375256836415 0.17597246170043948 0.064750330522656455 10.500000000000002 155.00000000000003 0.090277068316936507 -0.20180235803127286 20.500000000000004 325.00000000000006 6 0.12786471098661426 7 475.00000000000006 0.1189631186425686 0.09219644591212274 0.072578333318233504 325.00000000000006 -0.081829313188791261 11.500000000000002 8 0.17156998068094256 107.50000000000001 0.091656714677810683 0.1045757830142975 1225.0000000000002 15.500000000000002 -2.3023446202278133 0.17266365140676501 9 10 225.00000000000003 0.11885417997837068 31.500000000000004 11 325.00000000000006 16.500000000000004 14.500000000000002 155.00000000000003 0.47559651732444769 0.27253690361976629 86.500000000000014 -0.099822327494621263 850.00000000000011 85.500000000000014 325.00000000000006 1225.0000000000002 1225.0000000000002 12 30.500000000000004 18.500000000000004 0.16058247536420825 0.14952706545591357 75.500000000000014 13 14 68.500000000000014 -0.096882462501525865 37.500000000000007 155.00000000000003 -0.048362832516431802 0.070677299052476897 0.070911489427089705 0.12977331131696704 76.500000000000014 30.500000000000004 850.00000000000011 425.00000000000006 325.00000000000006 15 950.00000000000011 -0.04046273045241832 225.00000000000003 0.0301526477560401 0.029300268739461902 0.053855204954743392 27950.000000000004 60.500000000000007 64.500000000000014 155.00000000000003 0.07936600968241693 61.500000000000007 950.00000000000011 155.00000000000003 155.00000000000003 10450.000000000002 26.500000000000004 15.500000000000002 19.500000000000004 950.00000000000011
decision_type=2 2 8 2 2 9 9 2 8 2 10 10 9 10 2 2 9 10 2 9 10 2 2 2 2 2 2 2 2 2 2 9 2 2 2 2 2 10 10 2 2 2 8 2 2 2 9 10 9 2 10 10 8 2 10 2 9 10 2 10 2 2 2 10 10 9 9 2 10 2 9 2 2 2 2 2 10 2 2 2 2 2 2 2 9 2 2 2 2 2 9 9 2 10 2 2 2 10 10 10 2 2 2 2 2 9 2 10 2 10 10 2 2 2 2 2 2 2 2 2 2 2 2 2 2 2
left_child=2 -2 5 4 23 13 35 -8 47 -10 12 17 65 -1 15 16 -6 67 112 38 21 63 29 25 36 26 27 81 58 30 62 -32 -19 43 -25 -3 78 94 68 105 41 -41 -12 -27 45 -34 93 -9 51 50 54 52 -44 108 -50 122 -40 82 -20 83 61 118 66 -21 -48 -5 -14 115 -13 70 71 101 73 -73 -68 -67 -59 -35 79 80 -24 113 -51 91 88 86 -86 -88 89 -85 -87 92 -31 -46 -15 -33 -17 109 -99 -39 -93 -29 103 104 -79 -18 107 -95 -54 110 120 -76 -11 -4 -115 -7 -42 -118 119 -61 -22 -36 123 -16 125 -125
right_child=1 6 3 10 14 11 7 8 9 18 42 19 22 37 55 96 39 32 28 20 97 -23 24 34 -26 33 -28 69 -30 59 31 95 44 77 121 -37 -38 99 56 40 116 -43 48 -45 46 -47 64 -49 49 57 -52 -53 53 -55 -56 -57 -58 76 -60 60 -62 -63 -64 -65 -66 75 74 -69 -70 -71 -72 72 -74 -75 111 -77 -78 102 -80 -81 -82 -83 -84 84 85 90 87 -89 -90 -91 -92 100 -94 106 -96 -97 -98 98 -100 -101 -102 -103 -104 -105 -106 -107 -108 -109 -110 -111 -112 -113 -114 114 -116 -117 117 -119 -120 -121 -122 -123 -124 124 -126 -127
leaf_value=0.043183659325718875 0.02446375783225048 -0.0012690510156098754 -0.0019494962406674723 0.0018237386928979561 0.023029278132660706 -0.019260143818800264 -0.26309407517716688 -0.0041084456463138779 -0.28015881287163263 -0.11870213563243548 0.0010788946041418513 0.0099508889500782814 -0.067103904539037529 -0.071895783764975407 0.0015085030264488375 -0.0054216199802919838 0.035211779505575767 0.018952751457027319 -0.08789571161111516 0.03452270257685866 -0.010767954315346393 -0.14101251304883808 -0.13347929773701203 -0.097628438971081713 -0.00080739367446958142 0.0068267262086161079 0.020236180321304923 0.013915544201696221 -0.22269372220183239 -0.0084440788415400033 -0.015216734434589338 -0.12707854671588123 -0.014674985226181545 0.00039485933879044173 -0.034005441153569439 -0.087138419825369143 -0.116274493917309 0.021598483206142036 -0.021597680067903097 -0.016521019981020974 -0.021138154248840628 -0.076809889870667725 -0.013792544779581129 0.00048613439364949537 0.0097362307737513133 -0.089135220970426282 -0.0084860180047295567 -0.096971040162181735 -0.028419591219034864 -0.021481901601718489 0.023005445013627862 -0.0079762317529481069 -0.089911232636989954 -0.018000910467670071 -0.00042934544922408569 -0.0040015064811961291 0.0042428530974685501 -0.0083760157324418091 -0.17177743559727421 -0.048210662315599617 0.0044088516829024456 -0.10523407510839974 -0.018603443981088669 -0.02362704273242525 0.012079417691919184 -0.004850606792499621 -0.0038216004869546078 0.0094819691534595262 0.025205977970847546 0.012683711695722527 0.011494805055671362 0.015741942703828282 -0.0033363723826021034 -0.1441179173225644 -0.086157806116930191 -0.015415500043362923 -0.025961843858125458 -0.025801596913163635 -0.020699842366499119 -0.041024034300533932 -0.041076661853217761 0.00727847643677439 -0.076694218203172848 -0.016971326149139921 -0.014444019765357257 -0.033638205258581168 -0.036993939676058456 -0.21895675688982008 -0.010100852610959851 -0.052419741746889778 -0.0066410168796367007 -0.017364235806853961 0.023055294949837307 -0.076310932745345894 -0.0059326871869758721 -0.080654525335868532 -0.014858302716322373 -0.088920436268899491 -0.005714829470403437 -0.010133522216763741 0.00090560245863230524 -0.038356608240389313 -0.0035896927366782794 -0.040053664209102398 0.0057956160596445757 -0.002987363381309388 0.0084298229062214226 -0.0085615715985330292 -0.051614035997988653 0.0055335447849549375 -0.027062047294936581 -0.027697773896730862 -0.049076548120297415 -0.031320635220996457 0.0013141938897330563 -0.038012800749815077 -0.052983367804851793 0.0026247826939075759 -0.043678919725829622 0.0079824288852978487 0.031779008421030909 0.0077093639467533774 -0.0077502376756775748 -0.059005046906457588 -0.012254325098281407 -0.00082775396362090917
leaf_weight=2860 176 159 7962 2663 1975 2163 258 153 129 143 4864 11971 387 104 2404 4212 218 1344 123 146 378 136 147 121 586 36098 5676 768 173 4170 344 292 613 33849 378 190 115 3148 887 314 1527 298 6017 21707 3650 174 17511 103 787 405 1283 6992 295 1646 5029 40793 6153 20264 153 239 282 129 6405 959 1077 5485 393 379 2097 13675 4042 289 577 260 141 10809 1402 613 724 1785 227 4248 176 1917 384 1907 158 111 4361 737 927 15213 404 154 358 387 50960 122 2696 358 1018 136 3759 561 612 4755 614 711 721 7941 621 233 108 728 460 1166 134 1320 883 318 219 231 79255 1058 5719 737
leaf_count=2860 176 159 7962 2663 1975 2163 258 153 129 143 4864 11971 387 104 2404 4212 218 1344 123 146 378 136 147 121 586 36098 5676 768 173 4170 344 292 613 33849 378 190 115 3148 887 314 1527 298 6017 21707 3650 174 17511 103 787 405 1283 6992 295 1646 5029 40793 6153 20264 153 239 282 129 6405 959 1077 5485 393 379 2097 13675 4042 289 577 260 141 10809 1402 613 724 1785 227 4248 176 1917 384 1907 158 111 4361 737 927 15213 404 154 358 387 50960 122 2696 358 1018 136 3759 561 612 4755 614 711 721 7941 621 233 108 728 460 1166 134 1320 883 318 219 231 79255 1058 5719 737
internal_value=-0.00556999 -0.121102 -0.00515256 -0.00625859 -0.00365408 0.00183292 -0.136249 -0.159095 -0.134146 -0.162608 -0.0138426 -0.000761353 -0.0175753 0.0261012 -0.00875018 -0.0122528 -0.00238526 -0.00657484 -0.140576 0.00424433 -0.00251348 -0.0297309 -0.0207651 0.00363807 -0.0366411 0.00382677 0.00768792 0.00553851 -0.169114 -0.019406 -0.0278701 -0.0720486 -0.00432883 0.00228457 -0.0314776 -0.0481328 -0.0436427 0.013781 0.00847322 -0.00824691 -0.0178505 -0.0459548 -0.00903202 0.00444575 -0.0056065 -0.0312298 -0.00475496 -0.0417031 -0.0101245 -0.00761496 0.000702077 -0.0148231 -0.0203376 -0.0351208 -0.00422112 -0.00697911 0.000984488 -0.0102688 -0.134848 -0.0172145 -0.0324347 -0.0390553 -0.0218825 -0.0159196 -0.00728994 -0.00993218 -0.04005 -0.0222261 0.0122265 0.00964169 0.00278967 -0.0145405 -0.0310364 -0.0600902 -0.0263299 -0.0118596 -0.00951513 -0.000886683 -0.0407062 -0.0474025 -0.0776544 -0.000509328 -0.0383102 -0.0163136 -0.0210994 -0.030479 -0.0549941 -0.112612 -0.0164334 -0.0268312 -0.0248129 -0.0138969 -0.00565746 0.00443722 -0.0209047 -0.100776 -0.014138 0.000306816 -0.00934732 0.0183563 -0.0162184 0.0060179 -0.00870842 -0.0194738 -0.010024 -0.0013061 -0.0086079 -0.0206975 -0.0628113 0.00327785 -0.0114211 -0.0499085 -0.0890573 -0.00412531 -0.0186938 -0.0258378 -0.0120672 -0.00253293 -0.0330578 -0.0161723 0.00486677 -0.0181959 -0.00834119 -0.0130622 -0.0177235 -0.0351321
internal_weight=519169 1868 517301 446591 332429 70710 1692 1343 1085 829 114162 63882 64281 6828 195679 65713 10541 29556 700 34326 13218 1241 45324 136750 3584 136020 38821 33145 449 41740 8582 1023 25848 97199 730 349 2998 3968 21108 8566 3593 612 49881 57805 24504 787 23717 256 45017 29346 7099 15671 8679 2662 5816 129966 7040 22247 276 33158 1851 1569 7559 1105 18588 18957 1154 3708 14068 19747 6072 2030 1126 549 767 16294 21666 39394 2883 2159 374 13398 581 31307 10502 3487 653 269 7015 2654 2834 20805 4574 5129 462 679 55172 11977 2818 3506 16231 904 5545 1786 1225 4973 1479 865 1016 9159 1218 374 251 9150 1188 3329 2981 1454 1440 557 597 609 89173 9918 7514 1795
internal_count=519169 1868 517301 446591 332429 70710 1692 1343 1085 829 114162 63882 64281 6828 195679 65713 10541 29556 700 34326 13218 1241 45324 136750 3584 136020 38821 33145 449 41740 8582 1023 25848 97199 730 349 2998 3968 21108 8566 3593 612 49881 57805 24504 787 23717 256 45017 29346 7099 15671 8679 2662 5816 129966 7040 22247 276 33158 1851 1569 7559 1105 18588 18957 1154 3708 14068 19747 6072 2030 1126 549 767 16294 21666 39394 2883 2159 374 13398 581 31307 10502 3487 653 269 7015 2654 2834 20805 4574 5129 462 679 55172 11977 2818 3506 16231 904 5545 1786 1225 4973 1479 865 1016 9159 1218 374 251 9150 1188 3329 2981 1454 1440 557 597 609 89173 9918 7514 1795
cat_boundaries=0 1 2 3 4 5 6 7 8 9 10 11 12 13 14 15 16
cat_threshold=2 1 2 2 6 1 4 1 1 4 2 1 4 1 1 4
is_linear=0
shrinkage=0.03


Tree=7
num_leaves=127
num_cat=42
split_feature=0 5 5 5 5 12 5 0 5 5 13 11 31 5 5 2 5 2 0 0 5 5 25 0 23 11 5 22 25 0 0 5 0 25 23 25 25 0 5 12 5 5 0 5 25 11 22 12 0 0 0 31 0 5 0 25 31 23 25 2 0 5 5 0 0 0 22 25 25 25 23 0 5 25 0 23 0 0 30 20 5 26 0 0 3 26 12 12 3 0 5 25 5 25 25 11 23 2 29 3 25 23 0 11 5 0 5 5 0 5 11 3 5 5 0 0 0 5 25 25 0 0 5 0 5 23
split_gain=25419.8 11100.6 8890.19 5661.79 5493.09 3676.53 3088.14 2691.87 3835.94 2602.15 2507.58 6167.33 4512.79 3416.89 2325.41 2105.12 2055.25 1897.45 2035.57 4310.04 2412.59 1809.57 1798.1 5656.26 1763.04 1604.93 1596.31 1592.64 1798.93 1556.08 1414.38 1370.24 2362.99 1277.45 1264.49 1243.89 1214.44 1156.33 1138.08 1112.74 1353.18 1053.74 2222.12 987.477 948.526 979.553 1746.25 1291.11 907.029 4260.5 826.376 825.861 823.848 1549.05 3949.26 2288.86 788.245 786.664 775.886 774.281 968.474 1815.72 1004.84 1371.86 744.932 737.697 732.797 731.395 642.433 744.975 697.54 810.692 721.117 636.304 621.826 1411.22 1159.25 621.524 608.721 607.048 580.341 571.887 542.914 535.453 860.285 533.047 528.235 620.561 528.125 524.966 517.04 513.514 509.571 795.429 493.635 491.833 488.988 484.923 482.211 474.262 1164.16 474.008 471.346 471.316 469.291 460.011 1361.73 457.203 453.514 2977.51 449.578 680.104 446.227 439.007 441.425 430.214 424.586 828.896 737.994 698.696 433.786 424.376 625.619 779.184 417.422 560.328
threshold=13030.000000000002 0 1 2 3 -0.11692317575216292 4 180.00000000000003 5 6 38.500000000000007 0.24372619390487674 0.10081434622406961 7 8 9 10 11 950.00000000000011 850.00000000000011 12 13 49.000000000000007 615.00000000000011 0.093464292585849776 0.24372619390487674 14 -2.3023446202278133 63.500000000000007 1940.0000000000002 17950.000000000004 15 325.00000000000006 59.500000000000007 0.038110742345452316 38.500000000000007 50.500000000000007 325.00000000000006 16 -0.42958799004554743 17 18 850.00000000000011 19 117.50000000000001 0.24372619390487674 -1.4639971256256101 -0.42958799004554743 425.00000000000006 475.00000000000006 1715.0000000000002 0.047392372041940696 325.00000000000006 20 950.00000000000011 17.500000000000004 0.058672610670328147 0.07194120436906816 74.500000000000014 21 715.00000000000011 22 23 1615.0000000000002 61.500000000000007 325.00000000000006 -0.60177782177925099 75.500000000000014 77.500000000000014 88.500000000000014 0.07194120436906816 1225.0000000000002 24 80.500000000000014 475.00000000000006 0.058227287605404861 155.00000000000003 90.000000000000014 0.049045160412788398 90.500000000000014 25 0.051265493035316474 615.00000000000011 325.00000000000006 26 0.013495144899934532 0.69521084427833568 0.94636487960815441 27 225.00000000000003 28 56.500000000000007 29 85.500000000000014 51.500000000000007 -0.39036798477172846 0.051437802612781532 30 0.040852611884474761 31 38.500000000000007 0.12481230497360231 90.000000000000014 -0.4218058288097381 32 475.00000000000006 33 34 155.00000000000003 35 0.42958675324916845 36 37 38 45.000000000000007 1560.0000000000002 950.00000000000011 39 76.500000000000014 77.500000000000014 325.00000000000006 615.00000000000011 40 155.00000000000003 41 0.05960375256836415
decision_type=2 9 9 9 9 2 9 2 9 9 2 2 8 9 9 9 9 9 2 2 9 9 2 2 8 2 9 10 2 2 2 9 2 2 10 2 2 2 9 2 9 9 2 9 2 2 10 2 2 2 2 8 2 9 2 2 10 8 2 9 2 9 9 2 2 2 8 2 2 2 8 2 9 2 2 10 2 2 10 2 9 10 2 2 1 10 2 2 1 2 9 2 9 2 2 2 8 9 8 1 2 10 2 2 9 2 9 9 2 9 2 1 9 9 2 2 2 9 2 2 2 2 9 2 9 10
left_child=1 4 6 5 34 14 24 8 25 -9 11 39 21 90 -3 26 -17 31 19 20 77 124 23 35 -2 -6 -15 28 -27 44 -4 32 -7 -24 110 -22 -26 80 -20 40 59 67 82 95 45 47 57 91 104 -50 94 85 89 54 55 -54 58 -47 -40 65 61 -61 -62 -64 113 -5 -66 121 70 83 71 -53 -72 -38 75 76 78 98 -35 -65 108 -76 -43 84 -70 107 -32 -88 -85 -16 97 -11 -84 -94 -44 -39 -90 -14 -19 100 -25 -79 -42 -21 -45 106 -63 -33 109 -12 -1 -112 -51 114 -10 -55 117 -104 -118 -120 -119 122 -18 -124 125 -13
right_child=2 3 30 10 7 17 -8 9 64 29 37 12 13 15 52 16 41 18 38 103 22 -23 33 99 36 27 -28 -29 -30 -31 86 51 -34 74 -36 -37 73 43 56 -41 102 42 50 48 -46 46 -48 -49 49 112 -52 68 53 115 -56 -57 -58 -59 -60 60 62 105 63 79 66 -67 -68 -69 69 -71 72 -73 -74 -75 81 -77 -78 101 -80 -81 -82 -83 92 88 -86 -87 87 -89 96 -91 -92 -93 93 -95 -96 -97 -98 -99 -100 -101 -102 -103 116 -105 -106 -107 -108 -109 -110 -111 111 -113 -114 -115 -116 -117 118 120 119 -121 -122 -123 123 -125 -126 -127
leaf_value=0.019372790760823818 -0.023854549129085599 0.005318720018802286 0.013049764602040267 -0.0026011330501695636 -0.013417959556913241 -0.015883394317894147 -0.24166043178707211 0.013178495983911369 0.032758012246340507 0.0043932918919116024 -0.12864177033732954 -0.023860619592935194 0.0041758937658372573 0.0070428342090765464 -0.0094621888710654072 -0.081898333969669751 -0.019476984004861607 -0.058676510922739213 0.011922466716368639 -0.11158426421672799 -0.023054753843695597 -0.0070307888267783138 -0.006127467828061217 -0.079112178505839487 -0.088479664681562736 -0.031658786866410889 -0.025645544021466654 -0.020813508522805363 -0.097488569162409652 -0.06469213452155774 -0.030060460135831451 0.011970460359753129 -0.12636988260964541 -0.030317441641292655 0.041951988734129614 -0.092030801390048475 -0.22853676923683711 -0.013954402291053485 -0.022112527869588387 -0.0031404499365309114 -0.034135804394458895 -0.051798888956530953 -0.010757909813834227 0.014555612394453181 0.01764860112294132 -0.073330598232925537 0.0021410647634556887 -0.00074026269906041935 -0.17837635275033806 -0.0096360413943665253 -0.1026128037986548 -0.016368762057522933 -0.14904548118932773 -0.014134655332501583 0.031562370028422805 -0.013102690094127888 -0.03606915811752013 -0.012654667610509072 -0.00089343094704869442 -0.00089276114030704132 -0.0088692204254691032 -0.012565729688709745 0.0075014752604479779 -0.017782750589574133 0.023367218669684942 0.015075103157923177 0.00073987332972119484 -0.040089978492808848 -0.056261303013330197 -0.0087745434913937669 0.0078139509596271469 -0.10848508580241885 -0.01258240905444015 -0.14946157552875006 -0.030054329048708202 -0.10136247395266648 -0.047700492248092065 -0.002499915230059858 0.001078411389507659 -0.12050769088403235 -0.01935824148050061 0.0016984550268797881 -0.032726149199895457 -0.0086021824021906678 -0.0016479630963897509 0.0017573634257239332 -0.15261974494391625 -0.053430585588623833 0.022109913485990444 0.01207366103887462 -0.012066279176151055 0.013634024096912493 -0.13352064503897584 -0.055925287541064468 -0.033854836737197719 -0.005097451262961252 -0.035554005179323472 -0.012873998667813916 -0.018812357152533595 -0.20025856753190358 -0.19652070573035707 -0.041998994723830563 0.019486635374323848 -0.19589848983578564 -0.00049223202448168025 -0.023392689382842377 -0.10019657149027621 -0.036976479841970014 -0.005857458015996431 -0.012250255396589471 -0.068149377923135246 0.024224206120216925 -0.0018784034607481931 -0.046315340384918857 -0.015623502353446731 0.015130591802716923 0.0054713121275451627 0.0005203490488443239 -0.090419087407874382 0.0011339285475842188 0.012232412117366327 -0.010840090938640877 -0.0087394528991533715 -0.11442999880488326 0.0025527543516577858 0.019240384732388809
leaf_weight=4152 120 10676 328 3725 7164 521 387 18534 191 12642 198 300 4394 2448 2431 734 1013 347 1421 128 1380 43372 1670 170 200 828 2967 2047 682 324 166 234 261 2213 3054 283 153 22216 3396 31368 234 468 1116 2641 3001 195 15017 38637 129 15155 137 224 353 13472 293 163 1592 10358 2854 5756 5989 379 11840 102 1392 4945 17111 1500 1130 2633 1810 139 11113 259 2251 315 3666 3743 742 105 13782 660 137 1503 337 4896 108 122 141 1752 12028 9465 371 178 3295 7566 2015 2267 1278 143 140 294 7092 122 6293 2480 280 622 7526 3873 135 151 11949 360 1465 467 12794 5659 141 159 5725 3591 102 163 11479 2778
leaf_count=4152 120 10676 328 3725 7164 521 387 18534 191 12642 198 300 4394 2448 2431 734 1013 347 1421 128 1380 43372 1670 170 200 828 2967 2047 682 324 166 234 261 2213 3054 283 153 22216 3396 31368 234 468 1116 2641 3001 195 15017 38637 129 15155 137 224 353 13472 293 163 1592 10358 2854 5756 5989 379 11840 102 1392 4945 17111 1500 1130 2633 1810 139 11113 259 2251 315 3666 3743 742 105 13782 660 137 1503 337 4896 108 122 141 1752 12028 9465 371 178 3295 7566 2015 2267 1278 143 140 294 7092 122 6293 2480 280 622 7526 3873 135 151 11949 360 1465 467 12794 5659 141 159 5725 3591 102 163 11479 2778
internal_value=-0.00532068 -0.00492474 -0.116508 -0.00768881 0.00205489 -0.0144356 -0.168944 0.000709084 -0.00704785 0.00294937 -0.00565216 -0.00371942 -0.00918366 -0.017382 -0.00587654 -0.0266235 -0.0332645 -0.0189321 -0.0243204 -0.0298188 -0.0282104 -0.00395993 -0.0350424 -0.0604866 -0.127491 -0.0215799 -0.0108835 -0.0380708 -0.061436 0.000832682 -0.0325636 -0.0132893 -0.0522069 -0.0303932 0.0270601 -0.034841 -0.149819 -0.00974999 -0.0127431 0.00152717 0.00369933 -0.0302354 -0.0396604 -0.00765571 0.0010712 0.000494628 -0.00443111 0.00256814 -0.00432021 -0.00704248 -0.0302842 -0.0121326 -0.0121863 -0.0155256 -0.0556483 -0.106211 -0.0172068 -0.0137827 -0.0124247 -0.000319269 -0.00282976 -0.0109312 0.00116451 0.00615521 0.000555954 0.0074726 0.00244332 -0.0217435 -0.0148904 -0.0217494 -0.0108834 -0.0518431 -0.00972899 -0.179309 -0.0345075 -0.0393931 -0.03643 -0.0116746 -0.0224363 -0.0702185 -0.0151916 -0.022857 -0.0768982 -0.0284111 -0.0437252 -0.00206284 -0.0711023 -0.100465 -0.0222609 -0.000441423 -0.00835284 0.0083501 -0.0939211 -0.106572 -0.028015 -0.0117006 -0.0317743 -0.00163851 -0.0273557 -0.15435 -0.132597 -0.00538618 0.0081951 -0.153346 0.00397297 -0.0292365 -0.0516028 -0.0238896 -0.0102132 -0.0182874 0.0168662 -0.0194642 -0.00622047 -0.0167563 -0.00996672 -0.0131437 0.00851252 0.0114413 0.00437933 -0.0420534 0.00640526 -0.0161291 -0.0309704 -0.0712561 0.0051907 0.0149845
internal_weight=519681 517838 1843 370933 146905 85994 1119 139413 31240 108173 284939 193611 94838 36909 29607 18220 12805 56387 28808 19545 19295 57929 13633 2116 732 10721 5415 3557 1510 89639 724 27579 782 11517 7492 1663 612 91328 9263 98773 67405 12071 5702 65949 89315 86314 25570 60744 36167 27233 4548 26797 18931 14748 809 516 7842 10553 6250 35601 26931 8895 18036 12047 20519 8670 18503 6369 21045 7759 13286 363 12923 412 9847 6936 6621 5662 2955 207 25379 2911 1154 5126 1467 5752 396 230 3659 4183 18689 22107 686 549 4411 29782 2156 6661 1625 453 310 4037 31804 250 8934 3139 659 856 11597 4071 4438 286 27104 2016 1656 13939 31570 18476 13094 300 11384 4869 1278 265 14557 3078
internal_count=519681 517838 1843 370933 146905 85994 1119 139413 31240 108173 284939 193611 94838 36909 29607 18220 12805 56387 28808 19545 19295 57929 13633 2116 732 10721 5415 3557 1510 89639 724 27579 782 11517 7492 1663 612 91328 9263 98773 67405 12071 5702 65949 89315 86314 25570 60744 36167 27233 4548 26797 18931 14748 809 516 7842 10553 6250 35601 26931 8895 18036 12047 20519 8670 18503 6369 21045 7759 13286 363 12923 412 9847 6936 6621 5662 2955 207 25379 2911 1154 5126 1467 5752 396 230 3659 4183 18689 22107 686 549 4411 29782 2156 6661 1625 453 310 4037 31804 250 8934 3139 659 856 11597 4071 4438 286 27104 2016 1656 13939 31570 18476 13094 300 11384 4869 1278 265 14557 3078
cat_boundaries=0 2 4 6 8 10 11 12 14 16 17 18 19 21 23 25 26 28 30 32 34 35 36 38 40 42 44 45 46 48 49 50 51 53 54 55 57 58 60 61 63 65 66
cat_threshold=423897686 170 303038466 8196 574505 2112 16 2 34603008 4 4194818 4194374 2754613376 17680 1057 2048 2 131072 10 32777 64 42074112 8193 8519680 8708 1 524320 64 614600832 261 1073807360 4101 3760193536 28688 524288 2 4224 261 0 260 32768 64 102764672 1792 2 2 2149584896 17408 33554432 6 2 9437184 4 69206016 8 0 512 2 101842944 1028 68 3222274048 24576 1073741824 1 131072
is_linear=0
shrinkage=0.03


Tree=8
num_leaves=127
num_cat=15
split_feature=0 13 13 21 4 0 4 0 26 12 30 0 26 31 0 29 27 12 21 0 0 2 26 29 27 21 12 31 4 0 13 21 4 30 20 2 2 12 31 3 0 27 21 31 24 31 0 12 27 21 20 32 23 32 0 31 0 4 26 31 26 32 0 31 12 13 0 30 3 21 31 0 0 30 0 27 20 30 26 26 32 21 26 26 27 0 0 3 26 26 0 0 4 26 27 32 26 12 30 12 23 31 32 21 31 4 20 27 0 12 4 0 21 0 30 12 20 0 16 12 0 27 24 9 3 12
split_gain=22728.5 4024.51 9109.04 9385.95 4119.87 2917.6 3670.02 2218.95 2200.59 1897.96 1757.43 1622.02 1534.27 1290.09 1273.25 1052.11 947.496 961.564 868.955 846.385 1079.99 842.767 834.465 2337.56 811.39 1413.7 789.462 782.214 777.672 773.085 768.847 725.548 705.26 704.152 699.753 657.934 636.422 595.911 594.259 570.604 562.616 560.989 539.244 533.554 529.226 490.087 466.807 465.826 448.198 574.073 445.241 437.019 434.785 434.406 455.327 426.43 504.343 420.791 413.366 427.147 407.084 406.121 406.048 400.63 405.286 392.898 391.242 390.66 373.697 364.572 364.13 348.691 345.472 342.617 342.011 345.854 332.929 331.026 347.921 948.555 321.282 345.211 321.143 317.292 311.648 592.825 309.969 306.143 305.764 556.611 305.113 3257.54 809.649 569.158 500.01 411.34 377.24 301.196 300.618 296.013 295.998 1090.45 375.576 389.879 295.284 281.242 312.63 303.058 465.719 296.964 290.336 278.411 277.913 277.627 281.689 277.245 272.345 268.224 262.3 328.652 261.15 623.516 259.937 299.748 294.59 296.046
threshold=13030.000000000002 39.500000000000007 25.500000000000004 0.090277068316936507 0 16530.000000000004 1 17950.000000000004 0.15426263213157657 -0.42958799004554743 0.092384941875934615 180.00000000000003 0.11226299405097963 0.048018604516983039 180.00000000000003 0.0429714322090149 0.086274277418851866 -0.16799793392419812 0.070677299052476897 1615.0000000000002 1940.0000000000002 2 0.35431678593158727 0.04237759672105313 0.055219287052750594 0.119902141392231 -0.9711191952228545 0.050817217677831657 3 1615.0000000000002 41.500000000000007 0.091295003890991225 4 0.11661468073725702 77.500000000000014 5 6 0.80798786878585827 0.092057604342699065 7 1255.0000000000002 0.064750330522656455 0.11373248696327211 0.048095963895320899 1.0179035663604739 0.046168554574251182 2125.0000000000005 -0.89787882566452015 0.05270845256745816 0.072343215346336379 97.500000000000014 0.17279341816902163 0.0301526477560401 0.17279341816902163 950.00000000000011 0.026727755554020408 155.00000000000003 8 0.032988865859806545 0.065399166196584715 0.065306846052408232 0.21750915795564654 950.00000000000011 0.054488249123096473 -0.89787882566452015 26.500000000000004 325.00000000000006 0.088881377130746855 9 0.067548755556345 0.076490640640258803 155.00000000000003 1560.0000000000002 0.058018375188112266 325.00000000000006 0.058846931904554374 88.500000000000014 0.072865519672632231 0.012562177609652283 0.0035787933738902216 0.22439286112785342 0.099363710731267943 0.33039350807666784 0.1111494228243828 0.051913643255829818 325.00000000000006 325.00000000000006 10 0.085782110691070571 0.10922185331583024 715.00000000000011 950.00000000000011 11 0.15386056900024417 0.052256155759096153 0.27253690361976629 0.15426263213157657 -0.90892156958580006 0.064753670245409026 0.99895980954170238 0.12977331131696704 0.072386119514703764 0.17203700542449954 0.11826425418257715 0.024274144321680072 12 71.500000000000014 0.095947422087192549 950.00000000000011 -0.61915585398674 13 45.000000000000007 0.041184321045875556 135.00000000000003 0.13061291724443438 0.51849433779716503 66.500000000000014 90.000000000000014 14.500000000000002 -0.9711191952228545 950.00000000000011 0.089248880743980422 1.0011367201805117 3.5000000000000004 14 0.58307701349258434
decision_type=2 2 2 8 9 2 9 2 8 2 10 2 10 10 2 10 2 2 10 2 2 9 10 10 2 10 2 10 9 2 2 8 9 8 2 9 9 2 10 1 2 2 10 10 2 10 2 2 2 10 2 10 10 8 2 10 2 9 10 10 10 10 2 10 2 2 2 10 1 10 8 2 2 10 2 2 2 10 10 10 10 10 10 10 2 2 2 1 8 8 2 2 9 10 2 10 10 2 10 2 10 10 10 10 10 9 2 2 2 2 9 2 10 2 10 2 2 2 2 2 2 2 2 2 1 2
left_child=1 2 3 4 13 -2 8 -8 12 29 15 24 -7 45 28 71 33 19 21 26 -21 104 52 -24 25 63 -18 43 -3 35 44 -19 -16 42 -32 41 77 68 70 53 118 74 51 -20 65 -1 76 116 -45 -50 -11 58 55 54 -35 56 -23 -26 -13 -60 62 -27 -29 64 -5 -10 83 84 120 -38 100 -6 105 -71 75 -4 -31 -17 79 -79 81 -59 -68 -62 -44 -86 88 -81 -55 -90 92 -92 97 95 -94 -93 -95 -88 -53 -49 102 -102 -33 -104 -12 107 109 -28 -109 110 -107 -30 -73 114 -65 -72 -41 -51 -37 -120 121 -34 -66 124 -124 -126
right_child=5 14 9 11 10 6 7 -9 30 50 18 16 -14 -15 32 36 17 31 27 20 -22 22 23 -25 57 61 72 60 111 46 34 38 37 39 -36 40 69 -39 -40 47 -42 -43 67 48 -46 -47 -48 99 49 117 -52 98 -54 86 -56 -57 -58 80 59 -61 66 -63 -64 113 122 -67 82 -69 -70 73 115 112 -74 -75 -76 -77 -78 78 -80 87 -82 -83 -84 -85 85 -87 90 -89 89 -91 91 93 94 96 -96 -97 -98 -99 -100 -101 101 -103 103 -105 -106 106 -108 108 -110 -111 -112 -113 -114 -115 -116 -117 -118 -119 119 -121 -122 -123 123 -125 125 -127
leaf_value=0.026947790880109602 -0.24490793221188287 0.0050867408467473044 -0.002182715756489539 -0.015007368911740085 -0.014006422218237181 -0.13403836841108621 0.011523803395794289 -0.098300763378972589 -0.16600463353293507 -0.0060425287692314981 0.023836713315615168 -0.055728047469248004 -0.00088072607996842725 0.010352521793804923 -0.010533595470628676 0.009641701047179322 -0.0023663228038420972 -0.071303533359007396 0.00090448710196061024 -0.14427926798333537 -0.022241286723928656 -0.012063861008534493 -0.0042207237804996354 -0.16461428804642389 0.0097649729941561066 -0.096489335667145876 -0.010335311272240251 -0.06805453703415637 0.0098911371560215355 -0.024470785242676929 -0.075655267390472278 -0.046832677796706919 -0.0070654592887344379 0.01456674595577799 -0.17010911439303997 0.00064673068974816796 -0.010413669752811152 -0.0028283126809363281 -0.019933973963646486 0.0081202661774524079 0.022486297438821093 -0.0016510321851187124 -0.014264893338503009 -0.0073785002360749309 -0.13121285660137044 0.050076794835196725 -0.0080149172420745148 -0.02419210529427708 -0.073083477632935379 -0.06872976362417367 0.0010124733568575514 0.0045409551889254674 0.0038048461488191421 0.021740873120527002 -0.051480828852989109 -0.024830935185059879 0.032240270420169352 -0.01034695869735607 -0.012215241577164644 -0.064153754189166259 -0.012514615876854148 -0.039965779714761895 0.0030553946686400608 -0.00028228313914230145 -0.023797384680242131 -0.24076911241128182 0.010715168690237219 -0.0097704119092812229 -0.0040133898321680324 0.0094289994672803988 -0.012434127705896332 -0.043364321572832688 0.0051791367700557509 -0.0059987706001824962 0.012422603211757617 0.00907147806124106 -0.095813419468402855 0.019972848526335185 0.0029576431106720837 -0.038242249275180731 0.015120510916987604 -0.028812481846341366 -0.017052012053819277 0.007363191620732997 -0.050077372483522203 -0.021526980216356011 0.0032677704150076946 -0.1001945059615023 -0.070909248228303912 -0.0090855656670057426 -0.16115056930995331 0.00035239472234806056 0.017283192743099449 -0.050658721028057914 0.0015246020837784353 -0.032099262052895254 -0.013864929784587641 -0.0096639300610703652 -0.0085378659766629974 -0.0016101763705428018 -0.0028806634908251643 -0.045707366823448434 0.00021965038790776537 -0.014889031509655766 0.008599266549936967 -0.028183817043855551 -0.01341445171664573 -0.0523172039636709 -0.023125022102546348 -0.015556803181687607 -0.016453245539065981 -0.015938777675534862 -0.018396909225201423 0.012901179550701731 -0.061381539357335937 0.00073691436394490099 -0.013450750320480438 -0.020138762310346323 -0.0010273201148517635 0.0054730525490561434 -0.0079060700121747571 -0.021307509783805141 -0.029198246298444239 -0.027708646016588182 -0.072233607635884739 -0.022547529113102465
leaf_weight=2358 136 1735 3454 2870 3146 161 318 344 113 22278 1228 252 150 3994 46234 3726 3271 164 1590 105 171 722 370 104 759 303 737 146 380 113 130 207 6090 129 161 29799 11135 33544 3259 1000 1334 4504 2048 1379 100 1272 365 3353 241 109 12606 2081 8972 281 341 1053 339 2662 2304 151 1962 187 142 168 4391 190 4504 2852 14415 1863 1785 823 572 4247 17277 8515 124 251 1316 251 307 1386 408 1143 892 2465 2091 101 132 9129 121 7044 2490 292 6650 369 1753 7204 6584 619 1356 883 3816 2573 16754 5284 10693 725 1536 6998 2973 28238 787 454 113 7389 1111 1497 8608 37467 22078 5071 445 1711 488 140
leaf_count=2358 136 1735 3454 2870 3146 161 318 344 113 22278 1228 252 150 3994 46234 3726 3271 164 1590 105 171 722 370 104 759 303 737 146 380 113 130 207 6090 129 161 29799 11135 33544 3259 1000 1334 4504 2048 1379 100 1272 365 3353 241 109 12606 2081 8972 281 341 1053 339 2662 2304 151 1962 187 142 168 4391 190 4504 2852 14415 1863 1785 823 572 4247 17277 8515 124 251 1316 251 307 1386 408 1143 892 2465 2091 101 132 9129 121 7044 2490 292 6650 369 1753 7204 6584 619 1356 883 3816 2573 16754 5284 10693 725 1536 6998 2973 28238 787 454 113 7389 1111 1497 8608 37467 22078 5071 445 1711 488 140
internal_value=-0.00526901 -0.00489792 -0.00314277 -0.00710933 0.00117619 -0.111569 -0.10055 -0.0456073 -0.13666 0.0026144 -0.0010953 -0.0119059 -0.0700231 0.0221214 -0.00889125 -0.00698719 -0.0106799 -0.0135843 0.00272277 -0.0167927 -0.069022 0.00557608 -0.000746849 -0.039685 -0.0207522 -0.0252495 -0.0163509 -0.00370141 -0.0144131 0.00452419 -0.166378 -0.00863402 -0.0075759 -0.0081964 -0.128317 0.00470825 -0.00431906 -0.00589168 -0.00814744 -0.00609268 0.00317942 0.0082021 -0.0129232 -0.013319 -0.193475 0.0350641 -0.0293529 -0.0146232 -0.0203274 -0.0299861 -0.00349311 -0.00868498 0.000920772 -0.0047277 -0.0333604 -0.0113155 0.00210878 -0.0108384 -0.0192048 -0.0154347 0.00187669 -0.0750434 -0.0331041 -0.0229794 -0.0245436 -0.213524 0.0031373 -0.0187586 -0.0080479 -0.00717859 -0.0060135 -0.0198249 -0.0179005 -0.00129392 0.00972234 0.00582384 -0.0620435 0.00442116 -0.00569193 -0.0245426 -0.0144306 -0.0166749 0.00840577 -0.00519726 -0.0234986 -0.0291259 -0.0043685 -0.0562518 -0.00903817 -0.00997432 -0.00277767 -0.00712073 -0.000520714 -0.00513333 0.00581912 -0.00126708 -0.0191408 -0.00675478 -0.00539667 -0.0206742 -0.0103601 -0.0197832 -0.00715888 -0.00586635 0.00963575 -0.0183567 -0.0173502 -0.02706 -0.0325046 -0.0201079 -0.0239626 -0.0155955 -0.0311787 -0.00159669 -0.024983 -0.00182687 -0.00323336 -0.0234774 0.0028401 0.00425862 -0.0097974 -0.0135377 -0.0283555 -0.0355336 -0.0479738 -0.0612105
internal_weight=518584 516781 358996 212552 77933 1803 1667 662 1005 146444 70309 134619 311 7624 157785 27646 118235 54497 42663 33065 276 29542 11560 474 16384 11270 32789 13121 30353 111560 694 21432 127432 63738 291 110958 22890 81198 21268 44109 77208 33750 19629 4816 403 3630 602 6083 3226 1847 34884 11372 11086 38026 470 2114 1061 5114 2707 2455 8305 490 288 10780 10045 303 8017 8257 47654 17245 18009 4756 29518 6110 29246 11969 237 5645 1919 603 4355 4048 4912 3105 5405 3357 37556 352 9542 9261 28014 9579 18435 9458 9140 7413 2045 9295 8665 3972 8835 2239 6596 6389 17982 28946 25948 2998 2261 15255 8257 28618 1610 735 281 9174 2111 1606 75874 46075 33239 11161 7175 2784 1073 628
internal_count=518584 516781 358996 212552 77933 1803 1667 662 1005 146444 70309 134619 311 7624 157785 27646 118235 54497 42663 33065 276 29542 11560 474 16384 11270 32789 13121 30353 111560 694 21432 127432 63738 291 110958 22890 81198 21268 44109 77208 33750 19629 4816 403 3630 602 6083 3226 1847 34884 11372 11086 38026 470 2114 1061 5114 2707 2455 8305 490 288 10780 10045 303 8017 8257 47654 17245 18009 4756 29518 6110 29246 11969 237 5645 1919 603 4355 4048 4912 3105 5405 3357 37556 352 9542 9261 28014 9579 18435 9458 9140 7413 2045 9295 8665 3972 8835 2239 6596 6389 17982 28946 25948 2998 2261 15255 8257 28618 1610 735 281 9174 2111 1606 75874 46075 33239 11161 7175 2784 1073 628
cat_boundaries=0 1 2 3 4 5 6 7 8 9 10 11 12 13 14 15
cat_threshold=2 4 6 2 1 2 4 2 2 2 2 1 2 4 2
is_linear=0
shrinkage=0.03


Tree=9
num_leaves=127
num_cat=46
split_feature=5 5 2 5 12 11 4 5 5 31 5 8 5 27 5 25 12 11 11 22 5 23 12 25 27 31 11 5 5 27 5 22 27 2 27 11 30 11 12 5 5 2 30 2 23 25 25 27 5 2 27 5 24 29 29 2 27 29 25 5 27 5 22 5 5 2 25 27 11 25 25 25 2 5 5 27 29 5 32 30 2 20 25 5 27 25 31 5 25 27 27 27 27 25 27 5 3 11 5 27 27 8 25 5 25 25 5 27 5 12 22 27 5 3 27 3 4 27 27 25 12 25 4 27 27 12
split_gain=11214.3 6768.88 5867.55 6322.45 3667.18 3322.41 3031.04 2737.7 2098.09 2038.86 1859.47 1841.09 1800.61 1789.7 2136.85 1342.27 1285.38 1217.56 1111.19 2537.33 3353.82 1289.26 2166.79 1179.38 1055.09 1051.1 1348.31 1007.9 1003.19 1001 886.831 942.353 885.64 2846.51 881.687 1446.92 845.617 1099.9 1369.14 1165.52 774.481 716.081 765.584 736.53 1378.3 1373.06 964.93 949.016 1062.82 688.798 3520.43 786.246 714.216 672.685 651.37 645.579 2907.23 1795.24 2071.11 642.262 622.809 1481.26 632.51 617.71 594.28 583.775 573.489 565.899 565.294 563.585 545.397 537.886 552.527 1534.39 806.267 761.939 531.605 528.843 667.529 522.403 498.55 558.526 485.958 559.425 483.2 1312.83 483.191 482.179 473.841 1318.75 832.254 677.227 660.456 1045.95 995.843 516.207 440.637 1329.47 434.014 704.434 425.63 423.675 437.605 422.283 418.394 459.124 412.156 407.262 406.11 404.682 399.545 394.758 1207.89 784.914 391.533 390.96 390.847 1524.79 401.265 1639.39 389.834 387.951 435.204 1817.23 985.752 383.711
threshold=0 1 2 3 -0.082691941410303102 0.24372619390487674 4 5 6 0.03126017842441798 7 3.5000000000000004 8 0.055219287052750594 9 88.500000000000014 -0.87397405505180348 0.24372619390487674 0.24372619390487674 -2.3023446202278133 10 0.035104382783174522 -0.11692317575216292 89.500000000000014 0.17337424308061603 0.058328395709395416 0.24372619390487674 11 12 0.098654624074697508 13 -0.049133053049445145 0.15358696132898333 14 0.098654624074697508 0.24372619390487674 0.090846620500087752 0.48314048349857336 -0.25206183642148966 15 16 17 0.13061291724443438 18 0.058227287605404861 18.500000000000004 81.500000000000014 0.12467420101165773 19 20 0.15358696132898333 21 0.99920046329498302 0.056686626747250564 0.097037743777036681 22 0.13790328800678256 0.11737392470240594 113.00000000000001 23 0.08212983608245851 24 -0.18733168393373487 25 26 27 86.500000000000014 0.069445703178644194 -0.5917624533176421 86.500000000000014 59.500000000000007 75.500000000000014 28 29 30 0.14952706545591357 0.11490825563669206 31 0.22119013220071795 0.19606986641883853 32 92.500000000000014 64.500000000000014 33 0.14500886201858523 76.500000000000014 0.065399166196584715 34 17.500000000000004 0.14952706545591357 0.086274277418851866 0.076740767806768431 0.058846931904554374 15.500000000000002 0.061421869322657592 35 36 0.24372619390487674 37 0.051913643255829818 0.049178216606378562 10.500000000000002 71.500000000000014 38 7.5000000000000009 10.500000000000002 39 0.059944719076156623 40 0.92191100120544445 -0.36799480020999903 0.076740767806768431 41 42 0.051913643255829818 43 44 0.095947422087192549 0.076740767806768431 69.500000000000014 -0.41399101912975306 155.00000000000003 45 0.11874964460730554 0.14242830872535708 0.8277757763862611
decision_type=9 9 9 9 2 2 9 9 9 10 9 2 9 2 9 2 2 2 2 10 9 8 2 2 2 8 2 9 9 2 9 8 2 9 2 2 10 2 2 9 9 9 10 9 10 2 2 2 9 9 2 9 2 8 8 9 2 8 2 9 2 9 10 9 9 9 2 2 2 2 2 2 9 9 9 2 8 9 10 10 9 2 2 9 2 2 8 9 2 2 2 2 2 2 2 9 1 2 9 2 2 2 2 9 2 2 9 2 9 2 10 2 9 1 2 1 9 2 2 2 2 2 9 2 2 2
left_child=4 9 10 27 5 8 11 15 88 65 25 -5 -7 14 -9 41 17 63 23 20 -20 -22 29 28 30 -3 87 -4 67 59 55 79 70 -34 -13 -36 37 38 66 -39 114 -6 43 45 47 60 -47 48 -45 106 51 -51 -52 -17 108 -15 57 -57 68 -23 62 -62 -43 -12 -19 -2 -18 -8 -59 -29 -10 72 74 -74 -14 -75 -56 80 -79 110 -78 -82 83 -31 85 125 -16 -27 89 90 92 95 -1 -94 -95 -90 97 -67 99 100 -40 -50 -103 -21 -53 -106 -30 -68 -33 -100 -32 113 -113 -41 -38 -55 117 -28 119 -118 -89 122 123 -25 -125 -69
right_child=1 2 3 6 7 12 18 13 32 -11 16 34 71 24 86 53 36 64 19 103 21 22 -24 121 -26 26 116 69 49 82 31 54 33 -35 35 -37 40 39 98 111 -42 42 -44 44 -46 46 -48 -49 101 50 52 104 -54 115 76 56 -58 58 -60 -61 61 -63 -64 -65 -66 96 107 84 -70 -71 -72 -73 73 75 -76 -77 77 78 -80 -81 81 -83 -84 -85 -86 -87 -88 120 91 -91 -92 -93 93 94 -96 -97 -98 -99 109 -101 -102 102 -104 -105 105 -107 -108 -109 -110 -111 -112 112 -114 -115 -116 -117 118 -119 -120 -121 -122 -123 -124 124 -126 -127
leaf_value=0.014587438259687687 0.016328372080468216 0.014780645944797915 0.0033054762909385436 -0.0186831159782169 -0.0025028116465153588 0.00076224266213736935 0.017356425498257302 0.018468051171087404 0.0055453358291597185 0.037829150100930783 0.015885211204855365 -0.12941084655273952 -0.0032170561883773721 -0.0042031589213417974 -0.00331830112352472 -0.035028151000912583 0.0072530279787406228 -0.029470848021557753 -0.015010622638825067 -0.020910174767134949 0.030613756226579636 -0.096147876207840238 -0.17684008672319609 -0.020660811261972521 -0.07909078042551472 0.010849901711043839 -0.0029528119433509985 -0.0073391818917638556 0.016341818740132123 -0.079552407234942515 -0.068913192537415874 0.016565879284975746 0.0044771944700380331 -0.087297667237024104 -0.0067686661110872431 -0.13163105321292942 -0.015134314580886935 -0.0048799430072319957 0.01678404235656273 -0.0061909140799575333 0.0068145730649498189 -0.029170679233300984 0.013019847571075376 0.010596520569054859 -0.088945963128433586 -0.014236587015914702 -0.029620909842886511 -0.11011950994792738 -0.026079209526101765 -0.034925082036134689 -0.083556597115837516 0.02352737178421185 -0.19615535990280261 -0.010043176082824901 -0.066662167612040288 -0.10442446747187147 -0.1239338498154901 -0.012646206847508949 -0.036787784842676023 -0.048729827154213076 -0.13209658748998837 -0.035040326764566955 -0.10057919157069409 0.0046120264446612835 -0.0027699441971693289 0.030089366876435094 0.030679134998493635 -0.002528308452524572 0.00015212329716833176 0.00021040076756886309 -0.0034560154539140992 -0.036763723400218169 -0.011990423817313411 -0.036114281680016527 -0.022663297615013088 -0.11857927221804856 0.027147245410768711 -0.01044912954584544 -0.02572292332991492 0.01179544272982044 -0.031772357479275551 -0.015420230218358593 -0.021715832149432377 -0.028261241186305498 0.012099537276956188 -0.10793642772835189 -0.013210823842897382 0.0096177562094414953 0.018057764742884615 -0.1008801005277456 0.0033564286233527104 -0.010239539153526064 -0.021971917135840919 -0.11527640183574082 -0.010283174323054348 -0.003961274009824713 0.0024545572165137522 -0.053932488231845516 -0.0077157831292517529 0.0025458724462716718 -0.01795236770247333 -0.033811120944144464 -0.060018915822758062 -0.0075413183685295428 -0.036692163765358464 -0.0097431979793278015 -0.0070527730663070129 -0.0098267621832611157 -0.015899948644841944 -0.0017825850538627046 -0.030854825155882414 -0.04650235419269217 -0.0084007023780109467 -0.039797335863851431 -0.00062255205462169092 0.0076972364330535996 -0.005941776387708788 -0.074713028099563886 0.004369379009960833 -0.090742093643783467 -0.0006050126101395844 0.0037070505805160353 -0.018083046775096534 -0.13831941451077684 -0.050247726786843284 -0.040970463469639069
leaf_weight=269 9250 9433 21135 468 1353 4683 1639 3308 26305 2978 7032 348 3940 11642 9952 727 16392 875 3161 3252 136 731 144 2100 221 11545 887 26444 792 437 268 916 1165 401 192 147 2270 15248 362 2936 15182 1649 468 558 384 11049 5496 132 3819 1407 106 310 101 3382 185 186 211 5991 2337 528 211 466 119 11626 4943 1394 241 2683 6449 13413 7870 1606 4387 3568 3754 103 172 15484 3089 242 3755 3771 656 406 1285 117 8029 4978 1393 170 1261 16077 1114 244 122 3011 7331 192 29550 14818 2540 1968 813 6239 620 6818 4353 2910 544 15921 3356 1534 1485 794 6358 1669 2229 380 1992 225 10307 546 6296 190 290 255
leaf_count=269 9250 9433 21135 468 1353 4683 1639 3308 26305 2978 7032 348 3940 11642 9952 727 16392 875 3161 3252 136 731 144 2100 221 11545 887 26444 792 437 268 916 1165 401 192 147 2270 15248 362 2936 15182 1649 468 558 384 11049 5496 132 3819 1407 106 310 101 3382 185 186 211 5991 2337 528 211 466 119 11626 4943 1394 241 2683 6449 13413 7870 1606 4387 3568 3754 103 172 15484 3089 242 3755 3771 656 406 1285 117 8029 4978 1393 170 1261 16077 1114 244 122 3011 7331 192 29550 14818 2540 1968 813 6239 620 6818 4353 2910 544 15921 3356 1534 1485 794 6358 1669 2229 380 1992 225 10307 546 6296 190 290 255
internal_value=-0.00501548 -0.00158865 -0.00273503 -0.00835327 -0.0106829 -0.00581819 -0.0166528 -0.0141479 -0.00212716 0.0148172 0.000369669 -0.0646319 -0.0157652 -0.0111072 -0.00365498 -0.0212471 -0.00116481 0.0051361 -0.0154397 -0.0219058 -0.0368323 -0.0592806 -0.0637067 -0.012047 -0.0138063 0.0059622 0.00340752 -0.00198949 -0.00800615 -0.0577379 -0.0135587 -0.0169516 0.00246061 -0.0195925 -0.0958607 -0.0611404 -0.00236471 -0.00352489 -0.00193958 -0.00948715 0.00273844 -0.0239276 -0.0249857 -0.0256626 -0.0335605 -0.0224399 -0.0193485 -0.0306773 -0.0291972 -0.0122631 -0.0171108 -0.0143547 -0.139175 -0.00806752 -0.0150335 -0.00952717 -0.0136059 -0.0120511 -0.0108814 -0.077466 -0.0434345 -0.0679051 -0.0340312 0.00887238 -0.00684542 0.0110513 0.00499987 0.0023395 -0.00601197 -0.00479739 0.00347242 -0.0202127 -0.0185359 -0.0240374 -0.0127239 -0.0383553 -0.01611 -0.0157515 -0.0129837 -0.0308381 -0.0223809 -0.0235508 -0.0411278 -0.0561901 -0.00332894 -0.00982033 -0.00773177 0.00622533 -0.00905422 -0.019831 -0.0152215 -0.00738449 -0.0286101 -0.0364661 -0.080402 0.00303794 0.00555136 0.0198902 -0.00408578 -0.000101352 -0.013615 -0.0325294 -0.0414916 -0.0121537 -0.0105565 -0.0119942 -0.00342433 -0.00671997 0.00447098 -0.00563721 -0.0336875 -0.0198573 -0.0279515 -0.0133534 -0.00443672 -0.00418086 -0.00982455 -0.0245172 -0.00563294 -0.0137507 0.00272296 -0.020831 -0.0223407 -0.0327197 -0.0853245 -0.00587765
internal_weight=519697 323883 302738 107745 195814 81443 46753 114371 59402 21145 194993 1155 22041 80108 21289 34263 153017 24476 45598 15690 6199 3038 2902 29908 58819 41976 32543 60992 20486 2758 58598 31782 35741 1566 687 339 128541 104731 82734 21997 23810 28485 27132 26664 7674 18990 16545 7290 7158 14507 9362 9155 207 5778 27916 26816 15174 14963 14777 1259 2445 677 1768 18658 5818 18167 19543 5979 12440 39857 34175 17358 15752 8058 7694 3671 26456 26271 18573 3866 7698 7526 1499 843 4340 3055 17981 26830 23661 3180 3010 20481 1749 1480 366 4404 8917 1586 63191 17720 2902 6600 2781 9491 7748 7438 5145 3151 1460 45471 3624 6749 3019 3730 8628 5051 5713 1267 4446 2454 15285 9422 8876 2580 480 2938
internal_count=519697 323883 302738 107745 195814 81443 46753 114371 59402 21145 194993 1155 22041 80108 21289 34263 153017 24476 45598 15690 6199 3038 2902 29908 58819 41976 32543 60992 20486 2758 58598 31782 35741 1566 687 339 128541 104731 82734 21997 23810 28485 27132 26664 7674 18990 16545 7290 7158 14507 9362 9155 207 5778 27916 26816 15174 14963 14777 1259 2445 677 1768 18658 5818 18167 19543 5979 12440 39857 34175 17358 15752 8058 7694 3671 26456 26271 18573 3866 7698 7526 1499 843 4340 3055 17981 26830 23661 3180 3010 20481 1749 1480 366 4404 8917 1586 63191 17720 2902 6600 2781 9491 7748 7438 5145 3151 1460 45471 3624 6749 3019 3730 8628 5051 5713 1267 4446 2454 15285 9422 8876 2580 480 2938
cat_boundaries=0 2 4 5 7 8 10 12 14 16 18 20 22 24 26 27 29 31 32 33 34 35 37 38 40 41 43 44 45 46 48 50 51 52 54 55 57 58 60 61 62 63 65 66 67 68 69
cat_threshold=1379451945 10325 84 2 6 2374242432 1192 2 33571873 2112 269008904 68 138815618 8 2622497 2112 269516800 8196 541131264 16640 84148224 40 536881152 16384 1342177280 8197 8 2684354560 20640 2231369728 512 8 6 33554433 8 0 4608 9 2 4096 1024 2164260864 17920 8454144 6 10 1073758216 21 34635776 8196 2621440 8 8192 512 134225922 32768 4 2 67174912 640 536936450 514 3178496 75497472 1536 2 2 2 1
is_linear=0
shrinkage=0.03


Tree=10
num_leaves=127
num_cat=32
split_feature=0 5 5 5 5 12 27 27 2 5 5 0 27 5 5 0 25 0 0 25 31 31 11 31 0 5 2 5 27 0 25 5 0 12 11 5 30 12 11 5 30 21 0 0 0 11 27 27 5 27 25 25 11 12 0 4 0 25 27 21 11 27 5 0 27 25 0 5 0 0 5 5 27 12 0 27 25 5 26 0 27 0 0 5 27 0 5 5 0 27 25 23 5 25 0 0 11 12 5 26 11 31 26 5 25 12 5 11 5 27 5 0 0 0 30 5 25 28 25 29 12 25 0 25 21 0
split_gain=22057.2 9800.12 8299.06 4976.38 4535.67 3222.44 3021.41 2578.29 2182.94 3787.58 2590.89 2168.68 4617.16 2070.57 1894.2 1842.19 2055.86 1761.93 2477.08 1622.15 1572.68 1449.38 1439.96 3594.97 1395.34 1186.57 2642.45 1182.45 1561.26 8234.72 1505.75 1135.96 1128.15 1103.6 1072.97 1067.53 1066.62 1344.4 1555.23 1054.57 1051.4 985.17 916.037 910.577 864.544 1089.01 855.074 1241.85 1410.2 1286.76 984.862 845.77 822.198 808.121 790.538 1648.58 3706.2 1771.18 756.437 733.94 1755.14 812.557 721.528 719.31 713.556 696.618 628.008 618.939 608.073 597.356 927.914 595.05 590.024 589.648 588.099 587.693 574.626 558.247 554.209 540.938 551.947 1391.38 1201.89 538.565 531.046 521.632 1052.6 952.702 1137.68 2742.19 1166.33 948.547 510.061 508.152 1077.98 1289.11 921.905 845.826 821.808 1203.2 814.022 538.351 495.315 835.182 495.279 581.953 485.216 484.445 483.128 472.65 546.124 651.836 740.683 497.347 471.909 465.527 465.125 461.963 460.314 460.092 458.657 455.423 452.882 446.24 434.297 433.766
threshold=13030.000000000002 0 1 2 3 -0.099822327494621263 0.14952706545591357 0.1575826704502106 4 5 6 325.00000000000006 0.059944719076156623 7 8 225.00000000000003 18.500000000000004 325.00000000000006 950.00000000000011 37.500000000000007 0.047392372041940696 0.075905904173851027 0.35846313834190374 0.022503835149109367 1940.0000000000002 9 10 11 0.086274277418851866 475.00000000000006 113.00000000000001 12 850.00000000000011 -0.26867066323757166 0.3744682669639588 13 0.093606427311897292 -0.72102889418601979 0.24372619390487674 14 0.10479542613029481 0.082081876695156111 155.00000000000003 325.00000000000006 1225.0000000000002 0.24372619390487674 0.049178216606378562 0.058846931904554374 15 0.059944719076156623 67.500000000000014 69.500000000000014 0.14250627160072329 0.83258596062660228 325.00000000000006 16 950.00000000000011 17.500000000000004 0.058047603815793998 0.11169846728444101 0.12545942142605784 0.16058247536420825 17 90.000000000000014 0.14952706545591357 66.500000000000014 715.00000000000011 18 325.00000000000006 615.00000000000011 19 20 0.089248880743980422 0.58307701349258434 90.000000000000014 0.07936600968241693 63.500000000000007 21 0.072340067476034178 155.00000000000003 0.07936600968241693 1225.0000000000002 1100.0000000000002 22 0.058846931904554374 325.00000000000006 23 24 950.00000000000011 0.089248880743980422 38.500000000000007 0.07194120436906816 25 84.500000000000014 1280.0000000000002 1560.0000000000002 0.22700754553079608 -0.065537083894014345 26 0.046130226925015456 -0.53493988513946522 0.092846259474754347 0.14693511277437213 27 135.50000000000003 -0.048362832516431802 28 0.24372619390487674 29 0.086274277418851866 30 950.00000000000011 615.00000000000011 1560.0000000000002 0.046271746978163726 31 23.500000000000004 0.10879836603999139 77.500000000000014 0.04237759672105313 -0.23537842929363248 53.500000000000007 90.000000000000014 63.500000000000007 0.065887007862329497 615.00000000000011
decision_type=2 9 9 9 9 2 2 2 9 9 9 2 2 9 9 2 2 2 2 2 8 10 2 10 2 9 9 9 2 2 2 9 2 2 2 9 10 2 2 9 10 10 2 2 2 2 2 2 9 2 2 2 2 2 2 9 2 2 2 8 2 2 9 2 2 2 2 9 2 2 9 9 2 2 2 2 2 9 8 2 2 2 2 9 2 2 9 9 2 2 2 8 9 2 2 2 2 2 9 10 2 8 10 9 2 2 9 2 9 2 9 2 2 2 8 9 2 8 2 10 2 2 2 2 10 2
left_child=1 4 7 5 40 13 -4 53 10 19 36 46 39 -3 59 21 17 -17 73 44 -18 31 24 25 33 26 -24 30 -29 -30 52 74 -32 35 -31 -6 37 38 115 -13 -1 -38 119 107 -10 -46 -12 48 76 -49 -51 63 -14 -2 75 56 57 -56 67 -11 79 64 66 -28 102 124 72 -39 -53 117 -71 -25 -36 -19 -7 -15 -48 -60 -22 -61 -81 82 92 -40 -41 86 -80 88 89 -87 -91 -89 -82 96 100 101 97 118 -98 121 122 -96 103 -62 105 -79 -45 108 -37 110 -57 112 -112 116 -67 -5 -111 -35 -16 -33 -83 -100 -95 -109 -44 -75
right_child=2 3 6 8 22 15 -8 -9 9 14 11 12 27 54 93 16 20 18 -20 -21 78 -23 23 71 -26 -27 51 28 29 34 32 42 -34 69 62 43 41 58 83 84 -42 -43 65 106 45 -47 47 49 -50 50 -52 68 -54 -55 55 109 -58 -59 77 60 61 -63 -64 -65 -66 114 -68 -69 -70 70 -72 -73 -74 125 -76 -77 -78 104 85 80 81 120 -84 -85 -86 87 -88 91 -90 90 -92 -93 -94 94 95 -97 98 -99 99 -101 -102 -103 -104 -105 -106 -107 -108 123 -110 113 111 -113 -114 -115 -116 -117 -118 -119 -120 -121 -122 -123 -124 -125 -126 -127
leaf_value=0.01833930749254005 -0.24596806791093614 0.0051329553682775619 -0.10205806610356997 0.020717066005952741 0.017542333330560309 -0.026412595242078524 -0.0032879214572457184 -0.10141615805590404 -0.11354674836032484 0.0028527302333405439 0.0040695573701515601 0.014726586539842327 -0.0083569931217288215 0.0050399974907181658 -0.0037513038410272336 -0.017343050878673164 0.00032512105598300523 -0.059521103144077298 -0.0037086965045388283 -0.0094804821705087652 -0.023098433169786901 -0.091355706358981603 0.0068944096667212925 0.010801684872593508 -0.062543277328776334 -0.012013144071314475 -0.11014350740805916 0.0035127238618039127 -0.18401702573553469 -0.0053011689192852939 0.0076830363617002469 -0.024716654479648593 -0.047705484209846105 0.0068957398994178533 -0.12634129036324362 -0.013740998290921734 0.015082226241052087 -0.017094376110647531 0.0050306365234811454 -0.0019755992783080031 0.04370329107069431 0.00026591758539374461 -0.027589729817735064 0.011986267416117575 -0.003202468749249772 -0.10882207862567156 -0.026772226339807928 0.005506099864123086 -0.0049794046117699392 -0.010998545249836653 -0.046417206305783415 -0.098455571589069604 -0.021485899509970555 -0.14970598977691721 -0.14079655334353444 0.01635337781750186 0.02977522216964576 -0.024288137250325897 0.0040290728848711467 -0.014033008406875023 -0.041558430670377483 -0.0055409087195251953 -0.002827529018942323 -0.030684307337220423 -0.084219021257084498 -0.013480715818370074 -0.024814631656597832 -0.0049699085859558709 -0.0360110045726202 0.017666304789376759 0.0015194200514952847 -1.3751041754464313e-05 -0.047209619190472715 -0.093158085417288997 -0.0030334289087527518 -0.024981488084038363 -0.045449073212627533 0.0012902106202575755 0.0083727908990700647 0.0090806663373989762 -0.047870197913518715 0.0031617284422301674 -0.12869437728609356 -0.013290756838915571 0.012798592635328355 -0.026824373937477893 -0.018204447253733373 -0.066926301721454168 0.017384624665575034 -0.070440577096943152 -0.18879921869798139 -0.011822992728388094 -0.010033471562622978 -0.073173887381740549 -0.15128988325595855 -0.013305799931592909 -0.010193736602111293 -0.014090594332183268 -0.051876089996602981 -0.0066821848533224907 -0.010466597071569363 -0.066964075329100217 -0.0045015195167175332 -0.01684103788541513 0.0074219315211222674 -0.0072654164101984952 0.0032629493964760692 -0.015882593195522477 0.0030900483798866015 -0.00056704607456669568 -0.011372566001616107 0.01469768141927953 -0.064541322684993865 0.014808874752348154 -0.055352457528767579 0.0075890826913033813 -0.019860750302158316 -0.0037361264622559386 0.015738959075049519 0.0021301360066900863 -0.0048417059203421367 -0.027312850382821288 -0.024173956216419726 -0.077823310231324286 -0.085787017390131948 -0.14901564899849337
leaf_weight=5489 404 10816 596 3006 7230 1588 523 213 455 10250 1594 8976 14876 3551 10728 1338 6851 251 369 358 6811 307 922 6574 290 9898 114 10736 243 15042 402 3119 1865 4273 104 2174 7424 5559 2145 9892 2010 8857 3201 11847 195 159 4160 2951 2096 2355 1009 515 6035 105 359 944 294 175 12078 3402 1795 4154 928 966 162 273 1487 11952 195 3786 20522 15034 457 324 2480 702 2310 10496 2634 3926 492 11538 104 4392 2811 2695 2713 285 398 178 131 16784 937 176 120 292 5193 8646 1410 1516 8956 163 1373 4059 3438 22478 11172 458 5151 1306 2085 751 265 458 2204 12842 8096 26385 1213 704 14595 1319 4326 135 119 214
leaf_count=5489 404 10816 596 3006 7230 1588 523 213 455 10250 1594 8976 14876 3551 10728 1338 6851 251 369 358 6811 307 922 6574 290 9898 114 10736 243 15042 402 3119 1865 4273 104 2174 7424 5559 2145 9892 2010 8857 3201 11847 195 159 4160 2951 2096 2355 1009 515 6035 105 359 944 294 175 12078 3402 1795 4154 928 966 162 273 1487 11952 195 3786 20522 15034 457 324 2480 702 2310 10496 2634 3926 492 11538 104 4392 2811 2695 2713 285 398 178 131 16784 937 176 120 292 5193 8646 1410 1516 8956 163 1373 4059 3438 22478 11172 458 5151 1306 2085 751 265 458 2204 12842 8096 26385 1213 704 14595 1319 4326 135 119 214
internal_value=-0.00486211 -0.00449354 -0.108491 -0.00694544 0.00245174 -0.0133107 -0.0554438 -0.187161 -0.0051068 -0.00866275 -0.00324612 -0.00696828 -0.00477343 -0.00534311 -0.008037 -0.0175553 -0.014412 -0.0408124 -0.0678915 -0.0621562 -0.0127419 -0.0269813 0.00111854 -0.00414632 0.00304705 -0.0168746 -0.0344352 -0.00960853 -0.00556386 -0.0109031 -0.0146595 -0.0255309 -0.0378846 0.00325196 -0.00855833 0.00717091 -3.34494e-05 -0.00133326 0.00501978 0.00686314 0.0251092 0.00702254 -0.0311491 0.00473941 -0.0861933 -0.0508147 -0.0168107 -0.0190474 -0.0264881 -0.00895186 -0.0216327 -0.0556355 -0.0121469 -0.226443 -0.0113078 -0.0146026 -0.055703 -0.102732 -0.003488 -0.00441343 -0.00601481 -0.0161584 -0.0250141 -0.0391658 -0.0221259 -0.0387 -0.0348771 -0.00883227 -0.0813801 0.000530649 0.00404283 0.00328207 -0.062078 -0.0978659 -0.0121342 7.99447e-05 -0.0333949 -0.00155791 -0.0154855 -0.0026685 -0.00144431 -0.00293815 -0.0307062 -0.0072917 0.00129346 -0.0134763 -0.00513143 -0.0156556 -0.0301531 -0.0365554 -0.121066 -0.0127395 -0.0234898 -0.0127052 -0.0174212 -0.0576159 -0.0105048 -0.00694492 -0.0182684 -0.0280515 -0.0156997 -0.103127 -0.0207226 -0.0245256 -0.00341136 -0.00454211 0.00775946 -0.00403426 -0.001921 -0.0121514 -0.00351484 -0.00958821 -0.0173931 -0.0156938 -0.0507449 0.0100982 -0.0171811 -0.00225412 -0.00177028 -0.0197736 -0.00130812 -0.0400184 -0.0261054 -0.030091 -0.0297009 -0.115612
internal_weight=519762 517921 1841 382781 135140 85773 1119 722 297008 102012 194996 90329 73854 29802 100845 55971 41976 2496 1158 1167 39480 13995 127641 34218 93423 12610 2712 52175 28997 18261 23178 13688 2267 93133 18018 38167 104667 88386 22385 21679 7499 16281 9620 30937 809 354 16475 14881 8566 6315 3364 1790 20911 509 18986 14733 828 534 66001 56787 46537 11543 2976 1080 7389 5797 2048 17511 710 54966 24308 21608 561 789 4068 4253 6470 48490 32629 34994 31592 27666 1533 6537 12703 25818 5347 20471 3402 3004 309 17069 1429 44058 14033 575 30025 20587 9438 4245 13458 283 7227 5854 36412 32974 23019 7918 7325 13905 4045 3101 2350 9860 2477 15848 9402 30658 11941 3823 26133 2729 4502 593 3320 538
internal_count=519762 517921 1841 382781 135140 85773 1119 722 297008 102012 194996 90329 73854 29802 100845 55971 41976 2496 1158 1167 39480 13995 127641 34218 93423 12610 2712 52175 28997 18261 23178 13688 2267 93133 18018 38167 104667 88386 22385 21679 7499 16281 9620 30937 809 354 16475 14881 8566 6315 3364 1790 20911 509 18986 14733 828 534 66001 56787 46537 11543 2976 1080 7389 5797 2048 17511 710 54966 24308 21608 561 789 4068 4253 6470 48490 32629 34994 31592 27666 1533 6537 12703 25818 5347 20471 3402 3004 309 17069 1429 44058 14033 575 30025 20587 9438 4245 13458 283 7227 5854 36412 32974 23019 7918 7325 13905 4045 3101 2350 9860 2477 15848 9402 30658 11941 3823 26133 2729 4502 593 3320 538
cat_boundaries=0 2 4 6 8 9 10 12 14 16 17 18 20 21 23 25 27 28 30 32 33 35 37 39 41 42 44 46 48 49 51 52 54
cat_threshold=423901270 170 269484034 8192 574505 2112 16 2 6 131072 2684551808 22272 1057 2048 2226126848 9237 4202498 4 70254592 4 32777 262148 8 42991616 8196 35651584 17 1 41943040 8192 66048 4352 70 406847556 8 640 768 2147483648 17664 573440 64 524288 8388608 1024 1610612864 16640 2155872256 4 20979714 20971520 128 32768 0 17408
is_linear=0
shrinkage=0.03


Tree=11
num_leaves=127
num_cat=36
split_feature=1 5 5 5 2 5 5 5 5 31 13 1 5 25 5 1 23 28 13 5 25 13 13 13 5 23 13 26 5 25 5 23 8 1 1 1 5 25 25 27 27 27 5 5 1 1 1 5 1 5 27 25 27 1 25 13 25 27 27 1 27 5 25 5 25 5 5 25 27 25 25 27 25 26 5 1 13 1 5 27 1 1 1 5 25 13 5 8 13 8 5 25 1 30 25 1 27 4 27 27 5 13 1 4 1 25 31 8 25 25 5 1 27 25 5 5 13 1 1 1 25 1 1 5 26 5
split_gain=20116.1 9285.76 7258.28 6286.91 4350.53 5081.48 2847.13 2440.34 2072.66 1886.95 1778.94 1752.73 1537.85 1900.06 2024.42 1944.63 1424.42 1418.8 1729.24 1330.9 1301.53 1243.31 2369.7 1341.83 1560.37 1223.71 1157.06 2150.59 3185.25 1491.71 1141.26 1051.83 2238.16 973.161 2201.72 6252.74 2717.24 2766.22 3116.85 2042.32 2044.86 1677.52 4058.89 1554.13 963.945 2281.39 2240.99 1659.6 1569.56 1064.96 1194.63 1489.95 1003.4 888.57 879.957 873.536 870.428 1587.84 868.218 863.857 859.676 901.927 857.391 818.734 815.01 814.371 809.467 788.333 742.234 736.053 735.629 731.704 721.833 713.979 920.544 698.409 1327.86 680.277 786.903 661.431 706.643 654.904 631.639 607.822 594.119 580.774 578.531 570.769 566.89 558.188 557.824 552.856 549.979 630.007 557.964 543.326 539.823 534.35 1441.04 552.278 938.779 523.592 739.073 514.857 505.951 509.522 498.809 494.619 492.405 1249.24 490.592 540.179 483.746 476.506 768.706 472.844 471.767 464.174 461.28 608.071 458.901 458.213 450.154 801.644 444.068 443.954
threshold=9.461545944213869 0 1 2 3 4 5 6 7 0.03126017842441798 14.500000000000002 7.4465231895446786 8 59.500000000000007 9 5.4143788814544687 0.093464292585849776 0.13561000674963 24.500000000000004 10 50.500000000000007 38.500000000000007 25.500000000000004 14.500000000000002 11 0.058227287605404861 24.500000000000004 0.35343860089778906 12 89.500000000000014 13 0.035104382783174522 3.5000000000000004 5.759707212448121 6.8561301231384286 6.744683265686036 14 17.500000000000004 12.500000000000002 0.089248880743980422 0.095947422087192549 0.08212983608245851 15 16 6.744683265686036 5.759707212448121 6.8561301231384286 17 5.4143788814544687 18 0.092709075659513487 77.500000000000014 0.058846931904554374 4.5047848224639901 88.500000000000014 19.500000000000004 47.500000000000007 0.051913643255829818 0.059944719076156623 7.5704805850982675 0.086274277418851866 19 89.500000000000014 20 45.500000000000007 21 22 86.500000000000014 0.15550526976585391 50.500000000000007 67.500000000000014 0.14952706545591357 113.00000000000001 0.10766546800732614 23 7.1113042831420907 24.500000000000004 7.1552743911743173 24 0.059944719076156623 6.744683265686036 6.0527143478393564 5.4143788814544687 25 64.500000000000014 36.500000000000007 26 7.5000000000000009 33.500000000000007 9.5000000000000018 27 18.500000000000004 5.0493419170379648 0.049045160412788398 66.500000000000014 4.5047848224639901 0.053263295441865928 28 0.086274277418851866 0.058047603815793998 29 39.500000000000007 4.0213496685028085 30 5.759707212448121 62.500000000000007 0.038655493408441551 11.500000000000002 49.000000000000007 38.500000000000007 31 6.5665833950042733 0.089248880743980422 69.500000000000014 32 33 44.500000000000007 4.1348783969879159 4.5047848224639901 3.822698831558228 50.500000000000007 5.0493419170379648 4.5047848224639901 34 0.00016002441407181325 35
decision_type=2 9 9 9 9 9 9 9 9 10 2 2 9 2 9 2 8 8 2 9 2 2 2 2 9 10 2 8 9 2 9 8 2 2 2 2 9 2 2 2 2 2 9 9 2 2 2 9 2 9 2 2 2 2 2 2 2 2 2 2 2 9 2 9 2 9 9 2 2 2 2 2 2 8 9 2 2 2 9 2 2 2 2 9 2 2 9 2 2 2 9 2 2 10 2 2 2 9 2 2 9 2 2 9 2 2 10 2 2 2 9 2 2 2 9 9 2 2 2 2 2 2 2 9 10 9
left_child=1 12 7 9 8 11 10 16 17 95 -7 63 44 14 89 25 -2 -5 97 59 -18 22 23 65 110 90 27 125 -29 77 116 -30 -33 66 35 36 41 38 -38 55 -41 -35 -43 -36 45 48 -46 56 70 -48 72 71 62 -34 73 -39 -47 -58 -54 -13 104 -62 64 -6 -50 -10 -16 83 -22 -44 122 84 112 -17 -75 -12 -77 78 -28 -69 81 -81 91 -24 120 -40 -20 -71 -86 -14 121 -68 93 117 -94 -3 -66 98 -19 100 -99 -80 -103 -49 105 -26 -96 -23 109 -93 -25 -112 -51 114 -101 -32 -4 -92 119 -31 -52 -15 -1 -124 -125 -8
right_child=2 3 30 4 5 6 26 -9 21 -11 75 19 13 15 33 54 20 18 86 -21 68 107 67 24 60 -27 29 28 31 118 115 32 53 34 43 -37 37 39 85 40 -42 42 69 -45 46 47 49 103 52 50 51 -53 58 -55 -56 -57 57 -59 -60 -61 61 -63 -64 -65 96 -67 82 79 -70 87 -72 -73 -74 74 -76 76 -78 -79 101 80 -82 -83 -84 -85 88 -87 -88 -89 -90 -91 92 108 94 -95 106 -97 -98 99 -100 113 -102 102 -104 -105 -106 -107 -108 -109 -110 -111 111 -113 -114 -115 -116 -117 -118 -119 -120 -121 -122 -123 123 124 -126 -127
leaf_value=-0.028347001951314166 -0.022313446396392236 -0.0034303761946625892 -0.046987672833326673 0.012881857503827218 0.0020025624194923777 -0.017304274681801957 -0.01810621167907249 -0.21817256223266721 -0.0049160426634767404 0.03623305725617669 -0.12264597340770389 -0.11072838527905274 0.0057138530768172258 -0.018443835264369414 -0.014441476076543325 -0.024376143072673901 -0.071483891092813931 0.0061793723262562571 0.0085219827113867767 0.0068232837686729841 -0.13095039827319291 -0.0081599423223778344 0.013354056939842764 0.0070330365012133758 -0.031934786784576681 -0.08969793769794876 0.0094435575579782244 -0.011122893355651194 -0.0022455913627934679 0.0030838621241375077 -0.037416919988332964 -0.17609048916433048 -0.094585343117151804 0.01343173365026356 -0.017033493551754372 -0.15406788123934742 -0.0076587035556847684 -0.0014611591764301247 -0.13777576475820935 -0.18253252273135714 -0.046997548134650013 -0.17296795743980153 0.021173517169661222 0.0052761928574169064 -0.098530569374561297 0.0026063532227510598 0.005168276300118211 0.0050816487985668075 -0.0093616350005388226 -0.015114550360882524 -0.023684436831189298 -0.0034698991972235845 0.0051661535168168174 -0.045218994760683522 -0.0055144465599525176 -0.028101475018243102 0.010490246486294527 -0.027890465832809692 -0.018645638108385872 -0.040936479459767736 -0.037893404872355825 -0.013584234614983421 0.013409175052958772 -0.0048143266055420556 -0.02520745691293717 0.0034656499954498427 0.010301230585889691 0.032011026615448149 -0.21515174655916069 -0.041632130134345503 0.010035167455080627 -0.0064049204523816258 -0.040173681779500731 0.0017705513964096573 -0.017605952854968888 -0.13178995074137395 -0.0093306098966614189 0.018873120308638101 -0.0049628359613511927 -0.0090401376610108365 0.0036038542056269886 -0.044581440692767496 0.0068677308534623978 0.0046051407961480899 -0.030503256094724911 -0.082221364657827548 0.0014278832924115423 -0.0057217962367258823 -0.065909104586786865 -0.0091317409216708258 -0.012596762626318012 -0.013494780018679825 -0.024394892359202502 0.0025255252818439018 -0.059218867464468611 0.012542830985457972 -0.043951348040289759 -0.035604097458299483 -0.063278102213447582 -0.021545419777393084 -0.0058511231620962528 0.015251723287703531 -0.018075839798549802 0.018546348731574569 -0.0015589543803368709 0.017162358899108707 -0.032345433015598585 -0.0017443166200716558 -0.0058486366178235214 -0.086589182349074353 -0.015562341002095957 0.0023137566389855721 -0.052741847513883666 0.012870443780549532 0.01009823154106999 0.029553464318462907 -0.12555500999535663 -0.039418505046699838 -0.019500242240523054 -0.086309318848025909 0.013459900361811742 0.0322117516031004 0.0074256769220929116 -0.014542992359479149 0.019795193119886752 -0.0066100342332694245
leaf_weight=810 120 2179 223 13857 35927 484 5034 378 20886 3020 344 216 8542 603 6571 8324 194 537 20237 425 233 31959 10213 3622 1131 306 2393 3659 372 102 136 132 368 2392 6224 330 374 1611 413 134 393 140 472 5112 263 3511 3357 12167 2043 4376 1191 13353 2632 3051 7361 3546 1351 3436 2891 613 2925 2659 531 28368 4392 20824 920 358 168 705 3046 1968 1785 2909 9181 137 189 971 12258 1198 1681 764 4719 23893 1966 298 21187 915 514 3108 938 840 1543 728 1407 15888 2023 1244 537 1459 4044 657 6687 3235 2938 228 1122 16348 1586 280 3140 2950 330 1884 1296 258 100 1529 7280 207 399 218 2993 4773 364 7658
leaf_count=810 120 2179 223 13857 35927 484 5034 378 20886 3020 344 216 8542 603 6571 8324 194 537 20237 425 233 31959 10213 3622 1131 306 2393 3659 372 102 136 132 368 2392 6224 330 374 1611 413 134 393 140 472 5112 263 3511 3357 12167 2043 4376 1191 13353 2632 3051 7361 3546 1351 3436 2891 613 2925 2659 531 28368 4392 20824 920 358 168 705 3046 1968 1785 2909 9181 137 189 971 12258 1198 1681 764 4719 23893 1966 298 21187 915 514 3108 938 840 1543 728 1407 15888 2023 1244 537 1459 4044 657 6687 3235 2938 228 1122 16348 1586 280 3140 2950 330 1884 1296 258 100 1529 7280 207 399 218 2993 4773 364 7658
internal_value=-0.00469987 -0.00435098 -0.10451 -0.00159933 -0.00260976 -0.00724673 -0.0142508 -0.152637 -6.28127e-05 0.0142798 -0.0606569 -0.00169075 -0.0102132 -0.0130018 -0.00919157 -0.0182329 -0.11521 0.0043443 0.00208828 -0.0368033 -0.135809 -0.0020405 -0.000122018 -0.00377386 -0.0102495 -0.0308863 -0.0131843 -0.0187436 -0.0313845 -0.00949941 -0.028512 -0.050119 -0.0552732 -0.0125458 -0.0164116 -0.0255268 -0.0217904 -0.0338769 -0.0778042 -0.0255392 -0.0817404 -0.00401174 -0.0227212 -0.00698367 -0.00720988 -0.00468134 -0.0115144 0.00208119 -0.0107296 -0.0107283 -0.0127874 -0.00906246 -0.0173649 -0.0505586 -0.0144079 -0.0197812 -0.00872827 -0.0170586 -0.00729919 -0.0585274 -0.0186339 -0.0264145 -0.0235479 -0.00100563 -0.0258694 -0.000731791 -0.00657727 0.00575267 -0.166674 -0.0117063 -0.0026953 -0.0214278 -0.0239316 -0.0176143 -0.0129571 -0.0928058 -0.0610392 -0.00568851 -0.00677363 -0.00684415 -0.0106702 -0.0228955 -0.000366124 0.00723057 -0.0286885 -0.11464 0.00489611 -0.0213655 -0.037865 0.00175138 -0.0286504 -0.00978082 -0.0312816 -0.0219955 -0.0386373 0.0106163 -0.0311244 -0.00848402 -0.0285759 -0.00630762 -0.0129343 -0.00875414 -0.0150927 0.00790563 -0.00856253 -0.0236912 -0.0473139 -0.00598885 -0.0166097 -0.0318293 -0.00169725 -0.00689287 -0.0177637 0.00124729 -0.00670297 0.00604838 -0.0694799 -0.0292296 -0.0210298 -0.0568861 -0.0143607 -0.0049107 -0.00703341 -0.00490669 -0.0120829 -0.0111903
internal_weight=519922 518112 1810 352618 331531 117532 51983 1093 213999 21087 1154 65549 165494 85794 49625 36169 715 66282 52425 1254 595 147717 99410 61303 19593 8394 50829 20274 7582 30555 717 3923 3551 37975 23059 11723 11393 6769 1085 5684 527 4624 2232 11336 79700 50198 29502 23700 26498 29239 25882 19391 14512 3419 27775 5157 8298 4787 5523 829 9881 5584 8989 64295 8458 41710 14916 38107 401 2092 11986 6038 6491 20414 12090 670 326 22966 21995 4001 3643 1962 8345 34106 4070 711 41424 1620 2480 11650 8088 3626 7267 3195 4072 18067 6415 11001 1074 9927 5288 19602 7344 15402 4297 1359 2529 48307 2706 1120 9712 6090 4706 4639 2755 394 323 2467 7589 309 1590 821 8940 8130 5137 12692
internal_count=519922 518112 1810 352618 331531 117532 51983 1093 213999 21087 1154 65549 165494 85794 49625 36169 715 66282 52425 1254 595 147717 99410 61303 19593 8394 50829 20274 7582 30555 717 3923 3551 37975 23059 11723 11393 6769 1085 5684 527 4624 2232 11336 79700 50198 29502 23700 26498 29239 25882 19391 14512 3419 27775 5157 8298 4787 5523 829 9881 5584 8989 64295 8458 41710 14916 38107 401 2092 11986 6038 6491 20414 12090 670 326 22966 21995 4001 3643 1962 8345 34106 4070 711 41424 1620 2480 11650 8088 3626 7267 3195 4072 18067 6415 11001 1074 9927 5288 19602 7344 15402 4297 1359 2529 48307 2706 1120 9712 6090 4706 4639 2755 394 323 2467 7589 309 1590 821 8940 8130 5137 12692
cat_boundaries=0 2 4 6 7 9 10 12 14 16 18 19 21 23 24 26 27 28 30 32 34 36 38 39 40 42 44 46 47 48 49 50 52 54 56 57 58
cat_threshold=1076413481 2389 303038466 8196 84 2 6 2643726336 9384 131072 34603008 4 407251586 520 1075838976 277 32 2048 159383552 2684354560 21536 536937088 16384 537395200 33800 64 1024 32776 2097152 256 2097152 1 76546048 8192 92540928 40 2265972736 20480 1032 32768 33556480 16384 16777216 20480 138682370 512 32768 2 2562 1 2147483648 17408 268697730 512 134217728 2048 1075838976 536936578
is_linear=0
shrinkage=0.03


Tree=12
num_leaves=127
num_cat=36
split_feature=0 5 5 5 5 12 5 30 11 12 21 5 5 23 5 0 26 0 25 5 0 25 0 0 23 12 11 22 0 12 5 0 27 0 5 5 23 11 8 27 25 21 0 4 0 24 5 0 5 5 27 5 5 27 28 0 27 0 5 5 0 27 25 0 0 12 0 25 5 0 27 25 25 5 12 5 0 0 5 25 27 5 5 25 27 27 0 11 11 25 11 27 27 5 0 0 27 8 3 27 8 26 27 5 0 5 29 27 27 25 25 25 5 27 25 12 20 11 3 0 5 25 5 5 5 27
split_gain=19759.6 8715.05 7349.08 4414.15 3876.15 2696.51 2311.13 1999.94 2772.22 4421.32 2343.5 2442.63 1652.19 1535.34 1415.05 1315.14 1310.34 1285.26 1252.51 1224.37 1153.6 1742.78 1385.31 2522.57 1314.22 1096.77 1070.78 2568.14 1066.33 962.119 941.244 957.069 907.88 4053.03 1621.97 1225.85 858.911 844.295 819.867 748.348 704.05 991.795 700.386 1225.27 3272.79 795.955 690.877 678.351 2480.08 667.706 797.087 661.62 653.776 1578.62 601.751 596.959 1160.59 803.553 1575.57 930.512 1101.15 874.35 669.498 592.368 582.069 677.095 674.549 2538.13 580.25 574.867 561.576 563.439 661.308 557.39 546.19 539.546 1333.94 1640.41 536.562 529.725 517.805 845.263 483.992 475.738 469.463 469.041 456.334 449.861 449.628 448.694 531.878 480.137 903.879 446.82 944.696 520.129 443.224 435.297 489.741 432.852 423.808 420.066 419.081 418.671 1561.4 418.368 501.377 417.037 412.817 2080.52 973.109 585.082 410.786 409.207 524.888 586.746 971.736 487.102 456.857 403.327 402.569 402.83 398.137 397.901 396.537 1081.41
threshold=13030.000000000002 0 1 2 3 -0.28519998490810389 4 0.17508070915937426 0.3744682669639588 -0.21862536668777463 0.14014542102813723 5 6 0.093464292585849776 7 61.500000000000007 0.24214403331279757 1940.0000000000002 50.500000000000007 8 225.00000000000003 18.500000000000004 325.00000000000006 950.00000000000011 0.058227287605404861 0.67007490992546093 0.3744682669639588 -2.9545826911926265 325.00000000000006 0.40418040752410894 9 155.00000000000003 0.089248880743980422 475.00000000000006 10 11 0.038110742345452316 0.24372619390487674 9.5000000000000018 0.15550526976585391 88.500000000000014 0.081383712589740767 325.00000000000006 12 950.00000000000011 0.99179580807685863 13 110.00000000000001 14 15 0.055219287052750594 16 17 0.086274277418851866 0.11512083932757379 325.00000000000006 0.059944719076156623 715.00000000000011 18 19 1615.0000000000002 0.092709075659513487 86.500000000000014 615.00000000000011 1410.0000000000002 -0.54940786957740773 325.00000000000006 69.500000000000014 20 1715.0000000000002 0.095947422087192549 76.500000000000014 77.500000000000014 21 0.94066718220710765 22 325.00000000000006 950.00000000000011 23 97.500000000000014 0.058846931904554374 24 25 97.500000000000014 0.072961069643497481 0.07936600968241693 950.00000000000011 -0.15951316058635709 -0.37447345256805414 66.500000000000014 -0.37447345256805414 0.056865874677896507 0.055219287052750594 26 950.00000000000011 1225.0000000000002 0.051913643255829818 5.5000000000000009 27 0.064750330522656455 6.5000000000000009 0.15426263213157657 0.086274277418851866 28 1225.0000000000002 29 0.040852611884474761 0.059944719076156623 0.089248880743980422 57.500000000000007 38.500000000000007 87.500000000000014 30 0.086274277418851866 57.500000000000007 -0.88220417499542225 85.500000000000014 0.34235194325447088 31 45.000000000000007 32 36.500000000000007 33 34 35 0.051913643255829818
decision_type=2 9 9 9 9 2 9 10 2 2 8 9 9 8 9 2 10 2 2 9 2 2 2 2 10 2 2 10 2 2 9 2 2 2 9 9 10 2 2 2 2 10 2 9 2 2 9 2 9 9 2 9 9 2 10 2 2 2 9 9 2 2 2 2 2 2 2 2 9 2 2 2 2 9 2 9 2 2 9 2 2 9 9 2 2 2 2 2 2 2 2 2 2 9 2 2 2 2 1 2 2 10 2 9 2 9 10 2 2 2 2 2 9 2 2 2 2 2 1 2 9 2 9 9 9 2
left_child=1 4 6 5 36 12 13 8 9 14 73 -12 -3 -2 70 49 20 19 -15 63 24 22 -22 29 30 51 38 64 46 -24 -7 -32 34 -34 124 93 97 55 82 88 41 75 85 44 45 -44 47 48 87 119 -51 -4 53 -13 -9 -16 -57 58 -58 102 -61 -60 -62 -17 66 -66 67 120 -49 -54 78 -72 -73 -10 -27 76 -23 108 79 -5 81 -80 -21 -74 -40 -14 123 -11 -20 91 -91 92 -33 94 -35 -96 -77 98 -1 -99 -84 -43 -59 104 -88 -29 -107 -36 111 110 -110 -78 -109 118 117 116 -116 -115 -45 -6 121 -28 -39 -37 125 -30
right_child=2 3 25 7 15 16 -8 54 10 28 11 52 42 18 37 17 -18 -19 39 26 21 40 23 -25 -26 74 27 105 32 -31 31 89 33 35 107 86 -38 122 84 -41 -42 101 43 113 -46 -47 -48 68 -50 50 -52 -53 69 -55 -56 56 57 59 61 60 62 -63 -64 -65 65 -67 -68 -69 -70 -71 71 72 83 -75 -76 96 77 -79 80 -81 -82 -83 100 -85 -86 -87 103 -89 -90 90 -92 -93 -94 -95 95 -97 -98 99 -100 -101 -102 -103 -104 -105 -106 106 -108 112 109 -111 -112 -113 -114 114 115 -117 -118 -119 -120 -121 -122 -123 -124 -125 -126 -127
leaf_value=-0.067706883507859653 -0.01847251652598381 0.0053142327785968826 -0.049654662870779263 0.018277666121019154 0.031497653218416063 -0.012371438711514764 -0.21193264260185565 0.012955336027679273 0.0032549280126291428 -0.13699363023235556 -0.0081372569899775399 -0.0017527597191148757 0.005245732556656865 -0.073684339590335005 -0.0062542396035670826 0.0074592721326580671 0.0093713538788600757 -0.058348801102593682 -0.085086034047297934 -0.0015781140196003461 -0.016315552435131348 0.001678231849134897 -0.043300235435729639 -0.0022971852563259182 -0.085623485876022795 -0.12916626124590075 -0.047516198925902996 0.010151324419620487 0.017499260358432897 -0.10792789137851269 -0.017254906567978498 0.0015973446221478216 -0.17323363966511604 0.011303253204259447 0.010066093791047056 0.012469674452375566 0.035770796768194106 -0.025637644509389924 -0.0049736729455838926 -0.21127036343236791 -0.0044417537945055366 -0.024242354881468024 -0.13707929070458211 -0.035538931305901522 0.03035226452522553 -0.049432759270877445 -0.017607529363326459 0.0074237391522605353 -0.013011710626392179 -0.077834274322013647 -0.018598522395464091 0.023673766025525036 -0.022787199148418973 -0.083437486434733185 0.0011587451825385295 0.014155337807043252 0.005105492270153872 -0.027368742117529279 -0.011261576963913479 0.0069419245596967745 -0.11282091091904374 -0.042579525512629363 -0.013750684647093295 0.023921751977376123 -0.019261995212485391 -0.12059988261143136 -0.009722423369496273 -0.096236105955882903 -0.0079664525864368702 -0.079122065897353669 0.0014976449888890902 -0.086612160105790412 0.016190644942445008 -0.0071277631113319095 -0.03979276108228607 0.0050120974484192983 -0.026310400506293533 -0.0020292448930413296 -0.018832163783605024 -0.0074732070631816109 0.0078309640957987293 0.0097690528939842498 0.0019171113893821667 -0.058985362180361621 0.0021698599312600614 -0.02723494775568772 0.0061520405872261012 -0.059424318059896807 -0.16939287751913071 -0.081193233653683874 -0.040695564870707995 -0.024487805761839402 -0.10705298988179787 -0.010250436761395533 -0.057265459286500835 -0.0075391264575032074 -0.0099410467955663717 0.025931423662810909 0.012684018558486261 0.0062766471626195357 0.00863094052424105 0.016097971956600204 -0.0047073229975560932 -0.0027934134017582315 -0.053177744656404131 -0.031909163768701426 0.0010089098488354088 -0.013491373202938793 -0.069182181607592722 -0.019597221155117358 -0.17719853386512169 -0.078867596192146422 0.0041785762844977481 -0.005904274734875428 -0.08917076051982592 -0.017619815164090107 -0.013308714295092377 -0.02378356047065654 0.00014672303890470885 -0.014423497047902569 -0.028869781346603413 -0.00026254101338356897 -0.0066768072086076146 -0.0033082971968891929 -0.0062457350371841599 -0.03131817576601037
leaf_weight=117 124 9652 153 6126 194 5036 392 5659 5379 168 15385 356 3265 208 12937 9435 1765 320 116 8116 1451 2551 312 484 306 105 183 4969 532 629 3840 112 132 391 8420 3185 3032 1777 15115 178 7410 8751 262 355 259 147 11930 2556 6550 339 515 330 14943 529 12458 5339 3006 833 1822 14586 107 1434 143 2485 143 101 7316 406 15767 164 10893 139 225 34391 150 2093 3812 2200 1853 814 16575 1847 12455 113 18307 455 945 116 119 339 2128 2514 178 32858 706 259 12063 2340 161 1773 26398 238 6160 14133 690 430 12314 1547 183 630 129 200 4923 4854 318 1373 291 1911 3470 1470 1216 1381 2309 2613 12548 1749
leaf_count=117 124 9652 153 6126 194 5036 392 5659 5379 168 15385 356 3265 208 12937 9435 1765 320 116 8116 1451 2551 312 484 306 105 183 4969 532 629 3840 112 132 391 8420 3185 3032 1777 15115 178 7410 8751 262 355 259 147 11930 2556 6550 339 515 330 14943 529 12458 5339 3006 833 1822 14586 107 1434 143 2485 143 101 7316 406 15767 164 10893 139 225 34391 150 2093 3812 2200 1853 814 16575 1847 12455 113 18307 455 945 116 119 339 2128 2514 178 32858 706 259 12063 2340 161 1773 26398 238 6160 14133 690 430 12314 1547 183 630 129 200 4923 4854 318 1373 291 1911 3470 1470 1216 1381 2309 2613 12548 1749
internal_value=-0.00461898 -0.00426701 -0.101806 -0.00653115 0.00242021 -0.0125268 -0.149144 -0.00481851 -0.00543748 -0.00371607 -0.0105608 -0.0166905 -0.00459304 -0.113504 0.00137309 0.00115476 -0.0160859 0.00160116 -0.134244 0.00176049 -0.0168663 -0.0144079 -0.0369662 -0.0579675 -0.0242021 -0.0263965 0.000760241 -0.00424053 -0.00740848 -0.0865685 -0.0228676 -0.0286222 -0.00556798 -0.00782003 -0.00133095 -0.00742549 0.0234596 -0.00193438 0.00253068 -0.164492 -0.0127955 -0.0146797 -0.0102284 -0.0134657 -0.0530289 -0.105775 -0.0116578 -0.00882519 -0.0168946 -0.0202999 -0.0416884 -0.000145889 -0.0248975 -0.0500531 0.00484402 -0.000782572 0.00133502 -0.00110204 -0.0105745 0.00161566 0.00586631 -0.0249867 -0.0564333 0.0108838 -0.0158101 -0.0615303 -0.0147421 -0.026262 -0.00581958 -0.0233885 0.00569683 9.88828e-05 -0.0317802 -0.0057244 -0.0769544 -0.0114794 -0.0169297 -0.0235879 0.00803757 0.0152347 0.00556314 -0.00458045 0.00508628 -0.00904202 -0.00106083 0.00126671 -0.00181971 -0.102049 -0.128314 -0.0369528 -0.0462911 -0.0287233 -0.0652302 -0.0109551 -0.0278098 -0.0439408 -0.00772453 0.0150058 -0.021271 0.0174624 0.00647714 -0.0231726 -0.00739968 -0.00446674 -0.0187886 0.0027789 -0.000104126 0.00566164 -0.0331595 -0.0510405 -0.114266 -0.0289494 -6.2195e-05 -0.0113595 -0.0149383 -0.028513 -0.0530027 -0.0109576 -0.0031737 -0.00899995 -0.0160119 -0.00578147 -0.0150062 0.00537543 -0.0083504 -0.0198428
internal_weight=519892 518017 1875 386986 131031 85966 1137 301020 282903 211756 71147 31377 26612 745 89038 123608 59354 121090 621 120770 57589 43136 2876 1425 14453 738 108850 28459 122718 941 14147 9111 85631 55912 29719 55780 7423 50453 80391 413 40260 32850 16960 13240 668 409 37087 25157 6834 2518 854 483 15992 885 18117 46367 33430 28091 6262 21829 14836 3256 250 11920 10746 244 10502 3186 18323 15107 38585 11370 477 39770 255 23861 9705 7154 27215 6940 20275 3700 46969 338 33422 3720 21566 284 235 5271 2467 2804 290 34214 1356 965 14156 4391 278 4113 38853 8989 6993 15768 1635 17713 12744 14890 4954 942 312 4012 6470 12572 8747 1982 609 6765 3825 1664 2780 1564 4086 5798 14829 2281
internal_count=519892 518017 1875 386986 131031 85966 1137 301020 282903 211756 71147 31377 26612 745 89038 123608 59354 121090 621 120770 57589 43136 2876 1425 14453 738 108850 28459 122718 941 14147 9111 85631 55912 29719 55780 7423 50453 80391 413 40260 32850 16960 13240 668 409 37087 25157 6834 2518 854 483 15992 885 18117 46367 33430 28091 6262 21829 14836 3256 250 11920 10746 244 10502 3186 18323 15107 38585 11370 477 39770 255 23861 9705 7154 27215 6940 20275 3700 46969 338 33422 3720 21566 284 235 5271 2467 2804 290 34214 1356 965 14156 4391 278 4113 38853 8989 6993 15768 1635 17713 12744 14890 4954 942 312 4012 6470 12572 8747 1982 609 6765 3825 1664 2780 1564 4086 5798 14829 2281
cat_boundaries=0 2 4 6 8 10 12 14 16 17 18 20 22 23 25 27 28 30 31 33 35 37 39 40 42 44 46 48 49 51 53 55 56 58 60 62 63
cat_threshold=423897174 170 303038466 8196 574505 2112 16 2 34603008 4 2754613376 17680 1057 2048 3255828480 30224 68 33801 69206528 21248 3862036480 8212 1 69210752 18176 0 512 68 524288 2048 131072 131712 261 0 260 67108864 512 33554944 1 540704 0 24576 33554432 4112 4196352 128 0 16 2 0 16640 406855680 8 1114112 1024 2 2048 40 8585216 4 8389248 16640 2097152
is_linear=0
shrinkage=0.03


Tree=13
num_leaves=127
num_cat=31
split_feature=0 5 5 5 2 5 5 5 12 5 5 5 0 23 8 28 0 11 26 5 12 12 11 25 27 0 0 0 28 11 25 2 25 11 26 5 5 5 25 25 0 25 0 0 11 29 28 11 30 0 5 0 0 27 26 3 27 11 0 25 5 27 5 0 25 0 25 0 27 25 5 28 0 0 5 25 0 11 0 27 0 5 5 0 27 12 11 2 0 27 23 5 0 0 25 12 0 8 0 5 25 29 25 0 11 5 12 25 5 27 0 25 0 0 0 27 30 25 5 11 0 5 25 0 25 5
split_gain=19005.9 8193.42 6508.49 5630.49 4072.77 4845.53 3050.86 2602.95 2435.8 2209.14 1917.21 1906.78 1675.1 1659.2 1555.68 1547.63 1358.78 1264.25 2432.75 2804.2 1191.27 1167.99 2644.3 1082.66 1111.42 1064.9 4071.69 1053.2 1006.13 1377.11 1004.66 1161.56 1166.96 984.369 873.416 832.065 826.676 815.228 788.211 1080.97 1037.28 1036 2973.06 783.449 1353.85 777.489 978.235 764.902 752.718 711.203 761.508 1190.93 1398.37 1674.61 667.344 645.06 629.104 612.088 606.048 605.594 597.154 1174.42 590.207 589.48 585.735 564.679 535.572 1109.28 3091.03 1784.69 528.553 526.028 658.064 603.486 519.74 561.45 710.979 712.449 516.062 507.293 502.759 497.489 493.765 478.999 584.996 474.032 472.56 469.134 841.181 1477.58 1230.73 1021.6 965.278 892.813 555.639 463.087 462.749 461.903 458.272 454.399 453.694 440.041 436.302 1071.51 434.18 808.77 541.505 433.319 433.312 499.267 428.426 415.221 429.101 1034.27 414.352 411.122 410.691 408.715 402.333 401.827 389.304 385.29 384.456 493.737 1112.81 383.705
threshold=13030.000000000002 0 1 2 3 4 5 6 -0.082691941410303102 7 8 9 1715.0000000000002 0.064333807677030577 3.5000000000000004 0.069924898445606246 1940.0000000000002 0.24372619390487674 0.35343860089778906 10 -0.28519998490810389 -0.73284119367599476 0.24372619390487674 50.500000000000007 0.15550526976585391 950.00000000000011 850.00000000000011 155.00000000000003 0.13561000674963 0.24372619390487674 49.000000000000007 11 113.00000000000001 0.24372619390487674 0.078751005232334151 12 13 14 88.500000000000014 59.500000000000007 325.00000000000006 19.500000000000004 325.00000000000006 1225.0000000000002 0.24372619390487674 0.040852611884474761 0.099524557590484633 -0.63921129703521717 0.076115638017654433 325.00000000000006 15 950.00000000000011 615.00000000000011 0.092709075659513487 0.14881563186645511 16 0.089248880743980422 0.40614137053489691 325.00000000000006 67.500000000000014 17 0.086274277418851866 18 1280.0000000000002 75.500000000000014 850.00000000000011 17.500000000000004 325.00000000000006 0.086274277418851866 14.500000000000002 19 0.14626699686050418 155.00000000000003 55.000000000000007 20 62.500000000000007 1560.0000000000002 0.79383251070976268 61.500000000000007 0.064750330522656455 90.000000000000014 21 22 61.500000000000007 0.051913643255829818 -0.72102889418601979 -0.4218058288097381 23 325.00000000000006 0.049178216606378562 0.081555202603340163 24 1225.0000000000002 1560.0000000000002 67.500000000000014 0.071972697973251357 90.000000000000014 10.500000000000002 1225.0000000000002 25 53.500000000000007 0.056686626747250564 10.500000000000002 155.00000000000003 0.67802080512046825 26 -0.26867066323757166 107.50000000000001 27 0.056865874677896507 1560.0000000000002 63.500000000000007 1280.0000000000002 1560.0000000000002 1225.0000000000002 0.053855204954743392 0.058018375188112266 43.500000000000007 28 -0.48314717411994929 1560.0000000000002 29 38.500000000000007 225.00000000000003 45.500000000000007 30
decision_type=2 9 9 9 9 9 9 9 2 9 9 9 2 8 2 10 2 2 8 9 2 2 2 2 2 2 2 2 8 2 2 9 2 2 10 9 9 9 2 2 2 2 2 2 2 8 8 2 10 2 9 2 2 2 10 1 2 2 2 2 9 2 9 2 2 2 2 2 2 2 9 10 2 2 9 2 2 2 2 2 2 9 9 2 2 2 2 9 2 2 8 9 2 2 2 2 2 2 2 9 2 8 2 2 2 9 2 2 9 2 2 2 2 2 2 2 8 2 9 2 2 9 2 2 2 9
left_child=1 8 -2 15 10 12 13 14 11 30 28 57 35 -4 -7 80 -14 20 111 -20 63 22 81 95 107 26 38 115 -5 85 49 32 62 66 104 96 -24 -36 39 41 48 42 -11 -16 -45 -29 -47 -44 83 78 98 52 -52 -54 87 56 -42 -1 -43 -58 61 -31 -32 118 121 -66 67 -13 69 -69 -18 72 73 -37 -48 76 77 -76 -10 125 -3 -12 -8 116 -85 -30 -28 88 89 -33 92 -91 -90 -94 -93 -15 -6 -86 -51 -87 -92 -40 103 -22 106 -106 -23 -25 109 -89 -81 -19 -113 -114 -77 -21 -41 -104 -9 -108 -73 -35 -80 124 -124 -68
right_child=2 3 6 4 5 7 82 17 9 25 21 33 16 23 43 -17 70 18 19 27 102 34 36 24 -26 -27 86 45 29 60 31 54 -34 64 37 71 -38 -39 101 40 55 58 47 44 -46 46 74 -49 -50 50 51 -53 53 -55 -56 -57 59 -59 -60 -61 -62 -63 -64 -65 65 -67 79 68 -70 -71 -72 120 -74 -75 75 114 -78 -79 122 110 -82 -83 -84 84 97 99 -88 108 90 91 100 94 93 -95 -96 -97 -98 -99 -100 -101 -102 -103 117 -105 105 -107 119 -109 -110 -111 -112 112 113 -115 -116 -117 -118 -119 -120 -121 -122 -123 123 -125 -126 -127
leaf_value=0.0035733149502943456 -0.20621647084477435 -0.0035296688873169427 0.012111089229583739 0.012841190347964222 0.03817862969987533 -0.016731924754538281 -0.04073351132273674 -0.01987733973152209 -0.043868468358208443 -0.012655226802337287 0.019651117358508077 0.014967333710657992 -0.10578456236246291 -0.029832591082123543 -0.11950722205011467 0.032882689862935216 -0.0060848116391888727 6.4736715483201303e-05 -0.015120497947380122 -0.056472710808957098 -0.0075919048483054381 0.0017710844363558206 -0.0021508851501598298 -0.073222632728955322 -0.20179560957593576 -0.0081699081086023806 -0.098106563725150545 0.028839353603406212 0.010705974072739178 0.0070323784428039269 -0.0023389032140429143 0.0049063322514501734 -0.03316667952297734 0.0061713513986873534 -0.0053478045146847933 0.0031517433123993579 -0.019033867007806286 0.0064844819362028499 -0.029690011423000467 0.044363233504387048 -0.0032851309163613577 -0.014306093016012109 -0.035138938413962484 -0.0062472933220963636 -0.12630865856327794 -0.13534119775535863 0.0082500534658658427 -0.10716681671578586 -0.057578368667825786 0.0077989053832600453 -0.029731837161732971 0.012632630026130156 -0.17238214078156844 -0.05133160488768379 0.0063536299393675555 -0.029976814259015667 -0.0042369687298958987 -0.0080739204118475752 0.0049953719756895675 -0.055347914147084648 -0.0048311999617381028 -0.054622800732031462 -0.015829142254953948 0.025950296584452151 0.012623559725806654 -0.040380862051310022 0.026410589755978434 -0.031661170404821359 0.0042917076875973077 -0.12699195384979248 -0.054063402515265244 -0.028103296375201113 -0.00032961834351981931 -0.013518674125386865 -0.059241582304993642 -0.053533450942374987 0.00083236341405174008 -0.12538637097277072 -0.0027309626990921318 -0.0086936774987799049 0.011953694223434874 0.0065728304612296014 0.027393544883063097 -0.013272174814337631 -0.030237034624581733 0.0087677061567896786 -0.18099038612010868 0.012647533758251919 -0.0018389306284929219 0.011059762943554756 -0.020042419404059941 -0.02002313886546659 -0.093237277654273865 -0.00038893279641173607 -0.040619146405859403 -0.096419645016736319 0.0020906084784319012 -0.048868239113992601 -0.039526533541433949 0.00030120737544801074 -0.00079078075377646934 -0.0043961780513215483 -0.0043403654593598684 -0.10183826467808271 -0.003990705564728303 -0.018193842611345625 -0.0065905904618122615 -0.14496664583683014 0.0076841753350142617 -0.016501486749203334 0.015714635171415876 -0.011703733841977534 -0.10106616803138198 -0.0061270927680957621 -0.017458677433469537 -0.10230848362623715 -0.018513736239177001 -0.015317936667348792 -0.0020745492299697778 -0.0020579362421205695 0.013703099642626365 -0.015860723708120136 -0.083175900836219993 -0.0082186451015241122 0.017918963847768227 -0.0004500828804994742
leaf_weight=20051 404 2146 112 10999 322 478 139 1258 378 2029 2947 571 212 138 341 3155 649 2789 3933 298 292 14762 5842 169 174 6927 129 126 10481 485 4717 2120 2505 777 8203 2572 4723 14472 742 103 2759 4980 188 207 142 108 168 461 1122 813 2976 477 137 410 4466 2537 373 5091 2073 473 7810 650 7708 626 207 1411 503 348 863 360 299 1281 20398 8134 749 500 137 183 3730 18333 15640 23360 254 983 2657 8562 128 737 343 636 1193 2580 342 128 2176 302 32198 2193 237 17070 14256 3713 3753 172 10638 5465 38969 143 3754 1866 670 6849 166 271 673 448 928 16375 11548 32106 237 8741 280 813 150 6958
leaf_count=20051 404 2146 112 10999 322 478 139 1258 378 2029 2947 571 212 138 341 3155 649 2789 3933 298 292 14762 5842 169 174 6927 129 126 10481 485 4717 2120 2505 777 8203 2572 4723 14472 742 103 2759 4980 188 207 142 108 168 461 1122 813 2976 477 137 410 4466 2537 373 5091 2073 473 7810 650 7708 626 207 1411 503 348 863 360 299 1281 20398 8134 749 500 137 183 3730 18333 15640 23360 254 983 2657 8562 128 737 343 636 1193 2580 342 128 2176 302 32198 2193 237 17070 14256 3713 3753 172 10638 5465 38969 143 3754 1866 670 6849 166 271 673 448 928 16375 11548 32106 237 8741 280 813 150 6958
internal_value=-0.00444389 -0.00410216 -0.100796 -0.00157417 -0.00251379 -0.00697846 -0.0689884 -0.0137781 -0.00973703 -0.0127869 -7.3537e-05 -0.00525289 -0.00158365 -0.09593 -0.057886 0.013515 -0.0373021 -0.0127641 -0.0193448 -0.032502 -0.00940238 -0.00173287 0.00295734 -0.110031 -0.140939 -0.0187189 -0.0212827 -0.052458 0.00470602 0.00272097 -0.00926817 -0.00748939 -0.0144809 -0.00934203 -0.0031208 -0.000947281 -0.00971943 0.00220444 -0.0202009 -0.0223638 -0.0276637 -0.0146671 -0.0305496 -0.0871679 -0.0553188 -0.0437004 -0.0473403 -0.0863882 -0.0347931 -0.0177457 -0.0258203 -0.0317525 -0.0378541 -0.0819088 -0.00446646 -0.0183897 -0.0102292 0.00121416 -0.00863315 -0.0328448 -0.00781651 -0.0280469 -0.010723 -0.00245167 -0.0169114 -0.0335961 -0.00639813 -0.0208234 -0.0338332 -0.0802452 -0.0218921 -0.00433169 -0.00349104 -0.00951387 -0.0433422 -0.0470372 -0.0629789 -0.0723497 -0.0101218 -0.00522981 0.0100854 0.00804856 0.00284471 -0.0310608 -0.0343927 0.00533119 -0.139929 -0.00607185 -0.00800562 -0.0163111 -0.00417315 -0.0246527 -0.0401267 -0.0680054 -0.0293911 -0.0756505 0.00244835 -0.0386697 -0.00288313 0.00313309 -0.00227863 -0.0086147 -0.0139359 -0.0426719 -0.00430533 -0.00882554 -0.00345724 -0.106463 0.00117094 -0.00821515 -0.00783232 -0.00977914 -0.0135468 -0.0423393 -0.0328683 -0.0840989 -0.0121952 -0.0132714 -0.00384197 -0.00454316 -0.0215715 -0.0140719 -0.00754842 -0.0219909 -0.0479505 0.00139888
internal_weight=519522 517687 1835 357377 336436 118892 1431 52590 160310 95426 217544 64884 66302 1038 1168 20941 1160 51422 17398 7323 34024 161487 36872 926 486 35498 28571 3390 56057 45058 59928 49527 14930 39742 124615 65142 10565 22675 28314 23859 14128 9731 2678 690 349 2644 2518 649 7986 10401 5050 4000 3523 547 34597 6142 3605 25142 7053 846 8945 1135 12425 13432 11136 1618 28606 2142 1571 708 948 32622 31104 10706 2410 2242 1069 932 5351 26464 17786 26307 393 6864 5833 36113 257 30131 23774 7512 16262 5392 813 470 4756 440 32520 4850 1050 25632 15449 4455 20592 464 101940 16103 85837 312 6357 2603 19003 10075 7286 437 1173 746 1031 20128 12806 71075 1518 9518 4973 1243 430 7461
internal_count=519522 517687 1835 357377 336436 118892 1431 52590 160310 95426 217544 64884 66302 1038 1168 20941 1160 51422 17398 7323 34024 161487 36872 926 486 35498 28571 3390 56057 45058 59928 49527 14930 39742 124615 65142 10565 22675 28314 23859 14128 9731 2678 690 349 2644 2518 649 7986 10401 5050 4000 3523 547 34597 6142 3605 25142 7053 846 8945 1135 12425 13432 11136 1618 28606 2142 1571 708 948 32622 31104 10706 2410 2242 1069 932 5351 26464 17786 26307 393 6864 5833 36113 257 30131 23774 7512 16262 5392 813 470 4756 440 32520 4850 1050 25632 15449 4455 20592 464 101940 16103 85837 312 6357 2603 19003 10075 7286 437 1173 746 1031 20128 12806 71075 1518 9518 4973 1243 430 7461
cat_boundaries=0 2 4 6 7 9 11 12 14 16 18 20 21 23 25 27 28 29 30 32 33 34 36 38 39 40 41 43 45 47 49 51
cat_threshold=1076413481 2133 268435458 8192 84 2 6 227807360 9384 571998208 4 131072 1076396032 21 407251074 520 1075840033 2064 2688614912 16640 4 92536832 40 2717908992 21920 2165309440 8192 1073741824 2 268566528 524288 5 9437184 33556480 0 17408 134217728 2048 10 557056 134226050 2684354560 20640 557056 16 4194304 4352 524288 64 0 4
is_linear=0
shrinkage=0.03


Tree=14
num_leaves=127
num_cat=36
split_feature=5 5 2 5 4 2 27 5 5 5 31 5 8 31 13 27 5 29 8 8 5 11 27 25 31 26 11 26 5 25 29 13 27 13 11 13 5 5 5 5 13 5 5 2 27 24 5 25 27 11 27 5 25 27 25 27 5 32 25 27 25 26 27 5 11 27 27 5 25 25 2 27 11 2 25 5 21 27 28 25 25 27 25 5 13 29 27 26 3 11 11 11 5 27 5 27 25 25 25 3 27 25 27 25 25 5 25 25 25 4 27 27 11 25 11 25 27 31 30 31 25 21 27 5 27 25
split_gain=8227.98 5022.29 4567.96 4826.23 2441.28 2002.67 3977.42 4955.42 3585.31 1590.33 1581.69 1500.11 1495.87 1434.57 1362.46 1353.59 2357.59 2246.98 1202.82 1163.85 1702.22 1226.89 990.794 944.935 893.113 868.668 852.69 1843.21 2151.38 1014.62 955.31 1500.3 840.728 834.832 1855.48 987.896 913.078 812.704 786.4 764.048 894.952 740.83 685.272 694 2349.79 792.147 718.87 672.128 640.851 1216.72 635.888 607.443 596.132 591.946 550.911 532.926 926.56 529.429 513.675 1185.98 1088.5 592.583 512.965 509.818 620.727 589.757 509.799 642.107 1084.16 503.238 499.763 1424.01 760.343 488.518 450.496 510.803 440.383 458.401 796.903 434.259 443.487 427.827 1160.67 426.17 526.711 417.028 399.445 391.676 386.862 1187.89 386.834 385.049 383.895 683.346 383.375 378.972 370.771 1027.66 661.303 498.078 482.641 499.638 369.303 395.187 480.403 368.064 359.524 358.967 355.703 407.044 1741.61 955.774 610.991 349.07 479.76 418.723 346.133 345.108 343.492 335.683 331.916 328.444 322.382 314.786 310.778 441.316
threshold=0 1 2 3 4 5 0.13790328800678256 6 7 8 0.029832490719854835 9 3.5000000000000004 0.048095963895320899 37.500000000000007 0.098654624074697508 10 0.11490825563669206 8.5000000000000018 9.5000000000000018 11 0.2603727281093598 0.095947422087192549 58.500000000000007 0.062787849456071868 0.17269647866487506 0.24372619390487674 0.35343860089778906 12 89.500000000000014 0.04441503249108792 14.500000000000002 0.12835267186164859 38.500000000000007 0.3744682669639588 15.500000000000002 13 14 15 16 12.500000000000002 17 18 19 0.15358696132898333 0.99782592058181774 20 80.500000000000014 0.098654624074697508 0.24372619390487674 0.058846931904554374 21 17.500000000000004 0.059944719076156623 55.500000000000007 0.098654624074697508 22 0.15340023487806323 57.500000000000007 0.10038758814334871 58.500000000000007 0.1366594657301903 0.069445703178644194 23 0.3903625756502152 0.086274277418851866 0.058846931904554374 24 88.500000000000014 49.000000000000007 25 0.14952706545591357 0.2603727281093598 26 64.500000000000014 27 0.081383712589740767 0.055219287052750594 0.10990795493125917 7.5000000000000009 10.500000000000002 0.14500886201858523 76.500000000000014 28 25.500000000000004 0.056686626747250564 0.058846931904554374 0.25383376330137258 29 0.24372619390487674 0.76140651106834423 0.24372619390487674 30 0.051913643255829818 31 0.07936600968241693 49.000000000000007 38.500000000000007 67.500000000000014 32 0.098019190132617964 16.500000000000004 0.15550526976585391 80.500000000000014 76.500000000000014 33 28.500000000000004 68.500000000000014 155.00000000000003 34 0.11874964460730554 0.14242830872535708 -0.57078385353088368 85.500000000000014 0.24372619390487674 38.500000000000007 0.17337424308061603 0.038045994937419898 0.035860668867826469 0.060331044718623168 88.500000000000014 0.10722555592656137 0.15358696132898333 35 0.064750330522656455 25.500000000000004
decision_type=9 9 9 9 9 9 2 9 9 9 10 9 2 10 2 2 9 8 2 2 9 2 2 2 10 10 2 8 9 2 8 2 2 2 2 2 9 9 9 9 2 9 9 9 2 2 9 2 2 2 2 9 2 2 2 2 9 10 2 2 2 8 2 9 2 2 2 9 2 2 9 2 2 9 2 9 10 2 10 2 2 2 2 9 2 8 2 8 1 2 2 2 9 2 9 2 2 2 2 1 2 2 2 2 2 9 2 2 2 9 2 2 2 2 2 2 2 10 8 10 2 10 2 9 2 2
left_child=5 10 11 38 12 9 8 -8 22 15 73 25 -5 19 24 16 50 -17 54 21 -21 23 85 94 52 63 29 117 -29 42 -30 -32 76 34 83 51 -37 -23 -4 40 -24 -16 62 123 46 -46 -45 -25 -14 -50 -1 -36 -11 -52 69 56 107 105 -19 91 -61 -62 -6 64 -3 -66 67 68 118 -9 87 95 116 -2 75 90 -15 78 -78 -48 -81 82 -64 84 -13 -7 -65 -40 89 -75 -57 -60 93 -35 -10 119 97 100 99 -98 -22 -102 -20 104 -104 -39 121 -33 109 110 -31 112 -112 114 -89 -116 -73 -28 -54 -72 124 -87 -77 -44 -43 -126
right_child=1 2 3 4 26 6 7 18 13 14 -12 33 48 32 41 17 -18 58 102 20 96 37 39 47 -26 -27 27 28 30 108 31 55 -34 92 35 36 -38 57 70 -41 -42 120 43 44 45 -47 79 -49 49 -51 53 -53 66 -55 -56 74 -58 -59 59 60 61 -63 81 86 65 -67 -68 -69 -70 -71 71 72 -74 88 -76 122 77 -79 -80 80 -82 -83 -84 -85 -86 106 -88 113 -90 -91 -92 -93 -94 -95 -96 -97 98 -99 -100 -101 101 -103 103 -105 -106 -107 -108 -109 -110 -111 111 -113 -114 -115 115 -117 -118 -119 -120 -121 -122 -123 -124 -125 125 -127
leaf_value=-0.010382410904073078 0.014408053432941534 0.00023416215282617985 0.0028768486261869682 -0.016436408207947086 0.015929511781583524 0.014430521583919989 -0.20831008271132101 -0.010380493803091612 0.0029724987532009496 -0.019152119870697988 0.033172424084631572 0.0015818337954688836 -0.11461673000938871 -0.06218533656475219 -0.011033456357860287 -0.078587360140418769 0.014935706908124621 0.00045570170316125088 -0.10283128291368485 -0.01219520628818457 -0.021185139968273373 -0.0061069706747976515 -0.1000607708186797 -0.020950605008229393 -0.017665405820875942 0.015960714041372639 -0.0025738729165351 -0.011513536292621147 0.0028320804726368245 -0.018268244747875997 -0.15057370423825819 -0.13883197538992939 -0.090525382801007498 -0.017426287259443455 0.0039988695270591328 0.0053303264980540475 -0.014786048006532392 -0.019175650782396324 0.013162299531614095 -0.00049564504795774548 -0.0180164794516731 -0.027634280968892838 0.015741013582474674 -0.032398166276289303 -0.052729771189829883 -0.16959037879028835 0.025635627437503458 -0.0011172121619401633 -0.0056591519102097507 -0.12217045590701237 0.012967890022564835 -0.0047763674241664261 -0.055415291709388477 -0.0078409675549765134 0.008664997085360877 -0.057375803975224057 -0.037143409676686452 0.012303612359763428 -0.019931964996921323 -0.073290945948408792 -0.021439916995033718 -0.0032971138399700418 -0.0059193843515864489 0.00025719945198140868 -0.00020549839849876803 -0.047516057846412676 0.0024578113034900121 -0.001764456358176269 0.0078444553611845495 -0.08304388943402205 -0.0050522384504334992 -0.057351854958841875 -0.1279652687205988 0.02717262736032422 -0.016303608362610092 0.0093442546460569265 0.021958194817690287 -0.021688678701379249 -0.073245029533307859 -0.034302072213124916 -0.0081816265794895007 0.010802932100656281 -0.09821895632660016 0.0015510531422591185 0.0098419473201330453 0.0050720697367069622 0.0083196302385695094 -0.0029121317690159335 0.0015742546124076567 -0.053268924568167189 -0.12375605038606695 -0.053366620356988761 -0.0057849632188458735 0.0022551470577047883 -0.0064443447539212252 -0.015869983034721011 -0.004705759383885082 -0.083762866199091443 -0.041489566582743526 -0.027603607969339541 -0.0916462801075133 -0.035762416690596724 -0.04464131776781869 -0.017584367655617179 -0.1253147570632287 -0.032802922041373958 -0.0038050608566469221 -0.07748267266983476 0.0047966208106003539 -0.015959887436145903 -0.18221710612472977 -0.045189831134817608 -0.077562831749136626 0.0019268413296631751 -0.0087568728867116787 -0.037750211891837054 -0.0057248931272058847 -0.014963242914641673 -0.018797883896304598 0.024338737054124433 0.019295711393080513 -0.040834829807281495 -0.044728879860208293 -0.0047276864975152938 -0.066905982518219387 -0.0090569027636055038
leaf_weight=7711 9141 7476 21262 464 1662 1646 168 196 7923 2221 2969 11241 350 263 10415 385 9229 8300 207 12897 1438 3718 122 4959 5194 6175 3137 2694 311 2124 133 101 172 1800 12387 2509 10615 4496 1613 2900 4488 5794 798 1428 101 110 309 2229 187 141 2673 16603 242 2278 422 339 844 361 615 215 1840 13518 2921 8007 444 508 9911 11541 1598 152 15197 309 101 1421 651 160 101 10682 358 646 6123 1291 127 28811 18192 7354 17881 7881 7274 186 104 628 35044 13405 7627 3095 1452 397 1592 2080 199 524 175 168 108 3137 15500 630 548 6293 102 285 103 9324 1193 718 188 5702 4627 357 160 142 259 4112 127 1640
leaf_count=7711 9141 7476 21262 464 1662 1646 168 196 7923 2221 2969 11241 350 263 10415 385 9229 8300 207 12897 1438 3718 122 4959 5194 6175 3137 2694 311 2124 133 101 172 1800 12387 2509 10615 4496 1613 2900 4488 5794 798 1428 101 110 309 2229 187 141 2673 16603 242 2278 422 339 844 361 615 215 1840 13518 2921 8007 444 508 9911 11541 1598 152 15197 309 101 1421 651 160 101 10682 358 646 6123 1291 127 28811 18192 7354 17881 7881 7274 186 104 628 35044 13405 7627 3095 1452 397 1592 2080 199 524 175 168 108 3137 15500 630 548 6293 102 285 103 9324 1193 718 188 5702 4627 357 160 142 259 4112 127 1640
internal_value=-0.00429792 -0.00129832 -0.00229876 -0.00727631 -0.0147006 -0.00904714 -0.0120484 -0.0590167 -0.01129 -0.00606003 0.0128805 0.000476249 -0.0579926 -0.0152606 -0.00960647 -0.00205746 0.00341419 -0.00675528 -0.0395846 -0.0132431 -0.0188881 -0.00987059 -0.00305866 -0.00580696 -0.00617711 0.00560166 -0.0135828 -0.0193759 -0.0318781 -0.0105814 -0.0472369 -0.0522173 -0.0248625 -0.000902036 0.000678377 -0.00411874 -0.0109474 -0.0177587 -0.00178384 -0.0125984 -0.0201652 -0.0162924 -0.00669177 -0.0104071 -0.0154875 -0.114165 -0.0130447 -0.0148013 -0.0863661 -0.0559639 -0.00499192 -0.0010271 -0.00419682 0.0033939 -0.0143779 -0.0479337 -0.0601587 -0.0231398 -0.00565109 -0.00866511 -0.00641296 -0.00547201 0.00175976 0.00373882 -0.00266931 -0.0254744 -0.00300646 -0.00601378 -0.013572 -0.0422655 -0.00426282 -0.00774315 -0.053278 0.00954299 -0.0351765 -0.0493943 -0.0238643 -0.0229542 -0.052294 -0.00907754 -0.0106791 -0.00366615 -0.00979615 0.004147 0.00668515 -0.000152152 0.00582383 -0.00102892 0.00451315 0.0178347 -0.0715907 -0.0368535 -0.00405859 -7.57257e-05 -0.00164865 -0.0062844 -0.0300664 -0.0394402 -0.0254387 -0.0181943 -0.0312627 -0.0512493 -0.0696159 -0.0541769 -0.0757612 -0.0248478 -0.00119653 -0.0849763 -0.0186545 -0.0200977 -0.0300494 -0.0809759 -0.130266 -0.00222753 -0.00618314 -0.0196643 -0.0378737 -0.010567 -0.0206289 -0.00437613 -0.0233394 0.0041971 -0.0235467 -0.00137325 -0.0242749 -0.0132502
internal_weight=519832 318617 297626 106528 45290 201215 100353 1596 98757 100862 20991 191098 1142 66605 53470 47392 21891 25501 1428 55029 20579 34450 32152 22738 35334 40491 44148 15065 6226 29083 3532 3221 11576 150607 100358 42114 13124 11712 61238 7510 4610 18136 19628 13627 8717 211 8506 7188 678 328 12662 28990 30140 4951 770 3088 1575 7994 25116 16816 15573 15358 6001 34316 8428 952 27919 18008 6467 348 39976 19247 598 18022 1513 862 11404 11141 459 7078 6769 4339 3048 58244 29433 24642 25888 20729 8881 1607 443 1243 50249 15205 15550 18649 7682 2558 5124 3532 2161 723 658 451 283 7633 22996 731 9455 8907 2614 490 205 19116 9792 1911 497 8839 4869 15554 7721 7496 419 4910 7561 1767
internal_count=519832 318617 297626 106528 45290 201215 100353 1596 98757 100862 20991 191098 1142 66605 53470 47392 21891 25501 1428 55029 20579 34450 32152 22738 35334 40491 44148 15065 6226 29083 3532 3221 11576 150607 100358 42114 13124 11712 61238 7510 4610 18136 19628 13627 8717 211 8506 7188 678 328 12662 28990 30140 4951 770 3088 1575 7994 25116 16816 15573 15358 6001 34316 8428 952 27919 18008 6467 348 39976 19247 598 18022 1513 862 11404 11141 459 7078 6769 4339 3048 58244 29433 24642 25888 20729 8881 1607 443 1243 50249 15205 15550 18649 7682 2558 5124 3532 2161 723 658 451 283 7633 22996 731 9455 8907 2614 490 205 19116 9792 1911 497 8839 4869 15554 7721 7496 419 4910 7561 1767
cat_boundaries=0 2 4 5 7 8 9 11 13 15 17 19 21 23 25 27 29 31 33 35 36 38 40 42 43 45 46 47 49 51 52 54 56 57 59 60 61
cat_threshold=1379451945 10581 84 2 6 2374242432 1192 2 10 268435456 8192 1344274433 8465 303072288 8276 138553474 8 33555456 80 34652168 4 536936960 16384 2147483648 17408 540672 2112 84148224 40 268435456 8208 1074266112 2304 536881152 16384 8 0 4608 545325568 160 2 4096 133120 16384 257 8 6 8192 512 2164588544 22016 2 67437056 640 34604064 2048 2 40 4 1 514
is_linear=0
shrinkage=0.03


Tree=15
num_leaves=127
num_cat=14
split_feature=0 13 11 21 25 4 4 0 22 12 25 29 21 0 21 11 30 27 27 0 31 0 25 23 8 4 11 0 0 25 26 28 3 25 25 0 0 4 8 22 26 3 23 22 22 11 12 25 25 25 22 27 0 23 4 27 25 0 22 31 0 25 25 23 3 0 0 0 0 4 25 25 27 20 27 25 25 0 0 23 12 11 4 27 28 32 25 31 0 0 0 25 0 25 0 25 0 25 4 0 27 0 27 32 4 27 0 25 25 0 0 0 3 26 0 4 21 0 21 25 30 0 0 27 25 20
split_gain=17023.1 3113.93 6669.54 6301.5 2958.14 2684.31 2237.1 2406.16 2358.13 1972.51 1463.28 1194.01 1155.66 1194.88 2265.35 1129.32 1111.21 1029.69 1153.94 856.027 809.939 768.818 982.648 1118.42 676.441 604.492 572.755 555.726 505.739 488.532 491.938 815.742 472.081 471.732 844.766 463.073 526.649 424.847 521.869 420.817 411.544 514.524 506.107 467.299 422.99 404.685 400.559 370.273 424.586 364.321 536.919 360.528 565.226 628.447 358.782 356.259 352.194 370.731 346.774 337.527 333.348 330.325 586.578 325.544 312.47 311.077 309.56 296.662 382.887 406.047 490.708 1434.53 1671.08 478.556 365.299 475.245 302.927 277.444 261.412 256.334 252.472 252.074 251.527 404.125 244.748 251.122 340.736 256.226 254.009 268.605 243.674 240.559 327.208 261.09 243.985 319.643 236.224 228.457 310.099 294.671 257.167 225.831 689.223 221.632 220.606 1089.16 544.751 226.528 265.674 220.287 377.844 218.693 238.195 203.419 195.737 193.233 193.974 191.521 275.62 190.5 188.147 185.664 199.985 185.062 344.021 233.184
threshold=13030.000000000002 39.500000000000007 0.10837544873356821 0.090277068316936507 7.5000000000000009 0 1 19050.000000000004 0.10266805812716485 -0.70900321006774891 29.500000000000004 0.048529487103223808 0.062427528202533729 1560.0000000000002 0.042006649076938636 0.3903625756502152 0.086054746061563506 0.17337424308061603 0.1575826704502106 180.00000000000003 0.048018604516983039 225.00000000000003 68.500000000000014 0.058227287605404861 7.5000000000000009 2 -0.5917624533176421 1715.0000000000002 17950.000000000004 17.500000000000004 0.099273119121789946 0.099082995206117644 3 24.500000000000004 29.500000000000004 1615.0000000000002 1940.0000000000002 4 3.5000000000000004 -1.0112495422363279 0.092382837086915984 5 0.11144557595252992 -0.12572928518056867 -0.45983055233955378 -0.23537230491638181 -0.9711191952228545 15.500000000000002 16.500000000000004 78.500000000000014 0.2834471613168717 0.12240357697010042 615.00000000000011 0.054210091009736068 6 0.064750330522656455 10.500000000000002 155.00000000000003 0.17266365140676501 0.046168554574251182 475.00000000000006 77.500000000000014 107.50000000000001 0.10130250453948976 7 155.00000000000003 950.00000000000011 1225.0000000000002 1255.0000000000002 8 32.500000000000007 18.500000000000004 0.16058247536420825 37.500000000000007 0.16058247536420825 75.500000000000014 67.500000000000014 155.00000000000003 325.00000000000006 0.076926078647375121 -0.28519998490810389 -0.91246706247329701 9 0.056865874677896507 0.096798274666070952 0.19068296998739245 77.500000000000014 0.065399166196584715 325.00000000000006 615.00000000000011 1280.0000000000002 27.500000000000004 950.00000000000011 71.500000000000014 615.00000000000011 77.500000000000014 45.000000000000007 15.500000000000002 10 155.00000000000003 0.053855204954743392 950.00000000000011 0.055219287052750594 0.20619196444749835 11 0.07936600968241693 325.00000000000006 70.500000000000014 73.500000000000014 715.00000000000011 425.00000000000006 325.00000000000006 12 0.00021594269492197785 225.00000000000003 13 0.084427561610937132 155.00000000000003 0.071363136172294631 46.500000000000007 0.10003903508186342 90.000000000000014 950.00000000000011 0.060448419302701957 71.500000000000014 106.50000000000001
decision_type=2 2 2 8 2 9 9 2 8 2 2 10 10 2 10 2 10 2 2 2 10 2 2 8 2 9 2 2 2 2 10 10 1 2 2 2 2 9 2 10 10 1 10 10 10 2 2 2 2 2 10 2 2 10 9 2 2 2 10 10 2 2 2 10 1 2 2 2 2 9 2 2 2 2 2 2 2 2 2 10 2 2 9 2 8 10 2 8 2 2 2 2 2 2 2 2 2 2 9 2 2 2 2 10 9 2 2 2 2 2 2 2 1 10 2 9 10 2 10 2 10 2 2 2 2 2
left_child=1 2 9 5 -2 20 28 -8 -9 35 -10 29 13 82 -15 46 21 18 24 25 59 22 97 -24 -12 33 32 49 -6 -7 39 -32 -21 -3 -35 45 -37 38 -25 77 41 42 58 78 101 90 -5 -28 -49 67 51 52 53 -51 -50 80 57 -27 -14 -4 104 -26 -63 66 -18 -39 -54 -23 69 74 71 -71 -73 -72 75 -69 -75 -31 -43 -80 -11 -62 109 120 -48 86 -86 -88 -89 -90 123 -34 94 119 95 -93 -58 98 -17 -100 -101 102 -42 -22 105 106 -57 -106 -109 110 -13 112 -55 -41 -105 -82 -117 -115 -119 -94 -84 -66 -123 124 125 -1
right_child=4 19 3 15 6 11 7 8 10 55 17 12 40 14 -16 16 64 -19 -20 26 103 27 23 37 61 56 47 -29 -30 30 31 -33 91 34 -36 36 -38 65 -40 113 44 43 -44 -45 -46 -47 84 48 54 50 -52 -53 63 111 -56 60 96 -59 -60 -61 81 62 -64 -65 121 -67 -68 68 -70 70 73 72 -74 76 -76 -77 -78 -79 79 -81 115 -83 83 -85 85 -87 87 88 89 -91 -92 92 93 -95 -96 -97 -98 -99 99 100 -102 -103 -104 114 107 -107 -108 108 -110 -111 -112 -113 -114 117 -116 116 -118 118 -120 -121 -122 122 -124 -125 -126 -127
leaf_value=0.010969195897916633 0.023734517191376911 0.020376363347076785 0.022115021370490474 -0.0014311012080577142 0.0043334845823424671 0.015026960701717544 -0.20743328835218006 0.0055159856319027456 -0.22257903880992178 0.0048827918678987633 -0.17469347407740929 0.0037340945688273458 -0.00637523761942386 -0.16138759293748686 0.0084918663225522859 -0.05649583382864834 -0.0069028530232675125 -0.19848774646030795 -0.0056646268096837123 -0.0093117962260788559 0.0048464279061023966 -0.010396887484680435 -0.0078228389167628691 -0.079723728312473541 -0.12390835657417774 -0.014171621482433568 0.010084794755238598 -0.064432891584075391 -0.070477370833095743 -0.0093420518141741835 0.0094297507975748453 -0.025496952978118569 -0.011151730198033925 -0.057713856098603224 0.0090093738588930515 -0.08519660489486143 -0.0070461328548741264 -0.10476101151988154 -0.016232163414947293 -0.0018520762391763875 -0.009114065764400419 -0.0095840030452557668 0.0067516485156088922 0.0025827172301708364 0.0035470134147823781 0.002925676884747997 -0.026240778318169074 -0.041721956680680072 -0.0072582357688967024 0.0075340831948675375 0.0048253946802701902 0.0016873798790512347 -0.07718415218737068 -0.046317014012304605 -0.0022686316048967366 -0.044537980569830653 0.011035591980625474 -0.064567526848601897 0.011357556046672219 0.041918878933547191 -0.0038637488527038144 -0.023158434431245628 -0.11455650975969103 -0.022942947758281353 -0.061092766637557021 -0.06012257377857063 -0.037525823738183105 -0.014993522162984666 0.0040943338434025018 -0.0095231882891327613 -0.083658641482712168 -0.03942925241551009 -0.19630926319371872 -0.023512048231898928 -0.0081499143289416008 -0.049992726637077906 0.0080057373965507946 0.037587008989612349 -0.066925821987786835 -0.029514521724605534 0.010336207942686438 0.000876292506257271 -0.0018241220252027317 0.019214896301981498 -0.0075978660859263841 -0.0040899459555821154 -0.010413636866864268 -0.049488285558832369 0.00098855771725689314 -0.028562335539388414 0.027099735698227226 0.0027227035828053356 0.0097776455962843515 0.0021006744620875365 0.0096077464677450028 -0.014859542446271211 -0.012818108081597817 -0.015644292397445428 -0.00077002710471641095 -0.07875587273423916 -0.020872119752006913 0.0071228693860075831 -0.075684884076317141 -0.014997510660572776 -0.0076414484646214632 -0.087173934363910938 0.0077202339329856583 0.017359008511135584 -0.0036429236798850829 0.0074045992761750295 -0.031163740419082556 -0.015855414345288289 0.0040793451613350077 -0.013272644292329095 0.027546396203810282 -0.00052495711370894812 -0.011122306833707138 -0.0266883626558682 -0.0017758041160997311 -0.016677005408004663 0.0096179583223027793 -0.0055165090354692709 -0.033265090581957223 0.0060110344518028019 0.020581795183713246 0.00235673005560733
leaf_weight=8385 168 898 2264 12189 142 700 261 148 117 12664 123 821 16056 107 204 304 29848 100 109 57684 2918 30701 517 189 199 289 1619 188 189 230 2161 833 2798 244 563 100 336 243 303 825 631 347 3855 541 13597 27417 638 273 21740 821 737 515 204 535 32153 244 378 241 1057 1181 17326 120 134 1440 106 348 1368 1202 725 304 105 144 106 1617 3425 492 330 222 237 548 1267 24199 1612 3788 14179 11872 1978 339 380 1018 562 3756 273 1413 2665 1236 27869 5650 345 106 198 285 179 111 9262 178 671 753 1928 2419 422 1000 100 4109 758 11949 1786 2743 468 2337 6537 471 464 33647 2341 4271
leaf_count=8385 168 898 2264 12189 142 700 261 148 117 12664 123 821 16056 107 204 304 29848 100 109 57684 2918 30701 517 189 199 289 1619 188 189 230 2161 833 2798 244 563 100 336 243 303 825 631 347 3855 541 13597 27417 638 273 21740 821 737 515 204 535 32153 244 378 241 1057 1181 17326 120 134 1440 106 348 1368 1202 725 304 105 144 106 1617 3425 492 330 222 237 548 1267 24199 1612 3788 14179 11872 1978 339 380 1018 562 3756 273 1413 2665 1236 27869 5650 345 106 198 285 179 111 9262 178 671 753 1928 2419 422 1000 100 4109 758 11949 1786 2743 468 2337 6537 471 464 33647 2341 4271
internal_value=-0.00422418 -0.00390331 -0.00236015 -0.00600065 -0.0960415 0.00104597 -0.108303 -0.125893 -0.105446 0.00222253 -0.123639 -0.000868253 0.00107739 0.00784755 -0.0502853 -0.0100145 -0.0120095 -0.108628 -0.0952392 -0.00740781 0.0183898 -0.0145953 -0.0230574 -0.0441466 -0.112151 -0.0119258 -0.00633136 -0.0130877 -0.0384669 -0.00929594 -0.010766 -0.000292934 -0.00809617 0.00542775 -0.0112111 0.00567105 -0.0251245 -0.0614636 -0.0407345 -0.0144129 -0.00180794 -0.00434519 -0.00306722 -0.0203508 0.00210209 0.00584661 -0.00602605 -0.00404835 -0.00447096 -0.0128759 -0.01933 -0.0223058 -0.0245655 -0.0138755 -0.00428149 -0.00100929 -0.0129541 -0.0371659 -0.00527936 0.0289143 -0.00241542 -0.0948215 -0.0716365 -0.0332746 -0.00746689 -0.0786224 -0.0427181 -0.0117676 -0.016746 -0.0187021 -0.0283419 -0.0533818 -0.106463 -0.0215589 -0.0137901 -0.0251821 -0.0181687 0.0137393 -0.0313037 -0.0408802 0.00176376 -0.0011015 0.00900971 0.0111195 -0.00786806 -0.0074734 -0.00971784 -0.0178049 -0.0262108 -0.0205349 0.00747403 -0.0032525 -0.00135941 -0.00828564 0.00228026 -0.0016327 -0.0124985 -0.0179412 -0.0315284 -0.0197644 -0.0412473 -0.0158269 -0.0239006 0.00881064 -0.00660038 -0.0194954 -0.0062487 -0.00541872 0.00226006 0.00213112 -0.00812929 -0.0246242 -0.0383866 -0.0159767 0.0221011 -0.000869325 -0.00190367 -0.0175681 -0.0230591 -0.0139072 0.00735459 -0.0236171 -0.0193078 0.00724674 0.0100185 0.00806318
internal_weight=520035 518225 359796 200510 1810 72766 1642 1311 1050 159286 902 65534 53243 15910 311 127744 85151 785 685 158429 7232 54262 8203 1600 576 30482 127947 46059 331 12291 11591 2994 72162 1705 807 77059 436 1083 492 8597 37333 22641 20968 1673 14692 76623 42593 55785 54166 45871 6720 5983 5468 2456 53893 82227 28777 530 17113 3445 54561 453 254 3012 30889 591 1572 39151 8450 7725 2606 554 250 2052 5119 1694 1947 452 1132 785 27666 41525 15599 11937 30404 29766 17894 3715 1737 1398 49206 14478 11680 4023 7657 4992 28247 6603 953 649 304 1095 810 3787 13036 1093 915 11943 2681 3662 1243 1635 635 8145 869 15002 13735 7320 3211 2610 8149 1041 935 48644 14997 12656
internal_count=520035 518225 359796 200510 1810 72766 1642 1311 1050 159286 902 65534 53243 15910 311 127744 85151 785 685 158429 7232 54262 8203 1600 576 30482 127947 46059 331 12291 11591 2994 72162 1705 807 77059 436 1083 492 8597 37333 22641 20968 1673 14692 76623 42593 55785 54166 45871 6720 5983 5468 2456 53893 82227 28777 530 17113 3445 54561 453 254 3012 30889 591 1572 39151 8450 7725 2606 554 250 2052 5119 1694 1947 452 1132 785 27666 41525 15599 11937 30404 29766 17894 3715 1737 1398 49206 14478 11680 4023 7657 4992 28247 6603 953 649 304 1095 810 3787 13036 1093 915 11943 2681 3662 1243 1635 635 8145 869 15002 13735 7320 3211 2610 8149 1041 935 48644 14997 12656
cat_boundaries=0 1 2 3 4 5 6 7 8 9 10 11 12 13 14
cat_threshold=2 1 2 2 1 2 1 2 4 4 2 4 2 4
is_linear=0
shrinkage=0.03


Tree=16
num_leaves=127
num_cat=40
split_feature=0 5 5 5 5 12 5 0 27 0 11 5 31 5 5 5 12 26 11 5 0 0 25 5 0 0 0 5 5 11 5 12 27 23 0 21 5 21 27 27 5 26 12 5 12 30 25 23 0 5 27 0 25 27 5 0 4 0 25 27 0 5 5 4 31 22 12 25 27 5 0 5 5 25 0 11 4 5 0 5 5 27 27 5 27 32 5 11 5 27 25 27 25 0 27 25 0 5 25 27 4 0 25 27 12 24 5 0 32 11 21 27 5 8 27 5 25 25 4 0 27 5 0 0 25 8
split_gain=15966.2 7161.02 5561.99 3605.12 3100.26 2143.15 1980.85 1784.04 3489.47 7441.72 2345.29 2103.39 2051.89 2214.2 1620.33 1401.4 1368.5 1187.94 1170.83 1139.84 1134.65 1095.19 1529.33 1227.39 1160.05 1887.95 1087.19 2499.2 1912.72 1568.99 1086.55 1003.94 957.323 923.674 908.304 881.072 870.736 1727.68 2067.08 877.524 986.195 861.717 844.397 829.295 825.593 744.409 743.075 725.765 702.059 685.09 777.703 772.09 659.087 735.398 658.719 649.263 1282.87 3089.31 1565.77 639.848 627.157 2852.95 850.836 615.033 614.238 608.327 577.253 576.123 769.366 556.746 538.546 660.777 643.283 678.494 536.565 532.575 530.444 525.285 707.651 1495.09 1253.07 891.228 684.003 650.523 513.674 503.734 499.155 495.866 485.158 482.364 479.618 550.069 477.812 474.403 1762.17 470.561 469.813 468.048 461.221 453.318 588.382 800.82 631.354 440.669 439.505 618.635 435.586 996.241 423.213 422.369 970.499 567.922 2724.08 565.906 417.116 586.534 409.972 408.963 407.098 402.299 396.435 492.611 579.779 567.264 458.845 538.954
threshold=13030.000000000002 0 1 2 3 -0.11692317575216292 4 325.00000000000006 0.086274277418851866 475.00000000000006 0.24372619390487674 5 0.092846259474754347 6 7 8 -0.38243420422077173 0.24214403331279757 0.78325453400611889 9 1940.0000000000002 225.00000000000003 18.500000000000004 10 325.00000000000006 950.00000000000011 225.00000000000003 11 12 0.24372619390487674 13 0.68901559710502636 0.16058247536420825 0.058227287605404861 155.00000000000003 1.0000000180025095e-35 14 0.088029954582452788 0.058846931904554374 0.064750330522656455 15 0.0042278021574020394 -0.065537083894014345 16 -0.082691941410303102 0.10226471349596979 140.50000000000003 0.038110742345452316 950.00000000000011 17 0.058047603815793998 615.00000000000011 86.500000000000014 0.059944719076156623 18 325.00000000000006 19 950.00000000000011 17.500000000000004 0.11368945986032487 110.00000000000001 20 21 22 0.047392372041940696 0.20459871739149096 0.94066718220710765 16.500000000000004 0.098019190132617964 23 155.00000000000003 24 25 26.500000000000004 1615.0000000000002 -0.15951316058635709 26 27 950.00000000000011 28 29 0.052256155759096153 0.059944719076156623 30 0.12240357697010042 0.23673103004693988 31 0.3744682669639588 32 0.07936600968241693 78.500000000000014 0.052256155759096153 50.500000000000007 950.00000000000011 0.095947422087192549 123.00000000000001 155.00000000000003 33 77.500000000000014 0.07936600968241693 34 155.00000000000003 64.500000000000014 0.095947422087192549 0.71952396631240856 1.0113131999969485 35 950.00000000000011 0.22332979738712314 0.3903625756502152 0.035404589027166374 0.10038758814334871 36 8.5000000000000018 0.12835267186164859 37 110.00000000000001 36.500000000000007 38 1225.0000000000002 0.086274277418851866 39 950.00000000000011 615.00000000000011 59.500000000000007 7.5000000000000009
decision_type=2 9 9 9 9 2 9 2 2 2 2 9 8 9 9 9 2 10 2 9 2 2 2 9 2 2 2 9 9 2 9 2 2 10 2 10 9 8 2 2 9 8 2 9 2 10 2 10 2 9 2 2 2 2 9 2 9 2 2 2 2 9 9 9 8 8 2 2 2 9 2 9 9 2 2 2 9 9 2 9 9 2 2 9 2 8 9 2 9 2 2 2 2 2 2 2 2 9 2 2 9 2 2 2 2 2 9 2 8 2 10 2 9 2 2 9 2 2 9 2 2 9 2 2 2 2
left_child=1 4 6 5 45 14 18 36 15 -10 16 12 95 30 -3 87 43 21 92 106 26 23 24 -7 -23 67 27 29 -28 96 -14 69 93 34 -25 63 42 47 90 52 -41 -13 -5 48 49 -1 77 -38 76 -17 54 -52 -40 -54 -51 89 57 58 -57 86 61 75 -62 -31 -24 -66 -33 68 -26 -4 72 -72 73 -29 98 -44 -11 108 79 81 85 83 -83 -79 -61 -80 -43 -9 -89 -16 -39 116 -2 94 -32 -12 -6 -53 -50 -42 -101 -102 -103 -95 105 -94 107 -18 -46 113 111 -111 -113 -30 115 -15 -92 -73 -48 -109 121 -58 123 -123 -122 -126
right_child=2 3 31 7 20 17 -8 8 9 10 11 41 13 114 55 44 19 -19 -20 -21 -22 22 64 33 25 -27 28 70 109 35 32 66 -34 -35 -36 -37 37 38 39 40 99 59 60 -45 46 -47 118 -49 74 50 51 97 53 -55 -56 56 120 -59 -60 84 62 -63 -64 -65 65 -67 -68 -69 -70 -71 71 117 -74 -75 -76 -77 -78 78 80 -81 -82 82 -84 -85 -86 -87 -88 88 -90 -91 91 -93 104 103 -96 -97 -98 -99 -100 100 101 102 -104 -105 -106 -107 -108 119 -110 110 -112 112 -114 -115 -116 -117 -118 -119 -120 -121 124 122 -124 -125 125 -127
leaf_value=0.015281304304151776 -0.077577642512564757 0.0045814294833563451 -0.045632137667975928 0.00062248863461603575 0.00026900895161141765 -0.010522431644061849 -0.19147063117465074 0.0088540612872473022 -0.17261589460847784 0.039181798948784881 -0.011171303429138146 -0.054079503617332256 -0.078045191798055927 -0.0092727600015316772 0.0047151692339707481 0.0090148213879388123 0.012898541825440741 0.0093549498730850743 -0.0075024966070952924 -0.00060922644159822005 -0.05626248719999867 -0.016299425231682041 -0.0021976781061216291 -0.016133995566962909 -0.02413847470766909 -0.0026904052736548083 0.011970505237145665 -0.090658846974945986 0.0051517628459822927 -0.028954095066312632 -0.16268638092004795 -0.12610032933337667 -0.010688300789400407 -0.0807106800318933 -0.035899371456390439 -0.02208210212157093 -0.014025956608299703 -0.024898564201185511 0.002129188739156376 -0.0070508648476054828 -0.019068416824894428 0.019605672071448067 -0.13957448824969204 0.0066454372416979374 -0.0038851461533450007 0.036752820719399289 0.0026569821666314795 0.010022387163063591 -0.0072018029527856535 0.0079943643004992404 0.011707990433680853 -0.020067901872361151 0.036326994677782054 -0.044632507206307966 -0.029950486890600037 -0.12532877183816535 0.01626865981877481 0.029552407565510877 -0.01680371827303858 -0.072339762801001239 0.0085436534710414732 -0.011410128375880697 -0.0080086268261986716 -0.078325457779042748 -0.01909651620643071 -0.010314679399623756 -0.03335215051612541 -0.10667354429514957 -0.11051060067439401 0.02413776202845536 0.021460783583978359 -0.017866049255965879 -0.0017699501459269302 -0.017422468325228906 -0.039793817980817575 -0.065410606002560545 -0.021419215450908809 -0.0026540300022904108 -0.038864209520008998 0.01496091739440226 0.015672795310433654 0.015670047532409359 -0.0081138889216022664 -0.027349819608237763 -0.0098625800414022888 -0.013594949310362002 0.0011101432950332761 0.014189294066354701 -0.00085667288836030659 -0.02312753798735601 -0.03025910490459115 -0.0012689293640070791 -0.19697090858558436 -0.016869292690594898 -0.036017896832695906 0.0028007305024562823 -0.019972078413862955 0.014363966912521656 0.0041139755808424616 -0.103578690801348 -0.0072117235931733626 -0.10461723523379238 -0.026009570553953594 -0.046699100267210601 -0.095528643557869164 -0.10157733277739764 -0.0084818108506261695 -0.052898298396948956 -0.01564638655830812 -0.0081429215000427425 0.0022029804187510176 -0.16721241882869176 -0.013760059956669958 -0.00068636321768669078 -0.0074348428955495127 -0.026178795788742087 0.0027198480031727342 0.0038274033689292028 0.028160927470318939 -0.0082349354642369931 -0.011683220121575135 -0.01071904559880292 0.014279209634233266 -0.057199677219352776 -0.073078849826584039 -0.021710913995945123
leaf_weight=5356 195 10686 141 14633 1968 4784 392 23030 240 137 5416 252 634 2930 3546 9876 423 1784 102 22472 309 1354 5426 3597 251 395 16739 129 28574 341 136 106 1038 305 5011 963 1543 11901 8088 4368 978 1816 164 15515 4469 1995 5546 4206 4859 578 3326 1499 124 528 1417 375 919 294 176 128 3266 7525 19100 689 10388 22440 141 427 147 308 1851 851 10813 924 305 192 2266 1659 1176 4314 967 1968 2432 2303 1454 1794 4690 2306 11510 664 1662 1914 158 612 358 3618 2169 458 9735 146 381 203 169 1655 165 106 37201 749 7176 6769 12747 108 884 31323 3284 5174 426 9535 626 240 8520 2064 749 266 227 958
leaf_count=5356 195 10686 141 14633 1968 4784 392 23030 240 137 5416 252 634 2930 3546 9876 423 1784 102 22472 309 1354 5426 3597 251 395 16739 129 28574 341 136 106 1038 305 5011 963 1543 11901 8088 4368 978 1816 164 15515 4469 1995 5546 4206 4859 578 3326 1499 124 528 1417 375 919 294 176 128 3266 7525 19100 689 10388 22440 141 427 147 308 1851 851 10813 924 305 192 2266 1659 1176 4314 967 1968 2432 2303 1454 1794 4690 2306 11510 664 1662 1914 158 612 358 3618 2169 458 9735 146 381 203 169 1655 165 106 37201 749 7176 6769 12747 108 884 31323 3284 5174 426 9535 626 240 8520 2064 749 266 227 958
internal_value=-0.00409763 -0.00378644 -0.0929203 -0.00588055 0.00215385 -0.0112996 -0.133911 -0.00431703 -0.00288869 -0.00606797 -0.00575212 -0.0126062 -0.0169769 -0.023497 -0.00474209 0.00168941 -0.00332906 -0.0147304 -0.100438 -0.00598356 0.0010623 -0.0155186 -0.0130554 -0.0228596 -0.0354353 -0.0566422 0.00120188 -0.00376619 0.00274806 -0.0208506 -0.04148 -0.0247028 -0.0351701 -0.0294347 -0.0276429 -0.0427452 -0.00809816 -0.0115302 -0.0143438 -0.00634825 -0.0149357 0.000439989 -0.00529252 0.00161201 -0.00150264 0.021084 -0.00418182 0.00356663 -0.00290385 0.00387383 -0.00311071 0.00291193 -0.00021127 -0.0292032 -0.0190684 -0.0100505 -0.0130582 -0.0489124 -0.090757 0.00214569 -0.00815578 -0.0154327 -0.00559106 -0.0620241 -0.0115486 -0.0130941 -0.073503 -0.0824392 -0.0562368 0.00169747 0.00058791 0.00500378 -0.00396557 -0.0262232 -0.000478121 -0.09715 -0.0179494 -0.00624153 -0.00281031 0.000638912 -0.0139203 -0.0067606 0.00252516 -0.017088 -0.0149601 -0.0235311 0.0063068 0.0061569 0.00166511 0.000319376 -0.021877 -0.0128877 -0.1172 -0.0444942 -0.0711484 -0.00557599 -0.0103455 -0.0120357 0.000346208 -0.0330575 -0.048605 -0.0378228 -0.0690712 -0.0386572 -0.134988 -0.159197 -0.0091087 -0.0254317 -0.0111239 0.000826384 -0.00288934 -0.0112524 -0.0324406 0.00209877 -0.0164428 -0.0201121 -0.0235326 0.00204638 0.00524788 -0.0420791 -0.0108438 -0.00289269 -0.00864004 -0.0160477 -0.0141186 -0.0316043
internal_weight=519888 518074 1814 383037 135037 85753 1118 297284 215767 127337 127097 33195 24855 15821 29444 88430 93902 56309 726 61085 127686 54525 40828 13697 2574 1220 127377 30233 97144 6130 4433 696 3799 8913 8608 1993 81517 36637 30888 14985 6245 8340 44880 32817 51584 7351 34430 5749 17302 17154 7278 5283 8740 652 1995 18758 14548 845 551 8088 30247 7881 22366 1030 38254 32828 247 825 398 449 24103 12237 11866 1053 14899 356 2403 28258 16613 12676 3937 8362 4400 3962 1582 2970 6506 36846 13816 4210 15903 4002 624 2761 494 9034 4137 1957 14594 1877 899 753 372 2267 429 264 38613 1412 11645 80405 20508 7761 992 59897 11388 8104 2088 10386 6172 989 13703 3998 3079 2330 9705 1185
internal_count=519888 518074 1814 383037 135037 85753 1118 297284 215767 127337 127097 33195 24855 15821 29444 88430 93902 56309 726 61085 127686 54525 40828 13697 2574 1220 127377 30233 97144 6130 4433 696 3799 8913 8608 1993 81517 36637 30888 14985 6245 8340 44880 32817 51584 7351 34430 5749 17302 17154 7278 5283 8740 652 1995 18758 14548 845 551 8088 30247 7881 22366 1030 38254 32828 247 825 398 449 24103 12237 11866 1053 14899 356 2403 28258 16613 12676 3937 8362 4400 3962 1582 2970 6506 36846 13816 4210 15903 4002 624 2761 494 9034 4137 1957 14594 1877 899 753 372 2267 429 264 38613 1412 11645 80405 20508 7761 992 59897 11388 8104 2088 10386 6172 989 13703 3998 3079 2330 9705 1185
cat_boundaries=0 2 4 6 8 10 12 14 16 18 20 21 22 23 24 26 28 30 32 34 35 37 39 40 42 43 44 45 47 49 51 53 55 56 58 59 61 62 63 64 65
cat_threshold=423901270 170 303038466 8196 574505 2112 16 2 34603008 4 1720844288 8708 75628544 512 1057 2048 2726494208 8209 3859939328 24596 33801 4194306 4194310 131072 1142947968 18176 33620480 1 1688207488 16388 3145728 17920 67108864 4 1 0 512 67108864 512 1 524288 2048 6208 10240 1 2097152 20736 67109376 1536 1048576 1028 67108864 1024 66048 17408 196608 67108992 4100 2 0 16 10240 1610612736 1 32768
is_linear=0
shrinkage=0.03


Tree=17
num_leaves=127
num_cat=42
split_feature=0 5 5 5 5 5 30 11 13 13 5 25 0 5 0 5 5 13 29 25 2 5 5 5 0 11 0 0 0 25 25 25 5 31 5 5 22 27 11 5 0 29 25 5 27 30 25 27 5 5 0 5 27 5 0 32 27 5 27 27 27 11 5 0 0 0 11 30 13 0 2 5 5 0 29 5 25 5 5 5 5 27 31 27 25 25 25 8 25 0 3 0 5 5 27 27 25 20 0 27 13 4 5 0 5 0 11 0 27 11 0 4 27 8 3 0 0 26 8 5 0 0 29 25 25 5
split_gain=14350.1 6778.4 5543.71 3283.88 2896.42 1918.63 1659.57 2263.51 3214.51 1629.16 1628.69 1471.09 1512.08 1477.79 1446.64 2391.9 1983.5 1227.12 1055.44 978.523 969.071 1178.07 1055.47 961.177 952.002 878.116 867.74 2189.65 5085.44 2075.8 2663.16 1672.27 1139.89 920.942 880.781 835.078 1028.49 821.768 811.212 947.696 794.635 792.684 762.943 757.749 751.139 737.93 728.883 718.711 1086.39 673.329 946.316 849.479 668.838 771.101 834.874 651.762 647.75 626.135 1337.27 1855.55 701.207 626.924 599.114 592.022 589.523 587.013 564.423 1030.72 939.107 563.915 554.026 2794.61 546.769 544.408 624.739 570.48 621.744 527.361 519.996 518.643 506.991 514.798 497.351 473.521 543.628 469.951 448.142 442.802 438.852 433.191 462.794 432.196 497.546 419.346 416.248 405.821 405.118 457.961 404.255 648.132 403.054 399.475 395.361 468.861 392.782 392.123 383.022 381.695 380.584 378.303 373.796 368.321 361.289 358.49 354.682 351.582 350.955 350.226 425.64 349.827 718.409 551.789 442.028 417.612 443.849 364.674
threshold=13030.000000000002 0 1 2 3 4 0.17508070915937426 0.3744682669639588 37.500000000000007 15.500000000000002 5 58.500000000000007 225.00000000000003 6 180.00000000000003 7 8 27.500000000000004 0.099066305905580535 50.500000000000007 9 10 11 12 325.00000000000006 0.24372619390487674 325.00000000000006 950.00000000000011 850.00000000000011 20.500000000000004 12.500000000000002 17.500000000000004 13 0.039571190252900131 14 15 -2.3023446202278133 0.059944719076156623 -0.67803022265434254 16 1940.0000000000002 0.064788181334733977 88.500000000000014 17 0.15550526976585391 0.10479542613029481 117.50000000000001 0.059944719076156623 18 19 715.00000000000011 20 0.16058247536420825 21 950.00000000000011 0.16744302958250049 0.07936600968241693 22 0.089248880743980422 0.095947422087192549 0.086274277418851866 -0.13398594409227368 23 1715.0000000000002 325.00000000000006 615.00000000000011 0.24372619390487674 0.2969335168600083 36.500000000000007 1225.0000000000002 24 25 26 155.00000000000003 0.040852611884474761 27 26.500000000000004 28 29 30 31 0.08212983608245851 0.062614444643259062 0.095947422087192549 57.500000000000007 27.500000000000004 47.500000000000007 8.5000000000000018 85.500000000000014 225.00000000000003 32 850.00000000000011 33 34 0.084925193339586272 0.092709075659513487 14.500000000000002 81.500000000000014 615.00000000000011 0.095947422087192549 42.500000000000007 35 36 225.00000000000003 37 155.00000000000003 -0.68430826067924488 155.00000000000003 0.053263295441865928 0.80417552590370189 61.500000000000007 38 0.064750330522656455 10.500000000000002 39 1280.0000000000002 1560.0000000000002 0.22268813848495486 9.5000000000000018 40 90.000000000000014 155.00000000000003 0.04237759672105313 67.500000000000014 87.500000000000014 41
decision_type=2 9 9 9 9 9 10 2 2 2 9 2 2 9 2 9 9 2 8 2 9 9 9 9 2 2 2 2 2 2 2 2 9 8 9 9 10 2 2 9 2 10 2 9 2 10 2 2 9 9 2 9 2 9 2 10 2 9 2 2 2 2 9 2 2 2 2 8 2 2 9 9 9 2 8 9 2 9 9 9 9 2 10 2 2 2 2 2 2 2 1 2 9 9 2 2 2 2 2 2 2 9 9 2 9 2 2 2 2 2 2 9 2 2 1 2 2 8 2 9 2 2 10 2 2 9
left_child=1 3 5 45 11 18 7 8 17 91 -11 13 41 -3 15 25 -16 79 -2 -20 22 -22 -12 -4 104 -5 43 28 29 30 -28 34 83 -31 100 105 107 64 -33 -40 46 94 55 -15 -21 112 66 48 -26 50 51 -39 53 -23 78 80 -53 58 -35 -60 -59 -62 95 -64 102 101 68 -68 -18 -56 71 -69 -49 75 -75 76 -17 -72 -55 115 81 -14 -8 -29 -85 -76 -67 -36 98 90 117 93 116 -9 119 -52 97 -91 -80 -100 -32 -58 -19 -104 -10 -27 -51 -37 -79 -71 -78 -34 -1 -41 -44 -6 -93 -45 -119 120 -13 122 -121 125 -125 -123
right_child=2 4 23 14 6 -7 82 9 24 10 20 12 42 26 16 73 40 37 19 44 21 52 -24 -25 47 35 27 32 -30 33 31 38 111 57 87 36 -38 49 39 113 -42 -43 114 89 -46 -47 -48 72 -50 106 62 56 -54 54 69 -57 65 60 59 -61 61 -63 63 -65 -66 86 67 70 -70 109 77 -73 -74 74 85 -77 110 108 88 -81 -82 -83 -84 84 -86 -87 -88 -89 -90 96 -92 92 -94 -95 -96 -97 -98 -99 99 -101 -102 -103 103 -105 -106 -107 -108 -109 -110 -111 -112 -113 -114 -115 -116 -117 -118 118 -120 121 -122 123 -124 124 -126 -127
leaf_value=0.021138207226892993 -0.017488535270690917 0.0020099044754694349 -0.053277250225584091 -0.010702207862110041 0.001174207324649786 -0.1851169205534047 0.011258970059933777 0.0038519142902202186 -0.0082028006502499178 -0.0080937223682997217 -0.028440003107343799 -0.03280762887954479 0.015144978836036408 -0.012200165137929077 0.011590639367798916 -0.087251092997098031 0.0053858724002077843 0.012219639748395433 -0.059239732769887837 -0.10730120808374687 -0.071358219882653603 -0.01003558887119842 0.0054840307115934994 0.015676158562880651 -0.010757974497628288 -0.0046254415706378886 0.0020811201385496688 -0.0027370890299235973 -0.13833551573753355 0.012953935752281886 0.01376501439231457 -0.07309647618143722 0.024203338848076544 -0.017483407124192676 -0.12723043121899349 -0.099964989467213536 -0.023774456300357558 -0.0020840629315293708 -0.091489956650350771 0.018933426127360268 -0.042605450806503312 -0.073490830449497002 -0.0069779437863511755 -0.065435317554129444 -0.19281435300058758 0.036372725183444234 0.015160586944108238 -0.01763752498862399 0.0087704681211253858 0.0012719968292475624 -0.02403770373247361 -0.0084462747901533197 -0.011650069536296872 -0.014991977977595139 -0.021464494400759471 -0.021814818703171611 -0.12246455108448158 0.016663727896468573 -0.16363937575476509 -0.025092373950658307 -0.003301711280244007 -0.043114841712996933 0.0072471399613810873 -0.046336738164619806 0.014884339353481026 0.021442065852500448 0.0016493745381515438 -0.13775014573515487 -0.0014750087984592714 -0.040790788046180984 0.0021190164907137054 -0.013526029461339366 -0.0060746468032156472 0.032560858193547024 0.017816914938900721 -0.0022230499025397495 -0.049636327413221194 -0.02646786436012637 -0.057163687978465494 -0.0061458977971001003 -0.015168410611727837 -0.008220636922082341 0.00052248536611391398 -0.0180402692136791 -0.066350137845814103 0.00061175804725283891 -0.033415026657436529 -0.079089039556133597 -0.029501727618635658 0.012816336155804089 0.0071883466118404637 -0.027682497160520379 -0.0079162361580907854 -0.005781507190553363 -0.062648493684527851 -0.0022222386209555054 0.0094547656867621684 -0.065216534988094987 -0.14686926789581775 -0.065444386252202086 -0.071084729149790096 -0.041993254258620653 -0.029723075134652863 0.00083762777976489303 -0.015736972216557003 -0.031108860933840164 0.010228721858901356 -0.053994126819045273 -0.0080281721329193752 -0.10021687869514738 -0.0057241030704227695 0.0024342511204983905 0.0053113010567070766 -0.022724720029140038 0.0090231670547097319 -0.046918227681485208 0.0099138952270385779 0.003505941686779162 -0.025873901634050376 -0.021685646068818482 0.011901247426180933 0.024339816943304428 0.0077346487746855382 -0.053501273252359052 -0.027987998324971196 -0.025389644171225214
leaf_weight=3402 124 11711 379 7200 15860 395 6562 5040 11413 11835 1489 599 1062 6471 16693 128 32991 2400 200 243 547 1293 1833 337 4074 1147 982 1959 334 1212 100 396 835 3444 385 287 829 4554 143 261 383 305 5856 121 155 2002 3017 3967 6875 8694 946 1629 2170 216 2525 7576 105 934 139 231 1129 519 10272 188 8103 148 17339 163 39396 1271 4162 2723 50594 684 1667 10685 233 1247 325 25231 9316 4208 9510 2775 226 9965 1359 325 186 128 1255 2003 11051 20952 247 4049 4515 142 167 191 100 120 520 3402 13956 896 8496 386 5234 104 687 4286 2100 640 1583 137 251 795 1003 2416 701 140 567 1236 1227 1395
leaf_count=3402 124 11711 379 7200 15860 395 6562 5040 11413 11835 1489 599 1062 6471 16693 128 32991 2400 200 243 547 1293 1833 337 4074 1147 982 1959 334 1212 100 396 835 3444 385 287 829 4554 143 261 383 305 5856 121 155 2002 3017 3967 6875 8694 946 1629 2170 216 2525 7576 105 934 139 231 1129 519 10272 188 8103 148 17339 163 39396 1271 4162 2723 50594 684 1667 10685 233 1247 325 25231 9316 4208 9510 2775 226 9965 1359 325 186 128 1255 2003 11051 20952 247 4049 4515 142 167 191 100 120 520 3402 13956 896 8496 386 5234 104 687 4286 2100 640 1583 137 251 795 1003 2416 701 140 567 1236 1227 1395
internal_value=-0.00392703 -0.00363054 -0.0876958 0.00137513 -0.00598237 -0.128999 -0.00443819 -0.00503784 -0.00337724 -0.00993433 -0.0160661 -0.0107723 -0.0151371 -0.00724228 0.000454322 -0.00494802 0.00197828 0.000444554 -0.0959806 -0.113803 -0.0236994 -0.0288274 -0.00976521 -0.0210768 -0.0074233 -0.0167069 -0.0102678 -0.0141108 -0.023194 -0.0196664 -0.0394096 -0.056741 -0.00395123 -0.0110157 -0.0885656 -0.0289433 -0.0458813 0.00337827 -0.0365821 -0.0226751 0.000472584 -0.02603 -0.0118859 -0.00458718 -0.141004 0.0207514 0.00062828 -0.00551239 0.00150202 0.00119101 -0.00212415 -0.01056 -0.0259843 -0.0309777 -0.0363136 -0.0146762 -0.021969 -0.0155591 -0.0232579 -0.0774419 -0.00407638 -0.0158585 0.00219516 0.00627373 0.00952786 -0.0348021 0.000203519 -0.00319302 0.00165193 -0.0298969 -0.00939877 -0.0210386 -0.00692001 0.000313107 0.00471865 -0.00431108 -0.0253149 -0.0062152 -0.0596636 -0.00346808 -0.0109671 -0.00350342 0.00490649 -0.0141835 -0.0216993 0.00307878 -0.028017 -0.103875 -0.0697631 0.00161654 -0.00697361 -0.00616542 -0.0105627 -0.0039142 -0.0243241 -0.00634514 0.00731823 -0.0283124 -0.0816882 -0.103731 -0.0274374 -0.0799222 0.00266112 -0.00321263 -0.0123574 -0.0161707 0.0056958 -0.0737176 -0.0115618 -0.0453551 -0.0168872 0.00597615 0.0150995 -0.0105329 -0.00357219 0.000758957 -0.0233896 -0.0162343 -0.0128886 -0.0231736 -0.00864218 -0.0258286 -0.0160928 -0.0331515 -0.0408078 -0.020848
internal_weight=520022 518189 1833 165646 352543 1117 266613 250541 187092 63449 24152 85930 38434 47496 158142 34794 123348 96213 722 598 12317 8995 3322 716 90879 10745 35785 21355 11274 10940 3332 2350 10081 7608 910 3545 1502 54985 1440 1044 106655 8833 29601 14430 398 7504 106272 65510 10949 40560 23370 7915 8448 6278 4985 22162 3361 6396 3814 370 2582 1648 15455 10460 14425 1732 103255 30868 72387 3900 13529 2886 54561 24049 12316 11733 1048 10643 1085 41228 14586 5270 16072 4960 3001 11632 1507 710 869 7959 3174 39297 13305 25992 8528 4995 4785 270 683 358 200 225 6322 3922 25369 2043 17190 673 6481 1375 920 5121 5502 901 7439 15997 2254 1919 1798 8281 1300 6981 2983 3998 2463 1535
internal_count=520022 518189 1833 165646 352543 1117 266613 250541 187092 63449 24152 85930 38434 47496 158142 34794 123348 96213 722 598 12317 8995 3322 716 90879 10745 35785 21355 11274 10940 3332 2350 10081 7608 910 3545 1502 54985 1440 1044 106655 8833 29601 14430 398 7504 106272 65510 10949 40560 23370 7915 8448 6278 4985 22162 3361 6396 3814 370 2582 1648 15455 10460 14425 1732 103255 30868 72387 3900 13529 2886 54561 24049 12316 11733 1048 10643 1085 41228 14586 5270 16072 4960 3001 11632 1507 710 869 7959 3174 39297 13305 25992 8528 4995 4785 270 683 358 200 225 6322 3922 25369 2043 17190 673 6481 1375 920 5121 5502 901 7439 15997 2254 1919 1798 8281 1300 6981 2983 3998 2463 1535
cat_boundaries=0 2 4 6 8 10 12 14 15 16 17 18 20 22 23 24 25 26 27 29 31 33 35 36 38 39 40 42 43 45 47 49 50 51 52 54 55 57 59 60 61 62 63
cat_threshold=2638494294 170 303038466 8196 16 2 574505 2112 34603008 4 540016768 21776 32 2048 4194818 4194310 2 131072 1073807360 1 537395200 2048 32776 1024 4194816 1024 1032 2097152 28928 547487872 1029 128 1029 1073807360 1 540672 0 4 8 10240 1075838976 16 10240 2281711680 8 0 4 536870912 25616 32768 2 1074921472 546308096 8197 4 1073741952 17424 1107361920 1792 1 2 32768 16384
is_linear=0
shrinkage=0.03


Tree=18
num_leaves=127
num_cat=38
split_feature=0 5 5 5 2 5 5 4 5 31 21 0 13 13 5 5 21 31 11 5 25 5 11 13 22 27 11 22 5 25 2 0 25 27 25 25 0 11 5 26 27 0 5 5 27 0 5 0 5 0 5 5 21 5 0 0 0 0 5 31 27 5 5 0 32 5 0 27 0 5 0 4 0 11 0 5 25 0 25 13 5 26 13 0 0 21 0 27 31 11 0 0 11 5 5 25 22 2 0 30 26 27 11 25 0 0 4 27 5 13 13 13 0 5 0 25 5 5 27 27 0 25 0 0 25 21
split_gain=14159.3 6353.86 5144.82 4175.4 3106.34 3832.7 2397.83 2286.6 1564.61 1354.72 1235.87 1215.68 1191.71 1836.2 1458.19 1285.98 1169.06 1133.09 1130.64 1055.31 955.249 952.628 946.893 2088.65 929.764 912.21 813.093 1242.97 2488.79 888.937 788.384 734.535 1908.72 723.536 650.567 836.738 650.109 966.158 629.504 623.336 1032.18 622.901 864.457 766.274 708.261 2500.64 1590.95 616.162 599.569 602.934 856.228 595.161 583.393 582.871 555.269 3037.53 547.265 2002.6 510.289 505.276 693.87 667.112 501.884 493.39 479.645 462.186 446.455 440.884 436.069 434.454 584.12 1526.79 2442.68 639.852 435.88 428.903 417.975 484.469 416.586 431.636 400.162 444.604 392.05 374.59 1670.94 372.368 396.067 533.144 358.057 355.231 453.168 408.007 345.769 343.608 338.769 336.632 335.976 329.62 572.304 328.092 319.616 313.512 440.942 310.903 450.445 335.984 305.731 339.166 305.037 302.149 553.323 323.953 301.875 369.119 293.366 343.834 284.486 284.449 844.339 540.247 437.019 278.602 395.519 270.709 870.393 526.69
threshold=13030.000000000002 0 1 2 3 4 5 6 7 0.03126017842441798 0.042858690023422248 1715.0000000000002 39.500000000000007 25.500000000000004 8 9 0.13383229821920398 0.058328395709395416 0.23537775129079822 10 50.500000000000007 11 0.40614137053489691 36.500000000000007 0.22087651491165164 0.07936600968241693 0.24372619390487674 -2.3023446202278133 12 89.500000000000014 13 1940.0000000000002 82.500000000000014 0.15550526976585391 88.500000000000014 75.500000000000014 1225.0000000000002 0.24372619390487674 14 0.058766001835465438 0.051913643255829818 850.00000000000011 15 16 0.092709075659513487 615.00000000000011 17 90.000000000000014 18 550.00000000000011 19 20 0.064643450081348433 21 950.00000000000011 850.00000000000011 950.00000000000011 615.00000000000011 22 0.058672610670328147 0.055219287052750594 23 24 850.00000000000011 0.24404924362897876 25 90.000000000000014 0.15358696132898333 1560.0000000000002 26 325.00000000000006 27 950.00000000000011 -0.90529522299766529 155.00000000000003 28 59.500000000000007 950.00000000000011 100.50000000000001 39.500000000000007 29 0.12242787331342699 37.500000000000007 1280.0000000000002 1560.0000000000002 0.13533534109592441 90.000000000000014 0.055219287052750594 0.073215696960687651 -0.68430826067924488 90.000000000000014 1280.0000000000002 -0.15951316058635709 30 31 7.5000000000000009 0.095136199146509184 32 325.00000000000006 0.10479542613029481 0.10922185331583024 0.05270845256745816 0.24372619390487674 63.500000000000007 615.00000000000011 325.00000000000006 33 0.1045757830142975 34 39.500000000000007 25.500000000000004 16.500000000000004 325.00000000000006 35 1560.0000000000002 77.500000000000014 36 37 0.10038758814334871 0.12240357697010042 1280.0000000000002 9.5000000000000018 155.00000000000003 325.00000000000006 16.500000000000004 0.10989969968795778
decision_type=2 9 9 9 9 9 9 9 9 10 10 2 2 2 9 9 8 8 2 9 2 9 2 2 8 2 2 10 9 2 9 2 2 2 2 2 2 2 9 10 2 2 9 9 2 2 9 2 9 2 9 9 8 9 2 2 2 2 9 10 2 9 9 2 10 9 2 2 2 9 2 9 2 2 2 9 2 2 2 2 9 8 2 2 2 10 2 2 10 2 2 2 2 9 9 2 10 9 2 10 10 2 2 2 2 2 9 2 9 2 2 2 2 9 2 2 9 9 2 2 2 2 2 2 2 10
left_child=1 12 -2 9 8 11 16 10 17 66 36 38 13 21 25 76 -4 108 75 31 67 52 23 80 93 -14 29 28 -28 62 59 32 -13 92 35 39 -7 -38 85 -32 -41 43 -43 -25 78 -46 -47 -30 -26 51 -51 -50 -1 56 55 96 57 -16 -20 61 -61 -23 117 88 -65 -56 101 -18 95 70 74 72 73 -72 -17 -19 -15 -78 79 -45 81 -10 -77 -29 -85 86 87 -6 -62 90 -31 -91 -22 112 -8 -64 123 98 -71 -11 -63 102 -3 -68 105 -105 -36 -108 -5 110 111 -40 113 -24 115 -37 -70 118 -9 -120 -119 122 -97 -54 -125 -126
right_child=2 3 6 4 5 7 94 26 22 99 -12 19 14 15 53 69 20 18 58 -21 33 30 24 41 48 -27 27 83 47 89 34 -33 -34 -35 106 114 37 -39 109 40 -42 42 -44 44 45 46 -48 -49 49 50 -52 -53 54 -55 65 -57 -58 -59 -60 60 63 100 68 64 -66 -67 103 -69 116 97 71 -73 -74 -75 -76 82 77 -79 -80 -81 -82 -83 -84 84 -86 -87 -88 -89 -90 91 -92 -93 -94 -95 -96 121 -98 -99 -100 -101 -102 -103 -104 104 -106 -107 107 -109 -110 -111 -112 -113 -114 -115 -116 -117 -118 120 119 -121 -122 -123 -124 124 125 -127
leaf_value=0.0059778405840417775 -0.18077238514803456 0.010445684509432835 -0.020842509389751483 0.016023011749886962 -0.060689081138395891 -0.10846027797512087 -0.030804399753248453 0.018018054115993436 -0.00041133325804719619 0.018071599795439947 -0.01638301373029254 -0.00069972626533574211 0.016236856443050847 0.0074529828533600306 -0.02299039740609933 -0.022493051272073954 -0.088684950023889542 0.011298706561697985 -0.015828552608081414 0.008511426692231162 -0.073823846623847611 -0.0032053030544311623 0.0032102172269897642 -0.0020676734379039257 -0.0049342736249086503 -0.0068826837102994726 -0.0090082961120304759 -0.0085686261468631009 -0.0912329171671242 -0.073363934988937077 -0.0040691630024166682 -0.032847679623150605 -0.17608835477565155 -0.17647187427622932 -0.008729350965290112 -0.043830693010951008 -0.0082361160383066703 -0.11161103941719321 0.0024674695077461272 0.0033740451902883441 -0.069590249248583549 -0.011620250921253095 0.0035859148059105652 -0.0010188894940973902 -0.15430500623703003 -0.039547630460893567 -0.00070881839454082888 -0.041594382936078651 0.0045709032299618858 -0.034846409621433538 -0.0099893324661288526 -0.020804317819808221 -0.012749507722094518 -0.013868250428383957 -0.009622829424198653 -0.16939401689424829 0.0030896753215561863 -0.10320771564485001 -0.0023409449579134497 -0.066758096838990838 -0.01768967093318994 -0.018839019341157507 0.021281786614806876 -0.034115367238910732 -0.0074298448335008782 0.011880468652957761 0.013462418145320537 -0.020486277401447293 -0.010784722962515302 -0.0063816662268797991 -0.058207980360643098 -0.010601681678290804 0.027935382396463999 -0.12752826914191245 0.013471464702509685 0.0061381249196863271 -0.0010089366236679684 -0.042367252136133245 -0.002668385463128638 -0.016950125131070911 0.00075656358927347325 0.0079904197533867249 0.00018485360684856452 -0.11166016236207513 0.00049747235298099859 -0.02537368937365932 -0.0030595645600970853 -0.0054137250154065505 0.009026869574870245 -0.0096188076468401752 -0.021011575993617266 -0.054507803869625872 -0.14306845103580396 0.0020000596037572306 0.025703047813269597 -0.01393362498614523 0.0030427994796255022 -0.0056502768492318334 0.011613886904840012 0.038373522919106194 0.016449394456193416 0.00011256670691370862 -0.066989946454454954 0.0044121859850879425 0.024155164016359199 -0.017716779754746274 0.01324009988195375 -0.0052152768231766757 0.0069605179624861284 -0.0022014415183958529 0.0082611740256276524 -0.0072115389881973945 -0.0025837600378292532 -0.019422826180436038 0.011362291940798361 -0.020750422237674489 0.026533875235088041 -0.0039826453675213683 -0.089802428149658692 0.0045131570366211231 0.035172576266323204 -0.011235334988930232 -0.074044625661335878 -0.093053997123595508 -0.0022692911219627529 -0.031435158107386424
leaf_weight=3366 403 114 215 6699 253 346 140 1519 7402 1190 471 103 1797 12175 4459 407 223 6221 3555 438 190 3859 896 16120 6820 10539 3609 9932 243 154 7381 653 121 174 2397 694 203 135 10679 343 354 4415 14021 2083 124 1696 2150 3043 1817 2730 2341 1521 10871 30554 1484 105 569 298 8687 323 1936 9542 276 2961 763 2251 10158 139 296 3288 231 5099 208 255 1181 17964 1527 305 7018 5772 22086 24204 22331 171 392 731 24855 412 588 5139 3850 188 102 10466 250 269 2083 17524 3079 1811 236 1902 156 4099 903 726 2024 1607 6785 12191 12098 4391 9083 2355 215 3580 461 10461 114 104 262 10249 155 100 7499 601
leaf_count=3366 403 114 215 6699 253 346 140 1519 7402 1190 471 103 1797 12175 4459 407 223 6221 3555 438 190 3859 896 16120 6820 10539 3609 9932 243 154 7381 653 121 174 2397 694 203 135 10679 343 354 4415 14021 2083 124 1696 2150 3043 1817 2730 2341 1521 10871 30554 1484 105 569 298 8687 323 1936 9542 276 2961 763 2251 10158 139 296 3288 231 5099 208 255 1181 17964 1527 305 7018 5772 22086 24204 22331 171 392 731 24855 412 588 5139 3850 188 102 10466 250 269 2083 17524 3079 1811 236 1902 156 4099 903 726 2024 1607 6785 12191 12098 4391 9083 2355 215 3580 461 10461 114 104 262 10249 155 100 7499 601
internal_value=-0.0038137 -0.00351887 -0.0869555 -0.00129108 -0.00210262 -0.00599952 -0.0587932 -0.0121052 3.04291e-05 0.0116642 -0.0538302 -0.00125042 -0.008474 -0.00678247 -0.0124203 -0.0021133 -0.0824995 0.00363757 0.00183813 -0.0297996 -0.0994602 -0.00993018 -0.00176537 -0.000321406 -0.00583199 -0.00351094 -0.0111595 -0.0164227 -0.0263173 -0.00842673 -0.0129849 -0.0484661 -0.0958024 -0.127878 -0.00851369 -0.0124043 -0.0795547 -0.0497324 -0.000677958 -0.00663231 -0.0337305 -0.00452249 -6.04043e-05 -0.00687528 -0.0109809 -0.0222432 -0.0179463 -0.0451544 -0.0115713 -0.016927 -0.0234639 -0.00704301 -0.0057437 -0.0154779 -0.00732474 -0.00919893 -0.0246646 -0.0280362 -0.00627348 -0.0170924 -0.0239355 -0.013806 -0.00538954 -0.0217113 -0.0286513 0.00334248 0.00856686 -0.0626267 -0.00984613 -0.00549601 -0.0118554 -0.0162895 -0.0580043 -0.0947669 0.0042455 0.00397302 0.00543883 -0.00791382 -0.00798076 -0.0127261 0.00385676 0.00602091 0.00283828 -0.00992018 -0.0337057 -0.00427511 -0.00367146 -0.0265028 -0.0114646 -0.0162912 -0.0230429 -0.011213 -0.0984178 -0.00199811 0.00512975 -0.0113772 -0.00839582 -0.00352674 0.00231757 0.0303318 -0.0179673 -0.00418866 -0.034377 0.010311 0.00472092 0.00107954 -0.000415981 0.00507297 0.0114808 0.00172191 0.00348307 -0.000353029 -0.0053879 -0.0132358 -0.0227874 -0.0245075 0.0121545 -0.00119333 0.0100309 -0.0449927 -0.00301994 -0.0122236 -0.0360307 -0.00964528 -0.00552885 -0.00443694
internal_weight=519882 518046 1836 357388 336329 118967 1433 52042 217362 21059 1155 66925 160658 112442 48216 45279 1043 72242 58758 1315 828 67163 145120 107091 38029 12336 50887 17390 6895 33497 38803 877 224 466 18595 12567 684 338 65610 8078 697 53399 18436 34963 18843 3970 3846 3286 15229 8409 5071 3338 28360 35880 24994 21259 5326 4757 12242 20208 6571 13637 24166 6248 3724 3735 18058 362 11706 31272 7381 5793 694 486 1588 46516 14007 1832 14873 7855 53692 31606 40295 10495 563 26251 25520 665 2524 9331 4004 5327 292 22800 390 10949 21154 23891 6367 3001 9778 2172 270 15886 5728 4825 6028 3631 13484 39359 27168 15070 12334 3251 4489 4274 757 12460 1737 218 10723 10673 424 19071 8200 8100
internal_count=519882 518046 1836 357388 336329 118967 1433 52042 217362 21059 1155 66925 160658 112442 48216 45279 1043 72242 58758 1315 828 67163 145120 107091 38029 12336 50887 17390 6895 33497 38803 877 224 466 18595 12567 684 338 65610 8078 697 53399 18436 34963 18843 3970 3846 3286 15229 8409 5071 3338 28360 35880 24994 21259 5326 4757 12242 20208 6571 13637 24166 6248 3724 3735 18058 362 11706 31272 7381 5793 694 486 1588 46516 14007 1832 14873 7855 53692 31606 40295 10495 563 26251 25520 665 2524 9331 4004 5327 292 22800 390 10949 21154 23891 6367 3001 9778 2172 270 15886 5728 4825 6028 3631 13484 39359 27168 15070 12334 3251 4489 4274 757 12460 1737 218 10723 10673 424 19071 8200 8100
cat_boundaries=0 2 4 6 7 9 11 12 14 16 18 19 21 23 24 26 28 30 31 33 35 37 39 40 42 44 46 48 49 50 52 54 56 57 58 59 61 63 65
cat_threshold=1076413481 2133 268435458 8192 84 2 6 2408845312 9384 571998208 4 2 2554735234 520 32768 4 1073742880 2064 159383552 1076363264 81 536937088 16640 5 2316304384 1152 1048576 9344 68222976 1440 587202560 536870912 21536 76546048 8192 110100480 8192 1057 64 131586 16385 2048 536881282 16384 1073741824 16 540672 64 1 2 553713664 29952 51380224 21760 134217728 2048 2 1 272763010 0 5120 65536 512 2048 16384
is_linear=0
shrinkage=0.03


Tree=19
num_leaves=127
num_cat=43
split_feature=0 5 5 5 5 12 5 30 11 12 21 5 23 2 5 0 5 5 5 5 5 0 30 0 27 5 11 12 21 25 25 2 0 0 5 5 0 5 25 0 25 25 25 11 25 27 27 30 27 5 0 4 0 24 11 30 12 0 5 5 2 0 5 5 0 0 27 5 12 25 5 0 27 25 5 27 5 21 27 5 4 0 25 5 27 2 5 0 25 27 0 5 0 21 27 28 27 0 29 25 25 21 11 11 23 21 0 4 5 11 27 27 0 5 11 27 5 5 5 0 5 32 0 5 27 12
split_gain=14133.5 5972.99 5034.36 2906.55 2768.64 1956.04 1610.69 1493.76 2192.72 2890.64 1516.18 1517.86 1388.15 1339.48 1336.04 1159.92 2189.71 1847.82 1152.58 1107.11 1021.36 963.911 948.341 943.172 882.86 1385.11 868.245 832.106 805.087 911.119 778.714 758.187 1025.89 3607.17 1449.6 992.125 1689.56 976.921 936.049 4066.49 1050.66 807.752 654.982 641.211 626.287 681.782 615.347 601.248 594.792 559.356 546.654 899.807 2549.15 550.487 535.21 1027.43 850.751 547.228 2467.75 557.087 531.024 995.057 1301.02 637.258 949.355 518.922 508.338 631.031 507.003 500.084 493.784 458.611 444.431 1047.43 467.413 549.961 754.474 439.145 428.374 1023.14 553.547 555.569 555.825 553.188 424.336 421.332 404.857 1524.54 547.066 512.099 500.336 1435.58 399.686 530.469 493.675 405.586 396.323 393.288 427.163 392.001 1078.28 388.301 377.484 373.267 363.847 431.523 487.106 577.713 494.544 347.809 347.516 344.562 341.321 434.411 340.805 339.584 495.005 428.415 335.834 331.062 1075.21 330.889 329.159 326.235 324.44 526.994
threshold=13030.000000000002 0 1 2 3 -0.44505782425403589 4 0.19365485012531283 0.3744682669639588 -0.41399101912975306 0.14014542102813723 5 0.076926078647375121 6 7 180.00000000000003 8 9 10 11 12 325.00000000000006 0.19606986641883853 6250.0000000000009 0.059944719076156623 13 0.24372619390487674 0.7074720859527589 1.0000000180025095e-35 63.500000000000007 50.500000000000007 14 950.00000000000011 850.00000000000011 15 16 325.00000000000006 17 49.000000000000007 615.00000000000011 38.500000000000007 59.500000000000007 117.50000000000001 0.24372619390487674 64.500000000000014 0.16058247536420825 0.098019190132617964 0.10088627040386201 0.15550526976585391 18 325.00000000000006 19 950.00000000000011 0.99179580807685863 0.24372619390487674 0.27380664646625524 -0.42958799004554743 1100.0000000000002 20 21 22 715.00000000000011 23 24 1615.0000000000002 1560.0000000000002 0.055219287052750594 25 0.94636487960815441 56.500000000000007 26 325.00000000000006 0.095947422087192549 76.500000000000014 27 0.058846931904554374 28 0.067504853010177626 0.07936600968241693 29 30 155.00000000000003 16.500000000000004 31 0.058047603815793998 32 33 225.00000000000003 77.500000000000014 0.051913643255829818 110.00000000000001 34 61.500000000000007 0.085019674152135863 0.10945477336645128 0.075230240821838393 0.053263295441865928 90.000000000000014 0.040852611884474761 77.500000000000014 88.500000000000014 0.11373248696327211 -0.4218058288097381 -0.51297807693481434 0.051437802612781532 0.096113115549087538 325.00000000000006 35 36 -0.15951316058635709 0.11874964460730554 0.092709075659513487 61.500000000000007 37 -0.5917624533176421 0.051913643255829818 38 39 40 475.00000000000006 41 0.21750915795564654 155.00000000000003 42 0.058846931904554374 0.054805127903819091
decision_type=2 9 9 9 9 2 9 10 2 2 8 9 8 9 9 2 9 9 9 9 9 2 10 2 2 9 2 2 10 2 2 9 2 2 9 9 2 9 2 2 2 2 2 2 2 2 2 10 2 9 2 9 2 2 2 8 2 2 9 9 9 2 9 9 2 2 2 9 2 2 9 2 2 2 9 2 9 8 2 9 9 2 2 9 2 9 9 2 2 2 2 9 2 10 2 8 2 2 8 2 2 10 2 2 8 8 2 9 9 2 2 2 2 9 2 2 9 9 9 2 9 10 2 9 2 2
left_child=1 3 6 47 5 19 12 8 9 20 -10 -12 -2 18 44 16 26 124 -13 -3 43 78 31 42 25 121 -5 70 29 -28 -14 35 33 34 97 36 -7 -34 39 40 -36 -40 54 60 -15 85 -41 -1 103 -26 122 52 53 -52 56 -56 69 59 -59 -57 71 62 -62 111 -65 -16 67 -43 -29 -19 -4 -6 74 -74 -22 76 -76 -18 86 -80 -81 83 -83 -82 -38 -46 87 -11 -89 -90 91 109 95 94 -94 -68 -61 98 -33 -37 104 114 -35 -32 -101 -106 107 -107 -108 -88 -75 -63 113 -79 -39 116 -58 -117 -84 120 -64 -23 -21 -27 125 -17
right_child=2 4 27 15 7 22 -8 -9 10 21 11 13 30 14 65 17 77 23 -20 50 72 24 -24 -25 49 123 28 68 -30 -31 48 32 37 102 38 99 84 101 41 46 -42 66 -44 -45 45 -47 -48 -49 -50 -51 51 -53 -54 -55 55 57 115 58 -60 96 61 63 119 64 -66 -67 92 -69 -70 -71 -72 -73 73 110 75 -77 -78 112 79 80 81 82 118 -85 -86 -87 90 88 89 -91 -92 -93 93 -95 -96 -97 -98 -99 -100 100 -102 -103 -104 -105 105 106 108 -109 -110 -111 -112 -113 -114 -115 -116 117 -118 -119 -120 -121 -122 -123 -124 -125 -126 -127
leaf_value=0.014317880450196351 0.0077020141969222832 0.0054970826553897506 -0.042748329654335976 -0.0097316017744716477 -0.0016195785034338348 -0.012333708665562616 -0.17630628899553893 0.0057156382800071367 -0.0054468383192943426 0.004886394738035614 -0.0054745335833911082 -0.027384287600212807 -0.067209277858648594 -0.058976729901297563 -0.020177944048192061 -0.01497180537510979 0.0093610304887845174 0.0026015484770011517 0.0032447831826180351 -0.011045260083184646 0.014077110445498961 -0.0056141826707899545 0.0084063722228645867 -0.090445382664504553 -0.0077781480166595517 0.018156107016769577 -0.023412722764417287 -0.1177173969745636 -0.015517577028240016 -0.0703332597264998 -0.061230232857241482 -0.049922960633026245 -0.017180888738977371 -0.094637236899669422 -0.01295855009176931 -0.0063135161778893507 -0.13467529877656845 -0.0076733485289606357 -0.0029721367396212911 -0.15969249208208539 -0.075692120611983563 -0.026313798571316261 0.014132811157154337 -0.013561880755686805 -0.03854615780329259 -0.011595566527827877 -0.089111327002301996 0.03340920406360566 -0.18122513804584742 -0.0022416815111161946 -0.13149265466417581 -0.0091508855677822458 0.028389769849416456 -0.048504807287085373 0.0015090006207466255 0.0022123903720461828 -0.02481060432581212 -0.13063610797812197 -0.013951762928423376 -0.026748285506129257 -0.0018480802836904758 -0.018879376102463319 -0.010287030265483391 0.006624490538183616 -0.056829359148266825 0.018633422801728063 0.05108486924812479 -0.072220717975566562 -0.029517941855113292 0.011248238053585557 0.021503986459633046 0.012594732603205877 0.0016219672310382102 -0.091626291116501418 0.011300446625101305 0.0078067359548778959 -0.017812331976175714 -0.037315695345284637 -0.0067562551641879992 -0.099273156191395442 -0.06170929171271243 -0.095612133702982147 -0.052075766947233315 -0.002633037700301408 -0.057446041204119946 -0.098274228310301193 -0.11840141972758039 -0.014745775781621361 -0.012842705139990097 -0.0413058012010687 -0.0035941547632514694 -0.01068062397881021 -0.033049027077407922 -0.012870967016178394 -0.0077221717639871018 -0.010813206388215774 -0.0081519794976191978 -0.0029772304533884821 -0.012363512613175415 0.013542292253711286 -0.0041703777493819301 -0.024576279858546452 -0.16577863486949354 -0.13924153810239021 -0.050480879617892389 -0.046180410619977838 -0.0035263173735676947 0.0037747398745051155 -0.02678918307452902 -0.048101344355722754 -0.021452627754849143 -0.0022794898824885189 8.7309885420030169e-05 -0.0051338573007940697 0.010580688981332293 -0.0045345008308811958 -0.0014742475276710008 0.0018261469952144951 -0.012532636763482185 -0.021390747716888283 -0.087346340150954757 -0.028890035533677264 0.0092833033612518337 0.0059641860981634581 0.013752099218662918 0.0094762685442375625
leaf_weight=5362 100 8677 149 7280 3616 536 410 13105 36952 2801 10194 1637 222 1124 8524 990 4234 16699 3359 1050 7485 6691 1781 102 42540 3012 833 104 2035 675 100 337 6071 155 1596 16519 163 1411 1849 212 282 852 3027 3568 1661 937 245 2054 167 26794 209 11195 227 112 17390 4179 1278 163 2782 1287 5185 1495 378 12101 215 321 105 419 135 9413 318 4694 7280 140 1347 12841 1948 482 2904 112 166 170 484 756 109 115 136 4275 839 1774 14877 4199 4810 2539 810 941 5187 4730 1413 233 5410 469 127 130 526 1115 1607 256 1701 122 117 4544 17747 1660 2644 14356 2257 28298 355 2333 291 598 2254 5811 11728 3982
leaf_count=5362 100 8677 149 7280 3616 536 410 13105 36952 2801 10194 1637 222 1124 8524 990 4234 16699 3359 1050 7485 6691 1781 102 42540 3012 833 104 2035 675 100 337 6071 155 1596 16519 163 1411 1849 212 282 852 3027 3568 1661 937 245 2054 167 26794 209 11195 227 112 17390 4179 1278 163 2782 1287 5185 1495 378 12101 215 321 105 419 135 9413 318 4694 7280 140 1347 12841 1948 482 2904 112 166 170 484 756 109 115 136 4275 839 1774 14877 4199 4810 2539 810 941 5187 4730 1413 233 5410 469 127 130 526 1115 1607 256 1701 122 117 4544 17747 1660 2644 14356 2257 28298 355 2333 291 598 2254 5811 11728 3982
internal_value=-0.00375512 -0.00346067 -0.0868437 0.00124149 -0.0056672 -0.0103588 -0.125707 -0.00416057 -0.00467068 -0.00303762 -0.00943175 -0.0147145 -0.0946308 -0.0200276 -0.0252166 0.000379649 -0.00444395 0.00174884 -0.00682932 -0.00303439 0.00182297 -0.00586964 -0.0131643 0.000292313 -0.00417009 0.00215566 -0.0156471 -0.02251 -0.0278401 -0.0444476 -0.112675 -0.0138026 -0.0169651 -0.020747 -0.0193217 -0.0101988 -0.0427705 -0.00933313 -0.0245408 -0.0419741 -0.0224139 -0.0212548 0.000380244 -0.00145056 -0.0400357 -0.032317 -0.122131 0.019583 -0.137866 -0.0056401 -0.00795256 -0.0109907 -0.0484911 -0.102778 -2.29232e-05 -0.00332148 0.00139085 -0.00949866 -0.020943 -0.00633324 -0.000210714 -0.00228292 -0.0109806 0.0015957 0.00550778 -0.0187463 -0.0244811 -0.0422671 -0.0682282 0.00571887 0.000502305 0.00640239 0.00585795 -0.000483042 0.00788366 0.00499819 -0.00593093 0.000589137 -0.0101443 -0.0183041 -0.0345054 -0.030878 -0.0462516 -0.0140218 -0.104051 -0.0432368 -0.00875288 -0.0137595 -0.0213614 -0.0321751 -0.00623297 -0.0150522 -0.0220209 -0.024259 -0.0294007 -0.00455687 -0.0118341 -0.00746283 -0.0196208 -0.00922038 -0.0136544 0.00123491 -0.127149 -0.105735 -0.023087 -0.024729 -0.0218239 -0.0368566 -0.0155844 -0.0822954 -0.0598865 -0.0063808 -0.00127832 -0.0125876 0.00422859 -0.00105597 -0.00998995 -0.000315339 -0.0361482 -0.0266533 -0.0453437 -0.00751716 0.00282157 0.0101437 0.011023 0.00460626
internal_weight=519935 518100 1835 165480 352620 85697 1129 266923 253818 188994 64824 27872 719 17678 12682 158064 34946 123118 4996 23724 69578 119416 61973 106418 85446 16112 10823 706 3543 1508 619 60192 32017 21422 21140 28175 808 10595 14660 2335 1878 12325 106316 38420 3837 2713 457 7416 397 69334 15047 11743 548 321 103289 30988 72301 13598 2945 10653 34852 26542 8187 18355 12316 8845 10476 1271 239 26112 467 8310 31158 7537 23621 16136 3295 24123 33970 4947 2043 1931 1009 922 272 1776 29023 9689 6888 2613 19334 4457 9205 8159 5620 1046 6474 6480 1750 27367 10848 4524 282 230 5438 5205 4679 1371 3308 258 257 6039 19889 2142 4055 46189 3535 42654 839 3002 669 7289 3304 8823 16700 4972
internal_count=519935 518100 1835 165480 352620 85697 1129 266923 253818 188994 64824 27872 719 17678 12682 158064 34946 123118 4996 23724 69578 119416 61973 106418 85446 16112 10823 706 3543 1508 619 60192 32017 21422 21140 28175 808 10595 14660 2335 1878 12325 106316 38420 3837 2713 457 7416 397 69334 15047 11743 548 321 103289 30988 72301 13598 2945 10653 34852 26542 8187 18355 12316 8845 10476 1271 239 26112 467 8310 31158 7537 23621 16136 3295 24123 33970 4947 2043 1931 1009 922 272 1776 29023 9689 6888 2613 19334 4457 9205 8159 5620 1046 6474 6480 1750 27367 10848 4524 282 230 5438 5205 4679 1371 3308 258 257 6039 19889 2142 4055 46189 3535 42654 839 3002 669 7289 3304 8823 16700 4972
cat_boundaries=0 2 4 6 8 10 12 13 15 16 17 19 21 23 25 26 28 29 31 33 34 35 37 38 40 42 43 45 47 49 51 52 54 55 57 59 60 62 64 66 68 70 71 73
cat_threshold=2638494294 170 303038466 8196 16 2 574505 2112 34603008 4 538968192 17680 2 8519680 512 4194818 4194310 1073807360 1 1057 2048 547553408 261 2097152 29440 10 32777 64 1 32768 2048 1647312896 24596 1 10240 2281711680 8 2 65664 261 0 260 16416 524288 2048 1073741824 24576 1048576 1536 1109393536 16385 2 0 528 12 44040192 4113 0 512 1 32768 2048 8256 128 8704 128 2147489792 40 8388608 5120 2097152 9502720 4
is_linear=0
shrinkage=0.03


Tree=20
num_leaves=127
num_cat=44
split_feature=0 5 5 5 5 12 27 2 5 5 13 13 21 5 2 5 5 5 23 12 21 2 0 0 5 25 0 5 0 5 25 2 25 25 26 25 5 5 27 5 2 0 25 23 2 0 27 25 13 27 25 25 2 5 5 8 27 5 0 4 0 25 5 13 0 25 0 0 5 27 27 3 5 25 0 2 27 5 5 5 27 0 25 21 25 25 0 5 0 27 12 12 25 5 0 27 21 13 12 23 27 27 3 27 0 21 25 27 26 0 5 0 12 25 3 0 0 5 2 3 5 25 27 12 0 27
split_gain=12255 5807.25 4761.41 2733.33 2689.56 1712.46 1669.55 1503.64 2025.76 1935.55 1333.53 2896.62 2391.52 1619.71 1761.27 1485.98 1468.67 1256.53 1178.07 1149.66 1009.18 1009.12 1038.71 3312.17 1372.38 1021.71 3468.6 974.945 1458.58 974.138 914.21 874.964 862.778 825.115 811.325 795.013 792.11 785.686 743.64 779.668 695.708 685.864 1706.06 742.56 682.769 661.39 618.597 624.947 617.823 592.312 666.211 763.443 581.745 571.336 569.734 560.366 558.015 554.973 551.086 924.709 2405.53 1239.52 548.706 948.052 587.455 523.556 625.576 513.957 498.721 566.278 489.317 577.599 482.063 532.152 476.537 480.563 464.863 463.558 462.592 462.299 456.769 699.276 454.889 789.06 443.121 882.391 440.907 720.265 1367.48 946.768 428.393 435.159 428.097 427.419 424.057 423.555 414.214 645.557 414.536 408.371 407.54 401.133 382.257 377.558 373.421 429.498 419.828 454.03 372.108 370.788 370.677 385.217 369.972 369.42 403.497 591.067 362.279 362 361.371 355.62 352.257 352.114 347.097 344.457 343.394 341.546
threshold=13030.000000000002 0 1 2 3 -0.23537842929363248 0.14952706545591357 4 5 6 39.500000000000007 25.500000000000004 0.1000989116728306 7 8 9 10 11 0.07194120436906816 0.020426410250365738 0.050048705190420158 12 950.00000000000011 850.00000000000011 13 49.000000000000007 615.00000000000011 14 325.00000000000006 15 90.500000000000014 16 59.500000000000007 38.500000000000007 0.15054184943437579 117.50000000000001 17 18 0.10038758814334871 19 20 1280.0000000000002 102.50000000000001 0.10130250453948976 21 155.00000000000003 0.07936600968241693 11.500000000000002 39.500000000000007 0.058047603815793998 77.500000000000014 69.500000000000014 22 23 24 6.5000000000000009 0.098019190132617964 25 325.00000000000006 26 950.00000000000011 17.500000000000004 27 25.500000000000004 155.00000000000003 89.500000000000014 155.00000000000003 615.00000000000011 28 0.11368945986032487 0.055219287052750594 29 30 26.500000000000004 1280.0000000000002 31 0.056865874677896507 32 33 34 0.051913643255829818 325.00000000000006 74.500000000000014 0.11221585795283319 77.500000000000014 88.500000000000014 715.00000000000011 35 155.00000000000003 0.092709075659513487 0.88522326946258556 0.69521084427833568 113.00000000000001 36 90.000000000000014 0.055219287052750594 0.1000989116728306 25.500000000000004 -0.048362832516431802 0.076926078647375121 0.069445703178644194 0.059393314644694335 37 0.07936600968241693 61.500000000000007 0.064643450081348433 81.500000000000014 0.10945477336645128 0.25383376330137258 1615.0000000000002 38 950.00000000000011 -0.72102889418601979 36.500000000000007 39 90.000000000000014 90.000000000000014 40 41 42 43 16.500000000000004 0.052256155759096153 0.48126256465911871 61.500000000000007 0.053263295441865928
decision_type=2 9 9 9 9 2 2 9 9 9 2 2 8 9 9 9 9 9 8 2 10 9 2 2 9 2 2 9 2 9 2 9 2 2 10 2 9 9 2 9 9 2 2 8 9 2 2 2 2 2 2 2 9 9 9 2 2 9 2 9 2 2 9 2 2 2 2 2 9 2 2 1 9 2 2 9 2 9 9 9 2 2 2 10 2 2 2 9 2 2 2 2 2 9 2 2 8 2 2 8 2 2 1 2 2 8 2 2 10 2 9 2 2 2 1 2 2 9 9 1 9 2 2 2 2 2
left_child=1 3 19 46 5 17 90 9 31 110 11 12 34 41 15 -15 118 -3 20 55 -11 27 23 24 94 26 33 28 123 -24 36 35 -27 -26 -6 49 52 40 39 44 117 -14 -43 -44 -18 72 47 -1 76 50 51 79 77 -52 -20 -2 -28 -17 103 60 61 -60 113 65 -65 66 -64 -56 69 -38 71 -34 73 -10 75 78 -47 -13 -39 -9 -55 -82 -31 119 -29 -86 87 88 -42 -90 91 -4 -40 101 100 -41 -69 98 -98 -21 -23 -78 -51 122 105 -72 107 -106 -36 -54 111 -5 -99 -33 -115 -116 -70 -12 -16 -84 -8 -30 -19 -7 -75 -81
right_child=2 4 6 7 10 21 120 8 45 18 37 30 13 14 16 57 38 58 54 99 -22 22 29 -25 25 32 56 84 121 82 -32 62 70 -35 108 -37 68 74 92 95 86 42 43 -45 -46 48 -48 -49 -50 102 53 -53 109 80 67 -57 -58 -59 59 -61 -62 -63 63 64 -66 -67 -68 96 116 -71 104 -73 -74 124 -76 -77 93 -79 -80 125 81 -83 83 -85 85 -87 -88 -89 89 -91 -92 -93 -94 -95 -96 -97 97 112 -100 -101 -102 -103 -104 -105 106 -107 -108 -109 -110 -111 -112 -113 -114 114 115 -117 -118 -119 -120 -121 -122 -123 -124 -125 -126 -127
leaf_value=0.01306698739129991 -0.11628861652480231 0.0046367105892160636 -0.0677032481827015 0.029307652855225828 -0.0031184564255515379 -0.059026002955431929 -0.036994381921044713 -0.035275000084500005 -0.081055191274554961 -0.13512677815130777 0.013073794749014937 0.010793771175588478 -0.0030424033283735102 0.012329477460032901 -0.042294846371896413 -0.0045001855675657959 -0.0014021866543764232 -0.019829899924899853 0.029718031927977513 -0.045053989516921564 -0.0032487499515575888 -0.034891864762639502 0.011922315914584947 -0.12621764692033388 -0.015187328193279103 -0.0022491209120729877 -0.15525744140738307 -0.0048636571437302833 -0.057449532156206615 -0.020152164680428117 -0.0079893236318465989 -0.033091068242073939 -0.070927308234983721 -0.06943845601356434 0.014231905874253662 0.014543703209369489 0.017450071983704372 -0.011525121810481938 -0.01175789854968916 -0.052394750548182017 -0.086921418609638368 0.015443925030016382 -0.044616871124104514 -0.13721299427344386 -0.021241617162810693 0.0035129631107478389 0.0042465581014707165 0.033277589153416602 -0.0014173145010141076 -0.0062817217227207622 0.013361849755472492 -0.070555022097270909 -0.004773119655674298 -0.0214419674569418 -0.045009169068554754 -0.19221028099287898 -0.086722645404984353 -0.020894915837266034 -0.11519450424004159 -0.0097116467194444962 0.026688508655929782 -0.00016329357862076926 -0.087730018981503982 0.0066178894140794999 -0.019915149952492054 -0.022964663222802592 -0.035942298934046338 0.011694074235241252 -0.043761730701365756 -0.03555105419643223 0.053984736508072013 -0.027674413141306045 -0.0018192595918915427 -0.047085677149743543 0.027808230613575201 -0.012900622466534067 0.017102897684632357 -0.00051011079112632735 0.00061478807411866846 -0.020319030141211013 0.014239576102829735 -0.015201620878280721 -0.02772093547809043 -0.027590885644141607 -0.021258217949121631 -0.0041377387308333038 -0.0043082884561448063 -0.006581416432255351 -0.0015112856259921416 -0.035232830537030461 -0.04605434435279402 -0.15201277358697191 0.0059349216314787063 0.015465104586767375 -0.0021582683083149054 -0.022824017225030243 -0.0091064383624272997 0.0085662971113498187 0.00034193572634408056 -0.11468588621742958 -0.005110569551244757 -0.013910295637351243 0.0050189125548933738 -0.022438514806844036 -0.033468462171190594 -0.011189028603263939 -0.015449877816222181 -0.006621348215386823 0.0028271897146002413 -0.040730146323215616 0.010338969562413631 0.012836168429994939 0.0013877012483342703 0.0027918921075686825 0.015251748495266948 -0.016144775292324335 0.0044128975162814688 -0.00063607041020778232 -0.090083963377231902 0.0058849134684123379 0.017864280163034207 -0.13044463233336023 0.0087684741231033713 -0.00060151188256772788 -0.004795304737982461 0.0025496580484769579
leaf_weight=2476 134 9940 128 2562 31635 116 134 922 125 104 2141 4726 28010 3746 721 5074 3308 439 641 100 104 828 1691 263 1490 1889 201 16651 102 4070 7920 509 412 303 3330 1941 4060 5666 8590 453 278 313 192 132 2959 11383 1837 3107 10311 5480 1222 261 13941 1809 212 292 240 2939 340 12895 267 112 317 1120 2276 1105 626 3470 140 189 100 857 11199 229 291 26196 617 10512 5629 1332 1292 1655 317 1098 5393 5445 24049 7910 1583 1422 218 100 1436 7693 4297 11389 7324 9284 9731 338 826 955 5297 521 4044 919 3082 660 11345 262 6935 2554 21250 2601 622 4041 39541 8911 209 2604 375 151 2896 406 696 1051
leaf_count=2476 134 9940 128 2562 31635 116 134 922 125 104 2141 4726 28010 3746 721 5074 3308 439 641 100 104 828 1691 263 1490 1889 201 16651 102 4070 7920 509 412 303 3330 1941 4060 5666 8590 453 278 313 192 132 2959 11383 1837 3107 10311 5480 1222 261 13941 1809 212 292 240 2939 340 12895 267 112 317 1120 2276 1105 626 3470 140 189 100 857 11199 229 291 26196 617 10512 5629 1332 1292 1655 317 1098 5393 5445 24049 7910 1583 1422 218 100 1436 7693 4297 11389 7324 9284 9731 338 826 955 5297 521 4044 919 3082 660 11345 262 6935 2554 21250 2601 622 4041 39541 8911 209 2604 375 151 2896 406 696 1051
internal_value=-0.00365583 -0.00338241 -0.0813665 0.00158506 -0.0054163 -0.0100635 -0.0337904 0.000662271 -0.00211707 0.0040701 -0.00399668 -0.00264728 -0.00569485 -0.00921507 -0.0130515 -0.00324568 -0.017016 -0.00387744 0.00156339 -0.131938 -0.0695188 -0.0129657 -0.0167816 -0.020639 -0.0192547 -0.0243197 -0.0429601 -0.00888015 -0.0418521 -0.00874707 0.00169333 -0.00742804 -0.0208558 -0.0243889 -0.000413978 -0.00379352 0.00273862 -0.00716004 -0.0157741 -0.0194088 -0.0045366 -0.00374177 -0.0345 -0.0826473 -0.0107903 0.00224466 0.0193243 0.0243184 0.0045798 -0.00554753 -0.0109897 -0.0212504 -0.00106942 -0.00486652 0.00184984 -0.168657 -0.11824 -0.0105338 -0.00871944 -0.0115599 -0.044649 -0.0867545 -0.0135416 -0.0208545 -0.0111652 -0.0370097 -0.0534258 0.00149476 0.00528969 0.0150493 -0.0243442 -0.0417619 -0.00365542 -0.022983 -0.0103704 -0.0106702 0.00757451 0.003001 -0.00548034 -0.0173365 -0.00955991 -0.0022938 -0.0130675 -0.00592225 -0.0079342 -0.0126581 -0.00659595 -0.0115162 -0.0233094 -0.0174751 -0.0764495 -0.105183 -0.00922346 0.0125636 -0.00711641 -0.0239393 0.00168902 0.00095926 -0.00371582 -0.098927 -0.0200313 -0.00172372 -0.0007274 0.00128706 -0.0218294 -0.00474652 -0.0240643 -0.0297039 0.0054159 -0.00543541 0.0149002 0.0210478 0.00357059 -0.00839765 -0.00667458 -0.0119544 0.00424076 0.00203017 -0.0539621 0.00222962 0.0030028 -0.101358 0.00499913 -0.0136728 -0.0153046 -0.0101934
internal_weight=519110 517291 1819 150278 367013 85865 955 142858 78687 64171 281148 197072 115781 69471 40824 11759 29065 27410 52120 864 208 58455 30191 20411 20148 14197 2234 28264 775 9780 81291 35479 11963 1793 46310 22262 73371 84076 28135 18109 46294 28647 637 324 6267 43208 7420 5583 30959 20321 9544 3566 29441 5978 51912 426 441 8013 17470 13614 719 452 13217 5444 3396 2048 943 51271 43930 4249 10074 1269 12249 1050 37782 37491 20648 15238 11295 3305 4756 2947 8089 4019 27489 10838 35242 11193 3283 3005 446 228 10026 9265 5951 11842 51059 47589 17055 438 1654 1572 10777 3856 8805 1019 7786 4704 14675 14203 12051 5116 30534 7773 7264 4663 39681 11052 930 2921 509 253 3335 522 925 2383
internal_count=519110 517291 1819 150278 367013 85865 955 142858 78687 64171 281148 197072 115781 69471 40824 11759 29065 27410 52120 864 208 58455 30191 20411 20148 14197 2234 28264 775 9780 81291 35479 11963 1793 46310 22262 73371 84076 28135 18109 46294 28647 637 324 6267 43208 7420 5583 30959 20321 9544 3566 29441 5978 51912 426 441 8013 17470 13614 719 452 13217 5444 3396 2048 943 51271 43930 4249 10074 1269 12249 1050 37782 37491 20648 15238 11295 3305 4756 2947 8089 4019 27489 10838 35242 11193 3283 3005 446 228 10026 9265 5951 11842 51059 47589 17055 438 1654 1572 10777 3856 8805 1019 7786 4704 14675 14203 12051 5116 30534 7773 7264 4663 39681 11052 930 2921 509 253 3335 522 925 2383
cat_boundaries=0 2 4 6 8 9 11 12 14 15 17 18 20 21 23 24 26 27 29 31 33 34 35 36 37 38 40 41 43 45 46 47 48 49 51 52 54 55 56 57 58 60 61 62 64
cat_threshold=423901782 170 303038466 8192 16 2 574505 2112 12 150995458 128 518 2686451840 17424 2 9568256 8196 131072 1057 2048 10 32777 64 1 525344 64 2 77791360 261 613482624 1796 1073807360 4865 2 4 10 2 2048 100663296 4608 1 512 128 0 16384 2 10240 4 8519808 2183135232 8208 512 545259520 512 272631808 2 516 2 537919488 4 4 2 524288 2048
is_linear=0
shrinkage=0.03


Tree=21
num_leaves=127
num_cat=32
split_feature=0 5 5 5 5 12 5 0 27 0 5 11 5 5 21 5 12 11 21 0 12 2 0 0 5 25 0 29 5 5 27 26 25 5 5 0 26 5 27 25 0 28 27 5 12 5 25 27 5 27 5 27 0 29 0 25 30 13 27 27 32 5 0 25 25 3 0 4 0 25 5 25 25 5 0 13 25 29 25 0 25 32 26 11 5 11 0 27 24 21 29 0 5 0 0 29 0 0 0 0 27 0 21 27 28 25 5 27 25 25 25 29 0 3 3 0 0 27 5 0 0 25 27 27 0 5
split_gain=11837.7 5485.29 4249.62 2951.88 2218.37 1636.88 1466.36 1276.15 2399.54 6477.35 2205.77 1781.87 1559.32 1444.61 1313.78 1248.65 1069.63 1037.97 2070.44 1729.53 1197.84 902.041 899.923 2765.39 1166.29 1019.65 3283.86 866.222 846.096 811.176 1109.3 1876.97 804.773 796.751 793.66 1459.85 730.136 989.279 1034.82 730.117 705.551 857.099 679.568 674.313 670.741 790.252 670.072 638.208 618.794 610.114 688.314 604.784 591.737 583.58 606.261 567.725 564.479 552.751 534.356 530.149 524.622 515.558 1260.98 1064.54 512.127 665.645 510.243 828.78 2252.02 1167.53 494.525 483.981 471.31 467.811 463.991 457.308 447.034 443.988 450.612 783.279 585.911 437.163 429.191 423.217 477.448 413.949 410.141 400.739 397.505 388.691 385.421 377.418 371.91 807.731 396.513 364.331 363.981 362.846 360.461 358.199 351.353 348.706 455.64 372.989 359.729 344.654 337.788 336.31 447.405 329.404 801.762 376.878 356.241 862.32 572.107 329.648 321.61 404.039 398.883 574.567 445.504 393.76 318.528 317.732 311.763 311.71
threshold=13030.000000000002 0 1 2 3 -0.20180761069059369 4 325.00000000000006 0.086274277418851866 475.00000000000006 5 0.24372619390487674 6 7 0.042858690023422248 8 -0.21862536668777463 0.24372619390487674 1.0000000180025095e-35 90.000000000000014 -0.41399101912975306 9 950.00000000000011 850.00000000000011 10 49.000000000000007 615.00000000000011 0.099066305905580535 11 12 0.058846931904554374 0.099273119121789946 50.500000000000007 13 14 325.00000000000006 0.14037989079952243 15 0.16058247536420825 59.500000000000007 1410.0000000000002 0.099524557590484633 0.095947422087192549 16 -0.72102889418601979 17 38.500000000000007 0.084925193339586272 18 0.064750330522656455 19 0.098019190132617964 1940.0000000000002 0.14271277189254764 1280.0000000000002 93.500000000000014 0.10226471349596979 45.500000000000007 0.055219287052750594 0.08212983608245851 0.12919126451015475 20 325.00000000000006 69.500000000000014 69.500000000000014 21 325.00000000000006 22 950.00000000000011 17.500000000000004 23 20.500000000000004 140.50000000000003 24 155.00000000000003 45.500000000000007 77.500000000000014 0.09549861773848535 123.00000000000001 950.00000000000011 110.00000000000001 0.22759647667407992 0.032988865859806545 0.24372619390487674 25 -0.4218058288097381 90.000000000000014 0.07936600968241693 1.0113131999969485 0.064643450081348433 0.040852611884474761 1560.0000000000002 26 950.00000000000011 1225.0000000000002 0.10304982960224153 950.00000000000011 715.00000000000011 615.00000000000011 1615.0000000000002 0.059944719076156623 61.500000000000007 0.085019674152135863 0.098019190132617964 0.073420979082584395 5.5000000000000009 27 0.052256155759096153 149.50000000000003 77.500000000000014 88.500000000000014 0.069317996501922621 325.00000000000006 28 29 1560.0000000000002 1560.0000000000002 0.086274277418851866 30 950.00000000000011 615.00000000000011 23.500000000000004 0.064750330522656455 0.084925193339586272 1560.0000000000002 31
decision_type=2 9 9 9 9 2 9 2 2 2 9 2 9 9 10 9 2 2 10 2 2 9 2 2 9 2 2 8 9 9 2 10 2 9 9 2 10 9 2 2 2 10 2 9 2 9 2 2 9 2 9 2 2 8 2 2 10 2 2 2 10 9 2 2 2 1 2 9 2 2 9 2 2 9 2 2 2 8 2 2 2 10 8 2 9 2 2 2 2 8 8 2 9 2 2 8 2 2 2 2 2 2 10 2 8 2 9 2 2 2 2 8 2 1 1 2 2 2 9 2 2 2 2 2 2 9
left_child=1 4 6 5 56 15 27 29 13 -10 42 16 14 72 71 -3 125 20 19 -19 48 34 23 24 86 26 46 -2 -24 30 31 95 -29 75 35 -7 37 38 76 -27 43 -42 -11 -20 83 -46 -26 100 -6 105 74 -28 -22 54 60 91 122 88 82 -30 -39 -21 63 -63 -61 -66 87 68 69 -68 -49 -13 77 -18 -51 -4 124 -9 80 -80 81 -79 -41 -15 98 -25 90 -17 -34 -36 -23 97 93 -75 -95 -5 -73 106 -85 -78 -32 104 103 123 -60 -31 -44 108 -47 -91 111 -111 114 -114 -113 -115 117 118 -69 120 -120 -119 -1 -103 -14 -12
right_child=2 3 33 7 17 21 -8 8 9 10 11 12 36 44 -16 66 73 18 40 61 52 22 28 85 25 39 51 32 59 49 47 -33 57 -35 89 -37 -38 53 -40 58 41 -43 55 -45 45 107 -48 70 -50 50 -52 -53 -54 -55 -56 -57 -58 -59 101 64 -62 62 -64 -65 65 -67 67 116 -70 -71 -72 96 -74 92 -76 -77 99 78 79 -81 -82 -83 -84 84 -86 -87 -88 -89 -90 109 -92 -93 -94 94 -96 -97 -98 -99 -100 -101 -102 102 -104 -105 -106 -107 -108 -109 -110 110 -112 112 113 115 -116 -117 -118 121 119 -121 -122 -123 -124 -125 -126 -127
leaf_value=0.019038847486279584 -0.014226303206495016 0.0044839530021166842 -0.032764867818261156 -0.0065983199495690146 0.016858560205724051 -0.01061183306310513 -0.165258054292202 -0.032188139847950034 -0.16231690005038601 0.012625619046331646 -0.0032948453046454584 -0.071139026443883119 -0.021703892626087126 0.012681841577598562 -0.0064411178999091616 0.0047467520065976711 -0.0013947213689833333 -0.067055854903591672 -0.00072371883704039147 -0.0036056190159802068 0.00060909723293517621 -0.048569100722862295 0.012316875735350393 -0.079260134063649221 -0.014804749372731784 -0.0022255489577980071 -0.1511014438702159 -0.05348780351067052 -0.026894211268379053 -0.038537221806328743 0.0076691477659497119 0.0038218465875359065 -0.17561558849010311 0.0075291950040676766 0.0037611407726031629 -0.097718840761226597 -0.0015070005260569075 -0.058772760443988117 -0.0043650100142769207 -0.022825752593169945 -0.10046130571871863 -0.0076351026785025583 -0.0018219369124522771 0.010335966368361222 -0.00098544348563458042 0.016923321862756451 -0.065860463678836828 -0.018718779492781036 0.0059771979303753749 -0.013156677442245801 -0.015814460477100833 -0.081521692927053663 -0.066658128616163284 -0.0022133247874648455 -0.068544447270955905 0.021158289348858158 0.031722330082960791 -0.066645052661405552 0.050007766542753372 -0.018783641594760408 -0.0075875925186364088 -0.023656285321925818 -0.0077832918512667389 -0.076229845319128312 -0.034350949715408204 0.0034881788847501757 -0.11012370344379852 0.015256438107019673 0.025436372332959419 -0.0052970489571781305 -0.087016435382621632 -0.079148280831602955 0.013558625674558629 0.012655234987936675 0.006594235056762281 -0.1101239429074939 -0.033462343157168305 -0.0036512016871222217 0.016974117550331791 -0.035795635445793339 0.0088024473278947753 -0.020330408249998533 -0.058050951667339153 -0.0069311209784744003 0.006027651235303951 -0.15433531005866824 -0.00243082767147508 -0.022414200318331037 -0.1041499597263336 -0.0062158312626025619 -0.012649478522700333 0.018448323263266286 -0.0080302999632032562 -0.051110356183374721 -0.0065695638998734705 -0.024100498368168178 -0.033023161718649635 -0.0054035861744634438 -0.054871432221851979 -0.085247565288982516 -0.0050650022555446747 -0.028375047231900832 -0.012139898106673579 -0.0098886550169262517 -0.0097266484146952322 -0.0032290066062891673 0.014204494850724085 0.004594661262009911 -0.0093104139201542618 0.015412673354608775 -0.0043377955500502564 -0.04533911099649493 -0.00035634035748272817 -0.033114630758465179 0.0037694437839266549 0.0068842571502661003 0.016118377715075731 0.0017644930775986131 -0.010259555335315668 0.015245954337128921 -0.051699192992686716 -0.016514840323435885 0.0041253468249967569 -0.054435058105383301 0.022475814416350142 0.0026098991857871016
leaf_weight=3324 120 10221 220 1198 5976 536 389 504 234 5943 14139 524 5286 10920 1160 3399 10382 496 12192 6028 45798 339 1446 146 1437 1788 208 205 1803 249 2772 3184 182 398 2319 255 6467 209 2992 594 126 304 2923 8357 26258 4539 275 822 22197 1768 8283 255 117 7421 216 1142 2054 106 100 2559 1274 1386 4934 462 479 3260 347 880 282 132 101 172 1389 375 2710 100 2118 26529 348 923 3311 1493 658 412 2534 127 4221 570 124 14845 1291 866 34798 687 244 10123 1457 9351 214 127 6570 3888 2551 890 892 52853 1978 13767 671 242 4847 1112 1496 2105 264 203 423 1231 2029 747 263 7653 2106 473 147 18642
leaf_count=3324 120 10221 220 1198 5976 536 389 504 234 5943 14139 524 5286 10920 1160 3399 10382 496 12192 6028 45798 339 1446 146 1437 1788 208 205 1803 249 2772 3184 182 398 2319 255 6467 209 2992 594 126 304 2923 8357 26258 4539 275 822 22197 1768 8283 255 117 7421 216 1142 2054 106 100 2559 1274 1386 4934 462 479 3260 347 880 282 132 101 172 1389 375 2710 100 2118 26529 348 923 3311 1493 658 412 2534 127 4221 570 124 14845 1291 866 34798 687 244 10123 1457 9351 214 127 6570 3888 2551 890 892 52853 1978 13767 671 242 4847 1112 1496 2105 264 203 423 1231 2029 747 263 7653 2106 473 147 18642
internal_value=-0.00350254 -0.00323218 -0.0793575 -0.00489038 0.00251877 -0.00981485 -0.11533 -0.00354742 -0.00233722 -0.0049557 -0.00467346 -0.00643111 -0.0127164 0.0013269 -0.0320898 -0.00388542 -0.00408711 0.00142696 -0.00288878 -0.0121453 0.00342432 -0.0127018 -0.0163555 -0.0199583 -0.0186513 -0.0233463 -0.042241 -0.0869349 -0.00877368 -0.00655327 -0.0111814 -0.0165264 -0.102437 -0.0209659 -0.0088502 -0.0382975 -0.0102547 -0.0131182 -0.0193151 -0.01989 0.00298248 -0.0350053 0.00394338 0.00377907 0.00416557 0.00238633 -0.0230395 -0.00363863 0.00829395 -0.00481013 -0.0107007 -0.113038 0.00043624 -0.00583922 -0.0217004 0.000771875 0.0183036 -0.126604 -0.0230334 -0.0125391 -0.0148359 -0.0100141 -0.0156803 -0.0368338 -0.00844573 -0.00136725 -0.00864714 -0.0113457 -0.0417704 -0.0813074 -0.0274227 -0.0460485 -0.00355413 -0.00701351 -0.00120231 -0.055479 -0.0251648 -0.00427354 -0.00384105 -0.0213453 -0.00313035 -0.00454056 -0.0413702 0.00988416 0.000215268 -0.114621 -0.00735578 0.000841423 -0.147089 -0.00798611 -0.0201451 -0.000769394 -0.00862638 -0.0243091 -0.0394565 -0.0222491 -0.0379389 -0.00193834 -0.023014 -0.0364285 -0.00128605 -0.0204184 -0.0225483 -0.0276016 -0.00366074 -0.00339529 0.00467303 0.00704838 0.0135435 -0.00907412 -0.0132051 -0.0211298 -0.0228396 -0.0180995 -0.0359212 -0.0295951 -0.00959209 -0.0104427 -0.00241786 -0.00756443 -0.0150351 -0.0139821 0.0132565 -0.0312134 -0.0205046 6.28512e-05
internal_weight=519501 517657 1844 401800 115857 86081 1126 315719 225086 131274 131040 108837 29570 93812 3313 28177 79267 108373 34285 13306 74088 57904 29680 20133 19860 14009 2175 737 9547 90633 24770 14505 617 718 28224 791 26257 19790 10670 11834 20979 430 22203 20549 59315 45235 1712 10265 28173 65863 12761 463 45915 9120 1699 16260 7484 412 10046 8101 1483 12810 6782 1848 6298 3739 17956 13987 761 479 923 2153 34497 46486 4478 320 7678 33108 32604 1271 31333 28022 1252 14080 3160 273 5851 3969 306 27433 1630 15118 36104 1306 931 11321 1629 14252 626 2245 9342 8794 7802 5251 992 53102 4901 18977 5210 25114 10269 5422 5180 3804 1376 2308 13226 12803 3919 3039 2292 8884 5430 4361 5433 32781
internal_count=519501 517657 1844 401800 115857 86081 1126 315719 225086 131274 131040 108837 29570 93812 3313 28177 79267 108373 34285 13306 74088 57904 29680 20133 19860 14009 2175 737 9547 90633 24770 14505 617 718 28224 791 26257 19790 10670 11834 20979 430 22203 20549 59315 45235 1712 10265 28173 65863 12761 463 45915 9120 1699 16260 7484 412 10046 8101 1483 12810 6782 1848 6298 3739 17956 13987 761 479 923 2153 34497 46486 4478 320 7678 33108 32604 1271 31333 28022 1252 14080 3160 273 5851 3969 306 27433 1630 15118 36104 1306 931 11321 1629 14252 626 2245 9342 8794 7802 5251 992 53102 4901 18977 5210 25114 10269 5422 5180 3804 1376 2308 13226 12803 3919 3039 2292 8884 5430 4361 5433 32781
cat_boundaries=0 2 4 6 8 10 12 14 16 18 19 21 23 25 26 27 29 31 33 35 37 39 40 41 43 45 46 48 50 51 52 53 55
cat_threshold=423897174 42 303038466 8196 574505 2112 16 2 34603008 4 66176 5505 67239936 512 69206656 5508 1057 2048 10 32777 64 524320 64 33751040 4113 537395200 1 1083179008 8196 17047554 32 1048576 25105 262148 8 1142947968 384 134479940 40 2 1 65536 17 8388608 512 3229614080 0 16 128 5121 2 2 32768 1679818752 16388
is_linear=0
shrinkage=0.03


Tree=22
num_leaves=127
num_cat=47
split_feature=0 5 5 5 5 5 12 21 11 12 5 23 5 11 21 0 13 5 2 3 2 0 0 5 25 0 5 5 25 5 5 0 25 5 0 25 25 0 5 12 0 0 28 5 30 11 0 5 0 5 0 5 5 21 0 4 0 25 0 0 5 0 0 5 0 5 2 0 25 25 25 5 12 0 5 0 3 25 2 5 25 0 25 12 25 25 5 5 0 0 0 5 2 22 21 0 12 23 23 5 0 21 0 0 0 23 23 29 11 5 2 5 0 5 3 25 5 0 25 25 21 3 13 5 5 0
split_gain=11165 4937.6 4148.61 2590.07 2190.17 1987.86 1656.83 1256 2564.5 3258.53 1560.65 1087.22 1054.24 1004.39 1933.76 1186.67 957.533 939.227 869.687 1051.19 838.689 986.849 2630.59 1102.56 978.501 3139.04 833.847 823.266 790.601 766.463 762.589 1351.34 741.238 723.998 710.403 1145.66 672.805 632.573 1644.91 613.047 600.746 588.27 633.52 577.505 574.933 572.495 560.636 558.54 555.549 554.253 781.147 1029.77 547.317 537.984 529.563 804.967 2087.55 1183.26 506.542 488.255 518.517 484.479 485.83 473.042 745.151 459.287 450.138 514.151 503.248 509.515 494.727 440.028 755.259 436.088 469.689 1478.83 421.999 783.468 405.907 551.77 799.353 398.497 1390.96 397.68 405.188 569.153 394.926 393.979 471.214 3593.74 817.352 649.578 392.51 482.31 391.485 387.769 383.499 374.824 735.937 518.795 485.191 592.004 374.184 369.855 366.846 417.406 363.833 361.368 358.86 354.236 345.023 507.373 529.21 366.535 344.075 342.993 342.531 341.16 395.903 336.406 701.783 351.898 334.777 324.5 323.636 322.403
threshold=13030.000000000002 0 1 2 3 4 -0.21862536668777463 0.089121334254741683 0.24372619390487674 -0.42958799004554743 5 0.064333807677030577 6 0.3744682669639588 1.0000000180025095e-35 90.000000000000014 39.500000000000007 7 8 9 10 950.00000000000011 850.00000000000011 11 49.000000000000007 615.00000000000011 12 13 59.500000000000007 14 15 325.00000000000006 38.500000000000007 16 1225.0000000000002 99.000000000000014 50.500000000000007 180.00000000000003 17 0.92843842506408703 55.000000000000007 1410.0000000000002 0.09977880492806436 18 0.10226471349596979 -0.51297807693481434 325.00000000000006 19 425.00000000000006 20 715.00000000000011 21 22 0.13455672562122348 325.00000000000006 23 950.00000000000011 17.500000000000004 615.00000000000011 850.00000000000011 24 325.00000000000006 1940.0000000000002 25 1615.0000000000002 26 27 325.00000000000006 103.50000000000001 67.500000000000014 53.500000000000007 28 0.41985447704792028 110.00000000000001 29 950.00000000000011 30 38.500000000000007 31 32 75.500000000000014 325.00000000000006 69.500000000000014 -0.11692317575216292 85.500000000000014 14.500000000000002 33 34 425.00000000000006 475.00000000000006 325.00000000000006 35 36 -0.24808008968830106 0.067053630948066725 90.000000000000014 0.071972697973251357 0.051437802612781532 0.086187265813350691 37 325.00000000000006 0.09852414578199388 1225.0000000000002 1560.0000000000002 90.000000000000014 0.12481230497360231 0.035104382783174522 0.040852611884474761 -0.4218058288097381 38 39 40 950.00000000000011 41 42 47.500000000000007 43 61.500000000000007 87.500000000000014 74.500000000000014 0.11221585795283319 44 25.500000000000004 45 46 1225.0000000000002
decision_type=2 9 9 9 9 9 2 8 2 2 9 8 9 2 10 2 2 9 9 1 9 2 2 9 2 2 9 9 2 9 9 2 2 9 2 2 2 2 9 2 2 2 10 9 10 2 2 9 2 9 2 9 9 8 2 9 2 2 2 2 9 2 2 9 2 9 9 2 2 2 2 9 2 2 9 2 1 2 9 9 2 2 2 2 2 2 9 9 2 2 2 9 9 10 8 2 2 8 8 9 2 10 2 2 2 10 8 8 2 9 9 9 2 9 1 2 9 2 2 2 10 1 2 9 9 2
left_child=1 4 -2 6 44 11 12 27 9 17 18 -4 -3 16 15 -15 43 46 65 59 30 22 23 104 25 32 102 92 -26 -23 31 -8 -25 34 66 -36 96 38 -35 71 -40 47 -43 122 -1 -37 116 -16 86 -50 51 -51 -42 -28 114 56 57 -56 -21 83 -61 109 -63 -52 -65 -10 73 68 69 -68 -69 72 -38 124 75 -75 77 -27 79 103 -81 82 123 84 85 -20 -48 88 90 -90 -39 -92 93 -5 -32 -19 -13 -96 100 -100 -99 -102 -12 -55 107 -106 -29 -22 -24 -45 111 -18 -113 -112 -14 -53 -9 -30 -119 -31 121 -121 -6 -17 -11 -67
right_child=2 3 5 7 13 -7 20 8 10 33 26 36 54 14 41 81 110 95 19 58 21 29 108 24 28 76 53 106 117 119 94 -33 -34 37 35 45 39 87 40 -41 52 42 -44 61 -46 -47 48 -49 49 50 63 115 -54 78 55 -57 -58 -59 -60 60 -62 62 -64 64 -66 125 67 70 -70 -71 -72 -73 -74 74 -76 -77 -78 -79 -80 80 -82 -83 -84 -85 -86 -87 -88 -89 89 -91 91 -93 -94 -95 97 -97 -98 98 99 -101 101 -103 -104 -105 105 -107 -108 -109 -110 -111 113 112 -114 -115 -116 -117 -118 118 -120 120 -122 -123 -124 -125 -126 -127
leaf_value=0.012948809649147205 -0.16106043980802809 0.0044232164542038184 0.011560772393467063 0.0088116277357797295 0.0043571475982019528 0.0069341394817931772 -0.0099778290646974164 0.0011671927891905335 -0.0025055814387110816 -0.030325973693763122 -0.00024859772693842783 -0.01390092626560566 0.016494185717664138 -0.06413869532552996 -0.001258779191854676 -0.004458872862852058 0.013558450946412656 -0.031433223471228781 -0.025977393311262129 -0.021456091601747745 -0.047094315229525299 0.010575357513804234 -0.078222612005787992 -0.014206436967420183 -0.0013511142347893963 -0.05024719756216129 -0.006493775971563847 -0.010282453895918369 -0.0066861240420815673 -0.017912843554724091 4.1586494497271199e-05 -0.093633311012624718 -0.067972286651862682 -0.096865066047852402 -0.016319048977431555 -0.12352858351026812 -0.026750360989555862 -0.014559187088082463 0.011345648694362368 -0.042655802613290224 -0.00010463113788225907 -0.092371396326592997 -0.00681466901513834 0.012959455783703519 0.031700450586205679 -0.036828593189074166 -0.0079570131313799319 0.0097269717564175632 0.014111175151571488 0.01475571352139631 -0.0058258367265786462 -0.0086055034788124398 -0.015963160889868738 -0.039641747928285002 -0.10914976918732731 -0.0088016944861024037 0.02471758434069617 0.00021535636276268154 0.018783030838149223 -0.0068432262926524977 -0.039285216055592036 0.0059538782792339625 -0.039525404941867771 0.0054001011270291286 -0.052600662356306761 -0.017826767924415239 -0.013336146807461802 -0.021566170666217879 -0.003756996514320285 -0.030390759108833883 -0.0032637664502773913 -0.17142453848949968 -0.13551390663985788 0.012253092825975731 0.0015702345145354661 -0.0448696427782923 -0.1538858670583913 -0.14464136869566782 -0.010459713420802772 -0.0091739159512641867 -0.03900712569764981 -0.0078301144246413004 -0.072565933371092087 -0.01634019862422172 -0.025491014739474512 -0.084246997688175507 0.012653296101851726 -0.00055290926711367729 -0.1497811527435596 -0.0055520875864825386 -0.0063450356198547679 0.012628725307220364 -0.005411339763464018 -0.0086524485873445602 0.010614010540508281 0.0066112973383048532 -0.076436391212046137 0.010917191179508196 0.0057629836567378041 -0.010103775428659704 -0.052288567886725243 -0.014381028780774028 -0.0098294533206670798 0.010352966503753346 2.9883738825894675e-05 -0.036412391716480773 0.00575555468776768 -0.01218358137642488 -0.14970467895269393 -0.0051096865157255105 -0.018822845360196627 -0.014842377151053058 0.0022956333635530553 -0.0027056206444734552 -0.003459487913140942 -0.03026976527690203 -0.010007586226170472 -0.029055404034556587 -0.015582354106850084 -0.028419333165579968 -0.026066406590758227 0.0055723131950158903 0.015227954184792912 -0.025654950254433723 -0.0081765844097659544 -0.055807699830114063
leaf_weight=5340 409 10051 117 4456 3871 381 517 3701 2386 816 14846 128 1068 404 10221 1646 2864 242 199 720 335 1668 132 1469 1837 186 17895 1347 1063 3997 4845 261 273 186 1006 154 100 2232 1133 100 2689 118 226 1121 2032 125 986 7019 2108 843 6434 1002 7276 1473 336 13021 271 121 461 648 1523 28365 212 11108 202 1577 3440 1631 1956 2914 7167 152 136 822 8407 808 141 139 12555 4277 996 7079 404 220 232 638 5370 30023 155 47089 2451 4779 17003 2090 815 31610 287 238 2063 18076 820 678 4872 146 3899 304 22923 1303 129 7120 1372 1934 10012 15718 2854 1919 7419 6036 2915 305 1099 2629 7474 1080 2207 230
leaf_count=5340 409 10051 117 4456 3871 381 517 3701 2386 816 14846 128 1068 404 10221 1646 2864 242 199 720 335 1668 132 1469 1837 186 17895 1347 1063 3997 4845 261 273 186 1006 154 100 2232 1133 100 2689 118 226 1121 2032 125 986 7019 2108 843 6434 1002 7276 1473 336 13021 271 121 461 648 1523 28365 212 11108 202 1577 3440 1631 1956 2914 7167 152 136 822 8407 808 141 139 12555 4277 996 7079 404 220 232 638 5370 30023 155 47089 2451 4779 17003 2090 815 31610 287 238 2063 18076 820 678 4872 146 3899 304 22923 1303 129 7120 1372 1934 10012 15718 2854 1919 7419 6036 2915 305 1099 2629 7474 1080 2207 230
internal_value=-0.00343652 -0.00317637 -0.0777954 -0.00474767 0.00228676 -0.0518712 -0.00936724 -0.0034922 -0.00429063 -0.00261714 -0.00943104 -0.0736764 -0.00333253 0.00120846 -0.0036605 -0.0137724 0.00292341 0.0024539 -0.0211615 -0.0301258 -0.0122446 -0.0157545 -0.0195424 -0.018298 -0.0228464 -0.0411977 -0.00760956 0.000986872 -0.0194434 -0.00789501 -0.00853399 -0.0376431 -0.0226666 -0.00547427 -0.00943474 -0.0312758 -0.085536 -0.00420186 -0.0108837 -0.109443 -0.00933838 0.00244309 -0.0363453 0.00559342 0.0180965 -0.0849548 -0.000543793 0.00321912 0.0015905 -0.000528519 -0.00196959 -0.0143819 -0.0117004 -0.0102454 -0.00774201 -0.01052 -0.0411989 -0.0802559 -0.00574626 -0.0385302 -0.0298219 0.0037661 0.00561512 0.000662963 0.00435578 -0.0111865 -0.00850655 -0.0117076 -0.0170655 -0.0211611 -0.00665879 -0.126502 -0.086102 -0.00430053 -0.00129478 -0.0159752 -0.110274 -0.0909387 -0.0137023 -0.0195634 -0.0147873 -0.0117732 -0.0206858 -0.0531627 -0.0607184 -0.0704407 0.00946268 -0.00333288 -0.00480375 -0.00602844 0.00130608 0.00620524 -0.0030088 0.00323031 -0.00769681 0.00631929 -0.0572281 -0.00935252 -0.0100969 -0.00848037 -0.0288339 -0.0351525 -0.00261493 -0.0349141 -0.0072967 -0.00261399 0.00486304 -0.0193478 -0.113989 -0.00264099 -0.00110786 0.00224322 -0.000479537 -0.0040108 0.00197692 -0.0227658 -0.00629653 -0.0227618 -0.02467 -0.0117311 -0.00563068 0.00203028 0.0115093 -0.0129732 -0.0142908 -0.0225645
internal_weight=519459 517649 1810 402017 115632 1401 85894 316123 268304 202410 65894 1020 27722 108260 28197 10613 80063 72944 8834 4641 58172 29859 20161 19900 14059 2208 57060 47819 11851 9698 28313 778 1742 129466 31453 1285 903 98013 11284 488 11098 17584 344 48163 7372 279 41092 17240 29972 23616 21508 3764 9965 37342 17671 13749 728 457 1181 3460 2171 36818 28577 17744 11310 4193 30168 17108 8310 6354 8798 388 236 13060 10037 1630 466 325 19447 6892 5273 10209 3130 1289 1069 837 6356 86729 56706 47244 9462 7230 23549 6546 27535 31852 415 22690 21875 20139 1736 1498 19718 1619 5841 4203 24270 1638 261 8241 31900 14810 11946 17090 3922 2921 11120 10014 8951 8030 4033 2934 11345 2726 3023 1807
internal_count=519459 517649 1810 402017 115632 1401 85894 316123 268304 202410 65894 1020 27722 108260 28197 10613 80063 72944 8834 4641 58172 29859 20161 19900 14059 2208 57060 47819 11851 9698 28313 778 1742 129466 31453 1285 903 98013 11284 488 11098 17584 344 48163 7372 279 41092 17240 29972 23616 21508 3764 9965 37342 17671 13749 728 457 1181 3460 2171 36818 28577 17744 11310 4193 30168 17108 8310 6354 8798 388 236 13060 10037 1630 466 325 19447 6892 5273 10209 3130 1289 1069 837 6356 86729 56706 47244 9462 7230 23549 6546 27535 31852 415 22690 21875 20139 1736 1498 19718 1619 5841 4203 24270 1638 261 8241 31900 14810 11946 17090 3922 2921 11120 10014 8951 8030 4033 2934 11345 2726 3023 1807
cat_boundaries=0 2 4 6 8 10 12 14 16 17 18 19 21 23 25 27 28 30 31 33 35 37 39 41 42 44 46 48 49 51 53 54 55 57 59 61 63 64 66 68 69 70 71 72 73 74 76 78
cat_threshold=423897174 42 268435458 8192 574505 2112 16 2 571998208 4 42140160 8192 1057 2048 614601344 389 10 2 10 32777 64 2686455936 17408 3221295232 30208 525344 64 1 1075843072 16401 131072 262148 8 17047554 32 512 257 0 132 109117440 384 1 33554432 8192 0 132 41943040 8192 5 536870912 4 0 16 2 9 0 4736 0 384 2727346176 12548 0 12544 4 32768 64 268435520 32 12 2118 150994944 2 75501696 2 68 40 0 16400
is_linear=0
shrinkage=0.03


Tree=23
num_leaves=127
num_cat=43
split_feature=0 5 5 5 5 5 21 11 13 5 11 2 0 5 23 0 0 5 0 5 5 5 23 5 5 30 8 5 0 5 0 27 11 23 13 5 0 29 11 5 0 2 3 5 30 0 28 5 27 23 27 27 5 0 0 0 4 27 13 5 0 0 27 5 0 27 0 0 0 5 0 13 3 27 27 0 0 2 27 0 5 27 0 27 21 21 29 13 5 23 22 5 31 11 23 5 27 0 30 5 0 27 0 27 5 2 5 27 27 26 27 0 5 26 5 27 27 0 5 5 28 27 21 0 5 3
split_gain=10374 4754.32 3947.53 2367.44 2016.86 1388.32 1233.4 2679.24 2152.08 1069.65 1037.79 952.478 853.534 795.564 790.733 774.019 4192.04 1007.54 1083.35 2822.6 779.739 733.026 731.052 730.804 720.431 705.518 846.162 831.973 673.473 624.037 958.153 724.733 611.84 1246.48 1082.35 595.02 884.118 678.837 583.912 572.431 1242.81 572.208 741.742 522.651 515.113 504.146 788.214 495.934 493.675 484.269 478.654 484.763 477.913 459.287 455.448 615.568 1032.93 454.945 438.281 432.215 419.874 414.964 604.976 774.174 1198.41 469.085 451.623 408.45 405.69 2028.02 483.437 405.327 401.402 507.626 386.855 385.533 382.53 381.288 380.582 378.109 363.785 577.441 395.463 357.118 353.623 537.304 1071.59 426.31 364.666 346.164 342.222 334.519 331.482 331.07 331.007 428.85 533.047 326.966 341.853 319.716 612.759 337.811 313.748 312.544 310.99 310.404 308.93 339.361 398.57 300.359 293.946 292.639 359.379 288.82 367.401 477.832 288.633 288.292 550.706 439.494 379.107 353.407 341.627 288.928 283.912 281.879
threshold=13030.000000000002 0 1 2 3 4 0.089121334254741683 0.35846313834190374 37.500000000000007 5 -0.099819734692573533 6 61.500000000000007 7 0.093464292585849776 950.00000000000011 850.00000000000011 8 615.00000000000011 9 10 11 0.12228051945567132 12 13 0.085353039205074324 10.500000000000002 14 1940.0000000000002 15 325.00000000000006 0.053263295441865928 0.24372619390487674 0.032954851165413863 37.500000000000007 16 1280.0000000000002 0.11490825563669206 -0.69674959778785694 17 325.00000000000006 18 19 20 0.10479542613029481 1410.0000000000002 0.099524557590484633 21 0.086274277418851866 0.038110742345452316 0.076740767806768431 0.08212983608245851 22 615.00000000000011 1560.0000000000002 850.00000000000011 23 0.055219287052750594 39.500000000000007 24 1560.0000000000002 325.00000000000006 0.10945477336645128 25 950.00000000000011 0.12240357697010042 1225.0000000000002 1225.0000000000002 155.00000000000003 26 55.000000000000007 39.500000000000007 27 0.098019190132617964 0.098019190132617964 850.00000000000011 325.00000000000006 28 0.16058247536420825 155.00000000000003 29 0.055219287052750594 45.000000000000007 0.064750330522656455 0.087768755853176131 0.096303567290306105 0.092177450656890883 33.500000000000007 30 0.058227287605404861 -0.27293582260608668 31 0.056653732433915145 -0.86546283960342396 0.060403937473893173 32 0.07936600968241693 615.00000000000011 0.076115638017654433 33 715.00000000000011 0.092709075659513487 325.00000000000006 0.098019190132617964 34 35 36 0.051913643255829818 0.064750330522656455 0.10521202534437181 0.059944719076156623 325.00000000000006 37 0.1366594657301903 38 0.11368945986032487 0.064750330522656455 550.00000000000011 39 40 0.13584410399198535 0.10038758814334871 0.10949432477355005 1225.0000000000002 41 42
decision_type=2 9 9 9 9 9 8 2 2 9 2 9 2 9 8 2 2 9 2 9 9 9 8 9 9 8 2 9 2 9 2 2 2 10 2 9 2 10 2 9 2 9 1 9 10 2 10 9 2 10 2 2 9 2 2 2 9 2 2 9 2 2 2 9 2 2 2 2 2 9 2 2 1 2 2 2 2 9 2 2 9 2 2 2 10 10 10 2 9 10 8 9 8 2 8 9 2 2 10 9 2 2 2 2 9 9 9 2 2 10 2 2 9 10 9 2 2 2 9 9 10 2 8 2 9 1
left_child=1 4 5 11 44 14 24 8 10 41 38 29 80 -4 -2 16 17 18 71 -20 -17 53 -21 68 77 89 94 74 32 30 -3 -32 34 39 -23 36 -11 -38 110 40 -34 59 75 -12 116 52 -47 -40 -44 -26 -22 -52 -35 -14 55 56 -37 104 -18 -9 84 -25 106 64 -64 66 -66 -41 69 -10 -71 -13 73 -24 79 -43 -49 90 125 -28 81 -6 -82 -78 87 86 -86 88 102 -19 -5 -77 -53 -16 -27 -96 -97 -91 -99 105 101 -101 -31 -98 -58 -85 107 -63 -109 -79 -8 112 -45 114 115 -57 -1 118 -113 121 -120 122 -119 -121 -103 -61
right_child=2 3 13 6 12 -7 7 9 23 35 43 15 21 -15 93 20 58 25 19 22 50 28 72 61 49 26 27 -29 -30 60 31 -33 33 45 -36 54 37 -39 47 67 -42 42 48 111 -46 46 -48 76 -50 -51 51 92 -54 -55 -56 113 57 -59 -60 78 -62 62 63 -65 65 -67 -68 -69 -70 70 -72 -73 -74 -75 -76 91 83 109 -80 -81 82 -83 -84 99 85 -87 -88 -89 -90 97 -92 -93 -94 -95 95 96 103 98 -100 100 -102 124 -104 -105 -106 -107 -108 108 -110 -111 -112 117 -114 -115 -116 -117 -118 119 120 123 -122 -123 -124 -125 -126 -127
leaf_value=0.017890941562868089 -0.012671949724193478 -0.0085965205179522504 -0.047038656054661045 0.0080957484317794731 -0.067435433318083784 -0.15795054486303617 0.0061391786304146947 -0.0029003535141451206 -0.10189868338511024 -0.0024911152101115557 0.0069423595488233491 -0.0091025562838148652 0.0054931051954616398 0.015237297426828222 -0.13285008100362924 0.0088907799360751077 -0.15188452977874425 -0.016653649721034385 -0.018096931593218703 -0.027312264924353739 -0.023875564883436073 0.0059917041035980924 -0.11532974336495178 -0.012280528641316032 -0.011912841107598542 -0.019480517908303036 -0.017929763232155033 -0.0030941843822870985 -0.039057075712573282 -0.0037805929884542613 -0.11612179562730608 -0.030194764349996892 -0.035588430186756552 -0.00096072373574827331 -0.0013859052206438975 0.011277703692755577 -0.0033997232570118613 -0.092188410364975354 0.010319744867287947 -0.00085963077418684712 -0.0068067159996903813 -0.051472737968380429 -0.022659272516600569 -0.0031749925340659661 0.030474417924728471 -0.10203154388850984 -0.0046576747018583255 -0.0033366987723888451 0.02179056503666708 0.0056294195113307226 0.013455939037526598 0.0070347101824096477 0.0088994917661823041 0.020021880303891872 0.010440767457973661 -0.028308472655259712 -0.003065536262885886 0.00065507122165761535 -0.082898152155970975 0.0016787717558414555 0.010765172606582699 0.02213452570041724 0.01193360084074485 -0.0087254961248112283 -0.043778272936209978 -0.031009476329014473 -0.10322294226464103 -0.017609182469548661 -0.002300056802047134 0.010723250154164591 -0.012309707292477207 -0.026774944844783446 -0.14929732743841018 -0.050558901991634098 0.0026534560859722825 -0.0080027478577423886 0.013879865415634069 -0.007085431594385426 -0.078909977143108143 -0.040698110676525803 0.031069654226303374 -0.013320385978121877 -0.014029129345338301 0.020318532571635625 0.0053309025830913489 -0.0084653508362489503 -0.060592254688700206 -0.0076691827207788733 -0.0012516038028423518 -0.063155757628924017 -0.0074681717569629351 -0.037091712954645702 -0.010732989860588196 -0.082745403196360603 0.0069821905847177916 0.0018170389303053202 -0.01658346490457285 -0.040709686390659923 0.0038296733360757371 -0.0064039429694660987 0.0039229345411130384 0.008574392388441732 0.053511056403794353 0.0076604694000485789 -0.015873281573064432 -0.00092732317586507801 -0.0022866463914320489 -0.028344270446660654 0.0020089589158418424 0.0037982446030867464 -0.0020102196409014631 0.010116885398549493 -0.015422345177209952 -0.0097554266512001574 -0.0094567970339794871 -0.011540043821899614 0.0036835552432541371 -0.042257928037027409 -0.0023745133280518816 0.0034568007091559448 -0.030694668864577834 -0.0018209646590157597 -0.012033774292603073 -0.0073663175857317719 -0.044503997367322121 -0.028375896275198331
leaf_weight=3393 121 744 395 4330 289 385 4897 1987 202 14315 3956 3381 9415 334 168 2438 178 3017 1749 140 1809 36319 280 15515 1507 1085 1091 2030 382 146 158 201 1985 10089 35282 2254 138 176 12172 6946 4220 1049 625 4315 1947 103 267 6496 350 23311 931 1042 7869 2472 869 4629 2146 2581 164 386 1460 202 434 13309 270 727 203 1614 47378 1051 3722 1785 136 182 331 534 3425 13564 106 1657 198 459 1452 1635 381 6550 530 15264 14184 301 1799 1197 10088 443 3297 4148 3614 458 234 1195 8540 115 208 551 8704 999 20794 1236 568 2743 21333 3714 4337 4333 2644 2287 2074 357 2645 6291 506 3477 5683 3429 456 1029
leaf_count=3393 121 744 395 4330 289 385 4897 1987 202 14315 3956 3381 9415 334 168 2438 178 3017 1749 140 1809 36319 280 15515 1507 1085 1091 2030 382 146 158 201 1985 10089 35282 2254 138 176 12172 6946 4220 1049 625 4315 1947 103 267 6496 350 23311 931 1042 7869 2472 869 4629 2146 2581 164 386 1460 202 434 13309 270 727 203 1614 47378 1051 3722 1785 136 182 331 534 3425 13564 106 1657 198 459 1452 1635 381 6550 530 15264 14184 301 1799 1197 10088 443 3297 4148 3614 458 234 1195 8540 115 208 551 8704 999 20794 1236 568 2743 21333 3714 4337 4333 2644 2287 2074 357 2645 6291 506 3477 5683 3429 456 1029
internal_value=-0.00327017 -0.00301705 -0.0742425 -0.00465344 0.00203167 -0.109295 -0.00341454 -0.00423099 -0.0026882 -0.0102908 0.000466578 -0.00905167 0.00108784 -0.0187038 -0.0817451 -0.0119881 -0.0148654 -0.0136511 -0.0230193 -0.0393148 -0.00673544 0.00145124 -0.0880704 -0.00567454 0.00104109 -0.0103483 -0.00779172 -0.0181 0.000651894 -0.00564908 -0.0277981 -0.0682297 0.000797216 -0.00257616 0.00235636 -0.00856243 -0.00358284 -0.0533013 0.00289623 -0.00906274 -0.0159926 -0.0209742 -0.0291426 -0.00337859 0.0172026 0.00264963 -0.0319664 0.00543046 -0.00669694 0.00456194 -0.00948215 -0.00732938 0.00336459 0.00850876 -0.0109528 -0.0115854 -0.0075115 -0.0106653 -0.119141 -0.012167 -0.00501046 -0.00814869 -0.0064521 -0.0111435 -0.0305807 -0.0462084 -0.0694544 -0.00401478 -0.00315535 -0.0113048 -0.00722161 -0.0152129 -0.103696 -0.0899783 -0.0278886 -0.0371142 0.00282115 -0.00285435 -0.024165 -0.0316685 -0.0166257 -0.0338388 -0.00854995 0.00526725 -0.00563018 -0.0114707 -0.0330461 -0.00416765 -0.000490986 -0.0217202 0.00352117 -0.0283882 -0.00906908 -0.0967167 -0.00364213 -0.00216042 -0.00578829 -0.0370813 -0.0256649 0.00298674 0.00059549 -0.0154851 0.029118 -0.0133751 -0.013358 0.0122902 -0.00337701 -0.0145887 -0.0187916 -0.00525135 -0.000488595 -0.00455427 -0.00933681 -0.0161839 -0.0190963 -0.0227331 0.0125028 -0.00297045 0.00230705 -0.00485383 -0.00690865 -0.00943132 -0.0138269 -0.000361348 -0.0344458 -0.0201818
internal_weight=519741 517895 1846 391120 126775 1117 305177 257923 205584 52339 99973 85943 119361 729 732 46117 29809 29467 7653 2487 16308 116963 738 105611 47254 21814 17804 5109 105076 39826 1103 359 104694 33093 71601 45076 14629 314 61263 14765 6205 7263 3755 38710 7414 18328 370 35033 975 24818 13870 12061 17958 11887 30447 29578 15685 13431 342 3508 38723 53258 37743 14943 1634 1200 473 8560 52353 4975 4773 5166 598 462 3079 2780 22861 22436 1521 2748 2398 748 1650 16365 37263 7461 911 29802 14538 4010 6129 1731 11130 611 12695 11610 8313 993 692 12940 10306 1766 354 4165 10850 2634 22800 2006 1804 16307 26230 34754 8652 13893 9560 6916 5467 26102 6865 19237 3151 9517 6040 9720 571 1415
internal_count=519741 517895 1846 391120 126775 1117 305177 257923 205584 52339 99973 85943 119361 729 732 46117 29809 29467 7653 2487 16308 116963 738 105611 47254 21814 17804 5109 105076 39826 1103 359 104694 33093 71601 45076 14629 314 61263 14765 6205 7263 3755 38710 7414 18328 370 35033 975 24818 13870 12061 17958 11887 30447 29578 15685 13431 342 3508 38723 53258 37743 14943 1634 1200 473 8560 52353 4975 4773 5166 598 462 3079 2780 22861 22436 1521 2748 2398 748 1650 16365 37263 7461 911 29802 14538 4010 6129 1731 11130 611 12695 11610 8313 993 692 12940 10306 1766 354 4165 10850 2634 22800 2006 1804 16307 26230 34754 8652 13893 9560 6916 5467 26102 6865 19237 3151 9517 6040 9720 571 1415
cat_boundaries=0 2 4 6 8 10 12 13 15 16 17 19 20 22 24 26 27 29 30 31 32 34 36 38 39 41 43 45 46 47 48 49 51 53 55 57 58 59 61 63 65 67 69 70
cat_threshold=2571380822 42 303038466 8196 574505 2112 16 2 34603008 4 42140160 8192 10 537395200 2048 541696 16384 525344 64 68 109118080 1924 1073746048 30208 32 2048 1 606081152 17408 289406978 10 2 4096 25600 1108410368 29712 2164523008 32 4 41943040 8192 1073741824 16400 0 512 2 4 8194 32 33554432 8192 1 2112 512 897 0 512 4 2097152 1151336576 896 1074790400 516 582090752 20 110231680 4 131200 4 2
is_linear=0
shrinkage=0.03


Tree=24
num_leaves=127
num_cat=44
split_feature=0 5 5 5 5 2 8 8 26 5 2 5 23 2 5 5 12 5 5 12 12 0 21 12 0 28 8 12 0 0 5 4 0 32 5 0 27 12 5 5 0 27 23 29 0 5 0 0 0 27 12 8 0 0 27 5 5 23 5 5 12 27 20 30 27 5 23 5 0 27 27 27 30 5 27 5 5 27 27 31 0 5 27 2 0 0 5 29 5 0 0 28 5 27 0 0 27 5 27 0 5 30 5 27 5 5 2 5 21 21 8 5 21 12 31 27 4 23 27 23 12 27 5 8 5 27
split_gain=10149.4 4448.1 3394.11 2084.3 2033.5 1580.04 1290.95 2005.39 1712.85 1317.29 2212.59 1236.66 1212.09 1189.41 1871.52 1832.3 1100.83 1078.23 870.635 856.434 856.406 779.851 1328.6 731.171 727.425 692.759 1549.19 688.758 639.614 3422.2 1170.85 1050.81 732.972 677.569 659.525 2183.27 718.814 657.743 628.44 582.796 952.547 751.742 567.186 562.65 566.121 554.224 832.966 677.576 547.741 537.158 569.162 515.159 515.954 509.28 750.909 766.449 656.286 507.204 808.524 701.22 507.143 505.817 504.434 493.858 505.533 1964.56 1387.73 480.85 477.826 492.664 1167.31 467.829 458.78 456.703 454.864 446.136 441.288 440.3 430.817 427.691 431.866 420.856 693.313 414.459 412.787 402.569 487.48 399.418 456.003 381.338 819.013 574.076 379.933 372.675 366.198 480.439 406.352 450.541 497.062 436.392 411.43 365.561 435.442 364.097 513.822 416.665 648.478 357.331 339.324 332.151 541.616 331.964 344.789 348.924 331.897 339.417 329.73 326.345 431.304 325.4 325.105 321.837 582.861 384.934 351.288 510.915
threshold=13030.000000000002 0 1 2 3 4 9.5000000000000018 6.5000000000000009 0.14085485786199572 5 6 7 0.064333807677030577 8 9 10 0.020426410250365738 11 12 0.84658399224281322 -0.72102889418601979 1560.0000000000002 0.046407744288444526 -0.9711191952228545 1255.0000000000002 0.10177255794405939 6.5000000000000009 0.7074720859527589 950.00000000000011 850.00000000000011 13 14 155.00000000000003 0.23673103004693988 15 615.00000000000011 0.069445703178644194 0.90070003271102916 16 17 325.00000000000006 0.053263295441865928 0.12228051945567132 0.040852611884474761 325.00000000000006 18 1225.0000000000002 90.000000000000014 1940.0000000000002 0.16058247536420825 0.49626980721950537 9.5000000000000018 155.00000000000003 325.00000000000006 0.10038758814334871 19 20 0.091522067785263075 21 22 0.94066718220710765 0.051913643255829818 74.500000000000014 0.086054746061563506 0.059944719076156623 23 0.07194120436906816 24 850.00000000000011 0.095947422087192549 0.053855204954743392 0.12240357697010042 0.10088627040386201 25 0.049178216606378562 26 27 0.056865874677896507 0.049178216606378562 0.064253315329551711 155.00000000000003 28 0.053263295441865928 29 615.00000000000011 135.00000000000003 30 0.092177450656890883 31 1560.0000000000002 1280.0000000000002 0.14385793358087542 32 0.095947422087192549 325.00000000000006 55.000000000000007 0.07936600968241693 33 0.069445703178644194 155.00000000000003 34 0.18743316084146502 35 0.051913643255829818 36 37 38 39 0.1163604184985161 0.1000989116728306 6.5000000000000009 40 0.04543250426650048 -0.9711191952228545 0.072578333318233504 0.055219287052750594 41 0.12977331131696704 0.098019190132617964 0.090003363788127913 -0.72102889418601979 0.10038758814334871 42 6.5000000000000009 43 0.11874964460730554
decision_type=2 9 9 9 9 9 2 2 10 9 9 9 8 9 9 9 2 9 9 2 2 2 8 2 2 8 2 2 2 2 9 9 2 8 9 2 2 2 9 9 2 2 8 10 2 9 2 2 2 2 2 2 2 2 2 9 9 8 9 9 2 2 2 8 2 9 8 9 2 2 2 2 10 9 2 9 9 2 2 10 2 9 2 9 2 2 9 10 9 2 2 10 9 2 2 2 2 9 2 2 9 8 9 2 9 9 9 9 8 8 2 9 10 2 8 2 9 8 2 10 2 2 9 2 9 2
left_child=1 3 11 72 5 16 7 8 9 10 61 12 -2 14 21 25 17 -3 -18 45 81 76 -23 83 39 78 43 75 29 31 33 -20 114 -30 36 -36 -34 -31 -25 40 -7 -42 -37 44 111 46 47 -8 -28 50 68 52 -17 57 55 -55 -56 59 -59 -11 -29 -6 73 87 65 -65 -66 -58 69 70 -40 -48 -1 -22 -60 -4 -5 101 -15 -10 -81 -9 92 -12 -16 86 -21 -41 -89 90 -69 -92 -83 116 95 -47 97 98 -97 -99 -98 -54 -103 104 -57 106 108 -86 -105 -109 -111 112 113 -27 -33 -116 -70 -38 -119 -45 -112 122 -68 -124 125 -123
right_child=2 4 27 13 6 24 19 20 79 53 23 -13 -14 15 84 51 18 -19 28 85 62 22 -24 38 -26 26 48 60 30 37 -32 32 34 -35 35 42 117 -39 49 63 41 -43 -44 119 -46 94 71 -49 -50 -51 -52 -53 77 54 56 103 67 58 74 -61 -62 -63 -64 64 66 -67 121 89 93 -71 -72 -73 -74 -75 -76 -77 -78 -79 -80 80 -82 82 -84 -85 107 -87 -88 88 -90 -91 91 -93 -94 -95 -96 96 100 99 -100 -101 -102 102 -104 105 -106 -107 -108 109 -110 110 120 -113 -114 -115 115 -117 -118 118 -120 -121 -122 124 123 -125 -126 -127
leaf_value=0.01218609961351718 0.01635243684053421 0.002944482199643962 -0.039356503950224976 0.026528143385999112 -0.029375586898244894 -0.007982905423738489 -0.063216690282604016 0.013305273255959624 0.0079641691165326118 0.010554759890132489 -0.0023752576670250866 -0.15022425842285156 -0.095314767185871757 0.013414549973252216 -0.039372898322829586 -0.0016348537935673996 -0.009068344575113128 -0.010951836030241278 0.0099758435417733292 -0.049549879733681308 0.00071178943491822209 -0.11306382375955581 0.0052407131744296965 -0.055321887515781418 0.010789087587135102 -0.014621243885063289 -0.0041979407737898012 -0.11144999965165669 -0.031336477775446674 -0.085330462325202375 0.010387302811412027 0.00042578139841488287 -0.037898746305714902 -0.010667359403012756 -0.027146413144042158 -0.031604956162236901 0.0068949581275795221 -0.17270709665353631 -0.027809571326387939 -0.00029310203064922085 -0.11634895803053168 -0.028008244287634553 -0.10071725978387089 0.0066977947344232132 -0.010637842423929454 0.014707581091579413 -0.098946872353553761 -0.01227487360658891 -0.050038298328843302 -0.007128420921265647 -0.0084402910061833376 -0.0022689132472515899 0.0099676032938680551 0.0047957545029666719 -0.038256630896250955 -0.010579725912086163 0.01402419616584666 -0.0044503000463834421 0.006105335958512384 -0.0076381063507234975 -0.023498309548917434 0.0088226284390721631 0.0016971656818733961 0.019577461912779155 -0.094665879044267862 -0.004400754775635965 0.012123199984562504 -0.010495563319594619 0.02170913522131741 -0.028418233581100193 -0.12144108921289444 -0.033208931378600461 0.028857407009483717 -0.010687072946439301 -0.020308799644613459 0.021843434008226172 0.012301360817108612 0.01225105886016515 -0.0027431787030197108 -0.047331251856258937 0.00013057672559954836 -0.060128067436331478 0.0050472740805838192 -0.055642743241041896 -0.017290930195122317 -0.0018760145677142444 -0.0091834422438928521 -0.061593584764423302 -0.015483732380850625 0.010618573326073901 -0.029021521030339 -0.11390436392865683 -0.011423880306472144 -0.037008253005877179 -0.0056214161466476278 -0.033459084375076914 -0.070641837387973833 -0.027096745083051967 0.003180800884644818 -0.0013990734827935643 -0.02145203671288767 -0.021686885169144039 0.0017304573175413306 -0.015382688250990919 0.01286691039405328 -0.002247034279332173 -0.016149696057124976 0.010283784737900327 0.006694607014716511 -0.0032586318059844182 0.0086043991431194716 -0.023595036092147258 -0.023901966489247813 -0.06059656822515895 -0.05902961168566654 -0.015215797380053535 -0.023177239802762959 -0.029412807479567579 0.0034841329931827839 -0.016336833808310487 0.0014598902265734238 -0.049361598291949388 -0.030860348390678582 -0.01140649860953394 -0.0022494071247443708 -0.0072310630181758907
leaf_weight=5347 101 7198 151 2467 348 756 240 5366 9301 2529 1547 399 640 2011 226 8120 12810 16632 932 311 5525 114 332 740 2659 181 23233 103 2266 229 1615 1302 1117 3859 3794 136 800 120 237 1621 157 194 519 897 1735 542 149 9539 236 1122 855 14122 4464 12703 708 1289 777 7279 636 7647 138 2943 21191 3610 161 20392 798 7008 191 349 243 283 2058 7400 7514 306 9992 9012 5671 174 12299 168 26765 133 916 29936 1755 195 4085 696 196 113 835 1863 26641 1250 161 705 454 3775 2030 803 5848 863 2379 13897 6119 3604 2279 18036 7773 2365 603 848 173 1887 633 933 582 1432 21827 355 1131 4800 12222 953
leaf_count=5347 101 7198 151 2467 348 756 240 5366 9301 2529 1547 399 640 2011 226 8120 12810 16632 932 311 5525 114 332 740 2659 181 23233 103 2266 229 1615 1302 1117 3859 3794 136 800 120 237 1621 157 194 519 897 1735 542 149 9539 236 1122 855 14122 4464 12703 708 1289 777 7279 636 7647 138 2943 21191 3610 161 20392 798 7008 191 349 243 283 2058 7400 7514 306 9992 9012 5671 174 12299 168 26765 133 916 29936 1755 195 4085 696 196 113 835 1863 26641 1250 161 705 454 3775 2030 803 5848 863 2379 13897 6119 3604 2279 18036 7773 2365 603 848 173 1887 633 933 582 1432 21827 355 1131 4800 12222 953
internal_value=-0.00323583 -0.00298601 -0.0735885 0.00128246 -0.00479688 -0.00818162 -0.0033095 -0.00187941 -0.00441917 -0.00632544 -0.0159139 -0.105144 -0.0790277 0.000498876 0.00351646 -0.00191616 -0.0116719 -0.00675778 -0.0152158 -0.00652527 0.00218458 0.013745 -0.0251839 -0.0245074 -0.00450805 -0.00658881 -0.00855867 -0.0201812 -0.0190874 -0.0232872 -0.0123144 -0.0206265 -0.023164 -0.0182881 -0.0281669 -0.0358124 -0.0180913 -0.115782 -0.0292722 -0.0053 -0.0267333 -0.0677407 -0.0864373 -0.0199044 -0.0249561 -0.00915769 -0.015321 -0.0135314 -0.00466102 -0.0256062 -0.0304051 0.0024089 0.00474841 -0.00488301 -0.00309262 -0.00127257 -0.0106664 -0.00831281 -0.0117417 -0.00311325 -0.0613928 0.00476128 -0.00115177 -0.00482172 -0.00373931 -0.000787344 -0.0072089 -0.00838695 -0.0357425 -0.0556587 -0.0753645 -0.0560586 0.0168 -0.00582248 -0.0182247 0.00119785 0.0151515 0.00732362 0.0014878 0.00309556 -0.000535263 0.00561975 0.00412786 -0.006968 0.000994176 -0.00276022 -0.0155651 -0.0129761 -0.0177785 -0.0105763 -0.0126081 -0.0603301 -0.0203461 -0.0295795 -0.00738106 -0.0126453 -0.0144171 -0.0104807 -0.0235627 -0.00543603 -0.0255173 0.00332772 -0.00112964 -0.00414644 0.00463294 -0.00553894 -0.0104643 0.00117003 0.000625773 0.00150347 0.000839288 -0.0311671 -0.041719 -0.0525316 -0.0114314 -0.0189222 -0.012759 -0.00859994 -0.0167812 -0.00746612 0.00333628 -0.00650923 -0.0118706 -0.0150953 -0.00384215 -0.0185528
internal_weight=519735 517897 1838 154273 363624 110993 252631 174860 107610 85836 11204 1140 741 146868 65287 81581 56904 23830 33074 77771 67250 12905 446 7913 54089 39212 31530 698 20264 12524 7740 12175 11243 6125 7881 4449 3432 349 6233 51430 1107 351 655 8061 5732 45769 10211 9779 23469 5493 4371 42369 28247 74632 49027 39529 9498 25605 15429 10176 241 3291 34116 50323 44422 24002 20420 8790 3516 829 480 432 7405 12925 8150 457 12459 20127 7682 21774 12473 33134 27768 1680 52382 32002 2066 5901 4280 8013 7317 309 1003 2687 35558 8917 8375 6184 1704 4480 2191 11115 6651 26826 3668 23158 9261 52156 3142 51240 47636 3997 1632 1029 3362 2060 824 2315 1515 2329 29600 20259 6729 5931 13530 1308
internal_count=519735 517897 1838 154273 363624 110993 252631 174860 107610 85836 11204 1140 741 146868 65287 81581 56904 23830 33074 77771 67250 12905 446 7913 54089 39212 31530 698 20264 12524 7740 12175 11243 6125 7881 4449 3432 349 6233 51430 1107 351 655 8061 5732 45769 10211 9779 23469 5493 4371 42369 28247 74632 49027 39529 9498 25605 15429 10176 241 3291 34116 50323 44422 24002 20420 8790 3516 829 480 432 7405 12925 8150 457 12459 20127 7682 21774 12473 33134 27768 1680 52382 32002 2066 5901 4280 8013 7317 309 1003 2687 35558 8917 8375 6184 1704 4480 2191 11115 6651 26826 3668 23158 9261 52156 3142 51240 47636 3997 1632 1029 3362 2060 824 2315 1515 2329 29600 20259 6729 5931 13530 1308
cat_boundaries=0 2 4 6 8 9 11 12 14 15 16 18 20 21 23 24 26 27 28 30 32 34 36 38 40 42 44 46 47 49 50 52 53 55 57 59 60 62 64 65 66 67 68 69 70
cat_threshold=491010646 170 303038466 8196 16 2 574505 2116 5 42074112 512 2 34603008 4 12 2566 150997506 128 1065 2048 49161 0 2052 4 0 2048 131072 1 1075838976 16400 3221291136 16385 1073741824 16640 1073741952 17664 2097152 17 32800 68 0 1041 3264217088 4864 524288 2048 2052 1073741824 25600 12 131072 16896 32768 42074112 4096 41943040 1 8519680 4096 4202496 0 4368 3145728 9216 10 67108864 2 1 32768 32776
is_linear=0
shrinkage=0.03


Tree=25
num_leaves=127
num_cat=9
split_feature=0 13 11 21 25 30 23 0 21 11 11 2 0 25 12 0 25 3 31 30 12 31 25 3 23 11 25 30 0 0 20 30 0 25 23 25 3 20 23 25 12 0 0 28 0 0 25 26 23 25 25 25 0 11 0 0 31 0 23 28 25 27 0 24 0 0 31 27 0 24 28 0 2 25 23 3 25 25 25 25 27 27 25 11 24 2 30 23 25 0 25 0 28 25 25 25 25 25 17 27 25 11 25 25 0 0 23 3 3 25 25 25 21 0 31 11 25 26 27 25 0 31 0 0 25 11
split_gain=9649.03 1766.25 4159.71 3462.81 1604.26 1240.99 941.412 777.829 757.524 685.196 725.644 776.241 625.108 626.411 824.43 571.211 676.158 776.297 535.629 514.774 473.088 460.536 640.182 530.09 475.196 436.871 406.202 406.053 406.993 523.672 405.059 382.991 382.743 957.554 419.858 357.373 339.506 316.055 305.39 286.464 253.548 251.766 249.811 249.137 244.807 315.618 242.873 242.523 275.503 282.148 234.436 614.53 643.771 237.948 232.741 476.21 423.834 285.061 309.086 241.782 339.342 530.669 231.826 230.759 221.577 205.214 209.118 204.887 197.501 215.117 197.258 195.685 196.138 218.007 193.313 189.412 243.457 326.958 186.417 426.495 602.192 301.805 342.208 191.165 182.125 180.592 226.575 263.692 211.744 197.26 410.234 179.11 176.571 176.443 175.996 370.392 193.266 175.186 174.968 174.935 216.354 285.649 243.981 387.641 456.888 171.156 169.223 167.322 167.188 509.97 257.148 163.572 163.192 162.496 162.395 161.935 158.397 157.468 155.285 154.814 154.152 153.775 153.63 151.926 150.759 149.855
threshold=13030.000000000002 39.500000000000007 0.35846313834190374 0.090277068316936507 7.5000000000000009 0.090846620500087752 0.064333807677030577 225.00000000000003 0.090277068316936507 -0.90529522299766529 -0.082689788192510591 0 16530.000000000004 29.500000000000004 -0.44505782425403589 325.00000000000006 22.500000000000004 1 0.048095963895320899 0.091668669134378447 -0.72102889418601979 0.071907248347997679 68.500000000000014 2 0.058227287605404861 -0.5276680290699004 50.500000000000007 0.086054746061563506 1715.0000000000002 2125.0000000000005 90.500000000000014 0.11448932439088823 1410.0000000000002 49.000000000000007 0.038110742345452316 89.500000000000014 3 97.500000000000014 0.038110742345452316 10.500000000000002 0.92843842506408703 155.00000000000003 90.000000000000014 0.1071726903319359 1715.0000000000002 2375.0000000000005 81.500000000000014 0.35431678593158727 0.038110742345452316 18.500000000000004 20.500000000000004 15.500000000000002 950.00000000000011 -0.66528618335723866 550.00000000000011 325.00000000000006 0.075905904173851027 1255.0000000000002 0.081555202603340163 0.1174035742878914 81.500000000000014 0.1045757830142975 61.500000000000007 0.97986289858818065 45.000000000000007 155.00000000000003 0.028578094206750396 0.064750330522656455 1225.0000000000002 1.0457074642181399 0.10132518783211709 1255.0000000000002 4 70.500000000000014 0.10777157172560693 5 64.500000000000014 61.500000000000007 32.500000000000007 18.500000000000004 0.16058247536420825 0.12240357697010042 75.500000000000014 0.78325453400611889 1.0089110732078554 6 0.07180457562208177 0.1219332478940487 130.50000000000003 1225.0000000000002 180.00000000000003 155.00000000000003 0.10057403892278673 15.500000000000002 69.500000000000014 72.500000000000014 76.500000000000014 117.50000000000001 8.5000000000000018 0.084925193339586272 77.500000000000014 -0.72696319222450245 85.500000000000014 79.500000000000014 155.00000000000003 27950.000000000004 0.048478709533810622 7 8 53.500000000000007 16.500000000000004 59.500000000000007 0.06405286863446237 71.500000000000014 0.033771071583032615 -0.5917624533176421 82.500000000000014 0.023513245396316055 0.12835267186164859 41.500000000000007 155.00000000000003 0.072036866098642363 325.00000000000006 225.00000000000003 9.5000000000000018 0.23537775129079822
decision_type=2 2 2 8 2 10 8 2 10 2 2 9 2 2 2 2 2 1 10 10 2 8 2 1 10 2 2 10 2 2 2 10 2 2 10 2 1 2 10 2 2 2 2 10 2 2 2 10 10 2 2 2 2 2 2 2 10 2 8 8 2 2 2 2 2 2 10 2 2 2 10 2 9 2 10 1 2 2 2 2 2 2 2 2 2 9 10 10 2 2 2 2 10 2 2 2 2 2 2 2 2 2 2 2 2 2 8 1 1 2 2 2 10 2 10 2 2 10 2 2 2 10 2 2 2 2
left_child=1 2 8 5 -2 38 -6 21 9 37 20 19 -8 105 30 16 17 39 32 74 44 46 93 24 -24 36 118 28 54 -30 -15 -20 34 -34 35 65 50 -1 -4 -3 -28 -25 -19 -29 71 -46 62 48 125 -50 51 -17 53 63 55 56 75 58 -56 -60 68 -62 -5 -53 -18 -7 -67 -22 94 78 -10 72 73 -11 98 76 77 -9 79 -70 -81 82 83 119 -82 86 -40 -88 97 -90 -91 -37 -21 107 -61 -96 -97 -87 -12 100 -66 -102 103 104 -103 -14 -57 124 110 -110 -108 -45 -51 -36 -89 -41 -105 122 -16 -80 -33 -114 -115 -118 -23 -13
right_child=4 15 3 7 6 18 12 27 70 10 11 47 13 14 26 25 64 42 31 92 67 22 23 41 -26 -27 40 43 29 -31 -32 120 33 -35 113 91 -38 -39 85 115 -42 -43 -44 111 45 -47 -48 -49 49 112 -52 52 -54 -55 57 106 -58 -59 59 60 61 -63 -64 -65 99 66 -68 -69 69 -71 -72 -73 -74 -75 -76 -77 -78 -79 81 80 84 -83 -84 -85 -86 88 87 114 89 90 -92 -93 -94 -95 95 96 -98 -99 -100 -101 101 102 -104 116 -106 -107 108 -109 109 -111 -112 -113 121 117 -116 -117 123 -119 -120 -121 -122 -123 -124 -125 -126 -127
leaf_value=-0.0044857379208191632 0.018233728708687776 -0.017112130314502479 -0.013948688334604815 -0.027806785265206694 -0.011940348759316695 -0.0021563700077879217 -0.15053171390957301 -0.0085789992462022829 -0.01587773869663903 0.006589960611916041 -0.0039657649895097026 -0.0042521636765785274 -0.094546552534103392 -0.055929250692499093 -0.083056098391180444 -0.00061536815112997543 0.013985151998915417 -0.046302667708937512 -0.014853687721334377 0.011298363078337124 0.0046943306703240298 -0.013534416922573933 -0.014088323127891888 -0.081933298713312702 -0.066390374985383582 -0.0017361946872979728 -0.11805175993117786 -0.01932707943958949 -0.095361480155077422 -0.0033612977935170586 0.021715008994707696 -0.0078805511296542036 -0.10074083032158827 0.012086081911217081 0.035905574785088594 -3.9425653460467225e-05 -0.0011647978720852742 0.0014564262297111215 0.0067505175380923113 0.0039031885125911429 -0.062913405207150122 -0.042123727512807373 -0.0092025240953174381 0.0014260729448742086 -0.055419766942660008 0.0034696285406954175 -0.017726115189640495 -0.04268882792191328 0.038650538867560744 0.010546173793867198 -0.0063452809700867531 -0.014799200045979684 -0.0011281563602041865 -0.017734627538649999 -0.050349701378833163 0.017209278319388219 -0.037590102718021767 0.0048399922428662484 -0.0016199315966147179 -0.010951218732264236 -0.028504686130901482 0.0020485544646662926 0.0080635532803292852 -0.063340457701464542 -0.0076225482301759857 0.020763573283278138 -0.01358405003338703 -0.00055369346801704543 -0.0046744217445179219 -0.049103843877887035 -0.0039060366289745178 0.021344847079924196 0.0043876263716445766 0.015107500816378731 0.010437026968765847 -0.019563712656755036 0.0041033230546334244 -0.036074904414490447 -0.044959163056863913 -0.014982571291008913 -0.056274199883483589 -0.0079571912955257538 -0.044107167245464242 -0.04944669744564327 -0.10852206076179684 -0.0047007358854332963 0.00045774227307577214 0.0026309131009663264 -0.0080881254731092408 0.0079682393327710176 -0.063656582517257324 -0.021889556129846985 0.0032243939438403434 -0.014085263210841237 0.015660415671740893 -0.014051713709492356 0.0025682803245316668 0.0073239727671964832 0.0012416405791411123 -0.017168997568954538 -0.018496026349802731 -0.03681106071174145 -0.0058952806624577624 -0.036389612714264691 -0.00238207032321856 -0.14382171340049452 -0.030364419911806984 -0.011835622060006429 0.0061884152245749125 -0.023914023481309679 -0.00057185601208713677 -0.0057950511747829015 -0.001015003442640428 0.032538761640843669 -0.039034954011395645 0.015281909864050341 -0.0024942303167758942 0.0085847527941545505 -0.044235649894584304 -0.010442170339168744 0.0021853305067187196 -0.029090810179224481 0.0098018260513417638 -0.030094326382320107 -0.04636131346627928 -0.01033468150238887
leaf_weight=22291 160 390 3354 187 160 1393 134 3947 1328 14993 7645 13446 124 144 183 1229 360 171 1504 6322 9639 176 828 259 192 39098 344 1136 113 109 103 1538 102 197 211 558 11813 12614 2608 2226 101 328 3280 3166 134 208 793 147 180 1142 49867 107 443 205 186 364 569 945 2016 12926 2360 653 1179 519 28471 949 191 21917 450 163 18263 712 41457 3300 1677 1672 1171 431 125 300 154 4439 470 138 103 3770 965 115 7019 125 168 854 3969 5891 728 1835 958 1533 24144 2604 4404 414 6677 800 2115 156 269 376 878 1195 7605 26046 3837 505 312 2278 343 13827 197 1654 12415 183 570 376 451 5002
leaf_count=22291 160 390 3354 187 160 1393 134 3947 1328 14993 7645 13446 124 144 183 1229 360 171 1504 6322 9639 176 828 259 192 39098 344 1136 113 109 103 1538 102 197 211 558 11813 12614 2608 2226 101 328 3280 3166 134 208 793 147 180 1142 49867 107 443 205 186 364 569 945 2016 12926 2360 653 1179 519 28471 949 191 21917 450 163 18263 712 41457 3300 1677 1672 1171 431 125 300 154 4439 470 138 103 3770 965 115 7019 125 168 854 3969 5891 728 1835 958 1533 24144 2604 4404 414 6677 800 2115 156 269 376 878 1195 7605 26046 3837 505 312 2278 343 13827 197 1654 12415 183 570 376 451 5002
internal_value=-0.00315097 -0.0029093 -0.00174626 -0.00567675 -0.0723543 0.00026912 -0.0811657 -0.00929862 0.000904925 0.00147001 0.00230057 -5.89198e-05 -0.0886063 -0.0823619 -0.0717963 -0.00555066 -0.00802307 -0.000159179 0.00368875 0.00231701 0.0040299 -0.0169069 -0.0200491 -0.0370982 -0.0239888 -0.00423614 -0.0861816 -0.00827533 -0.00996637 -0.0504079 -0.0235943 -0.000475476 0.00701383 -0.0266109 0.00754274 -0.00117241 -0.00575897 -0.00233837 -0.00569256 0.00752381 -0.105706 -0.0597982 -0.0110537 -0.00554886 0.00557665 -0.0196983 -0.00453112 -0.00440118 -0.00416466 0.0018345 -0.00679523 -0.0157534 -0.0303448 -0.0458999 -0.009781 -0.00708373 -0.0126815 -0.0113761 -0.0118929 -0.0116485 -0.0123848 -0.0218845 0.0031363 -0.0550803 -0.00943237 0.00556878 0.015002 0.00104945 -0.011213 -0.0150811 -0.00471832 0.00571994 0.00553339 0.0081228 0.000513058 -0.0107138 -0.00804417 -0.0112935 -0.014367 -0.0264154 -0.0439401 -0.0125859 -0.0211869 -0.0155473 -0.0775535 -0.00402519 0.00153117 -0.00823444 -0.00578363 -0.00909785 -0.0331767 -0.0132609 0.00818504 -0.0160701 -0.00933159 -0.00338431 -0.00835217 -0.00122389 -1.07841e-05 -0.00961512 -0.00916359 -0.0120629 -0.00941986 -0.0152306 -0.00803045 -0.122414 -0.00285377 -0.0277021 -0.00358961 -0.0111676 -0.00159339 -0.0050124 0.000543479 0.00981761 -0.0278335 0.00966035 -0.027205 0.00944584 -0.0630997 -0.0128914 0.00107531 -0.0023 0.0205032 -0.0169494 -0.037183 -0.00590185
internal_weight=519263 517457 359267 144717 1806 54783 1646 89934 214550 194959 160054 67694 1486 1352 1072 158190 54909 8345 34814 43757 92360 10660 8501 1607 1020 103281 825 79274 48926 222 247 15457 19357 299 19058 3945 64183 34905 19969 4894 445 587 3451 30348 60804 342 2159 23937 23790 5342 52370 2503 1274 831 48704 18101 7790 30603 29658 29472 27456 3013 1366 626 46564 2533 1140 31556 24443 7996 19591 60462 59750 18293 33466 7221 5549 4378 7833 1007 557 6826 2387 1917 257 16615 4000 1392 12615 7312 293 1412 10291 6894 16447 3521 2793 5303 31789 46204 43600 15129 10725 4048 2529 280 10311 1003 9947 2073 7874 29212 5162 15113 427 4504 1519 14902 380 1779 13953 4020 1075 719 627 18448
internal_count=519263 517457 359267 144717 1806 54783 1646 89934 214550 194959 160054 67694 1486 1352 1072 158190 54909 8345 34814 43757 92360 10660 8501 1607 1020 103281 825 79274 48926 222 247 15457 19357 299 19058 3945 64183 34905 19969 4894 445 587 3451 30348 60804 342 2159 23937 23790 5342 52370 2503 1274 831 48704 18101 7790 30603 29658 29472 27456 3013 1366 626 46564 2533 1140 31556 24443 7996 19591 60462 59750 18293 33466 7221 5549 4378 7833 1007 557 6826 2387 1917 257 16615 4000 1392 12615 7312 293 1412 10291 6894 16447 3521 2793 5303 31789 46204 43600 15129 10725 4048 2529 280 10311 1003 9947 2073 7874 29212 5162 15113 427 4504 1519 14902 380 1779 13953 4020 1075 719 627 18448
cat_boundaries=0 1 2 3 4 5 6 7 8 9
cat_threshold=6 2 2 2 2 2 4 2 2
is_linear=0
shrinkage=0.03


Tree=26
num_leaves=127
num_cat=8
split_feature=0 13 11 21 25 30 12 25 25 12 21 25 11 0 31 23 0 25 3 2 25 0 25 31 12 11 3 0 11 25 2 25 23 29 25 23 22 22 21 20 20 31 23 0 25 0 22 0 30 30 23 3 28 23 0 29 2 22 17 25 0 0 0 0 25 0 0 25 25 25 25 25 0 0 0 25 25 23 28 31 22 25 25 0 29 25 2 11 20 28 21 25 25 0 0 25 25 0 25 11 25 0 0 0 0 24 24 0 25 25 25 25 0 0 0 2 25 20 31 0 23 31 28 25 31 0
split_gain=8314.92 1758.77 4149.43 3665.82 1505.83 1334.26 1153.17 1030.66 1399.34 1177.4 1313.17 802.771 770.966 701.028 591.773 542.909 513.258 629.518 718.59 478.862 478.24 462.097 1440.99 443.737 402.344 390.495 384.686 358.207 338.384 330.195 574.145 310.422 558.086 353.368 297.342 289.789 282.543 276.269 355.13 276.167 497.829 263.21 256.418 255.4 255.142 261.964 247.186 234.271 230.261 227.408 228.201 221.885 290.025 220.792 217.199 204.161 201.319 305.775 288.121 200.859 198.885 192.88 186.467 185.272 217.848 298.477 222.594 303.54 183.61 217.827 180.515 180.397 212.042 341.854 180.175 179.888 282.172 171.084 171.679 170.581 213.583 163.883 163.986 244.069 177.499 162.908 161.47 158.611 260.284 157.507 154.664 154.335 230.915 298.712 582.973 163.819 174.111 455.669 604.797 350.163 151.495 169.83 157.708 150.904 205.994 150.941 150.322 147.525 242.562 253.055 196.98 147.261 144.688 207.207 193.125 154.159 165.348 171.504 144.001 142.752 436.666 307.929 282.422 145.387 158.501 142.485
threshold=13030.000000000002 39.500000000000007 0.10837544873356821 0.090277068316936507 7.5000000000000009 0.090846620500087752 -0.70900321006774891 73.500000000000014 50.500000000000007 -0.36648371815681452 0.13383229821920398 35.500000000000007 0.3903625756502152 225.00000000000003 0.048095963895320899 0.038110742345452316 325.00000000000006 22.500000000000004 0 1 89.500000000000014 1410.0000000000002 40.500000000000007 0.050817217677831657 -0.25206183642148966 -0.37447345256805414 2 27950.000000000004 -0.20180235803127286 82.500000000000014 3 69.500000000000014 0.058227287605404861 0.041942948475480087 10.500000000000002 0.076926078647375121 0.17266365140676501 -0.049133053049445145 0.068480294197797789 107.50000000000001 72.500000000000014 0.046168554574251182 0.114736445248127 27950.000000000004 72.500000000000014 1280.0000000000002 -0.69672247767448414 155.00000000000003 0.07180457562208177 0.16192837059497836 0.12977331131696704 4 0.1424134969711304 0.12056355178356172 90.000000000000014 0.041942948475480087 5 0.071706026792526259 8.5000000000000018 68.500000000000014 45.000000000000007 2375.0000000000005 325.00000000000006 950.00000000000011 19.500000000000004 615.00000000000011 615.00000000000011 77.500000000000014 73.500000000000014 46.500000000000007 15.500000000000002 10.500000000000002 155.00000000000003 225.00000000000003 155.00000000000003 59.500000000000007 53.500000000000007 0.10746030509471895 0.099082995206117644 0.033771071583032615 0.06339344754815103 16.500000000000004 23.500000000000004 950.00000000000011 0.04237759672105313 8.5000000000000018 6 -0.90529522299766529 97.500000000000014 0.15488876402378085 0.091295003890991225 97.500000000000014 102.50000000000001 715.00000000000011 1225.0000000000002 92.000000000000014 85.500000000000014 950.00000000000011 86.500000000000014 -0.72696319222450245 115.50000000000001 155.00000000000003 155.00000000000003 1255.0000000000002 1225.0000000000002 1.0457074642181399 0.96004691720008861 425.00000000000006 100.50000000000001 101.50000000000001 100.50000000000001 9.5000000000000018 1715.0000000000002 2375.0000000000005 1280.0000000000002 7 34.500000000000007 77.500000000000014 0.024806666187942032 325.00000000000006 0.048478709533810622 0.02723141293972731 0.051213106140494354 110.00000000000001 0.025634293444454673 1225.0000000000002
decision_type=2 2 2 8 2 10 2 2 2 2 8 2 2 2 10 10 2 2 1 9 2 2 2 10 2 2 1 2 2 2 9 2 8 10 2 10 10 10 10 2 2 10 10 2 2 2 10 2 10 8 10 1 8 10 2 10 9 8 2 2 2 2 2 2 2 2 2 2 2 2 2 2 2 2 2 2 2 10 10 10 10 2 2 2 10 2 9 2 2 10 8 2 2 2 2 2 2 2 2 2 2 2 2 2 2 2 2 2 2 2 2 2 2 2 2 9 2 2 10 2 10 10 10 2 10 2
left_child=1 2 6 5 -2 19 28 8 11 -9 -11 43 56 31 15 20 17 18 34 48 46 37 -23 35 29 26 44 -13 112 85 -31 33 100 59 -3 -16 55 38 77 40 -12 -40 -37 -6 45 -18 74 -22 -4 -26 -51 52 -34 -50 -20 -21 57 -5 -58 70 -19 91 -59 64 65 -28 67 -66 69 -65 111 72 -56 -74 -7 76 -64 119 -79 -55 -81 -25 83 -83 -84 -15 -30 88 -8 -77 -60 95 93 107 -95 96 -46 98 99 -98 102 -102 -33 104 -87 106 -106 110 -109 -110 -93 -14 114 -114 115 116 -1 -118 -48 -17 121 -121 -122 124 -124 -71
right_child=4 16 3 12 7 14 87 9 -10 10 39 27 13 24 23 21 25 60 54 36 47 22 -24 81 49 -27 63 -29 86 30 -32 32 51 -35 -36 42 -38 -39 41 -41 -42 -43 -44 -45 61 -47 118 -49 53 50 -52 -53 -54 79 71 -57 58 62 90 -61 -62 -63 75 68 66 -67 -68 -69 -70 125 -72 -73 73 -75 -76 89 -78 78 -80 80 -82 82 84 -85 -86 103 -88 -89 -90 -91 -92 92 -94 94 -96 -97 97 -99 -100 -101 101 -103 -104 -105 105 -107 -108 108 109 -111 -112 -113 113 -115 -116 -117 117 -119 -120 120 122 -123 123 -125 -126 -127
leaf_value=0.0030076007542956195 0.018224456132503977 -0.017728139766179804 0.0080901456462729136 -0.011158057725343886 -0.086590495417012442 0.0041371880932315691 -0.0039833969334538716 0.048487383392777771 -0.16472402818062723 0.0081373379166153337 -0.063789936378011558 -0.064904280270161638 -0.013504815885925109 0.0075581415030141381 -0.022040218399908176 0.010901370729109728 -0.0087045617366517478 0.01320817912621325 -0.044277130002325228 -0.014645684200498521 -0.00057136585333992032 -0.1200850706740611 0.010037322460685845 0.032301168143749233 -0.0074357666986226692 -0.0012029923615239674 -0.0039342522080933482 -0.001769851162098348 0.0034531833586797711 -0.0075321555993000007 -0.037751476751391851 -0.025497554480251702 -0.060761826395988469 0.0030868744645730795 0.0093567437759639396 0.00097960406415350631 0.0083672806383963197 0.0014102613103425625 0.011784620036590187 -0.051561590804966216 -0.14495320840684636 0.032046683561888251 -0.022519016051157439 -0.13530869532751555 -0.0015225662643483882 0.016082930853518543 0.012340070608537644 -0.022364290764502446 0.0015165401731301463 -0.0016056643641307205 -0.045873927448015168 -0.058095782640541847 -0.017397041189198204 0.0047758857665565913 0.0093832392652713984 -0.0061864363418014509 -0.0094920606827102877 -0.0039510157918638614 -0.021063534263730178 -0.056208652566766014 -0.0093382432329323257 -0.034883781823822679 0.0026364812605029382 0.0044664026431635211 0.0036078956718850336 -0.055098346612920381 0.009287692672138928 -0.014579636233984873 0.0022019677855212279 -0.017708112099153624 -0.013381532928651423 -0.0058207469841367468 -0.061243886379913105 -0.0079504870266130512 0.030925381103038996 0.010387051051331494 -0.022623075580212679 0.020394512506529801 0.0062590043203349559 -0.048368670778664524 -0.00033781795762479302 -0.051485172168032715 -0.02136407188390025 0.0068335868441499774 0.0026306921115909895 -0.0091323450115901594 -0.0016793534890440808 0.00062784021196372419 0.0014190753824005222 -0.011458231559993865 -0.0029615298370629195 -0.017807030699441777 -0.003435968457827196 0.0041854053425523039 -0.01693834007090356 0.0035732414312159709 -0.094346321940354458 -0.0035667709479561991 -0.00650758735832051 -0.030391510996469268 0.0062609697378107473 -0.037304208347648575 0.0015808182782524995 0.003580579178278474 -0.040932187226097934 -0.045179361268421821 -0.013615054447855343 -0.0094573703212096991 -0.075596681959470918 -0.029080303457609605 0.017611129145672613 -0.037610688549441079 -0.048109884509920244 0.0044849498899420725 0.022994953949132469 0.0047839494622318986 0.013860230075034419 0.006651286003144124 -0.0044054966760653435 0.019858035740554333 -0.025304322021244011 -0.033912747445469044 0.025710953145332033 0.023410926470463771 0.004758624077561043 -0.0023716051602999419
leaf_weight=3923 170 396 3408 2295 315 423 22364 100 203 164 126 222 392 478 1111 6031 28928 354 164 3040 728 101 307 160 30737 28282 450 127 15945 1247 1053 272 199 987 4506 2080 1064 2981 1121 108 154 1192 522 148 7999 388 629 1137 1327 9301 105 447 458 158 128 16531 11103 4320 434 110 46038 186 2403 804 3217 132 3295 1110 1990 1912 5468 2741 215 218 485 3363 476 2217 1189 249 125 126 281 131 17280 24899 8426 46804 12518 325 18168 1115 10447 2369 2333 3531 154 2343 398 156 104 352 665 712 186 146 6260 336 146 380 161 550 107 179 599 35977 5711 6195 1734 124 229 413 358 537 3436 763
leaf_count=3923 170 396 3408 2295 315 423 22364 100 203 164 126 222 392 478 1111 6031 28928 354 164 3040 728 101 307 160 30737 28282 450 127 15945 1247 1053 272 199 987 4506 2080 1064 2981 1121 108 154 1192 522 148 7999 388 629 1137 1327 9301 105 447 458 158 128 16531 11103 4320 434 110 46038 186 2403 804 3217 132 3295 1110 1990 1912 5468 2741 215 218 485 3363 476 2217 1189 249 125 126 281 131 17280 24899 8426 46804 12518 325 18168 1115 10447 2369 2333 3531 154 2343 398 156 104 352 665 712 186 146 6260 336 146 380 161 550 107 179 599 35977 5711 6195 1734 124 229 413 358 537 3436 763
internal_value=-0.00304041 -0.00281431 -0.00165527 -0.00451882 -0.0667359 0.000847835 0.00197009 -0.0754058 -0.0943184 -0.0458643 -0.0630138 -0.076536 -0.00757764 -0.00923012 0.00385742 0.00696777 -0.00545174 -0.00779985 -0.000226173 -0.00462042 -0.00174274 0.00917852 -0.0223892 0.000219095 -0.00823646 -0.00420723 -0.00533943 -0.0420006 0.00460255 -0.0105884 -0.0215745 -0.0166904 -0.0258541 -0.0136393 0.00716557 -0.00922122 -0.00667929 0.00982918 0.0113187 -0.0930316 -0.108787 0.022236 -0.00374141 -0.102422 -0.00635326 -0.00837596 0.0051695 -0.0138623 0.00345167 -0.00618671 -0.00210466 -0.0417778 -0.0306043 -0.00503301 -0.0106794 -0.00750111 -0.00429743 -0.00120804 -0.00566599 -0.0161714 -0.00916592 -0.00450314 0.000889163 -0.00078879 0.00206241 -0.0156131 0.00341394 -0.00106002 -0.00506544 -0.00922186 -0.0154757 -0.00899785 -0.0244829 -0.0344927 0.0184641 0.00407332 -0.00154622 0.00957987 0.0154632 -0.0213422 -0.0323593 0.00216921 0.00189684 -0.0218472 0.00224555 -0.00981463 0.0016794 -0.000513389 -0.00204464 0.00845938 -0.00338497 -0.00432473 -0.00624206 -0.0105268 -0.00629698 -0.0020513 -0.00384877 -0.00994501 -0.0310179 -0.0623638 -0.013213 -0.0273763 -0.00629852 -0.0100727 -0.0103815 -0.0150978 -0.0144095 -0.0198219 -0.0294084 -0.0421106 -0.0133278 -0.0276043 0.00595453 -0.0152912 0.00607077 0.00587464 0.00834488 0.0101101 5.52909e-05 0.00777789 0.00408064 -0.0214826 0.00709509 0.00881364 0.00674193 -0.0133361
internal_weight=519650 517813 359728 200980 1837 72965 158748 1667 1015 652 552 812 128015 85128 47063 25372 158085 54760 8368 25902 5136 20236 408 21691 75124 103325 75043 349 77062 34981 2300 10004 2497 7507 4902 3713 20635 19828 16847 388 280 2313 2602 463 61370 29316 3271 1865 5267 40143 9406 1104 657 1859 3466 19571 42887 13182 29705 6520 46392 32054 10887 13673 8204 582 7622 4327 5469 3479 6410 3302 561 433 908 6567 2879 14534 3406 532 374 17978 17818 257 17561 32681 24371 81686 34882 3688 18602 31868 17287 6840 4702 14581 11050 3051 708 310 1393 456 937 32203 31491 6592 6446 2138 862 526 1276 942 52691 286 52405 51806 15829 11906 2363 11128 5097 537 4560 4331 3794 2675
internal_count=519650 517813 359728 200980 1837 72965 158748 1667 1015 652 552 812 128015 85128 47063 25372 158085 54760 8368 25902 5136 20236 408 21691 75124 103325 75043 349 77062 34981 2300 10004 2497 7507 4902 3713 20635 19828 16847 388 280 2313 2602 463 61370 29316 3271 1865 5267 40143 9406 1104 657 1859 3466 19571 42887 13182 29705 6520 46392 32054 10887 13673 8204 582 7622 4327 5469 3479 6410 3302 561 433 908 6567 2879 14534 3406 532 374 17978 17818 257 17561 32681 24371 81686 34882 3688 18602 31868 17287 6840 4702 14581 11050 3051 708 310 1393 456 937 32203 31491 6592 6446 2138 862 526 1276 942 52691 286 52405 51806 15829 11906 2363 11128 5097 537 4560 4331 3794 2675
cat_boundaries=0 1 2 3 4 5 6 7 8
cat_threshold=2 4 2 10 2 2 6 2
is_linear=0
shrinkage=0.03


Tree=27
num_leaves=127
num_cat=36
split_feature=0 5 5 5 5 12 12 5 11 0 5 5 30 11 13 12 5 5 11 5 26 0 0 25 5 0 0 0 5 5 27 0 23 25 27 0 4 0 25 27 5 26 0 5 27 5 3 23 5 27 5 27 25 27 25 0 25 5 0 25 25 23 25 0 0 0 5 27 11 5 12 5 11 27 25 5 27 5 0 0 27 25 5 11 31 12 0 31 5 0 0 5 0 5 5 5 29 25 25 11 25 5 27 5 0 0 25 8 26 0 0 26 13 0 5 27 0 23 0 25 11 27 20 32 5 26
split_gain=8223.23 4128.8 3465.27 1947.99 1703.55 1444.3 1238.71 1186.65 1182.71 1127.36 1757.36 1222.94 878.664 1281.64 1801.66 1094.82 1215.99 798.183 786.065 764.42 729.132 663.107 635.65 1077.97 812.062 725.285 1096.76 625.7 594.616 542.636 454.936 473.582 1264.7 453.496 445.916 443.62 933.645 2086.38 1081.92 427.079 844.479 599.184 2052.37 444.245 416.34 564.314 409.872 393.529 385.657 824.707 385.474 383.318 382.205 484.002 378.4 363.582 1114.49 359.215 358.761 473.848 357.756 354.038 580.932 350.921 543.469 1439.07 1382.24 466.011 402.67 392.258 349.535 349.14 346.619 343.943 360.515 341.352 337.575 416.642 323.569 320.351 317.717 542.492 519.899 316.433 374.279 349.536 506.954 315.425 371.875 753.348 329.875 798.507 771.684 1122.7 830.128 567.757 499.887 449.82 395.273 500.414 332.477 312.015 308.849 394.979 485.543 492.314 357.88 505.129 303.735 300.654 299.248 298.038 297.498 286.589 435.548 352.411 284.263 413.64 283.741 280.509 407.184 279.716 279.119 277.919 277.762 274.488
threshold=13030.000000000002 0 1 2 3 0.14037931710481646 -0.065537083894014345 4 0.12545942142605784 180.00000000000003 5 6 0.17508070915937426 0.3744682669639588 37.500000000000007 -0.23537842929363248 7 8 0.091259401291608824 9 0.24214403331279757 1940.0000000000002 225.00000000000003 18.500000000000004 10 325.00000000000006 950.00000000000011 155.00000000000003 11 12 0.05270845256745816 475.00000000000006 0.064846452325582518 140.50000000000003 0.08212983608245851 325.00000000000006 13 950.00000000000011 17.500000000000004 0.058846931904554374 14 0.35431678593158727 1560.0000000000002 15 0.056865874677896507 16 17 0.051437802612781532 18 0.086274277418851866 19 0.084925193339586272 16.500000000000004 0.098019190132617964 11.500000000000002 225.00000000000003 31.500000000000004 20 155.00000000000003 38.500000000000007 89.500000000000014 0.058227287605404861 81.500000000000014 325.00000000000006 1100.0000000000002 1225.0000000000002 21 0.14242830872535708 -0.45274443924427027 22 -0.70900321006774891 23 0.24372619390487674 0.1321084722876549 56.500000000000007 24 0.059944719076156623 25 1715.0000000000002 1280.0000000000002 0.056865874677896507 49.000000000000007 26 0.3744682669639588 0.088853958994150176 -0.72102889418601979 325.00000000000006 0.048567917197942741 27 1225.0000000000002 950.00000000000011 28 325.00000000000006 29 30 31 0.14472704380750659 67.500000000000014 20.500000000000004 -0.67803022265434254 59.500000000000007 32 0.086274277418851866 33 950.00000000000011 615.00000000000011 59.500000000000007 7.5000000000000009 0.33429116010665899 1560.0000000000002 155.00000000000003 0.087825521826744093 34.500000000000007 90.000000000000014 34 0.069445703178644194 325.00000000000006 0.1168753318488598 1615.0000000000002 66.500000000000014 -0.0053757284767925731 0.051913643255829818 77.500000000000014 0.17156998068094256 35 0.040561126545071609
decision_type=2 9 9 9 9 2 2 9 2 2 9 9 10 2 2 2 9 9 2 9 10 2 2 2 9 2 2 2 9 9 2 2 10 2 2 2 9 2 2 2 9 10 2 9 2 9 1 8 9 2 9 2 2 2 2 2 2 9 2 2 2 8 2 2 2 2 9 2 2 9 2 9 2 2 2 9 2 9 2 2 2 2 9 2 8 2 2 10 9 2 2 9 2 9 9 9 10 2 2 2 2 9 2 9 2 2 2 2 8 2 2 10 2 2 9 2 2 10 2 2 2 2 2 10 9 10
left_child=1 4 8 6 34 71 7 -3 -2 10 44 -11 13 14 18 16 -15 -10 28 76 22 33 24 25 113 -24 52 61 55 -7 108 32 50 39 54 46 37 38 -37 40 -13 43 -43 112 45 60 -9 -25 49 -18 -32 -48 53 -27 -1 56 101 -17 124 -60 72 -26 -63 -21 69 -66 67 68 -67 73 -30 -4 -6 74 -65 79 77 -16 -50 -20 81 -29 -83 85 -85 -45 -87 90 89 -89 91 -49 94 -94 -93 -92 98 -97 99 -95 -96 -5 103 -38 105 -105 109 -108 -14 -104 -62 116 -41 115 -115 -8 121 -118 -57 -82 -121 -90 -72 -42 -12 -100
right_child=2 3 5 12 9 29 20 35 17 11 58 21 30 15 19 57 48 -19 75 63 -22 -23 23 47 27 26 -28 80 70 -31 31 -33 -34 -35 -36 36 102 -39 -40 41 123 42 -44 83 -46 -47 51 87 78 -51 -52 -53 -54 -55 -56 118 -58 -59 59 -61 110 62 -64 64 65 66 -68 -69 -70 -71 122 -73 -74 -75 -76 -77 -78 -79 -80 -81 119 82 -84 84 -86 86 -88 88 111 -91 95 92 93 96 100 97 -98 -99 125 -101 -102 -103 106 104 -106 -107 107 -109 -110 -111 -112 -113 -114 114 -116 -117 117 -119 -120 120 -122 -123 -124 -125 -126 -127
leaf_value=0.01076436749286599 -0.1537459633877529 0.0044354876018484818 -0.02914427444764546 -0.090118228600058761 -0.010143381723614989 -0.076600985242561856 -0.030434779187894251 0.016291516294217493 -0.022434302861290858 0.0099397540687663228 -0.036357140394890665 -0.010977240056693476 0.016998629421420313 -0.0026867220660433148 0.011495074093296953 0.00017575243223269454 0.00055174614113954481 -0.12093639615002801 -0.00013596207797251708 -0.011803507929422927 0.0080633153700447064 -0.042769707281442901 -0.013646132181316981 0.011445180750526572 -0.00060067588668546784 -0.016112111517335329 -0.0027273325256058287 -0.087283049403392363 0.0079890253558368568 -0.014499150344994492 -0.016232517991797379 0.0022182734238225072 -0.10750431367291476 0.018309534519957819 0.001719974594234918 -0.10219019531897224 0.015206932530927364 0.024275668160333577 -0.015219416007514775 0.015965439248862588 0.00079499065701679218 0.029345087175148516 -0.14741315561182358 0.0066580648735344028 -0.0079015586860427915 -0.012087408747996114 -0.001102002534739111 0.0065372189850599078 -0.015037294106751309 -0.060957850809392249 0.03100810338851764 -0.033503139777589709 -0.085842593859232125 -0.086490996843781962 0.026228935004199299 0.00096527987560314325 -0.0032597820555371384 -0.0058785440072850453 0.019151444886200374 0.0024860801269160817 0.0094556538269329731 -0.01651402101121395 -0.083290222960133706 -0.025684503590778691 -0.12220913382334128 -0.1062653248794008 -0.0080700327951813144 -0.028264507331140026 -0.035509679853145418 -0.0031415241403249046 -0.0032585166169383771 0.028176414043036765 -0.056864023308445165 0.024525302652332742 0.0022205513674079585 -0.0068379773871363294 -0.0039994487931435145 -0.0014728391440037626 -0.060374545262722706 -0.052229962871174949 -0.017667118315890792 0.0019296712424827969 -0.041769598319844267 0.001688528785091969 -0.008674646181147468 -0.015556587792108018 0.0016842438596744135 -0.016208343101770606 -0.0090858957749159926 -0.062758168993729074 0.022275376129139025 0.006686169839627689 -0.0029115979008735851 -0.070202092075525829 -0.0045525979450298263 -0.015140398271056498 -0.083305796782175701 0.00081817969811988692 -0.022593641440534551 -0.02512423588303438 -0.029415393128428689 -0.032908263759186977 -0.010376344165928766 -0.0085287940325277523 0.014524070172176917 -0.052213943294642878 -0.067448485517064199 -0.017489548207314142 -0.0011163222760979014 0.01619055958224961 -0.03013660884109827 -0.0035856992357781712 0.0041510447210044927 0.014531847136595577 -0.0095014627822347444 -0.0023418799501455185 -0.0036315890677184955 -0.022122139424817656 -0.026128822292965381 -0.082838127106836384 -0.029036746973383969 -0.037669043589583992 0.0053569346087043185 0.017806605982759682 -0.0011684528473211314 -0.0038072166438332723
leaf_weight=2493 397 11013 129 131 182 473 860 1108 162 16735 195 7341 2993 8659 2962 12254 322 159 14982 14488 1756 309 1296 873 1314 225 356 190 17336 197 735 12867 126 1368 1599 388 960 297 193 3186 9013 140 101 12810 7374 3682 2818 2456 16790 501 186 371 418 144 3327 39000 4626 31518 2012 6475 233 2185 123 1716 106 201 7899 297 115 25442 6021 298 673 176 550 15567 39396 8915 142 106 2241 308 1322 7154 5584 1633 25321 1802 496 378 774 3275 3467 334 891 2411 125 4662 4603 661 1060 350 8331 2109 737 260 220 1044 1154 401 649 3574 4821 994 2080 754 2725 1813 350 145 978 816 7726 955 10252 826
leaf_count=2493 397 11013 129 131 182 473 860 1108 162 16735 195 7341 2993 8659 2962 12254 322 159 14982 14488 1756 309 1296 873 1314 225 356 190 17336 197 735 12867 126 1368 1599 388 960 297 193 3186 9013 140 101 12810 7374 3682 2818 2456 16790 501 186 371 418 144 3327 39000 4626 31518 2012 6475 233 2185 123 1716 106 201 7899 297 115 25442 6021 298 673 176 550 15567 39396 8915 142 106 2241 308 1322 7154 5584 1633 25321 1802 496 378 774 3275 3467 334 891 2411 125 4662 4603 661 1060 350 8331 2109 737 260 220 1044 1154 401 649 3574 4821 994 2080 754 2725 1813 350 145 978 816 7726 955 10252 826
internal_value=-0.00295534 -0.00273204 -0.0666826 -0.004326 0.00176577 -0.0320076 -0.00830267 -0.00341624 -0.117464 0.000956252 -0.00394923 0.00256967 -0.00317362 -0.00358937 -0.00240877 -0.00709576 -0.011919 -0.0759016 0.000328112 -0.00525086 -0.0109573 0.00102136 -0.0115765 -0.00969555 -0.0172151 -0.0290259 -0.0464373 -0.0225794 0.00197233 -0.0597477 0.00323859 0.000638939 -0.0187537 0.00119239 0.0157319 -0.00790947 -0.0103567 -0.0403531 -0.0733755 0.000892175 -0.00326491 0.00207665 -0.0450351 0.00226503 -0.0125329 -0.0188556 0.000581102 -0.00845483 -0.0164104 -0.036478 -0.00650853 -0.00488079 -0.0661809 -0.0437366 0.0196077 -0.000253756 -0.00778381 -0.00418498 0.00185644 0.0064387 -0.0329284 -0.0130327 -0.0201072 -0.00785153 -0.00628482 -0.012869 -0.0114932 -0.0544993 -0.0807089 -0.00424949 0.00515456 0.0108091 -0.0469423 -0.0157097 -0.0189134 -0.0037235 -0.00266239 0.00177036 -0.015412 -0.000505048 -0.0292894 -0.0393928 -0.0337605 0.00125986 -0.00285474 0.00257828 0.000639175 -0.00892277 -0.0130244 -0.024194 -0.00705913 -0.00932907 -0.0118824 -0.0167658 -0.00254446 -0.001939 -0.0240573 -0.00461653 -0.0229291 -0.0403112 -0.0179769 -0.0511964 -0.00848103 -0.00150944 -0.00670672 -0.0133433 -0.0113164 -0.0262314 0.0119587 -0.0091546 -0.0196786 -0.0104016 0.00884238 -0.00707289 -0.00171156 -0.0173204 -0.0145822 -0.0110221 0.000723633 -0.0238131 -0.036051 -0.0268784 0.00158352 0.00242401 -0.00186461 -0.0197366
internal_weight=520098 518283 1815 382666 135617 1097 85961 30250 718 128198 31727 96471 296705 278644 208458 70186 26414 321 106195 102263 55711 79736 53955 40461 13494 2439 1143 8806 75540 670 18061 13914 1047 79427 7419 19237 14940 878 581 78059 17309 60750 241 60509 12793 5419 4297 38022 17755 823 921 3189 787 369 5820 44457 5107 43772 18934 8487 1737 3622 2308 50990 36502 8618 8512 613 316 27884 31083 427 855 2442 2266 30655 51273 11877 16932 15088 5184 1820 1630 52502 12738 39764 26954 37149 11604 2180 25545 17698 15242 10016 5226 7847 6549 7073 6424 995 1951 481 14062 4066 3106 2369 9996 1264 4147 8732 882 9424 8007 4688 3074 1614 5850 4538 39350 3364 1123 1312 13747 9968 10447 5429
internal_count=520098 518283 1815 382666 135617 1097 85961 30250 718 128198 31727 96471 296705 278644 208458 70186 26414 321 106195 102263 55711 79736 53955 40461 13494 2439 1143 8806 75540 670 18061 13914 1047 79427 7419 19237 14940 878 581 78059 17309 60750 241 60509 12793 5419 4297 38022 17755 823 921 3189 787 369 5820 44457 5107 43772 18934 8487 1737 3622 2308 50990 36502 8618 8512 613 316 27884 31083 427 855 2442 2266 30655 51273 11877 16932 15088 5184 1820 1630 52502 12738 39764 26954 37149 11604 2180 25545 17698 15242 10016 5226 7847 6549 7073 6424 995 1951 481 14062 4066 3106 2369 9996 1264 4147 8732 882 9424 8007 4688 3074 1614 5850 4538 39350 3364 1123 1312 13747 9968 10447 5429
cat_boundaries=0 2 4 6 8 10 11 12 14 15 17 18 20 22 23 24 26 27 28 29 31 33 35 36 38 40 42 43 44 45 47 49 51 52 53 54 55
cat_threshold=423901782 42 269484034 8192 574505 2112 16 2 1057 2048 4203010 4194310 2753560704 17664 1048576 110166144 1924 33801 614596736 901 34078720 4 1 16781824 512 8 2 2 131072 131072 1536 2158034944 641 1073741824 16384 2097152 524288 2048 538968192 25744 76546048 4 540672 32768 33792 40 2048 540672 64 524288 64 131072 32768 32769 2048
is_linear=0
shrinkage=0.03


Tree=28
num_leaves=127
num_cat=43
split_feature=0 5 5 5 2 5 4 0 12 12 5 11 5 0 5 27 0 0 28 5 5 0 5 0 2 5 0 31 11 0 0 5 27 0 5 31 27 30 27 5 0 0 12 0 5 2 26 31 22 5 0 11 27 26 31 11 12 30 5 0 5 11 12 5 27 11 22 5 13 0 23 12 22 5 0 0 5 26 0 5 27 5 0 5 5 5 27 11 27 0 5 5 5 31 31 27 0 26 2 0 0 4 31 27 24 12 3 3 5 5 11 27 0 27 23 5 0 0 0 27 27 27 4 0 5 22
split_gain=7575.45 3931.31 3208.22 2538.17 2362.12 2929.25 1763.45 1635.53 1366.41 1339.22 1089.03 1082.8 926.226 1227.91 1103.59 3068.56 4415.39 1144.85 919.868 915.007 887.259 847.988 841.376 896.399 787.643 870.335 726.658 684.004 658.606 622.414 594.005 2519.58 1022.2 586.431 940.312 803.959 716.578 564.736 737.433 695.818 563.905 535.331 681.057 523.142 514.795 1439.27 971.046 653.569 509.131 507.691 596.787 506.946 496.777 631.142 482.477 615.819 479.055 472.913 466.462 465.202 1291.2 435.114 430.711 448.102 426.574 425.429 1097.39 1389.54 704.316 697.169 494.696 1143.54 408.978 442.307 935.209 1569.5 396.184 393.825 353.798 629.925 352.415 350.802 348.614 383.906 368.79 342.504 338.689 570.393 538.498 338.538 336.39 329.927 326.331 324.836 402.549 366.993 317.777 518.608 314.727 385.8 371.755 307.704 301.56 350.13 297.389 296.632 325.646 296.027 284.664 283.823 394.37 337.084 283.038 418.351 282.983 282.817 598.645 587.879 281.127 281.07 377.614 383.352 276.352 269.928 265.466 255.387
threshold=13030.000000000002 0 1 2 3 4 5 1615.0000000000002 0.10623887926340105 -0.23537842929363248 6 0.12545942142605784 7 850.00000000000011 8 0.086274277418851866 475.00000000000006 325.00000000000006 0.10316013172268869 9 10 425.00000000000006 11 950.00000000000011 12 13 1225.0000000000002 0.03126017842441798 0.45273815095424658 1940.0000000000002 615.00000000000011 14 0.064750330522656455 325.00000000000006 15 0.075905904173851027 0.058047603815793998 0.10479542613029481 0.058047603815793998 16 1255.0000000000002 325.00000000000006 0.49626980721950537 155.00000000000003 17 18 0.10766546800732614 0.065399166196584715 0.15231326222419742 19 325.00000000000006 0.24372619390487674 0.059944719076156623 0.10922185331583024 0.058328395709395416 0.23537775129079822 0.71952396631240856 0.15106015652418139 20 715.00000000000011 21 0.24372619390487674 -0.68432605266571034 22 0.051913643255829818 0.2603727281093598 -2.3023446202278133 23 39.500000000000007 155.00000000000003 0.035104382783174522 -0.11692317575216292 -0.34829047322273249 24 615.00000000000011 950.00000000000011 25 0.34387405216693884 90.000000000000014 26 0.055219287052750594 27 225.00000000000003 28 29 30 0.095947422087192549 0.3903625756502152 0.092709075659513487 61.500000000000007 31 32 33 0.047392372041940696 0.073900341987609877 0.089248880743980422 950.00000000000011 0.053841989487409599 34 155.00000000000003 1560.0000000000002 35 0.032941026613116271 0.056865874677896507 0.94705945253372203 -0.082691941410303102 36 37 38 39 0.24372619390487674 0.092709075659513487 90.000000000000014 0.05270845256745816 0.051437802612781532 40 1280.0000000000002 1560.0000000000002 1280.0000000000002 0.053855204954743392 0.11368945986032487 0.060448419302701957 41 325.00000000000006 42 -0.46350057423114771
decision_type=2 9 9 9 9 9 9 2 2 2 9 2 9 2 9 2 2 2 8 9 9 2 9 2 9 9 2 10 2 2 2 9 2 2 9 10 2 10 2 9 2 2 2 2 9 9 8 8 8 9 2 2 2 8 8 2 2 10 9 2 9 2 2 9 2 2 10 9 2 2 8 2 8 9 2 2 9 10 2 9 2 9 2 9 9 9 2 2 2 2 9 9 9 8 8 2 2 10 9 2 2 9 10 2 2 2 1 1 9 9 2 2 2 2 8 9 2 2 2 2 2 2 9 2 9 10
left_child=1 9 11 27 12 7 18 43 91 10 40 -2 54 14 15 17 -17 52 -7 33 -13 -19 23 -15 25 -21 -20 104 -12 -9 32 86 37 35 36 76 -35 38 39 41 61 42 -16 78 45 -26 98 102 -10 -34 122 -28 53 -14 108 105 -18 109 -33 77 -61 -1 63 -40 -44 68 67 -67 -8 -69 -71 90 -36 74 -74 -76 -11 -23 79 89 -81 -63 83 -49 123 -64 88 -88 -32 -6 -72 -4 -80 96 95 -95 97 -27 100 -100 107 -54 -46 -104 -3 -56 -107 -47 -5 -25 111 -111 113 -106 -75 116 -68 -118 125 -92 121 -121 -51 -84 -105 -117
right_child=2 3 8 4 5 6 65 29 48 19 28 20 13 22 30 16 56 21 26 24 -22 59 -24 57 44 93 51 -29 -30 -31 31 58 49 34 72 -37 -38 -39 62 -41 -42 -43 64 -45 47 46 -48 82 -50 50 -52 -53 101 -55 55 -57 -58 -59 -60 60 -62 81 85 -65 -66 66 115 69 -70 70 71 -73 73 114 75 -77 -78 -79 92 80 -82 -83 84 -85 -86 -87 87 -89 -90 -91 119 -93 -94 94 -96 -97 -98 -99 99 -101 -102 -103 103 124 112 106 -108 -109 -110 110 -112 -113 -114 -115 -116 118 117 -119 -120 120 -122 -123 -124 -125 -126 -127
leaf_value=-0.0049695061748308549 -0.14623369398336966 0.022696364759353802 -0.028174770338968799 0.013886014036572242 0.0067193455182353069 -0.0052003890957627716 -0.0035381591227213486 -0.085426203338580142 -0.014385068502904658 0.0043178185732435353 0.0031449635940064302 -0.018067901085384867 -0.045343194698758131 0.05139363788170357 -0.040120516134106207 -0.15041291146743588 -0.026447645208872834 0.0060383161526565213 -0.089765079752304605 0.0058639140324135012 -0.12251628306604201 -0.0041790877557423061 0.0069659900386609087 0.0008751990290326939 0.014383360592934361 -0.059565907956948917 -0.0029944377108368763 0.022590143568310569 -0.0077367317273332337 -0.026623987797999581 -0.0068727356129481268 0.022285426634431237 -0.0082913573787852957 -0.10588355230298011 0.022197457191338209 -0.0412332484521577 -0.018935793785688777 0.011297156681622112 -0.0094650232610625339 -0.0035632442854849574 0.016023739004185224 -0.032469492090833413 -0.01778759029537343 0.0017389918483452708 -0.01613268804272729 -0.031445714415488372 -0.0023770835309814982 0.0066164923563227949 -0.072613156825304018 0.0023030818373819201 -0.048589255628318763 -0.075367753273066204 -0.046372827538608698 -0.0059507704801842649 0.0070375752579730924 -0.0037471868968948089 -0.008677705385792326 0.0093010393954093291 0.0086067963922522306 0.014116618937334497 -0.1204936163786982 0.0077429372898503695 -0.0047388035813803343 0.014857965525813477 0.019191444897341429 -0.010463151998415812 -0.0095255005420236284 -0.070937168047752103 -0.012424191765969966 0.024994413601305648 -0.021766145589974861 -0.12520519294589758 0.013458350231682044 0.017224397745352317 -0.13827420648360092 -0.0034075758527524723 -0.015557351242430122 -0.038432366882067387 -0.010779453878880924 -0.050122262401208283 -0.0057180791377505844 -0.013870543362992946 -0.024217888914136298 -0.0092642311107264362 -0.0082155600409270085 0.0043302865771052334 -0.0094492481658941009 -0.042412028963672521 0.019203351761077809 0.040301684049309276 -0.093000706751412213 0.028937552151233323 -0.00040152851744368822 -0.018024883381764202 -0.011476235287592559 -0.041634770531099145 0.025012694817689276 0.022057673076585849 -0.026973312526765044 0.030793584314017717 0.01051543452865992 -0.01204579600337638 -0.0018858929366255652 -0.0024289827839954967 -0.043253438145057103 -0.00044330916023146294 0.0088051136822128503 -0.068497183022149105 0.0034761034622317398 0.0036308113988426198 -0.016509249251921081 -0.0079466839284560338 0.0076241544018212865 0.00045120050144909673 -0.0080146785780819043 0.004313741930009129 -0.09013893798760006 -0.014581174874893535 0.023941734725488321 -0.053827243745326991 -0.062450317017734042 0.02182561216255029 -0.032803373688080333 -0.011660681152334025 0.019715115991743356 -0.0089070652007138765
leaf_weight=25190 411 1043 121 5952 2372 334 18120 219 186 960 26511 165 403 291 414 245 4344 11481 450 2434 144 2713 24866 9154 4541 133 214 3011 6170 621 4071 4253 2716 156 405 1070 188 3090 829 20805 976 1415 463 44458 1056 486 11887 2317 499 492 782 146 611 3903 18382 11033 1993 3180 4839 137 111 725 7330 3717 710 3664 2710 493 14414 130 1519 119 206 408 150 160 15461 339 7712 249 452 9412 2769 3322 12253 7646 3287 551 863 304 108 292 4228 3719 14748 705 387 146 320 153 118 383 9267 769 220 14743 4463 326 3957 3786 2589 5625 15050 1824 17970 1912 174 198 322 108 299 134 341 3480 1329 4207
leaf_count=25190 411 1043 121 5952 2372 334 18120 219 186 960 26511 165 403 291 414 245 4344 11481 450 2434 144 2713 24866 9154 4541 133 214 3011 6170 621 4071 4253 2716 156 405 1070 188 3090 829 20805 976 1415 463 44458 1056 486 11887 2317 499 492 782 146 611 3903 18382 11033 1993 3180 4839 137 111 725 7330 3717 710 3664 2710 493 14414 130 1519 119 206 408 150 160 15461 339 7712 249 452 9412 2769 3322 12253 7646 3287 551 863 304 108 292 4228 3719 14748 705 387 146 320 153 118 383 9267 769 220 14743 4463 326 3957 3786 2589 5625 15050 1824 17970 1912 174 198 322 108 299 134 341 3480 1329 4207
internal_value=-0.00285744 -0.00264267 -0.0639724 -0.000710849 -0.00138916 -0.00492179 -0.010314 -0.000492787 -0.030611 -0.00618112 -0.00288322 -0.112747 0.000529206 -0.000758386 -0.00274973 -0.00792773 -0.0257056 -0.00210359 -0.0471171 -0.00818078 -0.071516 0.0021859 0.00307505 -0.000856566 -0.00630551 -0.0110581 -0.0643735 0.009346 0.00109005 -0.0420379 -0.000736243 0.00396828 -0.00239243 -0.0120471 -0.00849214 -0.0160457 -0.0569087 -0.00109174 -0.0019755 -0.00551947 -0.00645853 -0.0189961 -0.00708963 9.16455e-05 -0.00435767 -0.000177292 -0.00516024 -0.00639574 -0.0568463 -0.0163295 -0.0295995 -0.0324733 -0.0140646 -0.00964719 0.00371348 0.00248437 -0.0208612 -0.00148384 0.0150245 -0.0112148 -0.0506464 -0.00708192 0.00234643 0.0104332 0.00459257 -0.00944944 -0.0134387 -0.0228655 -0.00747533 -0.0383048 -0.0317806 -0.0350174 -0.0075928 -0.00823653 -0.0353741 -0.0689004 -0.0144021 -0.0079951 -0.00468962 0.00388282 -0.0212372 -0.0123302 -0.00927448 -0.0027437 -0.0112647 -0.00010887 -0.00750024 -0.0141913 -0.00230883 0.0105088 -0.0300116 0.0121957 -0.0071143 -0.0131364 -0.0138585 -0.0217959 0.00744464 -0.0169263 -0.0287589 -0.00809137 -0.0387474 -0.0331716 -0.000805592 0.000619848 0.00715132 0.00431354 0.00170614 -0.046387 0.00974727 -0.00310546 -0.00613747 -0.00328922 0.00620155 -0.00427167 -0.0074494 -0.00692935 -0.0143872 -0.0500696 -0.00333161 -0.048171 -0.0399554 -0.0120194 -0.0120903 -0.0172004 0.0116835 -0.00477594
internal_weight=519437 517619 1818 334836 313688 110390 49775 60615 1098 182783 68984 720 203298 144768 95277 26663 6582 20081 1144 113799 309 14781 49491 24625 76665 22272 810 21148 32681 840 68614 17864 50750 37134 19643 17491 344 46419 43329 23807 36303 3002 1587 59775 54393 17831 13290 36562 685 4331 1615 360 5300 4306 58530 48621 6337 24334 9092 3300 248 35327 19522 4546 1173 48631 16097 6574 32534 2910 2417 2287 19299 18894 516 310 16421 3052 15317 3377 701 10137 24141 5639 18502 14976 8772 3838 4934 2676 2168 413 11940 19838 19172 4424 666 279 1403 473 930 994 12421 11365 18137 37588 19206 812 9909 21154 12000 9411 17094 2044 18378 9523 3082 372 6441 649 541 242 833 6249 2098 6119
internal_count=519437 517619 1818 334836 313688 110390 49775 60615 1098 182783 68984 720 203298 144768 95277 26663 6582 20081 1144 113799 309 14781 49491 24625 76665 22272 810 21148 32681 840 68614 17864 50750 37134 19643 17491 344 46419 43329 23807 36303 3002 1587 59775 54393 17831 13290 36562 685 4331 1615 360 5300 4306 58530 48621 6337 24334 9092 3300 248 35327 19522 4546 1173 48631 16097 6574 32534 2910 2417 2287 19299 18894 516 310 16421 3052 15317 3377 701 10137 24141 5639 18502 14976 8772 3838 4934 2676 2168 413 11940 19838 19172 4424 666 279 1403 473 930 994 12421 11365 18137 37588 19206 812 9909 21154 12000 9411 17094 2044 18378 9523 3082 372 6441 649 541 242 833 6249 2098 6119
cat_boundaries=0 2 4 6 7 9 10 12 14 15 17 18 20 21 23 25 26 27 29 30 32 34 35 37 39 40 42 44 46 48 50 52 54 56 58 59 60 61 62 63 65 66 67 68
cat_threshold=1077462057 2389 269484034 8192 84 2 6 260313216 9384 2 573448 69 2554732674 520 595660800 17449 2112 1048576 8388608 13472 4 1073741824 257 67108864 9248 1 512 1081344 4 2 67109376 28672 2560 128 545259520 67108864 128 2688614912 16384 1024 1 64 67113088 8 524288 64 2097152 1 2097152 1 2048 16512 2050 512 524288 2048 4224 1024 8 4 2 2 272760962 0 4128 536936450 1 1074266112
is_linear=0
shrinkage=0.03


Tree=29
num_leaves=127
num_cat=44
split_feature=0 5 5 5 27 5 13 21 11 13 5 0 11 25 5 0 0 5 11 31 13 0 0 0 5 25 25 27 5 5 27 25 25 5 20 25 5 5 11 0 21 5 29 5 27 25 0 25 5 29 13 5 2 5 27 25 27 2 0 5 0 11 25 25 20 29 25 11 20 5 5 0 5 0 5 27 0 21 2 5 0 5 0 5 5 27 25 25 0 27 5 27 5 0 0 5 0 0 30 25 11 26 5 5 26 5 13 0 25 4 25 0 27 5 5 0 5 29 0 5 0 27 5 5 0 4
split_gain=7179.5 3634.12 2791.55 1816.97 1500.14 1466.61 1159.8 845.074 1644.12 1646.33 1047.33 830.676 827.641 804.122 975.531 783.12 745.538 651.931 595.204 1263.22 868.298 564.06 1281.59 3554.02 1834.9 1612.99 1587.61 1006.47 2327.7 963.046 835.281 1048.16 726.853 612.314 558.634 532.635 530.729 525.157 517.22 489.714 633.87 513.4 477.329 455.84 455.232 453.832 446.369 1263.97 425.013 421.914 413.595 413.144 1063.16 403.445 395.085 459.916 365.293 359.564 346.602 786.282 342.918 339.659 337.228 335.979 353.251 326.726 322.963 318.822 324.353 369.528 318.502 316.143 1860.24 446.823 314.881 521.336 339.646 304.035 293.503 458.174 978.885 305.434 293.849 832.436 719.025 396.227 334.425 298.795 293.447 289.652 461.161 420.72 602.962 534.052 289.452 282.064 429.701 399.384 372.088 350.74 331.105 265.859 585.669 261.698 266.138 261.121 257.714 312.858 477.783 257.568 254.954 254.868 261.463 328.903 295.583 516.4 250.356 245.388 258.315 330.636 245.171 295.608 859.57 516.791 362.508 315.383
threshold=13030.000000000002 0 1 2 0.14952706545591357 3 20.500000000000004 0.089121334254741683 0.3744682669639588 37.500000000000007 4 61.500000000000007 -0.082689788192510591 59.500000000000007 5 225.00000000000003 6250.0000000000009 6 0.24372619390487674 0.098716270178556456 39.500000000000007 325.00000000000006 950.00000000000011 850.00000000000011 7 17.500000000000004 12.500000000000002 0.08212983608245851 8 9 0.064750330522656455 49.000000000000007 38.500000000000007 10 91.500000000000014 50.500000000000007 11 12 -0.15101210027933118 1410.0000000000002 0.046407744288444526 13 0.064788181334733977 14 0.084925193339586272 88.500000000000014 325.00000000000006 69.500000000000014 15 0.0429714322090149 39.500000000000007 16 17 18 0.07936600968241693 11.500000000000002 0.095947422087192549 19 110.00000000000001 20 225.00000000000003 -0.34235668182373041 15.500000000000002 14.500000000000002 82.500000000000014 0.04441503249108792 15.500000000000002 -0.69674959778785694 76.500000000000014 21 22 155.00000000000003 23 55.000000000000007 24 0.055219287052750594 45.000000000000007 0.06536221876740457 25 26 950.00000000000011 27 715.00000000000011 28 29 0.092709075659513487 46.500000000000007 37.500000000000007 1715.0000000000002 0.059944719076156623 30 0.055219287052750594 31 325.00000000000006 1225.0000000000002 32 155.00000000000003 155.00000000000003 0.049045160412788398 67.500000000000014 -0.50556187331676472 0.10766546800732614 33 34 0.041167760267853744 35 15.500000000000002 225.00000000000003 49.000000000000007 36 107.50000000000001 90.000000000000014 0.072961069643497481 37 38 950.00000000000011 39 0.10938442125916482 325.00000000000006 40 1560.0000000000002 0.07936600968241693 41 42 325.00000000000006 43
decision_type=2 9 9 9 2 9 2 8 2 2 9 2 2 2 9 2 2 9 2 8 2 2 2 2 9 2 2 2 9 9 2 2 2 9 2 2 9 9 2 2 10 9 10 9 2 2 2 2 9 10 2 9 9 9 2 2 2 9 2 9 2 2 2 2 2 10 2 2 2 9 9 2 9 2 9 2 2 10 9 9 2 9 2 9 9 2 2 2 2 2 9 2 9 2 2 9 2 2 10 2 2 8 9 9 10 9 2 2 2 9 2 2 2 9 9 2 9 8 2 9 2 2 9 9 2 9
left_child=1 5 6 13 110 54 34 36 9 12 70 74 37 14 -3 42 18 71 20 39 43 33 23 24 27 26 -26 -23 -29 56 61 32 -32 -16 -2 -30 57 58 -37 41 -41 49 44 -13 95 101 47 53 -14 -20 -25 52 -12 -21 55 -1 -24 103 59 -9 66 -27 -28 64 -62 -38 -35 68 69 -39 -10 72 -11 -74 76 -76 -7 -51 79 80 -19 82 83 87 -84 -85 -86 -81 117 91 -91 92 -73 -94 -92 97 98 -15 -97 116 -101 -17 -103 104 -5 -102 -72 108 -108 -31 -4 -22 113 -113 -114 -116 -98 -53 119 -119 121 123 -123 -80 -125 -124
right_child=2 3 4 7 -6 11 -8 8 10 17 51 16 48 15 21 45 -18 78 19 46 111 22 29 50 25 30 62 28 35 109 31 -33 -34 60 -36 38 65 67 -40 40 -42 -43 -44 -45 -46 -47 -48 -49 -50 77 -52 88 -54 -55 -56 -57 -58 -59 -60 -61 63 -63 -64 -65 -66 -67 -68 -69 -70 -71 106 89 73 -75 75 -77 -78 -79 120 81 -82 -83 84 85 86 -87 -88 -89 -90 90 94 -93 93 -95 -96 96 99 -99 -100 100 105 102 -104 -105 -106 -107 107 -109 -110 -111 -112 112 114 -115 115 -117 -118 118 -120 -121 -122 122 125 124 -126 -127
leaf_value=0.0092838753209742893 -0.012924599988769939 0.0022233062052991817 -0.052052494794773183 -0.031393364191912916 0.0059485116470381254 0.029419199766959735 -0.13638123136483318 -0.082597133981899953 -0.00039103493808524415 -0.095869275890462402 0.0098949057150297792 0.011811459664848437 0.0075877442229686613 -0.013110077417606199 -0.010000222030836739 -0.01526379372110348 -0.079464846428702857 0.013174683493460073 -0.021575187930767799 -0.0015324453457209316 0.033800582357638859 0.01340723424043168 -0.00076346948612017105 -0.14487441726152409 -0.0076840156565955746 -0.02381711081559483 -0.1265817237233782 -0.12526462518943932 0.022281348107072885 0.021407381893415959 -0.051241946096865602 -0.012074819659801303 -0.13149812989764742 0.018469333484895014 -0.10299699522617484 -0.0026701644993907233 -0.0098881786175096503 0.0039006025478834807 -0.039207364653623213 -0.093628970760743585 -0.0079353038525156114 0.010696863330459732 -0.055715829374698489 0.0043258219193483775 -0.057815898344683717 -0.0024567983004015856 -0.0052330443864921552 -0.064334301039603387 -0.0038982521386931195 0.010323936295200091 -0.076955836856557477 0.00028341579317825953 -0.058609389074782692 -0.021851057496800844 0.0028668572194762041 0.026514970317037274 -0.016410999800627032 -0.0049745931994134391 0.00094981944928810419 -0.0063310139251716024 0.012638782109734752 -0.0067686610303861906 -0.07431408424493717 0.0095692026569265069 -0.056072010478579806 0.004421733297084343 -0.0081416939217245216 0.0082514492437197936 0.0061124910611337286 -0.011948422147621211 -0.0044695121404332173 0.0063111753039004227 0.011418993722898688 -0.010830101039304804 -0.062836017540488079 -0.012242872421875408 -0.013528254045029602 -0.00086575573388600129 -0.010346216885354351 -0.0078069039131677649 -0.045685589899605937 0.003200528817127304 0.0065998362773981717 -0.0061723508286859324 -0.0086042589232351325 -0.034176546817887406 -0.03640918565177332 0.014260719179726825 -0.055661250985869819 0.0018025710291543499 -0.0077978218856887237 0.0061458115004999992 -0.0029759122180340112 -0.029235758836056096 -0.0015334569319824863 -0.01596654985545877 0.023240826624004465 0.033111797238431738 0.0087351749534960201 -0.068664764353227853 -0.0046327633760254519 0.003233993976518499 -0.01205765815608761 0.0097627560249797865 0.00016617907672454915 -0.03330075434509177 -0.081786501399601669 -0.0094156637286533108 -0.013742538706037052 0.0032319330101350367 -0.097248679796854642 0.0029928230592720451 0.0078621935477995175 -0.0069962194676072287 -0.013181859242332054 0.0022098422833769157 -0.017664450596031108 -0.0042439420973918365 -0.011492736717443608 -0.024970220252602308 0.016002681427768298 -0.0079053878480507492 -0.022443311455023509 -0.0074222819879805387 0.005974233633624924 -0.048558111623125642
leaf_weight=2507 130 11747 451 277 519 186 475 116 8962 206 317 9510 3131 585 6513 8265 101 410 743 1863 192 2388 1975 180 362 1624 142 148 462 838 422 539 134 471 118 1103 1522 2734 509 102 317 6448 311 31939 248 7437 9111 454 37784 2829 154 1200 566 1669 1840 3144 4194 15989 32701 3075 123 2985 555 4451 147 25155 3149 16184 6892 2551 15894 2390 1035 3764 304 461 1459 9594 15855 1428 667 5025 3961 663 2637 1450 456 899 144 11219 17301 7955 1641 1211 10772 2280 141 235 722 205 357 2994 9110 3034 1782 1840 136 10722 290 4292 152 4316 4942 9457 2438 10026 1380 913 11401 3108 349 7824 2684 3612 3658 493
leaf_count=2507 130 11747 451 277 519 186 475 116 8962 206 317 9510 3131 585 6513 8265 101 410 743 1863 192 2388 1975 180 362 1624 142 148 462 838 422 539 134 471 118 1103 1522 2734 509 102 317 6448 311 31939 248 7437 9111 454 37784 2829 154 1200 566 1669 1840 3144 4194 15989 32701 3075 123 2985 555 4451 147 25155 3149 16184 6892 2551 15894 2390 1035 3764 304 461 1459 9594 15855 1428 667 5025 3961 663 2637 1450 456 899 144 11219 17301 7955 1641 1211 10772 2280 141 235 722 205 357 2994 9110 3034 1782 1840 136 10722 290 4292 152 4316 4942 9457 2438 10026 1380 913 11401 3108 349 7824 2684 3612 3658 493
internal_value=-0.00279492 -0.00258437 -0.0618531 -0.00393431 -0.0311682 0.00209436 -0.107449 -0.0028837 -0.00353809 -0.00236437 -0.00823547 0.00120692 0.000316807 -0.00780836 -0.00533001 -0.011215 0.00160288 -0.00493792 0.00168091 -0.0016527 0.00319755 -0.00767218 -0.0106165 -0.0175723 -0.0147341 -0.0246636 -0.0586878 -0.00011135 -0.0146399 -0.00340861 -0.0183807 -0.0419234 -0.0707856 -0.00311677 -0.0560232 -0.00605628 0.000793058 0.0024405 -0.0142242 0.00308384 -0.0289695 0.00377002 -0.0192992 0.00604745 -0.0178755 -0.00880008 -0.00889733 -0.0172695 -0.00301823 0.000368663 -0.113882 -0.0142212 -0.034197 -0.0112034 0.0149229 0.0188736 -0.0113839 -0.00276381 2.87901e-05 -0.00940706 0.00226794 -0.0127796 -0.0851287 0.00759649 -0.0248393 0.00360362 -0.00467518 0.00549057 0.00182532 -0.00376555 -0.00529556 -0.00273393 -0.00993785 -0.00601772 -0.0162053 -0.0319861 -0.00860499 0.00168302 -0.00736941 -0.00420957 -0.0230728 -0.00296519 -0.00566124 -0.0117113 -0.00186003 -0.0252771 -0.012673 0.000717956 -0.0131474 -0.00204736 -0.00333889 0.00179793 -0.00480013 -0.0140832 -0.00539232 -0.0165893 -0.0185456 0.000158699 -0.0100247 -0.0251091 -0.032247 -0.0111159 -0.00828251 0.00417252 -0.00407297 -0.0288192 -0.00692015 -0.0104196 -0.0356062 0.00619247 -0.0635874 -0.000567951 -0.00078067 -0.0038689 0.00166307 -0.000800999 -0.013823 -0.0127837 -0.0138004 -0.020339 -0.00898034 -0.00923892 -0.0132873 -0.00731255 -0.000680811 -0.0264266
internal_weight=519659 517814 1845 401862 1122 115952 723 316145 268386 214733 53653 108461 105168 85717 49607 36110 106051 109565 105950 33130 72820 37860 23006 11707 11373 6763 1059 4610 2222 11299 5704 1095 556 14854 248 2074 47759 64253 1612 20033 419 19614 8304 41449 7993 27806 13097 3986 40915 13166 334 17649 883 3532 7491 5651 6169 21082 35892 3191 8341 4609 697 4721 270 26677 3620 28361 12177 5285 36004 57494 5005 4799 2410 765 1645 12423 52071 17596 1077 16519 11494 4440 7054 2113 3093 2327 16766 52489 39292 13197 5242 2852 28073 7745 6925 820 3002 3923 2402 20369 12104 5093 2059 2197 27042 11148 426 5130 603 31371 31179 13773 17406 12464 1521 16622 15422 4021 34475 34126 11001 23125 7270 3177
internal_count=519659 517814 1845 401862 1122 115952 723 316145 268386 214733 53653 108461 105168 85717 49607 36110 106051 109565 105950 33130 72820 37860 23006 11707 11373 6763 1059 4610 2222 11299 5704 1095 556 14854 248 2074 47759 64253 1612 20033 419 19614 8304 41449 7993 27806 13097 3986 40915 13166 334 17649 883 3532 7491 5651 6169 21082 35892 3191 8341 4609 697 4721 270 26677 3620 28361 12177 5285 36004 57494 5005 4799 2410 765 1645 12423 52071 17596 1077 16519 11494 4440 7054 2113 3093 2327 16766 52489 39292 13197 5242 2852 28073 7745 6925 820 3002 3923 2402 20369 12104 5093 2059 2197 27042 11148 426 5130 603 31371 31179 13773 17406 12464 1521 16622 15422 4021 34475 34126 11001 23125 7270 3177
cat_boundaries=0 2 4 6 8 10 12 14 16 17 18 19 21 23 25 27 29 30 31 33 34 35 37 39 41 42 43 45 47 49 50 52 54 55 56 58 59 60 62 64 65 67 69 71 72
cat_threshold=423897174 42 269484034 8192 574505 2112 16 2 2753564800 22036 32 2048 110166656 1924 33800 64 1024 32776 1032 3221229696 22288 614601344 389 17039362 40 262148 8 4096 17408 131072 2 270400 40 4 131072 3255828480 4608 2149585024 16384 0 512 68 4 0 16 2686582784 8192 2147614720 8192 538968064 640 640 76611584 1028 32768 32768 2147483648 5136 16384 1 268705860 32 2118 8 16384 1082130432 256 2686455808 8193 2101248 20481 1
is_linear=0
shrinkage=0.03


Tree=30
num_leaves=127
num_cat=37
split_feature=0 5 5 5 5 12 5 0 27 0 5 11 5 5 21 23 0 26 0 5 21 27 27 5 25 27 27 12 12 12 0 25 5 0 0 0 5 0 5 5 11 25 25 5 27 25 12 5 0 4 0 25 25 12 23 11 23 27 4 5 27 5 0 5 25 11 31 0 5 5 25 27 5 0 27 25 5 27 25 5 25 27 25 25 27 0 25 27 3 27 5 27 0 28 5 0 27 25 0 0 5 5 27 0 27 25 0 0 25 25 4 11 12 5 5 23 11 5 0 23 25 0 5 27 5 25
split_gain=7271.12 3387.54 2669.93 1634.52 1387.78 1105.04 948.626 894.363 2074.05 5213.35 1559.53 1207.82 1247.46 1102.86 978.838 787.293 751.801 741.205 699.97 662.831 1081.51 1303.25 607.118 771.524 607.788 598.219 589.708 569.789 550.597 534.98 512.021 937.808 661.502 652.383 997.957 592.124 505.609 484.678 1886.94 686.568 493.319 464.769 555.096 695.057 794.685 457.795 453.408 572.444 450.466 718.037 1729.03 1058.99 448.561 444.905 444.303 434.657 1134.4 433.109 1029.15 937.956 739.986 1288.97 414.329 408.606 706.324 508.565 398.456 398.445 393.894 382.083 451.95 379.744 435.406 609.72 574.289 670.148 385.392 373.987 452.983 481.759 369.335 367.473 416.732 367.135 408.019 355.341 1038.17 351.71 345.712 336.926 326.303 324.621 317.433 418.794 314.64 331.124 311.402 353.477 310.483 309.635 464.879 303.723 420.615 341.73 300.856 1160.33 297.644 738.023 412.494 353.227 317.967 788.556 294.523 293.854 293.319 287.071 286.998 412.054 312.941 280.4 552.659 280.17 726.905 386.583 304.696 302.617
threshold=13030.000000000002 0 1 2 3 -0.099822327494621263 4 325.00000000000006 0.086274277418851866 475.00000000000006 5 0.24372619390487674 6 7 0.042858690023422248 0.064333807677030577 61.500000000000007 0.24214403331279757 6250.0000000000009 8 0.085019674152135863 0.058846931904554374 0.064750330522656455 9 86.500000000000014 0.059944719076156623 0.098019190132617964 0.7074720859527589 -0.42958799004554743 -0.048362832516431802 225.00000000000003 18.500000000000004 10 325.00000000000006 950.00000000000011 155.00000000000003 11 110.00000000000001 12 13 -0.15951316058635709 180.00000000000003 123.00000000000001 14 0.10038758814334871 140.50000000000003 -0.72102889418601979 15 325.00000000000006 16 950.00000000000011 17.500000000000004 93.500000000000014 0.93469110131263744 0.038110742345452316 0.35846313834190374 0.032954851165413863 0.059944719076156623 17 18 0.058047603815793998 19 1560.0000000000002 20 90.500000000000014 0.19337368011474612 0.047392372041940696 615.00000000000011 21 22 52.500000000000007 0.072961069643497481 23 225.00000000000003 0.060448419302701957 36.500000000000007 24 0.056865874677896507 49.000000000000007 25 16.500000000000004 0.07936600968241693 11.500000000000002 78.500000000000014 0.052256155759096153 1280.0000000000002 102.50000000000001 0.059393314644694335 26 0.07936600968241693 27 0.053263295441865928 1410.0000000000002 0.09977880492806436 28 155.00000000000003 0.052256155759096153 149.50000000000003 90.000000000000014 110.00000000000001 29 30 0.055219287052750594 45.000000000000007 0.055219287052750594 69.500000000000014 715.00000000000011 950.00000000000011 53.500000000000007 92.000000000000014 31 -0.74441730976104725 0.49626980721950537 32 33 0.11885417997837068 0.24372619390487674 34 615.00000000000011 0.058227287605404861 81.500000000000014 225.00000000000003 35 0.07936600968241693 36 103.50000000000001
decision_type=2 9 9 9 9 2 9 2 2 2 9 2 9 9 10 8 2 10 2 9 8 2 2 9 2 2 2 2 2 2 2 2 9 2 2 2 9 2 9 9 2 2 2 9 2 2 2 9 2 9 2 2 2 2 10 2 10 2 9 9 2 9 2 9 2 2 8 2 9 9 2 2 9 2 2 2 9 2 2 9 2 2 2 2 2 2 2 2 1 2 9 2 2 10 9 2 2 2 2 2 9 9 2 2 2 2 2 2 2 2 9 2 2 9 9 10 2 9 2 8 2 2 9 2 9 2
left_child=1 4 15 5 81 6 -3 19 13 -10 26 28 14 45 -13 -2 101 30 36 29 54 83 24 98 99 -26 -11 90 -12 -5 32 33 -7 -32 80 119 67 38 40 -39 -31 42 43 44 -14 57 116 -48 88 50 51 -50 62 -29 -21 71 104 58 -9 -59 61 -60 -28 64 -17 -65 -33 -18 -30 -62 -71 72 74 94 -38 -76 106 78 -37 -80 87 82 -1 91 113 -45 -87 -35 -8 -90 -4 -22 -58 -94 -74 -96 97 -49 -24 100 -23 103 -103 -6 105 -57 110 109 -109 -108 111 -73 -107 -85 -106 -68 -15 118 -118 -34 -121 122 -41 -124 -123 -126
right_child=2 3 27 7 16 17 48 8 9 10 11 12 41 46 -16 63 18 -19 -20 20 21 22 23 -25 25 -27 52 53 68 37 31 66 35 34 -36 77 55 39 -40 121 -42 -43 -44 85 -46 -47 47 96 49 -51 -52 -53 -54 -55 -56 56 92 59 60 -61 69 -63 -64 65 -66 -67 115 -69 -70 70 -72 76 73 -75 75 -77 -78 -79 79 -81 -82 -83 -84 84 -86 86 -88 -89 89 -91 -92 -93 93 -95 95 -97 -98 -99 -100 -101 -102 102 -104 -105 114 112 107 108 -110 -111 -112 -113 -114 -115 -116 -117 117 -119 -120 120 -122 124 123 -125 125 -127
leaf_value=0.0089634238051923935 -0.015926684407533798 0.0042914996017477626 -0.03193662701716906 0.0011858156847342361 0.028691296075902331 -0.0065529846027494584 0.016076715494382662 0.022364567651133628 -0.14726160421121634 0.011808983032908945 2.3977880378849765e-05 -0.040111475094469155 -0.022488374916525219 0.011056251283483145 -0.0060301874116578955 -0.032815508338767035 0.0044095049327062333 0.0088865979544321891 -0.076879034806223739 -0.0099751031119288004 -0.014832035350709753 -0.049975167545748662 0.021191848294029748 -0.027296664868655809 0.034666939683650672 -0.041308874938262324 -0.0032031537078679589 -0.10034592002051547 -0.00032997469650866712 -0.12152938986753489 -0.012132349509889753 -0.00027013992656404199 -0.00011781106411339209 -0.0063331374423082534 -0.0027889279051551844 -0.081442919107605274 -0.0020244667398906543 0.0096032622919482065 -0.0085045748364530275 0.020947288932446961 -0.048829369906979704 -0.056628535303674385 0.002372484793507228 -0.0025612380503918196 -0.0072018738488682978 0.01363673394057778 -0.00026207421707576123 0.015812466839192671 -0.095249671982967951 -0.0077094385287699617 0.022908777462090461 -0.0067446378717819847 0.020918583882947081 -0.018983471719235579 0.0087416447523693385 -0.0089945433790867783 0.0029465312796358519 0.0018103325652158661 0.0026375066413629666 -0.015217142997613505 0.013116682059137325 -0.020063020154730302 0.018213693253231879 -0.13742520317009518 -0.11434401020407677 -0.079004998930449627 -0.0080112681755670125 0.017901986140396925 -0.0066232698975832493 0.0051995793063350487 -0.024544097923266506 -0.062927168713398887 0.00017749688351500101 0.0062321118012799801 -0.052747988159118117 -0.010709975173478971 0.00040807287582783635 -0.021168547648197693 0.0014915610623303624 -0.040687357158204256 -0.080901289459083453 0.0027157311409180562 0.025402246771027367 -0.030879404505597587 0.0012670284522783831 0.016816855351780235 -0.068936592249283155 -0.064840687252495671 0.0013876234942427484 -0.023852830430527664 0.020566250920003259 -0.024791999524167059 -0.074680947214365009 -0.0039338949503150188 -0.00064459703692200702 -0.021076158989037867 0.0042058286707176108 -0.0073330664223177277 -0.0069566365185151999 0.0057879561266103189 -0.0024530090852407475 -0.055024510810716014 -0.012479301705210857 -0.012669022615190755 0.024856401361835499 -0.06038801574398979 -0.015900625930449296 -0.0094797767759481517 0.0059594771121152966 -0.090488542791885826 0.01203629726839585 0.011930228648387267 -0.014994687140486867 -0.0079851217266177776 -0.007063981619155479 -0.01682890394712741 -0.0055100572931929201 0.006153823655026632 -0.050098310270129821 -0.013996453438503352 -0.078827491621971127 0.00065350261715976733 -0.0015964934306396418 -0.021405225244553124 -0.017223808187477988 -0.0060392435409512132
leaf_weight=2501 112 10732 147 16908 204 4745 1116 1577 228 6123 27539 2124 5940 11010 1180 212 9392 1811 102 1579 6571 205 386 1912 113 516 9741 102 11519 153 1307 5463 1308 161 380 193 10900 3277 8710 1160 190 177 3952 9347 6316 1408 26145 4566 380 13838 293 179 875 148 4112 3725 17335 4965 4651 7035 2883 4353 886 419 175 205 29020 2492 40295 1588 646 180 5076 12739 423 1754 19293 3426 308 1292 427 1862 3122 891 1902 241 267 217 2516 586 317 5348 108 244 1259 1648 13657 682 3978 6589 1330 353 513 1463 259 571 128 1725 15954 103 8201 421 167 1202 6864 3753 402 2555 218 2246 124 2692 5762 1047 3846 5020
leaf_count=2501 112 10732 147 16908 204 4745 1116 1577 228 6123 27539 2124 5940 11010 1180 212 9392 1811 102 1579 6571 205 386 1912 113 516 9741 102 11519 153 1307 5463 1308 161 380 193 10900 3277 8710 1160 190 177 3952 9347 6316 1408 26145 4566 380 13838 293 179 875 148 4112 3725 17335 4965 4651 7035 2883 4353 886 419 175 205 29020 2492 40295 1588 646 180 5076 12739 423 1754 19293 3426 308 1292 427 1862 3122 891 1902 241 267 217 2516 586 317 5348 108 244 1259 1648 13657 682 3978 6589 1330 353 513 1463 259 571 128 1725 15954 103 8201 421 167 1202 6864 3753 402 2555 218 2246 124 2692 5762 1047 3846 5020
internal_value=-0.00266294 -0.00245134 -0.0622263 -0.0038653 0.00171592 -0.00751676 -0.00283079 -0.00282219 -0.00179098 -0.00425036 -0.00399148 -0.00533117 -0.0105096 0.00173769 -0.0278608 -0.0907474 0.000955659 -0.00999023 0.00129423 -0.00541972 -0.00846881 -0.0106817 -0.00434576 -0.0114658 0.000760093 -0.0276264 0.00428631 -0.015813 -0.00340376 -0.00312663 -0.0106191 -0.00893382 -0.0156496 -0.0267624 -0.0428748 -0.0204695 0.00136079 -0.00541639 -0.011289 -0.00308463 -0.0792145 -0.00831004 -0.00798293 -0.00983382 -0.0146 -0.0030437 0.00408693 0.00261471 -0.00687199 -0.00935674 -0.0360715 -0.0669717 0.000284717 -0.0524469 0.00354774 0.00072011 -0.00240662 -0.0038932 -0.000613154 -0.00818363 -0.00318065 -0.00835746 -0.00141603 -0.099909 -0.0681263 -0.116525 -0.00777118 0.00723397 -0.00522555 0.00592844 -0.00339327 0.00186713 -0.000547237 0.00215759 -0.00483113 -0.0188986 0.0036409 -0.0269893 -0.0380935 -0.0328169 -0.0617705 0.0142499 0.0180935 -0.0166646 -0.0087908 -0.00388686 -0.0283012 -0.0400033 0.00176552 -0.00338671 0.00365536 -0.0193027 0.00237319 -0.0257904 -0.00434166 -0.0121888 0.00658967 0.0128038 -0.00445239 0.00296105 -0.00916935 -0.0152166 -0.0295246 -0.00754811 -0.00970297 -0.0158097 0.00597335 0.0037552 0.00445257 -0.0494051 0.0104926 -0.0105569 -0.0501503 -0.017927 -0.00587502 -0.0090215 0.00876491 0.000818208 -0.0209066 -0.0112687 -0.0174203 -0.00521653 -0.000891342 -0.00463831 -0.00820284 -0.0108801
internal_weight=519229 517392 1837 386311 131081 85821 29640 300490 215091 126750 126522 108897 29544 88341 3304 1123 123596 56181 121063 85399 36634 30943 15029 6276 8753 629 17625 714 79353 48765 54370 40728 13642 2492 1185 8897 120961 31857 9053 22804 343 26240 26063 22111 12256 29106 59235 45050 18908 14690 852 559 11502 250 5691 109077 29273 27698 15698 12000 14121 9004 10627 1011 387 624 38236 11884 51814 5117 2234 79804 33799 20722 13077 2177 46005 5219 1793 1600 805 7485 5623 15914 3995 9855 508 378 4218 3102 464 11919 17687 352 7983 2907 18905 5248 4364 8124 1535 2533 866 1667 11586 4463 26712 17910 17679 231 8802 601 738 2093 7123 32773 14185 3175 620 3678 2370 19527 7969 6809 11558 8866
internal_count=519229 517392 1837 386311 131081 85821 29640 300490 215091 126750 126522 108897 29544 88341 3304 1123 123596 56181 121063 85399 36634 30943 15029 6276 8753 629 17625 714 79353 48765 54370 40728 13642 2492 1185 8897 120961 31857 9053 22804 343 26240 26063 22111 12256 29106 59235 45050 18908 14690 852 559 11502 250 5691 109077 29273 27698 15698 12000 14121 9004 10627 1011 387 624 38236 11884 51814 5117 2234 79804 33799 20722 13077 2177 46005 5219 1793 1600 805 7485 5623 15914 3995 9855 508 378 4218 3102 464 11919 17687 352 7983 2907 18905 5248 4364 8124 1535 2533 866 1667 11586 4463 26712 17910 17679 231 8802 601 738 2093 7123 32773 14185 3175 620 3678 2370 19527 7969 6809 11558 8866
cat_boundaries=0 2 4 6 8 10 12 14 16 18 20 21 22 24 26 28 30 31 32 34 36 38 40 42 44 46 47 48 50 52 54 55 56 58 60 61 62 64
cat_threshold=423897174 170 303038466 8196 574505 2112 16 2 1057 2048 66176 5377 67239936 512 69206656 5380 1142952064 18176 33620480 1 33801 68 0 512 67108864 512 1083179008 8196 1048576 25105 1 4 640 4352 69206016 1024 33554432 4 8388608 512 512 5120 16779264 128 20973570 136 540672 2 524288 2048 8192 40 131072 16 68 4 0 1 264192 8 3229614080 1075838976 128 1024
is_linear=0
shrinkage=0.03


Tree=31
num_leaves=127
num_cat=29
split_feature=0 5 5 2 5 5 4 0 0 12 5 5 5 0 23 5 27 11 0 25 0 25 5 0 27 23 5 25 25 25 12 25 5 0 0 4 4 0 0 27 25 25 0 25 27 12 25 25 0 27 25 5 28 11 27 0 5 4 26 26 25 0 11 25 27 25 11 5 23 12 0 0 23 11 0 28 5 25 25 11 0 5 25 11 5 0 22 25 0 0 25 27 27 8 0 0 0 25 25 27 0 4 25 0 12 27 5 25 0 0 5 0 25 5 5 25 0 32 0 5 27 26 25 27 11 5
split_gain=6240.14 3314.5 2410.56 1942.11 2796.22 1956.84 1750.18 1616.07 1584.66 1238.95 1249.46 881.482 876.981 775.087 738.088 661.648 682.663 657.341 566.691 1341.3 806.008 595.219 565.247 553.194 535.927 1122.59 1035.14 692.651 531.897 828.034 467.588 462.885 454.807 635.594 652.107 1182.51 1068 491.437 765.755 489.818 1358.41 600.28 462.92 494.016 452.985 443.618 439.396 438.511 1052.95 623.488 607.867 481.889 491.314 528.642 428.064 2663.42 626.371 417.144 403.435 514.424 400.821 408.364 393.71 389.659 450.808 383.066 665.821 761.13 1053.87 720.257 1138.08 662.632 1187.89 441.247 421.865 414.472 645.676 378.366 375.366 367.099 363.53 381.787 360.604 366.963 359.387 359.36 510.537 349.948 731.899 1559.85 1041.25 345.561 344.104 340.866 448.274 453.467 1193.97 335.267 525.848 584.975 541.071 502.971 564.504 334.709 334.211 332.448 332.108 330.502 624.684 321.765 482.584 314.394 306 302.23 298.962 288.583 286.347 283.895 283.399 849.241 473.541 492.343 308.577 300.538 281.98 272.958
threshold=13030.000000000002 0 1 2 3 4 5 1560.0000000000002 1615.0000000000002 -0.031174269504845139 6 7 8 155.00000000000003 0.076926078647375121 9 0.055219287052750594 0.42179998755455023 325.00000000000006 18.500000000000004 950.00000000000011 59.500000000000007 10 2375.0000000000005 0.058047603815793998 0.081555202603340163 11 73.500000000000014 87.500000000000014 79.500000000000014 0.49626980721950537 50.500000000000007 12 325.00000000000006 950.00000000000011 13 14 850.00000000000011 325.00000000000006 0.092709075659513487 113.00000000000001 69.500000000000014 225.00000000000003 67.500000000000014 0.15550526976585391 0.70138040184974682 64.500000000000014 81.500000000000014 715.00000000000011 0.10945477336645128 100.50000000000001 15 0.11483956873416902 0.24372619390487674 0.095947422087192549 475.00000000000006 16 17 0.013495144899934532 0.025011395104229454 45.500000000000007 90.000000000000014 0.24372619390487674 16.500000000000004 0.098019190132617964 89.500000000000014 0.22700754553079608 18 0.035104382783174522 -0.11692317575216292 155.00000000000003 1280.0000000000002 0.10130250453948976 -0.51297807693481434 90.000000000000014 0.046842917799949653 19 63.500000000000007 106.00000000000001 0.24372619390487674 225.00000000000003 20 40.500000000000007 -0.76694339513778675 21 950.00000000000011 0.040643317624926574 17.500000000000004 325.00000000000006 950.00000000000011 14.500000000000002 0.11874964460730554 0.086274277418851866 9.5000000000000018 55.000000000000007 1225.0000000000002 1100.0000000000002 60.500000000000007 49.000000000000007 0.064750330522656455 615.00000000000011 22 38.500000000000007 155.00000000000003 0.94066718220710765 0.064750330522656455 23 38.500000000000007 225.00000000000003 155.00000000000003 24 615.00000000000011 56.500000000000007 25 26 76.500000000000014 90.000000000000014 0.15241085737943652 325.00000000000006 27 0.059944719076156623 0.10922185331583024 62.500000000000007 0.058047603815793998 0.12545942142605784 28
decision_type=2 9 9 9 9 9 9 2 2 2 9 9 9 2 8 9 2 2 2 2 2 2 9 2 2 8 9 2 2 2 2 2 9 2 2 9 9 2 2 2 2 2 2 2 2 2 2 2 2 2 2 9 8 2 2 2 9 9 8 8 2 2 2 2 2 2 2 9 8 2 2 2 10 2 2 10 9 2 2 2 2 9 2 2 9 2 10 2 2 2 2 2 2 2 2 2 2 2 2 2 2 9 2 2 2 2 9 2 2 2 9 2 2 9 9 2 2 10 2 9 2 8 2 2 2 9
left_child=1 7 12 5 8 77 13 9 15 10 79 18 14 -6 -2 16 30 -12 21 20 63 106 54 -10 26 117 27 116 29 -23 -5 -16 33 103 36 124 115 38 42 40 -39 46 -34 -44 -33 114 -41 51 49 50 111 -24 -53 -54 118 -56 62 -51 85 -60 61 -28 -57 64 -20 66 93 68 -68 70 -70 73 -73 74 -67 76 -69 82 -59 87 81 -62 83 -3 -81 86 -21 88 -1 90 92 -15 -90 -8 -95 96 -96 98 99 -38 -100 102 -101 -27 -47 125 -11 -63 -109 -17 -111 -49 -82 -52 -4 -35 -13 -26 119 -7 121 -121 123 -123 -36 -89
right_child=2 3 45 4 6 22 65 -9 23 11 17 24 -14 91 31 109 -18 -19 19 58 -22 28 47 -25 25 32 60 -29 -30 -31 -32 44 37 34 35 -37 97 39 -40 41 -42 -43 43 -45 -46 104 -48 48 -50 57 113 52 53 -55 55 56 -58 78 59 -61 80 107 -64 -65 -66 71 67 75 69 -71 -72 72 -74 -75 -76 -77 -78 -79 -80 84 112 -83 -84 -85 -86 -87 -88 105 89 -91 -92 -93 -94 94 95 -97 -98 -99 100 101 -102 -103 -104 -105 -106 -107 -108 108 -110 110 -112 -113 -114 -115 -116 -117 -118 -119 -120 120 -122 122 -124 -125 -126 -127
leaf_value=0.011771599505669181 0.011247385244558353 -0.009390275941929498 -0.030499211891395286 -0.052194020248459351 -0.077520067312355556 0.0023288367744029237 -0.00089269848626738306 0.013437236007083249 -0.084242870099066447 0.0017161183781092876 0.0024735868538789058 -0.051439495255149181 -0.12413750944697127 -0.015273079291351414 -0.041068592341237477 -0.0031286080189102347 0.024601053098018494 -0.0068719048168376755 -0.0056043367277132349 -0.023229701341649648 -0.0025633331350451774 -0.019047867814377156 0.011684977368915292 -0.025472262184441853 -0.026856814285132157 -0.032529327993191054 -0.030864348680563813 0.019021537687698958 -0.0077584186305497066 -0.042662145853740695 0.0095913036550065844 -0.067925879230982131 -0.0018737031458945506 -0.018913527949603437 -0.0085739792881173778 0.018187458994697384 -0.02502840983702562 -0.0074616350568967324 0.004400030582276262 -0.010768495952513462 -0.037117274053032612 -0.00099662127891446081 -0.008747899891884894 -0.034397153234851915 -0.13259016781352287 -0.088876734275629019 -0.038681311797869163 -0.014245139147753503 0.008101135171735066 0.011865049408840351 0.0073603572238136791 0.010067085805292931 0.0030929660255752675 -0.0036780912529982713 -0.14148264873859492 0.0017531742580577374 -0.013789653814467919 -0.074623358787383076 0.013784150463855342 -0.0063911080800209815 0.011469448998537735 -0.0034326777214073114 -0.010452956940570199 -0.078707063218816778 -0.075322935132620228 -0.060527366450846706 0.026452323127951885 -0.0064155199271564989 -0.080584158476738804 -0.1110942833688524 -0.011542557069383671 -0.02204787596947316 -0.12387124440193174 -0.0066012678895051068 -0.015811366010590799 -0.0016338891327488353 -0.025264250990618565 0.0067445968757389764 -0.025741439893798911 0.0078709458858035042 0.0067681231793346851 -0.0082657562914986646 0.02390347110323662 0.013624432485998587 -0.013045946436761794 -0.0060079357167117627 -0.090061640213978916 0.013138924999160147 -0.045701233489161802 0.0040895891916755186 -0.091372275329785896 -0.064734962800653967 0.01032965697214275 0.016749528917728063 -0.013173145033844562 -0.0017135206674970028 -0.11218359267073018 -0.052888652455224616 -0.024319898504269476 -0.055172699134383565 0.025119954103903542 -0.024416888296430888 -0.12788004968477332 0.0039675304334195333 -0.017535860987829752 -0.0062488023868044005 -0.01534154393167917 -0.059433424110136031 -0.011700195634335346 0.017897461346452207 0.0013591693390479201 0.026837899633522691 -0.0064711751980425112 -0.0026139684493413011 0.019072633996198417 0.0063147017913187777 -0.0042808504699206147 -0.07665457699242538 0.00060280686983967392 -0.041017564408722146 -0.032167565657823631 -0.024811838959602536 0.00143323577625093 0.0018672931700230351 -0.022379733214265028 -0.0015167332204704159
leaf_weight=583 100 717 153 189 419 7071 17138 4004 224 1986 33617 154 381 570 220 14837 1933 8482 199 1074 337 5705 5445 405 176 247 827 2773 2188 1746 262 236 3314 661 2977 1198 1417 5480 8300 3724 1862 9135 1817 1076 171 100 587 4663 8359 182 3318 6733 44237 13557 128 9803 4905 193 1243 13284 2776 4121 3139 398 143 197 215 4243 338 134 588 593 124 9788 4726 4012 2676 12172 529 794 1784 1283 2764 4750 10102 1127 113 1391 241 727 393 163 166 620 5201 3823 111 582 656 328 285 257 137 2566 144 18870 2120 282 1934 1639 42422 173 13127 15293 319 1063 460 253 50027 397 1000 1104 2195 579 2411 6202
leaf_count=583 100 717 153 189 419 7071 17138 4004 224 1986 33617 154 381 570 220 14837 1933 8482 199 1074 337 5705 5445 405 176 247 827 2773 2188 1746 262 236 3314 661 2977 1198 1417 5480 8300 3724 1862 9135 1817 1076 171 100 587 4663 8359 182 3318 6733 44237 13557 128 9803 4905 193 1243 13284 2776 4121 3139 398 143 197 215 4243 338 134 588 593 124 9788 4726 4012 2676 12172 529 794 1784 1283 2764 4750 10102 1127 113 1391 241 727 393 163 166 620 5201 3823 111 582 656 328 285 257 137 2566 144 18870 2120 282 1934 1639 42422 173 13127 15293 319 1063 460 253 50027 397 1000 1104 2195 579 2411 6202
internal_value=-0.0025597 -0.00236471 -0.057936 -0.000483972 -0.00355292 0.00129006 -0.00843055 -0.00542504 0.000834435 -0.00581618 -0.00300534 -0.00786886 -0.0853494 -0.0450094 -0.0634744 0.00132119 0.0167783 0.000590422 -0.0121071 -0.00859491 -0.041037 -0.0166934 0.000307435 -0.0465022 -0.00618965 -0.00806726 -0.00297909 0.0126013 -0.0207677 -0.0245864 -0.0163592 -0.0764014 -0.00765267 -0.0120714 -0.0150944 -0.00876066 -0.0228363 -0.00579633 -0.00156025 -0.00875507 -0.0149866 -0.00535156 -0.00952976 -0.0182963 -0.0953528 -0.0140676 -0.0145773 0.00178211 -0.00108508 -0.00423865 -0.00329542 0.00312269 0.00239782 0.00150461 -0.00157713 -0.00565617 -0.00467414 -0.0286725 -0.00651789 -0.00466399 -0.00500163 -0.0110488 -0.00120699 -0.058531 -0.0348903 -0.00765847 -0.00607868 -0.0118894 -0.0337485 -0.0462906 -0.0368032 -0.0116615 -0.0398055 -0.0102872 -0.0176127 -0.00929752 -0.0137539 0.0101001 -0.0388934 -0.00683903 -0.0027201 0.00523878 0.015073 0.0106049 -0.0115259 -0.0181494 -0.0296624 -0.0050538 -0.0168089 -0.0277213 -0.0565984 -0.0263453 -0.022879 -0.003441 -0.00791742 -0.00959323 -0.0152628 -0.0320003 -0.0280373 -0.0362566 -0.00933531 -0.058228 -0.0768225 0.000752444 -0.0470173 -0.00411593 -0.00712582 -0.00845835 -0.0177986 0.000692291 0.00197913 -0.0127702 -0.00488684 -0.000832879 0.00273171 -0.00336343 -0.0161733 -0.0563347 -0.000401792 -0.00447223 -0.0135663 -0.00924033 -0.00597749 -0.0156378 -0.0147547 0.00118479
internal_weight=520112 518288 1824 321023 117590 203433 55679 197265 61911 193261 81568 111693 1108 1152 727 61282 2384 42099 31663 17918 1077 13745 183030 629 80030 50509 29521 3387 9639 7451 451 627 50080 14785 11972 6586 5386 35295 14507 20788 7342 13446 6207 2893 407 716 4311 102682 32710 24351 23447 69972 64527 57794 80348 17975 17847 904 16841 14527 26134 7164 12942 740 342 54527 39099 12206 1275 1060 926 15428 717 14711 4923 10931 6919 20403 722 39469 18970 4059 8231 5467 10896 2314 1187 28573 2110 1527 800 733 407 26893 9755 9135 5312 3662 3080 2139 941 722 465 2813 244 26463 4106 6337 2216 58898 44061 4836 14911 18611 472 1724 614 429 62373 12346 5275 4275 3878 1683 5388 7593
internal_count=520112 518288 1824 321023 117590 203433 55679 197265 61911 193261 81568 111693 1108 1152 727 61282 2384 42099 31663 17918 1077 13745 183030 629 80030 50509 29521 3387 9639 7451 451 627 50080 14785 11972 6586 5386 35295 14507 20788 7342 13446 6207 2893 407 716 4311 102682 32710 24351 23447 69972 64527 57794 80348 17975 17847 904 16841 14527 26134 7164 12942 740 342 54527 39099 12206 1275 1060 926 15428 717 14711 4923 10931 6919 20403 722 39469 18970 4059 8231 5467 10896 2314 1187 28573 2110 1527 800 733 407 26893 9755 9135 5312 3662 3080 2139 941 722 465 2813 244 26463 4106 6337 2216 58898 44061 4836 14911 18611 472 1724 614 429 62373 12346 5275 4275 3878 1683 5388 7593
cat_boundaries=0 2 4 5 7 9 10 12 14 16 18 20 22 23 24 25 27 29 30 31 33 35 37 38 40 41 43 45 47 49
cat_threshold=1077462057 6485 303038466 8196 6 126095444 9386 4194326 2 2 573448 69 17441 2112 34603008 4 0 2 125898752 9376 1081344 4 3670016 4 4 0 16384 25231360 160 1 2050 671089280 16384 2097152 17 524288 64 1 1 2112 33558592 512 8 524288 2048 67108864 1184 557056 4
is_linear=0
shrinkage=0.03


Tree=32
num_leaves=127
num_cat=19
split_feature=0 13 11 21 4 25 12 4 23 25 25 0 25 30 12 11 2 30 20 25 28 4 25 2 25 22 2 0 22 0 21 11 32 28 30 12 0 0 0 4 30 25 25 4 25 25 0 25 3 25 25 0 4 25 25 20 0 25 25 0 23 3 25 0 0 4 22 0 30 25 0 3 0 25 25 25 25 2 3 25 25 0 0 25 4 25 0 0 0 32 28 3 0 23 0 23 21 21 20 24 0 32 23 25 25 4 0 32 25 0 25 20 25 21 22 23 25 3 23 23 25 21 30 25 20 12
split_gain=6171.33 1427.84 3185.2 2819.64 1245.49 1024.57 943.67 912.533 1035.54 629.921 745.584 610.202 595.513 569.521 485.838 461.762 427.091 382.506 331.834 322.731 525.213 339.461 394.274 321.679 309.704 309.43 305.105 292.077 288.124 676.398 274.553 271.631 269.38 269.375 256.933 243.206 239.963 450.712 328.777 235.692 240.349 304.393 427.213 229.835 310.156 226.724 215.577 306.723 272.077 278.229 591.599 497.019 477.999 206.774 216.008 213.52 203.428 198.214 242.191 218.438 197.092 777.299 197.074 251.472 214.797 195.682 193.077 186.146 182.744 178.749 242.377 237.333 178.038 201.297 419.609 189.855 262.125 481.276 173.352 230.637 558.64 645.217 175.478 170.912 187.76 221.66 182.838 170.721 166.186 294.736 167.453 163.969 224.099 163.524 159.272 235.69 213.764 157.963 154.192 151.884 148.914 566.478 148.15 146.638 190.067 241.578 152.642 145.057 144.688 143.961 300.073 153.853 154.103 143.337 215.999 208.647 191.971 186.04 195.485 146.387 138.983 138.389 141.662 136.663 135.925 189.78
threshold=13030.000000000002 39.500000000000007 0.10837544873356821 0.090277068316936507 0 7.5000000000000009 -0.72102889418601979 1 0.10042453557252885 29.500000000000004 50.500000000000007 110.00000000000001 73.500000000000014 0.090846620500087752 0.80798786878585827 0.3744682669639588 2 0.086849529296159758 109.50000000000001 68.500000000000014 0.12482776120305063 3 29.500000000000004 4 14.500000000000002 -0.04046273045241832 5 180.00000000000003 -1.4639971256256101 1560.0000000000002 0.081666920334100737 -0.25205527991056437 0.15983111411333087 0.1174035742878914 0.11448932439088823 -0.18493013828992841 1715.0000000000002 2125.0000000000005 1255.0000000000002 6 0.072865519672632231 47.500000000000007 38.500000000000007 7 18.500000000000004 76.500000000000014 325.00000000000006 76.500000000000014 8 20.500000000000004 16.500000000000004 950.00000000000011 9 51.500000000000007 55.500000000000007 49.500000000000007 17950.000000000004 88.500000000000014 22.500000000000004 1280.0000000000002 0.056448934599757201 10 10.500000000000002 155.00000000000003 225.00000000000003 11 -2.3023446202278133 27950.000000000004 0.072865519672632231 87.500000000000014 615.00000000000011 12 1280.0000000000002 107.50000000000001 97.500000000000014 113.00000000000001 117.50000000000001 13 14 19.500000000000004 15.500000000000002 325.00000000000006 325.00000000000006 49.000000000000007 15 64.500000000000014 325.00000000000006 950.00000000000011 1225.0000000000002 0.12569326907396319 0.083937134593725218 16 615.00000000000011 0.031011470593512062 325.00000000000006 0.1168753318488598 0.087978087365627303 0.078572388738393797 90.500000000000014 1.0060017704963686 325.00000000000006 0.12569326907396319 0.12056355178356172 22.500000000000004 70.500000000000014 17 90.000000000000014 0.16802810132503512 77.500000000000014 325.00000000000006 81.500000000000014 55.500000000000007 69.500000000000014 0.066527031362056746 -0.45820881426334376 0.0301526477560401 51.500000000000007 18 0.039869789034128196 0.061658605933189399 85.500000000000014 0.04543250426650048 0.080004055052995696 16.500000000000004 80.500000000000014 -0.63257205486297596
decision_type=2 2 2 8 9 2 2 9 8 2 2 2 2 10 2 2 9 10 2 2 8 9 2 9 2 10 9 2 10 2 10 2 10 10 10 2 2 2 2 9 8 2 2 9 2 2 2 2 1 2 2 2 9 2 2 2 2 2 2 2 10 1 2 2 2 9 10 2 10 2 2 1 2 2 2 2 2 9 1 2 2 2 2 2 9 2 2 2 2 10 10 1 2 10 2 10 10 10 2 2 2 10 10 2 2 9 2 8 2 2 2 2 2 10 10 10 2 1 10 10 2 10 10 2 2 2
left_child=1 2 6 4 32 -2 31 56 45 -10 67 19 -12 16 46 -13 68 26 99 21 93 22 24 30 -5 88 33 43 29 66 91 -1 -4 35 -32 83 38 -38 39 40 -28 42 -42 44 -16 -9 47 62 49 50 -48 52 -52 -43 55 -55 -7 58 78 69 61 -22 63 -3 -65 -49 -25 -11 -6 71 -71 109 75 74 -74 -59 77 -77 82 80 -80 -82 -29 -17 85 86 -85 -50 121 -90 -91 97 100 -21 96 -96 -36 -15 -34 -14 -93 -102 -70 -64 106 -106 -105 -41 -73 110 -60 -111 -113 115 -115 116 -30 118 -116 -119 -110 -18 -123 -23 125 -109
right_child=5 14 3 11 13 7 -8 8 9 10 12 15 18 23 27 17 25 -19 -20 20 60 123 -24 28 -26 -27 36 57 113 -31 34 -33 98 -35 94 -37 37 -39 -40 107 41 53 -44 -45 -46 -47 48 65 87 -51 51 -53 -54 54 -56 -57 -58 72 59 -61 -62 -63 103 64 -66 -67 -68 -69 102 70 -72 108 73 -75 -76 76 -78 -79 79 -81 81 -83 -84 84 -86 -87 -88 -89 89 90 -92 92 -94 -95 95 -97 -98 -99 -100 -101 101 -103 -104 104 105 -107 -108 124 120 111 -112 112 -114 114 117 -117 -118 119 -120 -121 -122 122 -124 -125 -126 -127
leaf_value=0.0057418062763145627 0.014293285962539138 -0.002009923492868655 0.024652135635107313 -0.034602574542789297 0.0077611690112049008 0.0032739601288836427 -0.00031464306133395503 -0.057159432216882702 -0.14067184037703245 -0.056940782135865814 -0.13865732519065632 -0.0032320361794065371 -0.11172923939955082 0.002301296345639 0.031061456115593664 -0.0048857262326073309 -0.013084878467667422 -0.0045838430623318244 -0.028069205625543315 -0.027434569286759677 0.021006012371182443 0.0057898339527939612 -0.0015887171398121132 0.024744930734271055 -0.093826341652634121 0.00035427601119481905 0.0091210060644708567 0.014736603201495925 0.0054996816478931846 -0.076408857541865313 -0.015221487309993689 0.0020440229750839844 0.015709126550981754 -0.015025775284791305 0.0056194159128960773 -0.00044200927512387539 -0.086088211970856865 0.00040207301727800723 0.0056423254602280364 -0.0404222118936736 -0.025627580322345411 0.00087238547315688004 -0.074808894827787589 -0.0078903251531333967 -0.0065860135989254647 -0.0038448195144095837 -0.0037690269059516609 -0.031465990637912 0.0022180693043526364 -0.0055668488724322281 0.0021248583223697913 0.00037196862113218364 -0.060764190078917264 -0.075137396619583546 -0.016123262448793772 -0.024370631744877667 -0.043107346709214109 0.0033246066815310767 -0.006894750520524919 0.013231322549071639 -0.072420128081974233 -0.060591101134169538 -0.00078015155912679844 -0.063336807894540881 -0.018650610115325757 -0.012223303616256467 -0.012421801395396377 -0.0023467777757083664 0.0015820087849626259 -0.053076438891235735 -0.0023816188392075861 0.0048787938142448107 0.0024220055581903772 0.010887925218826588 -0.08045137632707848 0.00051320598628487645 -0.0004115145917887798 -0.040133680218863668 0.0089517067889114572 0.0066859082827393545 -0.0076072828380207786 -0.074736877730382331 0.0014873440550504412 -0.01660276562749867 -0.012146776906947784 0.0025381723148693949 -0.0044053278714979481 -0.0053751073167907538 -0.044539882582984865 0.01295686455460455 -0.033448681806703975 0.0094604307496847923 0.015945154947746679 0.0062098143997178328 0.016906507178643251 -0.0020251428581933603 -0.031237720998592278 0.015227693322122041 0.0058750374941462452 -0.067468576835734498 -0.022080874400606656 0.010303629619160714 -0.017222929175620821 -0.0011582550311083043 -0.039058481111775997 0.0031761919852620474 -0.0094834273384172985 -0.017354334219373553 -0.011556788757611193 0.0018633842414141619 -0.02676539766300666 -0.0075041411106344319 -0.0013557855140038015 -0.047356996020339055 -0.015083852398886686 0.0048707422327064712 -0.014079291191907449 -0.0089395478239338751 0.0013005498345294852 -0.038941061807787183 0.015503413526568472 -0.0043002912655888204 -0.012857263278007647 -0.010911139689209298 -0.0041698261982963296 -0.0073246927227359317
leaf_weight=46310 161 314 1367 386 3485 162 83532 124 186 126 203 37765 156 11178 328 12175 3014 30808 102 212 149 486 267 145 100 5410 249 1344 736 144 1121 29124 2422 3728 281 5030 110 106 887 144 802 524 198 12184 490 169 1394 511 6568 45686 136 264 541 116 1841 210 178 11792 4727 632 189 352 3944 170 226 6793 910 101 1271 159 181 3543 113 116 106 633 5677 441 466 797 304 223 2718 1849 10056 2056 2753 4483 299 205 105 3099 2654 333 912 1682 284 920 3524 139 739 1416 535 2311 128 2210 13940 3415 1026 3082 799 10927 5524 100 768 6290 1160 528 4435 202 204 9493 2132 4700 2489 3381
leaf_count=46310 161 314 1367 386 3485 162 83532 124 186 126 203 37765 156 11178 328 12175 3014 30808 102 212 149 486 267 145 100 5410 249 1344 736 144 1121 29124 2422 3728 281 5030 110 106 887 144 802 524 198 12184 490 169 1394 511 6568 45686 136 264 541 116 1841 210 178 11792 4727 632 189 352 3944 170 226 6793 910 101 1271 159 181 3543 113 116 106 633 5677 441 466 797 304 223 2718 1849 10056 2056 2753 4483 299 205 105 3099 2654 333 912 1682 284 920 3524 139 739 1416 535 2311 128 2210 13940 3415 1026 3082 799 10927 5524 100 768 6290 1160 528 4435 202 204 9493 2132 4700 2489 3381
internal_value=-0.00252823 -0.00233509 -0.00129078 -0.00380205 0.000903586 -0.0578575 0.00188189 -0.0649192 -0.0763117 -0.0906714 -0.0792695 -0.00648729 -0.0967792 -0.00040462 -0.00471084 -0.00598192 -0.00386079 -0.00723416 -0.0750709 -0.0149873 -0.0289378 -0.012082 -0.0308931 0.00185424 -0.0469562 -0.00580695 -0.00880067 -0.00280941 -0.00153484 -0.0156523 0.00400476 0.00431419 0.0126465 -0.00736975 -0.00288934 -0.00653004 -0.0125085 -0.0438376 -0.0120396 -0.0132131 -0.0193758 -0.0213002 -0.0354305 -0.00685674 0.00852929 -0.0265257 -0.00616491 -0.00821112 -0.00510667 -0.00608336 -0.0161825 -0.0345483 -0.0481461 -0.016038 -0.0201256 -0.0426094 -0.0210632 -0.00186172 -0.00314791 -0.00421075 -0.0463062 -0.0363302 -0.00652544 -0.0220779 -0.0379453 -0.0135737 -0.00729498 -0.0327669 0.00374128 -0.00457653 -0.026175 -0.0043295 0.000635748 -0.0210068 -0.0378736 0.00102786 -0.00298378 -0.0165674 0.0024465 -0.00532969 -0.0149707 -0.0361009 0.00587369 -0.00759 -0.00955947 -0.00565045 -0.00930858 -0.000862422 -0.00799664 -0.0233417 -0.00281815 0.00548173 0.00884083 -0.00690382 0.00149027 0.00463481 -0.0129295 0.00328547 0.00988275 -0.0911726 0.00524981 -0.000806866 -0.00399512 -0.00603444 -0.00714913 0.000848233 -0.00829968 -0.0106361 0.00180139 -0.00549728 -0.00977215 -0.00428746 -0.00543982 -0.000344466 -0.00385273 0.00224124 -0.00648012 -0.00311161 -0.00112034 -0.0172833 -0.00705981 -0.00735672 -0.00587059 -0.00934521 -0.0101699 -0.0123664
internal_weight=519760 517953 359798 200832 72966 1807 158966 1646 1306 1013 827 127866 600 65653 158155 120692 25949 82927 397 7174 1235 5939 753 39704 486 20658 52119 68536 15418 1199 24286 75434 7313 37647 4280 33919 14472 216 14256 13369 3940 3691 1000 13002 818 293 89619 30547 59072 48021 2335 941 677 2691 2167 326 340 55534 36656 30804 690 501 23243 710 396 7304 1055 227 5291 30172 340 29832 18878 335 219 18543 6751 1074 5852 1790 993 527 4062 28889 16714 6658 4602 11051 15248 609 310 20006 7908 545 3159 2594 565 12098 5946 295 5254 2155 1806 22533 18589 2338 16251 9429 4773 25059 5526 19533 16451 14219 6033 8186 1896 5933 5203 730 1230 14639 11625 5186 9285 6796
internal_count=519760 517953 359798 200832 72966 1807 158966 1646 1306 1013 827 127866 600 65653 158155 120692 25949 82927 397 7174 1235 5939 753 39704 486 20658 52119 68536 15418 1199 24286 75434 7313 37647 4280 33919 14472 216 14256 13369 3940 3691 1000 13002 818 293 89619 30547 59072 48021 2335 941 677 2691 2167 326 340 55534 36656 30804 690 501 23243 710 396 7304 1055 227 5291 30172 340 29832 18878 335 219 18543 6751 1074 5852 1790 993 527 4062 28889 16714 6658 4602 11051 15248 609 310 20006 7908 545 3159 2594 565 12098 5946 295 5254 2155 1806 22533 18589 2338 16251 9429 4773 25059 5526 19533 16451 14219 6033 8186 1896 5933 5203 730 1230 14639 11625 5186 9285 6796
cat_boundaries=0 1 2 3 4 5 6 7 8 9 10 11 12 13 14 15 16 17 18 19
cat_threshold=2 1 4 2 6 6 1 2 2 2 2 4 2 10 2 1 2 4 2
is_linear=0
shrinkage=0.03


Tree=33
num_leaves=127
num_cat=17
split_feature=0 13 11 21 4 0 3 0 30 4 0 31 23 13 13 12 21 27 11 27 20 26 21 0 28 29 0 2 17 23 23 4 0 20 0 27 2 30 27 4 0 29 27 27 31 30 4 26 0 4 31 27 20 23 4 4 31 30 4 30 0 27 26 21 31 29 28 29 4 23 29 3 26 0 27 30 23 0 30 24 24 0 31 4 27 0 21 27 24 20 0 20 20 26 0 23 0 27 0 29 23 27 27 21 23 0 0 24 9 21 12 4 2 27 0 27 0 31 26 26 23 20 26 23 0 0
split_gain=5127.03 1279.61 2915.29 2230.12 905.568 622.849 771.036 519.455 518.943 498.31 668.833 905.676 494.713 708.113 490.514 1088.79 549.495 445.29 429.432 415.62 1179.97 367.673 299.885 294.393 292.944 322.447 269.698 267.773 249.757 242.416 226.628 226.623 224.19 216.275 289.887 247.405 213.743 261.152 302.649 452.984 276.836 228.755 217.733 210.959 206.707 205.68 205.203 278.04 201.779 212.976 200.809 196.958 184.577 183.057 179.882 172.88 159.171 271.416 155.522 177.563 145.837 159.597 231.727 205.038 146.304 145.566 143.901 143.151 137.943 301.663 209.961 341.659 136.665 135.046 132.926 132.539 177.159 168.363 420.456 131.559 304.578 128.847 125.645 125.589 450.072 426.622 123.228 122.085 121.269 119.833 119.071 117.751 113.523 109.069 180.111 174.179 168.143 122.508 108.499 107.809 142.819 187.058 109.432 107.516 125.951 106.221 113.636 123.455 191.61 105.555 105.531 104.545 154.764 160.371 142.107 121.162 116.225 103.41 103.314 148.673 130.885 103.118 100.723 99.6454 99.5795 99.3386
threshold=13030.000000000002 39.500000000000007 0.3744682669639588 0.090277068316936507 0 16530.000000000004 1 110.00000000000001 0.092384941875934615 2 19050.000000000004 0.055805873125791557 0.075415529310703291 20.500000000000004 27.500000000000004 -0.72102889418601979 0.081666920334100737 0.064750330522656455 -0.5917624533176421 0.14952706545591357 92.500000000000014 0.14085485786199572 0.078528158366680159 850.00000000000011 0.083937134593725218 0.048529487103223808 180.00000000000003 3 9.5000000000000018 0.12977331131696704 0.11885417997837068 4 615.00000000000011 92.500000000000014 1715.0000000000002 0.060448419302701957 5 0.1299802511930466 0.16058247536420825 6 1560.0000000000002 0.11490825563669206 0.14500886201858523 0.15358696132898333 0.089630849659442915 0.11381385102868082 7 0.032988865859806545 325.00000000000006 8 0.048018604516983039 0.084925193339586272 31.500000000000004 0.038110742345452316 9 10 0.058328395709395416 0.088881377130746855 11 0.091668669134378447 325.00000000000006 0.086274277418851866 0.012954398989677431 0.091977469623088851 0.091470405459404006 0.093990091234445586 0.10800887271761896 0.13717892020940783 12 0.058227287605404861 0.04237759672105313 13 0.35431678593158727 475.00000000000006 0.089248880743980422 0.065762974321842207 0.12056355178356172 1225.0000000000002 0.04846638627350331 1.0145580768585207 1.0239727497100832 1255.0000000000002 0.024806666187942032 14 0.07936600968241693 325.00000000000006 0.04543250426650048 0.05270845256745816 0.96248707175254833 56.500000000000007 1560.0000000000002 77.500000000000014 39.500000000000007 0.038358170539140708 325.00000000000006 0.090003363788127913 155.00000000000003 0.056865874677896507 325.00000000000006 0.048529487103223808 0.10042453557252885 0.055219287052750594 0.08212983608245851 0.11757665500044824 0.093464292585849776 1560.0000000000002 1280.0000000000002 1.0209843516349795 4.5000000000000009 0.056888267397880561 -0.23537842929363248 15 16 0.064750330522656455 1560.0000000000002 0.12240357697010042 1225.0000000000002 0.033771071583032615 0.025011395104229454 0.071667086333036437 0.064846452325582518 76.500000000000014 0.038358170539140708 0.054210091009736068 45.000000000000007 325.00000000000006
decision_type=2 2 2 8 9 2 1 2 10 9 2 8 10 2 2 2 8 2 2 2 2 10 10 2 10 10 2 9 2 10 10 9 2 2 2 2 9 8 2 9 2 10 2 2 10 10 9 10 2 9 10 2 2 10 9 9 8 8 9 10 2 2 8 10 10 10 10 10 9 10 10 1 10 2 2 10 10 2 10 2 2 2 10 9 2 2 10 2 2 2 2 2 2 10 2 10 2 2 2 10 10 2 2 10 10 2 2 2 2 10 2 9 9 2 2 2 2 10 8 8 10 2 10 10 2 2
left_child=1 2 14 4 50 -2 9 68 32 43 -11 -12 13 -13 16 33 22 121 48 91 -21 36 27 54 30 -26 31 58 -18 -25 -10 -20 86 35 -35 -16 56 41 42 -40 79 46 52 -7 -43 65 -38 -48 49 -3 -4 124 -39 -49 87 92 123 -58 -1 74 118 62 63 -62 88 -27 -55 -61 69 -5 71 -70 -29 83 82 77 -77 -34 -79 -41 -81 -37 -60 84 85 -19 125 -23 -63 -57 109 -15 -28 -88 95 96 -95 -98 -84 -52 101 -101 -102 -59 -105 106 107 -54 -109 -47 -75 112 113 -50 115 116 -115 -78 -30 120 -120 -17 -119 -9 -51 -6
right_child=5 18 3 7 8 6 -8 21 24 10 11 12 -14 19 15 17 28 73 26 20 -22 23 -24 29 25 45 55 72 60 -31 -32 -33 75 34 -36 81 37 38 39 40 -42 44 -44 -45 -46 90 47 53 111 51 99 -53 105 66 -56 89 57 103 59 67 61 64 -64 -65 -66 -67 -68 -69 70 -71 -72 -73 -74 110 -76 76 117 78 -80 80 -82 -83 98 -85 -86 -87 93 -89 -90 -91 -92 -93 -94 94 -96 -97 97 -99 -100 100 102 -103 -104 104 -106 -107 -108 108 -110 -111 -112 -113 -114 114 -116 -117 -118 122 119 -121 -122 -123 -124 -125 -126 -127
leaf_value=0.0012390035622765405 -0.11654844422978679 -0.023502228794545915 0.017719446266373874 -0.0048830692357522123 -0.014092367623812014 -0.051981316817843397 0.013244360263021115 0.0093453253071840593 0.0039152206757896955 -0.13377356258598533 0.028650920633045793 0.00052149364094232552 -0.11766249229153283 -0.034316622232856309 0.010528322566856731 -0.0014639934081136948 -0.0046841565273536548 -0.038472796987480247 0.00851550341406241 -0.1643068141387059 -0.045869784632244628 -0.0041372313544508618 0.014380661065809229 -0.0045655469128193706 -0.01388279923497519 -0.035170110842279556 -0.016519741549410313 -0.001739151175372488 0.0077093086433339892 -0.050796777910929028 0.018476499093742868 -0.0076373638036408174 0.0079610592245047181 0.003018409525313734 -0.042974458922380429 0.0046743424202282599 0.007739850609908781 -0.046480584049888793 -0.0022074446435294847 -0.020740381625642412 0.013977652330857676 0.0033006444421792578 -0.047686851030411488 -0.0045996977548030289 -0.016694826616037231 0.0087833207690807703 -0.000742190503949521 0.0076042071409978479 -0.0062266307395967601 0.014469658786973339 0.02509094739546773 -0.014468633025737207 -0.012996292242450932 -0.051711017328301724 0.013794476710092788 0.0030139446191461863 -0.014528516620498333 -0.007187458521950422 0.012301015760343295 0.012841201537585899 0.011404293770045863 -0.011128003778252432 0.0032144484039600546 -0.024074918882216613 -0.012480871497200547 -0.0069015924893647794 -0.024033750159976379 0.0032968710976100124 -0.049571431061541806 -0.046326501652515131 0.007486940551332027 -0.018923427004628738 -0.030768087796504369 -0.00014338401998974544 0.019001109372114151 0.00033905276810152792 0.0015720239459005823 -0.046098551369072253 0.01070860709523243 -0.078476322018090752 -0.013897504818717567 0.018033195054006496 -0.0083975147472949291 -0.0038106616875777108 -0.058116075873709795 0.0074563713669776911 -0.00396570076505251 0.014920853351936724 -0.00039526229822968732 -0.0013595308983525461 -0.023291523670774368 -0.069356297688050697 -0.0034864830088017552 0.002756427054827528 -0.019797362711545571 0.0061737814320572066 -0.0061064431487911318 -0.038717532658328606 -0.038087305982676997 0.0029911341008752763 0.016472495293017374 -0.027050606157737279 -1.4265232832755258e-05 0.029715620637513124 -0.0035606180952342322 0.0097222686366731058 -0.037638074471400329 -0.036384855871727496 -0.011638105269818514 0.00063530404893446049 -0.0039435988888558921 -0.0040312735272086536 -0.0031264782887176095 -0.016172869404223886 0.013157244063240576 -0.0090099508096116269 -0.033229599700374646 -0.040983500097388936 -0.00043664333346433998 -0.0031904838814541831 -0.02305738536622361 0.0043872129647375266 -0.0054882291544760976 -0.0033662611490153167 -0.0067316213257512941 0.015106081968004052
leaf_weight=5838 126 759 2667 1355 2338 137 169 619 10044 110 102 160 138 229 9882 3276 22255 255 835 129 184 1498 2018 5563 1572 209 618 7171 692 103 1063 12077 2457 23165 123 26949 371 165 4467 1193 184 2878 188 219 554 1607 621 130 6368 200 246 3183 7206 218 1443 7144 4206 36215 148 4097 203 1007 15048 522 1069 751 764 2161 373 178 222 2660 148 26181 157 1171 127 190 303 123 141 665 304 11565 177 629 9819 378 15784 26742 175 142 21360 307 1143 754 169 269 174 743 933 248 592 103 6569 159 194 548 581 12996 8782 42722 6285 1588 165 1586 466 235 353 11005 661 15697 104 5296 26361 109
leaf_count=5838 126 759 2667 1355 2338 137 169 619 10044 110 102 160 138 229 9882 3276 22255 255 835 129 184 1498 2018 5563 1572 209 618 7171 692 103 1063 12077 2457 23165 123 26949 371 165 4467 1193 184 2878 188 219 554 1607 621 130 6368 200 246 3183 7206 218 1443 7144 4206 36215 148 4097 203 1007 15048 522 1069 751 764 2161 373 178 222 2660 148 26181 157 1171 127 190 303 123 141 665 304 11565 177 629 9819 378 15784 26742 175 142 21360 307 1143 754 169 269 174 743 933 248 592 103 6569 159 194 548 581 12996 8782 42722 6285 1588 165 1586 466 235 353 11005 661 15697 104 5296 26361 109
internal_value=-0.00240081 -0.00222275 -0.00123154 -0.00459672 0.000237911 -0.0523082 -0.0475345 -0.00754508 -0.00107797 -0.0541656 -0.0634523 -0.0561997 -0.0650333 -0.0562989 0.000940454 0.00214173 -0.000744046 -0.000509112 -0.0044682 -0.0695716 -0.0950503 -0.00698855 0.00335649 -0.00125896 0.00150804 -0.000931896 -0.00268475 0.00225439 -0.00207205 -0.00541478 0.00531035 -0.0065922 -0.00484737 0.00504451 0.00277365 0.00645478 -0.0076871 -0.0102788 -0.0123215 -0.00716083 -0.020635 -0.0047065 -0.0158068 -0.0229282 6.90144e-05 0.000362513 -0.0124925 -0.0168258 -0.00583584 -0.007818 0.0118489 -0.007417 -0.0151245 -0.0257991 0.0058351 -0.00178151 -0.00667237 -0.00725624 0.00485602 0.00786134 -0.000817601 0.000217005 0.00241597 -0.0141387 -0.00172503 -0.0130861 -0.0302243 0.00954643 -0.0171517 -0.00972222 -0.0206466 -0.0227076 -0.0023271 -0.00205844 -0.0056014 0.000952288 -0.0058912 0.00475055 -0.0112336 -0.0250127 -0.044168 0.00499669 -0.0117921 -0.00471769 -0.0145915 -0.00582093 -0.00663179 -0.000291266 -0.00103956 -0.000437433 0.00123698 -0.0478784 -0.0038537 -0.00542232 -0.0108323 -0.00398776 -0.0142666 -0.0261773 -0.019262 0.00617594 0.0043173 -0.00454657 0.0100766 -0.00654271 -0.00304254 -0.0145237 -0.0149768 -0.0144449 -0.0236714 0.0015325 -0.00109801 -0.00481407 -0.0068457 -0.00913089 -0.0140125 -0.0152474 -0.0200569 -0.0215142 -0.00355495 -0.00420408 -0.0151907 0.00337688 -0.0301423 -0.00203465 -0.00657144 -0.0127861
internal_weight=519272 517427 358968 140807 53341 1845 1719 87466 47912 1550 1194 1084 982 844 218161 127346 90815 66562 158459 684 313 82678 22216 8985 28417 17310 68776 20198 68599 5666 11107 12912 19495 60784 23288 37496 73693 20685 15149 6108 1641 5536 9041 356 3432 15738 2104 1733 89683 30503 5429 29744 8853 1112 3319 55864 53008 47093 12879 7041 46344 33633 15773 725 17860 960 982 6258 4788 1533 3255 3033 7319 47589 783 4587 1637 2950 493 1457 264 27614 626 12626 1061 884 14908 1876 16791 33886 14778 371 21978 12461 2642 1499 745 438 478 2762 2516 991 1525 42887 6672 8688 8529 8335 1129 14603 34963 59180 16458 10173 3805 3640 2054 466 12711 12019 1014 18973 339 5915 26561 2447
internal_count=519272 517427 358968 140807 53341 1845 1719 87466 47912 1550 1194 1084 982 844 218161 127346 90815 66562 158459 684 313 82678 22216 8985 28417 17310 68776 20198 68599 5666 11107 12912 19495 60784 23288 37496 73693 20685 15149 6108 1641 5536 9041 356 3432 15738 2104 1733 89683 30503 5429 29744 8853 1112 3319 55864 53008 47093 12879 7041 46344 33633 15773 725 17860 960 982 6258 4788 1533 3255 3033 7319 47589 783 4587 1637 2950 493 1457 264 27614 626 12626 1061 884 14908 1876 16791 33886 14778 371 21978 12461 2642 1499 745 438 478 2762 2516 991 1525 42887 6672 8688 8529 8335 1129 14603 34963 59180 16458 10173 3805 3640 2054 466 12711 12019 1014 18973 339 5915 26561 2447
cat_boundaries=0 1 2 3 4 5 6 7 8 9 10 11 12 13 14 15 16 17
cat_threshold=2 2 1 6 2 6 4 2 4 1 1 1 1 2 4 1 10
is_linear=0
shrinkage=0.03


Tree=34
num_leaves=127
num_cat=31
split_feature=0 5 5 5 5 12 2 5 5 0 27 5 12 25 5 12 5 11 0 0 5 5 5 11 26 0 11 25 0 11 5 27 27 5 25 0 5 5 27 27 29 25 25 5 5 20 27 29 21 0 5 0 24 5 0 0 0 25 0 25 25 27 28 13 12 0 0 25 5 25 11 2 0 0 5 0 25 5 5 0 27 27 25 30 0 25 31 13 5 27 13 27 12 31 25 0 25 25 25 25 21 27 5 21 5 25 25 0 29 21 11 27 5 21 25 25 5 25 25 25 13 27 0 26 11 29
split_gain=4916.19 2862.21 2065.68 1495 1103.53 951.674 906.628 2077.12 1280.95 1160.09 2532.97 1000.01 831.169 804.238 659.266 636.827 615.519 584.915 565.23 582.299 1140.09 865.705 563.529 552.839 551.95 508.618 555.001 491.511 2852.26 668.041 518.617 488.601 704.104 800.99 701.56 486.785 1591.02 1514.95 833.533 512.219 482.192 457.265 452.093 565.725 440.588 428.89 415.603 399.116 984.784 398.865 585.439 1606.29 406.872 391.373 718.632 388.894 1468.59 385.38 382.937 2019.46 957.559 551.046 481.105 406.224 381.076 380.817 378.87 1175.68 698.021 512.312 376.401 372.337 513.49 2208.05 833.661 673.083 2017.53 545.524 505.468 792.586 482.775 465.257 604.777 453.657 378.748 360.081 378.463 359.677 359.287 356.281 351.281 350.483 349.524 342.204 564.207 338.085 332.963 605.004 330.484 329.219 328.246 327.512 307.43 300.776 298.34 298.078 295.614 438.532 292.124 339.87 716.76 398.831 334.077 473.593 317.756 451.692 303.461 290.756 290.439 497.962 289.541 288.891 286.805 274.583 268.319 361.661
threshold=13030.000000000002 0 1 2 3 -0.42958799004554743 4 5 6 325.00000000000006 0.059944719076156623 7 0.10623887926340105 37.500000000000007 8 0.71952396631240856 9 0.77244481444358837 1940.0000000000002 225.00000000000003 10 11 12 0.22700754553079608 0.24214403331279757 1225.0000000000002 0.24372619390487674 125.00000000000001 475.00000000000006 0.27694219350814825 13 0.049178216606378562 0.058846931904554374 14 67.500000000000014 615.00000000000011 15 16 0.064750330522656455 0.058047603815793998 0.10938442125916482 99.000000000000014 64.500000000000014 17 18 75.500000000000014 0.059944719076156623 0.075850013643503203 0.06405286863446237 325.00000000000006 19 950.00000000000011 0.99179580807685863 20 325.00000000000006 90.000000000000014 45.000000000000007 24.500000000000004 715.00000000000011 74.500000000000014 75.500000000000014 0.092709075659513487 0.14285538345575335 45.500000000000007 -0.87397405505180348 155.00000000000003 155.00000000000003 11.500000000000002 21 11.500000000000002 0.42179998755455023 22 950.00000000000011 850.00000000000011 23 615.00000000000011 49.000000000000007 24 25 325.00000000000006 0.098019190132617964 0.061421869322657592 81.500000000000014 0.074335586279630675 90.000000000000014 16.500000000000004 0.065425857901573195 39.500000000000007 26 0.07936600968241693 36.500000000000007 0.10945477336645128 -0.23537842929363248 0.058672610670328147 74.500000000000014 90.000000000000014 50.500000000000007 29.500000000000004 63.500000000000007 11.500000000000002 0.066131956875324263 0.052256155759096153 27 1.0000000180025095e-35 28 41.500000000000007 113.00000000000001 850.00000000000011 0.04237759672105313 0.11169846728444101 0.12545942142605784 0.16058247536420825 29 0.13455672562122348 23.500000000000004 25.500000000000004 30 115.50000000000001 19.500000000000004 18.500000000000004 42.500000000000007 0.089248880743980422 155.00000000000003 0.0042278021574020394 0.3744682669639588 0.15539915859699252
decision_type=2 9 9 9 9 2 9 9 9 2 2 9 2 2 9 2 9 2 2 2 9 9 9 2 10 2 2 2 2 2 9 2 2 9 2 2 9 9 2 2 8 2 2 9 9 2 2 8 8 2 9 2 2 9 2 2 2 2 2 2 2 2 10 2 2 2 2 2 9 2 2 9 2 2 9 2 2 9 9 2 2 2 2 8 2 2 10 2 9 2 2 2 2 10 2 2 2 2 2 2 8 2 9 10 9 2 2 2 8 8 2 2 9 8 2 2 9 2 2 2 2 2 2 8 2 8
left_child=1 4 15 5 89 14 8 13 9 31 22 47 102 25 -3 17 -12 96 19 20 23 -21 100 65 71 -8 -27 29 -29 92 -31 -5 33 -33 -34 37 57 -10 39 42 -14 44 43 -39 -41 -42 -36 -9 -49 101 51 52 -51 54 -40 56 -50 70 59 105 62 121 63 -60 -44 -6 69 90 -69 -13 -37 78 73 74 81 95 80 -74 79 -7 -77 82 84 -83 -73 -24 -87 -75 -65 99 -68 -90 -18 94 -79 -76 97 -2 -35 -1 -11 -16 -4 -25 -71 -59 -32 -108 -70 -110 114 112 -112 -114 -111 -116 -115 122 119 -45 -97 -61 -84 -57 -23 -126
right_child=2 3 12 6 18 24 7 11 35 10 16 66 40 -15 49 -17 27 -19 -20 21 -22 124 85 103 -26 26 -28 28 -30 30 106 32 34 98 46 36 -38 38 53 41 45 -43 64 118 -46 -47 -48 48 55 50 -52 -53 -54 -55 -56 123 -58 58 60 61 -62 -63 -64 88 -66 -67 67 68 108 104 -72 72 77 87 75 76 -78 93 -80 -81 -82 83 117 -85 -86 86 -88 -89 91 -91 -92 -93 -94 -95 -96 120 -98 -99 -100 -101 -102 -103 -104 -105 -106 -107 107 -109 109 110 111 -113 113 116 115 -117 -118 -119 -120 -121 -122 -123 -124 -125 125 -127
leaf_value=0.0088784588646200185 -0.13003473976275304 0.0051607040001036822 -0.02546530921981759 0.0046066885657175599 0.0019890523964950827 -0.0095507560239239241 -0.082764939097563425 0.00056143219404355483 0.011172537496058879 -0.0060578718037991707 0.0056296602502914602 0.029259785492666935 -0.0033362845951241662 -0.0067872451302473952 -0.020631705532706782 -0.045886981617868618 -0.002391013964072953 -0.037818368424516205 -0.039103459867899523 0.0086338338669149414 0.00089376059557112297 0.0021616876403897103 -0.030115201848656348 -0.038100604873057178 0.0077938909972156967 -0.0014773070242255926 -0.078051279013188882 -0.14518625596100868 0.0061020637576546998 -0.023789638339448492 -0.0071620009175044491 -0.0019101307896083077 4.6730882583697832e-05 -0.01871027312360319 0.0054300181070264563 -0.0058056284119995093 0.0098502510848175549 -0.019021820588882354 -0.005114690686260596 0.0067829367098077402 -0.026511282482132404 -0.0082860110440219278 0.013622431890298744 -0.011638974578321465 -0.0029636268934389197 -0.091604367748292712 -0.033631284853069265 -0.076241037273170928 0.019491411860574757 -0.10535417647694433 -0.0065144990994173875 0.023153060989238188 -0.033779946189035064 -0.0092802361879874284 -0.049627283194078893 -0.044684874207845754 -0.10664082145249401 -0.00075961833942124826 -0.00033645262094156645 -0.01687333311140508 0.0091257253975205871 -0.031424230572445089 -0.042015125420260223 -0.0019439022105315637 -0.0026490408417142656 -0.016448208966595539 -0.0266624494158497 0.011536907429349038 -0.018444133607989719 -0.027479135151911915 -0.038496502801483749 -0.024616016875830798 0.0092858695598337648 -0.13878863699342073 -0.0022604316827525626 -0.1218201926067404 -0.016719977089204741 -0.013364643306689876 -0.0061404034461076127 -0.073662746819013802 -0.060344967851976308 -0.030845397089117686 -0.098173023844228199 -0.00035049695839944862 -0.0014043783284833488 0.005082095071062648 -0.0098941932884905742 -0.069082614403694523 -0.046154830283784871 0.0017849033703796707 -0.0832208659973942 -0.002733488538434325 -0.0086481725309776169 -0.021753663826839659 0.0037276273486239932 -0.01381404185207985 -0.13912026070315262 -0.035274920662244157 -0.032921216649433795 0.023523272051170566 0.013790193140107066 0.0065575318674022482 0.027730209006319791 -0.014847957263011505 -0.0063981466360187259 0.01048180756508447 0.01148348586469029 -0.032372451225172121 0.003633989627762374 0.017313981221439227 0.0079541419508454229 -0.0019132631424897144 -0.0054577780654839845 -0.012267674111217385 -0.022515754008607679 -0.00037935193091591905 -0.029326623327365599 -0.021622007091634889 -0.001531890769778044 -0.080302789873547026 -0.026357629136615587 0.0027269152642513889 -0.040353458710130151 -0.0090311054561162448 0.001850241544554223 -0.006910076062491128
leaf_weight=2508 142 8054 135 1577 1939 523 449 3484 8114 825 3798 353 173 344 453 266 15083 108 311 16857 19869 47220 303 1036 1738 199 148 114 4534 3513 6296 1990 4843 4132 321 1026 19010 3504 616 13015 160 3393 1388 798 6138 214 1033 201 170 214 11815 223 109 3578 694 195 161 4187 7723 2375 9622 1938 294 714 19222 2099 218 3737 936 620 458 917 1716 113 1395 220 1284 4260 27342 259 248 471 102 6290 2036 10587 1772 171 514 1857 182 248 17195 1594 2935 4529 260 107 2294 3080 8182 3275 293 972 15709 4305 259 979 9438 880 596 4280 2567 1712 850 32999 2226 571 5616 107 2615 946 322 24951 9107 7937
leaf_count=2508 142 8054 135 1577 1939 523 449 3484 8114 825 3798 353 173 344 453 266 15083 108 311 16857 19869 47220 303 1036 1738 199 148 114 4534 3513 6296 1990 4843 4132 321 1026 19010 3504 616 13015 160 3393 1388 798 6138 214 1033 201 170 214 11815 223 109 3578 694 195 161 4187 7723 2375 9622 1938 294 714 19222 2099 218 3737 936 620 458 917 1716 113 1395 220 1284 4260 27342 259 248 471 102 6290 2036 10587 1772 171 514 1857 182 248 17195 1594 2935 4529 260 107 2294 3080 8182 3275 293 972 15709 4305 259 979 9438 880 596 4280 2567 1712 850 32999 2226 571 5616 107 2615 946 322 24951 9107 7937
internal_value=-0.00236144 -0.00218645 -0.0510601 -0.00337794 0.00199218 -0.00689082 -0.00242632 -0.00466394 -0.00127504 -0.00398609 -0.00238396 -0.00423009 -0.0201133 -0.0447532 -0.00184246 -0.0839923 -0.00598844 -0.101678 0.00121686 0.0013345 -0.00258033 0.00258515 0.00622765 -0.0139739 -0.00886886 -0.061693 -0.0342675 -0.00690807 0.00236103 -0.0079041 -0.0142716 -0.0112554 -0.0129674 -0.0186178 -0.00529202 0.000757806 0.00288987 -0.000961073 -0.00265814 -0.00156878 -0.0447879 0.00186315 -0.00409451 -0.00931963 0.00366144 -0.063902 -0.0243736 -0.0089634 -0.0102592 -0.00534816 -0.00794541 -0.0380263 -0.0813795 -0.0145129 -0.0284987 -0.00973566 -0.0419963 -0.000964908 -0.000289741 -0.00410754 0.00245679 -0.0187149 -0.00430303 -0.00309331 -0.00155262 -0.00759655 -0.00244347 -0.00134199 -0.00100105 -0.0064473 -0.015914 -0.00935234 -0.0115793 -0.0142616 -0.0131353 -0.019231 -0.0361856 -0.00615485 -0.00682834 -0.0304627 -0.0894417 -0.00725149 -0.0154399 -0.00247915 -0.00861822 0.00213934 0.00293421 -0.0972074 -0.0175083 0.0131528 -0.0525399 -0.0316305 -0.00572447 -0.0091704 -0.00639278 -0.015771 -0.115128 -0.0896186 -0.0237508 0.0169532 0.0119585 0.00324904 0.0109838 -0.0268578 -0.00722096 0.00493976 -0.0097864 -0.0231956 -0.00183248 -0.00155257 -0.00261423 -0.00914768 -0.0135072 -0.0154629 -0.00047296 -0.000935879 -0.022021 -0.0356564 -0.00406872 -0.0198369 -0.0184086 -0.011291 -0.0544611 -0.00930936 0.000996917 -0.0022294
internal_weight=519222 517364 1858 402572 114792 85794 316778 107605 209173 89630 73440 106465 975 1140 24143 883 51771 617 107347 107036 25915 81121 21669 6046 61651 796 347 47973 4648 43325 11047 16190 14613 8416 6197 119543 53360 66183 58069 53181 547 22546 30635 10025 19153 374 1354 29162 25678 16089 12361 546 323 4888 1310 25477 331 34350 32866 13751 19115 5259 9493 9199 20610 4038 77303 60621 60221 16682 1484 59913 31789 21284 21000 10291 1752 10505 28124 782 468 10709 3948 6761 2953 12662 12359 284 1476 7445 400 762 32278 8789 7195 8539 509 249 6426 5588 9007 3728 428 2008 16329 8492 7534 1238 56484 55548 46110 11381 7101 6505 34729 33849 3938 995 6521 905 7144 3321 424 25146 64264 17044
internal_count=519222 517364 1858 402572 114792 85794 316778 107605 209173 89630 73440 106465 975 1140 24143 883 51771 617 107347 107036 25915 81121 21669 6046 61651 796 347 47973 4648 43325 11047 16190 14613 8416 6197 119543 53360 66183 58069 53181 547 22546 30635 10025 19153 374 1354 29162 25678 16089 12361 546 323 4888 1310 25477 331 34350 32866 13751 19115 5259 9493 9199 20610 4038 77303 60621 60221 16682 1484 59913 31789 21284 21000 10291 1752 10505 28124 782 468 10709 3948 6761 2953 12662 12359 284 1476 7445 400 762 32278 8789 7195 8539 509 249 6426 5588 9007 3728 428 2008 16329 8492 7534 1238 56484 55548 46110 11381 7101 6505 34729 33849 3938 995 6521 905 7144 3321 424 25146 64264 17044
cat_boundaries=0 2 4 6 8 9 10 12 14 16 18 19 20 22 23 24 26 27 29 31 32 34 36 37 39 41 42 44 46 48 50 52
cat_threshold=423899222 42 303038466 8192 574505 2112 16 2 6 131072 1185939456 8213 536938496 21248 1056 2048 1073741824 1 4194306 4194310 42991616 8196 76546048 1149239296 2684485760 5120 2684485760 512 384 512 22016 524288 2048 1152 102760448 16 10 32777 2112 525344 64 1 131072 4096 524288 2048 0 16 1073741952 8192 1048576 1025
is_linear=0
shrinkage=0.03


Tree=35
num_leaves=127
num_cat=49
split_feature=0 5 5 5 5 12 5 0 27 0 5 5 11 5 22 5 0 5 23 27 0 22 0 11 27 8 27 5 27 5 0 0 5 31 12 0 5 11 31 13 0 12 5 0 5 5 23 31 27 4 0 4 5 0 5 13 5 20 5 27 22 27 5 5 27 2 5 0 4 0 24 0 0 0 5 23 5 27 5 0 5 27 5 5 22 5 0 27 5 0 0 5 11 0 0 27 5 27 0 0 5 27 5 0 3 3 8 11 0 11 5 0 5 0 0 20 0 5 5 5 27 0 5 0 5 27
split_gain=4694.45 2905.31 1998.54 1454.23 1031.17 828.314 858.999 704.926 1501.59 4917.5 1673.07 1048.1 892.301 1069.8 815.804 692.643 654.791 648.668 609.016 1228.19 577.802 1034.16 801.885 572.16 731.649 620.931 484.813 481.32 469.287 827.561 778.75 459.8 554.01 531.524 449.097 448.633 435.54 426.183 971.317 645.695 425.645 425.105 506.357 420.017 419.06 410.964 409.971 566.518 459.836 1099.1 405.019 977.65 388.989 384.896 1286.78 676.934 383.636 375.416 374.807 979.807 413.69 371.74 439.342 377.549 430.189 366.209 877.581 359.996 639.527 1542.95 417.21 357.773 413.085 346.436 436.963 341.466 423.856 385.468 338.43 352.397 337.534 335.117 887.169 559.512 432.877 335.08 324.251 324.106 313.549 830.114 402.66 313.456 311.092 388.584 309.753 347.12 309.353 308.502 330.43 292.804 296.88 283.574 323.465 472.207 306.975 279.845 352.49 271.546 270.707 270.177 266.39 272.313 777.891 278.099 412.414 329.022 265.064 471.949 263.472 257.116 253.145 252.615 270.913 249.107 244.261 378.868
threshold=13030.000000000002 0 1 2 3 -0.065537083894014345 4 325.00000000000006 0.086274277418851866 475.00000000000006 5 6 0.24372619390487674 7 -3.0175340175628658 8 61.500000000000007 9 0.038110742345452316 0.058846931904554374 1410.0000000000002 -1.8127432465553281 1280.0000000000002 -0.84772008657455433 0.1575826704502106 7.5000000000000009 0.095947422087192549 10 0.07936600968241693 11 155.00000000000003 225.00000000000003 12 0.047392372041940696 -0.41399101912975306 90.000000000000014 13 0.3744682669639588 0.098716270178556456 38.500000000000007 155.00000000000003 -0.72102889418601979 14 90.000000000000014 15 16 0.051437802612781532 0.037470012903213508 0.064750330522656455 17 180.00000000000003 18 19 110.00000000000001 20 40.500000000000007 21 89.500000000000014 22 0.10038758814334871 0.072994068264961257 0.069445703178644194 23 24 0.07936600968241693 25 26 325.00000000000006 27 950.00000000000011 0.99179580807685863 1940.0000000000002 1560.0000000000002 615.00000000000011 28 0.056448934599757201 29 0.049178216606378562 30 325.00000000000006 31 0.058047603815793998 32 33 0.17660566419363025 34 155.00000000000003 0.07936600968241693 35 950.00000000000011 1225.0000000000002 36 -0.5917624533176421 325.00000000000006 1100.0000000000002 0.089248880743980422 37 0.11368945986032487 155.00000000000003 1560.0000000000002 38 0.086274277418851866 39 950.00000000000011 40 41 9.5000000000000018 -0.92923668026924122 90.000000000000014 0.056951373815536506 42 950.00000000000011 43 1615.0000000000002 1280.0000000000002 88.500000000000014 225.00000000000003 44 45 46 0.052256155759096153 1560.0000000000002 47 950.00000000000011 48 0.055219287052750594
decision_type=2 9 9 9 9 2 9 2 2 2 9 9 2 9 10 9 2 9 10 2 2 8 2 2 2 2 2 9 2 9 2 2 9 8 2 2 9 2 8 2 2 2 9 2 9 9 8 8 2 9 2 9 9 2 9 2 9 2 9 2 8 2 9 9 2 9 9 2 9 2 2 2 2 2 9 10 9 2 9 2 9 2 9 9 8 9 2 2 9 2 2 9 2 2 2 2 9 2 2 2 9 2 9 2 1 1 2 2 2 2 9 2 9 2 2 2 2 9 9 9 2 2 9 2 9 2
left_child=1 4 15 5 87 6 -3 17 11 -10 26 46 34 14 -14 23 124 53 19 27 22 -22 37 -2 25 -25 -11 43 -21 -30 -31 32 35 -33 110 -7 57 39 91 78 -34 -13 -43 -19 -32 -4 -9 -48 49 -49 51 -45 73 54 55 109 -36 92 59 60 -15 62 -56 64 -63 96 97 86 69 70 107 72 -23 74 -50 76 -20 -77 -18 -80 -46 82 -51 -83 -84 -55 -8 -1 89 -58 -91 -39 -35 -94 95 -60 -40 98 -67 100 -28 102 -70 104 -104 -52 -107 -69 -41 -5 -12 112 -112 114 -113 -115 117 -87 -96 -118 -44 122 -103 -75 -6 -126
right_child=2 3 45 7 16 31 67 8 9 10 12 41 13 58 -16 -17 20 18 75 28 21 71 -24 24 -26 -27 99 -29 29 30 44 33 40 36 56 -37 -38 38 65 108 -42 42 120 50 80 -47 47 48 52 81 105 -53 -54 85 61 -57 88 -59 94 -61 -62 63 -64 -65 -66 66 -68 68 101 -71 -72 -73 -74 123 -76 77 -78 -79 79 -81 -82 83 84 -85 -86 116 -88 -89 -90 90 -92 -93 93 -95 118 -97 -98 -99 -100 -101 -102 121 103 -105 -106 106 -108 -109 -110 -111 111 113 -114 115 -116 -117 119 -119 -120 -121 -122 -123 -124 -125 125 -127
leaf_value=0.016460542655745623 -0.099251404654216294 0.004288231232585457 -0.031060639434977423 0.010788543820381163 -0.0075591228691013219 -0.018411785544291848 -0.010101653127858441 -0.034073732778602893 -0.14101096137976035 0.011565106957916247 0.0040636774176039591 0.008338134219913286 -0.036522463395150292 0.0071350211244673549 -0.0054151532719084756 -0.1091889236245922 0.0098447309231595569 0.024234955021719858 -0.018199461726317843 -0.0010686693369870821 -0.10763808723758249 -0.033128591829339055 0.069036981359124172 -0.12402864972027865 0.0098630676008342345 -0.037687261371691691 0.011337732670782606 -0.020010351533651372 -0.076434792102371127 0.0052872601569282631 -0.013194725036125865 -0.00020995884950314608 -0.009863540777122131 0.014656551598762132 -5.6803259487156132e-05 0.015354619885743916 -0.0085640716702742713 0.013944307417492887 0.0085514599222488285 0.032895697026231165 -0.02107421615635505 -0.00033253205987843182 0.011740700696270819 -0.09463604295906955 -0.021859872486922848 0.014030880885051231 0.011029442587999688 0.021798489627368189 -0.045587606861413263 0.002642781940648447 0.0048794943769554979 -0.015011964813455587 -0.013162449405179964 0.0042190126100145001 0.011136469298133198 -0.10349309072148201 0.014011587373194004 -0.067891467542483888 -0.0088829863272895521 -0.0039966179770552016 -0.021126768206438041 -0.085740384667759809 -0.0049728013733426482 -0.009329280515951022 -0.021447097011661743 -0.061322237134341762 -0.0066775410840509098 -0.042854641585477762 0.014829702392257454 0.021436591416665433 -0.031497064859626139 -0.038701614907118848 0.0048862486473852931 0.013535935902279039 -0.0050084035022025771 0.0074231420616907122 0.017992305242003046 -0.0090833791853601725 -0.0021981197944974606 0.0054118156904058023 -0.072910359859872417 -0.0068570934859039446 -0.00090875688459040162 0.00819153190047478 -0.020699742979246205 0.014598627889228619 0.0062861830308961492 0.001950842673200543 -0.0057530253719745321 -0.04587429826346813 -0.0014558205863943806 0.0014670778786676027 -0.0019602154629437003 -0.077090797815166534 -0.030151813871747011 0.0087211160260049665 -0.0081436571376479073 -0.083869497118627317 -0.023099319555350804 0.017408643555791727 -0.0011453670898443837 0.0016908752059487141 -0.042968944635752945 0.015729538150813894 -0.0078342124468407919 -0.036938043228967606 -0.0041250466372273207 -0.10170985180773634 -0.00041770118190231686 -0.053917462194143832 0.025908192623891761 -0.0010940057728867313 -0.019898097480043647 0.0030978436344968421 0.029900935551603183 -0.061050556156590531 -0.0026556140608235963 -0.0016750283480512298 -0.0056163480160288781 -0.011098166874099187 0.003970255200978292 0.012166280300862737 -0.012888208398192035 -0.0033536202343376208 -0.053730896525872818 -0.010602486757038615
leaf_weight=5566 202 10107 384 102 1687 551 1647 372 233 5869 9053 14069 2133 504 1178 387 11184 320 352 12804 101 328 159 109 177 240 1959 8922 170 1460 934 7495 5669 160 11516 987 33675 2062 1554 220 6600 26239 5205 145 271 330 2592 1756 303 4647 1681 2830 6530 8896 1844 178 445 202 1492 9620 6134 126 8531 3366 361 246 4288 104 934 300 234 311 1179 1325 1035 1904 1514 3839 6949 25838 246 4151 1351 4764 3771 1935 3189 1845 38704 762 242 14466 126 121 419 3103 2753 101 1176 977 13220 1333 247 756 2304 402 1097 234 33118 133 396 15873 1885 139 395 148 13135 9115 4982 4312 13718 446 8401 1929 313 442
leaf_count=5566 202 10107 384 102 1687 551 1647 372 233 5869 9053 14069 2133 504 1178 387 11184 320 352 12804 101 328 159 109 177 240 1959 8922 170 1460 934 7495 5669 160 11516 987 33675 2062 1554 220 6600 26239 5205 145 271 330 2592 1756 303 4647 1681 2830 6530 8896 1844 178 445 202 1492 9620 6134 126 8531 3366 361 246 4288 104 934 300 234 311 1179 1325 1035 1904 1514 3839 6949 25838 246 4151 1351 4764 3771 1935 3189 1845 38704 762 242 14466 126 121 419 3103 2753 101 1176 977 13220 1333 247 756 2304 402 1097 234 33118 133 396 15873 1885 139 395 148 13135 9115 4982 4312 13718 446 8401 1929 313 442
internal_value=-0.00234117 -0.00217164 -0.0503059 -0.00337833 0.00201318 -0.00684148 -0.00284601 -0.00243776 -0.00153745 -0.00360715 -0.00336196 0.0013628 -0.00488401 -0.00933451 -0.0253833 -0.0751114 0.00127284 -0.00466723 -0.00759781 -0.00945122 0.00162673 -0.014681 0.00192745 -0.0556403 -0.0397916 -0.0649308 0.00417924 -0.0154888 -0.0035985 -0.0141082 -0.0101461 -0.00901595 -0.0137623 -0.00744709 -0.00323065 0.00323245 -0.00902918 0.00182414 -0.00144769 0.00295184 -0.0158825 0.00378412 0.00236612 -0.00921128 -0.0257379 -0.0103233 -0.00279137 -0.00245048 -0.00355782 -0.000886586 -0.0109688 -0.0189233 -0.00846649 -0.00247484 -0.00659858 -0.0581108 -0.00488658 -0.033994 -0.00729719 -0.0101089 -0.0189802 -0.00505495 -0.00210288 -0.0130145 -0.0374556 -0.00876786 -0.0136716 -0.00642717 -0.00868632 -0.0336208 -0.0624841 -0.00946038 -0.0034042 -0.00175475 -0.0146029 1.21906e-05 0.0111579 -0.00361057 0.0053391 0.00379776 -0.0471637 -0.00301968 -0.00685752 0.00118611 -0.0154506 -0.000860745 0.000704031 0.0128317 -0.00627017 -0.0199361 -0.03518 0.00303379 -0.0178782 -0.0389275 -0.00271806 0.00300436 -0.00211349 -0.0331742 -0.0297502 0.00149821 0.000473055 -0.00717637 -0.000658375 -0.00506537 -0.0112516 -0.00352343 -0.0129436 -0.0837804 -0.000196883 -0.0259056 -0.000162685 -0.00219507 -0.0119116 -0.000856989 -0.000339632 -0.0300793 -0.00244722 0.00118746 -0.00759121 -0.00475058 0.00610489 -0.00989144 -0.0109032 0.0035257 -0.0140826 -0.0281572
internal_weight=519600 517771 1829 401885 115886 85822 30236 316063 225138 131381 131148 93757 109123 29565 3311 1115 108475 90925 38891 31282 106033 1919 104114 728 526 349 22025 15397 15885 3081 2911 55586 13807 41779 79558 1538 34284 103955 26646 77309 12269 59231 45162 6475 1451 714 34526 34154 31562 20440 6155 2975 11122 52034 14641 413 51669 609 26254 16258 6638 14228 10375 3853 487 10118 5811 20129 15293 872 572 1818 1507 4592 1338 7609 1866 5743 43971 32787 517 18684 9769 8915 5122 37393 4836 7411 40153 1449 1004 16528 407 247 9996 4595 4307 1523 1422 16156 15179 14421 4241 3307 2551 3180 1499 338 33338 235 27889 18836 2281 16555 16268 287 28497 11050 5401 17447 18923 10180 9734 3254 2442 755
internal_count=519600 517771 1829 401885 115886 85822 30236 316063 225138 131381 131148 93757 109123 29565 3311 1115 108475 90925 38891 31282 106033 1919 104114 728 526 349 22025 15397 15885 3081 2911 55586 13807 41779 79558 1538 34284 103955 26646 77309 12269 59231 45162 6475 1451 714 34526 34154 31562 20440 6155 2975 11122 52034 14641 413 51669 609 26254 16258 6638 14228 10375 3853 487 10118 5811 20129 15293 872 572 1818 1507 4592 1338 7609 1866 5743 43971 32787 517 18684 9769 8915 5122 37393 4836 7411 40153 1449 1004 16528 407 247 9996 4595 4307 1523 1422 16156 15179 14421 4241 3307 2551 3180 1499 338 33338 235 27889 18836 2281 16555 16268 287 28497 11050 5401 17447 18923 10180 9734 3254 2442 755
cat_boundaries=0 2 4 6 8 10 12 14 16 18 20 22 24 25 26 28 30 32 33 34 36 38 40 42 44 46 47 48 49 51 53 55 57 59 61 63 65 66 67 68 69 70 71 73 75 76 78 80 82 83
cat_threshold=423897174 42 303038466 8196 574505 2112 16 2 1056 2048 66176 5505 69206656 5508 67239936 512 34603008 4 1142952064 18048 8520192 256 131072 4096 32769 1 1048576 25105 512 17 537395200 2048 4 2 512 4480 0 512 8388608 512 1116733440 8196 2097152 16384 2097152 16384 4 10242 1 0 128 196608 16 262212 8 65536 256 69206016 1024 2097152 384 67113088 512 0 16 272631872 134227974 66048 32768 2 2 34734080 8720 3221225472 16384 1075838976 0 16384 0 17536 8 64 68
is_linear=0
shrinkage=0.03


Tree=36
num_leaves=127
num_cat=36
split_feature=0 5 5 5 5 5 12 5 0 27 0 5 5 11 5 22 5 26 27 0 0 25 31 11 31 0 12 11 27 5 0 12 25 25 0 0 5 5 27 5 0 25 5 0 0 0 4 0 25 0 5 26 5 0 25 30 12 5 25 23 31 27 4 5 20 27 5 5 26 25 27 25 5 0 5 8 25 0 0 0 5 25 25 25 5 25 0 5 25 5 0 29 27 27 25 25 27 0 0 25 0 31 0 25 25 0 27 25 32 27 5 5 27 32 5 0 5 25 11 5 25 27 5 25 0 5
split_gain=4609.98 2735.84 1821.35 1368.12 1011.95 905.142 767.275 883.95 697.934 1281.61 4501.45 1481.07 1017.4 938.99 1110.77 854.005 631.083 663.444 1058.54 604.589 549.484 746.831 596.218 536.319 1125.98 985.122 788.652 493.338 663.173 484.636 561.668 479.067 469.538 440.631 440.205 661.219 432.751 429.272 406.292 841.271 573.149 710.822 373.084 729.871 379.239 364.831 714.664 1520.64 884.949 359.857 404.461 397.708 355.427 778.048 590.216 352.42 352.13 497.607 336.793 402.66 363.311 424.947 1061.03 605.971 501.536 378.312 707.246 443.445 435.368 344.171 335.88 332.509 542.966 456.537 1116.68 704.478 449.926 406.512 1284.29 349.963 598.668 375.626 859.978 331.904 435.101 519.72 420.381 851.94 827.351 395.791 569.577 580.689 569.198 329.709 329.511 319.509 313.512 370.655 306.201 306.061 453.533 299.402 295.694 366.046 293.672 292.586 288.999 331.773 281.591 297.308 335.247 279.449 270.342 269.206 267.936 264.363 406.406 259.993 259.335 413.891 256.814 307.641 393.063 250.903 249.911 336.664
threshold=13030.000000000002 0 1 2 3 4 0.020426410250365738 5 325.00000000000006 0.086274277418851866 475.00000000000006 6 7 0.24372619390487674 8 -3.0175340175628658 9 0.072340067476034178 0.058846931904554374 6250.0000000000009 225.00000000000003 18.500000000000004 0.047392372041940696 0.24372619390487674 0.098716270178556456 90.000000000000014 -0.42958799004554743 -0.84772008657455433 0.1575826704502106 10 155.00000000000003 -0.41399101912975306 93.500000000000014 99.000000000000014 325.00000000000006 950.00000000000011 11 12 0.07936600968241693 13 155.00000000000003 16.500000000000004 14 950.00000000000011 1225.0000000000002 325.00000000000006 15 950.00000000000011 17.500000000000004 1410.0000000000002 16 0.33701615035533911 17 325.00000000000006 69.500000000000014 0.18691813945770266 -0.61915585398674 18 140.50000000000003 0.075415529310703291 0.037470012903213508 0.064750330522656455 19 20 71.500000000000014 0.058047603815793998 21 22 0.0081315145362168568 47.500000000000007 0.07936600968241693 97.500000000000014 23 155.00000000000003 24 9.5000000000000018 75.500000000000014 90.000000000000014 45.000000000000007 225.00000000000003 25 31.500000000000004 24.500000000000004 180.00000000000003 26 123.00000000000001 950.00000000000011 27 85.500000000000014 28 1280.0000000000002 0.11905520036816598 0.16058247536420825 0.095947422087192549 64.500000000000014 11.500000000000002 0.14952706545591357 1560.0000000000002 950.00000000000011 16.500000000000004 615.00000000000011 0.05297991260886193 155.00000000000003 58.500000000000007 19.500000000000004 1560.0000000000002 0.052256155759096153 149.50000000000003 0.17560720443725589 0.055219287052750594 29 30 0.053263295441865928 0.24404924362897876 31 850.00000000000011 32 37.500000000000007 0.24372619390487674 33 66.500000000000014 0.069445703178644194 34 47.500000000000007 90.000000000000014 35
decision_type=2 9 9 9 9 9 2 9 2 2 2 9 9 2 9 10 9 10 2 2 2 2 8 2 8 2 2 2 2 9 2 2 2 2 2 2 9 9 2 9 2 2 9 2 2 2 9 2 2 2 9 10 9 2 2 8 2 9 2 8 8 2 9 9 2 2 9 9 10 2 2 2 9 2 9 2 2 2 2 2 9 2 2 2 9 2 2 9 2 9 2 10 2 2 2 2 2 2 2 2 2 10 2 2 2 2 2 2 8 2 9 9 2 10 9 2 9 2 2 9 2 2 9 2 2 9
left_child=1 4 -2 6 70 27 7 -3 16 12 -11 32 58 31 15 94 71 18 37 23 29 34 -23 26 49 -26 36 -4 55 124 108 -13 93 38 -22 99 -6 112 -20 -40 -41 -42 43 -33 -45 102 47 48 -47 50 -25 -51 -27 54 -54 -29 118 -58 59 -10 -61 62 -62 64 -63 66 -64 69 123 -67 95 72 104 74 75 -74 79 78 -73 80 -75 82 -82 84 98 86 87 88 -86 92 -91 -92 96 -12 -15 -1 97 -88 -16 100 -36 -65 103 -9 -5 -95 107 -59 -31 -110 -111 -44 -18 -103 -81 116 -89 -19 -14 -120 -32 122 -122 -68 -8 -126
right_child=2 3 5 8 19 -7 20 45 9 10 11 13 56 14 83 -17 17 117 33 -21 21 22 -24 24 25 52 -28 28 -30 30 120 42 -34 -35 35 -37 -38 -39 39 40 41 -43 111 44 -46 46 -48 -49 -50 51 -52 -53 53 -55 -56 -57 57 106 -60 60 61 63 65 101 -66 67 68 -69 -70 -71 -72 77 73 76 -76 -77 -78 -79 -80 114 81 -83 -84 -85 85 -87 89 115 -90 90 91 -93 -94 105 -96 -97 -98 -99 -100 -101 -102 113 -104 -105 -106 -107 -108 -109 109 110 -112 -113 -114 -115 -116 -117 -118 -119 119 -121 121 -123 -124 -125 125 -127
leaf_value=0.0084080379724864145 -0.10714761494687108 0.004327748082565583 -0.094564451634571806 -0.023741715565677817 0.014008779317307431 -0.00090346396222409139 -0.015674113648172269 -0.0024121833775836588 -0.029770230473660599 -0.13591497709440148 0.0096673213320834124 0.00035922274613478462 0.0094849692182943472 -0.045953730743464774 0.016771764301393488 -0.0051387092695581449 -0.011798168384566515 -0.017923508857061302 -0.00037121016769417318 -0.071006988562070397 -0.011257240031399359 0.0020178598206153369 -0.0077250464397296348 0.012307780542366673 -0.05054630885778133 -0.0017087956821456817 0.00039699125209093707 -0.10552622324453209 0.010846959272452763 0.0037552355603077056 -0.017636612787715944 0.01267566054351502 0.017939729394669344 -0.028568921072021757 -0.0025468386399094016 -0.0023983724073604307 0.0048436785185803598 -0.016682387351538191 -0.074819312018317138 0.0052515268753118623 -0.077826825136415811 -0.013860276948703209 -0.00026835173456150993 -0.043949372739607494 -0.0019019396301056888 -0.08661300399225122 -0.0070134361432852965 0.020548462283869202 -0.013058942165225743 -0.0079410774518109978 0.0012330255537529801 -0.07504522102761943 -0.018409150470480164 -0.0054769679264162069 -0.057428694673789998 -0.04458662096869611 -0.00051572023155420669 0.014880279103383338 0.011572508406785592 0.009922226751098745 0.021284546384619504 -0.093073171395354148 0.0012664849654640217 -0.0033974858890158536 -0.024326211848909953 0.00019106192270783204 -0.010761621719653952 0.0086199516762966808 -0.001510095433652246 -0.017204484396039246 0.0016245209443000797 0.0064245922113458313 -0.018108735479619522 0.014388928016242423 -0.005017598692511665 -0.096162269257787453 0.0086965784032381321 -0.0054165729874388795 -0.11042081852169598 -0.0008290034512571879 0.0156824091568326 0.0011568221436906352 -0.042906040758993569 -0.04712219197100595 -0.099124066532281646 0.0018106329594263257 -0.0179511231470974 0.014703630540972434 -0.018302869011055337 -0.00099768244596575885 -0.012006440617743943 -0.092099056177139274 -0.0015656356089023592 -0.00059508351826343178 -0.021361456299129014 0.022787909840850839 -0.064186456347091525 0.019208230940839351 -0.0022700121559307263 -0.070779033974502914 -0.071642418578639622 -0.020867550103156805 0.00592570984198272 -0.036304117577232509 0.011889552851460037 0.017365837060491114 0.0036100450433504618 -0.0075742067470490138 -0.047080597952008245 0.017786120238083583 -0.015629282282475676 -0.00536276797694509 0.009935590177892072 -0.0025507561433631937 -0.010618179365771514 -0.04713917828031948 -0.021118376796430322 0.002642272567584078 -0.018757157178911962 0.0056739180790710535 0.0013382927499167665 -0.074261216053859797 -0.033033834754982137 -0.027037582642646781 0.013812609264108509 -0.0077062871443323603
leaf_weight=2518 385 10384 190 220 5901 508 1562 1427 513 229 4678 28261 12545 1336 956 1190 1143 604 12238 103 1242 6878 31726 3597 483 6142 46038 105 174 1107 2722 443 2027 619 199 336 21734 13741 174 1354 179 1196 13049 767 258 410 14866 311 230 319 16774 105 1378 4931 467 462 24839 4558 1404 1844 1722 122 4455 6844 433 3534 1389 3939 1495 1440 1851 224 217 2713 11602 200 4719 14193 135 5500 367 3293 582 183 238 3670 6587 466 219 5994 235 124 2861 13454 779 3110 126 250 3692 404 149 2085 3302 358 3611 868 12915 680 227 305 1970 37753 936 1105 4641 167 702 6466 784 2892 355 138 2179 2214 948 2049
leaf_count=2518 385 10384 190 220 5901 508 1562 1427 513 229 4678 28261 12545 1336 956 1190 1143 604 12238 103 1242 6878 31726 3597 483 6142 46038 105 174 1107 2722 443 2027 619 199 336 21734 13741 174 1354 179 1196 13049 767 258 410 14866 311 230 319 16774 105 1378 4931 467 462 24839 4558 1404 1844 1722 122 4455 6844 433 3534 1389 3939 1495 1440 1851 224 217 2713 11602 200 4719 14193 135 5500 367 3293 582 183 238 3670 6587 466 219 5994 235 124 2861 13454 779 3110 126 250 3692 404 149 2085 3302 358 3611 868 12915 680 227 305 1970 37753 936 1105 4641 167 702 6466 784 2892 355 138 2179 2214 948 2049
internal_value=-0.00220753 -0.00203964 -0.049804 -0.0032087 0.00203073 -0.033422 -0.00656877 -0.00282497 -0.00229687 -0.00140183 -0.0033118 -0.00307955 0.00127846 -0.00447029 -0.00902268 -0.0253988 -0.00451641 -0.00742198 -0.00928359 0.00129086 -0.00871933 -0.00698507 -0.00598916 0.00136067 -0.00174422 -0.00852514 0.00280184 -0.050948 -0.0403385 -0.0139529 -0.0179849 -0.00278758 0.00421614 -0.0037803 -0.0234759 -0.0374008 0.00680799 -0.0147654 -0.00276506 -0.0128531 -0.00857072 -0.0222381 -0.00448895 -0.0193494 -0.0333779 -0.00637711 -0.00862765 -0.0338271 -0.0602411 0.00262584 0.0031957 -0.0246963 -0.00695019 -0.0116805 -0.0283114 -0.0560376 0.00366491 0.00224439 -0.00281317 -0.00342392 -0.0030087 -0.00378375 -0.00123057 -0.00865082 -0.0388791 -0.0033312 -0.00747853 0.00111426 -0.0150922 -0.00483776 0.0126945 -0.00236378 -0.000876153 -0.00208892 -0.00678417 -0.0543839 0.000497174 -0.00621552 -0.0376992 -0.00176648 0.00341618 -0.00362862 -0.0202559 -0.00696488 -0.00668619 -0.0084727 -0.0105777 -0.0243616 -0.059225 -0.00904934 -0.00319406 -0.0398497 -0.0128188 0.00275341 -0.0369102 0.0163569 -0.0174601 -0.0165898 0.00164572 -0.0530163 -0.0322514 -0.00692948 0.000608263 -0.00922608 0.00981211 0.000494594 0.00601786 0.0119643 -0.00884066 -0.0144129 -0.0111341 -0.00405456 -0.00200357 -0.0145255 -0.00532088 -0.0118597 -0.0068809 0.000883023 0.00743175 0.000424108 -0.0241337 -0.0307432 -0.0283449 -0.0207677 -0.00593595 -0.000876804
internal_weight=519239 517415 1824 401964 115451 1439 85784 31288 316180 225313 131562 131333 93751 110306 29775 3305 90867 38650 31580 107972 54496 40934 38604 107869 34196 13401 73673 931 741 13562 9003 80531 21027 15760 2330 1088 27635 15820 15141 2903 2729 1375 52270 1468 1025 20904 15817 951 640 20795 20371 424 12918 6776 1845 567 59213 42992 34538 33134 32621 30777 20188 10589 555 18466 9553 8913 5098 4974 7479 52217 37665 33834 12019 417 21815 14552 359 17096 6955 4242 949 26470 26287 21639 17969 1792 457 16177 6353 359 9824 19000 2115 5628 6963 6837 4648 752 348 10034 5087 1785 3831 14322 18153 5238 3609 2502 2275 50802 2079 3190 10141 1335 1168 7070 16221 3676 5394 2672 2534 3603 4559 2997
internal_count=519239 517415 1824 401964 115451 1439 85784 31288 316180 225313 131562 131333 93751 110306 29775 3305 90867 38650 31580 107972 54496 40934 38604 107869 34196 13401 73673 931 741 13562 9003 80531 21027 15760 2330 1088 27635 15820 15141 2903 2729 1375 52270 1468 1025 20904 15817 951 640 20795 20371 424 12918 6776 1845 567 59213 42992 34538 33134 32621 30777 20188 10589 555 18466 9553 8913 5098 4974 7479 52217 37665 33834 12019 417 21815 14552 359 17096 6955 4242 949 26470 26287 21639 17969 1792 457 16177 6353 359 9824 19000 2115 5628 6963 6837 4648 752 348 10034 5087 1785 3831 14322 18153 5238 3609 2502 2275 50802 2079 3190 10141 1335 1168 7070 16221 3676 5394 2672 2534 3603 4559 2997
cat_boundaries=0 2 4 6 8 10 12 14 16 18 20 21 23 25 27 29 30 31 33 35 36 38 40 42 44 46 47 49 51 53 55 57 59 61 62 63 64
cat_threshold=423897174 42 268435458 8192 574505 2112 16 2 35127296 4 1056 2048 66176 5249 69206656 5508 67239936 512 1142952064 18048 33801 262148 8 8388608 256 131072 4096 0 16 1 406849600 134479940 40 1048576 25105 4 0 1024 69206016 1024 69206016 384 67108864 16384 0 512 1075843072 2149580800 16656 8388608 8192 1083179008 4 0 2048 10485760 768 128 1664 1074790400 4 3229679616 16384 32769
is_linear=0
shrinkage=0.03


Tree=37
num_leaves=127
num_cat=39
split_feature=0 5 5 5 5 12 5 0 27 5 5 27 5 25 5 5 21 27 30 0 21 0 27 5 25 0 0 5 25 5 23 8 30 22 13 5 12 5 12 0 25 23 5 0 27 27 4 5 0 23 25 27 5 21 0 23 5 2 5 0 0 5 0 30 27 5 0 5 4 2 25 27 27 0 0 5 25 25 8 0 27 25 0 0 5 0 5 5 0 20 0 27 25 25 3 0 27 27 25 25 12 0 5 0 5 27 25 27 5 31 27 0 0 5 27 27 0 4 0 5 13 25 25 23 5 25
split_gain=4272.83 2449.72 1710.96 1241.82 930.292 797.907 691.215 655.901 1309.33 1514.93 1211.5 904.85 907.983 1092.95 607.56 511.976 830.426 1045.27 494.451 477.42 1003.87 688.983 471.412 576.392 481.34 467.802 443.813 1277.06 595.067 507.284 478.986 647.833 496.306 433.998 779.441 796.288 883.009 903.215 697.774 625.421 1209.39 757.656 604.264 524.225 701.359 478.788 463.647 430.481 411.033 410.34 532.878 516.074 398.448 385.503 384.325 371.081 366.15 354.357 554.228 626.555 1677.45 670.413 566.239 546.13 463.114 550.073 1865.65 422.7 344.928 337.009 336.412 325.635 486.968 323.987 431.145 378.3 339.349 321.336 317.917 317.587 358.249 739.338 315.777 380.508 305.958 416.902 936.88 525.72 657.426 590.196 467.263 328.098 363.053 936.673 304.672 296.056 555.469 443.309 292.743 284.967 282.131 281.652 277.195 423.856 567.16 462.144 471.752 403.297 287.49 274.042 273.79 2032.27 362.276 706.266 320.027 273.589 271.41 267.044 265.957 1278.88 619.355 333.677 624.468 293.039 335.254 333.674
threshold=13030.000000000002 0 1 2 3 -0.23537842929363248 4 325.00000000000006 0.059944719076156623 5 6 0.058047603815793998 7 117.50000000000001 8 9 0.085019674152135863 0.058846931904554374 0.19606986641883853 1410.0000000000002 0.032727185636758811 1280.0000000000002 0.064750330522656455 10 120.50000000000001 615.00000000000011 325.00000000000006 11 114.50000000000001 12 0.039356207475066192 6.5000000000000009 0.12415018305182458 -0.19556313753128049 24.500000000000004 13 0.03762133605778218 14 -0.31800055503845209 1280.0000000000002 102.50000000000001 0.10130250453948976 15 850.00000000000011 0.095947422087192549 0.098019190132617964 16 17 550.00000000000011 0.093464292585849776 50.500000000000007 0.15550526976585391 18 0.069947797805070891 1715.0000000000002 0.038110742345452316 19 20 21 950.00000000000011 850.00000000000011 22 155.00000000000003 0.18457089364528659 0.056865874677896507 23 615.00000000000011 24 25 26 149.50000000000003 0.10038758814334871 0.095947422087192549 1225.0000000000002 1560.0000000000002 27 47.500000000000007 113.00000000000001 9.5000000000000018 615.00000000000011 0.089248880743980422 67.500000000000014 1940.0000000000002 1560.0000000000002 28 715.00000000000011 29 30 1715.0000000000002 89.500000000000014 425.00000000000006 0.086274277418851866 77.500000000000014 76.500000000000014 31 325.00000000000006 0.059944719076156623 0.052256155759096153 21.500000000000004 17.500000000000004 -0.52034142613410939 90.000000000000014 32 950.00000000000011 33 0.089248880743980422 52.500000000000007 0.1321084722876549 34 0.065425857901573195 0.089248880743980422 475.00000000000006 715.00000000000011 35 0.10945477336645128 0.11874964460730554 950.00000000000011 36 110.00000000000001 37 40.500000000000007 97.500000000000014 72.500000000000014 0.058227287605404861 38 22.500000000000004
decision_type=2 9 9 9 9 2 9 2 2 9 9 2 9 2 9 9 8 2 10 2 8 2 2 9 2 2 2 9 2 9 10 2 8 8 2 9 2 9 2 2 2 8 9 2 2 2 9 9 2 8 2 2 9 10 2 10 9 9 9 2 2 9 2 10 2 9 2 9 9 9 2 2 2 2 2 9 2 2 2 2 2 2 2 2 9 2 9 9 2 2 2 2 2 2 1 2 2 2 2 2 2 2 9 2 9 2 2 2 9 10 2 2 2 9 2 2 2 9 2 9 2 2 2 8 9 2
left_child=1 4 14 5 53 6 -3 15 9 70 25 12 109 94 49 118 55 100 57 21 -21 26 24 101 -19 48 27 28 30 -28 31 32 -6 -12 35 39 37 43 84 -35 -41 -42 -38 44 -37 -44 -45 -27 -10 -2 -51 -52 -4 69 71 -17 -13 67 99 60 62 -61 -60 64 -64 79 -67 95 -68 -1 -9 72 -48 -49 75 -75 -77 -47 -29 -66 -81 -82 83 -22 116 86 -86 91 -89 -90 -88 -87 93 -93 98 96 -7 -97 -14 -59 -18 -24 103 104 -40 -106 107 117 -105 -11 -104 -112 113 114 -113 -94 -36 -107 119 120 -5 122 123 -120 -125 -126
right_child=2 3 52 7 19 18 -8 8 10 11 33 56 13 -15 -16 16 17 22 -20 20 82 -23 23 -25 -26 47 29 78 -30 -31 -32 -33 -34 34 38 36 42 -39 102 40 41 -43 45 46 -46 77 54 73 -50 50 51 -53 -54 -55 -56 -57 -58 58 59 61 -62 -63 63 -65 65 66 68 -69 -70 -71 -72 -73 -74 74 -76 76 -78 -79 -80 80 81 -83 -84 -85 85 87 90 88 89 -91 -92 92 115 -95 -96 97 -98 -99 -100 -101 -102 -103 110 108 105 106 -108 -109 -110 -111 111 112 -114 -115 -116 -117 -118 -119 121 -121 -122 -123 -124 124 125 -127
leaf_value=0.010901400346516096 -0.0025747019350528715 0.0041807026381828682 -0.031409865401742988 -0.026505930318400778 0.0014256769738622979 -0.00071633460507147101 -0.005713201943059118 0.011023041768665639 -0.0045670685400944714 0.0025024650020413959 0.0019935509434552256 0.010737998517922811 -0.052010438051883372 0.019072930372390974 -0.10313309331859775 -0.0091214102830743295 -0.019325055362253925 0.0020054403602848669 0.0072941498443310666 -0.1025597382630777 -0.031613612794359765 0.066490581035614005 0.020711091417237787 -0.02367453125518611 -0.052562221594758936 0.014334678937129116 0.0080733017909564338 0.0053622658921528817 -0.056021137395991551 0.0010731084548965587 0.0068812465777080695 -0.0051698372745061392 -0.024845189365289747 -0.0013260013651357277 0.011602176243942951 -0.095709180276318362 0.0023784353802532849 -0.010142777189193413 0.0099289159496609106 0.017627522026926627 -0.033636859002567465 -0.12852209954755381 -0.016438847882731832 -0.053440770451390347 -0.031781098208031974 -0.0090730178549641473 -0.0041631925169892782 0.0046932261862039177 -0.049214323351016408 -0.023481541338251595 -0.053453395644998757 -0.12274951065206803 0.013430168450434704 0.023773638008557491 -0.066636422276688312 0.0080393110649652627 0.00050136102934424283 0.01694705185520632 -0.0065383082067992787 -0.016733125448707684 -0.092456606563542099 0.010205227252956587 -0.03371122713392459 -0.084432260852772736 -0.01847179816384276 -0.010200424084972183 -0.062724556648702356 -0.0055658260205170944 -0.11848068793614705 0.0023939790055968859 -0.010488384073256047 -0.0043139953571631924 -0.034990623675560162 0.0010568303955915787 0.017746583399901282 -0.038597692650287792 -0.0099772810010313861 0.0075338778930739876 -0.002436880291042858 0.010249483987266012 0.0048509368611559028 -0.042983324673745923 -0.035761535555303051 0.0048613590707637161 0.014489031551190299 -0.024238168405577961 0.0088969615212994724 0.0047328568309911922 -0.0013252953359133694 -0.098483661052788482 -0.022790435331446108 -0.0092483815348476991 0.010386955613785356 -0.097164825594943494 -0.028276937306017054 -0.085403401439006502 -0.061452247798861416 -0.01120651757738886 -0.011769215477503939 -0.0075778454282792547 -0.011185019328497648 -0.006115947057179545 0.0040080664271135366 -0.00047031864086758578 -0.018796810415568254 -0.010792785892859357 0.015174040344377589 0.025973179197874487 -0.016614794277252102 -0.010297946814236621 -0.12288859787354102 -0.018392940058661881 -0.0027527358616388211 -0.0037125808030741793 -0.046396986722873866 -0.005416459660102982 0.0016398122998853549 -0.0453781745345175 0.011661870869544755 -0.0045265328327844688 -0.10089599990844726 -0.0054466102896143752 0.0088984143701944674 0.00725310507607112 0.0064000119993176761 -0.0062097027985306532
leaf_weight=8686 119 9967 376 231 802 568 17499 16244 3850 10541 10769 6174 166 919 387 1561 6431 8568 1769 108 328 143 385 1857 147 3311 11306 14168 236 52781 1691 8010 3350 15697 3126 220 4957 6395 2035 235 188 127 5459 407 519 3028 702 17958 194 200 226 172 324 1296 148 4139 6412 439 3554 1678 267 1628 1726 119 2284 1255 412 26062 134 8127 681 1122 1345 2355 719 481 1652 1603 7041 1047 752 473 322 1182 1047 821 492 12346 120 105 2797 2122 1713 114 1380 155 177 136 6473 13882 9499 4026 3777 1211 2254 889 1052 216 5747 1755 129 1152 29471 3606 540 2320 11561 259 1324 11956 179 11926 6231 2508 2181 14055
leaf_count=8686 119 9967 376 231 802 568 17499 16244 3850 10541 10769 6174 166 919 387 1561 6431 8568 1769 108 328 143 385 1857 147 3311 11306 14168 236 52781 1691 8010 3350 15697 3126 220 4957 6395 2035 235 188 127 5459 407 519 3028 702 17958 194 200 226 172 324 1296 148 4139 6412 439 3554 1678 267 1628 1726 119 2284 1255 412 26062 134 8127 681 1122 1345 2355 719 481 1652 1603 7041 1047 752 473 322 1182 1047 821 492 12346 120 105 2797 2122 1713 114 1380 155 177 136 6473 13882 9499 4026 3777 1211 2254 889 1052 216 5747 1755 129 1152 29471 3606 540 2320 11561 259 1324 11956 179 11926 6231 2508 2181 14055
internal_value=-0.00217872 -0.00201815 -0.0482559 -0.0031484 0.00174762 -0.00634102 -0.00212339 -0.00226953 -0.00141422 0.00282713 -0.00264789 -0.000840958 -0.00461903 -0.0118877 -0.0712514 -0.00447861 -0.00718038 -0.00912239 -0.00832166 0.000629375 -0.0141061 0.000916801 -0.00343387 -0.00970784 0.0010791 0.00278086 0.000821782 -0.00187947 -0.00887666 0.00230959 -0.00807593 -0.010156 -0.0197716 -0.00379887 -0.00426757 -0.00764016 -0.0109041 -0.0174283 -0.00270567 -0.00242734 -0.0338441 -0.0721778 -0.00620268 -0.0277781 -0.0509161 -0.0104103 -0.0232487 0.00423337 -0.00672054 -0.052745 -0.0635883 -0.083633 -0.0107687 0.00800917 -0.0195291 0.00333891 0.00553228 -0.00880857 -0.011077 -0.0150462 -0.0182363 -0.00348832 -0.0165429 -0.0208766 -0.0199306 -0.0161843 -0.0301942 -0.00631975 -0.0765999 0.00679741 0.0101509 -0.0173087 -0.0244258 0.00278163 -0.0038054 -0.00726132 -0.0163697 -0.00332423 0.00277179 -0.0105513 -0.00263083 -0.0136389 -0.00883844 -0.00307736 0.000349593 -0.00173757 -0.0101573 0.000118836 0.00380202 -0.046901 -0.0179944 -0.00640761 -0.00407921 -0.0137721 -0.0154526 -0.025028 -0.0152092 -0.0508843 -0.0127831 -0.00682016 -0.0144722 -0.00376175 -0.00496384 -0.00863715 -0.00326002 -0.0090101 8.71078e-05 -0.0115514 -0.01383 0.000674233 -0.00366277 -0.00449412 -0.00405133 -0.0112731 -0.0271919 0.00129689 0.0037583 -0.0186283 -0.0025213 -0.00634589 -0.057745 -0.00128454 0.000602993 -0.001973 -0.00293669 -0.00451276
internal_weight=519776 517972 1804 398395 119577 85983 27466 312412 225208 50745 174463 33820 21234 8938 1104 87204 36613 30913 58517 101468 1940 99528 14983 6268 8715 30520 99385 35298 14089 64087 13853 12162 4152 143943 133174 42152 25905 10858 91022 16247 550 315 15047 4463 739 10090 3724 26476 4044 717 598 398 700 18109 3317 5700 12586 56748 29650 15329 12023 3306 11756 8202 8083 6357 1801 27098 546 16813 16925 3169 2047 23165 5207 4488 2133 4631 21209 4556 2272 1225 1832 1510 38684 23997 4336 19661 12571 225 3289 7090 6269 2236 8019 1036 745 291 6639 14321 15930 4411 52338 13663 6705 4670 2416 1364 6958 12296 38675 34898 34769 5298 1692 4033 14687 1148 50591 12366 410 38225 26299 20068 18744 16236
internal_count=519776 517972 1804 398395 119577 85983 27466 312412 225208 50745 174463 33820 21234 8938 1104 87204 36613 30913 58517 101468 1940 99528 14983 6268 8715 30520 99385 35298 14089 64087 13853 12162 4152 143943 133174 42152 25905 10858 91022 16247 550 315 15047 4463 739 10090 3724 26476 4044 717 598 398 700 18109 3317 5700 12586 56748 29650 15329 12023 3306 11756 8202 8083 6357 1801 27098 546 16813 16925 3169 2047 23165 5207 4488 2133 4631 21209 4556 2272 1225 1832 1510 38684 23997 4336 19661 12571 225 3289 7090 6269 2236 8019 1036 745 291 6639 14321 15930 4411 52338 13663 6705 4670 2416 1364 6958 12296 38675 34898 34769 5298 1692 4033 14687 1148 50591 12366 410 38225 26299 20068 18744 16236
cat_boundaries=0 2 4 6 8 10 12 14 16 18 20 22 23 24 26 28 30 31 32 34 36 37 38 40 42 43 44 45 47 49 51 53 54 56 58 60 61 62 64 65
cat_threshold=423901270 42 303038466 8196 574505 2112 20 2 1057 2048 2727542784 9220 33620608 4481 69206016 16401 34603008 4 1142947968 18304 33620480 1 20979714 4196354 3758096384 17424 75628544 512 8519680 512 2 512 537395200 2048 1073742336 4625 10 49161 0 2048 32 2112 33 1 6 33554432 129 2148532224 9744 1073741824 16388 1073741824 16388 2 3223322624 17424 3221225472 16 2097152 1024 603979776 1 0 512 67108992
is_linear=0
shrinkage=0.03


Tree=38
num_leaves=127
num_cat=33
split_feature=0 5 5 2 5 4 5 0 27 0 23 25 5 5 0 0 23 5 5 0 27 25 4 0 0 13 11 30 5 0 5 0 5 27 25 27 27 22 29 5 0 23 5 13 5 27 25 3 3 27 27 0 25 25 20 11 27 8 5 24 25 13 0 5 0 27 0 0 5 25 0 0 0 27 5 0 0 0 25 0 5 5 0 25 20 0 5 0 25 27 0 0 25 0 25 0 5 5 25 25 27 5 27 21 0 25 28 25 0 0 23 11 25 27 4 25 8 0 5 11 25 0 5 22 26 5
split_gain=4105.71 2373.9 1739.72 1541.58 2370.35 1554.94 1511.29 1261.8 887.009 860.984 672.58 575.518 733.37 600.15 1106.14 1667.52 1343.36 1238.52 806.728 619.7 587.52 779.195 673.336 666.569 499.183 469.003 757.663 618.765 597.617 834.046 520.898 570.62 656.813 1238.69 456.825 500.092 475.697 454.802 436.139 788.633 479.46 575.943 422.876 412.033 398.002 709.185 478.479 383.17 380.686 365.272 348.72 512.578 669.963 449.984 344.021 337.491 332.825 407.949 311.565 309.818 309.652 308.736 490.879 721.448 532.286 870.933 359.321 317.94 298.159 351.177 433.079 401.417 297.268 369.225 292.144 773.585 480.521 476.04 388.45 381.218 522.778 419.785 709.38 1143.17 358.808 353.277 1194.43 819.662 437.567 353.798 347.269 1418.95 371.937 334.301 922.95 287.956 284.189 279.781 276.623 492.917 275.252 387.761 272.473 269.903 269.206 266.216 260.762 291.741 1267.22 345.778 309.662 301.892 369.974 294.548 1772.17 399.968 272.65 508.41 286.594 259.263 254.684 254.135 403.327 252.544 272.044 245.65
threshold=13030.000000000002 0 1 2 3 4 5 1615.0000000000002 0.14952706545591357 1560.0000000000002 0.058227287605404861 57.500000000000007 6 7 850.00000000000011 950.00000000000011 0.081555202603340163 8 9 325.00000000000006 0.08212983608245851 58.500000000000007 10 1225.0000000000002 2375.0000000000005 37.500000000000007 0.3903625756502152 0.088881377130746855 11 615.00000000000011 12 715.00000000000011 13 0.095947422087192549 59.500000000000007 0.051913643255829818 0.055219287052750594 -0.046293048188090317 0.12313740327954294 14 325.00000000000006 0.091522067785263075 15 45.500000000000007 16 0.055219287052750594 18.500000000000004 17 18 0.10945477336645128 0.049178216606378562 225.00000000000003 77.500000000000014 67.500000000000014 31.500000000000004 0.43733377754688268 0.084925193339586272 10.500000000000002 19 1.0032171010971072 64.500000000000014 37.500000000000007 325.00000000000006 20 950.00000000000011 0.064750330522656455 1225.0000000000002 61.500000000000007 21 56.500000000000007 950.00000000000011 850.00000000000011 155.00000000000003 0.11874964460730554 22 55.000000000000007 90.000000000000014 110.00000000000001 26.500000000000004 1560.0000000000002 23 24 1225.0000000000002 59.500000000000007 28.500000000000004 1410.0000000000002 25 1280.0000000000002 41.500000000000007 0.084925193339586272 1225.0000000000002 1100.0000000000002 55.500000000000007 45.000000000000007 97.500000000000014 155.00000000000003 26 27 50.500000000000007 29.500000000000004 0.051913643255829818 28 0.055219287052750594 0.10722555592656137 1225.0000000000002 78.500000000000014 0.071016978472471251 89.500000000000014 1280.0000000000002 1280.0000000000002 0.10130250453948976 0.24372619390487674 72.500000000000014 0.11874964460730554 29 103.50000000000001 9.5000000000000018 155.00000000000003 30 -0.90529522299766529 42.500000000000007 155.00000000000003 31 -0.046293048188090317 0.021370556205511097 32
decision_type=2 9 9 9 9 9 9 2 2 2 10 2 9 9 2 2 8 9 9 2 2 2 9 2 2 2 2 10 9 2 9 2 9 2 2 2 2 10 10 9 2 8 9 2 9 2 2 1 1 2 2 2 2 2 2 2 2 2 9 2 2 2 2 9 2 2 2 2 9 2 2 2 2 2 9 2 2 2 2 2 9 9 2 2 2 2 9 2 2 2 2 2 2 2 2 2 9 9 2 2 2 9 2 10 2 2 8 2 2 2 10 2 2 2 9 2 2 2 9 2 2 2 9 8 8 9
left_child=1 9 37 6 7 10 125 44 -4 11 72 12 55 19 17 -16 -17 -15 -18 34 -20 -22 23 49 -9 26 97 28 29 47 -31 32 -32 -34 -13 -36 48 43 40 -40 41 -19 -29 98 45 46 -5 -28 -37 105 -43 53 60 -52 -21 -1 57 -38 100 -24 -53 67 -63 64 65 -64 68 -14 69 70 71 -65 -6 104 75 -7 93 78 -77 81 -81 82 83 -78 -83 87 -87 88 89 -79 91 -90 -92 -76 102 -59 -42 -8 99 -2 101 -27 -95 -69 -74 -23 -86 109 113 111 -110 116 -113 -109 115 -115 117 118 -108 -116 -88 -46 -123 -56 -125 -3
right_child=2 3 8 4 5 74 25 24 -10 -11 -12 13 61 14 15 16 18 38 20 54 21 22 59 -25 -26 58 27 42 -30 30 31 -33 33 -35 35 36 56 -39 39 -41 96 50 -44 -45 121 -47 -48 -49 -50 -51 51 52 -54 -55 123 -57 -58 95 -60 -61 -62 62 63 66 -66 -67 -68 103 -70 -71 -72 -73 73 -75 76 77 79 85 -80 80 -82 84 -84 -85 106 86 120 -89 90 -91 92 -93 -94 94 -96 -97 -98 -99 -100 -101 -102 -103 -104 -105 -106 -107 107 108 110 -111 -112 112 -114 114 119 -117 -118 -119 -120 -121 -122 122 -124 124 -126 -127
leaf_value=0.0031036373581002307 -0.1214781035255912 0.01156404465461721 -0.04968095666671634 -0.055939588091694387 -0.069945494611684492 0.013811630168611724 0.00020137649926907911 -0.077778707904233177 0.0084490299536719247 0.0097691373583429515 0.011469409565130869 0.003715080776530248 -0.018304516654248166 0.016202025024786348 -0.083179595572354617 -0.066924547834767381 0.0083123133655393072 0.0041746672445059944 -0.020010551502864876 -0.059893880296084619 -0.06583397562012952 -0.0063460602517828677 -0.01012785611429913 0.0051218219639726868 -0.021631723177443656 0.026917933934976084 0.0031134372961611968 0.0092984764245039424 -0.0016264334990022465 -0.0076829278970321135 -0.022340421738568692 -0.018455417536178475 -0.15369971049978182 -0.042543543282151222 -0.0023177986983079733 -0.040334718379546552 -0.0084164986100381291 -0.036255887867631141 0.0020326625329681858 -0.037655756692380971 -0.0072242726260374262 0.0064651718887705541 -0.00025942748411213505 -0.039517345755330974 -0.0024726046542145053 0.021335183537466863 0.0069554831950288066 -0.022704412091716929 -0.016778320630340588 -0.059702910382694471 -0.009010073345572852 -0.017418063885425685 -0.029430394231428993 0.0096244646569234749 -0.016884302031699258 -0.005606192060203281 -0.049778985014931873 -0.013541595592808046 -0.0035702103911133881 -0.0033474396715267194 -0.0025320633208820486 -0.0031373103562850118 -0.019972368792003863 -0.019351026806801015 0.0086234085057493807 -0.060247331179419356 -0.030301012762917873 -0.0023069712672463584 0.00081810042134805626 0.015332792395375648 0.0041249073205089498 -0.069376513046165336 -0.046339773255676481 -0.078473410274301256 -0.0012643699821615927 -0.067055487145306694 -0.12591640397696427 0.018099002824167796 -0.012019408836486405 0.026802473398294082 -0.012166684673965091 -0.059690818779675629 -0.013805037045987343 -0.014637669747894731 0.0044525646917962002 -0.11200078912683435 -0.01847470678088213 0.039043966743471395 -0.011219195614520651 -0.00059326964187952414 -0.010243401180435435 -0.11261144557982 0.0094409658686140235 -0.046120676314587154 -0.10723746422358921 -0.035451747047048413 0.0035276221151918246 0.00448313164271473 -0.12528618457913399 -0.046643227616021792 0.0016445476643017604 -0.01360856170545909 -0.008955980808477643 -0.021970595279722147 0.0030540301890379221 -0.046295040830969809 -0.0017246283268947836 -0.0062422210985635983 -0.049204137841860451 0.029531663790883785 -0.11389751731802564 -0.020028644972136876 -0.004299523440097138 -0.092485583654945788 -0.019772046846756271 -0.039663556291997352 -0.010434175443862518 -0.0041522258937600849 0.02374369748020164 -0.002877256987930856 0.012785504712421054 0.016724727510689066 0.0015018721869776066 0.01035929216645972 -0.005990142900751433 0.0056310974121287754
leaf_weight=19658 150 9509 438 194 442 1998 18881 219 511 3686 179 1028 1210 3284 268 346 2641 4180 3790 107 203 339 9636 425 408 228 3230 5676 19467 1835 489 1697 129 299 1699 1549 3883 184 926 872 2672 1266 15584 123 14855 1928 246 615 1030 453 3622 2320 2122 1719 1790 5027 246 1065 38908 16368 2746 10248 2307 1702 396 611 546 34233 3592 366 696 157 198 139 333 117 141 1215 5402 651 575 117 1872 201 1617 100 728 441 2410 3637 2040 130 1497 288 139 1098 12621 50470 239 171 23453 1999 462 639 198 269 645 6745 179 248 108 2639 2747 279 1267 244 3643 7237 1041 2302 345 1616 42337 973 15397 18752
leaf_count=19658 150 9509 438 194 442 1998 18881 219 511 3686 179 1028 1210 3284 268 346 2641 4180 3790 107 203 339 9636 425 408 228 3230 5676 19467 1835 489 1697 129 299 1699 1549 3883 184 926 872 2672 1266 15584 123 14855 1928 246 615 1030 453 3622 2320 2122 1719 1790 5027 246 1065 38908 16368 2746 10248 2307 1702 396 611 546 34233 3592 366 696 157 198 139 333 117 141 1215 5402 651 575 117 1872 201 1617 100 728 441 2410 3637 2040 130 1497 288 139 1098 12621 50470 239 171 23453 1999 462 639 198 269 645 6745 179 248 108 2639 2747 279 1267 244 3643 7237 1041 2302 345 1616 42337 973 15397 18752
internal_value=-0.00205279 -0.00189488 -0.0470699 -0.000361678 -0.00309645 -0.00751206 0.00117577 0.000972046 -0.0182125 -0.00458514 -0.0419373 -0.00487246 -0.00298711 -0.00636285 -0.00489624 -0.0087746 -0.00819372 -0.00138429 -0.00759627 -0.00994682 -0.00893081 -0.00741702 -0.00698326 -0.0266177 -0.0413355 0.000178247 0.00130023 -0.00155452 -0.00450401 -0.0112415 -0.0200976 -0.0286673 -0.0478369 -0.0745878 -0.0153734 -0.0172301 -0.0200856 -0.0774966 -0.00303545 -0.0174238 -0.00225823 -0.00558007 0.00229691 -0.0896706 0.00140649 0.0134365 -0.0208395 -0.00102091 -0.0309369 -0.0393243 -0.00853593 -0.0100521 -0.0152822 -0.00301187 -0.00650616 0.00132922 -0.0156335 -0.0142362 -0.00187799 -0.00586027 -0.00935127 -0.00486554 -0.00779457 -0.012395 -0.023923 -0.0284233 -0.00693651 -0.00319277 -0.00498411 -0.0120785 -0.0160568 -0.0236109 -0.0517239 -0.0365674 -0.00679923 -0.0038951 -0.00842655 -0.00585662 -0.0131981 -0.00777351 0.00865001 -0.00837892 -0.020986 -0.0607491 -0.0074704 -0.00262553 -0.0182933 -0.00100768 -0.00262724 0.00409027 -0.00799042 -0.0164508 -0.00191188 -0.0269101 -0.0365042 -0.0246751 0.00164628 0.00331811 -0.100596 -0.0818815 0.000687065 -0.00938951 -0.0232696 -0.00266791 -0.0216974 -0.0240679 -0.00727343 -0.00792016 -0.0117476 -0.00558026 -0.0738596 -0.00606693 -0.0120087 -0.010096 -0.0164453 -0.0679648 -0.00351945 -0.000695517 0.0141358 -0.00887879 -0.00834343 0.000919421 0.00206608 -0.00618832 -0.00501779 0.00763108
internal_weight=519803 517987 1816 329960 118739 56936 211221 61803 949 188027 1156 184341 81388 102953 73088 34738 34470 38350 34124 29865 31483 27693 27490 1486 627 182960 118372 49021 27761 8294 4449 2614 917 428 11598 10570 8871 867 35066 1798 33268 17975 21260 683 61176 2368 440 3845 2579 1061 13795 12529 7188 5341 18267 24685 6292 6046 64588 26004 5066 56703 20621 10373 3314 2918 7059 36082 6513 2921 2555 1859 977 535 55780 20060 35720 18062 5519 34498 1226 33272 2214 342 31058 12543 1173 11370 10929 4852 6077 2540 3537 1222 889 2163 15293 69351 560 321 25680 2227 750 34872 396 608 30941 29324 11124 18200 287 17952 5386 10837 4092 523 12566 8923 1686 3569 1073 58808 43953 18160 16370 28261
internal_count=519803 517987 1816 329960 118739 56936 211221 61803 949 188027 1156 184341 81388 102953 73088 34738 34470 38350 34124 29865 31483 27693 27490 1486 627 182960 118372 49021 27761 8294 4449 2614 917 428 11598 10570 8871 867 35066 1798 33268 17975 21260 683 61176 2368 440 3845 2579 1061 13795 12529 7188 5341 18267 24685 6292 6046 64588 26004 5066 56703 20621 10373 3314 2918 7059 36082 6513 2921 2555 1859 977 535 55780 20060 35720 18062 5519 34498 1226 33272 2214 342 31058 12543 1173 11370 10929 4852 6077 2540 3537 1222 889 2163 15293 69351 560 321 25680 2227 750 34872 396 608 30941 29324 11124 18200 287 17952 5386 10837 4092 523 12566 8923 1686 3569 1073 58808 43953 18160 16370 28261
cat_boundaries=0 2 4 5 7 8 10 12 14 16 18 19 21 22 24 26 28 30 31 32 34 35 37 38 40 42 43 44 46 47 48 50 51 53
cat_threshold=1077527593 2389 303038466 8192 6 126095444 9386 2 138420246 2 1048608 2064 16416 2048 0 4 2621440 1 1 394400256 9728 318767616 67239936 1024 1048576 17 268567232 1024 0 2 2 2 872809152 640 525313 2097152 64 2281704064 8192 4096 0 4096 2048 2621440 343937152 160 131072 1 4202496 512 33558592 20 2
is_linear=0
shrinkage=0.03


Tree=39
num_leaves=127
num_cat=41
split_feature=0 5 5 5 30 11 12 5 12 2 5 5 5 2 5 22 2 0 5 23 21 5 20 0 13 0 0 0 0 5 5 11 30 5 13 5 5 25 0 5 0 25 5 25 5 0 0 5 0 0 0 5 25 5 5 25 29 25 25 0 20 20 22 25 5 5 0 0 0 20 5 29 0 26 12 5 0 5 13 25 25 25 11 0 20 20 0 0 5 25 0 5 2 5 20 5 0 5 5 29 30 8 25 25 11 0 25 25 25 0 2 0 25 4 25 30 25 5 11 8 2 11 30 25 0 24
split_gain=3909.73 2258.53 1543.45 1093.71 886.323 982.392 1467.3 1100.6 704.17 698.562 1421.04 856.461 681.384 1218 655.749 582.279 516.371 506.642 488.229 426.499 390.139 389.608 377.861 361.76 360.005 331.003 322.392 679.402 2354.55 584.008 474.167 319.567 879.792 1100.01 425.283 586.05 413.793 395.032 316.442 506.107 316.064 315.304 303.82 300.825 314.441 380.775 295.206 292.285 392.022 850.714 626.456 424.751 408.417 426.945 286.44 285.834 308.862 276.813 593.218 376.839 523.033 289.881 274.931 273.851 273.075 267.599 891.216 267.235 290.007 435.059 355.807 392.819 330.049 447.373 266.611 265.982 517.58 1220.69 348.276 265.088 413.828 261.781 255.311 254.71 254.153 253.153 238.823 1009.67 1146.18 256.207 867.269 238.026 237.037 340.86 310.414 277.745 423.019 695.458 408.748 291.127 261.657 235.752 234.584 227.857 219.45 217.602 215.98 235.489 212.989 297.153 212.974 1107.23 804.575 247.195 246.808 207.078 203.485 280.643 202.124 609.625 199.789 199.343 280.421 198.526 395.567 254.843
threshold=13030.000000000002 0 1 2 0.19365485012531283 0.3824331015348435 -0.42958799004554743 3 0.10623887926340105 4 5 6 7 8 9 -0.046293048188090317 10 615.00000000000011 11 0.10042453557252885 0.048563200980424888 12 76.500000000000014 90.000000000000014 46.500000000000007 1225.0000000000002 325.00000000000006 425.00000000000006 475.00000000000006 13 14 0.46800856292247778 0.035860668867826469 15 39.500000000000007 16 17 69.500000000000014 715.00000000000011 18 950.00000000000011 88.500000000000014 19 96.500000000000014 20 1225.0000000000002 325.00000000000006 21 325.00000000000006 950.00000000000011 225.00000000000003 22 20.500000000000004 23 24 59.500000000000007 0.09549861773848535 59.500000000000007 80.500000000000014 1615.0000000000002 88.500000000000014 59.500000000000007 0.037143684923648841 76.500000000000014 25 26 475.00000000000006 1560.0000000000002 1280.0000000000002 80.500000000000014 27 0.10304982960224153 950.00000000000011 1.0000000180025095e-35 -0.87397405505180348 28 155.00000000000003 29 40.500000000000007 50.500000000000007 29.500000000000004 76.500000000000014 -0.099819734692573533 90.000000000000014 33.500000000000007 104.50000000000001 850.00000000000011 950.00000000000011 30 81.500000000000014 325.00000000000006 31 32 33 37.500000000000007 34 850.00000000000011 35 36 0.12510562688112262 0.041352540254592902 9.5000000000000018 27.500000000000004 51.500000000000007 0.24372619390487674 1560.0000000000002 64.500000000000014 77.500000000000014 87.500000000000014 475.00000000000006 37 1225.0000000000002 97.500000000000014 38 103.50000000000001 0.24056556075811389 22.500000000000004 39 -0.13398594409227368 7.5000000000000009 40 0.022575936280190948 0.18743316084146502 53.500000000000007 225.00000000000003 0.98002234101295482
decision_type=2 9 9 9 10 2 2 9 2 9 9 9 9 9 9 10 9 2 9 8 10 9 2 2 2 2 2 2 2 9 9 2 10 9 2 9 9 2 2 9 2 2 9 2 9 2 2 9 2 2 2 9 2 9 9 2 8 2 2 2 2 2 10 2 9 9 2 2 2 2 9 8 2 8 2 9 2 9 2 2 2 2 2 2 2 2 2 2 9 2 2 9 9 9 2 9 2 9 9 10 10 2 2 2 2 2 2 2 2 2 9 2 2 9 2 8 2 9 2 2 9 2 8 2 2 2
left_child=1 3 15 20 5 6 14 25 63 10 17 23 13 -7 16 24 64 -5 -15 -10 74 -18 -21 -11 79 41 75 29 -29 62 -30 34 33 -33 35 55 110 -35 39 -19 65 47 -40 44 45 -37 -46 86 50 52 54 -52 -50 -54 -49 56 -13 -42 61 -60 -61 118 -28 -4 -3 -23 -67 68 70 -70 71 -14 73 -73 104 76 77 78 -9 80 -2 -47 -16 -56 -43 -24 89 -88 106 123 -91 -41 95 -94 -95 96 97 -72 -98 102 -100 121 -99 116 -1 -20 -89 -108 -55 -110 111 -36 -113 -112 -114 -6 -78 -118 119 -59 -39 -25 -123 124 -8 -126
right_child=2 4 8 9 115 12 7 26 19 11 -12 31 67 18 82 -17 21 38 105 22 -22 40 85 101 -26 -27 27 28 30 -31 -32 32 -34 37 36 43 -38 120 42 91 57 84 -44 -45 46 81 -48 48 49 -51 51 -53 53 108 83 -57 -58 58 59 60 -62 -63 -64 -65 -66 66 -68 -69 69 -71 92 72 -74 -75 -76 -77 103 -79 -80 -81 -82 -83 -84 -85 -86 -87 87 88 -90 90 -92 -93 93 94 -96 -97 98 99 100 -101 -102 -103 -104 -105 -106 -107 107 -109 109 -111 113 112 114 -115 -116 -117 117 -119 -120 -121 -122 122 -124 -125 125 -127
leaf_value=0.018956726933859334 -0.1144874255162365 0.0048550300319435569 -0.004378788697254889 -0.036238456023977947 0.0097104552915925901 0.0082636534377584017 0.013357681315002581 -0.02854397075234261 -7.008135963405948e-05 0.034652978407400774 -0.0015564169720111937 0.011738365670783542 0.0096080954914393966 -0.047332984589259414 0.0044677344067819346 -0.029082608828321099 -0.00089253655803156397 0.020161775144834245 -0.017349584169412565 -0.02200000408233381 0.015210584309085453 -0.0095353853704929492 -0.11358691753960456 0.008849375254501855 -0.035568908919202218 0.0042834160056467929 -0.0011396021039084931 -0.12093507434807571 -0.0049581510426839805 0.0093774965807395874 0.00077188880950391288 -0.0063765220148361782 -0.00089638908031080817 -0.022726540382432596 -0.10996795292411531 0.013119267301075759 -0.0021645639396954339 -0.036236043529835116 0.012703024625260817 -0.0069186577817828537 0.0026856360784730392 -0.04219532744247919 0.0019752906352988263 -0.0027415862965294428 -0.0015494276284190875 0.017634873303451707 0.0058091519639884336 0.013721617521172749 -0.035763908436379097 -0.00084292514555166828 0.0089788939171286577 -0.01115808549962437 0.03192976388335228 -0.017287280614892864 -0.0035650072498797144 -5.0535065597863441e-05 -0.0108064464035642 -0.1100076272982662 0.0017263368209288824 0.0030316908731414325 -0.081560654631654211 -0.015798408530109647 -0.024324663750842124 0.050453028353660001 -0.0023021527897014119 -0.070464459718820052 -0.014687219869877463 0.0082024264710620718 0.0063014072996776293 -0.077742325073303351 0.010889590405205323 -0.067873342920294302 0.0012935668690437182 -0.0074216825557203671 0.0033694207120303792 -0.0095114410698345919 0.012545344701413349 -0.0061497306639074602 -0.09591619217073595 -0.12135711463819066 -0.04678108419789824 -0.040481216349955378 -0.00054215594856704425 -0.018997316043498674 0.0044299752600872374 -0.048874179968294108 -0.079347898514055437 -0.00068135147675489767 0.0013458880969552853 -0.037695082594733684 0.003733190541256867 0.0091935761800242474 -0.0062763137244178273 -0.064831234874153446 -0.014257706513934883 -0.0020213176031157257 -0.02077869731371796 -0.020783553480193579 0.0017904718344125769 0.0050282444869704053 -0.014295194417424549 -0.0009825273347021336 -0.0075894818561131018 0.0092546784206609146 -0.0013128039516317092 -0.056475216999991251 -0.061765311568659241 -0.029024804947740738 -0.050895175939589539 -0.0077978715735879554 0.028674309666340166 -0.0034815854370073948 -0.083577004501146065 -0.0080015657535317114 -0.03171875412302843 0.0015682049753657813 0.0002096516262144401 -0.02218891074722908 -0.022600820226954085 -0.011945440351430858 -0.077750194034879164 0.0087472685693162581 -0.0013861845323606045 -0.0032805790118116385 0.017928968070044213 -0.018899429097747125
leaf_weight=1920 158 9125 285 230 3768 1619 477 112 159 327 32578 593 2248 567 29018 191 8818 4239 5888 152 4192 2545 118 7119 100 1694 5425 152 39968 7820 19261 6978 13899 2050 111 4468 24471 447 3264 924 2468 110 8703 7984 9419 104 10240 303 1672 2062 2305 1579 139 3682 1201 5551 6923 117 3025 144 120 1786 502 114 10095 317 1367 1194 100 123 2158 111 5802 6846 14192 10773 626 3962 184 248 171 208 13374 4858 2020 105 204 116 2175 899 919 7349 9060 110 7209 11604 3628 1409 1762 1430 1881 9055 8696 2805 641 130 376 423 418 220 168 1517 148 7838 190 11064 1646 716 231 111 178 3894 6660 13143 181 2425
leaf_count=1920 158 9125 285 230 3768 1619 477 112 159 327 32578 593 2248 567 29018 191 8818 4239 5888 152 4192 2545 118 7119 100 1694 5425 152 39968 7820 19261 6978 13899 2050 111 4468 24471 447 3264 924 2468 110 8703 7984 9419 104 10240 303 1672 2062 2305 1579 139 3682 1201 5551 6923 117 3025 144 120 1786 502 114 10095 317 1367 1194 100 123 2158 111 5802 6846 14192 10773 626 3962 184 248 171 208 13374 4858 2020 105 204 116 2175 899 919 7349 9060 110 7209 11604 3628 1409 1762 1430 1881 9055 8696 2805 641 130 376 423 418 220 168 1517 148 7838 190 11064 1646 716 231 111 178 3894 6660 13143 181 2425
internal_value=-0.00204118 -0.00188754 -0.0461537 0.000522423 -0.00351769 -0.00387904 -0.00287628 -0.00477461 -0.0185646 -0.000202835 0.00255865 -0.00141481 -0.00688029 -0.0150284 0.00028268 -0.0746804 -0.00245856 0.0079825 -0.0207593 -0.0412612 0.00702296 -0.00570375 -0.0586795 0.00333678 -0.0885844 -0.00871343 -0.00294538 -0.00200786 -0.00339916 0.00400177 -0.00309549 -0.00265729 -0.00572871 -0.0126858 -0.00175257 0.000151538 -0.00426733 -0.0290034 0.00840271 0.0117385 -0.00916849 -0.00924096 0.00491436 0.00231317 0.00396551 0.0108581 0.00228246 -0.00984312 -0.0126141 -0.0175128 -0.00870799 0.000786039 -0.0231182 -0.0183695 -0.0145033 -0.00520965 -0.00902637 -0.00566893 -0.00939463 -0.00127822 -0.0355821 -0.0212796 -0.00310185 0.0113744 0.00109667 -0.015809 -0.0250736 -0.00585429 -0.00611685 -0.0401947 -0.0059974 -0.00195119 -0.00398993 -0.00839581 0.00497763 -0.00623883 -0.00271837 -0.0106604 -0.0683061 -0.0976951 -0.079545 -0.0211147 0.00288654 -0.0159132 0.00200342 -0.083471 -0.0074387 -0.0148698 -0.0105887 -0.00608551 -0.0167625 0.00738723 -0.00723601 -0.0101847 -0.015006 -0.00575014 -0.00781198 -0.00470977 -0.0136635 -0.00763166 -0.00649889 0.00295361 -0.00943108 0.0031154 0.0138849 -0.0181738 -0.0385224 -0.04449 -0.0200225 -0.0360695 -0.00941511 -0.0182664 -0.0128213 -0.00721945 -0.0546055 0.00363722 -0.00264905 -0.00667962 -0.0425265 -0.0625275 -0.0499855 0.00497028 0.00235313 -0.00488827 -0.0117386 -0.0163356
internal_weight=519194 517393 1801 208772 308621 293789 220214 137553 933 187827 57287 130540 73575 8204 82661 868 40269 24709 6585 534 20945 21049 375 27055 677 43601 93952 73128 59381 13747 59229 103485 23552 9653 79933 45490 34443 2675 24479 12512 12231 41907 11967 32423 24439 4780 19659 39777 18439 8193 10246 3884 6131 4459 6362 13067 7516 8002 5534 3289 264 2245 5927 399 19220 4229 1684 65371 64177 223 63954 15007 12759 6957 16753 20824 10051 4258 296 577 329 312 42392 6059 2130 223 21338 3294 3090 18044 1818 8273 48947 16379 7319 32568 20964 13693 7271 11535 3643 26728 10105 5793 2561 6018 915 799 4320 638 9972 1966 1855 8006 338 14832 2988 2362 459 228 625 17673 10554 16226 3083 2606
internal_count=519194 517393 1801 208772 308621 293789 220214 137553 933 187827 57287 130540 73575 8204 82661 868 40269 24709 6585 534 20945 21049 375 27055 677 43601 93952 73128 59381 13747 59229 103485 23552 9653 79933 45490 34443 2675 24479 12512 12231 41907 11967 32423 24439 4780 19659 39777 18439 8193 10246 3884 6131 4459 6362 13067 7516 8002 5534 3289 264 2245 5927 399 19220 4229 1684 65371 64177 223 63954 15007 12759 6957 16753 20824 10051 4258 296 577 329 312 42392 6059 2130 223 21338 3294 3090 18044 1818 8273 48947 16379 7319 32568 20964 13693 7271 11535 3643 26728 10105 5793 2561 6018 915 799 4320 638 9972 1966 1855 8006 338 14832 2988 2362 459 228 625 17673 10554 16226 3083 2606
cat_boundaries=0 2 4 6 8 9 11 13 14 15 17 18 19 21 23 25 27 29 31 33 35 37 39 40 41 42 43 45 47 49 51 53 54 55 57 59 61 63 64 65 66 67
cat_threshold=2638494294 17578 303038466 8192 84 2 2638881 2128 4 134228482 16512 340000768 40 42106880 2 11190409 69 10 131072 32905 1 0 13057 1645379584 8196 2298482688 17408 134220288 128 2147487744 16384 2560 128 8192 16384 0 16384 2097152 2128 540672 1056 1 10633344 2637824 4 538968064 65 1107329152 768 0 512 0 16 8192 6 1074806913 8468 1074806785 10516 1048576 4 1048576 4 8 4 1073741952 9
is_linear=0
shrinkage=0.03


Tree=40
num_leaves=127
num_cat=16
split_feature=0 13 11 21 4 25 11 4 0 22 25 11 0 11 26 26 23 11 23 11 25 27 0 2 22 0 13 27 25 25 31 4 25 32 23 0 25 4 0 4 3 22 27 27 21 0 0 4 31 25 27 22 22 26 0 3 25 29 32 20 27 0 25 27 25 25 4 26 27 25 25 20 21 31 0 23 31 25 22 32 23 31 25 0 0 0 25 27 3 25 25 0 4 11 25 25 25 4 0 0 25 25 25 25 25 0 25 25 25 25 0 25 25 25 2 25 27 11 31 3 25 2 22 17 25 28
split_gain=4020.68 996.201 2298.91 1938.97 851.745 677.082 528.022 502.777 619.376 851.058 602.531 429.35 403.143 358.628 356.61 335.443 463.383 348.319 325.311 711.958 315.49 294.455 254.57 249.27 260.671 449.321 243.378 241.689 239.564 224.599 438.439 331.767 357.968 189.54 235.059 177.614 192.024 266.06 175.615 279.009 168.482 582.712 165.625 157.427 157.221 202.028 332.286 345.399 179.07 197.069 164.12 156.444 149.342 161.187 252.291 168.861 145.286 145.119 142.146 141.894 201.941 162.127 150.39 141.164 137.887 272.74 156.697 137.288 136.619 633.087 159.555 136.514 136.377 278.465 174.98 137.457 136.879 133.729 129.792 128.751 138.123 328.676 126.549 134.224 124.524 141.004 250.159 257.005 217.937 136.529 347.417 318.747 314.808 222.72 133.464 170.439 137.447 184.197 125.748 126.161 196.399 162.915 124.221 123.705 155.625 125.709 236.814 121.252 148.971 128.509 191.42 226.473 187.707 253.076 551.152 180.339 218.429 140.885 119.559 171.598 116.725 116.597 219.578 163.389 141.083 127.46
threshold=13030.000000000002 39.500000000000007 0.10837544873356821 0.090277068316936507 0 7.5000000000000009 -0.69674959778785694 1 19050.000000000004 0.10266805812716485 29.500000000000004 -0.23537230491638181 110.00000000000001 -0.5276680290699004 0.065306846052408232 0.13882523775100711 0.12977331131696704 0.41398981213569647 0.091522067785263075 -0.29343378543853754 97.500000000000014 0.15550526976585391 615.00000000000011 2 -1.4639971256256101 1560.0000000000002 45.500000000000007 0.064750330522656455 14.500000000000002 68.500000000000014 0.062956336885690703 3 29.500000000000004 0.16612314432859424 0.10777157172560693 180.00000000000003 17.500000000000004 4 950.00000000000011 5 6 0.19670076668262484 0.05270845256745816 0.08212983608245851 0.11281433328986169 325.00000000000006 550.00000000000011 7 0.075905904173851027 81.500000000000014 0.049178216606378562 -2.3023446202278133 -0.049133053049445145 0.025458040647208694 325.00000000000006 8 37.500000000000007 0.04237759672105313 0.17084141820669177 87.500000000000014 0.060448419302701957 1715.0000000000002 37.500000000000007 0.15358696132898333 53.500000000000007 59.500000000000007 9 0.23505314439535144 0.08212983608245851 123.00000000000001 113.00000000000001 58.500000000000007 0.06536221876740457 0.050817217677831657 61.500000000000007 0.0301526477560401 0.047065492719411857 14.500000000000002 0.13564979285001758 0.17328514158725741 0.10042453557252885 0.05539060756564141 20.500000000000004 155.00000000000003 45.000000000000007 325.00000000000006 76.500000000000014 0.084925193339586272 10 20.500000000000004 16.500000000000004 950.00000000000011 11 -0.67803022265434254 10.500000000000002 22.500000000000004 70.500000000000014 12 950.00000000000011 615.00000000000011 19.500000000000004 62.500000000000007 31.500000000000004 73.500000000000014 46.500000000000007 1225.0000000000002 58.500000000000007 15.500000000000002 16.500000000000004 88.500000000000014 1280.0000000000002 107.50000000000001 113.00000000000001 117.50000000000001 13 78.500000000000014 0.098019190132617964 -0.35846811532974238 0.033771071583032615 14 16.500000000000004 15 0.132152795791626 8.5000000000000018 68.500000000000014 0.15367565304040912
decision_type=2 2 2 8 9 2 2 9 2 8 2 2 2 2 10 10 10 2 10 2 2 2 2 9 10 2 2 2 2 2 8 9 2 10 10 2 2 9 2 9 1 8 2 2 8 2 2 9 10 2 2 10 10 10 2 1 2 10 10 2 2 2 2 2 2 2 9 10 2 2 2 2 10 10 2 10 10 2 10 10 10 10 2 2 2 2 2 2 1 2 2 2 9 2 2 2 2 9 2 2 2 2 2 2 2 2 2 2 2 2 2 2 2 2 9 2 2 2 10 1 2 9 8 2 2 10
left_child=1 2 6 4 43 -2 20 63 -9 -10 -11 59 29 84 22 17 38 121 19 21 27 26 28 33 25 51 -12 56 -6 31 57 32 -5 34 -16 36 37 -15 39 42 41 -32 -17 79 78 48 47 -47 50 -50 -46 -25 53 -30 58 -56 77 -31 -55 60 62 -61 -8 -7 66 -66 -49 -35 69 -40 -70 -13 75 74 -74 -26 -76 -1 -19 -4 81 -81 83 -38 -3 86 87 94 89 90 -87 92 -92 -94 -86 120 -97 -98 99 101 -101 102 -90 104 -100 -106 -107 -37 -109 115 112 -112 -111 114 -114 -110 -117 -116 -24 -120 -96 122 125 -123 -124 -14
right_child=5 13 3 12 14 7 11 8 9 10 18 71 15 35 23 16 -18 44 -20 -21 -22 -23 118 24 72 -27 -28 -29 52 30 40 -33 -34 67 -36 107 82 -39 68 -41 -42 -43 -44 -45 45 46 -48 64 49 -51 -52 -53 -54 54 55 -57 -58 -59 -60 61 -62 -63 -64 -65 65 -67 -68 -69 70 -71 -72 -73 73 -75 76 -77 -78 -79 -80 80 -82 -83 -84 -85 85 88 -88 -89 98 -91 91 -93 93 -95 95 96 97 -99 103 100 -102 -103 -104 -105 105 106 -108 108 109 110 111 -113 113 -115 117 116 -118 -119 119 -121 -122 123 124 -125 -126 -127
leaf_value=0.0063310321225686439 0.012192898896017407 0.016289202811717987 0.021668876648703605 -0.044170782911920052 0.010824532087510401 -0.044157628278906749 0.0033512093003119593 -0.10181357089863267 0.01656343298461288 -0.11955508581112458 -0.016974961681612607 0.0054199747162133084 -0.0060035704961279822 0.031936005148394356 0.0042957020108279498 -0.0047780267132945245 -0.034441289192890481 -0.0057384795191995665 -0.096843443463666953 0.00056840321551198541 -0.0073975911829212123 -0.093266929322704265 0.010809898841898669 0.021927174647217211 -0.0064051990170023963 -0.063882892920578624 -0.07319809752040439 -0.00086543938697506123 -0.0046761382129599854 -0.01910213468661983 -0.05797106878831982 -0.0070420449722281798 -0.00040287239373953059 -0.004039733878730762 0.01499491812810147 0.0075154378986970827 -0.04922383213341236 -0.0059127293775650914 0.0063859126693160354 0.013319231054947251 -0.051580894213533936 0.01985404391454745 0.012477433364826538 0.0017842230107923893 0.0088171891264454284 0.0076066661640853805 -0.0078822249451692798 -0.0061661185792108658 0.0017610908792664607 -0.030151427411575647 -0.010536236557814842 -0.012371239047031848 -0.00090243372975571648 -0.0098301428175539968 -0.01983805768035066 -0.054833182595270188 0.0050290987187073376 0.013755994693638619 0.011253365386865982 0.00358183268965392 0.0052018232366413319 -0.032937202836302193 0.013795264095929724 -0.0036671526800682195 -0.025946242703605713 -0.0052508579009943141 0.0066676447147349617 0.0032401096250750648 -0.0027027476776044232 -0.028014149784363094 0.0086213486027077128 0.00051203954320280245 -0.048106813396259052 0.00057210574819687126 0.0021251778963520453 0.0049817403283880599 -0.016927336696299925 -0.0036297882707733457 0.00090569289022794013 0.0089342140003339995 0.017276298319218113 -0.036522164382318041 -0.0057148888082765564 -0.0085564288739742849 -0.018713820367854014 -0.0024843428100466097 -0.011104900122665611 -0.013615470348741865 -0.00070344891343638639 -0.0045764410415538763 0.0033922258508545869 0.0014315569818659165 -0.056722834014168409 -0.015928184680202427 -0.0043820485757495057 -0.0058665925742982334 -0.035363584788499679 0.0039152118394825894 0.0047495645998084333 -0.03123030694138448 0.0082496190682319163 -0.0066568228532473328 0.015733449995750562 0.0026442363744966649 -0.015345444288720561 -0.036631245312782439 0.0083676066296764565 -0.025689024583527207 -0.0014519861359673621 0.0037004815705069818 -0.044417714933032107 0.010943092221272325 0.0028664897801534239 -0.00023449741557092236 -0.018011345485463102 -0.012221253440419765 0.0017126435993682482 -0.05485372187885549 0.0014350280677434184 -0.028991603199203044 0.0060553127570717588 -0.0071407770860555187 -0.00091077419895741851 -0.0023172411731780243 0.0069699091747600674 -0.028131854442769989
leaf_weight=1720 163 249 1182 472 911 122 1649 257 149 133 144 5875 2900 289 9380 2298 349 8188 117 229 5094 186 1235 137 1160 146 134 42943 11357 226 191 5134 261 3460 2301 1416 124 394 1067 2089 398 157 639 1451 410 2644 34170 1945 224 780 9894 904 6073 2585 761 148 12722 258 323 20710 20413 109 5022 210 682 3568 1528 7143 4710 876 1468 38656 122 4643 495 5355 1077 4109 3909 2764 1735 150 10431 177 538 1506 8043 2791 1098 49913 150 294 427 169 1586 15614 112 2188 712 117 2930 2278 663 1591 1786 129 552 225 25690 10414 176 106 572 5210 140 3222 1476 288 5538 171 2457 10807 7434 15225 2819 254
leaf_count=1720 163 249 1182 472 911 122 1649 257 149 133 144 5875 2900 289 9380 2298 349 8188 117 229 5094 186 1235 137 1160 146 134 42943 11357 226 191 5134 261 3460 2301 1416 124 394 1067 2089 398 157 639 1451 410 2644 34170 1945 224 780 9894 904 6073 2585 761 148 12722 258 323 20710 20413 109 5022 210 682 3568 1528 7143 4710 876 1468 38656 122 4643 495 5355 1077 4109 3909 2764 1735 150 10431 177 538 1506 8043 2791 1098 49913 150 294 427 169 1586 15614 112 2188 712 117 2930 2278 663 1591 1786 129 552 225 25690 10414 176 106 572 5210 140 3222 1476 288 5538 171 2457 10807 7434 15225 2819 254
internal_value=-0.00191128 -0.0017538 -0.000881143 -0.00301608 0.000896171 -0.0461193 0.00181308 -0.0517775 -0.0599145 -0.0499695 -0.0604886 0.00328031 -0.00523877 -0.00373743 -0.000187175 -0.00483069 -0.000372862 -0.00539096 -0.0506545 -0.0427281 -0.000223665 -0.0640517 -0.00266156 0.00179532 -0.00133586 -0.0147818 -0.0442405 0.000370714 -0.00423225 -0.0121875 -0.0238405 -0.00974084 -0.0286081 0.00376686 0.00640441 -0.00191845 -0.005288 0.0101256 0.000534068 0.00494093 -0.0382521 -0.022904 -0.00102081 0.0106282 -0.00669275 -0.00736443 -0.00645494 -0.00175023 -0.0109456 -0.0230368 -0.00976538 -0.00784071 -0.00487831 -0.00646939 -0.0118024 -0.0255898 0.00323213 -0.0015946 -0.00748527 0.00525162 0.00668315 0.00338906 0.0112145 -0.0186341 -0.00495417 -0.00857718 -0.000519412 0.000864374 -0.00219357 -0.00912976 -1.09861e-05 0.00115965 -9.39932e-05 -0.00322718 -0.0136346 0.00295362 -0.0109304 -0.000690004 -0.0035916 0.0128282 0.0105763 0.00658259 -0.0062698 -0.0254173 -0.00485879 -0.00491288 -0.0064966 -0.00503041 -0.00409209 -0.00492228 -0.0116979 -0.0250246 -0.035439 -0.0452013 -0.00396469 -0.00360246 -0.00485808 0.00198797 -0.000418617 0.0021162 0.0067239 -0.00136064 0.00549031 -0.00418382 -0.00760083 -0.0111658 -0.000197618 -0.00113235 -0.00139019 -0.00127405 0.000822521 -0.0236432 0.00123894 -0.00288893 -0.0167045 -0.00244044 -0.00784412 -0.041896 0.00235034 0.00051875 0.00196084 -0.00314823 -0.000872443 -0.00431824 0.00125644 -0.00779397
internal_weight=519790 517946 359703 200681 72707 1844 159022 1681 1349 1092 943 92434 127974 158243 65425 120877 13496 107381 810 693 66588 464 29102 36323 14039 1187 278 61494 22158 7097 1230 5867 733 22284 11681 60350 11415 683 13147 5026 746 348 2937 7282 67942 55845 44537 10367 11308 1004 10304 1041 21247 15174 3817 909 18551 484 2908 47903 27084 20819 6671 332 7723 4250 3473 10603 8121 1943 6178 44531 12852 6337 1694 6515 1572 5829 12097 5831 4649 2914 10732 301 97893 97644 33329 25286 64315 52459 2546 1040 746 596 22495 21957 17914 2300 11856 7086 3047 4039 1761 4770 3179 2467 681 48935 47519 47294 16906 282 16624 6210 1000 30388 4698 428 6944 5709 4043 39439 13407 26032 10253 3154
internal_count=519790 517946 359703 200681 72707 1844 159022 1681 1349 1092 943 92434 127974 158243 65425 120877 13496 107381 810 693 66588 464 29102 36323 14039 1187 278 61494 22158 7097 1230 5867 733 22284 11681 60350 11415 683 13147 5026 746 348 2937 7282 67942 55845 44537 10367 11308 1004 10304 1041 21247 15174 3817 909 18551 484 2908 47903 27084 20819 6671 332 7723 4250 3473 10603 8121 1943 6178 44531 12852 6337 1694 6515 1572 5829 12097 5831 4649 2914 10732 301 97893 97644 33329 25286 64315 52459 2546 1040 746 596 22495 21957 17914 2300 11856 7086 3047 4039 1761 4770 3179 2467 681 48935 47519 47294 16906 282 16624 6210 1000 30388 4698 428 6944 5709 4043 39439 13407 26032 10253 3154
cat_boundaries=0 1 2 3 4 5 6 7 8 9 10 11 12 13 14 15 16
cat_threshold=2 1 6 2 2 1 2 4 2 1 2 2 4 10 2 2
is_linear=0
shrinkage=0.03


Tree=41
num_leaves=127
num_cat=13
split_feature=2 21 12 11 30 11 31 13 27 25 25 27 25 11 27 2 31 4 23 26 12 26 23 2 27 4 21 24 25 21 22 27 25 25 4 25 25 25 21 21 3 13 11 12 23 3 24 11 27 30 4 25 25 3 32 32 25 26 25 21 23 25 25 32 23 23 25 4 25 8 11 25 27 25 24 25 28 23 28 32 22 23 21 32 26 29 32 25 25 25 4 27 11 27 25 25 25 4 25 25 25 25 27 25 21 27 22 11 31 25 21 27 32 27 31 25 27 21 25 25 25 27 28 25 22 21
split_gain=988.879 945.178 1033.5 1220.93 704.685 501.045 900.972 609.802 402.931 483.475 576.718 388.816 605.372 359.83 438.418 780.086 358.432 352.801 352.115 330.762 320.555 295.797 283.846 281.774 681.157 277.107 276.089 265.117 227.166 255.71 226.693 222.344 221.057 215.798 205.309 216.079 342.765 201.777 198.234 244.379 291.55 193.582 412.076 226.361 193.442 187.631 179.713 176.849 175.807 209.685 175.238 174.664 167.741 235.264 166.29 164.447 164.334 162.137 161.437 168.458 155.996 154.019 149.445 308.948 234.108 277.426 148.108 148.053 194.423 145.805 145.642 143.25 210.148 166.724 138.769 138.549 138.542 135.953 262.209 134.605 132.192 153.237 164.984 131.901 131.424 130.784 197.49 128.316 274.265 189.923 125.18 149.75 124.995 124.162 198.327 122.155 121.022 120.124 628.479 119.796 118.101 128.457 177.653 117.145 117.002 116.095 115.613 112.284 111.96 121.57 111.538 224.607 221.931 133.632 133.529 111.485 194.034 110.192 110.072 292.422 143.387 107.387 150.648 105.964 105.477 104.808
threshold=0 0.056888267397880561 -0.73284119367599476 0.12545942142605784 0.17508070915937426 0.46800856292247778 0.09356460347771646 39.500000000000007 0.16058247536420825 33.500000000000007 18.500000000000004 0.12467420101165773 85.500000000000014 -0.082689788192510591 0.14952706545591357 1 0.058672610670328147 2 0.12977331131696704 0.07760068774223329 0.92191100120544445 0.16209227591753009 0.12977331131696704 3 0.13790328800678256 4 0.11169846728444101 1.0264130234718325 17.500000000000004 0.091977469623088851 0.072994068264961257 0.051913643255829818 135.50000000000003 16.500000000000004 5 18.500000000000004 47.500000000000007 10.500000000000002 0.048563200980424888 0.063850197941064848 6 39.500000000000007 0.67802080512046825 -0.25206183642148966 0.081555202603340163 7 0.97234463691711437 0.46800856292247778 0.059944719076156623 0.091668669134378447 8 24.500000000000004 68.500000000000014 9 0.15939740091562274 0.14423140883445743 32.500000000000007 0.19185426831245425 75.500000000000014 0.14783938229084018 0.12721397727727893 99.000000000000014 76.500000000000014 0.18566475808620456 0.10358888655900957 0.056448934599757201 8.5000000000000018 10 68.500000000000014 11.500000000000002 -0.60554069280624379 100.50000000000001 0.10945477336645128 99.000000000000014 1.0019598007202151 86.500000000000014 0.16932896524667743 0.06534933298826219 0.10829909890890123 0.23127461224794391 -0.022821437567472454 0.075415529310703291 0.091977469623088851 0.23542660474777224 0.16209227591753009 0.14472704380750659 0.21972886472940448 86.500000000000014 87.500000000000014 80.500000000000014 11 0.072961069643497481 -0.60554069280624379 0.084925193339586272 70.500000000000014 27.500000000000004 30.500000000000004 12 97.500000000000014 19.500000000000004 71.500000000000014 95.000000000000014 0.17337424308061603 50.500000000000007 0.1065601408481598 0.059393314644694335 -0.70165884494781483 -0.25205527991056437 0.09356460347771646 13.500000000000002 0.11349182203412057 0.12467420101165773 0.22012369334697726 0.055219287052750594 0.07840296253561975 86.500000000000014 0.064750330522656455 0.11105876788496973 80.500000000000014 63.500000000000007 43.500000000000007 0.072961069643497481 0.093995071947574629 14.500000000000002 -0.19556313753128049 0.12429380044341089
decision_type=9 8 2 2 10 2 8 2 2 2 2 2 2 2 2 9 10 9 10 10 2 10 10 9 2 9 8 2 2 10 10 2 2 2 9 2 2 2 10 10 1 2 2 2 10 1 2 2 2 8 9 2 2 1 10 10 2 10 2 8 10 2 2 10 10 10 2 9 2 2 2 2 2 2 2 2 10 10 10 10 10 8 10 10 8 10 10 2 2 2 9 2 2 2 2 2 2 9 2 2 2 2 2 2 10 2 10 2 10 2 10 2 10 2 10 2 2 10 2 2 2 2 10 2 10 10
left_child=1 121 3 107 16 7 25 13 11 10 -10 52 -13 14 33 70 20 18 -6 31 41 30 117 32 34 57 28 46 54 62 85 79 69 -2 35 92 51 -36 -27 106 55 42 48 -44 -33 71 -17 67 49 -4 -48 -37 -8 58 -15 -41 96 104 -54 -60 -32 75 63 -30 65 -65 -28 68 -5 97 -16 72 73 -43 -12 -35 83 -42 -79 -18 81 82 124 -62 -19 86 -21 89 -89 90 91 -50 -25 -39 123 -47 -51 98 -9 -86 -26 -102 -103 -69 -7 -58 -40 115 109 -68 111 -57 113 -112 -114 -3 -117 -23 119 120 -52 -1 -123 -95 -22 -111
right_child=5 2 4 47 17 6 8 23 9 -11 74 12 -14 26 15 27 19 84 -20 21 80 22 -24 24 100 38 66 -29 29 -31 60 44 -34 61 37 36 -38 93 39 40 77 45 43 -45 -46 95 50 -49 87 56 118 -53 53 -55 -56 110 105 -59 59 -61 76 -63 -64 64 -66 -67 108 103 -70 -71 -72 -73 -74 -75 -76 -77 -78 78 -80 -81 -82 -83 -84 -85 99 -87 -88 88 -90 -91 -92 -93 -94 94 -96 -97 -98 -99 -100 -101 101 102 -104 -105 -106 -107 -108 -109 -110 125 112 -113 114 -115 -116 116 -118 -119 -120 -121 -122 122 -124 -125 -126 -127
leaf_value=0.005599073480800739 0.0087865665715412232 0.0062016123686557852 -0.0038119120391434413 -0.00024036085653085957 0.02017658374390802 0.017250930997955431 -0.012212528096636538 -0.005941423374227945 -0.0088697883532476447 -0.002092475098257187 -0.041231690449730567 -0.014298521069507806 -0.096340954347157517 0.0011787474859844553 -0.0024999739979792313 -0.0072093827613759686 -0.00015468971897855037 0.017349367687310949 -0.012881101313636335 -0.0074820230578497796 -0.016066118086874484 0.026811478260521576 -0.036729802340521936 0.0042404261019273739 -0.011833233633609925 -0.0099659298738671021 0.011638859051640613 0.0051376312511769969 -0.0034397138729477402 0.0087497766330954119 0.0015108183888375938 -0.049172422619115919 -0.042482301527273926 0.00092144524089310701 -0.025739469886675578 0.0037382469998644384 0.014667025658985249 -0.0060254133198365725 0.015110879218284964 -0.011077616709381635 -0.011630658148015137 -0.0061528072897622165 -0.007390500218778356 -0.0022879818878227959 -0.011419207874240936 -0.0060751087507848155 -0.008570188429783767 -0.0064347530992679754 -0.0020802943403323212 -0.00015292511917937141 -0.063832752746877386 -0.030456388259032893 -0.0047013852868971438 -0.038676505605897138 0.036857831733902606 0.0010443766180146122 0.0018400783097123556 -0.013724806810706817 -0.011418606910189257 -0.031037017973582586 -0.0050619903697450754 -0.014200128319912133 0.00017360100300613674 -0.006549038897062133 -0.0012381186564357912 -0.055104366795977154 -0.018386402160235928 -0.00026140639182819575 0.01321940257216842 0.00065390959924668932 0.024199969843814246 -0.0014566467690425098 -0.001846523748119744 -0.017544627077480716 -0.088863003136316357 0.0093439990680378622 0.0065621059796564032 -0.052141721084552964 -0.0026665528210007257 -0.019286689627176473 0.0058415201207621011 -6.8304406166655541e-05 -0.03864951644956828 -0.020909659585903143 0.031924488897082104 0.00089492215529337021 -0.026603125235169483 -0.023649291709384682 -0.0030564149073429485 0.0098112073157610533 -0.0023378787531314511 0.0057920186285579326 0.029595176038731422 0.0075766341678248144 -0.00031878063611478867 0.0002578650840646827 -0.029257711982354519 -0.0031984748839817803 -0.062373098074359014 0.0012820708724712681 -0.062676306316780075 -0.052852374832145867 -0.012517072594560245 -0.0060388098739837977 -0.00088787291343400644 0.0090057903519021858 0.0014349368990813109 0.0029357699060182777 -0.015574589833337244 -0.0056217775287006498 -0.041780034689342271 -0.033729108908344387 -0.0078724453278735135 -0.012864159125089645 0.0037452242929225076 0.027144689866900443 -0.010002836474640019 -0.015318016576676223 -0.023589663556659833 -0.086702438367951301 -0.025971990012277645 0.017334030027680209 0.004773549456974076 -0.018618347623553657 0.0056748478402805025 0.00079140761255876103
leaf_weight=7950 3645 27938 3653 5091 1915 1083 7116 2233 423 4591 102 201 135 219 5701 192 2660 496 341 3837 449 106 441 366 148 4170 453 187 3990 2145 10036 123 125 32586 511 197 457 25161 652 2084 933 34257 13611 18408 8651 3468 141 9689 4222 3180 133 421 706 539 253 7472 3135 259 736 851 1564 580 7378 166 244 293 614 5969 1191 8079 189 10075 11346 1196 127 1857 582 242 160 377 3351 40811 172 677 115 1309 556 649 5575 1532 19932 4483 335 148 897 13065 133 13913 192 11366 184 191 203 6708 454 5801 3760 20082 982 19326 169 170 1746 949 1815 149 809 116 168 154 283 1988 1515 2163 362 2602
leaf_count=7950 3645 27938 3653 5091 1915 1083 7116 2233 423 4591 102 201 135 219 5701 192 2660 496 341 3837 449 106 441 366 148 4170 453 187 3990 2145 10036 123 125 32586 511 197 457 25161 652 2084 933 34257 13611 18408 8651 3468 141 9689 4222 3180 133 421 706 539 253 7472 3135 259 736 851 1564 580 7378 166 244 293 614 5969 1191 8079 189 10075 11346 1196 127 1857 582 242 160 377 3351 40811 172 677 115 1309 556 649 5575 1532 19932 4483 335 148 897 13065 133 13913 192 11366 184 191 203 6708 454 5801 3760 20082 982 19326 169 170 1746 949 1815 149 809 116 168 154 283 1988 1515 2163 362 2602
internal_value=-0.00190368 -0.000941642 -0.00123949 0.00178161 -0.00218461 -0.0036854 -0.00657543 -0.00282843 -0.0122982 -0.00552837 -0.0296817 -0.0157487 -0.0474501 -0.00121982 0.000578809 -0.00624626 -0.00257899 0.0042962 0.0151763 -0.00558148 -0.00211963 -0.00315363 -0.0228282 -0.00525839 -0.00714145 -0.00317295 -0.00335105 -0.0275789 -0.000112082 -0.000792543 -0.00244966 -0.00953254 -0.00284625 0.00184059 -0.00646287 0.00343573 -0.00501387 -0.00707169 -0.00401273 -0.00278042 -0.00452945 -0.00275764 -0.00177692 -0.00445718 -0.011954 -0.00388403 -0.0335481 -0.00313778 -0.000135809 0.00249553 -0.0392865 -0.0195677 -0.0146733 -0.0208501 0.0203408 -0.0032858 0.00437674 0.00819565 -0.0166447 -0.0219515 -0.000241755 0.00111746 -0.00248878 -0.00667354 -0.0249968 -0.0375965 -0.00533512 -0.0014526 0.00231316 -0.00264277 -0.00163648 -0.00470178 -0.00540035 -0.00653759 -0.0679188 0.00137581 -0.00647063 -0.0179362 -0.0325056 -0.00253522 0.000109356 -0.000350372 -0.0120489 -0.00985672 0.00224572 -0.00742795 -0.00990759 -0.00128561 -0.00520717 -0.000476434 -0.00102712 0.00197408 0.0163821 -0.00673454 -0.0122928 -0.00107084 -0.00132981 -0.00427289 -0.0104333 0.00159176 -0.0358451 -0.0419624 -0.0321548 -0.00331874 0.011896 0.00649234 0.00345892 0.00465904 -0.00566247 -0.00522999 -0.00196709 0.000266512 -0.0056144 -0.0172686 -0.00195167 0.00585653 -0.00420291 0.00482789 -0.0451355 -0.0514335 -0.0382006 0.00752858 0.0119047 -0.0169382 -0.00636673 -0.00486078
internal_weight=519263 337213 325760 77626 248134 182050 41645 140405 15527 5243 652 10284 336 84481 45816 7148 233901 14233 2256 31035 202866 19224 663 55924 31382 26118 38665 1258 14688 14216 18561 11811 24542 38668 30656 1776 1075 28880 24322 20152 15740 157721 84314 32019 8774 73407 1071 28648 52295 15902 879 618 9948 2832 472 14405 12249 1796 2293 1587 12859 35023 12071 4693 703 459 23977 18959 6282 24417 5890 56874 46799 35453 229 34443 2823 1335 402 3037 45145 41794 983 2241 11977 5702 4393 36393 6224 30169 28637 8705 701 28369 3208 16533 3313 16338 2425 11481 726 578 394 12677 1537 8936 4412 48978 23524 22542 12321 7642 4679 1118 3561 28896 958 222 738 570 416 11453 3503 2311 811 21928
internal_count=519263 337213 325760 77626 248134 182050 41645 140405 15527 5243 652 10284 336 84481 45816 7148 233901 14233 2256 31035 202866 19224 663 55924 31382 26118 38665 1258 14688 14216 18561 11811 24542 38668 30656 1776 1075 28880 24322 20152 15740 157721 84314 32019 8774 73407 1071 28648 52295 15902 879 618 9948 2832 472 14405 12249 1796 2293 1587 12859 35023 12071 4693 703 459 23977 18959 6282 24417 5890 56874 46799 35453 229 34443 2823 1335 402 3037 45145 41794 983 2241 11977 5702 4393 36393 6224 30169 28637 8705 701 28369 3208 16533 3313 16338 2425 11481 726 578 394 12677 1537 8936 4412 48978 23524 22542 12321 7642 4679 1118 3561 28896 958 222 738 570 416 11453 3503 2311 811 21928
cat_boundaries=0 1 2 3 4 5 6 7 8 9 10 11 12 13
cat_threshold=6 8 2 8 2 2 2 2 1 2 1 1 1
is_linear=0
shrinkage=0.03


Tree=42
num_leaves=127
num_cat=30
split_feature=0 5 5 12 11 5 5 5 27 5 5 5 0 2 5 0 0 25 23 2 5 5 28 5 25 0 0 5 0 27 5 27 27 0 0 21 0 5 25 27 0 5 5 25 8 28 28 11 25 25 29 25 13 12 21 27 5 0 27 5 2 5 0 25 25 12 0 0 25 25 27 27 25 25 5 11 20 27 0 0 8 11 27 0 0 5 27 25 0 0 0 25 27 25 25 25 0 25 25 25 25 11 25 23 3 25 5 27 23 25 25 13 0 5 25 11 0 0 5 5 21 27 25 25 0 20
split_gain=3471.38 1988.32 1447.74 872.537 1339.31 844.689 816.589 755.611 661.719 752.22 706.75 605.073 540.787 513.149 576.101 582.975 588.257 492.693 483.74 460.803 1103.43 757.003 742.795 471.613 579.622 1345.33 688.276 430.71 753.782 425.213 514.263 558.281 661.208 452.014 415.004 792.238 384.595 980.578 840.001 531.209 2374.43 1318.23 488.033 685.551 478.03 381.93 381.378 948.943 375.118 372.423 364.434 366.589 361.29 353.944 350.963 347.645 642.457 343.067 338.264 329.83 420.429 329.743 559.634 342.819 329.372 327.577 325.728 331.54 323.287 311.756 303.068 289.103 665.802 351.225 286.791 281.341 273.728 258.773 256.902 261.489 255.515 251.615 250.166 247.559 250.382 246.619 245.7 245.543 243.838 254.909 551.052 1447.77 584.159 337.065 333.708 242.785 289.949 241.487 237.878 235.964 232.359 343.606 231.727 301.316 300.461 382.746 277.708 432.982 1022.52 334.641 310.981 276.643 327.702 546.749 478.894 277.638 273.584 250.299 289.343 283.768 236.306 231.602 343.566 228.714 228.523 391.675
threshold=13030.000000000002 0 1 -0.73284119367599476 0.12545942142605784 2 3 4 0.072961069643497481 5 6 7 6250.0000000000009 8 9 615.00000000000011 950.00000000000011 60.500000000000007 0.064333807677030577 10 11 12 0.11909009516239168 13 113.00000000000001 850.00000000000011 325.00000000000006 14 325.00000000000006 0.07936600968241693 15 0.11368945986032487 0.12240357697010042 90.000000000000014 1560.0000000000002 0.032727185636758811 715.00000000000011 16 68.500000000000014 0.092709075659513487 475.00000000000006 17 18 58.500000000000007 11.500000000000002 0.090328950434923186 0.10177255794405939 0.24372619390487674 180.00000000000003 89.500000000000014 0.041942948475480087 69.500000000000014 45.500000000000007 0.7074720859527589 0.021945185959339145 0.052256155759096153 19 1560.0000000000002 0.095947422087192549 20 21 22 155.00000000000003 16.500000000000004 38.500000000000007 0.94066718220710765 61.500000000000007 90.000000000000014 77.500000000000014 59.500000000000007 0.051913643255829818 0.060448419302701957 36.500000000000007 85.500000000000014 23 0.42958675324916845 74.500000000000014 0.049178216606378562 61.500000000000007 45.000000000000007 11.500000000000002 -0.8337765336036681 0.069445703178644194 615.00000000000011 550.00000000000011 24 0.055219287052750594 89.500000000000014 55.000000000000007 1560.0000000000002 1280.0000000000002 102.50000000000001 0.1045757830142975 68.500000000000014 64.500000000000014 114.50000000000001 325.00000000000006 53.500000000000007 52.500000000000007 80.500000000000014 41.500000000000007 -0.96235975623130787 77.500000000000014 0.051437802612781532 25 88.500000000000014 26 0.059944719076156623 0.07194120436906816 73.500000000000014 17.500000000000004 37.500000000000007 325.00000000000006 27 53.500000000000007 -0.5276680290699004 325.00000000000006 325.00000000000006 28 29 0.096113115549087538 0.1321084722876549 47.500000000000007 135.50000000000003 1715.0000000000002 89.500000000000014
decision_type=2 9 9 2 2 9 9 9 2 9 9 9 2 9 9 2 2 2 8 9 9 9 8 9 2 2 2 9 2 2 9 2 2 2 2 8 2 9 2 2 2 9 9 2 2 10 8 2 2 2 10 2 2 2 10 2 9 2 2 9 9 9 2 2 2 2 2 2 2 2 2 2 2 2 9 2 2 2 2 2 2 2 2 2 2 9 2 2 2 2 2 2 2 2 2 2 2 2 2 2 2 2 2 8 1 2 9 2 8 2 2 2 2 9 2 2 2 2 9 9 8 2 2 2 2 2
left_child=1 5 18 4 11 45 13 -6 9 66 34 -3 83 14 15 -5 17 98 -2 23 -21 22 -22 24 26 -26 49 28 81 -23 88 33 -33 -32 69 -36 37 64 42 -39 -41 -42 43 44 76 78 77 71 61 68 51 -49 -20 85 -53 56 -13 102 -28 60 99 -35 -63 -64 70 -55 -7 -68 -8 -10 -25 73 -73 86 -9 -45 -38 -11 79 -1 -72 -15 -69 84 -12 -4 -48 -75 -31 90 93 -92 -93 -90 -91 -52 -97 -88 121 -57 101 -78 106 -104 -105 116 110 109 -109 117 -29 -112 113 -113 115 -114 -106 118 -108 -119 -118 122 -17 -34 -61 -126
right_child=2 3 53 6 7 8 19 74 10 46 12 55 -14 27 -16 16 -18 -19 52 20 21 29 -24 36 25 -27 58 57 -30 30 31 32 123 48 35 -37 38 39 -40 40 41 -43 -44 75 -46 -47 47 50 -50 -51 95 54 -54 65 -56 59 -58 -59 -60 124 -62 62 63 -65 -66 -67 67 82 -70 -71 80 72 -74 87 -76 -77 100 -79 -80 -81 -82 -83 -84 -85 -86 -87 97 -89 89 94 91 92 -94 -95 -96 96 -98 -99 -100 -101 -102 -103 103 104 105 -107 107 108 -110 -111 111 112 114 -115 -116 -117 120 119 -120 -121 -122 -123 -124 -125 125 -127
leaf_value=0.028090284921852823 -0.0056862859506356094 0.0088017530746438456 -0.025342917927321351 0.013952094538141712 -0.0099610995644174288 -0.033507780619624963 -0.0099526232711890407 0.0066171868033439423 0.021690451779037934 0.010531067459533597 -0.0062655106326364712 -0.065863428972862861 -0.065682270982048735 -0.049196544852725656 -0.0090113990413849803 0.0053965633740122223 0.01192676839425608 -0.046436940297788498 -0.080303554503829366 -0.0010763332315903973 -0.0050746377717813436 -0.0035836751986279536 -0.06149126830493442 0.027285074518532754 0.018649340031870625 -0.032076457727901742 0.0024616143247457086 -0.034902016433278241 -0.068234525396159915 0.030860532400473737 -0.055034366155851555 -0.082788881642128248 -0.019499197878568634 0.0038087941942915389 -0.093834590091563683 0.00069347607250523375 0.0066916853142974077 -0.0020853862702848755 0.0063807147105668562 -0.12079318305541729 -0.029360637112612654 0.0015977731392802621 0.0003165095563323229 -0.030198226488683838 -0.056369661649130966 0.022673100303338446 -0.0057303082769628319 -0.015484123677428544 -0.049280752793432171 0.0089234975036339287 0.0020231682494233705 -0.048462117832924909 -0.035509287164263097 -0.079806100309337713 -0.017787469305245614 -0.012834345863760869 -0.0056000888273928561 0.0091234144201764907 -0.0061105835146089589 0.0032437920769018101 0.0023074201612247611 0.017068293351089444 -0.071791045729907507 -0.021296478028204554 0.01436130084355298 -0.0085242640212907089 0.037397139833289753 0.0031236732087139177 -0.028163699384629301 0.0075916821300594083 0.004204232444037957 -0.042455773617596212 -0.0060597497552314795 -0.026867318986683004 -0.0027880206036327597 -0.076018385707304389 -0.078052598293338507 -0.0019675499888198015 0.0069762138368875031 -0.007778252265658067 -0.012179679872248063 0.0020690967818022248 -0.010045864543530314 0.0011818334247855572 -0.044512265207189504 0.020233898229994149 -0.0017555479541874642 -0.0059951416785082486 -0.018258924362782064 0.022346890357584349 0.040517274447108113 -0.038826222867794233 -0.12513135318670954 -0.0058219353252571479 -0.01906061359048724 -0.048800155446192039 -0.00079087707892091445 0.0079596169926623821 0.019965072792600576 0.0098342121048762207 -0.0034009135319455898 -0.016807579158561105 0.010309542711261364 -0.0060129315005840855 0.0073346591028236249 0.025981284815883427 0.023922187455241231 -0.080298009593086903 -0.0032884948013892695 0.016922683608950363 -0.0010463830529201337 0.010272851188001133 -0.026151655700868786 -0.012536105569177516 0.0015640535157232839 -0.0093375470140356787 -0.0437976041169377 0.025556644927509479 -0.0081053351434126533 0.0033830543964877952 -0.019064085505935757 0.024486022948104643 -0.041336350611738258 -0.058119575016638808 0.010007303495976057 -0.069060461065064194
leaf_weight=202 113 11490 146 2070 14984 225 1972 3733 1591 2027 696 174 109 103 44761 229 809 440 802 38090 372 11549 482 425 635 1810 10607 311 254 141 211 238 746 1301 100 380 1093 50382 18074 173 1807 3883 5607 402 169 1287 3479 3032 192 528 1234 726 206 100 627 3797 1190 1898 6797 31097 5290 245 176 387 3675 137 244 20938 1582 12485 4396 492 5495 591 13216 173 104 5628 17703 1850 1063 502 1383 50782 197 327 4167 3552 2509 505 126 145 139 8979 267 215 238 5145 212 463 755 388 833 10391 281 170 271 157 8692 1641 9177 1776 2138 1999 1377 1509 437 589 2586 3954 1707 106 369 169 120 105
leaf_count=202 113 11490 146 2070 14984 225 1972 3733 1591 2027 696 174 109 103 44761 229 809 440 802 38090 372 11549 482 425 635 1810 10607 311 254 141 211 238 746 1301 100 380 1093 50382 18074 173 1807 3883 5607 402 169 1287 3479 3032 192 528 1234 726 206 100 627 3797 1190 1898 6797 31097 5290 245 176 387 3675 137 244 20938 1582 12485 4396 492 5495 591 13216 173 104 5628 17703 1850 1063 502 1383 50782 197 327 4167 3552 2509 505 126 145 139 8979 267 215 238 5145 212 463 755 388 833 10391 281 170 271 157 8692 1641 9177 1776 2138 1999 1377 1509 437 589 2586 3954 1707 106 369 169 120 105
internal_value=-0.00182199 -0.0016761 -0.0430453 -0.00284584 -0.000190693 0.00127883 -0.00364335 -0.00505634 0.00034786 -0.00195095 0.00240755 0.00270133 0.000764775 -0.00579887 -0.00801033 0.0025662 -0.00830964 -0.0203827 -0.0640304 -0.00244746 -0.00443043 -0.00885222 -0.0365238 -0.00130725 -0.00506038 -0.0189 -0.00348704 -0.00374366 -0.0246845 -0.00799499 -0.0110916 -0.0209971 -0.03833 -0.0131128 0.0082452 -0.019154 -0.000336508 -0.00156978 0.00269542 -0.00307953 -0.0116258 -0.00828605 -0.00496846 -0.0145279 -0.00779558 0.00684058 -0.00461156 -0.00618531 -0.00924644 -0.0145724 -0.0167293 -0.0212872 -0.0711934 -0.00884403 -0.0342707 0.00103925 -0.0138538 -0.00339187 -0.000886351 0.00153685 -0.00334171 -0.00558015 -0.0204777 -0.0371809 0.00730851 -0.0388099 0.00232852 0.00268835 -0.0180646 0.00918668 0.00291423 -0.00339149 -0.00905729 -0.00138793 -0.000713585 -0.0440922 -0.00426487 0.00134296 0.00581148 -0.00423537 0.00101224 -0.00672555 0.00230728 0.00090635 -0.0147433 0.00603422 0.00107111 -0.00897833 -0.00823356 -0.00867753 -0.00976151 -0.0438962 -0.081358 -0.00853955 0.00801977 -0.00487633 -0.023634 0.00361248 -0.00783062 -0.0103446 -0.013866 -0.0298857 -0.00386784 -0.00717235 -0.00829445 -0.0174244 -0.00260541 5.34816e-05 -0.00466373 0.00467058 -0.00520363 -0.0046908 -0.00849123 -0.00181144 -0.013509 -0.019199 -0.0204767 0.00195167 -0.00500472 0.00632654 -0.0241235 -0.0162174 -0.0234612 -0.026688 0.00302448 -0.0270333
internal_weight=519528 517697 1831 370877 85659 146820 285218 31933 125778 59438 66340 53726 51784 101749 48996 4235 2165 1356 1121 183469 66969 28879 854 116500 23931 2445 21486 52753 859 28025 16476 3665 1153 2512 14556 480 92569 65804 26765 56245 5863 5690 8691 3084 2509 21042 36648 28993 2301 4082 6072 4385 1008 710 1353 42236 1364 51894 17404 40872 9550 2109 808 563 9559 237 22790 22565 3554 14076 5884 22921 5987 16934 16949 575 2340 7655 19755 2052 5459 605 22321 51675 893 473 12791 4143 12811 12670 11898 410 284 11488 772 1687 453 9312 916 4260 1247 492 49996 13819 12986 2595 36177 17890 8849 9041 18287 17976 8799 3775 5024 3647 2425 7400 2857 4543 2144 704 598 915 31322 225
internal_count=519528 517697 1831 370877 85659 146820 285218 31933 125778 59438 66340 53726 51784 101749 48996 4235 2165 1356 1121 183469 66969 28879 854 116500 23931 2445 21486 52753 859 28025 16476 3665 1153 2512 14556 480 92569 65804 26765 56245 5863 5690 8691 3084 2509 21042 36648 28993 2301 4082 6072 4385 1008 710 1353 42236 1364 51894 17404 40872 9550 2109 808 563 9559 237 22790 22565 3554 14076 5884 22921 5987 16934 16949 575 2340 7655 19755 2052 5459 605 22321 51675 893 473 12791 4143 12811 12670 11898 410 284 11488 772 1687 453 9312 916 4260 1247 492 49996 13819 12986 2595 36177 17890 8849 9041 18287 17976 8799 3775 5024 3647 2425 7400 2857 4543 2144 704 598 915 31322 225
cat_boundaries=0 2 4 6 8 10 12 14 16 17 18 19 21 22 24 25 27 28 29 31 33 35 36 38 40 42 43 45 46 48 49
cat_threshold=423897686 170 303038466 8196 84 2 3720233 2128 3330523136 4101 272900096 40 4196866 8 1107362848 27648 5 2097153 6 2256539648 9221 131072 33558528 8197 1 536871040 4608 2147614848 603979776 2147483648 1536 8519688 4096 671745 68 4 1073741824 16384 529440 17408 524288 2048 2 2621448 16 524288 32768 64 1056
is_linear=0
shrinkage=0.03


Tree=43
num_leaves=127
num_cat=14
split_feature=0 11 13 30 21 11 25 30 21 12 4 0 23 25 4 2 25 25 20 11 20 27 25 25 25 17 21 0 20 23 20 11 29 4 12 0 20 25 25 27 23 23 0 0 32 27 2 32 27 0 4 25 28 29 23 26 25 4 26 21 25 28 0 25 27 25 25 25 4 25 25 4 0 25 0 27 0 0 21 21 25 25 4 25 25 20 0 25 28 20 23 25 25 27 0 32 0 4 25 25 0 25 25 0 25 25 25 2 2 25 30 27 25 27 4 0 25 25 32 27 25 26 0 25 23 25
split_gain=3190.71 876.918 2044.57 1352.71 679.99 655.282 558.304 478.713 440.241 438.912 405.457 584.619 696.255 473.525 365.868 354.961 299.056 293.648 597.17 278.639 255.46 253.855 421.055 557.103 355.541 246.184 244.741 235.243 299.488 214.119 206.161 200.299 180.67 177.773 174.054 173.666 161.152 160.198 209.551 295.966 229.629 238.291 154.092 150.464 148.363 144.694 141.765 140.938 137.708 136.425 135.763 413.876 132.904 227.742 163 134.653 132.722 206.996 132.088 142.363 132.002 131.794 128.317 215.897 245.762 170.098 155.383 131.953 231.042 127.948 154.928 136.309 943.602 254.225 176.01 171.201 630.486 167.677 126.361 157.018 136.151 183.747 125.706 132.098 123.842 122.858 122.812 233.502 121.425 119.598 118.249 142.341 116.876 115.515 113.243 113.176 112.599 111.994 110.782 196.791 257.316 296.691 162.391 154.742 205.77 126.433 166.983 365.842 117.51 164.891 110.553 195.797 110.381 186.135 180.575 122.38 240.126 544.455 109.883 108.577 106.383 105.609 105.555 149.862 129.578 149.214
threshold=13030.000000000002 0.40614137053489691 37.500000000000007 0.086054746061563506 0.084427561610937132 -0.082689788192510591 7.5000000000000009 0.063154317438602461 0.082720901817083373 -0.73284119367599476 0 19050.000000000004 0.10042453557252885 29.500000000000004 1 2 81.500000000000014 90.500000000000014 105.50000000000001 -0.48314717411994929 96.500000000000014 0.16058247536420825 33.500000000000007 18.500000000000004 66.500000000000014 8.5000000000000018 0.12150707840919496 615.00000000000011 71.500000000000014 0.097788050770759596 74.500000000000014 -0.35846811532974238 0.14372155070304873 3 -0.082691941410303102 180.00000000000003 93.500000000000014 93.500000000000014 75.500000000000014 0.055219287052750594 0.10130250453948976 0.058227287605404861 1715.0000000000002 90.000000000000014 0.1005113609135151 0.060448419302701957 4 0.16935087740421298 0.1045757830142975 45.000000000000007 5 30.500000000000004 0.083937134593725218 0.048529487103223808 0.10777157172560693 0.34812588989734655 17.500000000000004 6 9.4634426204720526e-05 0.081383712589740767 84.500000000000014 0.053238462656736381 325.00000000000006 76.500000000000014 0.084925193339586272 10.500000000000002 22.500000000000004 70.500000000000014 7 69.500000000000014 97.500000000000014 8 1225.0000000000002 99.000000000000014 615.00000000000011 0.098019190132617964 715.00000000000011 950.00000000000011 0.056208498775959022 0.078528158366680159 54.500000000000007 76.500000000000014 9 101.50000000000001 63.500000000000007 64.500000000000014 1560.0000000000002 49.000000000000007 0.12863171845674518 107.50000000000001 0.11885417997837068 113.00000000000001 16.500000000000004 0.064750330522656455 1255.0000000000002 0.17244166880846026 1410.0000000000002 10 88.500000000000014 78.500000000000014 475.00000000000006 87.500000000000014 79.500000000000014 1280.0000000000002 107.50000000000001 113.00000000000001 117.50000000000001 11 12 74.500000000000014 0.10088627040386201 0.12240357697010042 37.500000000000007 0.059393314644694335 13 325.00000000000006 16.500000000000004 14.500000000000002 0.13931092619895938 0.15358696132898333 100.50000000000001 0.14566303044557574 325.00000000000006 22.500000000000004 0.12228051945567132 113.00000000000001
decision_type=2 2 2 10 10 2 2 8 8 2 9 2 8 2 9 9 2 2 2 2 2 2 2 2 2 2 10 2 2 10 2 2 10 9 2 2 2 2 2 2 10 8 2 2 10 2 9 10 2 2 9 2 10 10 10 10 2 9 10 10 2 10 2 2 2 2 2 2 9 2 2 9 2 2 2 2 2 2 10 10 2 2 9 2 2 2 2 2 8 2 8 2 2 2 2 8 2 9 2 2 2 2 2 2 2 2 2 9 9 2 10 2 2 2 9 2 2 2 8 2 2 10 2 2 10 2
left_child=1 2 5 7 14 9 -2 32 29 36 119 -12 26 -14 121 16 118 18 31 34 -19 24 23 -23 50 46 -13 28 -18 58 -11 -15 43 86 93 56 45 38 39 97 41 -40 -38 44 -3 112 85 60 -43 -36 51 -17 54 55 -16 -54 57 -21 59 -7 -6 -45 63 64 65 -51 92 -68 -69 84 -71 72 74 -74 -72 -73 82 -78 -31 80 -80 -82 83 120 -64 -10 87 -24 -41 -32 -48 -92 -67 -4 -47 -87 -55 -26 99 108 101 -101 -102 105 -105 -100 107 -107 -37 -110 -60 -112 114 -114 115 -1 117 -117 -9 -8 -77 -5 123 -27 -124 -126
right_child=6 3 19 4 47 8 10 15 25 30 11 12 13 17 52 21 27 20 -20 35 -22 22 33 -25 37 122 -28 -29 -30 78 89 -33 -34 -35 49 98 42 -39 40 88 -42 48 -44 61 -46 94 90 -49 -50 62 -52 -53 53 96 -56 -57 -58 -59 110 -61 -62 -63 69 -65 -66 66 67 68 -70 70 71 75 73 -75 -76 76 77 -79 79 -81 81 -83 -84 -85 -86 95 -88 -89 -90 -91 91 -93 -94 -95 -96 -97 -98 -99 103 100 102 -103 -104 104 -106 106 -108 -109 109 -111 111 -113 113 -115 -116 116 -118 -119 -120 -121 -122 -123 124 -125 125 -127
leaf_value=0.0062931227005697515 0.011899380987175391 0.047740266557457375 0.0025349641281553221 0.016300182392646058 -0.018733727282613653 0.0066401732957750981 -0.039379461533389983 0.0086631493495034646 0.0056512610246421827 -0.0017719657125611435 -0.095532292537538435 0.029603908998110603 -0.11179387872576714 -0.073289850172512036 0.0024473697403886749 -0.044978010452037018 0.014014346886673499 -0.046616924081711059 0.029094831145034646 0.030193855528762231 -0.10833317613601685 -0.0085180483648958274 -0.049041117632123529 -0.065520117538921188 -0.010836915743119757 0.0039267032691839817 -0.030495248052757232 -0.021979238488771351 -0.012074930339798106 0.014817622204030673 0.0035902302415685636 -0.025665570631833143 0.0065044830597325637 -0.0002636433228760759 0.016474972321591771 0.00077538712500104998 0.0026446505147623449 -0.0078854201541951295 0.006975424627049101 -0.031552966360356476 0.0067405933660268785 -0.033989569448340522 -0.031303800909726086 -0.014640481898542909 -0.001919232200021329 0.00425689903890792 -0.0014542465161181723 -0.002841413099634997 -0.057833140068647218 -0.019609861786550418 -0.0093574822062587708 0.00011199128916467802 -0.017721250336109277 0.00097572731156975927 0.013808338864306272 0.0068797418343310704 -0.0058575641025179108 -0.0057975351713042324 -0.0038490185627358016 0.041818346001448167 -0.0047742023033185525 -0.0026769990267936682 -0.0045163795518671406 -0.010110214335697957 -0.012973027384173552 -0.0043065305978365227 -0.0054435279857039387 -0.039872352879131788 0.0040539188611758608 -0.00079474383379728175 -0.010611784548719416 0.0030351911064132185 -0.032609490177048173 -0.09333050919308078 0.0069806303283071816 -0.028983276353343149 0.023591908460187019 -0.0032763953201936698 -0.0039774047889084034 0.013228085013960889 0.021280947919439467 0.0035802154212327165 0.00022810269679341997 -0.022769890920444014 -0.010429474188421337 -0.021073089562820124 0.015340084949617876 -0.009854100763156827 0.0035824172614267518 -0.00075231799047555071 -0.0071962073199588949 -0.038772374704623448 0.0055842758301045212 -0.0028015385936664933 0.016802209719190803 -0.002169400480366583 -0.024223533365875481 -0.032780849482024803 0.0039101792764880136 -0.012420007244978978 -0.016256776707825299 -0.061211342882020632 0.0034497224520335847 -0.042944496896223358 0.010781752044309137 0.0029522069912125233 0.00044538225899017883 -0.03610761699985604 -0.0050983933994107819 0.0084219743278954179 0.0024945703290912909 -0.03270424850015291 0.0049115049089527262 0.014659033066444517 0.0090850908473270268 0.0088538115213413048 -6.6568890058644819e-05 -0.087785334738818083 -0.0052720423822432685 -0.0043332629390763783 -0.06545413150432261 0.0068725226637181263 0.00066162362484828451 -0.0043564187814466304 -0.004021683527606265 -0.029712797564057196
leaf_weight=333 159 102 4991 1840 988 631 127 517 1895 19414 252 123 124 186 10614 371 466 140 105 240 109 458 183 232 289 2378 119 1718 2608 1244 18900 141 2047 4186 277 16211 21984 691 107 103 124 934 120 894 114 26397 3803 32502 288 591 9343 361 1012 10724 1272 249 9606 356 5215 123 1592 11211 30700 8797 2892 1773 16861 112 2327 19821 1645 2815 115 138 742 153 213 9042 1911 1634 576 6202 146 751 3557 303 101 537 594 8177 11464 129 2729 13586 663 4577 161 771 9471 1982 474 118 1811 158 107 508 4793 366 7396 911 7452 144 2978 4326 1692 100 306 109 30677 211 140 2558 34587 11322 2572 220
leaf_count=333 159 102 4991 1840 988 631 127 517 1895 19414 252 123 124 186 10614 371 466 140 105 240 109 458 183 232 289 2378 119 1718 2608 1244 18900 141 2047 4186 277 16211 21984 691 107 103 124 934 120 894 114 26397 3803 32502 288 591 9343 361 1012 10724 1272 249 9606 356 5215 123 1592 11211 30700 8797 2892 1773 16861 112 2327 19821 1645 2815 115 138 742 153 213 9042 1911 1634 576 6202 146 751 3557 303 101 537 594 8177 11464 129 2729 13586 663 4577 161 771 9471 1982 474 118 1811 158 107 508 4793 366 7396 911 7452 144 2978 4326 1692 100 306 109 30677 211 140 2558 34587 11322 2572 220
internal_value=-0.00179865 -0.0016599 -0.000930511 -0.00375347 -0.000582973 0.00112491 -0.0417045 -0.00662894 -0.000636312 0.0027673 -0.0469151 -0.054529 -0.0445783 -0.0579771 0.00286522 -0.00788917 -0.00611132 -0.0480283 -0.0329461 -0.00326612 -0.0739585 -0.011132 -0.00579857 -0.027751 -0.0133134 -0.0018118 4.71397e-05 -0.0130902 -0.00811668 0.00278971 0.000587279 -0.0528955 -0.00174682 -0.00276842 -0.00404708 -0.00147638 0.00448485 -0.0210032 -0.0238236 -0.016837 -0.0322545 -0.0358952 0.00245894 -0.0031181 0.021643 0.00569819 -0.00445155 -0.00337735 -0.0396517 -0.00451514 -0.0103342 -0.0227712 0.00140913 -0.000797829 0.00366424 -0.0128619 -0.00500506 0.00872194 0.000232604 0.0124266 -0.0101251 -0.00356168 -0.00457011 -0.00602337 -0.0047054 -0.00372471 -0.00332948 -0.00450012 0.00202129 -0.00382071 -0.00256436 -0.00477018 -0.0109943 -0.0659671 -0.00514254 -0.00353024 -0.00529979 -0.00265555 0.00578823 0.00469879 0.00309349 0.00508736 -0.0258454 -0.0294884 -0.00513064 -0.000828609 -0.0155236 -0.0198683 -0.00164752 0.00227884 -0.00604121 -0.00755088 0.00168894 -0.00136774 0.00456488 -0.00334721 0.000600814 -0.0268139 -0.000663766 -0.00175885 -0.00761151 -0.0151894 -0.000643513 0.00139108 -0.0212923 0.00178955 -0.00175462 -0.0138061 -0.000711842 -0.00361048 -0.000485995 0.00182308 0.00881274 0.010686 0.003424 -0.00786889 -0.0170205 -0.0417245 -0.00504081 -0.0175788 -0.046573 0.0108196 -0.000665939 -0.00291848 0.000159709 -0.00605597
internal_weight=518638 516842 383303 133539 63512 203881 1796 70027 98382 105499 1637 1299 1047 805 28430 55659 35986 681 432 179422 249 19673 5697 690 13976 73250 242 4792 3074 25132 46491 327 14368 5007 124914 54508 59008 3901 3210 1757 1453 1329 22104 12321 216 36904 22171 35082 1222 106337 10075 732 24032 12146 11886 1261 10202 596 13565 754 2580 12105 106060 36082 27285 24393 23802 19300 2439 69978 35721 15900 2640 253 2387 13260 10445 9255 11567 10323 8689 6778 1190 1044 34257 6775 821 720 697 27077 15396 11593 4502 18577 27060 4880 10885 1060 44306 28903 4385 2100 2285 15403 265 15138 5667 874 24518 8307 12811 7596 9844 7304 2540 848 515 209 31194 338 293 4398 51079 13700 37379 2792
internal_count=518638 516842 383303 133539 63512 203881 1796 70027 98382 105499 1637 1299 1047 805 28430 55659 35986 681 432 179422 249 19673 5697 690 13976 73250 242 4792 3074 25132 46491 327 14368 5007 124914 54508 59008 3901 3210 1757 1453 1329 22104 12321 216 36904 22171 35082 1222 106337 10075 732 24032 12146 11886 1261 10202 596 13565 754 2580 12105 106060 36082 27285 24393 23802 19300 2439 69978 35721 15900 2640 253 2387 13260 10445 9255 11567 10323 8689 6778 1190 1044 34257 6775 821 720 697 27077 15396 11593 4502 18577 27060 4880 10885 1060 44306 28903 4385 2100 2285 15403 265 15138 5667 874 24518 8307 12811 7596 9844 7304 2540 848 515 209 31194 338 293 4398 51079 13700 37379 2792
cat_boundaries=0 1 2 3 4 5 6 7 8 9 10 11 12 13 14
cat_threshold=1 2 6 1 2 2 2 4 1 4 1 10 10 1
is_linear=0
shrinkage=0.03


Tree=44
num_leaves=127
num_cat=30
split_feature=0 5 5 5 5 12 5 0 27 0 5 5 11 5 26 5 5 27 27 29 0 27 2 0 0 5 25 0 25 5 11 25 5 25 25 5 27 5 27 11 29 13 0 0 27 25 25 11 27 0 4 0 25 5 0 25 0 0 12 27 27 27 5 31 27 13 5 29 30 5 31 0 25 25 27 27 30 5 11 25 25 26 0 0 0 0 5 0 30 0 5 25 20 28 25 0 29 25 0 0 5 13 27 25 5 25 25 11 29 5 25 25 5 0 27 27 31 25 0 25 25 25 13 5 5 12
split_gain=2905.16 1888.34 1327.32 898.445 684.117 567.273 660.803 533.713 992.62 4037.43 1128.58 786.83 659.504 778.242 562.471 511.054 494.53 630.041 617.284 799.405 478.125 401.587 395.791 534.962 1498.84 664.382 790.759 1824.63 575.241 532.908 455.405 396.361 391.265 384.834 380.49 416.674 434.264 418.14 379.067 378.599 673.685 446.264 372.744 364.499 426.251 359.438 356.548 353.708 428.633 350.686 511.999 1283.69 721.59 342.475 892.947 2215.94 402.97 371.384 338.134 336.451 332.543 322.084 456.445 320.636 371.934 363.897 423.022 331.877 351.346 339.646 310.877 309.959 401.391 306.057 298.731 297.33 297.095 293.57 287.288 278.951 270.811 270.647 267.593 266.546 262.89 260.897 258.996 285.545 256.255 254.185 356.086 258.122 251.946 251.653 246.143 260.878 244.514 271.46 244.16 241.274 969.3 599.079 271.081 498.483 416.82 265.906 540.261 246.329 244.213 273.884 309.997 355.375 355.347 519.194 334.575 263.812 252.385 251.656 239.015 238.409 478.631 236.101 234.801 232.158 228.971 228.149
threshold=13030.000000000002 0 1 2 3 -1.0000000180025095e-35 4 325.00000000000006 0.086274277418851866 475.00000000000006 5 6 0.24372619390487674 7 0.33039350807666784 8 9 0.049178216606378562 0.058846931904554374 0.075850013643503203 6250.0000000000009 0.095947422087192549 10 950.00000000000011 850.00000000000011 11 49.000000000000007 615.00000000000011 38.500000000000007 12 -0.4218058288097381 59.500000000000007 13 99.000000000000014 180.00000000000003 14 0.10038758814334871 15 0.098019190132617964 0.35846313834190374 0.15539915859699252 38.500000000000007 90.000000000000014 325.00000000000006 0.059944719076156623 29.500000000000004 93.500000000000014 -0.86546283960342396 0.1575826704502106 325.00000000000006 16 950.00000000000011 17.500000000000004 17 180.00000000000003 53.500000000000007 90.000000000000014 225.00000000000003 -0.23537842929363248 0.053263295441865928 0.058047603815793998 0.064750330522656455 18 0.042056079953908927 0.049178216606378562 37.500000000000007 19 0.069317996501922621 0.086431432515382781 20 0.065485514700412764 155.00000000000003 58.500000000000007 28.500000000000004 0.089248880743980422 0.07936600968241693 0.16192837059497836 21 -0.90529522299766529 20.500000000000004 26.500000000000004 0.25383376330137258 950.00000000000011 225.00000000000003 325.00000000000006 1560.0000000000002 22 1410.0000000000002 0.14039137214422229 110.00000000000001 23 11.500000000000002 36.500000000000007 0.102102879434824 77.500000000000014 155.00000000000003 0.04441503249108792 84.500000000000014 950.00000000000011 110.00000000000001 24 40.500000000000007 0.069445703178644194 103.50000000000001 25 97.500000000000014 72.500000000000014 0.07411635667085649 0.062489351257681854 26 22.500000000000004 36.500000000000007 27 225.00000000000003 0.064750330522656455 0.058047603815793998 0.04702571593225003 19.500000000000004 715.00000000000011 77.500000000000014 88.500000000000014 32.500000000000007 25.500000000000004 28 29 0.7074720859527589
decision_type=2 9 9 9 9 2 9 2 2 2 9 9 2 9 8 9 9 2 2 8 2 2 9 2 2 9 2 2 2 9 2 2 9 2 2 9 2 9 2 2 8 2 2 2 2 2 2 2 2 2 9 2 2 9 2 2 2 2 2 2 2 2 9 10 2 2 9 8 10 9 10 2 2 2 2 2 10 9 2 2 2 10 2 2 2 2 9 2 8 2 9 2 2 10 2 2 10 2 2 2 9 2 2 2 9 2 2 2 8 9 2 2 9 2 2 2 10 2 2 2 2 2 2 9 9 2
left_child=1 4 -2 5 75 6 -3 16 11 -10 21 63 58 14 -14 47 99 -18 19 73 39 -11 32 24 25 79 27 28 -27 -25 -26 -28 43 61 35 82 37 74 -29 41 -41 77 45 44 -7 -42 85 -4 93 71 51 52 78 54 55 -21 -57 80 -12 92 -45 89 94 65 -65 67 -67 -9 69 -69 -13 72 -8 -19 -37 -1 124 122 -51 -24 -55 -39 -15 -35 -79 118 -86 -88 -38 90 -20 -92 -59 -49 95 -63 -75 -98 -78 100 101 107 104 -104 -102 106 108 -5 116 117 115 112 -112 -114 -113 -111 -101 -110 -23 -34 -121 -56 -6 -60 -66 -17
right_child=2 3 15 7 20 22 49 8 9 10 12 70 13 34 -16 125 17 18 33 53 -22 46 23 29 30 26 31 38 -30 -31 -32 -33 119 83 -36 36 88 81 -40 40 42 -43 -44 60 -46 -47 -48 48 -50 50 -52 -53 -54 57 121 56 -58 59 123 -61 -62 62 -64 64 76 66 -68 68 -70 -71 -72 -73 -74 96 -76 -77 98 84 -80 -81 -82 -83 -84 -85 86 -87 87 -89 -90 -91 91 -93 -94 -95 -96 -97 97 -99 -100 105 102 -103 103 -105 -106 -107 -108 -109 109 110 111 114 113 -115 -116 -117 -118 -119 -120 120 -122 -123 -124 -125 -126 -127
leaf_value=0.013939210615349015 -0.087344533148057318 0.0041996886663035193 -0.076692443559182935 0.016948017769373287 0.0024392701620512035 0.00036640792233889462 -0.001470984700123327 -0.025459469764339406 -0.12292845614877851 0.010374754295947369 2.1699761213650941e-05 0.0057906377216447313 -0.004897166864966932 0.017315024823240446 -0.030173177992884298 0.01079372151886795 0.010000958558667854 -0.031918565114289525 -0.04423979406750389 -0.10507042938663114 -0.063143367881958304 0.0044237705057068406 0.020544937851378418 -0.01009477850632763 -0.041902168621213529 -0.0090669377392475058 0.0025436587926265524 -0.11233457946777343 -0.056842850486607532 0.0046363934605641267 -0.11976960392470688 -0.014106327774801638 -0.0013709116699881809 -0.0035461771836650838 -0.048441262304145381 -0.019250750811467043 -0.01390900061236224 -0.017854462725739737 -0.057846551335131634 0.0022172881227020651 0.0071884661699917821 -0.00029001782048592112 -0.005777620295237592 -0.080068963170051563 -0.05737750544228816 -0.045955037185353251 0.017453128780587062 -0.033288058919528504 0.0092977796376697598 -0.039149781286716458 -0.0059764491850830036 0.0205432218730956 -0.0092000108293217153 -0.025070200215133651 0.014712771282678817 0.027023764758399037 -0.019012444580468007 -0.063438163782613216 -0.00062619898567864386 -0.03302222262602391 -0.014500805406320479 0.0035954529468511451 -0.022153316456012109 0.0055901884753999081 -0.0022764610478396845 0.0023509559678689543 -0.0079025119581839359 0.0055829692801575839 0.018862681747895474 -0.0016929368207212467 -0.00014218227925946782 0.0071429994301804066 -0.0382447883048379 -0.0071417281421014851 0.0042381406556518874 -4.0323771770918434e-05 0.014797504412482242 -0.0013987779811689015 -0.095439411683516065 -0.0046029215672314548 -0.0044582506693141375 0.0054141513690787917 -0.00087681211799775223 -0.043525326146602469 0.0069645291527042205 0.015975558722551592 0.0018706879613012092 -0.025056485780285759 -0.0017204908583458151 0.0042598221055006021 0.036604090150107037 -0.0075791578892020787 -0.016017631786604588 -0.085235161821429539 0.011402752546834326 -0.013209380359016769 -0.0024064188261832633 0.016944399963710839 -0.0071036907121278933 -0.0090475411507622422 -0.0047901780276021532 -0.090432818427918449 -0.0090230689543230672 -0.07287755586108878 0.0106911545356515 -0.0044223322699163395 0.008591230791490885 -0.044479851748080959 -0.02420015947939172 -0.0014924639646001991 -0.00014301373080580855 -0.004855294841761987 -0.035096644455549678 -0.0088714736657425596 0.009359866676485468 0.019891352449892194 0.019528199232327945 0.0099104847234443884 -0.0038000284487632497 -0.013566874989359353 -0.00099073028706091757 -0.0050903960650852346 0.011841996480981557 -0.0052940183747831344 -0.014108087121891179 -0.034227170721911213
leaf_weight=5642 397 10244 180 100 3656 557 1385 380 250 5930 32635 32137 1241 914 2193 380 1978 249 212 278 103 4848 430 4970 133 1369 1484 224 271 3966 140 9668 15135 266 186 655 1823 6142 244 17141 160 35201 12279 161 144 400 1134 453 188 119 14813 308 206 770 617 197 1264 103 13464 1907 123 1430 1399 2164 2043 6217 8656 11548 1160 11533 10561 3313 330 1561 1894 1808 816 9478 274 5030 2244 485 3555 344 15346 867 11216 365 10430 7070 131 1208 3466 103 907 1984 1230 1388 1042 396 6589 188 3184 113 2041 11984 6351 140 212 1344 1424 7948 1074 1849 1833 845 930 2265 9244 5371 5525 4397 6906 33428 5413 137
leaf_count=5642 397 10244 180 100 3656 557 1385 380 250 5930 32635 32137 1241 914 2193 380 1978 249 212 278 103 4848 430 4970 133 1369 1484 224 271 3966 140 9668 15135 266 186 655 1823 6142 244 17141 160 35201 12279 161 144 400 1134 453 188 119 14813 308 206 770 617 197 1264 103 13464 1907 123 1430 1399 2164 2043 6217 8656 11548 1160 11533 10561 3313 330 1561 1894 1808 816 9478 274 5030 2244 485 3555 344 15346 867 11216 365 10430 7070 131 1208 3466 103 907 1984 1230 1388 1042 396 6589 188 3184 113 2041 11984 6351 140 212 1344 1424 7948 1074 1849 1833 845 930 2265 9244 5371 5525 4397 6906 33428 5413 137
internal_value=-0.00170169 -0.00156807 -0.0393414 -0.00256093 0.001736 -0.00527737 -0.00203251 -0.00181351 -0.00104066 -0.0027236 -0.00249339 0.00131869 -0.00374426 -0.00757403 -0.0209818 -0.0252839 -0.00380295 -0.00646121 -0.00740384 -0.010896 0.00115118 0.00370012 -0.00710854 -0.00961329 -0.0124646 -0.0114444 -0.0150665 -0.0319254 -0.0169914 -0.00356307 -0.0821256 -0.0118907 -0.00451366 -0.00280878 -0.00579788 -0.00549199 -0.00722772 -0.0121658 -0.0841102 0.0012109 -0.00167476 0.00226377 -0.0068707 -0.0229765 -0.0115602 -0.0307854 0.00124243 -0.038611 -0.0298254 -0.00510918 -0.00731731 -0.0291854 -0.054747 -0.0141554 -0.00906413 -0.0275946 -0.0127907 -0.0181714 -0.00232316 -0.0228477 -0.051822 -0.00181521 -0.00733403 -0.00119794 -0.00561155 8.45798e-05 -0.00362037 0.00232271 0.00275925 0.00194915 0.00432222 0.00178447 -0.00856516 0.00032478 -0.00179579 0.0105329 -0.00821446 0.00417776 -0.0785376 -0.00261423 -0.00973065 -0.0161266 0.00284047 -0.0261261 0.0028973 1.24589e-05 0.00441054 0.00101905 -0.00353488 0.00184693 -0.00914751 -0.00320849 -0.0174036 -0.0430471 -0.00247503 -0.00617146 0.00225313 0.00785547 0.0025177 -0.00188639 -0.00553376 -0.0493205 -0.00391384 -0.011233 -0.00112118 -0.000714924 0.000963604 -0.0189208 -0.00144441 -0.00232252 -0.00373312 -0.00536309 -0.0124992 -0.018453 -0.00219063 0.00676745 0.0109939 0.00695439 -0.000970723 -0.00380563 -0.00719061 -0.00265106 0.00857969 -0.00395506 -0.0108888 -0.00115709
internal_weight=519874 518036 1838 398335 119701 85937 30992 312398 224988 131318 131068 93670 109045 29518 3434 1441 87410 36600 34622 19671 112251 22023 54945 27929 18993 18720 13260 2108 1640 8936 273 11152 27016 14951 26084 25898 21429 9176 468 112148 29980 82168 12839 985 701 560 16093 924 744 20748 15720 907 599 15243 6753 1739 1461 8490 79527 5476 284 14341 5720 50972 11478 39494 14873 24621 24241 23081 42698 5028 1715 4428 2549 7450 9314 46967 393 5460 3014 6627 4469 610 36405 14959 26927 11581 12253 8621 1551 1339 3569 556 4321 3414 4179 2618 1858 50810 12355 428 11927 3297 8630 38455 26471 240 20120 18794 16317 14128 4347 2923 9781 2189 1326 2477 14092 26031 10896 5014 10562 46892 7456 517
internal_count=519874 518036 1838 398335 119701 85937 30992 312398 224988 131318 131068 93670 109045 29518 3434 1441 87410 36600 34622 19671 112251 22023 54945 27929 18993 18720 13260 2108 1640 8936 273 11152 27016 14951 26084 25898 21429 9176 468 112148 29980 82168 12839 985 701 560 16093 924 744 20748 15720 907 599 15243 6753 1739 1461 8490 79527 5476 284 14341 5720 50972 11478 39494 14873 24621 24241 23081 42698 5028 1715 4428 2549 7450 9314 46967 393 5460 3014 6627 4469 610 36405 14959 26927 11581 12253 8621 1551 1339 3569 556 4321 3414 4179 2618 1858 50810 12355 428 11927 3297 8630 38455 26471 240 20120 18794 16317 14128 4347 2923 9781 2189 1326 2477 14092 26031 10896 5014 10562 46892 7456 517
cat_boundaries=0 2 4 6 8 10 12 14 16 18 20 21 23 25 26 28 29 30 32 34 36 38 40 41 43 45 47 48 49 51 53
cat_threshold=423901270 42 268435458 8192 574505 2112 16 2 1056 2048 66176 5505 70255232 21892 1140981760 512 35127296 4 1142947968 18304 10 32777 64 32768 2048 33 2149580800 16400 536870912 1 8520192 4096 33620480 1 68158080 1028 3145728 16384 262148 8 20979714 131072 16 0 512 1073741952 1152 67108992 1073741824 10485760 16896 0 4352
is_linear=0
shrinkage=0.03


Tree=45
num_leaves=127
num_cat=38
split_feature=0 5 5 5 5 0 27 5 5 27 12 5 5 27 28 11 21 5 0 27 5 13 23 12 5 27 31 2 31 0 2 5 0 0 0 5 5 25 23 11 23 25 5 5 0 0 5 5 0 25 27 27 25 0 13 0 5 27 27 25 25 0 25 25 0 5 0 27 28 29 28 28 11 5 25 27 13 24 23 27 5 0 27 5 25 12 25 11 5 0 5 5 25 25 0 23 8 12 25 0 25 23 0 27 5 0 5 5 0 5 3 11 0 5 5 27 3 27 5 0 25 8 27 5 0 25
split_gain=2982.64 1785.45 1184.48 839.494 717.531 587.935 1180.77 1110.53 825.214 741.936 485.057 468.407 431.307 530.022 1175.73 405.857 730.221 1364.01 540.831 752.752 477.077 461.204 400.787 397.059 385.288 447.682 597.442 366.05 361.37 357.847 356.535 415.509 522.349 346.735 359.946 824.449 425.585 396.104 378.303 539.811 349.817 394.055 344.102 335.694 334.431 1457.32 553.399 510.03 472.527 1654.72 382.144 338.305 520.874 387.293 332.911 318.602 332.314 336.641 329.729 333.324 315.203 313.86 308.993 402.504 303.929 416.261 1265.09 335.601 297.352 297.35 293.273 288.962 324.611 426.597 483.995 288.633 288.124 280.296 274.755 274.033 352.082 273.024 263.593 261.503 260.537 257.429 256.347 317.697 252.357 248.806 1086.64 391.127 244.974 439.366 242.778 240.696 240.55 239.835 233.766 232.784 232.596 351.912 336.957 248.143 303.111 231.231 241.082 221.884 218.172 703.47 369.53 295.954 244.338 217.514 217.27 215.152 212.893 213.192 208.46 636.076 556.268 296.064 256.154 235.07 718.755 207.215
threshold=13030.000000000002 0 1 2 3 325.00000000000006 0.059944719076156623 4 5 0.058846931904554374 -0.42958799004554743 6 7 0.058846931904554374 0.12542224675416949 0.24372619390487674 0.14014542102813723 8 850.00000000000011 0.095947422087192549 9 37.500000000000007 0.064333807677030577 -0.69676771759986866 10 0.058047603815793998 0.034577144309878356 11 0.065425857901573195 1560.0000000000002 12 13 325.00000000000006 1940.0000000000002 325.00000000000006 14 15 114.50000000000001 0.032954851165413863 -0.0053757284767925731 0.07194120436906816 39.500000000000007 16 17 950.00000000000011 850.00000000000011 18 19 615.00000000000011 49.000000000000007 0.098019190132617964 0.061421869322657592 81.500000000000014 90.000000000000014 39.500000000000007 1715.0000000000002 20 0.11368945986032487 0.095947422087192549 82.500000000000014 82.500000000000014 1560.0000000000002 81.500000000000014 74.500000000000014 325.00000000000006 21 950.00000000000011 0.059393314644694335 0.10800887271761896 0.092177450656890883 0.090328950434923186 0.11512083932757379 0.22700754553079608 22 90.500000000000014 0.08212983608245851 42.500000000000007 0.96248707175254833 0.12977331131696704 0.084925193339586272 23 61.500000000000007 0.052256155759096153 24 130.50000000000003 0.48126256465911871 43.500000000000007 0.24372619390487674 25 110.00000000000001 26 27 77.500000000000014 88.500000000000014 45.000000000000007 0.043235365301370628 9.5000000000000018 0.86439019441604625 21.500000000000004 61.500000000000007 49.000000000000007 0.07194120436906816 325.00000000000006 0.16352472454309466 28 155.00000000000003 29 30 325.00000000000006 31 32 -0.5917624533176421 1225.0000000000002 33 34 0.16058247536420825 35 0.07936600968241693 36 1225.0000000000002 99.000000000000014 11.500000000000002 0.064750330522656455 37 950.00000000000011 110.00000000000001
decision_type=2 9 9 9 9 2 2 9 9 2 2 9 9 2 8 2 8 9 2 2 9 2 8 2 9 2 10 9 10 2 9 9 2 2 2 9 9 2 10 2 8 2 9 9 2 2 9 9 2 2 2 2 2 2 2 2 9 2 2 2 2 2 2 2 2 9 2 2 8 10 10 10 2 9 2 2 2 2 10 2 9 2 2 9 2 2 2 2 9 2 9 9 2 2 2 8 2 2 2 2 2 8 2 2 9 2 9 9 2 9 1 2 2 9 9 2 1 2 9 2 2 2 2 9 2 2
left_child=1 4 22 10 70 12 7 83 27 24 11 -3 23 14 -14 21 20 18 19 -18 75 77 -2 113 25 26 98 107 -26 86 31 32 85 34 35 37 -36 38 39 -6 41 69 61 -4 45 46 51 62 76 50 -50 52 53 -32 -47 56 -20 58 60 -60 -58 115 63 -46 82 66 67 -66 -41 -38 81 72 73 74 -24 -17 99 -10 -53 -15 -81 94 -13 -7 -51 -12 87 -29 -28 90 96 -91 100 -94 -1 -54 -25 -93 -9 -48 108 102 -102 104 -103 -82 -107 -8 110 111 -33 112 -110 -5 -49 -19 -84 -118 119 122 -121 -122 -23 124 -124 -16
right_child=2 3 43 5 33 6 8 9 15 -11 30 64 13 79 125 16 17 42 55 -21 -22 118 71 89 28 -27 88 29 -30 -31 44 92 -34 -35 36 -37 40 -39 -40 68 -42 -43 -44 -45 47 54 48 114 49 84 -52 78 95 -55 -56 -57 57 -59 59 -61 -62 -63 -64 -65 65 -67 -68 -69 -70 -71 -72 -73 -74 -75 -76 -77 -78 -79 -80 80 105 -83 116 -85 -86 -87 -88 -89 -90 91 -92 97 93 -95 -96 -97 -98 -99 -100 -101 101 103 -104 -105 -106 106 -108 -109 109 -111 -112 -113 -114 -115 -116 -117 117 -119 -120 120 121 -123 123 -125 -126 -127
leaf_value=0.026611737808585167 -0.0073354655675223609 0.0043322141241459444 -0.027722242043083076 0.0096026587016607694 -0.0045494106349047159 0.019745897136140125 0.012300556038354326 -0.063547574642759092 -0.0078393929623194625 0.0084723178346393698 -0.046373809244645188 -0.018116851581652074 -0.00026544720368513054 -0.0006139040946942008 -0.014792203681221925 -0.015064816150202789 -0.091990515860644245 -0.014906336576349228 -0.041592292608825417 -0.027675069465591638 0.0011330528799563362 -0.016420773508460402 -0.0061495307513645715 -0.034013616910268517 0.0012953022522378 0.0068781945226145617 0.015137701929388698 -0.0097943001591181914 -0.010989363559959622 0.014499363009002991 -0.021848101966518058 0.0083121631085255106 -0.059797482168973598 -0.031011046729742763 0.0078641069112281234 0.0014852377222486556 -0.022110139047209584 -0.046032181489693964 0.0048856486792658591 -0.001406500358681983 0.0011326387714611639 0.0044106144242955052 -0.0010885055828769273 0.013065707260129572 -0.010922197655762765 -0.12304370997659861 0.010023789383846392 0.00078447341913921264 -0.10882199444449865 -0.0082053740971020396 -0.052765030484646556 0.00023851192624949408 -0.01821078599477105 0.001443289299247899 -0.053096064149221828 -0.062095586802554323 0.026741732915340388 -0.0012394629517537045 -0.049964001002284625 -0.019023348815470079 -0.017000954779152842 0.01786317059482731 -0.026018766085956997 0.012054863796947401 -0.02902646876298464 -0.0056192523186977504 0.020560898077361067 -0.092783759479791339 -0.022413646946021465 -0.085958364919559757 0.020416634920100696 -0.10665711858218772 -0.014730912896303029 -0.086861447494860008 -0.078308455509855254 -0.0038478661502211234 -0.018910152284860499 0.00082165670954711912 -0.026142077375404003 -0.064009556709191728 0.0074929211555617749 0.0067866141975549679 0.018639956836574177 0.0079836317724899138 -0.05270832382995664 0.0029506478239748166 -0.0019081143154276677 -0.050037253564263515 -0.0075929787979329656 0.0052510181820092268 -0.0054351591231895074 -0.0063466607940084532 -0.013199900921959959 -0.0011295828477550166 -0.0081875971552419803 -0.048074276304580797 -0.083552667289166827 0.0004942318174791004 -0.020213096206240698 -0.0099470977245678764 0.017880354185389091 0.010358351210891483 -0.03627568642983222 -0.020524633358812112 -0.00062272531882294837 0.0015700977824011503 -0.028896734940292223 0.0038150940884258155 -0.03391551730433718 0.011248341795631903 -0.0110372504232874 -0.0099588549168345697 0.01498836187129416 -0.00030076336111151635 0.02103584884302483 -0.0033479099099677063 0.0046892693947307639 -0.022088314858721751 -0.0031501756601612606 -0.016918037543373721 -0.099143892853938292 -0.031992926267925104 0.0094547984204654111 0.0019977664155995272 -0.034662762030807821 0.0056903439886971481
leaf_weight=199 121 7997 378 3553 7973 1926 3800 116 3636 6827 123 470 8604 13862 14591 2970 230 4861 447 568 16236 1485 188 173 15059 1256 609 915 2514 1019 939 2007 268 313 9086 25230 161 236 2078 756 64789 238 8194 333 4260 104 587 3989 207 1238 239 6460 570 2030 154 149 202 1181 484 892 549 344 931 817 116 11627 236 212 3067 111 1278 132 129 417 150 6771 3415 44627 375 106 477 17801 866 14905 130 410 5496 218 1500 5533 8787 12262 5439 5417 1845 425 184 7393 2790 4938 139 3711 397 396 5773 374 632 10324 1073 981 1592 1625 100 4544 531 2066 2131 305 44935 526 144 102 655 3438 673 458
leaf_count=199 121 7997 378 3553 7973 1926 3800 116 3636 6827 123 470 8604 13862 14591 2970 230 4861 447 568 16236 1485 188 173 15059 1256 609 915 2514 1019 939 2007 268 313 9086 25230 161 236 2078 756 64789 238 8194 333 4260 104 587 3989 207 1238 239 6460 570 2030 154 149 202 1181 484 892 549 344 931 817 116 11627 236 212 3067 111 1278 132 129 417 150 6771 3415 44627 375 106 477 17801 866 14905 130 410 5496 218 1500 5533 8787 12262 5439 5417 1845 425 184 7393 2790 4938 139 3711 397 396 5773 374 632 10324 1073 981 1592 1625 100 4544 531 2066 2131 305 44935 526 144 102 655 3438 673 458
internal_value=-0.00168852 -0.00155278 -0.0397232 -0.00259906 0.00141151 -0.00184435 -0.00102389 0.0031526 -0.00220384 -0.00024684 -0.00521397 -0.0015911 -0.00401449 -0.00628696 -0.00911136 -0.00301434 -0.00534267 -0.0096257 -0.0237573 -0.046304 -0.00201735 -0.00194258 -0.0585008 -0.00191808 -0.00274366 -0.00911995 -0.0131454 0.0032446 -0.000462409 -0.00204064 -0.0066196 -0.00422643 -0.025398 0.000470505 0.000557464 -0.00176331 0.00178486 -0.00756739 -0.00691528 -0.00899439 0.000937508 -0.0237868 -0.00530907 -0.00871101 -0.00879481 -0.0109171 -0.0100665 -0.00440581 -0.0148817 -0.0288539 -0.0789677 -0.00525183 -0.012228 -0.00592791 -0.0816582 -0.0191987 -0.0174805 -0.0140426 -0.0212135 -0.0299349 -0.00521536 -0.0100566 -0.0101226 -0.00722304 -0.00455845 -0.00686376 -0.0318019 -0.0703922 -0.0182609 -0.0483853 0.00648889 -0.0651563 -0.0588458 -0.0663539 -0.0372116 -0.00726162 -0.0120604 0.000169008 -0.00121246 -0.00196701 -0.0137633 0.00559424 0.00288002 0.00934163 -0.0124699 -0.00849745 -0.00458803 -0.0175747 -0.000989391 -0.00332791 -0.00756634 -0.001789 -0.003625 -0.00717763 -0.00478824 -0.031002 -0.0580859 -0.00377173 -0.0219642 -0.00782387 -0.00145932 0.0014274 -0.0222243 0.00271265 0.00368497 -0.00963487 -0.0178512 0.00610587 -0.00553431 -0.0105678 -0.000247643 -0.0181931 -0.0297372 0.00405704 0.00320886 -0.01146 0.00587325 0.00132889 -0.00390396 -0.00870888 -0.0343945 -0.0715431 -0.00554564 -0.00215441 -0.0128158 -0.0141685
internal_weight=519931 518083 1848 382922 135161 297172 215639 47502 168137 30671 85750 23960 81533 39104 23653 146365 46144 20167 4702 798 25977 100221 1137 42429 23844 6271 5015 21772 17573 7648 61790 29451 801 114038 113725 39340 74385 14110 13874 11796 65299 510 15465 711 32339 21811 21553 10528 10754 1814 446 10799 3964 2969 258 3904 3755 3308 2127 1376 751 7271 6008 5077 15963 12191 564 328 3823 272 21123 1016 884 755 338 9741 8940 48263 6835 15451 1589 19845 3772 16831 1368 533 6629 1133 2109 34332 9144 25188 28650 10856 2044 995 357 19655 2906 5525 17794 10416 536 9880 9484 1483 1006 14124 7378 3779 3599 2798 1173 8097 4520 6927 3302 2436 51958 7023 772 246 6251 4766 1328 15049
internal_count=519931 518083 1848 382922 135161 297172 215639 47502 168137 30671 85750 23960 81533 39104 23653 146365 46144 20167 4702 798 25977 100221 1137 42429 23844 6271 5015 21772 17573 7648 61790 29451 801 114038 113725 39340 74385 14110 13874 11796 65299 510 15465 711 32339 21811 21553 10528 10754 1814 446 10799 3964 2969 258 3904 3755 3308 2127 1376 751 7271 6008 5077 15963 12191 564 328 3823 272 21123 1016 884 755 338 9741 8940 48263 6835 15451 1589 19845 3772 16831 1368 533 6629 1133 2109 34332 9144 25188 28650 10856 2044 995 357 19655 2906 5525 17794 10416 536 9880 9484 1483 1006 14124 7378 3779 3599 2798 1173 8097 4520 6927 3302 2436 51958 7023 772 246 6251 4766 1328 15049
cat_boundaries=0 2 4 6 8 10 12 14 16 18 20 22 23 24 25 26 27 29 31 33 35 36 37 39 41 43 44 46 48 49 51 53 54 55 57 59 60 62 64
cat_threshold=423901270 170 303038466 8196 574505 2112 84 2 2727542784 9220 66176 4353 1056 2048 1149239424 18176 75628544 512 607125504 4 1073742336 4352 4 10 1 20979714 4194306 1074790400 8196 537395200 2048 32777 2112 32768 2048 131072 524288 33554432 4 131072 4096 2147483648 4 1073742336 0 512 67108992 512 557056 2097664 16 512 256 524288 2 1073741824 17408 17408 64 2 1075838976 16400 0 16
is_linear=0
shrinkage=0.03


Tree=46
num_leaves=127
num_cat=28
split_feature=0 5 5 5 12 2 5 5 0 0 0 0 5 5 0 12 0 25 5 0 0 5 5 23 27 22 25 23 13 5 11 27 27 0 11 5 22 25 25 0 0 5 5 21 11 27 5 8 0 5 0 25 25 0 25 0 0 5 25 0 5 23 20 32 11 25 27 0 5 32 27 0 0 25 11 27 0 25 27 25 27 13 5 11 5 27 13 31 25 5 21 0 30 25 27 25 21 25 25 0 25 22 25 25 27 25 0 21 3 25 13 0 25 27 25 27 25 5 29 27 5 5 5 27 27 30
split_gain=2684.73 1676.54 1227.11 852.246 605.916 549.952 2767.87 1009.96 1132.78 802.151 1888.41 605.864 2371.16 981.389 1317.89 683.616 729.149 560.182 603.975 843.919 462.48 722.228 547.351 681.806 481.745 672.73 456.286 464.216 453.84 440.434 468.083 437.229 436.932 1592.71 639.135 435.738 432.67 411.007 874.893 425.888 2223.26 907.836 517.241 487.562 419.266 409.536 396.992 469.396 396.298 714.81 390.793 386.265 530.126 378.033 376.557 513.617 1138.08 422.615 370.826 366.719 460.829 362.819 397.88 359.351 830.289 355.054 587.029 467.567 422.812 396.45 351.549 350.821 334.73 477.832 488.722 323.759 1310.23 778.508 321.285 318.415 325.215 317.287 302.759 337.728 355.729 300.799 297.516 296.58 296.097 292.358 331.547 290.059 320.952 286.176 284.794 744.642 278.543 274.909 334.691 274.835 515.139 274.229 273.488 327.353 266.783 323.091 489.828 719.401 297.295 270.444 265.36 258.763 1945.81 491.985 256.208 386.37 333.017 253.221 248.661 246.353 243.625 242.397 240.137 526.499 239.921 236.649
threshold=13030.000000000002 0 1 2 0.12332734838128091 3 4 5 1255.0000000000002 1715.0000000000002 1940.0000000000002 715.00000000000011 6 7 1225.0000000000002 0.48126256465911871 155.00000000000003 66.500000000000014 8 90.000000000000014 325.00000000000006 9 10 0.07194120436906816 0.053263295441865928 -0.42448458075523371 64.500000000000014 0.12977331131696704 38.500000000000007 11 0.49812944233417517 0.10945477336645128 0.072961069643497481 475.00000000000006 -0.46801505982875818 12 -0.046293048188090317 58.500000000000007 52.500000000000007 950.00000000000011 850.00000000000011 13 14 0.06530440598726274 0.34235194325447088 0.05270845256745816 15 9.5000000000000018 155.00000000000003 16 90.000000000000014 19.500000000000004 18.500000000000004 615.00000000000011 97.500000000000014 61.500000000000007 45.000000000000007 17 84.500000000000014 950.00000000000011 18 0.10042453557252885 76.500000000000014 0.17540762573480609 1.0000000180025095e-35 79.500000000000014 0.092709075659513487 1225.0000000000002 19 0.24404924362897876 0.052256155759096153 1225.0000000000002 1560.0000000000002 53.500000000000007 0.79383251070976268 0.086274277418851866 475.00000000000006 68.500000000000014 0.14500886201858523 42.500000000000007 0.052256155759096153 46.500000000000007 20 0.14250627160072329 21 0.089248880743980422 25.500000000000004 0.046168554574251182 21.500000000000004 22 0.066343475133180632 90.000000000000014 0.058018375188112266 76.500000000000014 0.16058247536420825 57.500000000000007 0.11839113011956216 88.500000000000014 87.500000000000014 155.00000000000003 33.500000000000007 -0.76414203643798817 50.500000000000007 29.500000000000004 0.055219287052750594 113.00000000000001 850.00000000000011 0.066236898303031935 23 81.500000000000014 39.500000000000007 1280.0000000000002 102.50000000000001 0.1045757830142975 9.5000000000000018 0.060448419302701957 49.000000000000007 24 0.092177450656890883 0.056865874677896507 25 26 27 0.055219287052750594 0.089248880743980422 0.25186137855052954
decision_type=2 9 9 9 2 9 9 9 2 2 2 2 9 9 2 2 2 2 9 2 2 9 9 8 2 10 2 8 2 9 2 2 2 2 2 9 10 2 2 2 2 9 9 8 2 2 9 2 2 9 2 2 2 2 2 2 2 9 2 2 9 8 2 8 2 2 2 2 9 10 2 2 2 2 2 2 2 2 2 2 2 2 9 2 9 2 2 10 2 9 10 2 8 2 2 2 10 2 2 2 2 8 2 2 2 2 2 8 1 2 2 2 2 2 2 2 2 9 10 2 9 9 9 2 2 8
left_child=1 3 36 87 93 6 89 8 31 11 -11 12 15 26 59 75 58 18 19 -14 21 63 24 118 25 29 -13 -28 86 -22 -31 37 -18 34 -34 78 81 38 39 40 41 43 -41 -7 -44 48 70 51 -20 -50 -45 52 -48 -43 57 56 -56 -23 -17 -15 -61 -6 -63 -5 -65 67 104 68 119 -68 -8 -29 73 74 -37 -9 -77 -78 -16 80 88 102 83 -33 -85 -79 -25 -1 -59 -3 -91 92 -70 -4 -26 -96 -69 98 121 100 -21 -82 103 -2 108 109 -107 -108 -67 -106 -42 -75 -113 -114 -52 116 -116 -88 -24 -39 -74 -49 123 -101 -121 -117
right_child=2 5 4 20 61 7 46 9 -10 10 -12 13 17 14 35 16 32 -19 45 99 22 54 23 28 94 -27 27 71 -30 30 -32 82 33 -35 -36 72 -38 65 -40 42 110 53 44 50 -46 -47 47 97 49 -51 114 -53 -54 -55 55 -57 -58 79 -60 60 -62 62 -64 64 -66 66 69 96 91 -71 -72 -73 120 111 -76 76 77 85 -80 -81 101 -83 -84 84 -86 -87 117 -89 -90 90 -92 -93 -94 -95 95 -97 -98 -99 -100 122 -102 -103 -104 -105 105 106 107 -109 -110 -111 -112 112 113 -115 115 125 -118 -119 -120 124 -122 -123 -124 -125 -126 -127
leaf_value=0.0053114416491923232 -0.096288724020123478 0.014834850835315518 -0.0036922152570036588 0.0004501384737614148 0.0012893878406716145 -0.00069768735142402747 -0.0049776785974973885 -0.014342759526630633 0.010625278559525279 -0.14118943172400114 -0.011076608387088838 -0.006052589417195736 -0.032116266108374765 0.026911158647517495 -0.0021958226004163105 -0.078011927024232153 0.014594530458835759 0.0091306705449163451 -0.0074435970912883004 0.0080072976135305597 -0.025412795131590619 0.0094514653911894186 -0.022265893030984731 2.7999068618909658e-05 0.008024187700258081 0.020514919787888414 -9.1857352288736199e-05 -0.046578843239822684 -0.0025279506103376083 0.016075928214093069 -0.031942809913798907 -0.0073980423575604323 -0.034296242058277131 -0.0049013190922897101 -0.13757561389847023 -0.018780205224417649 -0.023882973253726958 0.021531425470145797 0.0060762855971837103 0.007624033791515653 -0.12060542559910635 -0.0056458907655112583 -0.0021133414128780494 0.015564716085361745 -0.016919247383929498 -0.0036100611416125098 -0.012315771886293847 -0.003733637157955248 -0.0092857130767403113 -0.073363629954475443 0.018698276071603792 -0.0026350911840431453 -0.079745908425612883 0.010423141935966813 0.0074607498380842054 -0.0030102143290348712 -0.10120620465746112 0.046109419930138014 -0.019714736406259783 0.00039066695358352699 0.008071931730147329 -0.015107207122174176 -0.078705305343247808 -0.0046850687219690676 -0.019638890879947992 -0.045321842594714667 0.0054843399365394202 -0.032939972092882713 0.04650754261069593 -0.015701408210504558 0.00023413431688231224 -0.0034178000927533743 0.024049905001844368 -0.0051272920709604175 -0.082062620395794497 -0.11773394342971173 -0.098767624898688997 -0.040362384255678979 0.0085714928650898158 0.0032062778654652195 0.025864750958509802 -0.024993577664441397 -0.0014715485008412346 0.0076455371461287584 -0.056623420773411356 -0.018144095217806674 0.0074241124259792502 0.020206249490698179 0.0050586643924287631 0.0045174255601871209 0.015623281407088459 -0.017757882059060759 -0.0068001357570572169 0.049058420781354257 -0.068524268109209932 0.013215549906207756 -0.012497282117109704 0.026692437995576631 -0.046992654226925772 -0.040783097190035728 -0.02372097787658747 -0.0056796050529703468 -0.10673229221824337 -0.036892514745394386 -0.038480241732754841 -0.0054323008144154137 0.036828060373663901 -0.028997135069875904 -0.0016942210829160112 -0.0030456247552682501 -0.059495284390858313 0.029899693979613243 -0.042284900425197364 -0.12228548854123801 -0.048817902874659737 -0.058184339619640785 0.0057606431720360445 0.0016638324823222957 -0.080800588040387838 -0.010716647808331975 -0.0068291377579899814 -0.015272143666201868 0.015330950620799477 0.0080147481386094212 0.00069156862909884359 -0.018570392597957459
leaf_weight=19840 159 4860 304 5150 167 1378 21031 1903 3495 121 568 2071 521 705 8653 190 804 4751 1010 1497 1261 5450 152 43048 16712 658 395 864 35907 631 256 5852 104 3525 113 1316 194 278 4910 2927 160 6030 5012 259 2621 17275 2302 2293 377 272 135 18584 109 1685 200 15137 152 189 204 11650 17744 153 211 12855 4515 402 4137 1548 112 983 26106 211 528 13876 119 145 126 702 3503 15058 253 100 18642 115 243 2515 11465 1280 945 13800 2933 7782 1011 132 157 274 982 158 254 226 664 10605 254 179 201 2296 159 2293 216 4813 112 280 142 137 748 139 116 17158 115 5328 398 5948 3639 1612 2409 4722
leaf_count=19840 159 4860 304 5150 167 1378 21031 1903 3495 121 568 2071 521 705 8653 190 804 4751 1010 1497 1261 5450 152 43048 16712 658 395 864 35907 631 256 5852 104 3525 113 1316 194 278 4910 2927 160 6030 5012 259 2621 17275 2302 2293 377 272 135 18584 109 1685 200 15137 152 189 204 11650 17744 153 211 12855 4515 402 4137 1548 112 983 26106 211 528 13876 119 145 126 702 3503 15058 253 100 18642 115 243 2515 11465 1280 945 13800 2933 7782 1011 132 157 274 982 158 254 226 664 10605 254 179 201 2296 159 2293 216 4813 112 280 142 137 748 139 116 17158 115 5328 398 5948 3639 1612 2409 4722
internal_value=-0.00163461 -0.00150551 -0.0376709 0.000484734 -0.0136981 -0.00297046 -0.00113417 -0.00387492 -0.00613164 -0.00185756 -0.0340981 -0.00164538 -0.00442459 0.000227313 0.0011483 -0.0169045 -0.0088565 -0.000369955 -0.00203639 0.00478382 -0.000125565 -0.00207601 0.000950571 0.00010586 0.00551406 -0.00600465 -0.015088 -0.0279073 0.000224924 -0.0141342 0.00217225 -0.00677773 -0.00545814 -0.00976938 -0.088462 -0.0034211 -0.0629265 -0.00805642 -0.0055387 -0.00772859 -0.0108966 -0.00937314 -0.00308276 -0.0167976 -0.00718949 -0.00497533 -0.00380273 -0.00652269 -0.019211 -0.0374843 -0.0204501 -0.00410118 -0.015396 -0.00213266 4.63062e-06 -0.00384465 -0.0396174 0.0018392 -0.0479539 0.00554392 0.00503054 -0.0353297 -0.0520878 -0.00650667 -0.00857294 -0.0102861 -0.00689813 -0.0129854 -0.0111856 0.00141457 -0.00209082 -0.0381183 -0.00654983 -0.00757689 -0.0240815 -0.0243076 -0.0297386 -0.0258878 0.000906704 0.000301592 -0.00334545 -0.0747301 -0.00338666 -0.00911747 -0.0373789 -0.0230035 0.00160412 0.00621213 0.0119351 0.00835235 0.00646104 -0.0156837 -0.00144696 0.0123539 0.00740292 -0.0166494 -0.0250134 -0.0124044 -0.0131347 0.00731097 -0.00174816 -0.00494228 -0.0830752 -0.065035 -0.0109982 -0.00978588 -0.0153938 -0.0247154 -0.0301007 -0.00447351 -0.0957525 -0.00593459 -0.0259292 -0.0818648 -0.0220443 -0.0230081 -0.041492 0.00397448 -0.0476849 -0.00615937 0.0109706 -0.0120855 0.010885 0.00198487 -0.00716494 -0.0197149
internal_weight=519361 517508 1853 219423 967 298085 98378 199707 94251 105456 689 104767 42175 62592 59051 10331 4940 31844 27093 8159 198303 70509 127794 107845 19949 2806 3541 1470 107578 2148 887 90756 4546 3742 217 28952 886 65904 30954 26044 15484 15212 10560 7497 7633 18934 76785 29648 1659 649 6119 20995 2411 7715 47989 15489 352 32500 394 30099 29394 531 364 22520 17370 34950 15500 19450 16920 5120 47137 1075 16796 15870 1435 5391 3488 3343 12156 27050 11992 692 24852 6210 358 3217 71671 21120 1134 21593 16733 8905 1123 436 17143 431 2530 8653 8495 7638 2161 10858 592 338 10380 9762 4748 2452 618 5014 272 14435 559 279 5860 5725 864 28623 267 8015 926 8241 5477 1838 7737 4861
internal_count=519361 517508 1853 219423 967 298085 98378 199707 94251 105456 689 104767 42175 62592 59051 10331 4940 31844 27093 8159 198303 70509 127794 107845 19949 2806 3541 1470 107578 2148 887 90756 4546 3742 217 28952 886 65904 30954 26044 15484 15212 10560 7497 7633 18934 76785 29648 1659 649 6119 20995 2411 7715 47989 15489 352 32500 394 30099 29394 531 364 22520 17370 34950 15500 19450 16920 5120 47137 1075 16796 15870 1435 5391 3488 3343 12156 27050 11992 692 24852 6210 358 3217 71671 21120 1134 21593 16733 8905 1123 436 17143 431 2530 8653 8495 7638 2161 10858 592 338 10380 9762 4748 2452 618 5014 272 14435 559 279 5860 5725 864 28623 267 8015 926 8241 5477 1838 7737 4861
cat_boundaries=0 2 4 6 7 9 11 13 15 17 18 19 20 22 23 25 27 29 31 33 35 37 39 41 42 44 46 48 50
cat_threshold=2638494294 25770 303038466 8192 84 2 2 546472096 68 1754152 2116 545259520 512 1073741824 16 1073741825 272 20980226 4203010 512 41943040 1 689152 525312 2112 34079744 6672 128 1 335806464 16416 8388608 4096 32768 4 180224 64 16384 64 32800 4 2 17039360 17416 0 4096 1073807360 256 0 256
is_linear=0
shrinkage=0.03


Tree=47
num_leaves=127
num_cat=16
split_feature=0 11 13 21 11 11 0 25 25 25 21 4 25 25 0 4 11 25 21 29 21 17 2 20 26 25 13 20 20 0 25 0 26 20 0 8 20 28 0 3 25 25 25 0 25 4 0 21 0 0 22 0 3 24 25 28 22 26 20 0 3 25 25 25 4 25 25 4 0 25 25 0 11 4 29 0 0 25 0 0 2 25 4 25 25 25 0 25 29 22 11 25 0 29 2 0 29 11 0 32 29 20 0 21 25 26 2 30 3 20 2 25 0 31 31 0 25 29 29 21 9 26 26 0 29 29
split_gain=2212.78 795.038 1701.38 1164.08 499.363 428.106 427.315 401.473 417.219 495.663 399.7 381.713 367.224 285.866 282.015 259.261 257.453 223.586 209.272 188.951 294.391 176.685 172.185 166.532 165.493 165.408 161.478 422.863 159.983 173.142 153.567 181.984 205.033 152.54 146.474 144.796 145.724 142.061 136.695 169.884 147.506 170.993 202.093 177.724 177.255 151.402 141.66 131.739 130.492 130.01 122.493 120.967 120.573 116.407 113.587 113.581 143.013 123.353 113.171 109.759 106.14 118.061 171.606 297.885 163.339 118.55 104.137 315.319 217.739 103.314 280.39 282.452 288.171 292.671 101.733 118.303 221.192 100.995 114.447 98.7711 98.6545 197.997 150.538 130.567 163.853 98.4006 97.4602 97.2659 96.6406 96.2978 101.231 92.2368 252.181 322.751 115.754 110.06 189.553 127.792 119.443 99.0451 122.482 96.6034 91.8408 102.715 93.8457 91.3532 88.9087 118.041 94.8366 129.503 88.3966 87.7457 127.922 93.9915 86.5462 94.0484 148.031 120.155 352.761 116.032 104.143 91.2907 250.712 86.526 129.159 86.2898
threshold=13030.000000000002 0.40614137053489691 37.500000000000007 0.11281433328986169 -0.082689788192510591 -0.69674959778785694 225.00000000000003 7.5000000000000009 73.500000000000014 50.500000000000007 0.081666920334100737 0 77.500000000000014 35.500000000000007 27950.000000000004 1 -0.46801505982875818 16.500000000000004 0.078528158366680159 0.041942948475480087 0.062427528202533729 8.5000000000000018 2 105.50000000000001 0.13882523775100711 19.500000000000004 37.500000000000007 77.500000000000014 92.500000000000014 1715.0000000000002 68.500000000000014 135.00000000000003 0.14973633736371997 76.500000000000014 45.000000000000007 9.5000000000000018 106.50000000000001 0.10560723021626474 325.00000000000006 3 76.500000000000014 10.500000000000002 22.500000000000004 155.00000000000003 70.500000000000014 4 225.00000000000003 0.058555098250508315 1560.0000000000002 180.00000000000003 0.0031227533472701911 715.00000000000011 5 1.0314378142356875 8.5000000000000018 0.10560723021626474 -0.92867749929428089 0.11644427105784418 107.50000000000001 155.00000000000003 6 18.500000000000004 40.500000000000007 38.500000000000007 7 57.500000000000007 15.500000000000002 8 155.00000000000003 20.500000000000004 16.500000000000004 950.00000000000011 -0.67803022265434254 9 0.10304982960224153 1715.0000000000002 1560.0000000000002 58.500000000000007 61.500000000000007 1255.0000000000002 10 86.500000000000014 11 22.500000000000004 15.500000000000002 4.5000000000000009 90.000000000000014 38.500000000000007 0.14472704380750659 -0.044815719127655022 0.9787549376487733 74.500000000000014 950.00000000000011 0.11490825563669206 12 615.00000000000011 0.11490825563669206 0.86113432049751293 1560.0000000000002 0.22560109943151477 0.1178257428109646 93.500000000000014 155.00000000000003 0.065887007862329497 78.500000000000014 0.35431678593158727 13 0.14665400236845019 14 68.500000000000014 15 149.50000000000003 615.00000000000011 0.03126017842441798 0.09356460347771646 325.00000000000006 22.500000000000004 0.097680523991584792 0.091010279953479781 0.100987546145916 5.5000000000000009 0.044606909155845649 0.044911826029419906 715.00000000000011 0.12510562688112262 0.092688262462615981
decision_type=2 2 2 8 2 2 2 2 2 2 8 9 2 2 2 9 2 2 10 10 10 2 9 2 10 2 2 2 2 2 2 2 10 2 2 2 2 10 2 1 2 2 2 2 2 9 2 10 2 2 10 2 1 2 2 10 10 10 2 2 1 2 2 2 9 2 2 9 2 2 2 2 2 9 8 2 2 2 2 2 9 2 9 2 2 2 2 2 10 8 2 2 2 10 9 2 10 2 2 10 10 2 2 10 2 10 9 8 1 2 9 2 2 10 10 2 2 8 10 10 2 8 8 2 8 10
left_child=1 2 4 11 5 33 30 -2 9 13 18 37 -10 15 -15 -9 34 -13 22 55 48 106 47 26 54 -22 -14 -28 79 85 66 -32 -33 -1 -4 36 -36 -3 40 -40 41 43 52 -37 86 -46 -45 -6 111 60 51 -49 -43 69 -8 56 59 102 80 -19 61 64 63 -63 -18 -64 67 -5 -69 70 110 72 73 -72 125 76 89 78 -27 -7 81 82 -35 84 -82 -30 -44 -20 -39 -76 -91 92 94 -94 -79 97 98 99 -97 100 -93 -102 104 -104 -58 -24 107 -12 -109 -110 -41 112 113 -21 115 116 -23 118 -117 -120 -119 -118 -123 124 -113 -56
right_child=7 3 16 6 10 28 24 8 12 -11 21 17 23 14 -16 -17 49 19 87 20 25 114 105 -25 -26 77 27 -29 29 -31 31 32 -34 58 35 38 -38 88 39 53 -42 42 44 46 45 -47 -48 50 -50 -51 -52 -53 -54 -55 74 -57 57 -59 -60 -61 -62 62 65 -65 -66 -67 -68 68 -70 -71 71 -73 -74 -75 75 -77 -78 91 -80 -81 83 -83 -84 -85 -86 -87 -88 -89 -90 90 -92 95 93 -95 -96 96 -98 -99 -100 -101 101 -103 103 -105 -106 -107 -108 108 109 -111 -112 123 -114 -115 -116 117 121 120 119 -121 -122 122 -124 -125 -126 -127
leaf_value=-0.0016965084630638392 0.011169064231570575 0.00847858237076601 0.017502087187180899 -0.04576104227095823 0.008717895645151295 0.0051312776313925364 0.0080684642087751821 -0.079320370642344151 0.022806786666525171 -0.093481443611221696 -0.0065376174276847217 0.010467647612641214 -0.015378825593844896 -0.040450841367438241 0.014563520858910949 -0.033961297038704791 0.030370876974873725 -0.0076130164548254848 0.023153495835360777 -0.0013419801403072743 -0.018051061906826909 0.004259604550519768 -0.0010745971881211118 -0.0059633728539427878 -0.00066152900495147836 -0.027130810119509699 -0.021806307737643901 -0.10376629100126378 0.02879876813496518 -0.033044625517129896 -0.035600883619009871 -0.018295923886108467 0.023287575854840925 0.012154964874845962 -0.0033622229145019353 -0.0022667285859321873 0.0014512584405212716 0.0020943782474438103 -0.00024713387485954719 0.0060147163298867956 -0.0091142514257838703 0.0054453478654966714 -0.00085305241279004951 -0.050630194501492989 -0.0311134573892385 0.0035436625601495938 -0.015906744338340162 -0.00023716292073369563 -0.021221255668188232 -0.00048637932084568054 0.014561713915971143 0.0085062247815704609 -0.0044056509662583248 5.2509041385186512e-05 -0.0031467546132041549 -0.017180628444719258 -0.0073936538996999205 0.0042426885297868026 -0.0010637473440013841 0.01951615837145863 -0.0078924254584961939 -0.0085014166230865142 0.0088311772817468645 -0.062965080257003689 -0.0095442045814895932 -0.0030359197981318139 -0.0090109756514949041 0.0087083663120252376 -0.026298083166458344 -0.0042919424146775397 0.0014043740902354221 0.0027165895454569727 -0.0076115802650114032 -0.055768148645596656 -0.01211030813831075 -0.030539282961515712 0.010814042446318405 0.008392663566344433 0.0018588752545827837 0.016705216345994516 0.0051044617061481818 -0.023376476222516172 -0.00098676348118373032 0.0063451172539666072 -0.013056800791262245 0.0022135441476449505 -0.0073847800625686773 0.0081931797694462134 -0.015072875698796888 -0.0064210465730751426 -0.00019419760760395124 -0.00074637060591924522 -0.062016341258090538 -0.011535891872884346 -0.0047898519868494619 -0.046467999730791361 0.00071802959035700625 -0.007113604659658674 -0.0025306671147700397 0.0124814359007357 -0.033883940549783928 -0.0071037673722250463 -0.016675844712687082 0.011785633513523686 0.010428780230408861 -0.023763139006778872 -0.0050835347100315819 0.0041298405862457569 0.0092459576662148012 -0.014151902236387017 -0.008596557927624501 -0.0040798112838679266 0.010845928659702211 0.0058201786149230375 -0.0076463336378168279 0.015969456765604646 0.0049613423193908537 0.0012460463797058774 -0.044264122719113022 -0.0078774204025091211 -0.0035773849318469953 -0.033262966245412827 -0.0039757124539301029 0.0024863941609422585 -0.035875744491573699 0.017343809955148653
leaf_weight=19885 157 5116 292 290 3817 36837 514 224 140 198 2266 1367 123 230 131 234 230 217 506 2935 597 2406 7942 155 5916 124 129 101 125 124 514 1128 117 954 16265 338 8681 2006 12224 684 8824 2761 2368 190 118 2431 240 7927 194 43211 673 1735 1878 5325 487 810 2286 770 8184 349 4230 694 960 103 153 3579 5495 333 306 46535 100 308 300 413 2525 179 680 862 6291 675 1081 307 4393 9230 761 22892 15615 1722 345 45421 2478 8858 120 1991 1903 125 10980 6196 100 422 128 2041 1473 123 300 162 15418 3537 316 648 794 557 2327 3762 1532 227 954 30929 232 120 4631 269 10278 1261 144 297
leaf_count=19885 157 5116 292 290 3817 36837 514 224 140 198 2266 1367 123 230 131 234 230 217 506 2935 597 2406 7942 155 5916 124 129 101 125 124 514 1128 117 954 16265 338 8681 2006 12224 684 8824 2761 2368 190 118 2431 240 7927 194 43211 673 1735 1878 5325 487 810 2286 770 8184 349 4230 694 960 103 153 3579 5495 333 306 46535 100 308 300 413 2525 179 680 862 6291 675 1081 307 4393 9230 761 22892 15615 1722 345 45421 2478 8858 120 1991 1903 125 10980 6196 100 422 128 2041 1473 123 300 162 15418 3537 316 648 794 557 2327 3762 1532 227 954 30929 232 120 4631 269 10278 1261 144 297
internal_value=-0.00163493 -0.00151866 -0.000824103 -0.00351017 0.00105337 0.00248713 -0.00631718 -0.0346288 -0.0389514 -0.0509357 -0.000485487 -0.000719851 -0.0200932 -0.0405485 -0.0205021 -0.0562701 -0.00295056 -0.00152081 0.00283573 -0.00180234 -0.00120574 -0.00158792 0.00195791 -0.0319376 -0.00541878 -0.00238917 -0.0432937 -0.0580908 0.00412984 0.00216804 -0.0127381 -0.0205924 -0.0143725 0.00026284 -0.00368584 -0.00373493 -0.00168718 0.00567396 -0.00423846 -0.00344324 -0.00576371 -0.00462361 -0.00419768 -0.0185596 -0.00547538 0.00192772 -0.0313315 0.00395298 0.00310632 -0.00119831 0.00219632 0.0013336 0.00145729 -0.00416063 -0.005954 -0.00669622 -0.00515435 -0.00678738 0.00182694 0.00911996 -0.00429002 -0.00162462 -0.00278034 -0.0156101 0.0144424 -0.000524632 -0.0105845 -0.0198725 -0.00807018 -0.00461723 -0.0104376 -0.0217449 -0.031004 -0.0446424 -0.00609258 -0.00625656 -0.00617091 -0.0021558 0.00129437 0.00533998 0.00324133 1.27446e-05 0.00135979 0.00488546 -0.00240166 0.00235917 -0.00652478 0.0115997 -0.000430186 -0.00640018 -0.00609892 -0.00281207 -0.00662794 -0.0144335 -0.000665575 -0.00216694 0.000158319 -0.00364345 -0.0270379 -0.00176501 -0.0023113 -0.00869904 -0.00881879 -0.0144764 -0.00532285 -0.00152913 -0.0038266 -0.000953529 0.00185645 -0.00648043 -0.0018526 0.00353781 0.00478788 0.00268159 -0.000624947 -0.000409861 -0.00250621 0.000396904 -0.0131477 -0.031917 0.000617805 -0.00392186 -0.00472576 -0.00221125 -0.0106532 0.00462782
internal_weight=519121 517299 383539 133760 203695 105448 66680 1822 1665 1017 98247 67080 648 819 361 458 179844 59613 24484 58246 51918 73763 22256 508 58497 40738 353 230 60653 23141 8183 1759 1245 44795 126684 126392 24946 7467 101446 66683 34763 25939 25171 768 20532 2549 430 14152 11180 53160 10335 9662 4639 54459 52581 6328 5518 4952 24910 566 9949 5719 5336 797 383 4539 6424 929 639 49134 2599 1121 813 513 52067 51283 51104 40141 6415 37512 16726 5654 5347 11072 1842 23017 17983 2228 2351 50424 47899 33726 4876 2111 2765 28850 11205 17645 225 11449 11027 2169 4182 1596 2586 8104 22185 6767 4501 964 1478 10986 9024 6697 51578 50046 13907 36139 579 352 35560 11501 10547 1962 701 784
internal_count=519121 517299 383539 133760 203695 105448 66680 1822 1665 1017 98247 67080 648 819 361 458 179844 59613 24484 58246 51918 73763 22256 508 58497 40738 353 230 60653 23141 8183 1759 1245 44795 126684 126392 24946 7467 101446 66683 34763 25939 25171 768 20532 2549 430 14152 11180 53160 10335 9662 4639 54459 52581 6328 5518 4952 24910 566 9949 5719 5336 797 383 4539 6424 929 639 49134 2599 1121 813 513 52067 51283 51104 40141 6415 37512 16726 5654 5347 11072 1842 23017 17983 2228 2351 50424 47899 33726 4876 2111 2765 28850 11205 17645 225 11449 11027 2169 4182 1596 2586 8104 22185 6767 4501 964 1478 10986 9024 6697 51578 50046 13907 36139 579 352 35560 11501 10547 1962 701 784
cat_boundaries=0 1 2 3 4 5 6 7 8 9 10 11 12 13 14 15 16
cat_threshold=2 4 6 1 4 2 2 2 2 2 4 1 5 2 2 10
is_linear=0
shrinkage=0.03


Tree=48
num_leaves=127
num_cat=36
split_feature=0 5 5 5 5 0 12 5 5 0 0 27 5 5 27 5 25 5 28 27 5 2 0 25 23 11 32 5 0 27 5 5 13 0 5 25 0 4 0 25 30 12 27 5 0 25 5 0 12 27 24 5 0 0 25 5 0 0 25 25 0 0 27 27 25 27 30 23 0 27 22 0 0 5 11 22 13 0 5 13 25 25 25 0 0 25 12 27 25 5 27 4 4 5 0 25 11 4 11 25 11 20 28 25 5 25 5 25 5 27 5 27 5 23 5 23 25 5 25 27 5 0 25 25 12 20
split_gain=2391.92 1579.99 1112.57 740.359 547.046 482.541 467.602 504.313 455.12 443.334 439.926 828.514 1141.99 818.023 647.17 773.717 903.905 442.255 442.486 646.94 453.278 440.859 583.573 396.32 362.859 360.044 620.463 1156.7 421.232 662.688 418.027 416.747 404.731 337.419 432.985 333.798 323.793 482.17 1138.99 806.583 321.748 320.565 318.542 598.305 553.93 557.14 317.25 307.315 307.053 293.193 292.785 291.298 286.068 283.599 471.702 361.345 406.65 344.149 472.643 495.826 296.155 472.013 270.74 265.577 264.394 262.993 321.153 259.94 259.91 279.267 253.905 252.689 305.797 251.298 248.709 468.713 263.22 244.505 866.013 450.157 313.783 412.466 264.504 255.379 241.29 240.419 240.415 238.831 361.997 335.665 234.159 295.207 234.096 232.575 503.688 557.088 312.372 231.443 309.324 230.469 349.629 298.363 230.328 228.87 223.533 213.139 211.774 210.592 427.669 238.989 279.451 238.077 214.518 370.322 209.321 206.254 203.975 243.711 202.93 201.718 281.65 402.444 375.423 278.36 374.188 646.539
threshold=13030.000000000002 0 1 2 3 61.500000000000007 -0.11692317575216292 4 5 6250.0000000000009 325.00000000000006 0.059944719076156623 6 7 0.058047603815793998 8 117.50000000000001 9 0.10057403892278673 0.058846931904554374 10 11 615.00000000000011 99.000000000000014 0.076926078647375121 0.24372619390487674 0.27253690361976629 12 850.00000000000011 0.095947422087192549 13 14 37.500000000000007 950.00000000000011 15 47.500000000000007 325.00000000000006 16 950.00000000000011 17.500000000000004 0.19606986641883853 -0.25206183642148966 0.07936600968241693 17 155.00000000000003 16.500000000000004 18 225.00000000000003 -0.38243420422077173 0.12835267186164859 0.96139258146286022 19 90.000000000000014 225.00000000000003 18.500000000000004 20 155.00000000000003 155.00000000000003 38.500000000000007 49.000000000000007 325.00000000000006 950.00000000000011 0.053263295441865928 0.1575826704502106 63.500000000000007 0.05270845256745816 0.15353266894817355 0.038110742345452316 1715.0000000000002 0.11368945986032487 -0.11946358904242514 615.00000000000011 325.00000000000006 21 0.3903625756502152 0.31195543706417089 37.500000000000007 110.00000000000001 22 40.500000000000007 97.500000000000014 72.500000000000014 24.500000000000004 225.00000000000003 1560.0000000000002 149.50000000000003 0.58307701349258434 0.069445703178644194 103.50000000000001 23 0.095947422087192549 24 25 26 1225.0000000000002 99.000000000000014 -0.56368473172187794 27 0.80417552590370189 66.500000000000014 -0.4218058288097381 81.500000000000014 0.102102879434824 103.50000000000001 28 110.00000000000001 29 31.500000000000004 30 0.07936600968241693 31 0.064750330522656455 32 0.06534933298826219 33 0.043235365301370628 21.500000000000004 34 84.500000000000014 0.086274277418851866 35 950.00000000000011 59.500000000000007 57.500000000000007 -0.87397405505180348 68.500000000000014
decision_type=2 9 9 9 9 2 2 9 9 2 2 2 9 9 2 9 2 9 8 2 9 9 2 2 8 2 8 9 2 2 9 9 2 2 9 2 2 9 2 2 10 2 2 9 2 2 9 2 2 2 2 9 2 2 2 9 2 2 2 2 2 2 2 2 2 2 10 10 2 2 8 2 2 9 2 8 2 2 9 2 2 2 2 2 2 2 2 2 2 9 2 9 9 9 2 2 2 9 2 2 2 2 10 2 9 2 9 2 9 2 9 2 9 8 9 8 2 9 2 2 9 2 2 2 2 2
left_child=1 4 -2 6 64 70 7 -3 24 52 17 12 85 21 15 16 116 77 67 20 115 22 -13 42 -4 32 30 28 29 -28 -27 49 50 34 -24 -23 92 38 39 -38 53 73 -21 -44 114 -46 -30 -25 -26 -29 -15 -16 -7 55 60 56 -8 -57 -59 -60 -55 86 65 102 -1 66 105 -19 69 90 -6 72 -66 -35 76 104 -54 78 79 -5 81 82 83 -79 -37 -12 -62 89 -89 -80 91 -48 -9 94 103 -96 -97 98 -92 101 -101 -61 -50 -34 -76 118 -102 108 -84 -110 -111 112 113 -109 -45 -20 -14 -118 -22 120 -39 122 -122 -121 125 -125
right_child=2 3 8 10 5 9 40 36 -10 -11 11 13 14 25 51 -17 -18 18 19 23 62 35 33 47 48 26 27 31 46 -31 -32 -33 93 41 -36 84 37 119 -40 -41 -42 -43 43 44 45 -47 68 -49 63 -51 -52 -53 74 54 -56 57 -58 58 59 99 61 -63 -64 -65 71 -67 -68 -69 -70 -71 -72 -73 -74 -75 75 -77 -78 80 87 -81 -82 -83 107 -85 -86 -87 -88 88 -90 -91 97 -93 -94 -95 95 96 -98 -99 -100 100 106 -103 -104 -105 -106 -107 -108 111 109 110 -112 -113 -114 -115 -116 -117 117 -119 -120 123 121 -123 -124 124 -126 -127
leaf_value=0.0092218782552332661 -0.079498266730739897 0.0038287330321153555 0.017982408623485002 -0.020499476321041581 -0.001059078147271648 0.028180355853693825 -0.0061308499310755802 0.014526590134130506 0.00011476444279200055 -0.060865782820261442 0.009541536085422124 -0.044224677149738587 -0.045559369065586913 -0.0081025425074521991 0.0093532566803477529 0.00099641155437403582 0.017674896131895605 -0.0073841895619934043 0.034116089244784237 0.00051000252114616243 -0.011967111134770791 -0.010841722708892132 0.016817922618307658 -0.0028713145215630894 -0.008731426161959998 -0.0067575830597775745 -0.082109866174204002 -0.013562209929978737 -0.041593048962760372 -0.02317535870720509 0.0010077640382757053 0.00026941332730609524 -0.0088210257788146583 -0.0065756339953052688 0.0034065194526852554 -0.00070200675172213422 -0.078974562911987303 0.014628220672980127 0.018812361582341869 0.00078390658172694115 0.0061673869754093847 -0.0022986247505381251 -0.063054809257632391 -0.0052332190679722276 -0.069589765758874517 -0.013006096008406094 -0.017077956808078519 -0.045006725872368654 -0.033627036058253817 -0.00098832636370903932 0.0008638644232573016 0.00019919727199014641 0.0035347552150368131 -0.0084023170209814226 -0.0046941762903873535 -0.0069238862983694426 0.028463574493799708 -0.0032920168946700746 -0.069392607340932277 0.0031433018300010534 -0.018854634973175518 -0.0016980947236472576 -0.017459458161360911 -0.096856533518374546 0.0020062925738974537 0.0029244208627213718 0.014509304540921692 0.0074102571400376594 -0.053024542447015197 -0.0013254900267481073 -0.02862598692480034 0.016289407935739551 -0.018758029430907087 0.012632403257636836 0.0086358094302139855 -0.0068812741942122693 -0.00011654607243237372 0.016923503868056446 0.010297019816069409 -0.083043777838997204 -0.0043227783349006196 0.0082623655423585789 -0.04161516902157588 0.00036598354977319481 0.017441841111176914 -0.0087718767373423483 -0.053786409464594863 -0.0084085665433333567 -0.064891827534352034 -0.0037234783548460997 -0.030771551360373139 0.025978095600238213 -0.0013105748642528135 -0.0028163051288301053 -0.01483476914166885 -0.10085754970633067 -0.031583893488923258 -0.017810200929048725 -0.089309210995068916 -0.056266293770661863 -1.141775846075297e-05 -0.021406686688690616 -0.082450667340647085 0.0050731717994275055 -0.00025626794239594076 0.018465136051845833 -0.025404868396657745 0.01768895568047742 0.00025035902456505558 0.0034551874808522111 -0.034997145586683154 0.008281126801810812 0.00091637067766298997 -0.011009379291056351 0.017953982156071687 -0.0011228666646441875 -0.020193021164396818 -0.0091110856550571644 -0.027861140108859244 -0.0048109705415381272 -0.017190214875799203 0.015213886560144949 0.0086230876710418347 -0.069303670893443331 -0.0095139632660568938 -0.0082180119892046582
leaf_weight=11516 398 9866 101 239 499 349 1146 1096 513 103 16303 209 177 3537 6128 12269 914 1577 159 12264 6524 2931 4491 285 192 10102 251 5454 447 543 16286 7251 4903 759 4212 6144 374 933 292 164 1784 5743 172 693 179 1212 540 343 433 2405 44529 6392 39584 1338 38245 5718 416 1662 189 731 268 385 6466 100 4941 1323 404 3312 152 1186 756 917 732 3106 3245 9353 32242 1377 1861 183 11827 6282 321 2141 738 671 532 3763 104 8577 382 194 3585 44838 573 129 109 937 103 296 356 1139 109 1363 11646 189 2018 454 1869 282 428 2242 6519 3664 693 2274 2799 5116 813 7528 1775 752 709 289 1789 338
leaf_count=11516 398 9866 101 239 499 349 1146 1096 513 103 16303 209 177 3537 6128 12269 914 1577 159 12264 6524 2931 4491 285 192 10102 251 5454 447 543 16286 7251 4903 759 4212 6144 374 933 292 164 1784 5743 172 693 179 1212 540 343 433 2405 44529 6392 39584 1338 38245 5718 416 1662 189 731 268 385 6466 100 4941 1323 404 3312 152 1186 756 917 732 3106 3245 9353 32242 1377 1861 183 11827 6282 321 2141 738 671 532 3763 104 8577 382 194 3585 44838 573 129 109 937 103 296 356 1139 109 1363 11646 189 2018 454 1869 282 428 2242 6519 3664 693 2274 2799 5116 813 7528 1775 752 709 289 1789 338
internal_value=-0.00152013 -0.00139859 -0.0355993 -0.00228814 0.00168766 0.000800329 -0.00476127 -0.00170221 -0.0227807 0.00104081 -0.00161788 -0.000906878 0.00246621 -0.00188799 -0.000723568 -0.00390844 -0.0105791 -0.0033782 -0.00579926 -0.00701443 -0.0108805 0.00277693 0.00550005 -0.00258392 -0.0351979 -0.00279196 -0.00498134 -0.00898877 -0.0219106 -0.0418856 -0.00196733 -0.00492053 -0.00177979 0.00607299 0.0103516 -0.00236281 -0.00448262 -0.00664161 -0.0288497 -0.0547052 -0.00636659 0.00219676 -0.00161897 -0.0104699 -0.00693943 -0.0203323 -0.0179322 -0.0259197 -0.0420735 -0.00970264 0.000203905 0.00468773 0.00110757 -0.00677744 -0.00552331 -0.0105167 0.00307516 -0.0122625 -0.0170563 -0.021892 -0.0180849 -0.0290013 -0.0127411 -0.0520159 0.0064761 -0.00945621 -0.0115218 0.00263761 -0.014733 -0.0130202 -0.0176747 0.00168702 -0.000675809 0.00887531 0.00100893 -0.00161834 0.00189574 -0.00157102 -0.00484551 -0.0466511 -0.000282159 0.0015862 -0.000587488 0.00684982 0.00124592 0.00881192 -0.0421224 -0.00357395 -0.00994402 -0.00121671 -0.0194497 -0.00567816 0.00239982 -0.00361638 -0.00866808 -0.0309124 -0.0693963 -0.0265493 -0.0433614 -0.0198997 -0.0255566 -0.0118133 -0.0435796 -0.00579839 0.00168754 -0.012921 -0.0217055 -0.002246 -0.00954824 -0.00536031 -0.0201848 -0.000601121 -0.00247387 -0.00782294 0.00645668 0.00118824 -0.0137853 -0.0130691 -0.0137319 -0.00533358 0.000205676 -0.00398872 -0.0098219 -0.00765568 -0.0165138 -0.0364394
internal_weight=519773 517927 1846 402044 115883 97777 85713 29490 1448 96522 316331 225316 50769 174547 33795 21275 9006 91015 38882 33993 18152 28333 18520 15841 935 146214 46233 19845 4735 794 26388 15110 99981 18311 8703 9813 19624 14943 830 538 56223 9608 15213 2949 2777 1391 3941 628 834 7859 48066 12520 96419 54439 40768 13671 1562 12109 6391 4729 2523 1185 15719 642 18106 9253 7930 4889 3494 3342 1255 6590 5673 3865 96070 24244 71826 52133 14727 422 37406 25579 19297 3518 6882 16974 800 14305 3867 10438 2156 734 4681 51915 7077 811 238 1422 485 4540 2670 1870 542 6266 14891 7526 2374 15779 2900 2579 710 12879 10637 4118 1386 2433 8092 7915 7337 14113 4169 3236 2484 9944 2416 627
internal_count=519773 517927 1846 402044 115883 97777 85713 29490 1448 96522 316331 225316 50769 174547 33795 21275 9006 91015 38882 33993 18152 28333 18520 15841 935 146214 46233 19845 4735 794 26388 15110 99981 18311 8703 9813 19624 14943 830 538 56223 9608 15213 2949 2777 1391 3941 628 834 7859 48066 12520 96419 54439 40768 13671 1562 12109 6391 4729 2523 1185 15719 642 18106 9253 7930 4889 3494 3342 1255 6590 5673 3865 96070 24244 71826 52133 14727 422 37406 25579 19297 3518 6882 16974 800 14305 3867 10438 2156 734 4681 51915 7077 811 238 1422 485 4540 2670 1870 542 6266 14891 7526 2374 15779 2900 2579 710 12879 10637 4118 1386 2433 8092 7915 7337 14113 4169 3236 2484 9944 2416 627
cat_boundaries=0 2 4 6 8 10 12 14 16 18 20 22 23 25 27 29 31 32 34 35 37 38 40 42 44 45 46 48 49 50 51 53 54 56 58 60 61
cat_threshold=423897174 42 268435458 8192 574505 2112 20 2 1056 2048 35127296 4 2727542784 9220 66176 4481 1073742336 4992 1142952064 18048 8388608 256 4 75628544 512 607125504 4 1074790400 8196 512 384 1 131072 4096 131072 1073742336 4625 32769 0 128 0 512 2097152 16384 4 1 1075838976 16400 1 406855744 16384 0 128 1073745920 2097152 1024 66048 16 512 128 32768
is_linear=0
shrinkage=0.03


Tree=49
num_leaves=127
num_cat=38
split_feature=1 5 5 5 5 1 1 1 5 5 12 5 22 11 5 26 4 12 5 5 5 12 21 11 1 26 25 26 11 1 1 4 1 25 5 11 21 8 25 3 11 28 25 25 1 25 5 1 25 1 1 26 22 13 5 25 1 25 1 5 5 5 2 25 1 21 25 1 5 1 2 25 2 1 1 4 11 5 12 25 22 5 1 25 1 11 3 11 26 25 1 1 25 25 25 8 25 1 5 1 25 1 30 1 12 25 1 5 5 5 21 5 25 5 1 25 1 5 4 11 25 1 25 3 1 5
split_gain=2422.03 1506.95 1022.77 619.162 571.829 541.513 774.251 4842.54 1098.24 840.115 473.223 369.536 356.993 575.962 528.901 972.775 544.076 410.799 355.351 343.879 343.555 420.521 420.061 381.208 326.363 305.497 299.958 483.787 376.655 297.105 296.659 430.183 1083.67 392.603 285.245 359.805 403.861 307.015 281.781 387.705 266.488 601.825 263.073 307.214 701.838 613.136 327.578 365.022 468.186 395.036 1373.06 586.376 432.523 277.9 263.415 266.449 254.417 571.875 515.452 497.131 441.034 253.253 250.631 252.237 286.166 250.096 249.36 243.803 242.571 634.063 330.132 254.037 412.412 292.904 237.444 398.725 247.491 236.96 232.132 221.248 218.708 204.083 203.882 203.05 302.09 340.346 198.01 239.97 194.963 192.539 217.463 886.54 192.473 283.183 263.203 288.257 263.772 190.364 395.308 413.856 307.144 189.065 280.507 184.157 201.218 181.592 219.23 1103.77 540.949 238.092 181.531 179.355 179.001 200.493 178.421 213.113 176.927 196.228 176.671 176.265 171.289 274.228 330.742 170.83 169.883 394.125
threshold=9.461545944213869 0 1 2 3 5.759707212448121 6.0527143478393564 6.1640367507934579 4 5 -0.33426210284233088 6 -0.16066887229681012 0.24372619390487674 7 0.1366594657301903 8 -0.30164489150047297 9 10 11 -0.75581181049346913 0.085019674152135863 -0.031173458322882649 7.5704805850982675 0.24214403331279757 80.500000000000014 0.1366594657301903 0.48314048349857336 7.1356794834136972 5.759707212448121 12 6.8561301231384286 15.500000000000002 13 -0.77786767482757557 0.12786471098661426 6.5000000000000009 140.50000000000003 14 0.45273815095424658 0.053238462656736381 88.500000000000014 79.500000000000014 5.759707212448121 87.500000000000014 15 6.4229502677917489 74.500000000000014 6.8561301231384286 6.744683265686036 0.090180225670337691 -0.081030964851379381 39.500000000000007 16 61.500000000000007 5.759707212448121 20.500000000000004 6.8561301231384286 17 18 19 20 73.500000000000014 7.3527534008026132 0.049239655956625945 76.500000000000014 5.4143788814544687 21 5.0493419170379648 22 69.500000000000014 23 7.1113042831420907 6.8561301231384286 24 0.82414472103118908 25 -0.88220417499542225 77.500000000000014 0.057254392653703697 26 7.1113042831420907 87.500000000000014 6.1640367507934579 0.10837544873356821 27 0.056951373815536506 0.14085485786199572 49.000000000000007 6.8561301231384286 6.4229502677917489 47.500000000000007 51.500000000000007 60.500000000000007 11.500000000000002 69.500000000000014 6.8561301231384286 28 6.744683265686036 55.500000000000007 4.1348783969879159 0.058018375188112266 4.5047848224639901 -0.65883892774581898 55.500000000000007 5.4143788814544687 29 30 31 0.06768223270773889 32 22.500000000000004 33 5.0493419170379648 58.500000000000007 5.4143788814544687 34 35 0.45273815095424658 38.500000000000007 5.4143788814544687 49.000000000000007 36 5.759707212448121 37
decision_type=2 9 9 9 9 2 2 2 9 9 2 9 8 2 9 10 9 2 9 9 9 2 8 2 2 10 2 10 2 2 2 9 2 2 9 2 10 2 2 1 2 10 2 2 2 2 9 2 2 2 2 8 8 2 9 2 2 2 2 9 9 9 9 2 2 10 2 2 9 2 9 2 9 2 2 9 2 9 2 2 10 9 2 2 2 2 1 2 10 2 2 2 2 2 2 2 2 2 9 2 2 2 8 2 2 2 2 9 9 9 10 9 2 9 2 2 2 9 9 2 2 2 2 1 2 9
left_child=1 4 34 10 65 20 8 -8 26 -9 11 -3 -11 17 15 16 62 19 -10 29 21 111 67 103 40 42 27 28 -7 -14 114 32 33 -32 35 -2 37 -37 39 -28 124 68 43 46 45 -45 47 48 80 50 51 -49 82 -52 -54 -56 60 58 -58 -59 120 -4 63 -15 66 78 -65 81 -42 -70 123 73 -73 -72 75 -18 118 -19 -1 -39 -12 -22 -51 -46 85 -85 87 -44 -23 90 91 -61 -53 -94 -95 -96 -97 98 99 100 -21 102 -62 104 -24 106 107 -25 -108 -109 119 -5 -30 -114 115 -13 -107 -118 -76 -20 -48 122 -122 -71 125 -6
right_child=2 3 61 5 24 6 7 9 18 12 25 30 13 14 -16 -17 74 77 110 97 22 88 23 105 -26 -27 38 -29 112 -31 31 -33 -34 -35 -36 36 -38 79 -40 -41 41 -43 86 44 83 -47 56 49 -50 52 53 92 54 -55 55 -57 57 59 -60 89 101 -63 -64 64 -66 -67 -68 -69 69 70 71 72 -74 -75 76 -77 -78 -79 -80 -81 -82 -83 -84 84 -86 -87 -88 -89 -90 -91 -92 -93 93 94 95 96 -98 -99 -100 -101 -102 -103 -104 -105 -106 116 108 109 -110 -111 -112 -113 113 -115 -116 -117 117 -119 -120 -121 121 -123 -124 -125 -126 -127
leaf_value=0.012778656024449777 -0.073061771688184576 0.0027554654939595754 -0.023567765527691405 0.0099749651895647655 -0.0051462384092734719 0.0034215749674932038 -0.12292354539638817 0.006989851529146566 0.019967713942283163 0.0028075326050436555 -0.0042307163083388126 -0.0016215907454404318 -0.0030237585405543995 5.0347301748360833e-05 -0.0017365461519759091 -0.00038989681931187858 -0.095080881014908261 3.32253109246141e-05 0.0073825477096517251 0.0070422895640755694 0.010836508119773497 -0.0038993321447763911 -0.014846892036767298 -0.11141689312554175 -0.029590097732051852 0.0064019342552615087 -0.0051664506298196968 -0.046489169871996319 -0.04489406385293631 0.022190851374374081 -0.099950108528137196 -0.0050549301669868861 0.018502888154208419 -0.037491650806462509 -0.075597390492460614 0.021814904178250327 -0.076322886515886354 -0.062818970927747617 0.0037048621377850626 -0.026329696120832153 -0.0042772188534199304 0.0014964120806379546 -0.049001839046267051 -0.034625051362034795 -0.0021743162608931456 0.0029702759056469191 0.0051166474181346582 -0.030839996070382927 0.018593045863670422 -0.016400095262975298 -0.11573181023869825 0.025680133133756191 0.0083589931837986416 -0.054137772085008827 -0.011621551632812574 0.0010280962083810059 -0.032980245700326476 0.020521488202872074 0.013028978686037647 -0.014829903008703885 0.045849852440032091 0.011910293129198677 -0.015218874177960279 -0.029851486731252982 0.028609158911117136 0.012489266760101822 -0.0095227108436500337 0.008128714725451569 -0.047763366744522605 -0.010576219548525842 -0.0053004679754956388 -0.014300354114350149 -0.071697432051367929 -0.047282589084463394 -0.0099684383721354158 -0.02790211649328268 -0.044366957573588731 -0.0043121031576979279 0.0027985428074348982 -0.0063329226812764783 0.0041311972148484694 -0.0095285397884027692 -0.052114023594090945 -0.058980353261130956 -0.0056376385843999663 -0.016235663617581483 0.0076498189179077941 -0.0028734552227504388 0.0060041998450501956 -0.0053550812026951456 0.011499356838929302 -0.088465462677782367 -0.030522705264985558 0.0091811876624899365 -0.000986360150860183 -0.051694067682746286 -0.008441032888652342 0.0021029130250147157 0.016696237792964641 0.050146709233522414 -0.022024747720111308 -0.012976976083450456 -0.0045384159277503684 -0.0055508382195209221 0.019010121340045351 -0.0028432886158730884 0.0078580529778651646 -0.0099760862458578622 -0.020809537050726249 -0.034000505395039606 0.014419399269691368 0.00038773338680961247 0.0013980722771637028 -0.012081501807519792 0.0072672678995083949 -0.038557137151983396 -0.0044613583694281768 -0.02010402303460955 -0.034221095223541532 -0.0020150685966832463 -0.045737020441370048 0.001270585700367397 0.015359455258459657 0.0099447903714005772 0.0022763467966179255 0.0019821933420174831
leaf_weight=2450 223 12225 379 3162 10615 19636 296 9456 2257 11623 13441 1110 15920 2752 16942 7969 117 15842 8687 629 565 32311 220 113 323 1803 7615 188 106 431 149 12368 247 234 391 145 116 117 2758 867 6644 16479 102 1778 3508 500 3017 996 1004 893 114 180 1766 163 2774 3258 1748 481 250 1721 109 330 6288 715 145 4103 2256 2678 438 639 1107 329 176 172 954 248 378 39396 14552 133 3560 1928 171 230 1554 616 1778 6993 1893 2294 203 160 374 1016 960 240 269 18718 2444 119 680 6190 1034 18343 554 2602 891 1134 1742 565 2486 3947 1926 2042 2779 160 1273 1721 377 2264 285 892 110 849 59544 20337
leaf_count=2450 223 12225 379 3162 10615 19636 296 9456 2257 11623 13441 1110 15920 2752 16942 7969 117 15842 8687 629 565 32311 220 113 323 1803 7615 188 106 431 149 12368 247 234 391 145 116 117 2758 867 6644 16479 102 1778 3508 500 3017 996 1004 893 114 180 1766 163 2774 3258 1748 481 250 1721 109 330 6288 715 145 4103 2256 2678 438 639 1107 329 176 172 954 248 378 39396 14552 133 3560 1928 171 230 1554 616 1778 6993 1893 2294 203 160 374 1016 960 240 269 18718 2444 119 680 6190 1034 18343 554 2602 891 1134 1742 565 2486 3947 1926 2042 2779 160 1273 1721 377 2264 285 892 110 849 59544 20337
internal_value=-0.00150322 -0.00138127 -0.0359085 -0.00236059 0.00129353 -0.00164525 -0.000846594 -0.00190209 0.00236553 -0.00166929 -0.00441657 -0.00122397 -0.00223458 -0.00267434 -0.00573296 -0.00877802 -0.0134813 -0.00140312 0.00896041 0.000956661 -0.00381547 -0.00197072 -0.00603307 -0.0074323 0.000477613 -0.00578077 -0.00058255 0.00131822 0.00169923 -0.00235636 -0.00407698 -0.00628808 -0.0304506 -0.0619871 -0.0534877 -0.0407676 -0.0273556 -0.0128189 -0.00462416 -0.00733253 0.00056068 -0.00206492 -0.00611002 -0.00684765 -0.0122326 -0.0263755 -0.00596 -0.00407899 -0.00130357 -0.00787489 -0.0153214 -0.0108755 -0.00425032 -0.0798121 -0.00180091 -0.00478227 -0.00912365 -0.0137124 -0.0272197 -0.00815381 -0.00642666 -0.00712503 -0.0110566 -0.00655739 -0.0124124 0.00583935 -0.0144234 0.00184509 -0.0077326 -0.0138689 -0.00936085 -0.0180069 -0.0361058 -0.0109788 -0.0276808 -0.0496371 -0.0229652 -0.00306668 0.00423735 -0.0329133 -0.0024796 -0.00490538 -0.0221834 -0.00677578 -0.0134979 -0.0279125 -0.00129988 -0.00354342 -0.00335107 -0.0113292 -0.017954 -0.0211371 -0.0043243 -0.00622167 -0.00255349 -0.0106702 -0.0288968 0.00335424 0.00940993 -0.00315817 -0.00806276 -0.0108925 0.000302643 -0.00494587 0.00937994 -0.0121652 -0.0166923 -0.0247229 -0.0111584 -0.0181327 0.00709671 0.0046674 -0.00660096 -0.00556696 0.00301079 -0.00630156 -0.00856702 -0.0135387 -0.0168584 0.00543969 0.00120528 -0.00795129 -0.028727 0.00112361 0.00133921 -0.000463614
internal_weight=519567 517733 1834 378976 138757 281169 205527 154695 50832 154399 97807 29272 144943 133320 39141 22199 14230 94179 15694 38941 75642 41313 34329 29158 117652 68535 35138 23898 23710 16351 17047 12998 630 383 1125 734 511 395 11240 8482 117329 26833 66732 57859 8186 2278 49673 31179 18005 13174 4312 4035 8862 277 7798 6032 18494 6857 1998 4859 11637 709 12156 5868 3116 21105 2971 5171 10354 3710 3272 1784 505 1279 2074 365 1709 55238 17002 250 17001 2493 1064 5908 2400 846 8873 7095 34204 4378 2084 1881 3039 2859 2485 1469 509 22590 3872 1428 1309 7333 1143 19117 774 10041 4445 1812 2633 1699 13437 7109 4074 3968 4049 1270 5596 2994 1331 10951 4304 1287 395 1488 90496 30952
internal_count=519567 517733 1834 378976 138757 281169 205527 154695 50832 154399 97807 29272 144943 133320 39141 22199 14230 94179 15694 38941 75642 41313 34329 29158 117652 68535 35138 23898 23710 16351 17047 12998 630 383 1125 734 511 395 11240 8482 117329 26833 66732 57859 8186 2278 49673 31179 18005 13174 4312 4035 8862 277 7798 6032 18494 6857 1998 4859 11637 709 12156 5868 3116 21105 2971 5171 10354 3710 3272 1784 505 1279 2074 365 1709 55238 17002 250 17001 2493 1064 5908 2400 846 8873 7095 34204 4378 2084 1881 3039 2859 2485 1469 509 22590 3872 1428 1309 7333 1143 19117 774 10041 4445 1812 2633 1699 13437 7109 4074 3968 4049 1270 5596 2994 1331 10951 4304 1287 395 1488 90496 30952
cat_boundaries=0 2 4 6 8 10 12 14 16 17 19 21 23 24 26 27 29 31 32 33 35 36 38 39 40 41 43 45 46 47 49 51 53 55 57 59 60 61 62
cat_threshold=491010134 170 303038466 8196 2671657 2112 84 2 1073807872 22289 66048 257 2098208 2048 9568256 8708 4 2147483648 4 1610743936 16388 1082130560 18176 1 34603008 4 2 2129928 2112 2097152 64 1056 524289 537395200 2048 8 155455488 40 4 9 1 8519808 4608 33554432 1 2 42991616 0 4096 131072 4096 66048 16 1073741824 17408 1073807360 16912 0 4112 1 2 20979714
is_linear=0
shrinkage=0.03


Tree=50
num_leaves=127
num_cat=12
split_feature=0 13 8 21 4 25 25 25 13 29 13 0 25 4 13 20 23 0 21 25 30 13 26 23 27 30 4 25 25 25 31 0 20 27 31 21 30 26 29 26 29 0 4 27 27 23 25 25 2 0 26 26 0 0 13 25 0 0 25 27 0 0 28 0 30 0 4 25 25 25 20 3 25 25 25 3 0 21 25 21 25 32 0 27 26 32 23 23 23 23 29 25 25 25 3 25 27 31 4 27 25 25 25 0 26 25 25 27 25 26 28 0 25 25 0 6 25 3 25 25 27 25 25 0 4 25
split_gain=2141.51 623.594 1484.86 1248.09 516.502 356.714 373.026 399.851 352.769 639.647 332.051 328.347 277.383 316.515 272.554 251.848 238.847 852.016 280.476 243.59 245.017 237.013 298.546 528.417 191.271 185.715 177.688 189.128 305.797 204.558 357.208 172.74 171.398 227.525 168.167 163.086 157.545 154.368 275.476 151.643 630.572 149.868 246.392 148.18 148.049 144.606 162.839 141.456 141.236 268.343 466.744 252.07 220.59 668.875 523.353 224.192 414.447 298.925 268.076 275.006 244.518 224.241 217.126 187.451 174.038 166.58 161.97 377.858 305.215 180.22 154.478 145.16 274.587 138.43 209.769 189.484 156.713 136.98 294.363 214.109 162.702 136.73 324.128 136.591 132.617 152.984 159.208 292.058 142.34 131.486 139.208 129.26 384.346 272.548 175.129 150.482 145.527 128.88 128.838 127.52 256.908 127.321 127.167 125.746 124.043 123.829 142.235 122.848 332.897 141.98 134.513 122.49 122.103 119.113 115.312 113.087 112.75 375.497 382.768 367.712 200.983 171.205 198.795 235.533 161.993 451.946
threshold=13030.000000000002 38.500000000000007 6.5000000000000009 0.090277068316936507 0 7.5000000000000009 73.500000000000014 50.500000000000007 39.500000000000007 0.079769685864448561 33.500000000000007 110.00000000000001 35.500000000000007 1 47.500000000000007 75.500000000000014 0.10777157172560693 615.00000000000011 0.061567878350615508 13.500000000000002 0.10324561595916749 24.500000000000004 0.13882523775100711 0.12977331131696704 0.055219287052750594 0.13388858735561374 2 17.500000000000004 8.5000000000000018 68.500000000000014 0.062956336885690703 27950.000000000004 89.500000000000014 0.14952706545591357 0.025209763087332252 0.11281433328986169 0.072865519672632231 0.28312641382217413 0.069317996501922621 0.35431678593158727 0.04237759672105313 950.00000000000011 3 0.05270845256745816 0.060448419302701957 0.058227287605404861 67.500000000000014 97.500000000000014 4 325.00000000000006 0.1366594657301903 0.013495144899934532 950.00000000000011 715.00000000000011 15.500000000000002 97.500000000000014 1280.0000000000002 1560.0000000000002 81.500000000000014 0.16058247536420825 1560.0000000000002 1225.0000000000002 0.12967073917388919 1615.0000000000002 0.12912274152040484 1560.0000000000002 5 37.500000000000007 61.500000000000007 26.500000000000004 31.500000000000004 6 69.500000000000014 22.500000000000004 88.500000000000014 7 1280.0000000000002 0.12825448811054233 114.50000000000001 0.12880711257457736 76.500000000000014 0.15241085737943652 715.00000000000011 0.1688736900687218 0.058766001835465438 0.17284547537565234 0.056448934599757201 0.097788050770759596 0.098541021347045912 0.12228051945567132 0.1064862757921219 17.500000000000004 15.500000000000002 46.500000000000007 8 53.500000000000007 0.053263295441865928 0.072386119514703764 9 0.059393314644694335 37.500000000000007 30.500000000000004 56.500000000000007 61.500000000000007 0.12591716647148135 30.500000000000004 53.500000000000007 0.053855204954743392 15.500000000000002 0.004756731679663063 0.13258849829435351 950.00000000000011 21.500000000000004 76.500000000000014 1255.0000000000002 1.0000000180025095e-35 50.500000000000007 10 32.500000000000007 53.500000000000007 0.095947422087192549 45.500000000000007 38.500000000000007 615.00000000000011 11 20.500000000000004
decision_type=2 2 2 8 9 2 2 2 2 10 2 2 2 9 2 2 10 2 10 2 10 2 10 10 2 10 9 2 2 2 8 2 2 2 10 8 10 10 10 10 10 2 9 2 2 10 2 2 9 2 10 8 2 2 2 2 2 2 2 2 2 2 8 2 10 2 9 2 2 2 2 1 2 2 2 1 2 10 2 10 2 10 2 2 10 10 10 10 10 10 10 2 2 2 1 2 2 8 9 2 2 2 2 2 10 2 2 2 2 8 10 2 2 2 2 2 2 1 2 2 2 2 2 2 9 2
left_child=1 2 3 4 37 -2 7 12 9 83 32 25 13 -7 115 -10 19 -18 -19 -6 -21 22 35 41 34 26 45 28 -28 102 -31 -14 44 -34 -22 84 -20 -1 -39 -26 -41 42 43 -24 99 46 105 -12 49 62 51 -51 53 107 -55 58 -57 -58 60 63 61 66 -37 65 91 -60 67 69 -69 -54 -63 77 -73 75 76 -16 -75 80 79 -79 101 82 -38 -8 85 86 -13 -88 -87 90 -86 92 -53 98 97 -96 -97 -95 -93 -4 -101 -64 103 112 113 -5 -107 108 -50 -109 -110 -89 -29 -70 -46 -3 117 118 124 -118 -121 122 123 -120 125 -111
right_child=5 14 10 11 16 6 8 -9 15 -11 47 21 31 -15 73 -17 17 18 36 20 24 -23 23 -25 39 -27 27 29 -30 30 -32 -33 33 -35 -36 48 81 38 -40 40 -42 -43 -44 -45 114 -47 -48 -49 52 50 -52 64 55 54 -56 56 57 -59 59 -61 -62 70 71 -65 -66 -67 -68 68 104 -71 -72 72 -74 74 -76 -77 -78 78 -80 -81 -82 -83 -84 -85 89 88 87 111 -90 -91 -92 93 -94 94 95 96 -98 -99 -100 100 -102 -103 -104 -105 -106 106 -108 109 110 116 -112 -113 -114 -115 -116 -117 119 -119 121 120 -122 -123 -124 -125 -126 -127
leaf_value=0.011108330457595421 0.0094856570597595651 -0.0037494510561199733 0.0039731381280436228 0.0073710330363604883 0.012960433326560803 -0.079395514561348593 0.049081549241406015 -0.087162502381339005 -0.010278433312069285 -0.0571636698295067 0.00048232593886730061 0.013854720257222652 -0.036553790794962362 -0.029783287925078814 0.0055721592328378889 -0.069080014737794196 -0.070159281511391905 0.011026901083510709 0.0073770330974742664 -0.0031834816886708696 0.013900260260640559 -0.00059245045802226726 -0.0040465345207307789 -0.032583231903432361 -0.0016271663330783895 -0.038119203625935051 0.01465036676857959 0.017316288071774807 -0.036055100210569145 -0.0015207412088976094 -0.043081246872137227 0.0058697463073570967 0.001706461724584301 -0.034152235062676478 0.0020723080251834635 -0.02606836957926573 -0.052637636294103653 -0.045377949245695798 0.0041082051484486425 0.018200024103862233 -0.081848417625707742 -0.0014041916537741944 0.012599894763686406 0.012218862345017923 0.0030116470549033233 -0.029129614493197939 0.017390620870385416 -0.0054719471103798437 -0.059765927102679098 -0.016014527666687005 -0.047273515565857217 -0.00096184611068426832 -0.000237430373120029 -0.1065673601762815 -0.020243110733711166 0.0016968418199561118 -0.0612062965739857 -0.0052712529639003395 -0.016434200403874149 0.0062827529263018269 0.0098004665318503787 -0.040133333970671113 0.0045485109556897985 -0.051904284590425398 0.014125110689262182 0.020518479755050258 1.791966055167895e-05 -0.021921076324051644 -0.0074416552380740216 0.021048895886675877 -0.0081945664340177145 -0.010625962519284157 -0.057315292097017412 -0.0033982900792409098 0.00047628997005515889 -0.0044943181802112094 0.011960035894998951 -0.025226112847695464 -0.055129849271808591 0.0043374827489880349 0.011428104009363936 0.00013444114779109372 0.0093155193512458653 0.0049255544920875265 -0.0083470312691003804 0.0080620800315907518 -0.027075543491308435 -0.009623753531223125 -0.00058809684213168413 -0.015606953349829216 -0.00023501285566421994 -0.00055323110234696993 -0.059409710071807682 -0.010934262015930335 0.0033961346839408175 -0.025351495934516861 0.0070910188913637512 0.0013073648792131043 0.014399133755663278 -0.00070079369455896103 0.013515829615719732 -0.0063665642023132112 0.0071463351147600003 -0.014212065436503838 -0.020883245638252536 -0.026361035583221996 -0.0034367918669067033 0.011291613944852855 -0.0086555439138355349 -0.0064141679469596697 -0.034462713678009238 0.0087903514569876978 -0.0063464346707124203 0.0050013989847619922 0.014840312181782025 -0.011806034222982488 -0.02981453402066692 0.0082031386491706864 -0.033218392663688028 -0.010554593556080285 0.0017155100494544351 0.010136740874602562 -0.014755199018701721 0.01647432314940786 -0.017242570178349487 -0.081915485653088246
leaf_weight=5317 156 97120 5777 592 1131 237 121 200 109 122 48507 293 221 229 5258 165 139 3946 3063 26319 1162 21307 2359 433 11428 202 131 235 573 341 409 141 34104 159 15515 513 145 105 2255 127 101 8576 2226 640 30985 168 385 3877 141 837 190 471 1293 109 150 6557 164 180 3102 552 979 137 1186 129 844 113 7666 1468 2432 494 11506 1619 121 40262 21755 2474 606 382 138 519 653 7160 158 131 3245 2506 607 784 5399 914 4605 754 128 865 380 676 152 7286 1660 1500 4818 5073 492 1902 436 324 974 358 1454 147 207 554 1165 967 759 1593 766 1509 105 5685 1523 674 1161 451 922 138
leaf_count=5317 156 97120 5777 592 1131 237 121 200 109 122 48507 293 221 229 5258 165 139 3946 3063 26319 1162 21307 2359 433 11428 202 131 235 573 341 409 141 34104 159 15515 513 145 105 2255 127 101 8576 2226 640 30985 168 385 3877 141 837 190 471 1293 109 150 6557 164 180 3102 552 979 137 1186 129 844 113 7666 1468 2432 494 11506 1619 121 40262 21755 2474 606 382 138 519 653 7160 158 131 3245 2506 607 784 5399 914 4605 754 128 865 380 676 152 7286 1660 1500 4818 5073 492 1902 436 324 974 358 1454 147 207 554 1165 967 759 1593 766 1509 105 5685 1523 674 1161 451 922 138
internal_value=-0.00148179 -0.00136727 -0.000642869 -0.0021549 0.00088612 -0.0338511 -0.0378881 -0.0491228 -0.0200168 -0.00104802 0.00188943 -0.00384513 -0.0398404 -0.0551312 -0.00286269 -0.0458106 8.02472e-05 0.00349459 0.00420681 -0.000814103 -0.00109939 -0.00349115 -0.00404625 1.10685e-05 0.000836596 -0.00978926 -0.00904033 -0.0121511 -0.0266125 -0.0099052 -0.0242123 -0.0200591 0.00312881 0.00153906 0.00289723 -0.00464145 0.00164929 0.00827457 0.0018882 -0.00211168 -0.0262836 0.00103599 0.00504065 -0.00057251 0.00437124 -0.00235569 -0.000366611 4.15473e-05 -0.00524651 -0.00335123 -0.000692129 -5.90181e-05 -0.00610791 -0.00912733 -0.0568428 -0.00488334 1.08306e-05 -0.0320381 -0.00596326 -0.0133255 -0.00491514 -0.00546122 -0.00706572 -0.0165632 0.000952617 -0.0151294 -0.00300487 -0.00627278 -0.0102927 0.00565546 -0.0085738 -0.00605722 -0.0139038 -0.00143588 -0.00190348 0.00235103 -0.00317027 -0.00433854 -0.0144896 -0.00821077 -0.00281077 -0.000702196 -0.0204077 0.0262376 -0.00214121 0.000194328 -0.00672829 -0.0098345 0.00215481 -0.00484396 -0.00358896 5.29391e-05 -0.0135297 0.000745104 -0.00157333 -0.0122284 -0.0193945 7.07765e-06 0.00973055 0.00719558 0.010141 -0.0042979 -0.00707133 -0.0091913 -0.00583685 -0.00399111 -0.00917491 -0.00831279 -0.0156677 -0.0073255 -0.0118905 -0.00199851 -0.00236495 -0.00390123 0.00329493 -0.00387958 -0.00783584 -0.00435429 -0.00962168 -0.0100648 -0.00796213 -0.00266639 -0.00769517 0.00704712 -0.0233861 -0.0431313
internal_weight=519920 518088 349020 218534 78071 1832 1676 1028 648 374 130486 140463 828 466 169068 274 70394 14611 14472 55783 54652 132570 111263 14234 28333 7893 7691 5248 704 4544 750 362 78102 34263 16677 97029 10526 7677 2360 11656 228 13801 5225 2999 43839 2443 2275 52384 78122 24447 14243 14053 53675 15500 259 38175 6901 344 31274 3896 27378 26399 10204 3344 13216 3215 14756 7090 5303 1787 11643 9691 1740 70355 62623 7732 40868 7951 1039 901 6912 7463 303 252 18907 10143 2238 1945 7905 8764 7850 12372 599 11773 9359 1208 828 8151 2414 12095 6318 6259 3794 3302 3835 1890 1298 15241 1802 13439 1661 1338 1400 3399 31744 98713 13081 5107 3598 7974 7208 2391 1717 556 1207 285
internal_count=519920 518088 349020 218534 78071 1832 1676 1028 648 374 130486 140463 828 466 169068 274 70394 14611 14472 55783 54652 132570 111263 14234 28333 7893 7691 5248 704 4544 750 362 78102 34263 16677 97029 10526 7677 2360 11656 228 13801 5225 2999 43839 2443 2275 52384 78122 24447 14243 14053 53675 15500 259 38175 6901 344 31274 3896 27378 26399 10204 3344 13216 3215 14756 7090 5303 1787 11643 9691 1740 70355 62623 7732 40868 7951 1039 901 6912 7463 303 252 18907 10143 2238 1945 7905 8764 7850 12372 599 11773 9359 1208 828 8151 2414 12095 6318 6259 3794 3302 3835 1890 1298 15241 1802 13439 1661 1338 1400 3399 31744 98713 13081 5107 3598 7974 7208 2391 1717 556 1207 285
cat_boundaries=0 1 2 3 4 5 6 7 8 9 10 11 12
cat_threshold=2 4 1 1 2 4 2 2 2 1 2 4
is_linear=0
shrinkage=0.03


Tree=51
num_leaves=127
num_cat=46
split_feature=0 5 5 5 0 21 0 28 13 0 12 0 5 27 0 5 5 0 0 5 8 0 5 0 5 5 5 27 5 5 27 5 5 0 23 27 5 27 0 27 5 23 12 5 12 5 0 0 0 32 27 5 5 12 5 5 27 0 27 5 12 28 5 21 0 21 31 5 0 27 27 27 5 12 0 5 0 24 2 0 0 5 5 0 5 5 27 5 5 0 13 27 5 5 27 12 3 12 30 0 5 3 27 27 27 5 13 27 27 23 5 5 5 26 30 29 22 20 20 27 12 5 0 5 29 12
split_gain=1702.15 1460.15 1135.16 712.091 509.344 687.473 636.517 545.008 647.649 749.605 522.652 452.128 2151.92 436.962 1656.42 881.356 719.856 1176.08 520.545 459.767 478.32 454.871 2312.8 1102.33 1060.08 429.136 427.948 425.643 489.696 400.418 386.838 836.067 418.248 384.518 383.243 596.298 552.837 483.796 466.524 576.355 452.352 428.105 373.184 379.018 372.295 363.484 593.427 1153.78 401.508 358.894 357.6 931.533 342.924 341.92 337.98 369.332 378.367 330.683 443.751 681.894 655.699 323.846 321.653 314.263 313.424 299.198 292.764 292.234 286.571 285.324 309.271 596.912 282.596 310.977 281.361 396.58 1047.66 281.023 276.797 297.771 1350.94 452.93 423.904 357.109 941.145 347.528 335.989 299.127 294.71 476.259 280.945 273.598 276.202 267.213 265.223 300.283 260.032 257.33 257.313 245.181 242.404 242.371 407.772 242.324 236.684 286.888 233.758 231.219 597.941 224.417 222.357 218.599 216.886 216.578 216.525 214.895 264.939 213.686 245.142 213.036 228.19 217.021 208.646 204.953 195.68 195.397
threshold=13030.000000000002 0 1 2 1410.0000000000002 0.032727185636758811 1280.0000000000002 0.10879836603999139 24.500000000000004 225.00000000000003 -0.25206183642148966 110.00000000000001 3 0.095947422087192549 475.00000000000006 4 5 1225.0000000000002 325.00000000000006 6 7.5000000000000009 850.00000000000011 7 950.00000000000011 8 9 10 0.092709075659513487 11 12 0.07936600968241693 13 14 950.00000000000011 0.06534933298826219 0.058846931904554374 15 0.049178216606378562 225.00000000000003 0.059944719076156623 16 0.038110742345452316 -0.44505782425403589 17 -0.57782411575317372 18 1615.0000000000002 1940.0000000000002 1560.0000000000002 0.12919126451015475 0.092709075659513487 19 20 0.071972697973251357 21 22 0.069445703178644194 715.00000000000011 0.086274277418851866 23 0.32410992681980139 0.12426651641726495 24 0.10722555592656137 1280.0000000000002 0.12031875923275949 0.040175253525376327 25 6250.0000000000009 0.10038758814334871 0.12240357697010042 0.11874964460730554 26 0.25829915702342993 325.00000000000006 27 950.00000000000011 0.99179580807685863 28 950.00000000000011 850.00000000000011 29 30 615.00000000000011 31 32 0.098019190132617964 33 34 325.00000000000006 39.500000000000007 0.092709075659513487 35 36 0.16058247536420825 0.32410992681980139 37 0.7074720859527589 0.11563878506422044 1560.0000000000002 38 39 0.07936600968241693 0.052256155759096153 0.089248880743980422 40 23.500000000000004 0.089248880743980422 0.098019190132617964 0.10042453557252885 41 42 43 0.34387405216693884 0.1373502463102341 0.10304982960224153 -0.51426923274993885 77.500000000000014 104.50000000000001 0.052256155759096153 -0.79904326796531666 44 90.000000000000014 45 0.11905520036816598 0.48126256465911871
decision_type=2 9 9 9 2 8 2 8 2 2 2 2 9 2 2 9 9 2 2 9 2 2 9 2 9 9 9 2 9 9 2 9 9 2 8 2 9 2 2 2 9 10 2 9 2 9 2 2 2 10 2 9 9 2 9 9 2 2 2 9 2 8 9 10 2 10 8 9 2 2 2 2 9 2 2 9 2 2 9 2 2 9 9 2 9 9 2 9 9 2 2 2 9 9 2 2 1 2 8 2 9 1 2 2 2 9 2 2 2 8 9 9 9 10 8 10 8 2 2 2 2 9 2 9 10 2
left_child=1 4 97 42 6 -6 7 67 9 25 26 12 61 15 -15 57 17 19 30 -16 -21 24 23 -23 -20 -9 -10 104 -29 44 32 -32 119 -24 41 36 66 -38 -37 123 -41 -34 43 -3 -26 48 64 -48 98 69 63 -52 -33 93 -14 56 -56 58 -13 60 106 -5 -35 113 96 110 -36 -1 99 -19 71 72 -71 -74 103 76 77 -76 88 80 81 83 -81 -80 -85 107 87 -83 89 125 -82 92 -61 -4 95 -72 -47 -2 -18 -7 -50 102 -58 -45 -25 -106 -60 -86 -109 -55 -43 -59 -63 115 -64 116 -31 -111 -119 -17 121 -121 -27 -40 -90 -44
right_child=2 3 53 11 5 68 -8 8 10 -11 -12 13 54 14 16 18 45 49 21 20 -22 22 33 27 29 122 -28 28 -30 50 31 52 34 62 35 38 37 -39 39 40 -42 65 78 74 -46 46 47 -49 100 -51 51 -53 -54 109 55 -57 101 111 59 91 -62 112 114 -65 -66 -67 -68 -69 -70 70 94 -73 73 -75 75 -77 -78 -79 79 82 90 86 -84 84 85 -87 -88 -89 124 -91 -92 -93 -94 -95 -96 -97 -98 -99 -100 -101 -102 -103 -104 -105 105 -107 -108 108 -110 117 -112 -113 -114 -115 -116 -117 -118 118 -120 120 -122 -123 -124 -125 -126 -127
leaf_value=0.012487253228690317 -0.065987073103205993 0.0040202085791172949 0.049249191234509153 -0.0026117755753635348 -0.087935741644985271 -0.029158578425995074 0.064028634688998234 -0.025440220113510874 0.011565528112403602 -0.00065586152800934099 0.0003074666435551586 0.0029312581927365055 -0.0055192935261633019 -0.10586652021748678 0.0097176908156213337 0.008856573882003017 -0.022203073510539368 -0.00034887415769428021 0.01507830837460015 -0.036820861189945472 -0.0026011893883763119 -0.098099755891283655 0.048847799321015677 -0.011477339936350363 0.0080326054469019841 -0.029527951050250734 0.0034955637684186782 -0.035469699545367939 0.0062094090043913657 -0.021694462364102947 -0.00070689563991860457 -0.014081163456242753 -0.016086793650943617 0.011945146206931325 -0.011361376907550754 0.0085706430265270646 0.0049371062915709585 -0.014078886488685681 0.012777359384691562 -0.00089851944027352496 -0.018721918113466015 -0.0013901510153905407 -0.037867875532002042 -0.016986173158253369 0.00063503361221096651 -0.00048735016767193076 -0.10075568870586507 -0.0035722794483073663 0.012389656907937417 0.0028365872825961559 0.020310606951825318 -0.0464519275957627 -0.046968472818785072 0.0044359041644670694 0.0044208172734621215 0.022641021194166111 -0.074559524368212643 0.010078142382215128 -0.063368014942193129 -0.034078529537587922 0.0001384952934640352 -0.037041335308451356 -0.009473352062896432 -0.014124985817937266 0.015226838115340117 -0.029419196446052762 0.00074283879722943417 0.0036929407752714018 -0.058076488095171311 -0.0039210091910341334 0.032968635405644334 -0.10410436160424176 -0.08345773655377077 -0.029624775550069492 -0.085409521225395552 -0.0050313296875979215 0.018537423341102633 -0.025912263212947671 -0.011011184088597427 0.010952708897636547 -0.11382092004590624 0.012111139980850682 -0.0060165670594314003 -0.010229842915567732 -0.016593263290036263 -0.097015496537655205 0.0068984620538578437 -0.0085912379316194307 -0.0035077378932788475 -0.056009028511218341 -0.050734480165714475 0.022919435345092661 0.0038558697195478142 -0.0025496414633611074 -0.046637906303521999 -0.0254460343837981 0.010046814876686972 -0.030183767580437934 -0.0038566342206382683 -0.00047202016039579086 -0.011390772220097651 -0.0039851492570111679 -0.013669524702010676 0.0060736308571656475 -0.0063374547322220826 -0.029590543773609732 -0.028463117889009432 -0.10512972888739212 -0.022360127825994745 -0.010481949352993156 0.012600306071755874 0.001556387882961243 -0.067386409462837693 -0.01416036112068839 0.0035577866646584028 0.0046886225551757525 -0.0012185219274525592 -0.088763037375081108 -0.022973942491087581 0.0011869227940544741 0.0012699474145425561 -0.028107891280773407 -0.0023650643797834717 -0.00081099395687811936 0.01417029003786004 0.0038374863635920763
leaf_weight=6031 612 7921 115 176 105 335 148 1816 8043 22541 36434 30533 15294 139 1514 2988 696 178 4626 524 1227 132 179 8975 8401 291 22394 281 1924 583 1720 528 914 3927 2512 3628 1329 12767 1527 2316 2880 1546 132 468 22572 35291 152 391 2093 239 293 498 700 176 4281 729 136 8669 213 196 820 946 1328 1714 1281 201 6324 7849 101 160 100 169 177 215 217 11560 223 108 4108 1542 108 651 9052 1160 198 147 1593 13460 28345 250 160 554 1036 314 381 367 2242 260 53701 1328 465 827 359 3268 720 1539 921 137 184 158 3024 3961 345 1069 8407 5887 21749 105 100 429 7315 483 1984 2854 574 421
leaf_count=6031 612 7921 115 176 105 335 148 1816 8043 22541 36434 30533 15294 139 1514 2988 696 178 4626 524 1227 132 179 8975 8401 291 22394 281 1924 583 1720 528 914 3927 2512 3628 1329 12767 1527 2316 2880 1546 132 468 22572 35291 152 391 2093 239 293 498 700 176 4281 729 136 8669 213 196 820 946 1328 1714 1281 201 6324 7849 101 160 100 169 177 215 217 11560 223 108 4108 1542 108 651 9052 1160 198 147 1593 13460 28345 250 160 554 1036 314 381 367 2242 260 53701 1328 465 827 359 3268 720 1539 921 137 184 158 3024 3961 345 1069 8407 5887 21749 105 100 429 7315 483 1984 2854 574 421
internal_value=-0.00138499 -0.00128262 -0.0301803 -0.00210699 0.00179538 -0.0137271 0.00206547 0.00197947 0.00115598 -0.00280031 0.00273163 -0.00146007 -0.00550465 -0.00114814 -0.00274603 -0.000326095 -0.00260386 -0.0134094 -0.00144326 -0.00235938 -0.0127839 -8.88153e-05 -0.00334701 -0.0121416 0.0012365 -0.0146129 0.00563332 -0.0112991 0.000751611 0.000213664 -0.00373706 -0.0143126 -0.00314897 0.00528129 -0.00452789 -0.00566801 -0.00859223 -0.0122771 -0.000589503 -0.00406012 -0.010817 0.00271111 -0.00453268 -0.0013352 0.00264087 -0.002013 0.000204234 -0.0309117 -0.0035449 -0.0316328 -0.00215103 -0.0220576 -0.0330786 -0.00738913 -0.00310689 0.00271936 8.80927e-05 0.00326505 0.00173648 -0.00801575 -0.0201985 -0.040528 0.00471081 -0.00164312 0.000640377 0.00631492 -0.00269613 0.00752644 -0.00926255 -0.0363473 -0.0404284 -0.054879 -0.0396472 -0.0527405 -0.00401266 -0.00623576 -0.0309326 -0.0657783 -0.00575461 -0.00766852 -0.00966781 -0.00883673 -0.00354116 -0.0158956 -0.026959 -0.0550591 -0.00615456 -0.00763287 -0.00365781 -0.0214684 -0.076486 0.00539963 -0.00244701 0.0125041 -0.0280919 -0.0128938 0.00014215 -0.0547316 -0.00409178 -0.00626478 0.00806793 -0.0139345 -0.0305155 0.00318121 -0.0136643 -0.0223443 -0.0350694 -0.0414087 -0.0579023 -0.0233532 0.00789269 0.00741511 -0.0460047 -0.000912199 0.00177753 -0.000409844 -0.00175402 -0.0368019 -0.0569381 0.00199538 -0.00049491 -0.0146364 -0.00582538 0.00395438 -0.00315529 -0.00616788
internal_weight=519714 517874 1840 408474 109400 1869 107531 107383 93503 26632 66871 322487 23093 299394 101702 197692 101563 5251 150789 3265 1751 94804 27412 13571 67392 4091 30437 13439 2205 62766 55985 2948 53037 13841 41822 36137 22932 14096 13205 9577 5196 5685 85987 23765 30973 96312 39357 543 56955 1986 31793 791 1228 968 21626 6332 5603 46903 34273 3740 1954 1467 13662 31002 38814 4771 8836 13880 1764 1747 1569 721 552 392 15844 12108 548 325 62222 32500 21906 21638 10594 5934 1826 666 15704 14111 29722 803 268 1786 1232 429 848 467 37533 872 54397 1663 2558 1322 495 3736 11234 2259 1134 519 321 539 4570 12630 1291 29288 9735 28219 22332 363 205 11215 8227 912 2275 4381 28919 553
internal_count=519714 517874 1840 408474 109400 1869 107531 107383 93503 26632 66871 322487 23093 299394 101702 197692 101563 5251 150789 3265 1751 94804 27412 13571 67392 4091 30437 13439 2205 62766 55985 2948 53037 13841 41822 36137 22932 14096 13205 9577 5196 5685 85987 23765 30973 96312 39357 543 56955 1986 31793 791 1228 968 21626 6332 5603 46903 34273 3740 1954 1467 13662 31002 38814 4771 8836 13880 1764 1747 1569 721 552 392 15844 12108 548 325 62222 32500 21906 21638 10594 5934 1826 666 15704 14111 29722 803 268 1786 1232 429 848 467 37533 872 54397 1663 2558 1322 495 3736 11234 2259 1134 519 321 539 4570 12630 1291 29288 9735 28219 22332 363 205 11215 8227 912 2275 4381 28919 553
cat_boundaries=0 2 4 6 8 10 12 14 16 18 20 22 23 25 27 29 31 33 35 37 39 41 43 45 47 49 51 52 53 54 55 57 58 59 61 62 64 66 67 69 70 72 74 76 78 80 82
cat_threshold=423888982 42 303038466 8192 574505 2112 131072 528 1610756224 8704 1140981760 16384 1073741824 16384 2148532224 148 2147483648 4 2050 2 262164 10 2147483648 1114112 17425 69206016 16529 67108864 1152 8388608 16640 2163200 4112 1056 2048 537927808 8980 0 4480 66048 256 1107305088 1153 2166784 16384 536870912 512 2097664 16385 272631872 2 1073872896 524288 10 541696 524320 64 16384 524288 1 64 1 0 8192 0 16388 2 1056768 4 2 1048576 128 65536 20480 536879104 512 0 528 67108864 1024 33619968 16400
is_linear=0
shrinkage=0.03


Tree=52
num_leaves=127
num_cat=28
split_feature=0 5 5 5 13 11 5 26 5 0 0 5 0 5 5 0 0 25 13 25 0 23 0 5 0 4 25 0 11 23 8 0 29 12 11 5 25 0 25 0 0 5 0 11 5 25 25 0 0 0 30 5 25 4 4 0 5 23 26 25 0 25 25 12 25 25 11 25 5 25 0 5 0 5 25 25 11 0 0 0 11 31 0 0 25 25 0 0 8 0 11 25 0 0 0 4 25 5 5 0 0 11 5 23 0 0 0 0 12 5 11 0 25 11 5 0 5 5 0 24 25 0 8 32 28 0
split_gain=2020.55 1336.05 825.257 547.635 543.077 956.212 855.985 586.696 715.537 1251.28 519.677 492.898 463.08 637.922 600.982 637.542 565.56 546.486 823.911 419.307 405.907 363.49 362.072 356.592 325.858 712.562 848.614 322.288 309.379 419.945 309.641 308.43 311.248 290.599 486.784 345.955 290.584 268.885 266.299 635.221 596.834 456.612 410.673 315.723 263.796 261.716 254.804 255.648 295.876 251.324 451.844 287.973 251.217 236.247 233.083 225.346 249.628 223.546 268.952 217.962 212.289 208.185 204.988 199.495 198.049 196.427 192.49 743.266 192.318 341.059 273.6 330.586 237.277 190.27 184.65 204.543 225.246 356.312 178.634 292.442 177.726 177.198 248.098 186.403 173.625 284.989 193.501 176.043 313.94 172.774 171.665 171.554 317.023 563.075 741.696 838.729 256.484 226.605 167.751 197.191 242.937 167.229 164.066 189.07 158.026 353.958 298.06 1759.94 392.325 294.726 575.506 199.439 289.877 172.221 165.145 155.526 545.331 378.288 272.72 218.051 154.691 298.009 154.495 146.174 144.485 142.999
threshold=13030.000000000002 0 1 2 39.500000000000007 0.3744682669639588 3 0.14085485786199572 4 615.00000000000011 155.00000000000003 5 615.00000000000011 6 7 950.00000000000011 950.00000000000011 53.500000000000007 13.500000000000002 29.500000000000004 6250.0000000000009 0.081555202603340163 1255.0000000000002 8 715.00000000000011 9 97.500000000000014 550.00000000000011 -0.74441730976104725 0.075415529310703291 6.5000000000000009 155.00000000000003 0.040852611884474761 0.40418040752410894 0.22700754553079608 10 42.500000000000007 1280.0000000000002 81.500000000000014 1280.0000000000002 1940.0000000000002 11 1225.0000000000002 -0.082689788192510591 12 56.500000000000007 63.500000000000007 615.00000000000011 325.00000000000006 850.00000000000011 0.073796268552541747 13 62.500000000000007 14 15 1560.0000000000002 16 0.12977331131696704 0.16209227591753009 92.000000000000014 1715.0000000000002 19.500000000000004 77.500000000000014 0.71952396631240856 86.500000000000014 44.500000000000007 -0.73282214999198902 85.500000000000014 17 88.500000000000014 61.500000000000007 18 950.00000000000011 19 52.500000000000007 3.5000000000000004 0.45273815095424658 155.00000000000003 155.00000000000003 90.000000000000014 -0.84772008657455433 0.0743275322020054 325.00000000000006 950.00000000000011 103.50000000000001 81.500000000000014 1225.0000000000002 325.00000000000006 11.500000000000002 325.00000000000006 -0.7386675477027892 19.500000000000004 325.00000000000006 950.00000000000011 715.00000000000011 20 15.500000000000002 21 22 90.000000000000014 61.500000000000007 -0.35846811532974238 23 0.058227287605404861 715.00000000000011 950.00000000000011 425.00000000000006 475.00000000000006 0.92843842506408703 24 -0.63255557417869557 325.00000000000006 82.500000000000014 -0.46038399636745447 25 615.00000000000011 26 27 90.000000000000014 0.99754837155342113 114.50000000000001 325.00000000000006 7.5000000000000009 0.16802810132503512 0.15556073933839801 1280.0000000000002
decision_type=2 9 9 9 2 2 9 10 9 2 2 9 2 9 9 2 2 2 2 2 2 8 2 9 2 9 2 2 2 10 2 2 8 2 2 9 2 2 2 2 2 9 2 2 9 2 2 2 2 2 10 9 2 9 9 2 9 10 10 2 2 2 2 2 2 2 2 2 9 2 2 9 2 9 2 2 2 2 2 2 2 10 2 2 2 2 2 2 2 2 2 2 2 2 2 9 2 9 9 2 2 2 9 10 2 2 2 2 2 9 2 2 2 2 9 2 9 9 2 2 2 2 2 8 10 2
left_child=1 3 -2 46 5 11 90 8 9 10 -7 22 13 27 15 44 19 18 -17 -16 52 -11 57 28 36 -26 -27 33 -4 30 -30 98 -33 34 45 -36 -21 68 41 104 -41 42 -13 -43 -14 61 74 48 -48 50 53 -51 -18 -23 59 56 125 91 -59 -35 123 -5 -32 -25 -50 -38 67 -67 69 72 71 -70 -8 -34 75 -1 80 -78 79 -76 -77 -58 -83 -84 85 101 87 88 -87 -47 -6 92 97 94 95 96 -94 -3 99 100 -15 -72 103 -9 106 -106 111 -108 -109 -107 -111 112 -40 -114 -113 116 118 -117 -93 -119 -61 -122 -19 -53 -12 -10
right_child=2 4 23 12 6 7 37 102 55 21 124 38 14 31 16 17 20 122 -20 24 -22 49 -24 63 25 26 -28 -29 29 -31 62 32 73 54 35 -37 65 -39 39 40 -42 43 -44 -45 -46 89 47 -49 64 51 -52 60 -54 -55 -56 -57 81 58 -60 120 -62 -63 -64 -65 -66 66 -68 -69 70 -71 84 -73 -74 -75 78 76 77 -79 -80 -81 -82 82 83 -85 -86 86 -88 -89 -90 -91 -92 115 93 -95 -96 -97 -98 -99 -100 -101 -102 -103 -104 -105 105 109 107 108 -110 110 -112 114 113 -115 -116 117 -118 119 -120 -121 121 -123 -124 -125 -126 -127
leaf_value=0.03198965821001265 -0.070905871823981961 0.0077634711164470613 -0.062007715702056883 0.007935714948822321 -0.0033884054023417542 -0.024427881751914668 -0.015020121233028975 -0.022490194398406389 -0.0024148208970566753 -0.051491106808010001 0.010009793513807002 0.012976175140717045 0.0074594301051923908 0.0035537979773546725 0.0048814067214179449 -0.090487889332304658 6.957170408288828e-05 0.010012289711447561 -0.0074882550173858984 -0.018929457277282454 -0.056464026716520198 -0.081507580867216281 0.014694209613581569 0.009758527590154064 0.0075138175624791378 -0.015161137605040058 -0.12242133017097201 -0.041637790896769222 0.023461951808682803 -0.063669783394541268 -0.04349351142034974 0.030508662615617944 0.008511926766914266 -0.031789085913176938 -0.027154742073591413 -0.0095240610890633924 0.0085237304226365215 0.017261769933931186 -0.028097142048398742 -0.078213148290111167 -0.0051843323174767123 0.0031227814029020319 -0.024291109200666086 -0.0011450505920165667 0.018334916964396559 -0.0035150565104825181 0.0014303303795986332 0.015803633715683617 -0.026268788736781647 -0.04087583650744487 0.0057302651083076719 0.011084005227879338 0.0048385997676640745 -0.033731004277752732 -0.00012492329339781238 0.010964131699930954 -0.0054719185324162735 0.0036029106679528289 -0.035219549590707992 -0.0015834359498243826 -0.050996620735324176 -0.011711558365220686 0.0049046164038777356 -0.032961208705223143 0.0137170103184448 -0.0098552656899375101 -0.0033659400706923717 -0.093142191440851049 -0.04212143300715869 0.01784364581937805 -0.0072824448699638439 0.0068498849946934705 -0.001685452177404552 0.0016830684413259268 0.026752862537608429 -0.0041048520632894041 -0.025150170639894814 0.0054609316484029611 0.018838702105622801 -0.013885139413364231 0.0098104991320950019 -0.027110815579829178 0.0010358844048126848 -0.017208551357256796 -0.0014013713879525258 -0.013048293476202729 -0.041617308429401853 -0.0059053661609147056 -0.04463560925004232 0.0050924384560132796 -1.2959211524084297e-05 -0.014168078106093227 -0.092523645973205559 0.0036786474021910298 -0.10154346276882965 -0.0072783641072217903 -0.040870623831086007 -0.017630934483118501 -0.0070942713228224798 -0.0020029913694903801 0.03488479449338204 -0.0023129912888390359 -0.00045004073628543374 0.0087504429778176851 0.037462326572218686 0.0022676054968904583 -0.11922061503388499 -0.019992648917659474 0.0031498747640079194 -0.068036147195179725 -0.0055674755198881027 0.0085739685812460456 -0.012406141949607373 0.0014489805742167801 -0.0036947465863183034 0.0065553965726578315 -0.0019778798219139931 -0.0098860501035464114 0.014858183163442139 -0.0031153047729049251 -0.05338664946732697 0.005064784215087546 0.00069957404239427506 -0.013415106622331446 -0.017872834050060151 -0.027297835240951567
leaf_weight=269 394 1352 245 552 24705 522 6568 184 38430 304 2570 4753 3917 901 2519 113 21065 3443 1935 1593 105 103 1097 377 215 141 125 202 173 168 214 365 4286 368 1357 3924 888 408 442 185 220 41195 281 25108 4224 6037 4892 920 604 360 259 229 18824 955 17921 904 24781 265 406 1284 130 3984 124 132 136 1073 3563 105 385 345 22691 183 1470 25393 254 964 518 1004 2348 424 5751 835 1056 963 6186 1308 229 1570 361 3216 30057 326 124 990 105 1242 293 401 4691 6156 295 8334 16352 3043 240 11522 130 1140 1561 150 1099 2658 1129 2828 1562 2849 20632 6044 2683 14674 161 152 3000 4777 178 208
leaf_count=269 394 1352 245 552 24705 522 6568 184 38430 304 2570 4753 3917 901 2519 113 21065 3443 1935 1593 105 103 1097 377 215 141 125 202 173 168 214 365 4286 368 1357 3924 888 408 442 185 220 41195 281 25108 4224 6037 4892 920 604 360 259 229 18824 955 17921 904 24781 265 406 1284 130 3984 124 132 136 1073 3563 105 385 345 22691 183 1470 25393 254 964 518 1004 2348 424 5751 835 1056 963 6186 1308 229 1570 361 3216 30057 326 124 990 105 1242 293 401 4691 6156 295 8334 16352 3043 240 11522 130 1140 1561 150 1099 2658 1129 2828 1562 2849 20632 6044 2683 14674 161 152 3000 4777 178 208
internal_value=-0.00138254 -0.00127139 -0.0328675 0.000945301 -0.00231894 -0.00155076 -0.00412837 -0.0038686 -0.00503993 -0.0123651 0.00298385 -4.6525e-05 0.000343294 -0.00117837 0.00219272 0.0071332 0.00055475 0.00138588 -0.0121098 -0.00574231 0.00216445 -0.0194341 -0.00235509 -0.0217208 -0.00921661 -0.0331016 -0.0658351 -0.00393368 -0.0328019 -0.0226704 -0.00909306 0.00138582 0.0030121 -0.00373812 -0.00638396 -0.0141281 -0.00762146 -0.00696425 0.00123703 -0.00143622 -0.0386537 0.00216902 0.0108699 0.00150639 0.0131355 -0.00341723 0.00587204 0.00115067 -0.0012453 -0.0179964 -0.0297676 -0.0151707 0.00232019 -0.0384548 -0.00120066 -0.00390472 -0.00410829 -0.00271284 -0.0199047 -0.0110064 -0.013256 -0.0093194 -0.0257759 -0.00133676 -0.0189115 -0.00441852 -0.00684391 -0.0173517 -0.00716515 -0.0113143 -0.00631735 -0.0269793 -0.012582 0.00267293 0.00855928 0.0062938 0.00545085 -0.00496697 0.0149233 0.00135611 0.00781251 -0.00628532 -0.0133656 -0.00767035 -0.00602974 -0.00685973 -0.0150152 -0.0131221 -0.0199032 -0.000523183 -0.00153549 -0.0024894 -0.00808093 -0.014427 -0.0245847 -0.0196557 -0.0564149 0.00189149 -0.00267006 0.000162842 0.0113044 -0.00594766 0.00077179 0.00694122 -0.000818457 0.00144352 -0.00338871 -0.0118324 -0.00662158 0.00076375 -0.013014 -0.000614237 -0.00508337 -0.00250626 0.00404456 -0.00195541 -0.000236146 -0.00367998 0.011671 -0.00508844 -0.00620053 -0.0250756 0.00567687 -0.0122924 0.00819787 -0.00254882
internal_weight=519633 517806 1827 166177 351629 246829 104800 97143 77564 10387 3270 149686 148093 81245 66848 16632 50216 8491 2048 10222 39994 7117 53483 1433 7703 481 266 39158 924 679 511 42087 30044 38956 19070 5281 7222 50038 96203 24866 405 71337 5034 66303 8141 13789 18084 6552 5632 6813 1317 5496 39889 1058 19886 67177 66273 52386 671 1965 5136 4536 338 509 740 5629 4741 1178 49630 8383 41247 568 8038 29679 11532 8506 8237 1522 3026 678 6715 27635 2854 2019 40679 34493 3468 3239 1669 9253 54762 51715 4507 2754 1764 1659 417 1753 12043 7352 1196 31025 19579 3227 24461 13011 11450 2831 2701 12771 1249 8619 4399 3957 4220 47208 23641 23567 3009 20718 1597 313 6443 5006 2748 38638
internal_count=519633 517806 1827 166177 351629 246829 104800 97143 77564 10387 3270 149686 148093 81245 66848 16632 50216 8491 2048 10222 39994 7117 53483 1433 7703 481 266 39158 924 679 511 42087 30044 38956 19070 5281 7222 50038 96203 24866 405 71337 5034 66303 8141 13789 18084 6552 5632 6813 1317 5496 39889 1058 19886 67177 66273 52386 671 1965 5136 4536 338 509 740 5629 4741 1178 49630 8383 41247 568 8038 29679 11532 8506 8237 1522 3026 678 6715 27635 2854 2019 40679 34493 3468 3239 1669 9253 54762 51715 4507 2754 1764 1659 417 1753 12043 7352 1196 31025 19579 3227 24461 13011 11450 2831 2701 12771 1249 8619 4399 3957 4220 47208 23641 23567 3009 20718 1597 313 6443 5006 2748 38638
cat_boundaries=0 2 4 6 8 10 12 14 16 18 19 20 22 23 24 25 26 28 29 31 33 34 35 37 39 41 43 45 47
cat_threshold=423901782 1194 268435458 8192 20 2 647200904 773 42106880 512 69779593 325 16779778 128 2562 128 35127296 4 1 2 0 16384 2 131072 1 4 2754102400 16465 17441 1073741824 16384 402919424 32 1 524289 4198400 40 131072 8256 545259520 528 545259520 2048 67141632 68 524296 321
is_linear=0
shrinkage=0.03


Tree=53
num_leaves=127
num_cat=34
split_feature=0 5 5 5 30 11 5 0 0 0 0 0 0 5 25 8 13 12 5 2 2 5 5 5 25 25 5 0 0 12 25 25 5 0 25 23 5 0 5 5 0 11 0 25 25 11 0 5 5 5 0 24 5 0 12 0 0 25 25 0 11 5 0 29 30 5 25 25 5 0 3 0 25 25 25 25 25 8 25 0 0 0 25 25 0 5 25 21 11 3 12 0 25 5 32 11 5 25 5 0 0 0 0 21 0 25 2 25 0 25 0 0 3 0 0 11 12 0 29 5 5 22 0 5 25 0
split_gain=1588.77 1249.64 737.541 597.917 483.382 553.596 686.271 579.04 1057.65 2401.78 544.725 1822.47 529.885 1671.65 599.973 528.812 472.055 466.256 456.398 829.459 421.724 1083.69 532.406 398.372 384.797 399.882 355.203 390.157 347.358 325.25 315.854 309.728 300.667 404.264 340.687 286.322 284.079 425.52 271.686 270.212 281.028 264.083 264.041 262.67 260.347 267.391 254.782 429.697 264.576 252.951 235.504 231.166 227.503 222.7 374.078 210.685 209.773 224.943 572.281 277.487 294.982 209.077 215.278 480.814 279.513 270.479 201.483 197.86 196.027 346.985 263.347 236.766 786.72 349.911 210.507 192.422 616.937 622.002 444.406 192.421 191.007 208.928 189.772 274.809 229.666 188.002 187.169 191.605 198.549 438.106 354.38 270.34 417.453 185.629 180.729 446.595 878.494 556.252 451.118 397.468 333.082 294.67 269.651 566.258 344.447 247.1 325.549 270.746 369.529 397.728 242.234 403.603 752.893 231.772 176.329 223.867 169.549 220.958 168.123 166.296 165.52 195.113 163.236 450.425 263.211 162.582
threshold=13030.000000000002 0 1 2 0.19365485012531283 0.35846313834190374 3 325.00000000000006 425.00000000000006 475.00000000000006 950.00000000000011 850.00000000000011 615.00000000000011 4 47.500000000000007 9.5000000000000018 39.500000000000007 0.020426410250365738 5 6 7 8 9 10 18.500000000000004 38.500000000000007 11 1715.0000000000002 615.00000000000011 0.71952396631240856 86.500000000000014 76.500000000000014 12 325.00000000000006 88.500000000000014 0.10042453557252885 13 90.000000000000014 14 15 225.00000000000003 0.77244481444358837 1560.0000000000002 49.000000000000007 50.500000000000007 -0.62588816881179798 715.00000000000011 16 17 18 1560.0000000000002 0.96395656466484081 19 1280.0000000000002 0.43540433049201971 225.00000000000003 90.000000000000014 81.500000000000014 82.500000000000014 225.00000000000003 -0.57780906558036793 20 950.00000000000011 0.12510562688112262 0.10731760039925577 21 27.500000000000004 56.500000000000007 22 325.00000000000006 23 325.00000000000006 17.500000000000004 14.500000000000002 23.500000000000004 77.500000000000014 59.500000000000007 7.5000000000000009 52.500000000000007 155.00000000000003 90.000000000000014 61.500000000000007 50.500000000000007 29.500000000000004 27950.000000000004 24 3.5000000000000004 0.049239655956625945 0.24372619390487674 25 -0.50557503104209889 90.000000000000014 46.500000000000007 26 0.12628600746393207 0.21862474083900454 27 85.500000000000014 28 155.00000000000003 55.000000000000007 110.00000000000001 1410.0000000000002 0.04543250426650048 1280.0000000000002 69.500000000000014 29 68.500000000000014 1225.0000000000002 32.500000000000007 90.000000000000014 45.000000000000007 30 55.000000000000007 155.00000000000003 -0.32614396512508387 -0.59177783131599415 1280.0000000000002 0.12953158468008044 31 32 0.037143684923648841 325.00000000000006 33 73.500000000000014 225.00000000000003
decision_type=2 9 9 9 10 2 9 2 2 2 2 2 2 9 2 2 2 2 9 9 9 9 9 9 2 2 9 2 2 2 2 2 9 2 2 8 9 2 9 9 2 2 2 2 2 2 2 9 9 9 2 2 9 2 2 2 2 2 2 2 2 9 2 10 10 9 2 2 9 2 1 2 2 2 2 2 2 2 2 2 2 2 2 2 2 9 2 10 2 1 2 2 2 9 10 2 9 2 9 2 2 2 2 10 2 2 9 2 2 2 2 2 1 2 2 2 2 2 10 9 9 10 2 9 2 2
left_child=1 3 29 86 5 6 10 36 23 -10 11 12 15 24 -15 68 -13 31 19 -7 21 28 55 -9 -14 -26 42 -28 -5 41 -29 -4 34 -34 114 -19 37 66 -35 40 -39 82 51 -40 45 -16 47 -30 -48 -12 53 -11 -49 61 -55 80 -38 -58 -59 -60 -61 62 63 64 67 -65 -8 -20 69 79 -71 74 73 -73 -70 76 78 -78 -51 -3 81 -22 83 -2 -84 -21 -1 88 90 -90 -88 92 -91 -64 95 97 99 98 122 119 -100 -102 104 -104 -96 107 -107 108 -101 -110 111 -99 -113 -98 -17 -116 -53 -118 -115 -97 121 -25 123 -24 -125 -41
right_child=2 4 17 20 -6 18 7 8 9 26 49 16 13 14 44 32 -18 35 50 85 22 -23 94 120 25 -27 27 30 46 -31 -32 -33 33 38 -36 -37 56 39 43 125 -42 -43 -44 -45 -46 -47 48 52 -50 75 -52 116 -54 54 -56 -57 57 58 59 60 -62 -63 93 65 -66 -67 -68 -69 71 70 -72 72 -74 -75 -76 -77 77 -79 -80 -81 -82 -83 84 -85 -86 -87 87 -89 89 91 -92 -93 -94 -95 102 96 113 110 100 105 101 -103 103 -105 -106 106 -108 -109 109 -111 -112 112 -114 118 115 -117 117 -119 -120 -121 -122 -123 -124 124 -126 -127
leaf_value=0.030783510129275486 -0.078714863086233336 0.006637457694177569 -0.0027420998248529902 -0.029541473813322991 0.0028018937579680067 0.0073420518790445408 -0.036968992651757883 0.011061575822390458 -0.10251507835568122 -0.0090995433203465391 0.0089020395024904907 -0.1287707894364325 -0.10178189484193363 0.01247278295336752 -0.024655539911156557 -0.010076433407975241 -0.049227339809294786 0.0026688498782260076 0.0053518220038279007 -0.032375289361886488 -0.0040218644924669023 -0.0013409225047223007 0.0072404363309258486 0.00024614401644290331 -0.017828470710064135 -0.082612172935319986 0.0011624564011949497 -0.064952513933815847 0.0180032810880193 -0.020902326154921734 -0.0084665639466056444 0.055557599216699602 -0.0020549877716032642 0.026824306789785621 0.020746310435489496 -0.04410228700244001 0.013903952549659102 0.013968100237061666 -0.020949588122832676 -0.0081401113450106713 -0.0011713894368343817 -0.017780716402190071 0.0076050235942329509 -0.0040471212630816206 -0.010833751121020745 -0.078289817291147562 0.011346774265859703 -0.0077622313685166266 0.0013548748650143165 -0.011779890305774804 0.0088411985641531268 -0.00042900720652385354 0.0080057591479446525 0.0030378249559903565 -0.072521609431316483 0.0037547152329622147 -0.0055234689554783702 -0.036602202556343 0.0022860829998983486 -0.026386095863227769 -0.0048555201444086494 -0.0053406108694264978 0.020606357272375711 -0.0080742836967957286 0.0047734754938669136 -0.035015433201681101 -0.010256602532997455 -0.0075448334036464443 0.0061940359508019889 0.0065274661385451372 0.031222508932658669 -0.011554343747345944 -0.0036439655426063742 -0.058684785102778768 -0.0067937090746356503 0.0053065215428311956 -0.078865646227893257 -0.015463470308831141 0.0170067219881622 -0.0052629595113943021 -0.0014408391545220965 0.034022446324085368 -0.059713016152381893 -0.015841498826001141 -0.11773059387845317 -0.014487745863101347 0.013642997338932195 0.010880194443563827 -0.047527512617207862 -0.059323047334384059 0.0023875585772700526 0.0032044617983441534 -0.0010514315085502252 0.0014509575139766519 0.0010429986537173583 -0.02053483161856089 0.0098037101096709843 0.017189347409202079 0.01040479787462956 -0.0093002828364394264 -0.0095060681869759862 -0.0012687862746939035 -0.081286337640550391 -0.0051848492892579839 0.045145351538746992 -0.014675223535600785 -0.060574865881432877 0.016883445459790525 -0.094485595865735725 -0.011389717483093505 -0.0053986768621602874 -0.094784064550657535 0.0090380725731268857 -0.0045721628696358185 -0.018245273022977182 -0.041092384503959897 -0.0036371995184808097 -0.03822391745216118 -0.036388188197912757 -0.056598390320416643 0.0044452162267611239 -0.020007618721736512 0.0071455231223070395 -0.004895534079763438 -0.032901897723908009 0.0010213211413243376
leaf_weight=256 146 1770 292 232 14906 1695 342 6895 211 5332 2866 118 186 873 477 1688 159 174 1304 586 235 33991 4149 6167 185 160 37995 140 4247 251 243 113 7096 133 219 363 433 2268 2588 3014 2148 104 2134 1217 1695 101 3290 920 8631 926 1239 21147 7378 122 113 24457 16168 772 1405 1047 1264 45918 484 759 3840 622 986 5966 2340 1533 520 225 2696 385 2158 1848 163 929 1006 3950 14224 289 127 110 126 6342 3415 4043 184 166 9575 3021 328 5747 15877 228 1031 113 1850 1213 4772 21582 107 476 160 398 224 274 102 105 17448 147 109 15065 2013 478 37088 166 150 359 16700 459 8833 2429 344 4133
leaf_count=256 146 1770 292 232 14906 1695 342 6895 211 5332 2866 118 186 873 477 1688 159 174 1304 586 235 33991 4149 6167 185 160 37995 140 4247 251 243 113 7096 133 219 363 433 2268 2588 3014 2148 104 2134 1217 1695 101 3290 920 8631 926 1239 21147 7378 122 113 24457 16168 772 1405 1047 1264 45918 484 759 3840 622 986 5966 2340 1533 520 225 2696 385 2158 1848 163 929 1006 3950 14224 289 127 110 126 6342 3415 4043 184 166 9575 3021 328 5747 15877 228 1031 113 1850 1213 4772 21582 107 476 160 398 224 274 102 105 17448 147 109 15065 2013 478 37088 166 150 359 16700 459 8833 2429 344 4133
internal_value=-0.00131278 -0.00121471 -0.029394 0.000523984 -0.00246481 -0.00273931 -0.00195456 -0.00109412 -0.000211215 -0.00164121 -0.00535145 -0.00694672 -0.00633335 -0.0170999 -0.00862963 -0.00505615 -0.0834536 -0.010552 -0.00495853 -0.0114481 7.12696e-06 0.00213413 -0.000905816 0.00473132 -0.0657747 -0.048025 -0.00143605 0.000858177 0.00691518 -0.0492102 -0.0292295 0.013621 -0.008992 -0.0063277 -0.0156235 -0.0289706 -0.00459364 -0.00108104 -0.0140404 0.000765826 0.00659054 -0.0615497 -0.00277251 -0.0155052 -0.0167744 -0.0341466 0.0072649 0.0102492 0.00412385 0.00184956 -0.00410961 -0.00312053 0.0062496 -0.00435771 -0.0334484 0.00204647 -0.00673691 -0.00717351 -0.0131152 -0.00822723 -0.0146172 -0.00425144 -0.00157627 -0.0038491 -0.00177311 -0.0205369 -0.0171585 -0.00523118 -0.00115661 0.00221493 0.0127946 -0.00451168 -0.0106112 -0.041348 -3.72038e-05 -0.00231362 -0.00697824 -0.0249908 0.00321046 -0.00157997 -0.000785042 0.0169854 -0.0704403 -0.0518657 -0.0889569 -0.0160497 0.0053344 0.00502125 0.00360133 -0.00253016 0.00534737 -0.000161828 -0.0207129 0.00297734 -0.00209249 -0.0026779 -0.00668067 -0.00143705 0.00037532 -0.0218509 -0.00189606 -0.00276064 0.000756696 -0.0192673 0.00148579 -0.0163246 -0.0324836 -0.0103758 -0.0156438 -0.0525929 -0.00590839 -0.0299305 -0.0507154 -0.00395284 -0.0175714 -0.0226442 -0.0025745 -0.00379234 -0.0048882 -0.0439613 0.00285378 -0.00115795 0.00443971 0.000992765 -0.00835032 -0.00283882
internal_weight=519234 517428 1806 216427 301001 286095 211358 168657 134677 104456 42701 34963 34686 3677 3146 31009 277 942 74737 8623 195439 58689 136750 30221 531 345 104245 38378 24698 864 383 405 15432 11034 4398 537 33980 12891 3938 11563 4416 613 65867 3805 2273 578 24466 12545 11921 7738 66114 63733 8298 64875 235 39205 21089 20656 4488 3716 2311 64640 18722 12491 11110 1381 1328 7270 15577 7773 2053 7804 3306 610 4498 4872 3024 1092 1932 5720 14748 524 509 256 253 6928 20988 20732 16689 3699 12990 3515 494 6231 97545 80925 19149 61776 43959 2903 28204 26354 16620 583 16037 2316 622 1694 1420 207 17817 369 256 16246 4179 2491 58401 37254 15215 587 23326 6626 15755 6922 2773 7147
internal_count=519234 517428 1806 216427 301001 286095 211358 168657 134677 104456 42701 34963 34686 3677 3146 31009 277 942 74737 8623 195439 58689 136750 30221 531 345 104245 38378 24698 864 383 405 15432 11034 4398 537 33980 12891 3938 11563 4416 613 65867 3805 2273 578 24466 12545 11921 7738 66114 63733 8298 64875 235 39205 21089 20656 4488 3716 2311 64640 18722 12491 11110 1381 1328 7270 15577 7773 2053 7804 3306 610 4498 4872 3024 1092 1932 5720 14748 524 509 256 253 6928 20988 20732 16689 3699 12990 3515 494 6231 97545 80925 19149 61776 43959 2903 28204 26354 16620 583 16037 2316 622 1694 1420 207 17817 369 256 16246 4179 2491 58401 37254 15215 587 23326 6626 15755 6922 2773 7147
cat_boundaries=0 2 4 6 8 9 10 11 12 14 16 18 20 21 23 24 25 27 29 31 32 34 36 37 38 39 40 41 43 45 46 47 49 51 53
cat_threshold=2638494422 17578 303038466 8192 84 2 2638889 64 525312 42106880 2 4 134228482 16512 340000768 1064 9469952 4 1611825152 2068 16416 1107394560 768 1024 1107329024 2560 128 8192 16384 2621472 64 8192 539492352 65 536870912 1 2098208 2 131072 2 2621440 10242 128 16785410 16384 9 2 8192 128 0 4864 2 16384
is_linear=0
shrinkage=0.03


Tree=54
num_leaves=127
num_cat=34
split_feature=0 5 5 0 5 5 5 0 0 27 0 5 27 5 5 21 5 12 5 31 27 27 27 5 25 11 5 0 13 8 25 27 27 0 5 5 32 13 5 12 25 0 5 5 25 5 23 31 27 25 25 11 29 5 5 26 5 0 0 0 25 5 0 0 13 0 25 29 8 12 0 25 25 11 25 12 11 25 25 5 5 23 25 5 11 25 5 0 25 27 27 5 0 0 25 5 12 11 0 25 5 23 22 26 25 25 0 0 5 5 5 20 22 27 25 25 25 25 0 23 25 0 5 5 25 25
split_gain=1565.38 1168.41 883.967 666.287 1375.73 1318.08 862.057 700.127 1922.07 696.141 2797.47 674.781 896.769 642.299 567.756 545.044 478.681 580.811 478.05 469.086 489.665 530.37 537.493 753.585 422.725 422.236 563.612 395.757 379.561 363.858 355.653 354.04 443.587 350.813 1035.74 713.102 466.044 360.125 375.272 348.071 345.056 539.472 828.349 527.807 403.087 458.915 417.363 371.702 365.828 346.311 727.896 395.559 344.49 342.288 339.115 334.347 334.048 330.782 395.447 315.07 413.109 316.682 313.576 565.046 337.522 309.523 290.684 280.367 279.877 278.237 272.782 361.751 362.847 479.929 264.488 258.226 352.651 255.696 471.465 394.237 335.697 254.589 253.508 252.21 251.652 248.349 289.791 393.238 969.625 328.967 255.106 253.956 246.235 381.129 408.133 242.848 242.753 240.846 235.776 322.938 235.644 385.154 366.355 301.433 233.623 231.697 231.543 227.857 350.205 227.808 226.118 225.753 354.114 224.681 494.781 220.41 216.542 211.572 230.784 211.005 203.521 203.054 201.156 198.951 197.975 251.006
threshold=13030.000000000002 0 1 325.00000000000006 2 3 4 950.00000000000011 850.00000000000011 0.086274277418851866 475.00000000000006 5 0.058846931904554374 6 7 0.032727185636758811 8 -0.42958799004554743 9 0.075082276016473784 0.049178216606378562 0.058846931904554374 0.064750330522656455 10 17.500000000000004 0.24372619390487674 11 6250.0000000000009 39.500000000000007 3.5000000000000004 16.500000000000004 0.051913643255829818 0.052256155759096153 950.00000000000011 12 13 0.21750915795564654 39.500000000000007 14 0.10623887926340105 97.500000000000014 155.00000000000003 15 16 72.500000000000014 17 0.058227287605404861 0.052924888208508498 0.059944719076156623 77.500000000000014 26.500000000000004 -0.15951316058635709 0.11490825563669206 18 19 0.11361297965049745 20 90.000000000000014 225.00000000000003 155.00000000000003 12.500000000000002 21 1410.0000000000002 1280.0000000000002 39.500000000000007 1715.0000000000002 16.500000000000004 0.041942948475480087 1.5000000000000002 0.71952396631240856 1280.0000000000002 100.50000000000001 107.50000000000001 -0.60554069280624379 86.500000000000014 -0.72102889418601979 0.12545942142605784 69.500000000000014 82.500000000000014 22 23 0.081555202603340163 87.500000000000014 24 0.12545942142605784 180.00000000000003 25 950.00000000000011 36.500000000000007 0.11368945986032487 0.12240357697010042 26 950.00000000000011 850.00000000000011 56.500000000000007 27 0.87291088700294506 0.77244481444358837 225.00000000000003 67.500000000000014 28 0.051437802612781532 -0.34487439692020411 0.0068774346727877864 85.500000000000014 77.500000000000014 1225.0000000000002 615.00000000000011 29 30 31 70.500000000000014 0.15231326222419742 0.089248880743980422 38.500000000000007 21.500000000000004 13.500000000000002 97.500000000000014 225.00000000000003 0.051437802612781532 64.500000000000014 135.00000000000003 32 33 22.500000000000004 36.500000000000007
decision_type=2 9 9 2 9 9 9 2 2 2 2 9 2 9 9 8 9 2 9 10 2 2 2 9 2 2 9 2 2 2 2 2 2 2 9 9 10 2 9 2 2 2 9 9 2 9 8 8 2 2 2 2 8 9 9 10 9 2 2 2 2 9 2 2 2 2 2 10 2 2 2 2 2 2 2 2 2 2 2 9 9 10 2 9 2 2 9 2 2 2 2 9 2 2 2 9 2 2 2 2 9 8 8 8 2 2 2 2 9 9 9 2 8 2 2 2 2 2 2 8 2 2 9 9 2 2
left_child=1 62 69 4 40 14 7 8 11 18 -11 12 24 -9 116 -12 -14 -18 66 20 53 54 104 98 30 56 29 75 -10 -27 -7 -13 -33 35 -35 -20 37 119 -39 95 41 42 49 -44 45 46 -43 -48 -42 50 -3 -51 82 -6 117 -21 65 -50 -59 61 -61 -25 63 64 -1 92 -8 77 -38 97 -58 -72 73 -73 -67 76 -16 80 79 -79 -56 83 -15 121 -68 86 87 88 -28 91 -91 -88 93 94 -17 -4 -54 -2 120 -100 -77 -102 -103 -104 110 -62 -105 108 -34 -108 -23 -41 -113 115 -115 -19 -5 -22 -119 -37 -24 -69 -109 -107 -49 -126
right_child=2 3 39 5 19 6 9 13 28 10 15 31 16 52 27 25 17 113 33 55 21 22 23 59 -26 26 85 -29 -30 -31 -32 32 107 34 -36 36 68 38 -40 111 48 44 43 -45 -46 -47 47 124 57 51 -52 -53 96 -55 67 -57 70 58 -60 60 105 -63 -64 -65 -66 74 84 81 -70 -71 71 72 -74 -75 -76 100 -78 78 -80 -81 -82 -83 -84 -85 -86 -87 89 -89 -90 90 -92 -93 -94 -95 -96 -97 -98 -99 99 -101 101 102 103 106 -106 123 109 122 -110 -111 -112 112 -114 114 -116 -117 -118 118 -120 -121 -122 -123 -124 -125 125 -127
leaf_value=0.0052143705894267933 -0.070284958393015753 -0.064202078202875643 0.045957625806331635 0.012656390080727914 -0.018119645493210264 -0.013801375531215163 -0.015592750368975139 0.020944679409687562 -0.10966392762283537 -0.10510564746218246 -0.061534510108043568 -0.018061780008833222 -0.0018406606072826632 -0.03994388454679907 0.0084986539339424096 0.013501411871347117 -0.08058945457857869 -0.044885823420718708 0.01032779649000449 -0.026796180305703143 -0.006987121166333596 -0.01204508393578858 -0.063987427529572052 -0.004208517903457872 -0.0067441440705180494 -0.0038827550071752711 -0.092533153985570743 -0.054556695959784768 -0.0467505263199701 -0.024463106306450887 -0.075237017451942736 0.017569080452663546 0.016314835031964292 -0.012695854899238593 0.0054688061237168949 -0.039692171940648363 -0.023921574812368639 0.0020088900131769154 -0.0087845122684703809 0.0040029827668469336 -0.0019639030428298264 0.017679268967268652 0.023004928488797746 -0.0037896662489861612 0.0088035496356212144 0.0054313227247957899 -0.030278031730432295 0.0059392391523793503 -0.048831634526467403 -0.093536036541828738 0.037243204107296396 -0.029504772144556043 -0.0040476178612766376 0.0093482760629763247 0.0018418372600541317 0.0010463098229370178 -0.0027238118271239141 -0.0001561374581783431 -0.021884059490494941 -0.042931857838530492 -0.010577390225201003 0.011110711032336944 -0.016054436249713065 0.061541974027425242 -0.00017912795514619926 -0.061859475018792458 0.008549777105644446 0.014029218414410329 -0.0052482793379843356 -0.02481728041057403 0.015954441836657965 0.0020412783870602598 0.010372292245427097 -0.090426760911941531 -0.0078672025903655466 0.005126628447774585 -0.00016738532834499205 -0.0071065172049824621 -0.010360822457534807 -0.038405508556566707 -0.013113759092163616 -0.015113732916076646 -0.00010359763159664696 0.006944492805732303 0.0023219226736554796 -0.038362931240210556 0.017499331227387182 -0.0044453078740062258 -0.012478586393080257 -0.046811864753935215 -0.0075164910037487341 0.0011533000151423319 0.00051548407752369523 0.047803481475820815 -0.0039301074866471978 -0.0031422267514412765 0.0054315848041817816 -0.019398586723734353 0.0091407182055329699 -0.027734895892099501 -0.028222138114370882 0.01394102754193856 -0.023599250976560144 -0.0009407441671753251 -0.0193508376287461 0.016274983180738497 0.0022016020049236435 0.013083392321583539 -0.0037964469665363243 0.014203921199944354 0.0024740823510779287 -0.0025018522915559891 -0.062463797793685022 -0.022645560098204384 -0.098423609306563187 -0.014836735974819886 0.039879612251693786 -0.0048072938492719963 0.014360784029354772 0.0021281569765243128 -0.028411824762694545 -0.014085774347866254 -0.010360808358361524 -0.0055027928029921366 -0.0098743601049599283 -0.0010502308163870789
leaf_weight=31301 516 122 118 612 467 190 632 1040 181 238 139 1596 357 388 12018 2867 276 338 5965 1623 13513 1032 172 3958 4182 1221 148 109 169 2109 153 872 938 6813 4815 108 1111 5005 6877 168 14229 914 684 13855 7816 12936 441 2212 217 155 131 199 13989 2828 1573 510 65495 1575 1445 308 5108 1739 741 150 15670 121 10262 278 2064 259 1461 100 231 101 248 11722 6518 507 2255 1443 9717 1611 228 1831 13550 186 962 19166 1588 163 1601 7120 21324 205 2089 307 2942 101 351 544 420 1778 479 31015 505 584 7772 344 4346 1735 12995 150 216 186 133 629 462 1436 931 28510 920 1352 5211 1024 4166 9552
leaf_count=31301 516 122 118 612 467 190 632 1040 181 238 139 1596 357 388 12018 2867 276 338 5965 1623 13513 1032 172 3958 4182 1221 148 109 169 2109 153 872 938 6813 4815 108 1111 5005 6877 168 14229 914 684 13855 7816 12936 441 2212 217 155 131 199 13989 2828 1573 510 65495 1575 1445 308 5108 1739 741 150 15670 121 10262 278 2064 259 1461 100 231 101 248 11722 6518 507 2255 1443 9717 1611 228 1831 13550 186 962 19166 1588 163 1601 7120 21324 205 2089 307 2942 101 351 544 420 1778 479 31015 505 584 7772 344 4346 1735 12995 150 216 186 133 629 462 1436 931 28510 920 1352 5211 1024 4166 9552
internal_value=-0.00126688 -0.00116878 -0.0289189 -0.0016238 -0.00334234 -0.000880908 -0.00191337 -0.00603484 -0.00991703 -0.00117007 -0.00256354 -0.00867991 -0.0166415 -0.00183936 0.00262254 -0.00237302 -0.0338477 -0.0408838 0.000925125 -0.00628752 -0.00585976 -0.00642587 -0.00341607 -0.00745887 -0.00937546 -0.00230855 -0.00516044 0.00230442 -0.0795055 -0.0168698 -0.0413447 -0.00480738 -0.00300376 -0.000490304 -0.0051805 0.000608343 -0.000721517 0.000146127 -0.00424397 -0.00858414 -0.000376733 0.000824724 -0.00396332 -0.00251265 0.00273134 0.00116065 -0.00203759 -0.00314065 -0.00403516 -0.0379827 -0.0117352 -0.0577256 -0.00320099 0.00542432 -0.00884035 -0.0201417 -0.00127163 -0.0131364 -0.0105562 -0.00475789 -0.00901318 0.000480894 0.00329609 0.00360142 0.00341508 0.00155751 0.00447109 -0.0113843 -0.0117879 -0.0504718 -0.00239891 0.00882492 -0.0152679 -0.0446404 -0.0256913 0.00238985 0.00545148 -0.0133938 -0.0197092 -0.0305089 -0.01104 -0.00526621 -0.0252219 -0.000679418 0.00500612 -0.00389273 -0.00368424 -0.00568159 -0.0193529 0.000561273 -0.011172 0.00312397 0.0019387 0.00781783 0.00615455 0.0115711 -0.00240025 -0.062 -0.0245921 -0.013279 0.00135646 0.000332074 0.000613147 3.48606e-05 0.000675935 -0.00745149 0.000314809 -0.00466032 -0.000200254 0.00441051 0.00139827 -0.0247774 -0.037963 -0.0326239 -0.0544484 -0.0253755 0.0241683 -0.00553444 0.00273487 0.00196895 -0.0340687 -0.00922846 -0.008902 0.0024787 -0.00238753 -0.00373054
internal_weight=519384 517549 1835 469687 141764 327923 253283 38688 20101 214595 128883 19751 6444 18587 74640 128645 1919 1562 85712 71115 68982 65687 29240 14708 4525 128506 34264 73566 350 3330 343 13307 11711 61268 11628 49640 43675 40500 11882 959 70649 53183 15146 14539 38037 30221 17285 16371 17466 607 253 354 17547 3295 36447 2133 94242 3237 3020 12721 7024 5697 47862 47121 46971 26854 24444 20567 3175 876 67388 1893 432 201 369 73457 18536 15495 4205 1950 11290 5072 616 3461 23812 30934 30748 20902 1736 9846 1764 8082 26485 5161 4956 425 16931 617 1987 895 54921 43199 42779 41001 14532 6716 40522 10839 5284 9507 14027 534 366 1286 319 967 1074 15880 2367 28618 1092 1630 5555 1608 15930 13718
internal_count=519384 517549 1835 469687 141764 327923 253283 38688 20101 214595 128883 19751 6444 18587 74640 128645 1919 1562 85712 71115 68982 65687 29240 14708 4525 128506 34264 73566 350 3330 343 13307 11711 61268 11628 49640 43675 40500 11882 959 70649 53183 15146 14539 38037 30221 17285 16371 17466 607 253 354 17547 3295 36447 2133 94242 3237 3020 12721 7024 5697 47862 47121 46971 26854 24444 20567 3175 876 67388 1893 432 201 369 73457 18536 15495 4205 1950 11290 5072 616 3461 23812 30934 30748 20902 1736 9846 1764 8082 26485 5161 4956 425 16931 617 1987 895 54921 43199 42779 41001 14532 6716 40522 10839 5284 9507 14027 534 366 1286 319 967 1074 15880 2367 28618 1092 1630 5555 1608 15930 13718
cat_boundaries=0 2 4 6 8 10 11 12 13 14 16 18 20 22 24 26 28 30 32 33 34 36 37 39 41 43 45 47 49 50 51 53 55 57 59
cat_threshold=402915412 10 303038466 8192 1151899777 18400 54601386 1041 67682305 64 524289 524288 4194336 1 3766616064 8192 16924672 4112 1073872896 512 1048576 6148 1048576 4 2048 2848 2048 512 0 16672 1075838976 18304 16786464 21128736 8390656 4992 4204072 0 16 0 2048 65538 2048 546308096 8196 2099200 16384 0 16388 73866 32768 16777216 1 4195328 2048 0 64 0 1
is_linear=0
shrinkage=0.03


Tree=55
num_leaves=127
num_cat=37
split_feature=0 5 5 5 5 0 5 25 28 27 5 0 5 5 0 25 27 27 25 0 5 5 0 27 5 25 5 0 0 0 5 27 5 25 25 5 27 27 25 5 13 11 27 25 8 0 27 5 21 11 13 29 0 22 27 5 11 11 0 0 5 5 0 27 5 5 13 11 4 0 5 25 5 27 5 27 5 11 25 27 25 4 20 27 13 25 25 25 27 0 11 0 25 27 13 13 25 29 11 25 27 22 5 27 0 0 5 5 27 0 13 0 11 3 21 5 32 29 5 4 5 0 0 25 5 25
split_gain=1541.92 1069.72 702.266 537.224 400.931 392.707 1977.82 549.322 439.527 433.867 1567.93 764.38 711.752 687.283 515.693 428.51 337.046 979.642 637.585 336.275 561.887 549.786 334.76 333.199 326.447 318.609 368.408 306.461 757.062 1764.1 916.127 703.267 1171.47 606.375 612.924 561.648 474.852 703.285 453.588 426.328 367.041 357.005 351.814 487.039 335.821 293.875 325.319 291.932 290.958 392.658 340.155 305.07 287.062 272.776 259.053 433.559 261.2 256.013 254.64 575.269 662.004 472.715 352.154 253.593 453.959 381.739 242.81 405.914 253.504 240.511 949.628 584.23 501.456 535.048 1100.1 412.531 768.811 286.552 283.64 277.902 357.126 559.825 239.338 237.33 235.258 234.6 345.453 232.787 279.131 265.631 231.444 231.132 226.588 223.661 222.743 216.73 216.636 215.98 211.833 209.816 220.257 206.055 204.655 414.968 452.295 298.453 1057.22 279.945 224.423 203.462 199.652 199.399 198.743 279.259 303.581 195.47 202.044 195.168 191.669 190.786 187.944 289.378 195.313 192.255 286.708 227.829
threshold=13030.000000000002 0 1 2 3 110.00000000000001 4 11.500000000000002 0.10316013172268869 0.098654624074697508 5 1225.0000000000002 6 7 1560.0000000000002 11.500000000000002 0.11368945986032487 0.12240357697010042 76.500000000000014 225.00000000000003 8 9 155.00000000000003 0.14952706545591357 10 58.500000000000007 11 325.00000000000006 950.00000000000011 850.00000000000011 12 0.08212983608245851 13 17.500000000000004 12.500000000000002 14 0.089248880743980422 0.095947422087192549 50.500000000000007 15 39.500000000000007 -0.62588816881179798 0.095947422087192549 57.500000000000007 7.5000000000000009 225.00000000000003 0.084925193339586272 16 0.08976986259222032 0.091259401291608824 36.500000000000007 0.040852611884474761 1940.0000000000002 -0.38187441229820246 0.10038758814334871 17 0.2603727281093598 -0.31799228489398951 325.00000000000006 850.00000000000011 18 19 950.00000000000011 0.055219287052750594 20 21 46.500000000000007 0.23537775129079822 22 715.00000000000011 23 58.500000000000007 24 0.086274277418851866 25 0.089248880743980422 26 0.36648264527320867 84.500000000000014 0.086274277418851866 38.500000000000007 27 76.500000000000014 0.08212983608245851 36.500000000000007 97.500000000000014 69.500000000000014 19.500000000000004 0.051913643255829818 325.00000000000006 -0.5917624533176421 225.00000000000003 88.500000000000014 0.16352472454309466 36.500000000000007 45.500000000000007 52.500000000000007 0.062489351257681854 -0.5917624533176421 32.500000000000007 0.064750330522656455 0.10266805812716485 28 0.069445703178644194 90.000000000000014 55.000000000000007 29 30 0.055219287052750594 225.00000000000003 32.500000000000007 325.00000000000006 0.24372619390487674 31 1.0000000180025095e-35 32 0.22759647667407992 0.064788181334733977 33 34 35 850.00000000000011 325.00000000000006 95.000000000000014 36 77.500000000000014
decision_type=2 9 9 9 9 2 9 2 8 2 9 2 9 9 2 2 2 2 2 2 9 9 2 2 9 2 9 2 2 2 9 2 9 2 2 9 2 2 2 9 2 2 2 2 2 2 2 9 8 2 2 10 2 10 2 9 2 2 2 2 9 9 2 2 9 9 2 2 9 2 9 2 9 2 9 2 9 2 2 2 2 9 2 2 2 2 2 2 2 2 2 2 2 2 2 2 2 8 2 2 2 8 9 2 2 2 9 9 2 2 2 2 2 1 10 9 10 10 9 9 9 2 2 2 9 2
left_child=1 4 66 25 83 6 8 91 -5 13 11 -11 -12 48 16 -8 53 18 -18 21 -21 22 112 82 54 26 -3 39 29 30 31 -29 -33 34 -32 -30 41 -38 -34 -28 -31 -35 -37 93 -40 46 117 -17 51 50 63 -9 -22 -13 55 56 -14 -45 97 61 -61 -60 -62 65 99 -50 67 68 -2 72 71 79 73 78 -75 76 -76 -73 87 -71 81 -81 -4 -1 -36 86 -19 -15 89 -89 -86 94 -47 -44 -7 -82 -43 -51 -52 111 -101 -84 103 -49 -105 106 -104 -107 -108 -100 -20 -65 -6 -114 -115 -63 -117 -27 -69 -74 122 -122 -111 124 -123 -126
right_child=2 3 23 5 19 7 15 9 -10 10 12 14 24 69 -16 47 17 85 110 20 52 -23 -24 -25 -26 45 27 28 35 40 33 32 38 36 84 42 37 -39 44 -41 -42 96 43 57 -46 92 -48 102 49 58 98 -53 -54 -55 -56 -57 -58 -59 59 60 62 115 -64 64 -66 -67 -68 118 -70 70 -72 77 119 74 75 -77 -78 -79 -80 80 95 -83 101 -85 90 -87 -88 88 -90 -91 -92 -93 -94 -95 -96 -97 -98 -99 109 100 -102 -103 105 104 -106 107 108 -109 -110 120 -112 -113 113 114 -116 116 -118 -119 -120 -121 121 123 -124 -125 125 -127
leaf_value=0.012708846401038506 -0.08974016146148954 0.0023582672038198844 -0.002451453065771735 0.0094769243983921173 0.0029832618823614218 -0.021005434121700705 0.029791841264336691 -0.021084679605559885 -0.052651370540503957 0.0015660952591245658 0.010905132654267763 0.010683924542398108 -0.0075177020954201347 -0.012351742766063966 -0.1031043004989624 -0.016622499469475249 -0.033249974101781841 -0.031895223697347021 -0.087580863670869299 0.0067201312605370458 0.00081978418916800705 0.00086432989438932828 -0.016617354251165391 0.0064413025719955198 -0.0057153181344924125 -0.0088689235798007863 -0.0060520214261697014 0.014742903067211677 0.0071692271812570894 -0.10742703715421177 -0.0059592457196806546 -0.091561760709092416 0.021934329379703209 -0.025088321825510955 -0.067856224923238256 0.0022006001342724677 -0.096002174157362716 -0.018211709854336549 -0.027272705021042575 0.0043209179546396994 -0.045277225848421185 -0.0024325087419607644 -0.0070419180105166677 -0.026102159135998823 0.0013447915097900413 -0.0060177462206940516 -0.044526702900450806 0.01012155983192946 0.0073321324916431323 0.0062054883496029329 -0.0045111399502348777 0.0020812348678440214 -0.027408986162253051 -0.034991260800176324 -0.00086248691186601605 0.005885400196510039 -0.027365785753504755 -0.091579767956453201 0.010386589788898079 0.005941704479043566 -0.060514078272713559 -0.010014272310814759 -0.01165801602259732 -0.040567456611593875 0.0064799378172948358 -0.011076966043203022 -0.0055932308199270718 -0.0010390080849817193 -0.045223838410941249 0.0086060343308630334 0.0075443901876835447 -0.027103136833001435 0.012853476621195238 0.017624697197470077 -0.022283482070217228 -0.01280663043390971 -0.10324151177682094 -0.082473305091261856 -0.0023573865314942852 0.022323303540548765 -0.018295939186461649 -0.017449192507585455 -0.013606912515282926 -0.0012105701796484623 -0.012243459811235995 -0.037969539429406909 0.029297279946506022 0.0046962360892183058 0.0050241153269828141 -0.01289007884395999 -0.067488675713539115 -0.0097254143104417608 3.6889328349940044e-05 -0.032734944281144263 -0.06626654125150272 -0.061008675809277865 -0.02124852925261329 -0.010477039404612112 0.0081046586762778695 0.0067569305152917012 -0.0030979708532902772 -0.068535933759477405 0.012103604953092539 -0.048425593086546856 -0.00033349767096767729 0.005642082014299549 -0.039653024217744672 -0.0079444725179982564 -0.011897009183043275 -0.017376598803869922 -0.14817768184265287 -0.0068178808015288634 0.010274722025982591 -0.047010411214858494 -0.0061811482250932826 0.0015189883432562439 -0.011257882765930845 -0.033117540259515084 -0.04982572960853577 0.0035465221388563169 0.0031018715423821214 -0.0060511487585045301 -0.0027269634770592053 -0.0019453226915036623 -0.065918875098045615 -0.019128224240100408
leaf_weight=4406 279 11711 177 115 1955 212 350 523 920 609 3643 236 1321 880 101 1441 135 185 109 17941 59258 15141 3148 497 22205 8339 6520 1988 4908 181 382 137 463 1036 410 2165 142 392 693 7844 166 3489 2424 116 788 22101 248 2546 1508 760 24512 21653 325 233 51387 1156 1089 101 3372 2228 134 2380 8327 225 13275 3051 105 152 202 1037 17579 418 2170 1007 604 3212 123 105 19579 576 884 710 100 1470 187 438 149 1431 15958 1679 107 400 7434 348 183 121 653 8540 2294 2736 8027 161 3058 244 625 1547 405 11302 744 1183 100 522 301 297 365 7605 1304 309 139 22837 9083 743 2659 2057 162 223
leaf_count=4406 279 11711 177 115 1955 212 350 523 920 609 3643 236 1321 880 101 1441 135 185 109 17941 59258 15141 3148 497 22205 8339 6520 1988 4908 181 382 137 463 1036 410 2165 142 392 693 7844 166 3489 2424 116 788 22101 248 2546 1508 760 24512 21653 325 233 51387 1156 1089 101 3372 2228 134 2380 8327 225 13275 3051 105 152 202 1037 17579 418 2170 1007 604 3212 123 105 19579 576 884 710 100 1470 187 438 149 1431 15958 1679 107 400 7434 348 183 121 653 8540 2294 2736 8027 161 3058 244 625 1547 405 11302 744 1183 100 522 301 297 365 7605 1304 309 139 22837 9083 743 2659 2057 162 223
internal_value=-0.0012012 -0.00110445 -0.0288194 -0.00179085 0.00160533 -0.00123671 -0.00499042 -0.000948964 -0.0453084 -0.000883596 -0.00273042 -0.027123 -0.00203366 -0.00018601 -0.0376413 -0.00309228 -0.0334075 -0.042371 -0.0844111 0.00115168 0.00206751 -0.00219563 -0.00981755 -0.0102597 -0.00264603 -0.00390399 -0.00225724 -0.00377348 -0.00606023 -0.0114203 -0.00929022 0.00198132 -0.0102016 -0.0160156 -0.0365794 -8.58896e-05 -0.0121281 -0.0390383 -0.00393283 -0.000388788 -0.077911 -0.00934593 -0.00699511 -0.0136777 -0.0120555 -0.00593387 -0.0107138 -0.00362028 -0.00159312 -0.00224192 -0.000982904 0.00153396 0.000665239 -0.0120338 -0.00140493 -0.00922311 -0.0164259 -0.0568582 -0.0048674 -0.00330947 -0.00860186 0.00054942 -0.0124241 0.00150627 0.0027024 -0.00499565 -0.0479097 -0.0542702 -0.0711778 0.00181196 0.00459053 -0.00888817 0.000955167 -0.000956174 -0.0102576 -0.017389 -0.0378279 -0.0383557 0.000207701 -0.00427388 -0.0101051 0.000368431 -0.0294157 0.00921134 -0.0531623 -0.0235531 -0.0045908 0.00272533 0.00342176 -0.0047992 -0.0325103 -0.0258381 -0.00449384 -0.0102781 -0.0420889 -0.023494 -0.00540333 -0.00911322 -0.00268488 -0.00165878 -0.000592418 -0.0476226 -0.00269482 0.00400075 -0.0138771 -0.00403714 0.00289533 -0.00631015 -0.0215193 -0.000252408 -0.117142 -0.0170241 -0.00251222 -0.0136602 -0.0245421 -0.00239666 -0.000351806 -0.00973908 -0.0261754 0.00435288 -0.00144285 0.000373146 -0.00722232 -0.00740601 -0.0173535 -0.0379533
internal_weight=519385 517573 1812 412966 104607 327184 23297 303887 1035 303092 83096 2295 80801 219996 1686 22262 1585 1116 344 98731 77524 21207 6066 935 77158 85782 47351 35640 21276 11214 10867 4069 2081 6798 1086 10062 5712 534 1944 14364 347 5178 5154 2989 1481 38431 8896 21912 129086 106910 72260 22176 59583 469 54953 3566 2410 217 34650 25350 10689 14661 8461 29344 24785 4559 877 772 481 90910 21430 3851 69480 44473 4946 3939 727 523 39527 3328 2291 1286 438 5876 704 772 334 19948 19068 3110 294 795 29535 2772 395 1005 4142 9300 42916 11510 10763 261 20471 3415 869 17056 4207 12849 1149 18404 209 747 2918 963 662 11289 8909 8648 291 25007 16110 12268 3842 3185 1128 385
internal_count=519385 517573 1812 412966 104607 327184 23297 303887 1035 303092 83096 2295 80801 219996 1686 22262 1585 1116 344 98731 77524 21207 6066 935 77158 85782 47351 35640 21276 11214 10867 4069 2081 6798 1086 10062 5712 534 1944 14364 347 5178 5154 2989 1481 38431 8896 21912 129086 106910 72260 22176 59583 469 54953 3566 2410 217 34650 25350 10689 14661 8461 29344 24785 4559 877 772 481 90910 21430 3851 69480 44473 4946 3939 727 523 39527 3328 2291 1286 438 5876 704 772 334 19948 19068 3110 294 795 29535 2772 395 1005 4142 9300 42916 11510 10763 261 20471 3415 869 17056 4207 12849 1149 18404 209 747 2918 963 662 11289 8909 8648 291 25007 16110 12268 3842 3185 1128 385
cat_boundaries=0 2 4 6 8 10 12 14 16 17 18 20 22 24 25 27 28 30 32 34 36 38 40 41 42 44 46 47 48 50 52 53 54 56 57 58 60 62
cat_threshold=423886934 42 303038466 8192 574505 2112 0 2 133120 512 1140852736 16384 33554944 1024 45154816 5525 4194326 4194306 2156986368 12421 32 2048 33800 64 1024 540672 64 1032 8192 16 2155872256 4 2163200 4353 1048576 1028 11534336 132 11534336 1028 4 3221356544 603979776 25088 0 16384 603979776 4 77660160 16640 4736 1 1107296256 2 8454656 256 1048576 4 35651584 4097 1114112 384
is_linear=0
shrinkage=0.03


Tree=56
num_leaves=127
num_cat=16
split_feature=0 11 13 30 31 13 11 23 31 27 30 28 11 0 4 31 31 2 26 0 27 0 3 23 31 6 20 24 31 29 26 4 12 20 0 27 4 31 28 0 12 0 4 0 0 0 32 0 31 4 26 26 30 29 31 32 0 23 0 31 27 28 0 0 27 20 27 4 0 11 32 20 20 32 23 28 27 32 24 11 0 30 0 0 30 32 4 32 26 0 31 27 3 29 0 0 27 4 0 27 28 23 26 24 12 0 26 20 4 4 24 23 28 27 3 24 20 0 4 27 23 3 27 31 30 24
split_gain=1311.56 528.43 1284.08 691.809 444.19 368.671 363.502 359.595 399.297 297.367 266.864 264.664 229.823 187.904 185.546 180.775 155.845 147.065 230.259 146.098 145.187 143.376 186.704 141.992 164.181 140.871 138.327 132.598 129.286 128.977 128.952 128.058 170.42 195.313 122.984 121.261 131.679 138.4 157.741 133.199 116.193 115.644 172.673 115.61 120.494 114.446 139.237 100.72 110.12 97.8386 94.5374 131.079 92.5571 141.629 128.189 115.873 138.238 90.2278 107.806 90.9092 89.5386 88.7025 214.835 116.583 101.66 87.9152 87.8236 103.073 98.8709 87.2843 94.5598 86.8534 84.9885 84.3433 96.9869 84.0705 83.3098 82.2313 81.7347 81.1925 78.2723 77.3385 168.085 76.6731 83.1117 83.0231 79.5267 75.6047 91.6037 74.3163 73.5461 72.4602 71.4047 70.7727 70.268 68.7364 68.6074 68.4856 208.048 104.988 67.3747 65.4753 65.292 64.0599 64.0341 62.8471 73.4028 61.4647 66.4321 61.303 60.962 60.8923 60.4716 76.6518 117.751 122.207 97.5097 73.6883 147.988 166.034 106.215 86.7363 75.6705 75.117 72.7876 71.2963
threshold=13030.000000000002 0.40614137053489691 37.500000000000007 0.086054746061563506 0.048095963895320899 27.500000000000004 -0.68430826067924488 0.10078860074281694 0.050979804247617728 0.1688736900687218 0.064753670245409026 0.1139504909515381 -0.5917624533176421 225.00000000000003 0 0.060331044718623168 0.0743275322020054 1 0.076182886958122267 45.000000000000007 0.064750330522656455 16530.000000000004 2 0.097788050770759596 0.032449027523398406 1.0000000180025095e-35 92.500000000000014 1.0205206871032717 0.042453149333596236 0.14372155070304873 0.14085485786199572 3 -0.63257205486297596 77.500000000000014 1715.0000000000002 0.086274277418851866 4 0.072036866098642363 0.1505938991904259 850.00000000000011 -0.065537083894014345 180.00000000000003 5 1715.0000000000002 1560.0000000000002 90.000000000000014 0.1005113609135151 61.500000000000007 0.052924888208508498 6 0.13882523775100711 0.1366594657301903 0.072865519672632231 0.075850013643503203 0.080179151147604003 0.21972886472940448 155.00000000000003 0.076926078647375121 1560.0000000000002 0.030432593077421192 0.060448419302701957 0.075230240821838393 1225.0000000000002 325.00000000000006 0.1045757830142975 106.50000000000001 0.089248880743980422 7 950.00000000000011 0.97112539410591137 0.13945193588733676 39.500000000000007 63.500000000000007 0.18556640297174457 0.12977331131696704 0.1174035742878914 0.059944719076156623 0.085043769329786315 0.98193418979644786 0.23537775129079822 1255.0000000000002 0.19806630164384845 1225.0000000000002 325.00000000000006 0.16440490633249286 0.19405523687601092 8 0.15661881119012835 0.15855667740106585 325.00000000000006 0.069562710821628584 0.059393314644694335 9 0.1178257428109646 1255.0000000000002 45.000000000000007 0.15358696132898333 10 155.00000000000003 0.053855204954743392 0.064000576734542861 0.10042453557252885 0.0068774346727877864 0.908083736896515 0.071972697973251357 325.00000000000006 0.10766546800732614 40.500000000000007 11 12 0.97950685024261486 0.056448934599757201 0.13584410399198535 0.076740767806768431 13 0.95776277780532848 38.500000000000007 950.00000000000011 14 0.086274277418851866 0.12228051945567132 15 0.1045757830142975 0.048567917197942741 0.080004055052995696 1.0003020763397219
decision_type=2 2 2 10 10 2 2 10 10 2 8 8 2 2 9 10 10 9 8 2 2 2 1 10 10 2 2 2 10 10 10 9 2 2 2 2 9 10 10 2 2 2 9 2 2 2 10 2 10 9 10 10 8 8 8 10 2 10 2 10 2 10 2 2 2 2 2 9 2 2 10 2 2 10 10 10 2 10 2 2 2 10 2 2 10 10 9 10 10 2 10 2 1 10 2 2 2 9 2 2 8 10 10 2 2 2 10 2 9 9 2 10 10 2 1 2 2 2 9 2 8 1 2 10 8 2
left_child=1 2 5 10 57 11 20 8 9 21 29 14 19 16 101 -10 28 18 -13 -4 65 -2 27 77 -25 40 60 31 97 45 47 32 -23 -34 -28 50 -37 66 39 -39 76 42 -14 44 69 46 -3 48 -6 71 51 105 -19 55 90 111 -57 58 -5 -59 91 62 63 93 75 -7 67 -38 -68 100 -71 -43 -27 87 -75 -63 -21 -16 -22 -56 103 -79 -83 85 -85 86 -61 -26 -89 -72 -55 -8 110 102 -80 -94 -96 98 99 -12 -15 -1 -47 -62 -33 106 -20 -81 -109 -52 -44 -54 113 114 -102 -116 -117 118 -115 -120 122 -121 123 -119 -118 -122
right_child=7 3 12 4 30 6 26 -9 15 -11 13 17 41 43 23 -17 -18 52 35 25 78 22 -24 24 73 72 34 -29 -30 -31 -32 104 33 -35 -36 36 37 38 -40 -41 -42 49 92 -45 -46 61 -48 -49 -50 -51 109 -53 53 54 79 56 -58 59 -60 83 80 64 -64 -65 -66 -67 68 -69 -70 70 89 -73 -74 74 -76 -77 -78 81 94 107 -82 82 -84 84 -86 -87 -88 88 -90 -91 -92 -93 95 -95 96 -97 -98 -99 -100 -101 112 -103 -104 -105 -106 -107 -108 108 -110 -111 -112 -113 -114 117 115 116 124 120 119 121 125 -123 -124 -125 -126 -127
leaf_value=0.013943076565659537 -0.054314133988486391 0.044926470621387556 0.018834567894324094 0.0016408293965313578 -0.042578159498005377 0.004492188037553144 0.0043910650139095033 -0.081800695877559115 0.038333768328913477 -0.071448918330843422 -0.018915703464299438 -0.0063994600230420744 0.0096774899018213841 0.010975249064088401 0.01151561051652614 -0.013877771523923187 -0.034439477879892696 0.0082774330154166131 -0.00088480491776629319 0.004301868933088729 -0.0032396904421413135 -0.063991775134253123 0.0082801629599052393 0.016041866955537221 0.0013850011655600735 -0.0079100819220009853 0.0021807409048848129 -0.0024967573854056272 0.0035887709207407074 0.0054267928222809063 -0.0001587389021540991 -0.0055577592259769461 0.0054464639936174664 -0.047649657080250402 -0.028526913232596242 0.0047449924449265305 -0.0085087887314905571 -0.0052771982989938135 -0.0030457439562405746 -0.0330975851695764 -0.003632235625323596 -0.013155545717971812 0.0044900955109941684 -0.028799055545452652 0.0091453833908330135 -0.007704023012753595 -0.0042601937985169555 -0.0032779997735355158 -0.0054556253403425219 0.00056866889190406865 0.026133570975005512 -0.021512476437693013 -0.013454551509484436 -0.0024062926758370738 -0.0025444943869477 -0.0250954620658582 0.012586906670127063 0.014341767082393547 -0.022815660764378579 0.0062015064268485295 -0.0087354949206855763 0.0028387857160867948 -0.036857081727139689 0.0014408466912047473 -0.021593108451218191 -0.00072865519593439234 -0.0049375515001742502 0.0009263484312319074 0.0033381218474107495 0.0012106863589395112 0.0053707441479751939 -0.0016842390958058541 -0.02327930599041219 -8.8643535729511451e-05 -0.020332695114692406 -0.0055370591188027979 -0.0017960893077779508 -0.0017559554643999879 -0.00012551406219603656 -0.024063304829760455 0.014587414127093154 0.0078269756826650251 -0.026474761652361067 -0.00077875404834375466 0.0062112677524487339 -0.0098418129937162674 0.017335305690960028 0.0047250005811247274 0.015509294186496526 -0.016516416790807304 0.0064813432821120721 0.0096253703250682148 0.017185544690762 -0.018742051498679555 0.020719373372008965 -0.0074432630811338924 0.00070614611296872058 -0.0091621664378684752 0.0017777601621173369 -0.05186996869336475 -0.0023821062688131741 0.0045791889353017663 0.0024083670960031774 0.0040270620985058602 -0.029417581972646097 0.0021632285124292411 -0.026165012263426823 -0.019283005815721045 -0.0054517047859127706 0.0052547286386431134 -0.0035923987926886575 -0.032059158108704862 -0.011219820999769899 -0.0012606998446379498 0.023109612410121102 0.010642925368283027 0.0099417036017118623 -0.048593725465304619 -0.037799687197229641 -0.014684476936574114 -0.0077039752659318504 -0.0051753708350764926 -0.0057825127337998317 -0.016555491982366551 -0.013040718309568617 -0.0036683884834611373
leaf_weight=1470 134 100 268 9624 122 9550 4069 100 120 136 188 4896 825 223 493 117 219 621 6668 2274 8817 188 162 931 3844 1250 22545 175 693 2227 17518 180 104 154 117 2332 2789 250 861 408 89287 610 989 181 547 3097 106 26261 174 33690 130 231 342 1538 12779 137 239 907 164 1715 358 4151 186 2158 190 4170 1940 1663 3929 3427 189 21418 437 2027 237 1456 17738 12488 23275 178 625 1577 139 3260 2885 205 871 2948 933 529 1839 5744 103 424 290 5490 328 8605 241 164 12453 1240 705 25680 232 16240 104 330 5666 3809 5541 298 1612 1436 101 185 130 111 220 2232 6032 1410 213 164 2426 11369
leaf_count=1470 134 100 268 9624 122 9550 4069 100 120 136 188 4896 825 223 493 117 219 621 6668 2274 8817 188 162 931 3844 1250 22545 175 693 2227 17518 180 104 154 117 2332 2789 250 861 408 89287 610 989 181 547 3097 106 26261 174 33690 130 231 342 1538 12779 137 239 907 164 1715 358 4151 186 2158 190 4170 1940 1663 3929 3427 189 21418 437 2027 237 1456 17738 12488 23275 178 625 1577 139 3260 2885 205 871 2948 933 529 1839 5744 103 424 290 5490 328 8605 241 164 12453 1240 705 25680 232 16240 104 330 5666 3809 5541 298 1612 1436 101 185 130 111 220 2232 6032 1410 213 164 2426 11369
internal_value=-0.00121312 -0.00112418 -0.000558497 -0.00274772 -0.000484907 0.0010702 0.00230203 -0.0267555 -0.0234753 -0.0293173 -0.0048041 -0.000249452 -0.00240618 -0.00576167 0.00219829 0.0126084 -0.00945891 -0.00123694 -0.000248158 -0.00324852 0.000315269 -0.0249554 -0.0216206 0.00140839 0.00399937 -0.00330202 0.00386183 -0.0263133 -0.00890238 -0.00122601 -0.00215672 -0.0311624 -0.0423004 -0.0263082 0.00202095 0.000480187 -0.00176955 -0.00305295 -0.0115046 -0.0225516 -0.00316916 -0.00104137 -0.00359518 -0.00493432 -0.00483771 -0.00240473 0.0197185 -0.00347461 -0.020848 -0.00044785 0.00165317 0.000924712 -0.00314352 -0.00344901 -0.00295021 -0.0143981 -0.00117325 0.00326853 0.00122877 0.00529655 0.00500546 -0.0027748 -0.0051611 -0.004232 -6.98759e-05 0.00290545 -0.00180808 -0.00498497 0.00060222 -0.00500994 -0.000864213 -0.00200249 -0.0119028 0.00287548 -0.00221587 0.000663185 -0.00110299 -0.000516867 -0.000771221 -0.00390965 0.00410346 -0.000935278 0.00503465 0.00437697 0.00250345 0.00849956 0.00995677 0.00436772 0.00732089 -0.0107556 0.0024341 0.00745561 -0.00449914 -0.00712849 0.000139792 -0.00698671 0.0101158 -0.00984379 -0.0197027 -0.0343728 -0.00543613 0.00966176 -0.00582876 0.00385126 -0.0190321 0.00115087 -0.00127685 -0.00673438 -0.00621602 0.00595026 -0.00236777 -0.0221538 -0.00552769 -0.00528896 -0.00364 -0.00914903 -0.0103457 -0.00637647 -0.00948448 -0.0125412 -0.00545552 -0.0110055 -0.0192466 -0.0296165 -0.0118684 -0.00506767
internal_weight=519640 517838 384032 133806 63706 204112 105568 1802 1702 1465 70100 98544 179920 55300 28327 237 10110 70217 46250 111254 46430 1329 1195 25617 10920 110986 59138 1033 9891 14800 44075 858 446 258 22662 41354 14172 11840 1519 658 109299 68666 12948 45190 45009 12573 206 26557 296 55718 27182 23243 23967 23346 22330 1016 376 19631 9788 9843 36476 12367 6570 6384 5797 13720 10321 4452 5869 44462 4145 22028 1687 9989 2264 5607 20012 14697 32710 18953 26663 14204 1716 8936 6145 2791 2586 7725 3881 718 3377 9813 12123 4226 23893 5593 618 9198 593 352 40317 2710 3802 26038 412 23012 6772 6174 5996 3939 6530 640 40094 38482 15295 2842 2741 23187 5298 3862 17889 3642 488 275 2556 17401
internal_count=519640 517838 384032 133806 63706 204112 105568 1802 1702 1465 70100 98544 179920 55300 28327 237 10110 70217 46250 111254 46430 1329 1195 25617 10920 110986 59138 1033 9891 14800 44075 858 446 258 22662 41354 14172 11840 1519 658 109299 68666 12948 45190 45009 12573 206 26557 296 55718 27182 23243 23967 23346 22330 1016 376 19631 9788 9843 36476 12367 6570 6384 5797 13720 10321 4452 5869 44462 4145 22028 1687 9989 2264 5607 20012 14697 32710 18953 26663 14204 1716 8936 6145 2791 2586 7725 3881 718 3377 9813 12123 4226 23893 5593 618 9198 593 352 40317 2710 3802 26038 412 23012 6772 6174 5996 3939 6530 640 40094 38482 15295 2842 2741 23187 5298 3862 17889 3642 488 275 2556 17401
cat_boundaries=0 1 2 3 4 5 6 7 8 9 10 11 12 13 14 15 16
cat_threshold=2 6 2 4 1 2 1 4 1 2 2 2 2 2 1 2
is_linear=0
shrinkage=0.03


Tree=57
num_leaves=127
num_cat=49
split_feature=0 5 5 5 5 0 5 5 0 11 13 12 5 2 0 5 5 5 2 5 0 27 0 0 0 5 0 5 5 13 12 5 3 27 12 27 13 12 0 0 5 27 27 28 11 5 0 2 5 5 5 2 5 0 0 29 32 12 27 5 27 27 27 27 5 0 5 30 9 5 0 5 0 5 5 27 4 22 11 5 0 0 27 5 0 0 27 0 5 0 5 0 5 12 5 5 29 27 27 5 27 0 5 27 5 27 27 11 0 27 27 27 27 27 5 0 27 5 5 0 0 27 5 5 27 27
split_gain=1445.87 1038.22 627.483 420.576 412.279 372.55 589.715 556.432 425.989 350.751 627.42 448.283 440.666 327.6 327.363 393.756 298.578 296.282 283.432 271.869 280.235 287.088 252.445 249.073 1756.47 486.48 517.706 1090.29 357.266 340.486 297.127 332.169 287.797 280.722 249.261 240.907 235.203 234.25 231.776 220.23 212.005 207.536 269.298 222.382 203.462 199.614 194.048 193.536 486.062 432.81 267.892 362.005 480.84 191.495 295.291 191.48 282.495 261.822 188.293 683.991 257.958 392.429 283.382 224.041 221.029 219.856 269.647 189.799 188.248 186.736 230.266 513.253 199.421 410.31 303.911 191.076 239.16 185.013 293.165 237.365 184.496 226.673 183.933 197.563 185.998 183.739 183.1 467.84 661.057 260.481 386.811 190.126 524.664 180.898 180.857 179.418 178.592 186.145 268.29 177.091 232.164 938.288 469.99 566.137 193.053 176.299 276.743 246.018 174.137 173.458 263.171 173.305 171.719 169.762 168.008 327.421 1016.24 167.672 167.577 166.952 1321.62 901.534 715.049 244.26 348.963 279.77
threshold=13030.000000000002 0 1 2 3 180.00000000000003 4 5 155.00000000000003 0.3903625756502152 38.500000000000007 -0.23537842929363248 6 7 155.00000000000003 8 9 10 11 12 325.00000000000006 0.053263295441865928 1940.0000000000002 950.00000000000011 850.00000000000011 13 615.00000000000011 14 15 39.500000000000007 0.56191161274909984 16 17 0.055219287052750594 0.29137697815895086 0.08212983608245851 39.500000000000007 -0.86548534035682667 90.000000000000014 1280.0000000000002 18 0.076740767806768431 0.08212983608245851 0.11149558052420618 0.18492960184812549 19 1560.0000000000002 20 21 22 23 24 25 90.000000000000014 45.000000000000007 0.08521361276507379 0.18566475808620456 0.71952396631240856 0.10038758814334871 26 0.12240357697010042 0.11368945986032487 0.16058247536420825 0.058846931904554374 27 1225.0000000000002 28 0.11839283257722856 5.5000000000000009 29 90.000000000000014 30 950.00000000000011 31 32 0.12835267186164859 33 -0.11946358904242514 -0.56368473172187794 34 155.00000000000003 950.00000000000011 0.053263295441865928 35 325.00000000000006 90.000000000000014 0.07936600968241693 615.00000000000011 36 155.00000000000003 37 155.00000000000003 38 -0.94703993201255787 39 40 0.15539915859699252 0.098019190132617964 0.089248880743980422 41 0.11874964460730554 1225.0000000000002 42 0.12240357697010042 43 0.07936600968241693 0.061421869322657592 -0.13398594409227368 615.00000000000011 0.064750330522656455 0.051913643255829818 0.095947422087192549 0.10945477336645128 0.084925193339586272 44 950.00000000000011 0.095947422087192549 45 46 950.00000000000011 715.00000000000011 0.086274277418851866 47 48 0.095947422087192549 0.08212983608245851
decision_type=2 9 9 9 9 2 9 9 2 2 2 2 9 9 2 9 9 9 9 9 2 2 2 2 2 9 2 9 9 2 2 9 1 2 2 2 2 2 2 2 9 2 2 8 2 9 2 9 9 9 9 9 9 2 2 8 10 2 2 9 2 2 2 2 9 2 9 8 2 9 2 9 2 9 9 2 9 8 2 9 2 2 2 9 2 2 2 2 9 2 9 2 9 2 9 9 8 2 2 9 2 2 9 2 9 2 2 2 2 2 2 2 2 2 9 2 2 9 9 2 2 2 9 9 2 2
left_child=1 4 55 13 35 6 8 111 -6 10 16 12 -11 19 40 -16 53 18 39 20 -3 -22 119 24 25 26 37 68 -25 -26 45 33 34 -32 -29 -1 -17 -15 -33 99 77 44 -43 -44 -30 -27 -21 49 -49 82 -50 114 -53 54 -5 -2 57 -57 63 60 61 -60 -62 -55 113 66 -61 -66 -28 70 71 -20 74 -74 -71 -75 -77 -8 -79 85 -69 -82 -14 84 -84 -80 91 88 -88 -90 -91 92 -19 -18 -13 -4 -35 98 108 -12 104 -102 -103 -104 109 106 -47 112 -98 110 -101 -7 -107 -65 115 116 -52 -89 -93 120 123 -122 -121 124 -9 -125
right_child=2 3 95 9 5 7 14 22 -10 11 17 94 47 23 15 36 93 86 69 46 21 -23 -24 28 29 30 27 32 41 -31 31 38 -34 96 -36 -37 -38 -39 -40 -41 -42 42 43 -45 -46 105 -48 48 50 -51 51 52 -54 58 -56 56 -58 -59 59 65 62 -63 -64 64 67 -67 -68 80 -70 72 -72 -73 73 75 -76 76 -78 78 79 -81 81 -83 83 -85 -86 -87 87 117 89 90 -92 118 -94 -95 -96 -97 97 -99 -100 100 101 102 103 -105 -106 107 -108 -109 -110 -111 -112 -113 -114 -115 -116 -117 -118 -119 -120 122 121 -123 -124 125 -126 -127
leaf_value=0.012469695578338639 -0.0051938814002534615 -0.0062174446595437971 -0.019415347117259722 0.024106443254720597 -0.0021836658377245642 0.0048343267570716379 0.00082100597112396573 -0.0013805949710516748 -0.013835796797498768 -0.00049394099778899217 -0.0020975201484673034 0.00083224516956986706 -0.008401864911949183 0.011495710969365611 0.017432447291795477 0.0060113007474492854 -0.0027555835319505624 -0.05945136163383722 0.031616215293538079 -0.0017606366595847326 -0.069375384844742802 -0.014542468260385116 -0.026417996587657859 0.0086161434763530036 -0.10433537721633911 0.0052986229640187479 -0.0070097517594252421 -0.087248415307565177 -0.052749848308750485 -0.044103417911550459 -0.027335072237204765 -0.013089887742813234 -0.095153349848354565 -0.0014671157836996965 -0.036911687409540393 -0.0016075839861042381 -0.0049166894356750829 -0.0095804771153329277 0.0035275419131259858 0.019468964006456133 -0.0011753103974013396 0.012268762287006529 0.0085455770196033957 -0.0055644372694268604 -0.011155170251840771 -0.0047645691854888827 0.0094520859151213128 -0.040166296324585064 -0.0059321316146017985 0.0025428430116931876 -0.11537015461315542 -0.080054334992932713 -0.020068225991359562 0.00033188286612524404 -0.028949268469106525 -0.049279227904472617 -0.08625716204228609 -0.010907694826894831 -0.0067881406534632495 0.0086442428751590979 0.0083979823991721936 -0.072429813818498098 -0.048461352750535841 0.0067871503935408835 -0.012586564153032491 0.0046367911656853616 -0.014606967117407473 -0.012134430549004016 -0.033939252234961741 0.010996029754334734 0.0026964796289241791 -0.034352793987785762 -0.0014959422145502314 -0.0245980091773693 -0.0097278465843881091 -0.03274112155376855 0.021163855555219265 0.0028798109606485551 -0.054467702901055071 -0.077536981883695566 0.0081455284612970916 0.00013766191141486309 -0.029012303924879072 -0.054483632714798051 0.0069056347896544875 -0.0064637446793923648 -0.05260017277845884 0.0033648779878750934 -0.00020745372311758807 0.0082669559781195466 -0.03253525928018091 -0.0022495393343256597 -0.003258486923764604 0.00046731636133657764 -0.0028130187566795459 0.010042142493751892 -0.015079932843173863 0.0074578329238035469 -0.036555014320387443 -0.001141644088857207 -0.10254670985178514 -0.0072110483569497435 -0.10075202036235067 -0.023247235249402816 -0.0043830453372039986 -0.007447802861930748 0.0099843294397653475 -0.02598741682214907 0.011153903156518936 0.0027505114218223893 -0.018795136469494433 0.011725997019023032 0.011846532668617835 0.016159214269663529 -0.0036938380306384077 -0.012277937687759068 -0.0091119988073881421 -0.0024706207283029698 0.0037743079467687031 -0.065098545809332151 -0.12150936069328393 -0.015456034663675613 0.0023459141432972007 0.00030612197068878789 -0.014894657132699577 0.0098288130080539451
leaf_weight=4380 114 754 386 125 6196 13415 378 9929 5188 7909 4421 18845 1492 528 1859 4922 21671 149 135 37190 153 196 308 2234 172 3304 1498 109 112 170 977 1050 135 1583 476 1458 2769 4627 2685 277 10068 972 1114 10224 1697 3186 1442 491 6551 3298 117 161 487 10970 377 651 137 213 131 663 226 219 120 6912 655 5397 1350 613 276 1369 7793 398 2641 1498 1172 117 198 212 115 107 7384 5589 406 169 190 189 347 5177 1360 298 688 6018 2352 56634 34982 342 1955 327 490 1016 109 2269 107 400 8151 3160 1786 577 257 615 3017 4349 477 2325 1465 2365 259 30455 13392 131 133 157 39980 23374 2079 3150
leaf_count=4380 114 754 386 125 6196 13415 378 9929 5188 7909 4421 18845 1492 528 1859 4922 21671 149 135 37190 153 196 308 2234 172 3304 1498 109 112 170 977 1050 135 1583 476 1458 2769 4627 2685 277 10068 972 1114 10224 1697 3186 1442 491 6551 3298 117 161 487 10970 377 651 137 213 131 663 226 219 120 6912 655 5397 1350 613 276 1369 7793 398 2641 1498 1172 117 198 212 115 107 7384 5589 406 169 190 189 347 5177 1360 298 688 6018 2352 56634 34982 342 1955 327 490 1016 109 2269 107 400 8151 3160 1786 577 257 615 3017 4349 477 2325 1465 2365 259 30455 13392 131 133 157 39980 23374 2079 3150
internal_value=-0.00120925 -0.00111471 -0.0277267 -0.00191285 0.00114862 0.00079535 -0.00201132 0.00172139 -0.00748803 -0.00137722 -0.000754365 -0.00308657 -0.00637498 -0.00376135 0.0010158 0.00508565 0.000678906 -0.00256741 -0.0047325 -0.00176328 -0.016376 -0.0387105 0.000645031 -0.00548055 -0.00711408 -0.00632808 -0.0128343 -0.0240697 -0.00250639 -0.0746114 -0.00403846 -0.00809234 -0.054918 -0.0127105 -0.0464236 0.00893901 0.00207406 -0.00741994 -0.00114322 -0.00705013 -0.00249477 -0.00426983 -0.00287796 -0.00417745 -0.0137581 -0.001015 -0.00134152 -0.00903469 -0.0111983 -0.00438839 -0.00991367 -0.0152616 -0.0360597 0.00268526 -0.0157165 -0.0417097 -0.0462752 -0.0398431 0.00290333 -0.00121038 -0.0294032 -0.0479504 -0.0114048 0.00387134 0.00552506 0.00147898 -0.00697808 0.00317267 -0.0111534 -0.00164642 0.00138923 -0.0176673 -0.00525621 -0.009089 0.00144236 -0.0200243 0.00110176 -0.0155842 -0.025773 -0.0405236 0.00393565 0.00469587 -0.0144797 -0.0264962 -0.0172801 -0.0239567 -0.00128307 -0.00253389 -0.0145883 -0.00868477 -0.0204536 0.000904187 -0.00687931 -0.000424595 -0.00153718 -0.00563331 -0.00963471 -0.0139013 -0.016488 -0.00741996 -0.008913 -0.0166059 -0.0131957 -0.0390026 -0.00718476 -0.00328838 0.000534348 -0.0078056 -0.0120283 -0.0120606 -0.0143492 0.00651845 -0.00491475 0.00913775 -0.0119717 -0.0163635 -0.0423947 -0.00162246 0.0019074 0.000751047 -0.000651374 -0.0643447 0.00210838 -0.000170348 -0.0037183 0.00143683
internal_weight=519069 517226 1843 382380 134846 129008 32003 97005 11384 296487 217300 79187 25360 85893 20619 9550 121361 95939 35703 39735 1103 349 79241 46158 29805 29463 7649 2494 16353 342 21814 9324 720 5589 585 5838 7691 5155 3735 20382 11069 14119 12310 11338 1809 12490 38632 17451 11896 5555 11405 4854 648 43056 502 1115 1001 864 42554 8106 696 350 346 34448 23478 7410 2013 14241 1774 15321 8326 533 6995 4454 2541 1813 315 1001 623 411 13586 12973 2257 765 596 304 60236 38325 2693 2346 986 21911 2501 78305 53827 728 4612 3029 2702 20105 15684 2885 2776 507 12799 9186 4972 4214 2212 4648 4033 17764 3637 9237 4206 2741 376 35632 19410 78933 38822 290 40111 38532 12008 26524
internal_count=519069 517226 1843 382380 134846 129008 32003 97005 11384 296487 217300 79187 25360 85893 20619 9550 121361 95939 35703 39735 1103 349 79241 46158 29805 29463 7649 2494 16353 342 21814 9324 720 5589 585 5838 7691 5155 3735 20382 11069 14119 12310 11338 1809 12490 38632 17451 11896 5555 11405 4854 648 43056 502 1115 1001 864 42554 8106 696 350 346 34448 23478 7410 2013 14241 1774 15321 8326 533 6995 4454 2541 1813 315 1001 623 411 13586 12973 2257 765 596 304 60236 38325 2693 2346 986 21911 2501 78305 53827 728 4612 3029 2702 20105 15684 2885 2776 507 12799 9186 4972 4214 2212 4648 4033 17764 3637 9237 4206 2741 376 35632 19410 78933 38822 290 40111 38532 12008 26524
cat_boundaries=0 2 4 6 8 9 10 12 13 14 16 18 19 20 21 22 24 26 27 28 30 31 32 34 36 37 39 41 43 45 47 49 51 53 54 55 57 58 60 62 64 66 68 70 72 74 76 78 80 82
cat_threshold=423901782 42 303038466 8196 574505 2112 0 2 272630290 4194326 2686451840 17664 10 6208 1108344832 29712 3223322624 28689 10 1 541696 16384 524320 64 32 2048 2 10240 1 2112 2 131072 1073807360 17 1074855936 8213 12 8388608 4096 1073741824 16384 1073741824 20480 33554432 5120 1075838976 16385 0 1 0 12288 2147483648 16 1 8192 0 17 8519680 128 640 0 512 2158166016 129 537395200 2048 0 8208 2147483648 4097 2097152 1 75497472 512 65664 640 33619968 384 2048 8 16781312 32
is_linear=0
shrinkage=0.03


Tree=58
num_leaves=127
num_cat=37
split_feature=0 5 0 5 5 5 27 0 25 27 5 5 5 5 21 12 27 5 27 5 27 5 25 27 27 5 0 5 5 25 25 0 5 4 32 13 12 5 25 0 23 13 0 0 5 5 27 25 24 25 28 25 25 23 32 12 5 5 5 28 5 5 25 27 5 25 22 26 5 0 5 0 4 25 0 25 0 5 0 5 5 25 25 27 27 0 25 12 0 5 0 27 5 25 5 5 0 12 27 25 0 0 0 26 25 25 8 25 4 27 13 13 8 25 27 25 25 25 27 23 0 25 27 22 4 0
split_gain=1291.11 915.896 614.426 1239.6 1164.57 751.654 699.089 2483.49 527.152 973.71 523.09 517.721 517.168 484.052 392.923 386.919 375.373 710.989 524.305 526.838 490.295 747.307 410.13 374.349 547.05 340.463 332.425 714.742 424.852 419.624 607.268 301.144 895.317 635.71 411.245 374.167 319.278 319.197 287.723 277.962 669.906 277.719 277.443 920.759 719.979 505.733 457.074 300.388 249.445 252.654 248.793 455.091 547.809 246.714 278.422 356.781 244.265 238.174 235.936 234.128 225.659 224.844 224.078 222.556 440.087 299.892 221.197 220.641 215.396 212.829 212.759 329.995 286.819 228.638 214.933 258.937 211.917 211.468 622.017 885.944 634.773 427.081 601.982 867.936 409.737 400.879 383.577 381.367 318.463 1049.94 314.191 275.629 277.429 261.084 260.839 258.46 269.713 242.657 361.217 376.284 224.795 1720.42 408.131 210.806 210.648 810.175 838.347 395.396 300.187 287.149 286.286 241.53 208.982 208.324 438.032 206.52 206.366 373.934 543.03 244.575 204.773 205.897 202.133 406.03 326.676 325.217
threshold=13030.000000000002 0 325.00000000000006 1 2 3 0.086274277418851866 475.00000000000006 17.500000000000004 0.086274277418851866 4 5 6 7 0.032727185636758811 0.68901559710502636 0.049178216606378562 8 0.058846931904554374 9 0.064750330522656455 10 120.50000000000001 0.051913643255829818 0.058047603815793998 11 110.00000000000001 12 13 77.500000000000014 26.500000000000004 950.00000000000011 14 15 0.21750915795564654 39.500000000000007 0.86869874596595775 16 15.500000000000002 1560.0000000000002 0.081555202603340163 39.500000000000007 950.00000000000011 715.00000000000011 17 18 0.064750330522656455 74.500000000000014 0.94296258687973034 180.00000000000003 0.12542224675416949 69.500000000000014 82.500000000000014 0.064333807677030577 0.18566475808620456 0.7074720859527589 19 20 21 0.1174035742878914 22 23 97.500000000000014 0.069445703178644194 24 103.50000000000001 -0.049133053049445145 0.046130226925015456 25 1410.0000000000002 26 225.00000000000003 27 73.500000000000014 155.00000000000003 31.500000000000004 615.00000000000011 28 715.00000000000011 29 30 64.500000000000014 26.500000000000004 0.11874964460730554 0.092709075659513487 1225.0000000000002 24.500000000000004 0.30778898298740393 850.00000000000011 31 615.00000000000011 0.095947422087192549 32 42.500000000000007 33 34 1280.0000000000002 0.86439019441604625 0.1321084722876549 106.00000000000001 1715.0000000000002 1840.0000000000002 1560.0000000000002 0.0068774346727877864 47.500000000000007 52.500000000000007 7.5000000000000009 26.500000000000004 35 0.10945477336645128 36.500000000000007 24.500000000000004 6.5000000000000009 46.500000000000007 0.089248880743980422 34.500000000000007 38.500000000000007 42.500000000000007 0.055219287052750594 0.058227287605404861 90.000000000000014 77.500000000000014 0.10038758814334871 0.10392067208886148 36 1225.0000000000002
decision_type=2 9 2 9 9 9 2 2 2 2 9 9 9 9 8 2 2 9 2 9 2 9 2 2 2 9 2 9 9 2 2 2 9 9 10 2 2 9 2 2 8 2 2 2 9 9 2 2 2 2 8 2 2 8 10 2 9 9 9 10 9 9 2 2 9 2 10 10 9 2 9 2 9 2 2 2 2 9 2 9 9 2 2 2 2 2 2 2 2 9 2 2 9 2 9 9 2 2 2 2 2 2 2 8 2 2 2 2 9 2 2 2 2 2 2 2 2 2 2 8 2 2 2 10 9 2
left_child=1 41 4 8 26 11 13 -8 9 12 53 -5 -4 112 -9 -14 17 -6 19 62 22 120 61 66 56 -16 27 29 -28 30 -3 33 -33 -15 35 -35 -36 -37 -13 40 -26 69 43 44 46 -44 -42 -47 -27 77 -21 58 60 -2 55 -55 -25 -46 -52 -49 -53 -20 -18 64 -29 -65 -10 -66 -30 -1 71 73 -73 -23 115 -76 -59 78 79 84 81 82 83 -80 87 -83 -86 -50 89 93 -91 92 -82 -79 -89 96 -90 98 104 -100 102 -102 122 -40 107 106 -106 111 109 -107 -109 -81 -7 -95 -115 -72 -70 118 -118 -119 -22 -122 123 124 125 -97
right_child=10 2 3 5 16 6 7 14 23 -11 -12 38 15 31 25 -17 18 -19 20 50 21 70 -24 24 39 48 28 63 68 -31 -32 32 -34 34 36 37 -38 -39 103 -41 42 -43 45 -45 57 47 -48 59 49 -51 51 52 -54 54 -56 -57 -58 76 -60 -61 -62 -63 -64 65 67 -67 -68 -69 116 -71 74 72 -74 -75 75 -77 -78 88 80 97 91 85 -84 -85 86 -87 -88 94 95 90 -92 -93 -94 113 -96 100 -98 -99 99 -101 101 -103 -104 -105 105 108 -108 110 -110 -111 -112 -113 -114 114 -116 -117 117 119 -120 -121 121 -123 -124 -125 -126 -127
leaf_value=0.0048434979565321144 7.8756873096738546e-05 -0.057600400973921238 -0.063740447105756437 0.039508138203102609 -0.033221583129975064 0.0020531651462058361 -0.099078279072497069 -0.053816580959511071 -0.016808299638597944 -0.0031043212308760658 -0.0058884336670953392 0.015150355292151415 -0.016049004138785482 0.0097639283191187053 0.024348553553481367 -0.060025754717931354 -0.0062518330277981839 0.0079269361174995456 -0.001694114996654198 -0.0063366995448633804 0.011074778889594161 -0.052378489912399573 -0.049793259464204313 0.023779738475884622 -0.042204257644982437 -0.0080353645478539355 -0.001299858721244626 0.0099324119722339586 0.015696217466221553 -0.058044068574212314 0.03605841233358232 -0.011703248431817012 0.0051097329034128338 0.002023351871669331 -0.0041986446289874564 0.0015421071357826252 -0.024261745599755073 -0.0084538713474476921 -0.013900512711583869 0.0085200610384559838 -0.011780404068822544 -0.00034799886601062419 0.012879728584482922 -0.085147004677250768 0.015509311139134714 -0.0065709180856839246 -0.042527128757736288 0.0069656178016859385 0.0094552780830811818 -0.035029608396795191 -0.0021801205781673636 -0.010067310708018161 -0.0091448159131215859 -0.049170985972543928 -0.084284193878588459 -0.003472962565720081 0.0038293358042570647 0.0001551960843437449 -0.012557958359913354 -0.015353725972806475 -0.032884693155233742 0.0060135153395333603 0.0024996611795535134 -0.0069791381887628649 -0.0012856779835112441 -0.056648813448513718 -0.001068558092144284 -0.012689272154063158 0.0067597582084216968 -0.013224430025498154 0.024583658265318664 -0.031450431779190734 0.0093299778919123718 -0.021720594284315265 -0.043333446687331661 -0.01405646631447518 -0.0092482639392935072 -0.029067800716521673 -0.015545744498552333 -0.058886803359325501 -0.0042731625056405109 -0.038967550100441076 0.0047248631252096726 -0.10953196551540109 -0.033439513807681114 0.0011086110965544847 0.0079425160985013548 -0.036094281333348882 -0.0059298829078012639 -0.034416184605736581 0.01215297033049966 -0.0017349982330688129 0.0073618901112280965 0.0078703665879638843 -0.0099347979674471783 -0.0032980523430317962 0.019585155858221695 -0.005090586130917652 0.013741036928595771 -0.021374584430629121 -0.12570305344220753 0.0019476367532687386 0.017408769213818048 0.0025092120352027125 -0.13690210453338092 -0.021903456249059549 -0.042284049912434042 0.019703407730617208 0.0024934673193185014 -0.061362567058379711 -0.015252361978498656 -0.01407095454987424 0.0070206472785520257 -0.060352607838650971 -0.0062141968673886626 -0.0076096713772896268 -0.0062291934600395438 -0.010744340946867822 -0.063168274549777331 0.0042708644760663791 -0.0063217134081670337 0.0042638924510946877 0.00098418124690196067 -0.038708091340443458 0.0035631617899268041 -0.017711528606976102
leaf_weight=31376 125 114 391 334 414 17745 237 131 3228 2156 707 1613 1021 6006 428 218 13917 3412 9452 5876 1051 429 143 711 437 6116 30597 2774 1382 343 135 6859 4866 28670 2096 4908 1082 6931 712 1354 1010 15878 1756 138 516 10853 765 2874 612 205 2594 500 2074 635 137 203 2409 3736 8447 495 2489 5312 3247 4765 7272 111 1070 1932 8952 597 196 272 359 451 305 2466 5102 452 715 223 2555 867 1525 100 213 303 3481 502 12908 132 6795 35290 6581 877 1123 6971 383 1320 538 559 110 660 1166 59711 107 1739 392 333 413 183 571 211 13362 140 2931 2002 779 1115 186 7801 5323 2398 25576 288 4749 1765
leaf_count=31376 125 114 391 334 414 17745 237 131 3228 2156 707 1613 1021 6006 428 218 13917 3412 9452 5876 1051 429 143 711 437 6116 30597 2774 1382 343 135 6859 4866 28670 2096 4908 1082 6931 712 1354 1010 15878 1756 138 516 10853 765 2874 612 205 2594 500 2074 635 137 203 2409 3736 8447 495 2489 5312 3247 4765 7272 111 1070 1932 8952 597 196 272 359 451 305 2466 5102 452 715 223 2555 867 1525 100 213 303 3481 502 12908 132 6795 35290 6581 877 1123 6971 383 1320 538 559 110 660 1166 59711 107 1739 392 333 413 183 571 211 13362 140 2931 2002 779 1115 186 7801 5323 2398 25576 288 4749 1765
internal_value=-0.00114746 -0.00105911 -0.00146167 -0.000750202 -0.00311535 -6.17981e-05 -0.000866429 -0.00225565 -0.00568194 -0.0163368 -0.0264549 0.00285346 -0.0338267 0.00113756 -0.00208268 -0.0236382 -0.00574541 0.00340077 -0.00625121 -0.0085416 -0.00327828 -0.00705967 0.000590844 -0.00457651 -0.00346482 -0.00203136 -0.000296673 -0.00386954 0.000930042 -0.0359656 -0.00688041 -0.000406956 -0.00473146 0.000613399 -0.000644792 0.000170584 -0.0110349 -0.00431598 0.00264915 -0.00474753 -0.00539677 0.00289458 -0.00480486 -0.00840981 -0.0074507 -0.00226244 -0.024908 -0.00413898 -0.00211832 -0.00183249 -0.0116169 -0.0135502 -0.0209976 -0.0392462 -0.0446849 -0.0381183 0.00847035 -0.0041047 -0.0101335 0.0036827 -0.0292161 0.00108219 -0.00459354 -0.00271714 -0.000519019 -0.00812123 -0.012891 -0.00367652 0.00430358 0.00450573 -0.0147749 -0.0246831 -0.00827085 -0.0367088 -0.0117142 -0.0172934 -0.00526771 -0.00177836 -0.00305953 -0.00901407 -0.00150479 -0.013766 -0.0064004 -0.0271979 -0.000586765 -0.0285968 0.00554798 -0.0107178 -0.000602491 0.00397484 0.0112445 -0.000532556 0.00411127 -0.00747841 -0.0183164 -0.00155266 -0.00518931 -0.0165725 -0.0194789 -0.00415605 -0.000380458 -0.0164276 -7.51743e-05 0.00231562 -0.023506 -0.0281388 -0.0628061 -0.0136797 -0.0207065 -0.0256904 -0.00236841 -0.0371809 0.00418576 -0.00501888 -0.00870109 -0.00472905 0.0034589 0.0004715 -0.017258 0.00239213 -0.00134089 -0.00303389 -0.000593692 -0.00352361 -0.00276936 -0.00621181
internal_weight=519656 517849 469998 328611 141387 288371 226001 133476 40240 3786 1807 62370 1630 92525 133239 1239 73129 3826 69303 39144 30159 15252 14907 36454 32156 133108 68258 17446 50812 592 249 61418 11725 49693 43687 40509 3178 11839 62036 29036 27682 47851 27245 11267 11129 15978 1775 14222 132680 126564 21980 16104 5063 1100 975 838 3120 9354 11041 3369 2989 14764 17164 16854 11978 4876 4298 9204 20215 31973 6480 1511 631 880 4969 2771 8838 126359 60456 12520 47936 3510 2340 815 5931 1170 3694 2237 65903 11327 6927 44426 9136 4400 1625 54576 13291 6589 5269 1097 41285 770 40515 60423 4172 2834 499 1338 2335 1922 904 434 31107 3948 3071 2198 18833 9881 965 8916 8772 7721 39349 13773 13485 8736
internal_count=519656 517849 469998 328611 141387 288371 226001 133476 40240 3786 1807 62370 1630 92525 133239 1239 73129 3826 69303 39144 30159 15252 14907 36454 32156 133108 68258 17446 50812 592 249 61418 11725 49693 43687 40509 3178 11839 62036 29036 27682 47851 27245 11267 11129 15978 1775 14222 132680 126564 21980 16104 5063 1100 975 838 3120 9354 11041 3369 2989 14764 17164 16854 11978 4876 4298 9204 20215 31973 6480 1511 631 880 4969 2771 8838 126359 60456 12520 47936 3510 2340 815 5931 1170 3694 2237 65903 11327 6927 44426 9136 4400 1625 54576 13291 6589 5269 1097 41285 770 40515 60423 4172 2834 499 1338 2335 1922 904 434 31107 3948 3071 2198 18833 9881 965 8916 8772 7721 39349 13773 13485 8736
cat_boundaries=0 2 4 6 8 10 11 12 14 15 16 18 19 21 23 25 26 28 29 31 32 34 36 38 40 42 44 46 47 49 51 53 55 57 59 61 62 63
cat_threshold=402915412 10 1141424129 64 1143511169 18400 21046954 1025 303038466 8196 32 524288 2726428672 8208 16778240 29517344 37815818 2049 2048 2048 512 1075838976 17792 1048576 6148 4 2048 2848 524288 67633152 64 1140883456 1073741824 64 2 2048 0 16 21104162 2049 69730305 16672 32768 64 16924672 4096 4 573702144 10768 1179648 2064 131072 16 8388608 32 1048576 2048 0 2048 2147483648 16768 4 4
is_linear=0
shrinkage=0.03


Tree=59
num_leaves=127
num_cat=15
split_feature=1 13 11 30 31 30 25 32 23 25 8 11 25 1 25 11 11 21 11 27 3 25 21 1 17 1 23 27 6 25 12 29 25 24 21 24 21 1 25 4 1 25 25 25 4 1 25 11 31 27 6 4 25 1 1 25 25 21 12 27 27 1 3 25 25 25 1 27 4 11 1 11 25 25 4 1 3 27 1 25 27 1 27 27 25 25 25 1 25 27 25 25 25 1 25 25 25 2 4 1 4 27 27 25 25 27 1 21 29 11 25 25 1 4 1 27 1 1 2 30 4 27 1 25 25 4
split_gain=1326.21 472.217 1075.83 682.313 412.007 274.634 256.606 250.622 273.863 272.333 545.721 250.243 245.28 238.736 194.882 188.016 361.016 273.67 219.522 192.826 167.248 143.803 147.147 182.869 141.638 128.951 121.953 119.748 107.895 104.963 104.958 101.276 99.2307 99.6729 94.9483 91.0971 90.3431 87.0335 103.407 234.869 123.302 84.649 84.0527 178.641 104.332 87.6521 82.5526 81.1535 80.4469 115.054 79.0577 76.0778 272.205 76.0743 75.9702 110.831 164.449 75.5227 74.7649 73.2489 107.043 72.279 196.905 158.729 280.786 136.53 132.779 159.431 116.851 141.332 114.442 104.216 155.754 231.817 157.971 146.853 99.7417 118.132 196.404 139.613 129.185 96.5441 94.1275 87.6394 109.917 125.854 93.001 99.8558 134.937 86.8801 84.7153 84.4245 165.14 120.528 139.594 98.4939 165.963 169.054 113.953 103.337 132.617 91.6625 169.173 95.834 76.3995 73.9654 72.0131 97.3306 143.697 71.8903 127.617 196.803 581.839 88.3179 213.18 126.995 315.921 83.2814 71.5872 82.2193 70.8157 196.966 306.139 148.741 93.2818 87.2665
threshold=9.461545944213869 39.500000000000007 0.3903625756502152 0.086054746061563506 0.048095963895320899 0.065762974321842207 7.5000000000000009 0.184942401945591 0.10007642209529878 73.500000000000014 9.5000000000000018 -0.37447345256805414 50.500000000000007 5.4143788814544687 29.500000000000004 0.091259401291608824 -0.69674959778785694 0.081666920334100737 -0.21861968189477918 0.064750330522656455 0 68.500000000000014 0.096113115549087538 5.0493419170379648 8.5000000000000018 3.822698831558228 0.038110742345452316 0.1688736900687218 1.0000000180025095e-35 107.50000000000001 0.071972697973251357 0.14747717231512072 8.5000000000000018 0.96395656466484081 0.078528158366680159 0.99422669410705578 0.060277843847870834 6.1640367507934579 90.500000000000014 1 6.744683265686036 92.000000000000014 22.500000000000004 15.500000000000002 2 5.759707212448121 99.000000000000014 -0.60554069280624379 0.099051989614963545 0.051913643255829818 1.0000000180025095e-35 3 30.500000000000004 4.1348783969879159 4.9065351486206064 17.500000000000004 21.500000000000004 0.05604249611496926 -0.11692317575216292 0.059393314644694335 0.059944719076156623 5.759707212448121 4 23.500000000000004 10.500000000000002 72.500000000000014 5.0493419170379648 0.07936600968241693 5 -0.60554069280624379 7.1552743911743173 -0.85671821236610401 20.500000000000004 16.500000000000004 6 6.744683265686036 7 0.07936600968241693 5.0493419170379648 14.500000000000002 0.059944719076156623 7.7717878818511972 0.084925193339586272 0.084925193339586272 76.500000000000014 70.500000000000014 70.500000000000014 4.0213496685028085 65.500000000000014 0.16352472454309466 110.00000000000001 46.500000000000007 56.500000000000007 6.4229502677917489 52.500000000000007 63.500000000000007 67.500000000000014 8 9 6.8561301231384286 10 0.059944719076156623 0.10945477336645128 64.500000000000014 68.500000000000014 0.07936600968241693 6.8561301231384286 0.084427561610937132 0.11291518062353136 -0.7386675477027892 82.500000000000014 86.500000000000014 6.8561301231384286 11 7.1113042831420907 0.092709075659513487 6.5665833950042733 6.4229502677917489 12 0.14665400236845019 13 0.07936600968241693 5.759707212448121 70.500000000000014 73.500000000000014 14
decision_type=2 2 2 10 8 8 2 8 10 2 2 2 2 2 2 2 2 8 2 2 1 2 8 2 2 2 10 2 2 2 2 10 2 2 10 2 10 2 2 9 2 2 2 2 9 2 2 2 8 2 2 9 2 2 2 2 2 8 2 2 2 2 1 2 2 2 2 2 9 2 2 2 2 2 9 2 1 2 2 2 2 2 2 2 2 2 2 2 2 2 2 2 2 2 2 2 2 9 9 2 9 2 2 2 2 2 2 10 10 2 2 2 2 9 2 2 2 2 9 8 9 2 2 2 2 9
left_child=1 2 15 5 -5 31 -2 -8 9 12 27 25 14 21 35 16 19 26 50 29 48 51 23 -23 118 -3 -17 -11 61 42 -16 -4 -15 -34 36 -9 -28 120 -39 -40 46 -42 43 -1 45 -45 -41 -12 -6 -50 -18 52 -7 -22 55 -13 -57 -35 -24 -44 -61 63 65 64 66 70 105 -68 69 -65 71 72 73 -63 -75 -76 -66 80 79 -79 -78 109 -80 84 85 -70 87 -85 -89 -64 -86 -73 93 -93 -95 98 101 104 -94 100 -99 -97 -103 -104 -98 -27 -55 -108 -109 110 -67 112 -112 114 117 -115 -117 -113 119 -19 121 122 -21 125 -125 -122
right_child=6 11 3 4 20 13 7 8 -10 10 47 54 -14 32 30 17 18 24 -20 37 53 22 58 -25 -26 28 34 -29 -30 -31 -32 -33 33 57 -36 -37 -38 38 39 40 41 -43 59 44 -46 -47 -48 -49 49 -51 -52 -53 -54 106 -56 56 -58 -59 -60 60 -62 62 89 68 76 81 67 -69 83 -71 -72 91 -74 74 75 -77 77 78 82 -81 -82 -83 -84 86 90 -87 -88 88 -90 -91 -92 92 95 94 -96 96 97 99 -100 -101 -102 102 103 -105 -106 -107 107 108 -110 -111 111 113 -114 115 -116 116 -118 -119 -120 -121 123 -123 -124 124 -126 -127
leaf_value=0.004576362843480267 0.0088196647085370655 0.016733914462249661 -0.0017805905995940583 0.0033376664602587807 -0.0010896879759208649 -0.037529635402000848 0.0055233130529005496 -0.036175726929074843 -0.079483315895904197 0.038324669810032373 -0.05351469603925943 0.01182879968696585 -0.069359201902296483 0.0086154060710214257 0.0027436310275277096 -0.0032081425862725056 0.0042308654152270813 -0.0082183847792124693 0.0010803025518304175 -0.034464329303068628 -0.026978332942746805 0.005944602044701694 -0.019952543853941927 -0.021198505762220408 -0.0004136852571649527 -0.024298660251840565 0.0060230304040409842 -0.0038863956169524327 -0.010119947868280759 -0.026970049755288918 -0.029441052068888522 0.00598687524213601 -0.011274029703563612 0.010971093922382942 0.010248173441147444 -0.073833700430695898 0.0010973800984468048 0.00028341524936156343 -0.040473429017628612 0.0063224400722225434 -0.0084207085247370583 0.00078664221132345585 -0.0015915863761631816 -0.0049161193655295806 -0.0046705702789472999 -0.034279979822189263 -0.021429017937418905 -0.020885262320870939 0.018380659417262187 -0.0097563611764756968 -0.0052262484875181866 -0.0070098165256549348 0.0015972901605656026 -0.0031941061055773983 -2.6612862366323701e-05 -0.042690374516995151 -0.0049050664839286927 -0.0044710907866908284 -0.038826863639136185 0.0072660729149714295 0.0018074245019847452 -0.0030030256804553161 0.0012297709259754407 -0.022795806403776795 0.0060042740295444272 0.001511489603852458 -0.013558175908689647 -0.050784024621049563 -0.0037734564538587667 0.0047160591606277913 0.011743418386438243 -0.004764034704396433 -0.0019748374103261013 0.0025661657811016647 -0.050297334460077676 -0.0095704815166637956 0.0034305388742932826 -0.039268877778734473 0.031739139303821939 0.0067397739180791979 -0.014707151665235247 -0.023141266210715432 0.0020280728752122205 0.0063435956325916133 -0.0077826110306852781 0.0036761387166760026 -0.00028888325198391163 -0.012226405767826541 -0.036046002009483859 -0.013979916329125227 0.0034056677829265051 -0.028243187833118615 0.0084015106137850983 -0.018692313351618268 0.0065943928965506082 -0.050055628400470044 0.016206676036381394 -0.053333437602967021 -0.0062281946726781079 -0.0030597955947219823 -0.012699296949934718 -0.0024461458645880134 -0.015087501425849328 -0.053917186522897141 -0.0064399635095100894 0.0054339759095295608 0.0095354353486861027 -0.048414152493862356 -0.012583804061702878 -5.716723514391108e-05 -0.063450499800118534 -0.010303060004084983 -0.0041829702712707067 0.0064851624957480251 -0.037989998026584676 -0.020496069042761456 -0.0018384025632964991 0.0043834551650013256 -0.0051177541417635423 0.001090095552752745 0.0041901375561769292 -0.039703342740937259 0.0052018639450791306 0.012663358211401856 8.178322050526559e-05 -0.0054696448385919806
leaf_weight=1970 168 294 13765 20101 40467 316 161 133 109 136 179 341 204 511 133 2790 48547 1081 39747 235 197 441 844 451 30265 103 5117 108 1951 108 288 1696 1966 286 1717 107 9710 29373 155 120 1198 3587 2147 153 1286 228 483 114 141 1668 808 7680 323 1417 40090 106 3351 43474 245 6136 6835 810 13042 651 3338 4338 290 161 17654 226 376 8730 12394 110 268 114 608 104 260 136 842 189 152 203 8108 2307 653 1378 253 346 658 608 617 649 281 106 319 119 2133 262 184 257 100 136 230 272 143 114 826 13658 197 1156 604 1265 209 903 8469 496 11845 4052 939 175 678 743 1847 8067
leaf_count=1970 168 294 13765 20101 40467 316 161 133 109 136 179 341 204 511 133 2790 48547 1081 39747 235 197 441 844 451 30265 103 5117 108 1951 108 288 1696 1966 286 1717 107 9710 29373 155 120 1198 3587 2147 153 1286 228 483 114 141 1668 808 7680 323 1417 40090 106 3351 43474 245 6136 6835 810 13042 651 3338 4338 290 161 17654 226 376 8730 12394 110 268 114 608 104 260 136 842 189 152 203 8108 2307 653 1378 253 346 658 608 617 649 281 106 319 119 2133 262 184 257 100 136 230 272 143 114 826 13658 197 1156 604 1265 209 903 8469 496 11845 4052 939 175 678 743 1847 8067
internal_value=-0.00106098 -0.00097053 -0.000369124 -0.00245917 -0.000232798 -0.0044714 -0.0264783 -0.0300281 -0.0338173 -0.0302129 -0.013397 -0.00233639 -0.0406248 -0.00544031 -0.0316653 0.000920535 0.0014915 -0.000413588 0.00273966 -0.000181837 -0.00182868 -0.00957065 -0.0168343 -0.00778747 -0.00164404 -0.00307589 0.00259296 0.0197015 -0.00312714 0.00238501 -0.019291 -0.000928204 -0.00452002 -0.004667 0.0035714 -0.0532016 0.00279758 -0.00119906 -0.00042585 -0.0041837 -0.00313242 -0.00151984 0.00255548 -0.00153882 -0.00876392 -0.0225319 -0.015905 -0.0409335 -0.00136648 -0.00755432 0.00407594 -0.00783916 -0.0177803 -0.00907053 -0.000410835 -0.00446544 -0.00607567 -0.00436992 -0.0242306 0.00354049 0.00439003 -0.00300527 -0.00245539 -0.00406137 0.00030599 -0.00318624 -0.0159807 -0.0269302 -0.00491411 -0.0157088 -0.00467884 -0.00489646 -0.00301229 -0.0128789 -0.0290989 -0.0382 0.00278141 -0.00233695 0.00826084 -0.0132775 -0.00710471 -0.00182064 0.0208092 -0.00461033 -0.00414232 -0.00291233 -0.0100124 -0.0134724 -0.0159411 0.000835676 -0.0069425 -0.00664793 -0.00938728 -0.0178626 -0.011053 -0.00646326 -0.012108 -0.00525166 -0.00294396 -0.016587 -0.0287809 -0.0248293 -0.019315 -0.037597 0.00660447 -0.00277549 -0.00764917 -0.0134699 -0.016976 -0.00169114 -0.0029564 -0.00441379 -0.0188203 -0.00348904 -0.00951663 -0.00243368 -0.00363808 -0.00589357 -0.00383711 -0.000869777 -0.00332732 -0.0106422 -0.00503448 -0.00264014 0.00369459 -0.00446213
internal_weight=519219 517379 359214 137072 65074 71998 1840 1672 1511 1402 537 158165 865 56537 661 222142 155565 66577 89102 66463 44973 10300 1981 892 47243 114277 19334 244 113983 18863 421 15461 46237 45726 16544 240 14827 47600 34916 5543 5388 4785 18755 3637 1667 381 603 293 42276 1809 49355 8319 639 2697 43888 3798 3457 43760 1089 15118 12971 112032 73675 38357 6266 60287 826 451 32091 877 28803 28427 13696 1302 492 382 5440 2102 652 240 1450 31484 412 31214 28727 19961 2487 1834 1631 13388 8766 14731 6001 1538 930 4463 1713 1114 2750 565 303 599 493 236 549 375 2500 1083 940 31295 17637 13299 801 12498 1861 10637 9372 1652 16978 5133 12684 1088 913 11596 2590 9006
internal_count=519219 517379 359214 137072 65074 71998 1840 1672 1511 1402 537 158165 865 56537 661 222142 155565 66577 89102 66463 44973 10300 1981 892 47243 114277 19334 244 113983 18863 421 15461 46237 45726 16544 240 14827 47600 34916 5543 5388 4785 18755 3637 1667 381 603 293 42276 1809 49355 8319 639 2697 43888 3798 3457 43760 1089 15118 12971 112032 73675 38357 6266 60287 826 451 32091 877 28803 28427 13696 1302 492 382 5440 2102 652 240 1450 31484 412 31214 28727 19961 2487 1834 1631 13388 8766 14731 6001 1538 930 4463 1713 1114 2750 565 303 599 493 236 549 375 2500 1083 940 31295 17637 13299 801 12498 1861 10637 9372 1652 16978 5133 12684 1088 913 11596 2590 9006
cat_boundaries=0 1 2 3 4 5 6 7 8 9 10 11 12 13 14 15
cat_threshold=2 1 1 2 2 4 2 2 10 2 1 1 2 4 2
is_linear=0
shrinkage=0.03


Tree=60
num_leaves=127
num_cat=30
split_feature=0 5 0 5 5 0 2 5 5 5 0 5 0 0 25 0 5 0 23 27 25 0 26 25 5 5 0 0 23 4 5 0 31 27 8 25 5 8 27 25 5 27 27 25 25 27 27 20 25 22 5 0 27 27 25 30 25 27 0 0 27 5 13 25 0 5 25 5 25 25 27 27 5 11 5 13 4 27 0 25 5 25 25 5 25 26 9 0 27 27 5 27 5 0 25 25 5 23 22 20 31 27 27 25 11 5 23 0 20 0 5 25 13 25 0 25 27 25 23 0 11 25 22 0 25 5
split_gain=1110.71 960.46 802.053 657.197 546.375 519.195 429.235 1146.57 865.847 432.281 543.198 806.749 1565.73 2742 664.401 578.77 551.328 673.998 409.818 361.429 358.127 1089.83 319.797 315.152 388.586 341.714 503.305 1700.38 857.705 817.413 416.099 308.076 363.47 356.669 356.859 304.701 571.86 1241.84 302.055 293.911 378.179 340.892 290.845 369.495 492.777 402.15 553.966 360.238 313.15 290.037 289.742 402.762 420.536 294.877 699.593 277.674 276.003 269.1 494.553 1833.19 313.008 285.991 285.148 266.605 262.859 1610.36 1160.29 425.456 307.614 485.242 259.998 247.123 492.965 310.989 558.277 531.932 456.59 418.671 357.777 231.88 231.646 226.914 369.587 518.623 223.157 212.669 208.839 208.154 235.871 207.238 273.223 223.276 346.263 354.346 576.389 368.29 206.166 197.404 213.802 196.967 227.136 190.734 293.345 243.17 317.187 189.873 297.625 256.552 259.738 222.398 842.675 624.674 385.699 224.784 538.005 555.95 528.331 364.72 280.817 261.035 221.04 211.642 199.977 276.734 504.551 189.417
threshold=13030.000000000002 0 1560.0000000000002 1 2 1615.0000000000002 3 4 5 6 850.00000000000011 7 425.00000000000006 475.00000000000006 114.50000000000001 325.00000000000006 8 950.00000000000011 0.058227287605404861 0.059944719076156623 73.500000000000014 1940.0000000000002 0.10922185331583024 57.500000000000007 9 10 850.00000000000011 950.00000000000011 0.081555202603340163 11 12 325.00000000000006 0.075905904173851027 0.084925193339586272 10.500000000000002 74.500000000000014 13 10.500000000000002 0.14952706545591357 92.000000000000014 14 0.1321084722876549 0.059944719076156623 79.500000000000014 59.500000000000007 0.051913643255829818 0.049178216606378562 29.500000000000004 77.500000000000014 -0.046293048188090317 15 1225.0000000000002 0.089248880743980422 0.08212983608245851 58.500000000000007 0.085353039205074324 90.500000000000014 0.14242830872535708 950.00000000000011 850.00000000000011 0.1321084722876549 16 39.500000000000007 72.500000000000014 615.00000000000011 17 18.500000000000004 18 40.500000000000007 38.500000000000007 0.095947422087192549 0.058047603815793998 19 -0.71504372358322132 20 24.500000000000004 21 0.086274277418851866 615.00000000000011 102.50000000000001 22 47.500000000000007 49.000000000000007 23 59.500000000000007 0.010383780114352705 5.5000000000000009 155.00000000000003 0.11874964460730554 0.1321084722876549 24 0.076740767806768431 25 950.00000000000011 46.500000000000007 20.500000000000004 26 0.075415529310703291 -0.044496303424239152 75.500000000000014 0.055805873125791557 0.086274277418851866 0.095947422087192549 33.500000000000007 -0.51297807693481434 27 0.06534933298826219 90.000000000000014 28.500000000000004 155.00000000000003 28 10.500000000000002 40.500000000000007 85.500000000000014 1280.0000000000002 102.50000000000001 0.1045757830142975 101.50000000000001 0.06534933298826219 1280.0000000000002 0.07411635667085649 9.5000000000000018 -0.11946358904242514 45.000000000000007 97.500000000000014 29
decision_type=2 9 2 9 9 2 9 9 9 9 2 9 2 2 2 2 9 2 10 2 2 2 8 2 9 9 2 2 8 9 9 2 10 2 2 2 9 2 2 2 9 2 2 2 2 2 2 2 2 10 9 2 2 2 2 10 2 2 2 2 2 9 2 2 2 9 2 9 2 2 2 2 9 2 9 2 9 2 2 2 9 2 2 9 2 8 2 2 2 2 9 2 9 2 2 2 9 8 10 2 8 2 2 2 2 9 10 2 2 2 9 2 2 2 2 2 2 2 8 2 2 2 8 2 2 9
left_child=1 2 23 49 -3 6 9 18 -9 89 11 12 15 -14 35 19 -12 -18 87 22 -7 -22 -11 24 -1 31 29 56 -29 -27 -30 32 33 34 -25 -15 79 -38 99 40 41 -19 43 44 -33 46 -45 -44 70 -2 51 52 -32 63 -55 71 -28 58 59 60 64 -60 -61 -52 67 -66 -67 -26 69 -68 -49 72 -13 125 75 76 -75 -76 -79 -37 -59 -70 -83 -84 -36 -41 -56 -8 -89 91 -91 96 93 95 101 -93 -6 98 -31 -5 -101 -95 -103 -104 -105 106 -10 122 -109 110 112 121 120 118 117 -116 -117 -115 -113 -120 -110 -111 -107 -124 -125 -73
right_child=3 4 -4 38 5 20 7 8 105 10 16 55 13 14 -16 -17 17 39 -20 -21 21 -23 -24 25 57 26 27 28 30 97 50 42 -34 -35 84 36 37 -39 -40 85 -42 -43 47 45 -46 -47 -48 48 -50 -51 53 -53 -54 54 86 -57 -58 80 61 62 -62 -63 -64 -65 65 66 68 -69 81 -71 -72 73 -74 74 77 -77 -78 78 -80 -81 -82 82 83 -85 -86 -87 -88 88 -90 90 -92 92 -94 94 -96 -97 -98 -99 -100 100 -102 102 103 104 -106 107 -108 108 109 111 -112 113 -114 114 115 116 -118 -119 119 -121 -122 -123 123 124 -126 -127
leaf_value=0.0015906594064035893 -0.051885009943764479 0.0046528215690946478 0.010334574229217535 0.00078650245942720549 0.0090776281965800065 -0.00077450216713314038 -0.055851330236866351 0.0019190665431598624 -0.0027448853051576802 -0.032241564614035316 0.0075600691326999248 -0.014601145776751206 -0.10421201132433978 -0.0048638178532603993 0.00356653453229562 0.003961150984392388 0.046314947868648322 -0.0072851807037522471 0.010878808195100112 -0.028168599094342751 -0.11468437004353731 -0.016458419742190582 -0.0021791441462612115 -0.0032394883928776527 0.017205875273793938 0.013913629496724728 -0.048486567581300252 -0.051447715858055583 0.0070047518463553825 -0.0037730035472856509 -0.0029636168082433118 -0.0086140757590121523 -0.026642123057906114 -0.043362577745189465 -0.000606308373410176 -0.021860604101944063 -0.12783802146748671 -0.016065887588079975 0.0083565851043657224 -0.03628439976592901 0.0002224358609323808 -0.045410102489445388 -0.063244491980807616 -0.0075065376316926407 0.014348412454780244 0.0031738611155033183 -0.045044045278098604 -0.015931647961496442 -0.0020190787593394989 -0.0095424663247288873 0.0011372646051372281 0.0076200504687616846 -0.037892051083163285 -0.058354626738506811 -0.0017980250368418362 0.0050365932781992317 -0.10869754002127849 0.0090872456146856746 -0.0030996440114676701 -0.099207258720652017 0.013348342111981862 0.0062403296813140436 -0.044491848270950277 -0.017276411980965613 0.0092097274289942681 -0.091439828533645073 -0.01947294554464957 -0.0035106879607287875 0.012916952608389079 -0.089630734294000342 -0.0058694505320152158 -0.012889659788434918 -0.0014353552835065435 -0.067380112663392097 0.0037050195767673907 0.00091268382311217224 -0.013460552049081516 -0.032716602215712716 0.017705941475399663 -0.0093546614452243784 -0.019326907473147081 -0.042696038249419643 0.025014226684967677 -0.019383791778196765 -0.018209466147701112 0.0045613460227783885 -0.009906685445244914 -0.015172574267018842 -0.05957793824624695 -0.0067055231937214977 0.016325663604024085 -0.02247163629064788 0.0033248039065795596 0.011033085556610756 -0.03595642297259654 0.0051807500055045643 0.0028159893369767513 -0.0025842372922543597 0.010499822648391119 -0.0053322053997714109 -0.061891934022653937 -0.020140337416235263 -0.021957943315453084 -0.0082394186771036267 0.02242878534593357 0.00069175050335249161 0.0090769225687471426 -0.044638722151952956 0.018364081935158795 -0.025751297913580523 0.0048705229528170895 0.014292205640070521 -0.071921326898513951 -0.014914859742959361 0.012614982558323679 -0.027656230136441688 -0.11290483697516018 -0.0031619708981666917 -0.0043708865655399482 0.016397839520762465 -0.040495157645443293 -0.067449305419178596 0.0020528003126425321 -0.022521322021291749 -0.087128312743228409 -0.0012547466886485593
leaf_weight=24659 706 21039 4170 163 6709 500 411 41521 30324 353 13380 2935 303 1590 1829 10083 284 5236 169 746 123 567 3175 6180 904 3232 138 352 2622 1616 484 1243 1119 259 810 3524 138 252 530 115 17665 219 100 2001 2597 2393 429 3985 7931 184 952 442 864 206 19982 8864 141 310 4736 177 970 7798 171 2755 2189 217 254 36519 230 136 5505 1346 19572 154 12422 5061 1618 131 3184 2151 1462 444 277 1369 3244 10509 3335 392 148 594 2066 494 13470 516 684 3487 16123 32676 2271 102 171 1179 361 651 567 346 2045 145 104 450 4683 850 187 3471 112 143 121 7533 12744 568 126 145 231 520 137 17615
leaf_count=24659 706 21039 4170 163 6709 500 411 41521 30324 353 13380 2935 303 1590 1829 10083 284 5236 169 746 123 567 3175 6180 904 3232 138 352 2622 1616 484 1243 1119 259 810 3524 138 252 530 115 17665 219 100 2001 2597 2393 429 3985 7931 184 952 442 864 206 19982 8864 141 310 4736 177 970 7798 171 2755 2189 217 254 36519 230 136 5505 1346 19572 154 12422 5061 1618 131 3184 2151 1462 444 277 1369 3244 10509 3335 392 148 594 2066 494 13470 516 684 3487 16123 32676 2271 102 171 1179 361 651 567 346 2045 145 104 450 4683 850 187 3471 112 143 121 7533 12744 568 126 145 231 520 137 17615
internal_value=-0.00111369 -0.00103067 -0.00268062 -0.0242738 -1.94012e-05 -0.000347036 -0.000268299 -0.00178388 -0.00146465 0.000584192 -0.000228343 -0.00151415 -0.00626571 -0.0155206 -0.0126764 3.95478e-05 0.00240369 0.000373677 -0.0318314 -0.00921086 -0.0201153 -0.0341089 -0.00519537 -0.00296247 -0.00156508 -0.00401589 -0.00280284 -0.00558711 -0.00494277 -0.000545475 -0.00442382 -0.00632633 -0.0103951 -0.00866009 -0.0077777 -0.0165573 -0.0196215 -0.0544493 -0.00678434 -1.42297e-05 -0.00191216 -0.00880767 -0.00452401 -2.74168e-05 0.0069152 -0.00555531 -0.0141493 -0.00674716 -0.00641924 -0.0426727 -0.00545714 -0.0171229 -0.0253625 -0.00468368 -0.00344576 6.04031e-05 -0.0791953 -0.00290278 -0.0025414 -0.0040433 -0.0034939 0.00271374 -0.0725258 -0.0125485 -0.00387826 -0.0102558 -0.0247585 -0.00300615 -0.0194786 -0.0441049 -0.010096 -0.000628449 -0.00315992 0.000743482 0.00312285 -0.00403515 -0.0181819 0.00622951 0.0157041 -0.0170928 -0.0144115 -0.0153216 -0.0184339 -0.0118674 -0.0146933 0.00411584 -0.00295817 -0.0397591 -0.0274306 0.00308625 0.0112182 0.00259777 0.00039681 -0.0045693 -0.0109303 0.0017446 0.00466145 -0.00182394 0.00456653 -0.0253218 -0.0408563 -0.00569246 -0.00882455 -0.000367928 0.00604385 -0.00362657 -0.00199714 -0.00524245 -0.00471607 -0.00452932 0.00120101 -0.00564746 -0.0391025 -0.00493881 -0.00807821 -0.0433193 -0.0670071 -0.00687021 -0.00241572 -0.00348356 -0.0139163 -0.0360091 -0.0186567 -0.0261879 -0.0361053 -0.00208878
internal_weight=519922 518066 196856 1856 321210 300171 298981 107626 106506 191355 144454 97046 24144 9787 9484 14357 47408 34028 1120 4274 1190 690 3528 192686 82822 109864 72068 32273 31994 39795 31642 37796 11612 10493 10234 7655 6065 390 966 33744 23120 5455 26184 8663 3840 4823 2430 17521 17421 890 29020 1790 1348 27230 23523 72902 279 58163 56391 43857 43509 12534 348 3707 42539 5116 2927 37423 2710 390 9490 64038 22507 41531 22570 6833 1772 15737 3315 5675 1772 2320 2090 1646 4054 10624 23317 951 540 46901 2660 44241 21409 7939 3958 3981 22832 36563 3887 436 273 3274 2758 1579 1218 64985 32369 32616 31382 31237 5100 26137 417 25542 11380 376 264 11004 14162 13312 230 595 1234 888 657 18961
internal_count=519922 518066 196856 1856 321210 300171 298981 107626 106506 191355 144454 97046 24144 9787 9484 14357 47408 34028 1120 4274 1190 690 3528 192686 82822 109864 72068 32273 31994 39795 31642 37796 11612 10493 10234 7655 6065 390 966 33744 23120 5455 26184 8663 3840 4823 2430 17521 17421 890 29020 1790 1348 27230 23523 72902 279 58163 56391 43857 43509 12534 348 3707 42539 5116 2927 37423 2710 390 9490 64038 22507 41531 22570 6833 1772 15737 3315 5675 1772 2320 2090 1646 4054 10624 23317 951 540 46901 2660 44241 21409 7939 3958 3981 22832 36563 3887 436 273 3274 2758 1579 1218 64985 32369 32616 31382 31237 5100 26137 417 25542 11380 376 264 11004 14162 13312 230 595 1234 888 657 18961
cat_boundaries=0 2 4 6 7 8 10 12 13 15 17 19 20 22 23 25 27 29 31 32 33 35 36 38 39 40 41 42 44 46 47
cat_threshold=3785769 6485 303038466 8192 84 2 6 131072 126097408 8232 2286035074 512 595595264 637534208 16384 1048608 2064 1064992 2048 4 2621440 1 545259520 8650752 1152 0 16 33800 256 9 4416 32768 1073742336 67108864 9248 4 524288 64 2621440 8320 2147614720 2147614848 3355443840 1152 0 512 268437504
is_linear=0
shrinkage=0.03


Tree=61
num_leaves=127
num_cat=4
split_feature=1 11 13 21 11 21 25 11 1 1 11 23 1 25 25 20 25 25 21 1 25 25 1 12 20 31 28 6 29 1 20 21 1 32 32 17 1 1 6 1 1 1 32 2 25 25 31 25 1 25 1 21 30 11 21 20 20 3 25 25 25 1 25 25 31 30 20 3 25 25 25 1 11 20 24 25 25 25 25 1 23 25 32 30 25 25 25 20 21 1 25 12 31 25 25 1 26 21 25 1 24 24 25 21 25 25 25 25 25 12 20 25 25 25 25 2 30 1 28 25 21 32 1 30 25 25
split_gain=1197.15 521.88 1001.44 620.072 325.062 230.759 218.331 214.48 211.115 193.474 189.799 183.718 323.563 191.574 448.368 250.85 237.977 290.479 178.807 163.021 161.341 203.962 165.877 145.386 140.26 137.709 133.83 131.635 128.408 123.288 123.057 121.305 119.132 224.177 133.324 118.57 116.319 117.293 113.618 110.989 106.563 104.919 104.202 103.852 95.5763 89.337 86.9746 84.6904 103.338 82.7764 82.3907 193.682 131.585 81.8956 88.0088 80.2115 128.287 80.1844 95.4498 124.021 84.6855 80.983 84.4564 84.107 79.8172 153.949 89.2188 90.6458 320.491 130.107 98.5184 87.0015 86.1673 83.6152 79.5221 97.407 76.0558 75.7497 181.312 75.7037 101.165 146.555 143.212 75.6752 74.0935 128.48 123.868 110.209 77.8592 74.0331 139.446 121.62 83.2682 96.2584 202.496 206.591 152.084 135.974 128.201 121.715 126.179 100.859 91.8889 381.169 111.48 78.5895 92.6555 297.716 161.28 91.496 148.337 138.946 119.701 102.543 84.5967 73.4139 104.256 75.7598 114.802 89.0925 84.1421 79.7858 72.8262 71.4989 71.2367 71.0181
threshold=9.461545944213869 0.40614137053489691 36.500000000000007 0.113277904689312 -0.082689788192510591 0.081666920334100737 7.5000000000000009 -0.68430826067924488 5.759707212448121 3.822698831558228 -0.37447345256805414 0.10042453557252885 10.197127819061281 90.500000000000014 73.500000000000014 99.500000000000014 50.500000000000007 29.500000000000004 0.078528158366680159 6.3076004981994638 56.500000000000007 54.500000000000007 7.2490057945251474 -0.065537083894014345 88.500000000000014 0.05951096490025521 0.093814611434936537 1.0000000180025095e-35 0.040852611884474761 10.197127819061281 92.500000000000014 0.063131619244813933 4.1348783969879159 0.17412318289279941 0.1005113609135151 10.500000000000002 4.2766661643981942 5.0493419170379648 1.0000000180025095e-35 10.197127819061281 5.1923544406890878 7.4465231895446786 0.1015761084854603 0 99.000000000000014 12.500000000000002 0.024274144321680072 85.500000000000014 5.0493419170379648 104.50000000000001 4.5047848224639901 0.087768755853176131 0.17240444570779803 0.94138324260711681 0.13383229821920398 75.500000000000014 98.500000000000014 1 18.500000000000004 40.500000000000007 27.500000000000004 4.9065351486206064 57.500000000000007 59.500000000000007 0.065769560635089888 0.085353039205074324 79.500000000000014 2 69.500000000000014 15.500000000000002 16.500000000000004 5.0493419170379648 0.86113432049751293 63.500000000000007 0.96395656466484081 72.500000000000014 77.500000000000014 23.500000000000004 26.500000000000004 6.5665833950042733 0.12977331131696704 135.50000000000003 0.20555610954761508 0.035860668867826469 17.500000000000004 46.500000000000007 13.500000000000002 65.500000000000014 0.12412916123867036 7.3527534008026132 85.500000000000014 0.59003219008445751 0.062787849456071868 65.500000000000014 73.500000000000014 6.744683265686036 0.098714631050825133 0.13237179815769198 87.500000000000014 7.1113042831420907 1.0334222316741946 1.017660975456238 82.500000000000014 0.13503363728523257 75.500000000000014 14.500000000000002 30.500000000000004 29.500000000000004 37.500000000000007 -0.54940786957740773 68.500000000000014 18.500000000000004 19.500000000000004 18.500000000000004 19.500000000000004 3 0.035860668867826469 5.759707212448121 0.15488876402378085 62.500000000000007 0.10989969968795778 0.1711116507649422 5.0493419170379648 0.33917973935604101 4.5000000000000009 64.500000000000014
decision_type=2 2 2 8 2 8 2 2 2 2 2 8 2 2 2 2 2 2 10 2 2 2 2 2 2 10 10 2 10 2 2 10 2 10 10 2 2 2 2 2 2 2 10 9 2 2 10 2 2 2 2 10 8 2 10 2 2 1 2 2 2 2 2 2 8 8 2 1 2 2 2 2 2 2 2 2 2 2 2 2 10 2 10 10 2 2 2 2 10 2 2 2 8 2 2 2 8 8 2 2 2 2 2 10 2 2 2 2 2 2 2 2 2 2 2 9 8 2 10 2 10 8 2 10 2 2
left_child=1 2 4 20 7 18 -2 55 64 -4 23 12 -8 14 16 -16 17 39 43 53 21 22 32 44 -15 -14 -24 28 50 -19 -9 47 33 34 -3 115 -23 -38 -25 -13 57 124 -34 46 -11 -44 -6 48 -30 74 51 52 -22 54 84 77 -57 58 -12 60 -60 76 -63 -64 71 -66 67 69 72 -67 -71 -5 73 -69 75 -21 -61 122 -79 80 82 -82 -48 -45 86 88 -10 -88 -86 92 -91 -92 -76 105 -95 97 -97 98 -96 101 -101 -98 104 -104 -99 -94 107 109 -108 110 -107 -111 -113 -112 -115 116 -7 121 119 120 -119 -118 -1 -49 -32 -110
right_child=6 3 9 8 5 35 11 30 19 10 40 13 25 24 15 -17 -18 29 -20 49 27 36 26 38 -26 -27 -28 -29 31 -31 41 -33 42 -35 -36 -37 37 -39 -40 -41 -42 -43 45 83 -46 -47 79 123 -50 -51 -52 -53 -54 -55 -56 56 -58 -59 59 61 -62 62 63 -65 65 66 -68 68 -70 70 -72 -73 -74 -75 89 -77 -78 78 -80 -81 81 -83 -84 -85 85 -87 87 -89 -90 90 91 -93 93 94 95 96 99 102 -100 100 -102 -103 103 -105 -106 106 108 -109 125 111 113 112 -114 114 -116 -117 117 118 -120 -121 -122 -123 -124 -125 -126 -127
leaf_value=0.018705786950668771 0.0077020437417072273 0.015400242091696938 0.018037755866703097 -0.020236859396453304 0.012675583860819866 -0.026998440858442337 -0.043428850728056287 0.0045848184978763652 0.0064180747466435302 -0.0001618935405457464 0.015151073671386487 -0.035070449237008132 0.038681152065714389 -0.033077265490900794 -0.018626189386486108 0.043920796702835045 -0.066957004906526243 -0.02388406303808718 0.010502260621734875 -6.3498562948962492e-05 0.040753900129348035 0.040174222883777082 -0.048936414681294178 -0.0028530728973015732 -0.081077727258205404 -0.0087039491480563665 -0.0040245212997413347 -0.0257851567038659 0.008923548303242471 0.012987240835240011 0.024329726386624645 -0.001784987587176145 -0.0080515989293228913 -0.04968297690988701 -0.0099270468925012484 1.9621719033765468e-05 -0.013716857126858639 0.01010735891266544 -0.010111246513828316 -0.074731778726577755 0.0004690127876766259 -0.025859123482936765 0.014330593958264866 0.01321169666293138 -0.0062229020030418816 0.0018466692215225191 0.0011846384253116277 0.0042638507738942417 -0.018562479290218713 -0.00067259654021320546 -0.010797442217430996 -0.028372750532463055 -0.0030444870113860815 0.0061014051252651818 0.0078385740887864427 0.0036225296388932098 -0.0010190805878916612 -0.0068061729724803212 -0.00484557640419697 0.0008054086325305083 -0.027308094131952249 0.013902967278738968 -0.025253773086935008 0.0018481476114192489 -0.019894122864111921 -0.021009724087147987 -0.0031576646535437579 -0.016895545074336753 -0.040075488311418314 0.012678093835102537 -0.0061849023987896731 0.0051215064036705853 -0.0023543749111408982 -0.0057294430350944194 -0.011019243617056198 -0.016606711872681281 -0.014515936623725115 -0.025003954061647068 -0.0015306820821647804 0.0075958002563930012 -0.018507138929932374 0.01577397128353147 0.013484304426606485 -0.0016501783334549015 0.0075596283846993398 -0.0035413533929550779 -0.049835531028281699 -0.0091131010341632644 -0.014219782408833948 0.0092285734742060411 -0.041608781678584013 0.0046792097515700494 0.0038203862115159201 0.0034872287177493541 0.011322872033832889 -0.013410455461015346 0.0058412245529143245 -0.030733489098944768 -0.018104853208563972 -0.0038865840880491069 -0.027215273122372409 -0.0054057214108088805 -0.065963549860362902 -0.0078723335266113279 -0.0015097870690375895 0.0031091928466200325 0.0033211155942916627 -0.051041189763927831 -0.0061767828905076689 -0.0072762800765360878 -0.0042680632639013711 -0.049586198950064893 -0.016975331489918054 -0.038345238329951188 -0.011274355320312396 -0.0034967907402904288 -0.021133679771446621 0.0014018051352012214 -0.018998626368785541 0.0083285258777879272 -0.020435191922574578 -0.0019628109064864789 0.0019161851872870979 -0.0018078621552495614 0.001797586333409255 -0.017456456367456599
leaf_weight=272 166 242 435 144 818 127 150 36374 148 28395 315 136 103 105 132 101 200 288 2253 454 127 106 107 113468 119 117 134 198 184 113 126 36446 927 106 812 46461 201 2364 1974 124 35665 122 536 320 2551 13156 9600 6738 368 4323 1901 108 119 1461 834 12778 9229 3452 358 623 261 523 108 1889 937 520 3468 1579 341 259 6043 759 1032 979 1950 1087 547 303 11491 2271 465 147 934 7829 1583 7193 113 127 162 769 102 101 686 3496 265 1116 2443 200 266 3487 221 1015 178 236 283 977 1655 159 10909 675 476 160 278 205 212 19048 207 2411 209 2061 169 3227 1570 2355 22564 526
leaf_count=272 166 242 435 144 818 127 150 36374 148 28395 315 136 103 105 132 101 200 288 2253 454 127 106 107 113468 119 117 134 198 184 113 126 36446 927 106 812 46461 201 2364 1974 124 35665 122 536 320 2551 13156 9600 6738 368 4323 1901 108 119 1461 834 12778 9229 3452 358 623 261 523 108 1889 937 520 3468 1579 341 259 6043 759 1032 979 1950 1087 547 303 11491 2271 465 147 934 7829 1583 7193 113 127 162 769 102 101 686 3496 265 1116 2443 200 266 3487 221 1015 178 236 283 977 1655 159 10909 675 476 160 278 205 212 19048 207 2411 209 2061 169 3227 1570 2355 22564 526
internal_value=-0.00102895 -0.000942763 -0.000380458 -0.002556 0.00114045 -6.60269e-05 -0.0250863 0.00239435 -0.00460788 -0.00192389 -0.00196965 -0.0283134 -0.00960103 -0.0335552 -0.0283322 0.00855828 -0.0383137 -0.029559 0.00244837 -0.00365545 -0.000523704 0.00184459 0.000564716 -0.00248778 -0.0588245 0.0135555 -0.0240845 -0.00143559 -0.00133534 -0.0134874 0.00350152 -0.000993261 0.000942697 -0.00830707 -0.00410278 -0.000904078 0.00951787 0.00823581 -0.00297727 -0.0541997 -0.000235634 0.00177406 0.00167717 0.00163729 -0.000661711 0.00233639 0.003182 0.00199835 -0.0094009 -0.00458665 -0.00832367 0.00495361 0.0196403 -0.000537415 -0.00149258 0.000555813 0.00167604 -0.00334715 -0.000763937 -0.00193061 -0.0143456 0.000155333 0.00318346 0.000370539 -0.00760401 -0.00812017 -0.00734306 -0.00869249 -0.0123214 -0.00659993 -0.00540778 0.00105973 -0.00967471 -0.012626 -0.00507583 -0.0117361 -0.00636393 -0.00125209 -0.0021358 0.00260467 0.00158713 -0.0102607 0.00227637 -0.00106372 -0.00232779 -0.00176976 -0.0151451 -0.0284138 0.00553071 -0.00476491 0.00338908 -0.0186688 -0.00501211 -0.0046229 -0.00270316 -0.00493208 -0.00311408 -0.0154664 -0.00342502 -0.00150892 -0.00528396 0.00253939 -0.0225829 -0.0329475 -0.0136492 -0.00612119 -0.00654155 -0.0111678 -0.00543033 -0.0090261 -0.00496827 -0.0158333 -0.0289738 -0.0137991 -0.0246425 -0.00246693 -0.000130216 0.000284746 0.00269859 0.00367958 -3.59662e-05 -0.00312424 0.00440424 0.00269131 0.00192378 -0.00669712
internal_weight=519631 517777 383950 133827 193386 98557 1854 94829 66592 190564 190129 1688 370 1318 1094 233 861 661 24637 50531 67235 18691 16020 146388 224 220 241 48544 48346 401 59186 46091 15779 1160 1054 73920 2671 2565 115442 260 43741 22812 14619 22384 30946 13692 14235 9645 552 38910 2255 354 246 11621 10160 35643 22007 8076 4624 4309 619 3690 2520 1997 16061 15158 14221 10753 3931 6822 6302 903 3590 2558 34587 1541 1170 13636 11794 13417 11146 612 10534 8149 9326 8938 388 240 1745 33046 972 203 32074 30124 13206 9710 8282 1428 531 7166 3708 3458 897 414 483 16918 16232 3142 13090 2983 1870 1113 438 893 417 27459 8411 8284 4850 4641 2580 3434 1842 9093 22690 11435
internal_count=519631 517777 383950 133827 193386 98557 1854 94829 66592 190564 190129 1688 370 1318 1094 233 861 661 24637 50531 67235 18691 16020 146388 224 220 241 48544 48346 401 59186 46091 15779 1160 1054 73920 2671 2565 115442 260 43741 22812 14619 22384 30946 13692 14235 9645 552 38910 2255 354 246 11621 10160 35643 22007 8076 4624 4309 619 3690 2520 1997 16061 15158 14221 10753 3931 6822 6302 903 3590 2558 34587 1541 1170 13636 11794 13417 11146 612 10534 8149 9326 8938 388 240 1745 33046 972 203 32074 30124 13206 9710 8282 1428 531 7166 3708 3458 897 414 483 16918 16232 3142 13090 2983 1870 1113 438 893 417 27459 8411 8284 4850 4641 2580 3434 1842 9093 22690 11435
cat_boundaries=0 1 2 3 4
cat_threshold=6 2 2 2
is_linear=0
shrinkage=0.03


Tree=62
num_leaves=127
num_cat=30
split_feature=1 5 5 1 1 5 1 5 28 5 11 30 13 5 5 25 25 25 11 5 31 27 1 25 5 13 27 25 5 12 8 1 5 25 25 1 1 5 2 5 5 27 28 5 5 27 1 25 27 25 5 1 25 5 25 1 1 27 27 12 5 25 27 25 5 27 25 27 27 1 5 27 28 5 1 27 1 11 25 25 20 28 1 25 11 1 12 5 1 27 25 32 25 25 25 12 27 5 5 25 25 3 25 20 11 1 1 1 27 25 27 27 27 5 8 27 11 1 25 31 13 1 5 25 27 5
split_gain=941.199 924.2 870.48 948.556 744.212 494.355 438.89 1786.5 467.174 408.273 308.608 546.601 503.632 421.29 331.114 310.694 305.018 285.173 314.971 274.925 274.593 272.357 369.227 269.154 253.664 282.208 237.73 218.358 384.506 244.084 216.704 215.1 209.908 195.254 182.277 228.351 276.775 181.992 177.469 1471.53 704.242 363.179 436.013 487.257 339.768 450.646 750.867 466.94 453.652 635.162 669.72 593.828 418.446 387.368 369.065 348.136 1640.55 395.01 342.565 274.843 249.439 313.33 338.31 298.57 246.525 403.667 282.218 236.297 233.891 256.46 245.258 217.406 227.251 209.865 598.945 231.623 197.366 198.45 194.823 194.344 198.166 189.984 185.209 177.356 177.031 176.825 172.735 178.478 279.462 212.002 179.689 170.718 180.385 228.706 228.935 250.886 180.256 170.507 170.194 170.381 214.655 164.689 162.531 199.855 313.872 190.358 194.734 178.804 211.068 161.29 274.472 245.068 244.403 233.295 225.876 207.307 227.56 196.488 358.563 156.646 156.491 155.134 148.441 147.225 416.23 732.232
threshold=7.4465231895446786 0 1 7.7717878818511972 7.3527534008026132 2 4.7054555416107187 3 0.12426651641726495 4 0.48314048349857336 0.034953540191054351 37.500000000000007 5 6 11.500000000000002 50.500000000000007 77.500000000000014 -0.15951316058635709 7 0.089630849659442915 0.17337424308061603 10.197127819061281 8.5000000000000018 8 25.500000000000004 0.07936600968241693 70.500000000000014 9 -0.67168185114860524 11.500000000000002 5.4143788814544687 10 20.500000000000004 63.500000000000007 6.4229502677917489 5.759707212448121 11 12 13 14 0.092709075659513487 0.10800887271761896 15 16 0.089248880743980422 6.8561301231384286 63.500000000000007 0.056865874677896507 49.000000000000007 17 6.744683265686036 113.00000000000001 18 81.500000000000014 6.8561301231384286 6.744683265686036 0.08212983608245851 0.08212983608245851 0.6174544394016267 19 88.500000000000014 0.058846931904554374 77.500000000000014 20 0.095947422087192549 69.500000000000014 0.076740767806768431 0.089248880743980422 4.5047848224639901 21 0.05270845256745816 0.13584410399198535 22 6.4229502677917489 0.061421869322657592 5.0493419170379648 -0.70898476243019093 52.500000000000007 59.500000000000007 71.500000000000014 0.16882655024528506 5.0493419170379648 23.500000000000004 -0.32614396512508387 5.0493419170379648 0.03762133605778218 23 4.5047848224639901 0.069445703178644194 25.500000000000004 0.21569908410310748 55.500000000000007 77.500000000000014 75.500000000000014 -0.4906590580940246 0.12240357697010042 24 25 107.50000000000001 103.50000000000001 26 46.500000000000007 73.500000000000014 0.77244481444358837 5.0493419170379648 4.5047848224639901 4.5047848224639901 0.055219287052750594 59.500000000000007 0.16352472454309466 0.11874964460730554 0.095947422087192549 27 7.5000000000000009 0.11368945986032487 -0.11692013591527937 6.8561301231384286 50.500000000000007 0.042853806167840965 46.500000000000007 5.0493419170379648 28 53.500000000000007 0.16058247536420825 29
decision_type=2 9 9 2 2 9 2 9 8 9 2 10 2 9 9 2 2 2 2 9 10 2 2 2 9 2 2 2 9 2 2 2 9 2 2 2 2 9 9 9 9 2 8 9 9 2 2 2 2 2 9 2 2 9 2 2 2 2 2 2 9 2 2 2 9 2 2 2 2 2 9 2 10 9 2 2 2 2 2 2 2 10 2 2 2 2 2 9 2 2 2 8 2 2 2 2 2 9 9 2 2 1 2 2 2 2 2 2 2 2 2 2 2 9 2 2 2 2 2 8 2 2 9 2 2 9
left_child=1 4 3 -2 38 34 7 8 -7 -5 12 13 24 -12 -14 31 26 -18 -19 -13 21 32 37 -9 25 -8 33 28 -25 -29 83 -16 -4 -10 102 36 -36 -23 39 -1 71 44 43 -43 55 48 47 -47 49 50 59 58 -48 -53 82 56 57 86 73 -46 61 62 -41 79 66 -66 109 -57 69 -59 76 85 -73 74 -50 121 -71 -78 -69 80 -64 91 -51 -17 -84 -40 -42 88 89 -88 -90 -67 -93 94 -94 -96 -95 -49 -31 100 -100 -6 103 104 107 106 -104 108 -3 110 111 112 -44 -114 -111 117 -117 118 -115 -101 -77 -75 -32 124 -15 -126
right_child=2 5 20 9 101 6 10 23 16 -11 11 19 14 123 15 30 17 18 -20 -21 -22 22 -24 27 -26 -27 -28 29 -30 98 122 -33 -34 -35 35 -37 -38 -39 40 60 41 42 64 -45 45 46 52 97 51 54 -52 53 -54 -55 -56 67 -58 68 -60 -61 -62 -63 63 -65 65 81 -68 78 -70 70 -72 72 -74 75 -76 120 77 -79 -80 -81 -82 -83 84 -85 -86 -87 87 -89 90 -91 -92 92 93 96 95 -97 -98 -99 99 119 -102 -103 105 -105 -106 -107 -108 -109 -110 114 -112 -113 113 115 -116 116 -118 -119 -120 -121 -122 -123 -124 -125 125 -127
leaf_value=0.01016219181818725 -0.11832437089303643 -0.048003092805435223 -0.012927268535025755 -0.0097173046986315324 0.017087436745825028 0.0053510779934157126 0.0010480359172394202 0.026946306210084352 -0.096501281156584059 -0.051574061584651922 -0.00173664234621657 0.0072126051390734459 0.0013846633090810313 -0.011207098899960095 -0.055793527397099973 0.0095643387292071065 -0.015199483048359287 -0.083069764904628529 -0.023969592788365964 -0.00041592723406182181 -0.048570570766358921 0.0097419207559600058 -0.077215817031614925 -0.03337994395124648 0.00063772102107935262 0.0052557141835345824 -0.028533221276509278 0.020971143406504827 -0.0034657196347446712 0.005359355494080292 -0.0062461869953950562 -0.0052216219129926243 0.0057782801823527512 -0.052851626507970442 0.0012227446079922746 0.014760141723476778 -0.018286294763522105 -0.035617499710762335 0.0021043953263733127 -0.011727673252397309 0.001053186358527119 -0.042338083494685166 0.00017748445232365187 0.0078397371751148699 0.0087896443089080407 -0.086931939467991867 0.0008677161738936042 -0.015574531205560528 -0.0047844964547883563 0.019200717544799645 -0.10562329133493559 0.027381733781149407 -0.024883012301335265 -0.011530557978545153 -0.034272278917246851 -0.0082723966858841876 -0.089888256601053484 0.0061230853139383062 0.012730651091191574 -0.044068966429092381 -0.0020717243393524264 0.0056921226848736534 0.005847945608680712 -0.017151369667690451 0.0096707286464114937 0.0097112843852275969 0.0021753946866473715 -0.0010473682784490691 0.007879351225751105 0.011372210441408117 -0.029494179240392202 0.0027387301491401837 -0.030506727746463715 0.012695586553404015 -0.059510207739956855 0.0084956745461876419 -0.034084018644931942 0.014694956001989981 0.010971066237442794 0.0038371078276469416 -0.015445962771387298 -0.028010385938751416 -0.046045631333300384 -0.0035322272647833291 -0.0037900194224953876 -0.024125825467955515 -0.020683578865901966 -0.0092671034345092919 -0.0023271994519292569 0.002034471029341844 0.014836404734711525 0.0015904331225201273 -0.0040060376647776882 0.0027220475322524192 -0.024847070941873665 -0.007412405598697539 -0.0046007678521827813 -0.039186447996053177 -0.0084290172085201322 0.0083221597387482266 -0.050433673513661917 0.0037359642359043222 0.016209403785998167 0.0082217889246609301 -0.052827101944444267 0.016337645568025843 -0.014414240493181242 0.002813089067563244 0.0062413881388062439 -0.047319139776558709 -0.037152549925091156 0.0038514570387475542 0.00035029971452515295 -0.060617062976146073 -0.013072340608469539 -0.020136862878518347 -0.077383859747753692 -0.010524356319378644 -0.012550735456656806 -0.0062523518921794525 -0.015721806832468033 -0.02376101137460556 0.0014646292881528918 -0.006754745028575441 -0.098435852531906509 -0.0048408830132408943
leaf_weight=8271 122 141 847 478 1917 227 26187 286 161 388 14826 4855 35300 3995 163 950 503 150 178 33682 137 170 101 385 66609 31727 172 556 17246 3401 2562 141 1446 228 4958 918 753 135 417 8590 5199 498 1855 266 128 145 1548 506 1590 283 129 227 896 8862 434 1573 208 321 1733 284 39647 1726 595 1081 2821 1088 2814 2372 334 289 1456 17774 186 137 202 2243 286 101 2485 3845 1157 253 100 43564 768 518 839 5404 1116 660 1079 7703 7395 6118 1146 2112 5983 757 1382 1299 118 1469 337 5310 103 2680 417 2433 118 202 262 1761 935 216 1198 164 101 2337 394 1355 268 442 17727 7038 128 179
leaf_count=8271 122 141 847 478 1917 227 26187 286 161 388 14826 4855 35300 3995 163 950 503 150 178 33682 137 170 101 385 66609 31727 172 556 17246 3401 2562 141 1446 228 4958 918 753 135 417 8590 5199 498 1855 266 128 145 1548 506 1590 283 129 227 896 8862 434 1573 208 321 1733 284 39647 1726 595 1081 2821 1088 2814 2372 334 289 1456 17774 186 137 202 2243 286 101 2485 3845 1157 253 100 43564 768 518 839 5404 1116 660 1079 7703 7395 6118 1146 2112 5983 757 1382 1299 118 1469 337 5310 103 2680 417 2433 118 202 262 1761 935 216 1198 164 101 2337 394 1355 268 442 17727 7038 128 179
internal_value=-0.0010092 -0.000899226 -0.0158358 -0.0399236 -0.00263188 3.17227e-05 -0.000243936 -0.00385529 -0.0343234 -0.0292155 0.000100791 -0.00172503 0.000626009 -0.00507124 -0.000954858 -0.00222318 -0.0410388 -0.0294407 -0.0511675 0.000547063 -0.00726669 -0.00517982 -0.0277958 -0.00194493 0.00190071 0.0033526 -0.0581361 -0.00226771 -0.0041417 0.00180581 -0.00208132 -0.0324315 -0.00116506 -0.0711185 0.00484297 0.000880889 -0.00135229 -0.0112316 -0.00289882 -0.00164996 -0.00362263 -0.00469515 -0.00286526 -0.0253313 -0.00661536 -0.00933017 -0.0186388 -0.0360818 -0.00732344 -0.0203261 -0.0483636 -0.00556196 -0.00857913 -0.0105384 -0.0107318 -0.00412806 -0.00634587 -0.00532352 0.00127618 -0.0270113 -0.00337647 -0.00641714 -0.00779054 -0.00272516 -0.00249843 -0.00120303 -0.00615616 0.00182987 -0.0156535 -0.0188597 -0.0226222 0.00165738 0.00239275 -0.00279167 -0.0109222 0.00195453 -0.0072566 -0.0213485 0.00510265 6.36776e-05 -0.00821509 -0.00216836 -0.00183345 -0.00325252 -0.00870556 -0.0124377 -0.00330888 -0.0058014 -0.000703262 -0.0106863 0.00611286 -0.00196022 -0.00237746 -0.00372074 -0.0069261 -0.0135508 -0.000898594 -0.0301798 0.000392774 -0.00367787 -0.0117648 0.0112978 0.00712306 0.0048045 -0.00168837 0.0125924 -0.000723674 0.000287169 -0.0233604 -0.00865019 -0.00700937 -0.00598739 -0.00887428 -0.0129223 -0.0180439 -0.0167338 -0.0421644 -0.0144903 -0.0296423 0.000881589 0.0059057 -0.0151278 0.000488327 -0.00942054 -0.0138011 -0.0474102
internal_weight=519491 515667 3824 988 180219 335448 317280 27647 1619 866 289633 64703 224930 26166 100407 65107 1392 831 328 38537 2836 2699 406 26028 124523 57914 561 25742 17631 8111 64803 304 2293 389 18168 6629 5711 305 176833 64912 111921 93026 47622 764 45404 21682 3852 1408 17830 2126 541 15704 2444 9089 1585 23722 17292 17084 6615 412 56641 16994 15268 6678 46858 34619 12239 6430 2787 2453 2132 18895 17960 4882 1792 3090 676 387 4857 5597 1752 31798 1151 44514 868 935 14297 9098 3694 1499 2195 31545 30457 22754 10653 3258 12101 1263 7555 4154 1500 3386 11539 8105 2795 3434 754 2692 259 9425 8025 7763 6002 4147 1400 3212 265 2947 610 2654 2511 579 20289 11340 4302 307
internal_count=519491 515667 3824 988 180219 335448 317280 27647 1619 866 289633 64703 224930 26166 100407 65107 1392 831 328 38537 2836 2699 406 26028 124523 57914 561 25742 17631 8111 64803 304 2293 389 18168 6629 5711 305 176833 64912 111921 93026 47622 764 45404 21682 3852 1408 17830 2126 541 15704 2444 9089 1585 23722 17292 17084 6615 412 56641 16994 15268 6678 46858 34619 12239 6430 2787 2453 2132 18895 17960 4882 1792 3090 676 387 4857 5597 1752 31798 1151 44514 868 935 14297 9098 3694 1499 2195 31545 30457 22754 10653 3258 12101 1263 7555 4154 1500 3386 11539 8105 2795 3434 754 2692 259 9425 8025 7763 6002 4147 1400 3212 265 2947 610 2654 2511 579 20289 11340 4302 307
cat_boundaries=0 2 4 6 8 9 11 13 14 16 17 19 21 22 24 26 28 30 32 33 35 37 39 40 41 42 44 45 46 48 49
cat_threshold=3785769 6469 310378498 8192 20 2 133120 528 41943040 2852395200 17464 474360514 640 1480728640 1128665154 25624 2 688390144 2048 2148532224 4 2 1081376 68 2162689 257 32768 4096 50216 64 524288 2048 524288 16385 257 50176 64 32 64 524288 32776 1048576 8388610 8 2 16384 2181038080 8 1073881088
is_linear=0
shrinkage=0.03


Tree=63
num_leaves=127
num_cat=22
split_feature=1 5 1 1 5 5 2 5 5 23 5 1 5 27 5 1 25 25 1 1 13 25 1 25 8 1 1 5 23 5 5 12 5 27 25 12 20 25 25 12 29 1 20 1 1 25 27 25 25 20 11 32 31 25 26 3 27 1 25 25 25 27 27 12 27 1 11 27 28 25 11 1 25 27 27 11 12 1 27 12 5 1 26 25 27 26 32 20 25 25 1 32 11 25 1 26 1 5 27 5 25 27 12 27 25 20 1 1 1 5 27 25 11 27 1 5 27 5 13 5 5 23 27 31 25 8
split_gain=949.185 848.826 730.657 519.809 508.449 470.772 359.051 1116 742.386 426.697 378.882 577.809 678.364 1452.77 509.586 704.413 466.824 742.887 650.208 1607.69 551.919 344.501 1060.01 305.617 339.23 316.795 1467.85 940.817 675.4 451.509 372.97 343.705 332.896 361.735 525.444 584.799 530.159 309.376 302.341 298.244 296.749 356.035 351.608 281.306 264.793 394.203 294.451 381.158 263.842 262.43 315.076 244.617 240.349 239.687 237.101 235.494 236.09 446.207 341.406 231.005 276.571 460.027 268.456 252.517 240.526 236.856 221.091 217.459 212.484 203.949 419.345 214.726 202.45 202.062 287.677 200.95 196.465 196.154 210.1 192.026 353.64 301.415 193.805 189.995 188.061 185.721 185.401 334.743 184.921 179.78 547.932 443.527 234.714 294.264 362.143 351.221 259.625 300.399 281.34 254.001 194.675 188.44 185.925 177.115 393.518 315.179 190.541 175.452 174.852 450.688 321.623 209.315 207.498 188.008 475.97 261.481 174.392 173.625 169.317 259.431 218.549 173.242 168.703 258.686 190.577 454.886
threshold=9.461545944213869 0 7.1356794834136972 7.4465231895446786 1 2 3 4 5 0.058227287605404861 6 6.744683265686036 7 0.064750330522656455 8 6.8561301231384286 102.50000000000001 78.500000000000014 6.1640367507934579 6.0527143478393564 13.500000000000002 73.500000000000014 7.5704805850982675 56.500000000000007 9.5000000000000018 6.744683265686036 6.8561301231384286 9 0.081555202603340163 10 11 -0.099822327494621263 12 0.08212983608245851 67.500000000000014 -0.88220417499542225 80.500000000000014 52.500000000000007 125.00000000000001 0.089118976145982756 0.09549861773848535 5.759707212448121 27.500000000000004 5.759707212448121 5.4143788814544687 67.500000000000014 0.049178216606378562 77.500000000000014 72.500000000000014 63.500000000000007 -0.96689236164093006 0.22759647667407992 0.050979804247617728 76.500000000000014 0.10922185331583024 13 0.10038758814334871 7.1113042831420907 113.00000000000001 88.500000000000014 71.500000000000014 0.059944719076156623 0.08212983608245851 0.71952396631240856 0.098019190132617964 4.5047848224639901 0.091259401291608824 0.16352472454309466 0.071016978472471251 73.500000000000014 -0.35846811532974238 7.1113042831420907 85.500000000000014 0.084925193339586272 0.092709075659513487 0.57077592611312877 0.94066718220710765 5.0493419170379648 0.11874964460730554 -0.88220417499542225 14 5.759707212448121 0.074321933090686812 61.500000000000007 0.095947422087192549 0.044043602421879775 0.18701074272394183 76.500000000000014 51.500000000000007 89.500000000000014 7.1552743911743173 0.20674484223127368 0.12545942142605784 55.500000000000007 7.1552743911743173 0.071127999573946013 7.1552743911743173 15 0.11368945986032487 16 102.50000000000001 0.056865874677896507 0.43540433049201971 0.11874964460730554 100.50000000000001 77.500000000000014 4.5047848224639901 7.1113042831420907 5.759707212448121 17 0.11874964460730554 49.000000000000007 -0.35846811532974238 0.064750330522656455 6.8561301231384286 18 0.092709075659513487 19 23.500000000000004 20 21 0.058227287605404861 0.051913643255829818 0.08413130417466165 86.500000000000014 9.5000000000000018
decision_type=2 9 2 2 9 9 9 9 9 10 9 2 9 2 9 2 2 2 2 2 2 2 2 2 2 2 2 9 8 9 9 2 9 2 2 2 2 2 2 2 8 2 2 2 2 2 2 2 2 2 2 10 10 2 8 1 2 2 2 2 2 2 2 2 2 2 2 2 8 2 2 2 2 2 2 2 2 2 2 2 9 2 10 2 2 10 8 2 2 2 2 10 2 2 2 10 2 9 2 9 2 2 2 2 2 2 2 2 2 9 2 2 2 2 2 9 2 9 2 9 9 8 2 10 2 2
left_child=1 2 23 5 52 -3 10 8 9 77 -7 12 13 43 15 -13 17 -15 19 -18 -19 -5 -23 24 37 27 31 -25 85 84 40 -27 69 48 35 36 -35 67 -17 53 -29 42 -42 54 45 -44 -46 -48 -34 50 -22 75 -2 -6 -12 56 57 58 116 60 61 65 -62 73 83 -32 -67 118 -10 70 71 -31 -52 -63 -75 -43 86 -8 107 80 81 -14 -81 -65 -30 -28 -41 -88 -69 92 102 100 96 94 95 -94 97 98 -70 -98 -92 -95 103 106 105 -105 -91 -79 -26 110 111 113 -113 115 -115 -110 -36 -104 119 121 -120 -1 123 -45 125 -124
right_child=4 3 -4 21 39 6 7 -9 68 -11 11 14 79 16 -16 38 18 20 -20 -21 49 22 -24 25 108 26 28 30 29 32 59 -33 33 34 55 -37 -38 -39 -40 76 41 51 44 122 46 -47 47 -49 -50 -51 72 -53 -54 -55 -56 -57 -58 -59 -60 -61 62 63 -64 64 -66 66 -68 88 89 -71 -72 -73 -74 74 -76 -77 -78 78 -80 82 -82 -83 -84 -85 -86 -87 87 -89 -90 90 91 -93 93 101 -96 -97 99 -99 -100 -101 -102 -103 117 104 -106 -107 -108 -109 109 -111 -112 112 -114 114 -116 -117 -118 -119 120 -121 -122 -123 124 -125 -126 -127
leaf_value=-0.034285408819022659 -0.047217514193377323 0.0048346280920921929 0.0099536356923590457 -0.00081328604769411676 -0.0026028419578471617 0.0028883125575535486 -0.052242470944765952 0.0010664920910779055 0.0030065754796224681 0.012038184108702759 -0.029613591909974299 0.045780502339889263 -0.01998868123436057 -0.0090444905238538532 0.0056413048810809163 -0.0028251639067004048 0.014841990882696787 -0.09304331605394299 -0.0026686703057161036 -0.10817393981820933 -0.08931083708522447 -0.11327638255386817 -0.016127395812526424 0.0088529004649923193 -0.0018826872685417091 -0.048857200492260069 -0.01946552577865996 0.0071584075148015298 0.01621620270083135 -0.048659364213733555 0.040572550813201817 -0.11921074422279206 0.0017821888632436351 -0.066497766149405849 -0.005614180223553057 -0.0084009490292037137 -0.0053693640228545435 0.0047947616193063664 0.0067350984444770005 -0.00010037260705276447 -0.057436243310833392 0.0033593165166991381 -0.0054039926563384799 -0.0079259046853400704 0.0050351253070794718 0.011878021084419989 -0.0065339718592664743 -0.021020172197617367 -0.016050191278547309 -0.021017633557080639 -0.058882780480180967 -0.014449963892115388 -0.008877552603470517 0.047408249219421481 -0.0036392549241291493 0.005567388463577184 -0.00013922202181521241 -0.023848995273263947 -0.021180042957123304 -0.0017216699554329722 -0.01452375873506806 -0.001789046070712356 0.0025806228455269907 -0.015571474696700465 0.009193517873502307 0.0050164275267332876 -0.0077541087947471214 -0.0030804819099823693 0.014928221449190539 -0.0096651816297005037 0.004108996071643424 -0.0081522110142285293 -0.024979469637630633 -0.04255311306083924 -0.0087114689682746271 -0.0047616473594398034 0.004954806562501959 -0.032178719509744415 -0.056751305823740744 -0.0011830637190070677 0.0082057549462693398 0.0017549853113919703 0.0042626695344588177 -0.03619750777034058 0.0003116383036031173 -0.058887322423026321 -0.010611116707451261 -0.079579516423048724 -0.053609842535193637 -0.034628795057445941 0.0062420156421805068 -0.091997549192685837 -0.0170273001330324 -0.012479615597992101 -0.060520700909659865 0.010265591720281547 -0.024161180308875749 -0.0036375473629871227 -0.024406092097201654 0.026253170364417867 -0.041531206107641931 -0.00061945915780697565 0.00051418607790604872 -0.094908279983492772 -0.013612722379177775 -0.025623546569314721 -0.00042473170321609356 0.0080003851435177936 0.023696195465676924 -0.0014661046911348678 0.023001970439704495 -0.018525534540060021 0.0075966159891778717 -0.043430678099648998 -6.0085452102820375e-05 -0.017169455716110012 0.0051915395422114704 -0.0080069817112869979 -0.0026997380061918709 -0.0050176802647250059 0.0023028141060023499 0.0025328809370771662 0.0052394606094275801 0.023037034920017633 0.011422438190791851 -0.025311376343423151
leaf_weight=116 699 18094 4201 505 294 49511 431 61658 3121 189 348 289 823 3436 23812 18449 201 116 4024 181 103 122 570 6052 9567 171 189 3217 1138 476 134 100 942 312 3091 5083 216 9209 3549 101 116 12229 3738 1830 1336 1740 6700 2162 3598 2226 214 910 187 121 3380 3755 12851 1170 866 7336 6681 2707 942 1038 228 3322 1927 130 1366 5879 306 157 617 288 1042 3534 166 211 137 54990 6009 1889 6585 658 1622 253 117 138 130 166 125 113 2637 1632 148 505 102 15747 185 497 197 4608 3562 100 1736 145 1199 181 142 5290 200 503 598 729 331 2339 2377 5440 12793 16406 20344 6801 3734 279 3123 496
leaf_count=116 699 18094 4201 505 294 49511 431 61658 3121 189 348 289 823 3436 23812 18449 201 116 4024 181 103 122 570 6052 9567 171 189 3217 1138 476 134 100 942 312 3091 5083 216 9209 3549 101 116 12229 3738 1830 1336 1740 6700 2162 3598 2226 214 910 187 121 3380 3755 12851 1170 866 7336 6681 2707 942 1038 228 3322 1927 130 1366 5879 306 157 617 288 1042 3534 166 211 137 54990 6009 1889 6585 658 1622 253 117 138 130 166 125 113 2637 1632 148 505 102 15747 185 497 197 4608 3562 100 1736 145 1199 181 142 5290 200 503 598 729 331 2339 2377 5440 12793 16406 20344 6801 3734 279 3123 496
internal_value=-0.000985308 -0.000909244 -0.00242558 6.32406e-05 -0.0225887 0.000138387 -0.000148519 -0.00154635 -0.00516762 -0.0288612 0.000631503 -0.000162793 -0.0015048 -0.00582354 0.0025912 -0.00066994 -0.0138137 -0.0187939 -0.00622441 -0.0435759 -0.0290137 -0.0196605 -0.0333936 -0.00268811 -0.00133733 -0.00371541 -0.00568194 -0.00242763 -0.00525504 -0.00488248 -0.00353001 -0.0751607 -0.00567106 -0.00446298 -0.00325925 -0.011527 -0.0415481 -0.000305147 -0.00128254 -0.00683595 -0.00153086 -0.00239255 -0.00562051 0.000907581 -0.00523344 8.65315e-05 -0.00809087 -0.01007 -0.0123506 -0.0266345 -0.0399844 0.000664993 -0.0387082 0.0120576 -0.00607119 -0.00133474 -0.00260823 -0.00683595 -0.00369008 -0.00624023 -0.00799101 -0.00502065 -0.0124101 -0.0107609 -0.0197027 0.00133673 0.000327556 -0.00113323 -0.00453218 -0.0117248 -0.0247203 -0.0386413 -0.0337706 -0.00649546 -0.016066 0.00153844 -0.0219817 -0.0372177 -0.0249009 -1.05114e-05 0.00415557 -0.00483061 -0.000600622 -0.0235904 0.00684809 -0.0421125 -0.0345207 -0.0481003 -0.0284538 -0.00511851 -0.00805679 -0.041111 -0.00374881 -0.00755173 -0.0148105 -0.0126388 -0.00172347 -0.00239627 0.0101584 0.0176773 -0.0230238 -0.00372285 -0.00688911 -0.0129264 -0.0186539 -0.0541739 -0.00460665 -0.0136535 -0.00479165 -0.00753794 -0.0141377 -0.0157729 -0.00434346 -0.0193244 -0.0299004 -0.0147956 -0.000916724 -0.00464388 -0.00100692 -0.0029651 0.000371366 0.0019078 0.00365755 -0.00382083 0.00580274 0.001652
internal_weight=519884 518061 202418 315643 1823 314446 296352 106138 44480 1149 190214 140703 94604 24308 46099 22287 11118 6712 4406 382 3276 1197 692 198217 85628 112589 44552 68037 44281 43839 61985 271 41079 34261 29721 5611 528 65929 21998 937 35682 32465 15792 13190 15676 5478 10198 8862 4540 3160 934 16673 886 415 3728 24110 20355 7504 6334 26303 18967 11344 7623 5961 1924 5383 5249 56720 43331 6818 939 633 831 4037 1330 15763 522 960 529 70296 8721 2712 61575 1696 2760 442 356 255 260 40210 12783 435 27427 9530 3290 3142 17897 17298 1551 599 322 6240 12348 3346 1981 245 1365 392 19699 10132 4842 4642 1101 3541 1060 2481 5468 9002 56460 23323 33137 6917 9462 2109 7353 4230
internal_count=519884 518061 202418 315643 1823 314446 296352 106138 44480 1149 190214 140703 94604 24308 46099 22287 11118 6712 4406 382 3276 1197 692 198217 85628 112589 44552 68037 44281 43839 61985 271 41079 34261 29721 5611 528 65929 21998 937 35682 32465 15792 13190 15676 5478 10198 8862 4540 3160 934 16673 886 415 3728 24110 20355 7504 6334 26303 18967 11344 7623 5961 1924 5383 5249 56720 43331 6818 939 633 831 4037 1330 15763 522 960 529 70296 8721 2712 61575 1696 2760 442 356 255 260 40210 12783 435 27427 9530 3290 3142 17897 17298 1551 599 322 6240 12348 3346 1981 245 1365 392 19699 10132 4842 4642 1101 3541 1060 2481 5468 9002 56460 23323 33137 6917 9462 2109 7353 4230
cat_boundaries=0 2 4 6 7 9 10 12 13 15 17 19 21 23 24 26 28 30 31 32 33 35 37
cat_threshold=1077527593 6485 303038466 8192 20 2 6 2957126146 16896 131072 2554470530 512 595595264 8650816 9376 1048576 4 2621440 1 2129920 4113 1048576 16 2 67109440 128 2048 16384 2048 512 2622465 1024 536870912 2621472 2112 2637833 336
is_linear=0
shrinkage=0.03


Tree=64
num_leaves=127
num_cat=14
split_feature=0 11 8 30 31 11 21 23 22 4 24 0 30 2 16 12 12 20 27 4 23 20 11 27 20 22 32 0 0 2 17 4 27 27 27 6 0 31 21 24 17 29 0 22 0 4 20 26 22 0 26 0 6 31 4 0 4 22 32 4 26 24 20 27 0 0 27 30 31 0 31 23 4 0 27 0 23 0 31 0 21 31 26 20 0 23 24 22 20 4 0 0 0 31 4 11 20 20 27 22 0 27 31 0 11 27 31 21 26 26 0 0 21 27 11 9 24 4 0 0 27 32 21 27 11 4
split_gain=966.988 460.556 824.518 615.947 331.794 296.708 269.522 207.642 302.131 203.414 212.225 194.848 184.512 190.712 175.057 170.028 184.291 157.542 141.487 191.712 139.791 133.286 134.046 171.359 199.261 132.744 130.855 130.265 122.848 107.352 105.494 100.384 170.633 120.545 96.942 94.4685 87.4549 84.4029 97.2642 83.5917 82.872 80.5167 80.3221 79.106 147.481 107.179 78.6989 77.7541 147.547 117.517 78.9457 92.988 77.6293 75.3647 73.3236 161.731 71.8058 70.0106 292.698 108.907 73.2326 66.432 64.6156 91.7655 75.3488 64.3104 64.1192 103.547 68.3171 95.604 193.949 68.1613 63.7063 61.0083 113.484 109.498 61.0046 85.9783 73.2112 61.9715 60.4964 60.356 59.3623 58.9241 58.532 57.96 56.2762 55.2933 54.8591 69.8406 85.4313 126.264 145.529 94.4168 93.4252 137.402 219.871 92.6215 68.6946 64.0791 59.2186 90.1305 78.1702 135.609 65.4935 54.8539 53.5496 89.0793 53.7119 59.2799 167.331 87.0061 52.6596 52.4265 52.3504 51.653 86.562 51.377 61.5168 51.03 63.9552 74.687 52.8936 51.0071 50.6072 54.7485
threshold=13030.000000000002 0.40614137053489691 8.5000000000000018 0.086054746061563506 0.048095963895320899 -0.082689788192510591 0.082720901817083373 0.10078860074281694 -0.068457558751106248 0 1.0279772281646731 45.000000000000007 0.065762974321842207 1 14.500000000000002 0.92519181966781627 -0.065537083894014345 92.500000000000014 0.16058247536420825 2 0.097788050770759596 106.50000000000001 0.29342973232269293 0.15550526976585391 76.500000000000014 -0.037008950486779206 0.23425994068384173 16530.000000000004 1560.0000000000002 3 8.5000000000000018 4 0.089248880743980422 0.058047603815793998 0.14952706545591357 1.0000000180025095e-35 155.00000000000003 0.032449027523398406 0.078528158366680159 1.0089110732078554 4.5000000000000009 0.04237759672105313 1225.0000000000002 0.043187206611037261 950.00000000000011 5 46.500000000000007 0.14085485786199572 -0.11594646796584128 1225.0000000000002 0.091656714677810683 950.00000000000011 1.0000000180025095e-35 0.09356460347771646 6 90.000000000000014 7 -0.27293582260608668 0.18680100888013842 8 0.17269647866487506 1.0314378142356875 92.500000000000014 0.060448419302701957 1255.0000000000002 950.00000000000011 0.055219287052750594 0.14169578999280932 0.034522769972682006 325.00000000000006 0.0280643729493022 0.093464292585849776 9 1940.0000000000002 0.12240357697010042 1255.0000000000002 0.076926078647375121 1560.0000000000002 0.030432593077421192 325.00000000000006 0.05604249611496926 0.029832490719854835 0.041585111990571029 49.500000000000007 1225.0000000000002 0.039869789034128196 1.0471161007881167 0.15457537025213244 39.500000000000007 10 325.00000000000006 615.00000000000011 950.00000000000011 0.033771071583032615 11 0.78325453400611889 71.500000000000014 68.500000000000014 0.095947422087192549 -0.21072954684495923 615.00000000000011 0.053263295441865928 0.040799655020236976 325.00000000000006 0.99274429678916942 0.051913643255829818 0.026064828969538215 0.046781210228800781 0.19185426831245425 0.099273119121789946 90.000000000000014 155.00000000000003 0.070677299052476897 0.1045757830142975 0.61237135529518139 5.5000000000000009 0.98248907923698436 12 225.00000000000003 325.00000000000006 0.1045757830142975 0.14917463809251788 0.067053630948066725 0.15358696132898333 0.48314048349857336 13
decision_type=2 2 2 10 8 2 8 10 10 9 2 2 8 9 2 2 2 2 2 9 10 2 2 2 2 10 10 2 2 9 2 9 2 2 2 2 2 10 10 2 2 10 2 10 2 9 2 10 10 2 10 2 2 10 9 2 9 10 10 9 10 2 2 2 2 2 2 10 10 2 10 10 9 2 2 2 10 2 10 2 8 10 10 2 2 10 2 10 2 9 2 2 2 10 9 2 2 2 2 10 2 2 8 2 2 2 10 10 10 10 2 2 10 2 2 2 2 9 2 2 2 10 10 2 2 9
left_child=1 2 5 12 76 14 20 8 9 10 21 -4 25 43 46 16 17 -13 73 -20 57 22 23 24 -2 29 -10 -11 39 54 40 32 -17 56 -29 61 -35 65 87 -21 -8 -6 86 80 -45 -46 -1 48 49 50 114 -52 62 -32 -3 -56 -33 58 66 -59 119 -18 63 -16 115 -22 67 68 69 81 -71 -70 -41 74 75 124 77 106 -78 -80 -14 -7 -72 -37 -62 -49 -34 112 -82 100 99 97 93 94 95 96 -93 -92 -94 -91 101 102 103 -90 -102 -55 -5 -108 109 -109 -111 -112 -39 -27 -43 -65 -117 118 -87 122 121 -121 -61 -66 -15 -126
right_child=7 3 11 4 41 6 30 -9 26 27 -12 15 13 18 52 31 35 -19 19 28 37 -23 -24 -25 -26 113 -28 34 -30 -31 53 33 42 36 -36 83 -38 38 -40 72 -42 47 -44 44 45 -47 -48 85 -50 -51 51 -53 -54 105 55 -57 -58 59 -60 60 84 -63 -64 64 123 -67 -68 -69 71 70 82 -73 -74 -75 -76 -77 78 -79 79 -81 88 -83 -84 -85 -86 117 -88 -89 89 90 91 92 98 -95 -96 -97 -98 -99 -100 -101 104 -103 -104 -105 -106 -107 107 108 -110 110 111 -113 -114 -115 -116 116 -118 -119 -120 120 -122 -123 -124 -125 125 -127
leaf_value=0.0051936178353581414 -0.016546571550775418 0.0022750763078943381 0.018080287446982365 0.0068756979274820652 -0.011902722075670594 -0.0084793062326874256 -0.0010803793164331863 -0.063555431017950872 0.035853438641910158 -0.040989749225458699 0.00041319684684276579 -0.001839867893550027 0.011942031218062924 -0.0048925402888212732 0.0074935717088500664 0.0072176187835371903 -0.0028188308296585333 0.0020824813359498944 -0.00011478731948040318 -0.010613711992990755 0.020634689277463571 -0.02015868783094725 -0.022652929650770651 -0.089553085362038959 -0.073584518486803238 0.0036089556306612893 -0.0099547730908520395 -0.023132313878741116 0.0093953240923035659 -0.0064753528342843328 7.382903962394818e-05 0.0031354570728655043 -0.0019381167715402435 -0.0059192644616486278 0.0012563548214264244 -0.0054253237968587024 0.0011812483620595342 0.0034372226754762966 0.010884278487240643 -0.016664315396464516 -0.0047877846517855481 -0.008857593363260521 0.0024501435923598479 -0.0055893806518411415 -0.03373684248095378 -0.00058617599308490747 0.00047221379921916418 0.021015050551633083 -0.0019828893643056987 -0.03913352996901457 0.005546180654953165 -0.012438978150376997 -0.0056346657834874352 0.010304132635386563 0.023027541262400877 -0.0073491697868777409 -0.0035055878094743067 0.027344577458154943 -0.039595967941739828 0.0037035467688615428 0.018032291684993554 6.8249962859044181e-05 0.0023642100852644767 0.0040504381044466986 0.022530231279276666 0.0055175229005465145 -0.0035541413809708497 0.0068836028989456063 0.011891378024208353 0.022729294804304623 -0.011082546984878084 -0.001817561703816897 -0.04019453580702733 0.013649745553731918 -0.034061551045287734 0.010945340769500529 0.01279518002728847 -0.019479246537746592 0.0076227844528491111 0.0022040187712072295 0.0011162321626957197 0.0038020974671968202 -0.031781957474396494 -0.016326691228491456 -0.00018288731097993325 -0.014402363651406463 -0.013519707099373975 0.016215469068696298 0.0035546206769230923 -0.011507256318125599 0.0046657390699529205 0.014725577602766349 -0.0070066078781890629 -0.038329460199149151 -0.0071335629774207663 -0.03328545013072317 -0.025223138073854373 -0.0052517186445094899 -0.0013904424667098131 0.0099449824458002368 0.0017391863770216036 -0.0089331034973413985 -0.00019457040108425178 -0.017401345377449844 -0.019531007651239631 -0.0087214425709628528 -0.0043467670889342086 0.0017834978047500368 -0.0062250885643916854 0.036070414916430101 -0.0061455720309564589 0.010970207592728393 -0.0038791469922289253 -0.011114759956401118 -0.037809169663896046 -0.0056256330566647663 0.0038264798839769392 -0.00047551586896756916 0.009597966567137288 0.0013027717945693451 -0.0090041966399237987 0.023074061789154308 -0.0045119011994781185 0.0043200598610004031 -0.018672246913739508 -0.0096403687040552532
leaf_weight=3503 112 3501 451 1535 679 575 12438 105 108 132 119 24342 229 1928 7579 4055 105923 14830 4127 960 522 166 110 122 109 4406 115 239 203 4853 42679 1624 4197 1702 377 1268 18744 7733 1678 250 9626 101 5230 2146 319 121 34090 117 24391 128 409 701 799 151 171 1906 14929 167 172 1279 450 7694 17963 18347 314 493 3250 2166 554 102 229 792 179 104 164 242 912 174 2745 6166 2165 960 277 689 245 108 414 276 470 2240 2161 212 3067 105 3010 336 296 1393 5430 132 3732 2065 5300 678 134 1339 2225 4011 550 178 413 754 999 228 128 1426 2241 16206 818 270 154 298 1570 248 641 10586
leaf_count=3503 112 3501 451 1535 679 575 12438 105 108 132 119 24342 229 1928 7579 4055 105923 14830 4127 960 522 166 110 122 109 4406 115 239 203 4853 42679 1624 4197 1702 377 1268 18744 7733 1678 250 9626 101 5230 2146 319 121 34090 117 24391 128 409 701 799 151 171 1906 14929 167 172 1279 450 7694 17963 18347 314 493 3250 2166 554 102 229 792 179 104 164 242 912 174 2745 6166 2165 960 277 689 245 108 414 276 470 2240 2161 212 3067 105 3010 336 296 1393 5430 132 3732 2065 5300 678 134 1339 2225 4011 550 178 413 754 999 228 128 1426 2241 16206 818 270 154 298 1570 248 641 10586
internal_value=-0.000908084 -0.000831445 -0.000303599 -0.00234833 -0.000206162 0.00119231 8.2422e-07 -0.0227673 -0.0202256 -0.0251103 -0.0362794 -0.00159527 -0.00428474 -0.00508882 0.00245174 -0.00163851 -0.00213322 -0.000354903 -0.00748594 -0.00352705 0.00264064 -0.0433227 -0.0517479 -0.0609857 -0.0448832 -0.00134233 0.0122914 -0.0140567 -0.0123672 -0.00321922 -0.00100402 -0.00013433 0.00203961 -0.000950846 -0.00822829 -0.00273594 0.000589915 0.00504088 0.00425477 -0.0155522 -0.00269798 -0.00165994 -9.45124e-05 -0.00378542 -0.00883947 -0.0246424 0.000912291 -0.00149833 -0.00253892 -0.0117761 -0.00913365 -0.00581299 0.00363477 -0.000157788 -0.000373379 -0.00483837 -0.00285389 0.00056157 -0.000947673 0.00365141 0.00271771 -0.00262332 0.0037888 0.00463731 0.00367814 0.0133047 -0.00019682 0.00173296 -0.00146565 -0.00479175 -0.0148493 0.00382954 -0.0265529 -0.00914789 -0.00932372 -0.00901837 0.00303107 0.0013613 0.00470342 0.00387392 -0.00339211 -0.000800954 -0.0224544 -0.00926974 0.0116201 6.16793e-05 -0.00298068 0.00301876 -0.00349912 -0.00382398 -0.00499703 -0.00420931 -0.00563232 -0.0103823 -0.00961117 -0.0184283 -0.00855545 0.000778181 -0.00341819 -0.0103098 -0.00208181 -0.00347997 -0.00173247 -0.00882619 0.000997077 -0.00678773 0.00173843 0.000767869 0.00269514 0.00361214 0.00906006 0.00491288 0.00259983 0.00288228 -0.0251342 0.0034008 0.00015027 -8.26364e-05 0.00678628 0.000982332 0.00810034 0.0127455 -0.000823739 0.0145164 -0.00938643 -0.0101577
internal_weight=519499 517685 384046 133639 63449 177954 91444 1814 1709 1486 738 206092 70190 55125 86510 205641 154746 39172 19384 5719 25211 619 453 343 221 15065 223 748 1592 10431 66233 50895 13896 36999 616 115574 20446 11701 10686 1389 22064 43786 9841 35741 2586 440 37593 43107 25858 1467 1339 1110 48917 44169 5578 2077 16553 13510 9077 4433 4266 113617 48118 30155 22576 1015 8905 5655 3489 2143 608 1346 429 13665 13561 13397 19663 9840 9823 8911 33155 1535 506 1957 695 17249 4611 9008 32926 30761 18382 16010 12456 3959 3854 844 508 3554 8497 2372 12379 8513 6448 1148 3866 1490 9666 8131 5906 5356 1345 1167 8732 4634 229 22014 3667 17132 926 3571 722 568 2849 562 13155 11227
internal_count=519499 517685 384046 133639 63449 177954 91444 1814 1709 1486 738 206092 70190 55125 86510 205641 154746 39172 19384 5719 25211 619 453 343 221 15065 223 748 1592 10431 66233 50895 13896 36999 616 115574 20446 11701 10686 1389 22064 43786 9841 35741 2586 440 37593 43107 25858 1467 1339 1110 48917 44169 5578 2077 16553 13510 9077 4433 4266 113617 48118 30155 22576 1015 8905 5655 3489 2143 608 1346 429 13665 13561 13397 19663 9840 9823 8911 33155 1535 506 1957 695 17249 4611 9008 32926 30761 18382 16010 12456 3959 3854 844 508 3554 8497 2372 12379 8513 6448 1148 3866 1490 9666 8131 5906 5356 1345 1167 8732 4634 229 22014 3667 17132 926 3571 722 568 2849 562 13155 11227
cat_boundaries=0 1 2 3 4 5 6 7 8 9 10 11 12 13 14
cat_threshold=4 6 4 5 4 1 1 2 2 1 1 2 2 2
is_linear=0
shrinkage=0.03


Tree=65
num_leaves=127
num_cat=1
split_feature=0 12 13 21 8 13 12 0 25 0 30 23 22 28 25 25 8 20 25 25 6 8 0 0 0 25 30 20 23 31 25 31 27 25 12 21 0 27 23 22 0 22 26 23 0 25 0 30 0 0 20 25 25 25 27 24 0 0 0 25 0 20 25 31 27 27 31 31 31 23 23 0 0 0 27 0 30 32 25 25 25 0 12 27 3 25 27 21 0 28 23 22 26 29 0 25 22 0 12 26 25 0 25 25 25 6 27 8 0 0 25 25 12 20 21 25 30 27 23 0 0 29 27 31 23 26
split_gain=815.656 362.402 489.139 401.617 387.767 512.317 316.727 286.983 1205.16 285.507 259.027 217.757 280.062 212.418 198.259 221.409 285.821 216.069 193.305 164.507 160.632 157.929 156.203 147.109 311.093 912.063 140.302 139.918 138.113 171.886 159.005 150.932 287.483 142.531 135.09 131.978 130.17 120.348 119.487 131.881 174.527 186.524 117.73 327.946 129.793 116.074 112.834 110.962 109.68 108.241 104.048 97.6561 139.25 106.786 98.6223 97.231 89.8726 89.0423 251.747 94.7344 88.4591 86.8404 85.9932 85.8826 89.6151 110.066 98.1067 85.5685 123.603 184.744 207.197 102.931 97.9553 89.6018 85.4999 149.442 124.767 94.2166 86.0304 84.2419 113.814 128.834 83.9219 111.589 117.739 222.416 112.341 83.3015 94.9376 80.6167 103.564 97.4118 85.7153 83.6114 80.0266 170.86 139.791 408.177 180.043 84.0134 96.128 79.6287 78.693 78.1264 77.7472 76.5527 75.1999 74.1249 111.719 75.7997 80.3106 186.267 100.341 73.6672 73.1836 72.4173 72.0379 148.1 89.0459 77.2636 1052.51 413.024 147.85 93.0764 90.26 184.189
threshold=1715.0000000000002 -0.86548534035682667 27.500000000000004 0.090277068316936507 7.5000000000000009 37.500000000000007 -0.23537842929363248 1840.0000000000002 82.500000000000014 13030.000000000002 0.090846620500087752 0.10078860074281694 -0.068457558751106248 0.1469775587320328 7.5000000000000009 73.500000000000014 9.5000000000000018 75.500000000000014 50.500000000000007 35.500000000000007 1.0000000180025095e-35 11.500000000000002 1255.0000000000002 1560.0000000000002 1280.0000000000002 102.50000000000001 0.064753670245409026 67.500000000000014 0.0301526477560401 0.048018604516983039 51.500000000000007 0.046168554574251182 0.12240357697010042 16.500000000000004 -0.73284119367599476 0.13503363728523257 45.000000000000007 0.052256155759096153 0.11144557595252992 -0.16066887229681012 90.000000000000014 -0.48731076717376703 0.13882523775100711 0.12977331131696704 110.00000000000001 38.500000000000007 27950.000000000004 0.11417512968182565 1225.0000000000002 90.000000000000014 43.500000000000007 8.5000000000000018 15.500000000000002 14.500000000000002 0.052256155759096153 0.97950685024261486 90.000000000000014 1280.0000000000002 1410.0000000000002 31.500000000000004 180.00000000000003 105.50000000000001 69.500000000000014 0.049795795232057578 0.089248880743980422 0.08212983608245851 0.033771071583032615 0.051019754260778434 0.067500229924917235 0.056448934599757201 0.058227287605404861 325.00000000000006 225.00000000000003 71.500000000000014 0.051913643255829818 225.00000000000003 0.13536275923252108 0.16314425319433215 68.500000000000014 17.500000000000004 20.500000000000004 155.00000000000003 -0.9711191952228545 0.059393314644694335 0 57.500000000000007 0.053263295441865928 0.15616496652364734 1225.0000000000002 0.10057403892278673 0.10777157172560693 -0.24808008968830106 0.023513245396316055 0.040852611884474761 850.00000000000011 85.500000000000014 -0.06435342505574225 1225.0000000000002 0.50370931625366222 0.1609839275479317 55.500000000000007 1560.0000000000002 143.00000000000003 4.5000000000000009 16.500000000000004 1.0000000180025095e-35 0.053855204954743392 9.5000000000000018 475.00000000000006 850.00000000000011 73.500000000000014 64.500000000000014 0.43540433049201971 29.500000000000004 0.074539694935083403 10.500000000000002 0.13956462591886523 0.049178216606378562 0.12977331131696704 950.00000000000011 715.00000000000011 0.11490825563669206 0.08212983608245851 0.089630849659442915 0.058227287605404861 0.087825521826744093
decision_type=2 2 2 8 2 2 2 2 2 2 8 10 10 10 2 2 2 2 2 2 2 2 2 2 2 2 10 2 10 10 2 10 2 2 2 10 2 2 10 10 2 10 8 10 2 2 2 10 2 2 2 2 2 2 2 2 2 2 2 2 2 2 2 10 2 2 10 10 10 10 10 2 2 2 2 2 10 10 2 2 2 2 2 2 1 2 2 10 2 10 10 10 10 10 2 2 8 2 2 10 2 2 2 2 2 2 2 2 2 2 2 2 2 2 10 2 10 2 10 2 2 10 2 10 10 10
left_child=1 2 51 10 6 22 37 8 -2 -9 26 12 14 -14 -11 18 -17 -18 19 46 21 36 34 24 42 -26 38 113 30 31 56 89 49 -31 -6 -27 -7 -5 39 40 41 -3 87 44 62 -21 -16 -35 -42 -33 -22 -1 53 54 -53 -54 -12 61 -59 -60 79 -38 -44 64 65 -28 -67 72 71 -70 -71 73 -49 -69 78 76 -76 -77 -75 -23 81 -81 -57 84 -84 106 -87 104 -89 90 -30 92 -92 -91 95 99 97 98 -96 -46 -101 -85 -82 -29 -8 -105 -86 -63 115 -110 111 -111 -113 -4 -73 -109 119 -118 -119 120 124 -121 -123 -124 125 -106
right_child=7 3 27 4 5 20 23 9 -10 11 28 -13 13 -15 15 16 17 -19 -20 45 50 60 -24 -25 25 35 63 103 29 33 -32 32 -34 47 -36 -37 57 -39 -40 -41 48 -43 43 -45 94 -47 -48 67 -50 -51 -52 52 55 -55 -56 82 -58 58 59 -61 -62 107 -64 -65 -66 66 -68 68 69 70 -72 114 -74 74 75 77 -78 -79 -80 80 102 -83 83 101 85 86 -88 88 -90 93 91 -93 -94 -95 96 -97 -98 -99 -100 100 -102 -103 -104 105 116 -107 -108 108 109 110 -112 112 -114 -115 -116 -117 117 118 -120 121 -122 122 123 -125 -126 -127
leaf_value=0.0082297184503039803 0.021645244646880054 0.049913921883473031 -0.0099394981281691469 -0.012599537472734507 0.0031701733660795136 0.017864660432795061 0.0096146764463067493 -0.0039687025025450708 -0.11267126127344662 0.0086454567419631135 -0.012524170054441288 -0.062679378555841603 0.041292936957294746 -0.018084822139319251 -0.030582561866832829 0.019976654996543958 0.0033768562036447032 -0.049514950460113713 -0.061087008960106798 0.014798796469310545 -0.0046715514429400105 0.0076672651012548946 0.013352500346657895 0.0096918520508539694 0.023464562584953715 -0.094073153563908177 -0.0049673187627632997 0.022681795700778624 0.0031115902000489614 0.026763074849002266 -0.011420902566886744 0.036540251855264626 -0.033523659633427128 -0.0086972768449616739 0.00017329756905869783 -0.04641592019427139 -0.0029790998320347881 -0.0051402548363698756 0.0057928433182872375 0.0049960067092475738 -0.0024809268285774077 -0.0045900665894150735 -0.006247857267864307 -0.025531506292754781 -0.00072641825602161249 -0.024832986945796276 -0.067229096368678562 -0.011177375029204673 -0.019801093904815121 0.011716866612092702 -0.01681394338983111 -0.024103653464726236 -0.0047651586268783073 -0.020708444861647878 -0.0023809902986359249 0.00075454654707842145 0.010972748094359056 0.046566446389048548 -0.02271878159051775 0.0041406751576610066 0.00013310634157095815 0.0012642577506345256 -0.035752622558010948 0.002955837907721142 0.0071209466362679432 -7.120203834189021e-05 -0.026498369201881158 0.025092334202975033 0.038014852195405041 -0.04330101574880045 -0.0015749463022563667 0.0025840124248673333 -0.00055974422501645505 0.027813630278565381 0.014044471843870159 -0.0031535518434673043 -0.0026269837989932321 -0.024180746538456362 0.0033291814660007047 -0.047799494577571745 -0.0034931499721009272 -0.0059926988463297748 0.003218179525939239 -0.0044397369361210944 -0.0043442857948920227 -0.03632375204320331 -0.0091526812178516163 -0.0056724626318803359 -0.027477405220270156 -0.019385474386074665 -0.00018441037039523399 -0.0034954205973203789 0.015036989156088972 -3.247603021736094e-05 -0.021603094039254644 0.011779629212716259 0.00054836284808410798 0.0049326927681277513 -0.06550219456237312 0.036542672479853905 0.0057277770373217428 0.016331745102387142 0.015037360026973399 0.0021567648164375806 0.0042237712261971212 -0.01898624475808033 0.010640223837841427 -0.019696360890162197 0.0046317731091863991 -0.0022974510359688957 0.0018299286106881608 -0.013804770632367373 -0.048304734175085441 0.0063614792175727087 0.0086583814798018993 -0.0037605021254354014 0.010471173377216288 -0.01238482608120081 0.007047528893203486 -0.032578793292603464 -0.070928333323934806 -0.0044869599990747834 0.0027829546485873373 -0.0049358394605316137 -0.0038311775978960728 -0.011325041198934842
leaf_weight=973 118 116 254 2072 18224 284 458 1750 121 160 192 105 115 101 301 178 116 172 203 105 1744 631 924 950 167 104 8882 165 16679 184 1406 170 122 1165 52629 112 90552 32089 2805 2641 10249 109 262 440 4718 178 102 997 339 2147 999 214 5414 511 1506 21853 608 120 132 1060 44521 8477 134 1335 508 183 408 124 103 108 6170 3383 3614 151 494 355 2197 417 862 109 9225 168 5089 9822 815 251 302 617 253 219 411 429 1752 2316 355 1692 8696 629 110 101 860 168 210 27554 3321 154 477 262 2615 3299 3636 223 115 11892 3781 10738 353 2056 236 362 206 5073 9748 1642 19962 863
leaf_count=973 118 116 254 2072 18224 284 458 1750 121 160 192 105 115 101 301 178 116 172 203 105 1744 631 924 950 167 104 8882 165 16679 184 1406 170 122 1165 52629 112 90552 32089 2805 2641 10249 109 262 440 4718 178 102 997 339 2147 999 214 5414 511 1506 21853 608 120 132 1060 44521 8477 134 1335 508 183 408 124 103 108 6170 3383 3614 151 494 355 2197 417 862 109 9225 168 5089 9822 815 251 302 617 253 219 411 429 1752 2316 355 1692 8696 629 110 101 860 168 210 27554 3321 154 477 262 2615 3299 3636 223 115 11892 3781 10738 353 2056 236 362 206 5073 9748 1642 19962 863
internal_value=-0.000972076 -0.000869565 0.000890544 -0.00122933 -0.00166397 -0.00103744 -0.00325756 -0.0147726 -0.0465421 -0.0126428 0.000715173 -0.020904 -0.0183352 0.0135729 -0.0228905 -0.0266179 -0.00983977 -0.0282733 -0.0353918 -0.0277103 -0.00189559 -0.00178352 0.00110407 -0.00202017 -0.00219546 -0.0291162 -0.00162369 0.0033327 0.00199087 0.00232584 -0.00534842 0.00410933 0.0111856 0.000531887 0.000944154 -0.0696898 -0.00238672 -0.00559305 0.000161582 -0.00101281 -0.00248075 0.0236063 -0.00203172 2.00017e-05 0.000661772 -0.0101283 -0.0400013 0.000329007 -0.00303729 0.0135532 -0.00909832 -0.00117157 -0.00136879 -0.00867973 -0.00509613 -0.000999506 0.00532489 -0.00243431 0.00533602 0.00114976 -0.00044753 -0.00251937 -0.0162967 -0.00418857 -0.00514437 -0.00580279 -0.0183293 0.000791472 0.00171884 -0.00164294 -0.00229954 0.00354231 -0.00285744 4.02051e-05 -0.000659271 -0.00290194 0.000437557 -0.0145281 0.00700272 -0.00294663 -0.00363694 -0.0225565 -0.000473641 -0.00205948 0.000864423 -0.00562609 -0.0215286 -0.00284953 -0.0120377 0.00331738 0.00397894 0.00955682 0.012146 -0.00171138 0.00105402 0.0034148 -0.000723597 -0.0108254 -0.0321061 0.000920951 0.00900101 -0.00408883 -0.00307916 0.00216158 -0.00266874 0.00203857 0.00119187 -0.00110164 -0.00206181 0.000252297 -0.00132276 -0.00447422 -0.0256508 0.0060198 0.00579069 -0.00414182 -0.00279733 -0.00759582 -0.0103817 -0.00248892 -0.00356906 -0.000925443 -0.00022749 0.00166987 -0.00299148 0.0010147
internal_weight=518908 515083 87414 427669 349538 250897 98641 3825 239 3586 78131 1836 1731 216 1515 1355 466 288 889 686 179120 176377 71777 64480 63530 383 27575 40019 50556 48350 2206 24245 2439 24105 70853 216 121513 34161 16259 13454 10813 225 63147 17997 17557 283 403 23921 10588 2317 2743 47395 46422 2231 1720 44191 800 121229 1312 1192 54864 119917 396 11316 9981 9473 591 22756 18145 6381 6278 11764 4611 4600 4476 3463 2691 772 1013 10343 9712 277 38777 16924 6934 1845 553 45150 870 21806 19271 2592 2163 2535 17161 7371 9790 1094 465 5679 961 9990 9435 27873 44280 27708 1292 29365 20888 9888 7273 3637 338 12146 7164 11000 43822 2645 2292 41177 24352 16825 16463 11390 24146 4184
internal_count=518908 515083 87414 427669 349538 250897 98641 3825 239 3586 78131 1836 1731 216 1515 1355 466 288 889 686 179120 176377 71777 64480 63530 383 27575 40019 50556 48350 2206 24245 2439 24105 70853 216 121513 34161 16259 13454 10813 225 63147 17997 17557 283 403 23921 10588 2317 2743 47395 46422 2231 1720 44191 800 121229 1312 1192 54864 119917 396 11316 9981 9473 591 22756 18145 6381 6278 11764 4611 4600 4476 3463 2691 772 1013 10343 9712 277 38777 16924 6934 1845 553 45150 870 21806 19271 2592 2163 2535 17161 7371 9790 1094 465 5679 961 9990 9435 27873 44280 27708 1292 29365 20888 9888 7273 3637 338 12146 7164 11000 43822 2645 2292 41177 24352 16825 16463 11390 24146 4184
cat_boundaries=0 1
cat_threshold=2
is_linear=0
shrinkage=0.03


Tree=66
num_leaves=127
num_cat=36
split_feature=5 2 5 5 5 1 29 1 27 1 1 1 1 5 27 5 5 25 13 1 1 25 1 5 25 25 1 5 27 5 5 25 13 5 1 1 5 5 27 25 12 1 29 5 27 11 1 25 3 12 8 5 25 27 5 28 5 21 1 5 30 29 22 1 27 3 31 3 11 27 5 5 2 1 3 25 27 1 1 27 5 25 25 27 1 5 27 25 1 11 5 27 27 3 27 1 25 8 27 5 27 27 28 27 25 25 5 8 1 5 25 25 1 21 11 5 27 12 1 27 1 1 27 25 27 5
split_gain=714.816 695.14 1222.7 781.041 610.104 539.935 515.102 412.345 405.12 369.449 454.551 349.399 313.651 813.813 1377.66 719.383 631.049 577.397 935.353 641.133 1552.45 493.862 380.992 348.78 274.961 293.631 249.846 1380.93 496.561 588.869 358.63 321.785 245.81 242.516 239.195 1260.49 906.305 401.631 432.298 466.886 532.855 392.282 341.761 343.674 313.645 498.048 252.682 255.655 313.776 246.038 229.342 216.405 215.648 255.661 212.61 211.463 208.454 206.149 206.031 586.014 432.724 289.995 348.633 287.92 255.878 262.325 242.797 194.911 192.869 182.907 223.65 177.119 272.826 230.012 414.146 208.93 186.637 178.993 1596.23 205.723 179.154 176.656 302.785 176.221 175.133 490.17 344.842 176.863 195.218 214.156 174.296 180.939 210.508 173.52 252.276 384.361 365.711 171.924 235.219 211.505 186.295 168.526 168.193 166.449 323.194 166.269 209.985 301.754 171.652 241.917 264.641 252.992 207.52 217.343 165.893 164.92 422.52 273.383 169.413 164.795 161.68 438.425 304.748 161.552 175.163 349.856
threshold=0 1 2 3 4 9.7095470428466815 0.064788181334733977 7.3527534008026132 0.12835267186164859 7.4465231895446786 7.7717878818511972 7.1113042831420907 6.744683265686036 5 0.064750330522656455 6 7 102.50000000000001 13.500000000000002 6.1640367507934579 6.0527143478393564 78.500000000000014 6.8561301231384286 8 57.500000000000007 53.500000000000007 6.4229502677917489 9 0.064750330522656455 10 11 155.00000000000003 39.500000000000007 12 6.744683265686036 6.8561301231384286 13 14 0.08212983608245851 67.500000000000014 -0.88220417499542225 4.5047848224639901 0.11490825563669206 15 0.11368945986032487 -0.15101210027933118 7.1113042831420907 64.500000000000014 16 -0.099822327494621263 1.5000000000000002 17 107.50000000000001 0.095947422087192549 18 0.14512951672077182 19 0.1196713224053383 5.759707212448121 20 0.089831151068210616 0.12510562688112262 0.075262714177370085 4.5047848224639901 0.084925193339586272 21 0.075905904173851027 22 0.77244481444358837 0.092709075659513487 23 24 25 5.759707212448121 26 52.500000000000007 0.16352472454309466 6.8561301231384286 6.744683265686036 0.08212983608245851 27 5.5000000000000009 7.5000000000000009 0.1321084722876549 5.759707212448121 28 0.11874964460730554 49.000000000000007 6.4229502677917489 -0.35846811532974238 29 0.08212983608245851 0.098019190132617964 30 0.10038758814334871 7.1113042831420907 113.00000000000001 8.5000000000000018 0.095947422087192549 31 0.08212983608245851 0.089248880743980422 0.11909009516239168 0.095947422087192549 45.500000000000007 59.500000000000007 32 10.500000000000002 5.4143788814544687 33 67.500000000000014 64.500000000000014 5.0493419170379648 0.092159442603588118 0.21862474083900454 34 0.055219287052750594 0.49626980721950537 4.5047848224639901 0.051913643255829818 6.8561301231384286 6.4229502677917489 0.092709075659513487 95.000000000000014 0.10945477336645128 35
decision_type=9 9 9 9 9 2 10 2 2 2 2 2 2 9 2 9 9 2 2 2 2 2 2 9 2 2 2 9 2 9 9 2 2 9 2 2 9 9 2 2 2 2 8 9 2 2 2 2 1 2 2 9 2 2 9 10 9 10 2 9 10 10 10 2 2 1 10 1 2 2 9 9 9 2 1 2 2 2 2 2 9 2 2 2 2 9 2 2 2 2 9 2 2 1 2 2 2 2 2 9 2 2 8 2 2 2 9 2 2 9 2 2 2 8 2 9 2 2 2 2 2 2 2 2 2 9
left_child=5 4 3 6 83 7 8 24 11 33 -11 102 13 14 54 55 -15 18 -16 20 -19 -20 -17 -24 25 32 28 52 30 -30 -18 51 71 115 36 49 41 101 -39 40 44 -26 -41 -44 45 -40 47 -42 -49 -36 -8 -29 53 69 -6 97 -7 -57 60 -60 63 62 -61 -38 66 -66 105 -63 -58 70 -28 72 73 -1 -75 103 77 78 -73 -79 -81 -35 -83 -2 -34 86 87 120 89 -89 -43 -92 -93 94 95 96 -45 98 100 -100 -14 -37 -3 -74 -105 -65 107 -107 112 -110 111 -111 -108 -114 -54 116 117 -4 -118 -112 121 -86 -123 124 125 -99
right_child=1 2 9 -5 12 56 50 -9 -10 10 -12 -13 15 16 17 22 26 19 21 -21 -22 -23 23 -25 34 -27 27 31 29 -31 -32 -33 84 81 35 37 58 38 39 42 46 90 43 93 -46 -47 -48 48 -50 -51 -52 -53 114 -55 -56 57 68 -59 59 61 -62 67 -64 64 65 -67 -68 -69 -70 -71 -72 76 75 74 -76 -77 -78 79 -80 80 -82 82 -84 -85 85 -87 -88 88 -90 -91 91 92 -94 -95 -96 -97 -98 123 99 -101 -102 -103 -104 104 -106 106 108 -109 109 110 119 -113 113 -115 -116 -117 118 -119 -120 -121 -122 122 -124 -125 -126 -127
leaf_value=-0.0037437141019325249 0.0036102853895720404 -0.017496156856423476 -0.042399190518636311 -0.0047441973365030315 0.0038948604675004958 -0.060782101939364182 0.043066382695615815 0.0077948854093683358 -0.082480673050880429 -0.056741532082117137 -0.005730789472669081 -0.00093733708715910535 0.0032514643936169983 0.013776362439693617 -0.10553159056525481 0.02991755423439493 0.0059569355071276862 0.014483082317403091 -0.0083721528040871275 -0.0025612160905681999 -0.10574285663462973 -0.026508766064730176 0.0075471178355953229 0.001525903027754678 -0.016826221100848665 0.0040596710621200061 0.012707311278573268 0.00435835847942474 0.00068820753508997854 -0.018975298265636733 -0.00097162664234577332 -0.00044649810681612103 -0.0012427047793486187 -0.030076306474680643 -0.047067342934220331 0.017932851438254214 0.0048067460591569881 -0.014035030940545102 -0.080358572699645955 -0.030875700946669769 -0.00947716474366532 0.012920372134158885 -0.009611203811957493 -0.00085498350869848223 -0.078420455714930656 0.0016394818922136035 0.0040930188720598457 -0.064149999390257159 -0.017239948072832779 -0.10650966377819285 -0.015706777139090179 0.016556677162000467 -0.057006229851927076 -0.0091172482879100306 -0.0042849537688583617 -0.048094774671094749 -0.022874676312217394 -0.0074796913904050227 0.0015509999767009297 -0.0099413533879568021 0.0013640053787988228 -0.036346346345655187 0.0062716220377277889 0.0051798285998945802 -0.015409813693022825 -0.055913897804370623 -0.021883721890250094 -0.0040708872288465498 0.020552680813571783 0.013393698991379438 -0.005440225457873051 -0.002885517553104104 -0.0010627424169709734 0.0042057173205223893 0.026206896095620703 0.014610008432228268 -0.028487622374015073 0.012161209280166075 -0.093602007949534299 0.0073525241605288637 -0.0031812453648505474 0.036511851017291728 -0.00099420747852285219 0.012493591974620711 -0.016356763532125847 -0.0019802255831136376 0.022763069605758024 -0.02634478932777486 0.023319486859124463 0.0038003550366298342 0.0074645522902059601 -0.01250131035493781 0.0079270050353993805 0.0047294941956385547 0.00031375093361467912 -0.022516945738377928 -0.021645009224766622 -0.0048088501548035388 0.020353682323886593 -0.011083169821170432 -0.012989115894492772 0.0015005757185050854 -0.050341329888419668 -0.01557138442760027 0.0073241190933495256 -0.0062796353681408472 -0.01029486300873074 -0.020935282538243321 0.0049248681523284699 -0.016840111334586298 -0.0066874749088200111 -0.00038354365521083342 -0.022480613326389585 0.0046451265431984613 -0.015141350735788759 0.0021793129351476903 0.037925024776590252 0.0047984714655848661 0.012733069608530091 -0.024979855928235019 0.00073590998336323175 -0.089917269533714358 -0.034328215481465925 0.018650402349355052 -0.0055442510890087206 -0.036360200157275716
leaf_weight=2828 46403 199 196 49075 7783 112 112 3664 149 214 586 277 1149 3128 113 487 7786 202 2376 4112 184 3136 12145 30153 650 8775 753 1709 2661 2824 48829 1731 8453 185 171 812 1545 4735 100 392 1859 3240 5305 5496 160 196 840 187 408 101 126 5973 104 4298 4507 213 880 238 15587 5744 6141 521 1506 935 571 192 1063 249 102 873 3050 21484 12409 10506 830 666 243 1359 175 1938 5701 194 29518 2100 2656 7313 214 420 178 427 4876 1037 806 3770 12606 1158 883 649 684 261 1421 1818 487 1994 768 2786 1678 2316 987 1306 631 2357 288 3318 459 33660 280 251 1676 1496 328 112 428 157 1487 630
leaf_count=2828 46403 199 196 49075 7783 112 112 3664 149 214 586 277 1149 3128 113 487 7786 202 2376 4112 184 3136 12145 30153 650 8775 753 1709 2661 2824 48829 1731 8453 185 171 812 1545 4735 100 392 1859 3240 5305 5496 160 196 840 187 408 101 126 5973 104 4298 4507 213 880 238 15587 5744 6141 521 1506 935 571 192 1063 249 102 873 3050 21484 12409 10506 830 666 243 1359 175 1938 5701 194 29518 2100 2656 7313 214 420 178 427 4876 1037 806 3770 12606 1158 883 649 684 261 1421 1818 487 1994 768 2786 1678 2316 987 1306 631 2357 288 3318 459 33660 280 251 1676 1496 328 112 428 157 1487 630
internal_value=-0.000871149 9.0878e-07 -0.0018417 -0.00536721 0.00105544 -0.00229055 -0.0277933 -0.0021737 -0.0365665 0.000821625 -0.01943 -0.0293842 0.000143026 -0.00077449 -0.00585305 0.00211185 0.000578393 -0.0140504 -0.0204567 -0.00603615 -0.0429518 -0.0186937 0.00356038 0.00325705 -0.00236296 -0.00115408 6.72373e-05 0.00308239 -0.00085287 -0.00947067 -1.78045e-05 0.0112265 -0.00171597 0.00106766 -0.00342347 -0.00520036 -0.00224515 -0.00476955 -0.00555171 -0.0043489 -0.0143203 0.00573217 -0.00308561 -0.00271173 -0.0446804 -0.0262399 -0.0101052 -0.0149649 -0.032066 -0.069449 0.0120157 0.0138711 -0.00496269 -0.00383656 0.00089473 -0.00687882 -0.0232985 -0.0267255 -0.00389799 -0.00184089 -0.00565813 -0.00842389 -0.00657313 -0.00766672 -0.00863416 -0.025662 -0.0079548 -0.025928 -0.0181628 0.00101816 -0.00182548 -0.000758961 0.000882981 0.00390663 0.00581877 -0.00182209 -0.00235263 -0.00214532 -0.00362277 0.00141105 -0.000502775 -0.000930266 -0.000748097 0.00399433 -0.00455483 -0.00687296 -0.0143489 -0.0161309 -0.00515635 -0.0111611 0.0072118 0.0044317 -0.00356793 -0.00117626 -0.00228235 -0.00662393 -0.00373574 -0.00549526 -0.00102393 0.0117666 -0.00572981 0.00655394 -0.0408527 -0.00254556 -0.00920473 -0.00713551 -0.00780668 -0.0129099 -0.00563167 -0.00879621 -0.0111249 -0.00625394 -0.00158274 0.00247305 -0.0229622 0.00272347 0.0103011 -0.0159451 0.0163568 -0.0195589 -0.0193206 -0.0213786 -0.0460027 -0.01087 -0.0125517 -0.0206881
internal_weight=519739 321953 117185 50425 204768 197786 1350 196692 1112 66760 800 963 156265 106591 22413 49674 84178 10123 5625 4498 386 5512 42785 42298 193028 90205 81050 18950 62100 5485 56615 9413 81430 65960 102823 40997 61826 40725 38095 33360 3750 10609 29610 29218 456 296 3294 2454 595 272 238 7682 9537 8974 12290 6889 1094 451 51217 23607 27610 8020 7250 21469 19924 763 19161 770 982 4676 3803 60901 30001 14164 11336 15837 30900 30657 21659 8998 7639 29897 29712 48503 20529 12076 4763 4549 1025 847 9959 6719 1843 23913 20143 7537 6379 6438 3515 945 2570 2630 686 15171 2762 18098 17163 5102 12061 6777 5790 3663 5284 3606 563 36063 2403 447 1956 2127 3524 3196 540 2923 2766 1279
internal_count=519739 321953 117185 50425 204768 197786 1350 196692 1112 66760 800 963 156265 106591 22413 49674 84178 10123 5625 4498 386 5512 42785 42298 193028 90205 81050 18950 62100 5485 56615 9413 81430 65960 102823 40997 61826 40725 38095 33360 3750 10609 29610 29218 456 296 3294 2454 595 272 238 7682 9537 8974 12290 6889 1094 451 51217 23607 27610 8020 7250 21469 19924 763 19161 770 982 4676 3803 60901 30001 14164 11336 15837 30900 30657 21659 8998 7639 29897 29712 48503 20529 12076 4763 4549 1025 847 9959 6719 1843 23913 20143 7537 6379 6438 3515 945 2570 2630 686 15171 2762 18098 17163 5102 12061 6777 5790 3663 5284 3606 563 36063 2403 447 1956 2127 3524 3196 540 2923 2766 1279
cat_boundaries=0 2 3 5 6 8 9 11 12 14 16 18 20 22 24 26 28 29 31 32 34 36 37 38 40 42 43 44 46 47 49 50 51 53 54 56 58
cat_threshold=37340201 10581 6 3091341842 20992 268566528 138551318 514 562040832 2147745792 1152 2147745792 603979776 16384 335544512 1056 1140851264 4104 268435584 1056 92536896 42 1081344 4 2621440 1 1048576 16 2 0 4096 545259520 0 8192 0 2065 2 2 268435456 1024 36701216 10240 10 2 589824 64 2622465 0 4 2 2147483648 32 2048 540672 0 2 262144 128
is_linear=0
shrinkage=0.03


Tree=67
num_leaves=127
num_cat=49
split_feature=0 5 0 5 5 5 0 27 5 27 0 5 23 22 5 3 12 12 27 31 27 27 5 5 5 3 5 0 0 0 8 27 27 5 0 5 5 0 5 8 32 5 23 5 0 0 5 5 32 30 24 20 27 0 0 0 3 5 22 29 5 8 27 4 8 31 27 4 5 22 27 27 30 0 0 8 27 5 12 0 5 5 4 0 0 21 4 5 8 5 23 22 27 5 12 29 27 0 27 27 5 0 5 21 5 0 27 5 5 20 5 8 4 27 5 5 0 5 0 12 5 5 27 5 5 27
split_gain=799.619 698.498 425.061 978.881 971.838 553.104 1128.16 734.245 481.033 478.397 2053.86 505.246 435.554 517.693 419.942 356.479 477.746 329.776 326.14 592.6 325.176 319.962 499.21 315.936 311.295 308.306 308.258 307.761 292.075 290.99 265.35 254.913 254.117 234.092 233.936 616.52 282.299 265.702 640.338 231.6 222.748 210.374 245.586 207.89 206.818 923.589 561.73 549.537 277.553 199.846 199.087 191.625 201.177 188.756 187.188 476.984 245.62 187.156 187.043 179.676 257.906 178.502 254.272 177.184 174.043 231.821 173.333 437.823 183.67 384.156 239.409 464.168 172.812 172.107 168.797 179.736 167.98 166.053 353.408 219.821 715.247 311.465 165.998 226.563 186.023 164.888 164.123 158.962 155.91 154.819 285.609 200.165 315.856 181.007 267.616 152.941 152.073 151.687 203.784 150.946 506.646 653.834 336.741 144.482 144.479 142.832 152.13 143.319 141.643 141.217 138.571 136.806 135.967 172.195 155.526 130.227 567.452 1053.81 478.787 847.557 577.713 326.779 289.269 748.185 228.113 293.42
threshold=13030.000000000002 0 325.00000000000006 1 2 3 950.00000000000011 0.058846931904554374 4 0.086274277418851866 475.00000000000006 5 0.081555202603340163 -0.14645925909280774 6 7 -0.42958799004554743 0.74872833490371715 0.058846931904554374 0.072386119514703764 0.14952706545591357 0.064750330522656455 8 9 10 11 12 6250.0000000000009 225.00000000000003 1560.0000000000002 9.5000000000000018 0.053263295441865928 0.049178216606378562 13 1560.0000000000002 14 15 2375.0000000000005 16 6.5000000000000009 0.11828644946217538 17 0.1168753318488598 18 850.00000000000011 950.00000000000011 19 20 0.22759647667407992 0.19365485012531283 0.94296258687973034 39.500000000000007 0.11368945986032487 90.000000000000014 225.00000000000003 155.00000000000003 21 22 0.0031227533472701911 0.10938442125916482 23 6.5000000000000009 0.1575826704502106 24 6.5000000000000009 0.051425565034151084 0.08212983608245851 25 26 0.10964918136596681 0.051913643255829818 0.049178216606378562 0.16091169416904452 27950.000000000004 90.000000000000014 9.5000000000000018 0.059944719076156623 27 0.020426410250365738 155.00000000000003 28 29 30 90.000000000000014 90.000000000000014 0.11169846728444101 31 32 11.500000000000002 33 0.051437802612781532 -0.64485630393028248 0.053263295441865928 34 0.6174544394016267 0.056686626747250564 0.059393314644694335 90.000000000000014 0.05270845256745816 0.059944719076156623 35 950.00000000000011 36 0.15616496652364734 37 155.00000000000003 0.084925193339586272 38 39 31.500000000000004 40 1.5000000000000002 41 0.052256155759096153 42 43 950.00000000000011 44 850.00000000000011 0.86439019441604625 45 46 0.089248880743980422 47 48 0.092709075659513487
decision_type=2 9 2 9 9 9 2 2 9 2 2 9 8 10 9 1 2 2 2 8 2 2 9 9 9 1 9 2 2 2 2 2 2 9 2 9 9 2 9 2 8 9 8 9 2 2 9 9 10 8 2 2 2 2 2 2 1 9 10 10 9 2 2 9 2 8 2 9 9 10 2 2 10 2 2 2 2 9 2 2 9 9 9 2 2 10 9 9 2 9 8 10 2 9 2 10 2 2 2 2 9 2 9 10 9 2 2 9 9 2 9 2 9 2 9 9 2 9 2 2 9 9 2 9 9 2
left_child=1 30 3 23 8 6 7 25 -4 11 -11 44 13 -12 17 16 -9 61 19 32 -16 77 53 28 74 -6 -14 89 82 58 64 -27 33 -5 36 37 39 38 -36 41 -38 103 -43 -24 47 -46 -47 -7 66 -18 -42 -44 -53 -23 55 56 -45 96 -15 60 -13 62 -2 -56 65 -1 68 -68 69 70 71 -49 -25 -63 75 -21 112 78 -20 80 -79 -82 84 -84 -3 -48 -67 -61 108 90 -10 92 93 -92 -95 -74 -30 98 -88 102 101 -101 -91 -28 -55 107 -107 -106 -26 -41 -66 -50 113 -62 -115 116 117 -52 120 121 -119 -120 123 -122 -124 -126
right_child=14 2 4 18 5 9 -8 15 27 10 12 59 26 29 20 -17 49 -19 21 24 -22 22 43 72 88 31 34 -29 57 -31 -32 -33 -34 -35 35 -37 40 -39 -40 109 50 42 51 54 45 46 85 48 111 -51 115 52 -54 104 63 -57 -58 -59 -60 87 76 73 -64 -65 110 86 67 -69 -70 -71 -72 -73 95 -75 -76 -77 -78 79 -80 -81 81 -83 83 -85 -86 -87 97 -89 -90 99 91 -93 -94 94 -96 -97 -98 -99 -100 100 -102 -103 -104 -105 105 106 -108 -109 -110 -111 -112 -113 -114 114 -116 -117 -118 118 119 -121 122 -123 124 -125 125 -127
leaf_value=0.0063872853498801061 -0.062043314975240946 0.029613656101168402 0.03785917681682844 -0.016328341303449262 -0.0053827476079691544 0.012811975102743801 0.018952159424475933 -0.071495772165911534 -0.020943976525715953 -0.088054951215645216 -0.066137396855573904 0.0081744296140262001 0.021284692697691291 -0.017748806902731791 -0.024044082680388757 -0.0022600162310547306 -0.058520900046124175 0.00015853838283260156 -3.4722973777140239e-05 0.015523565157259389 0.0085318473963355967 0.011182818372509255 -0.0083301678034613229 -0.0012881192373738553 -0.020165420736917569 -0.062101327583102363 -0.0043478422220522154 -0.049179516792297359 -0.00027581572363737458 0.0023365147355745553 -0.00031358640640971554 -0.011077254217600488 -0.0041179537726922233 0.0082320876308580905 -0.088896302635291843 0.01030054843043751 -0.042825854948516623 -0.00099374728063751638 -0.0092436872060016641 -0.036405762873933108 -0.0069207243338978682 0.013184715503182247 0.016637766065254606 -0.048506758300697103 -0.086091387763299276 -0.010414405068683071 0.0090475487800121997 -0.00032660852421483976 -0.028815015954474391 -0.023523158242982851 0.015097648471471856 -0.01638113996394933 -0.045575600892669807 -0.0093770634667651558 -0.02773092426196502 -0.050610204025937536 -0.0037905654581075199 0.0097395431080774964 -0.065057524716531909 -0.0036937048539619848 -0.0045143064476729691 -0.040676151845190259 -0.0010139142861939909 0.0024889537007320882 0.0097839422010408805 -0.026018568302772889 -0.037492929244196255 0.016683147169489349 -0.00039183577666743923 0.012630529721005647 -0.0053099132701285691 -0.036136681583672441 0.024048128382490354 -0.084318542577499572 -0.0063831024831641804 -0.014185255457258482 -0.0011604540787133221 -0.047318982548937696 -0.01990383822293916 0.0069814083368207394 -0.0056134476676011538 0.029145214731793805 -0.0084771687210770316 0.0097293872508668784 -0.0083465223343737391 -0.009232566467437529 -0.040191441107454012 0.0019714188304433278 -0.0067328527255117298 0.017817133420598465 -0.017236354750763367 0.015700238219685834 0.0058233837391830877 -0.016399679723679773 0.017621622081845999 0.003559503953523638 -0.037345615890691013 0.00090842072425220504 0.0043465855941579642 -0.085353944032964563 0.001004028390105808 -0.0015097760569826675 0.0026800247797337971 -0.027659126545786856 -0.0046738925295119046 8.8376433420139441e-05 -0.014778146370127015 0.015918329169977818 -0.012009219775665304 -0.0029185322441943151 0.0012765058766303833 -0.0081631421368305954 0.0069948170406177726 0.0050891820388740744 -0.021820978836715219 -3.3519355391501955e-05 -0.0010060991926995654 0.011842845451877313 0.0078648180083504739 -0.11563717508845239 -0.09478808864951134 -0.040534940194665338 -0.0027540102540555677 -0.017480728561895302 -0.00066572281964389333 -0.021285052284298132
leaf_weight=8336 114 121 330 388 4172 2421 1074 279 380 250 189 8529 498 237 584 345 169 156 6969 658 521 1029 4435 55514 2427 162 5613 104 611 536 14599 193 13076 2854 125 3480 117 398 301 113 5958 262 145 135 127 5691 2420 614 462 1113 1344 2851 229 2002 273 483 592 6613 110 6683 2914 161 132 481 7663 223 153 1048 22371 945 6797 693 398 171 7709 253 8960 291 910 5160 764 321 899 1943 2450 543 191 13333 3907 1465 878 1521 13588 379 459 1843 118 7749 178 141 49016 204 12876 249 470 3239 765 844 10373 19748 2241 770 7320 6261 189 43816 53002 839 199 106 129 331 1635 668 811 2653
leaf_count=8336 114 121 330 388 4172 2421 1074 279 380 250 189 8529 498 237 584 345 169 156 6969 658 521 1029 4435 55514 2427 162 5613 104 611 536 14599 193 13076 2854 125 3480 117 398 301 113 5958 262 145 135 127 5691 2420 614 462 1113 1344 2851 229 2002 273 483 592 6613 110 6683 2914 161 132 481 7663 223 153 1048 22371 945 6797 693 398 171 7709 253 8960 291 910 5160 764 321 899 1943 2450 543 191 13333 3907 1465 878 1521 13588 379 459 1843 118 7749 178 141 49016 204 12876 249 470 3239 765 844 10373 19748 2241 770 7320 6261 189 43816 53002 839 199 106 129 331 1635 668 811 2653
internal_value=-0.000883047 -0.000812858 -0.00113691 -0.00251677 -0.000554914 -0.0014698 -0.0094858 -0.0142505 0.00229838 -0.00122495 -0.00231183 0.00038418 -0.0021651 -0.0212088 -0.0206247 -0.0298658 -0.0359617 -0.0380366 -0.00500795 -0.00671244 -0.00861305 -0.0025755 -0.00568201 -1.43105e-05 -0.00958488 -0.00767087 -0.00202476 0.0021484 0.00425676 -0.0115282 0.00293517 -0.0344705 -0.00225385 0.00526362 -0.00210622 0.00478253 -0.00231695 -0.0184077 -0.0350677 -0.00494222 -0.00162924 -0.00883725 -0.0146669 -0.0119773 -0.00196309 -0.0060944 -0.00491061 -0.000963413 -0.00195212 -0.0281788 -0.00158577 -0.0169784 -0.0185659 -0.000840839 -0.0201208 -0.027531 -0.0121493 0.00815767 -0.0328897 0.00233573 0.00365821 -0.0489847 -0.0294325 -0.00847496 0.00472052 0.00284951 -0.00142454 0.009756 -0.0018522 -0.00545563 -0.00757267 -0.019327 -0.000958194 -0.0633403 -0.00493416 0.00726642 0.00215187 0.000602947 -0.00232882 0.00413418 -0.0065102 0.0048593 -0.00102696 0.00396921 -0.00654917 0.0056764 -0.00068648 7.89805e-05 -0.0119739 0.00221525 0.00473984 0.00532394 0.00429173 -0.00783288 0.00220738 0.00720737 -0.00623369 1.25068e-05 -0.0187533 0.00153235 0.000745406 -0.0349151 0.00424178 -0.00533349 -0.0025335 6.16079e-05 -0.00275499 0.00864033 -0.0135823 -0.00311088 0.00787044 -0.0159247 0.00393198 0.00153721 0.00427145 -0.00128452 -0.00217229 -0.00926626 -0.013712 -0.0385942 -0.0113773 -0.0229969 -0.0146782 -0.0315034 -0.0120714 -0.0164118
internal_weight=519371 517532 476352 141318 335034 253693 7507 6433 81341 246186 146942 99244 146692 1072 1839 1906 1561 734 70808 41645 1105 29163 14748 70510 25327 4527 145620 81011 12755 883 41180 355 16318 3242 145122 4304 140818 824 426 29210 111608 9349 3487 6399 45055 8781 8654 36274 33853 1282 111491 3225 3080 8349 1964 1210 727 7342 347 54189 34173 578 246 754 26581 16677 32621 1201 31420 9049 8104 1307 57755 332 8620 911 25644 14415 7879 6536 1376 1085 5413 2842 2571 2963 8341 20016 16707 80907 17205 16825 15304 1716 838 2241 729 8118 369 63702 49361 345 14341 5862 7320 5318 4004 1314 12800 19861 9904 1232 16684 9364 6450 105533 61717 8715 7371 636 6735 530 5896 797 5099 3464
internal_count=519371 517532 476352 141318 335034 253693 7507 6433 81341 246186 146942 99244 146692 1072 1839 1906 1561 734 70808 41645 1105 29163 14748 70510 25327 4527 145620 81011 12755 883 41180 355 16318 3242 145122 4304 140818 824 426 29210 111608 9349 3487 6399 45055 8781 8654 36274 33853 1282 111491 3225 3080 8349 1964 1210 727 7342 347 54189 34173 578 246 754 26581 16677 32621 1201 31420 9049 8104 1307 57755 332 8620 911 25644 14415 7879 6536 1376 1085 5413 2842 2571 2963 8341 20016 16707 80907 17205 16825 15304 1716 838 2241 729 8118 369 63702 49361 345 14341 5862 7320 5318 4004 1314 12800 19861 9904 1232 16684 9364 6450 105533 61717 8715 7371 636 6735 530 5896 797 5099 3464
cat_boundaries=0 2 4 6 7 8 10 12 13 15 17 18 19 20 21 23 24 25 26 28 30 32 33 34 36 37 38 40 42 44 45 46 47 49 50 51 52 53 54 56 57 59 60 62 64 65 67 68 70 72
cat_threshold=268697684 10 1151899777 18400 188819114 1041 524289 32 69224448 6596 269484034 8192 2 33621514 2049 67665921 96 4343336 2 2048 16786432 545259520 512 1142079488 8388608 1074806784 4202528 16 0 6276 0 4 2 1 2684387328 8192 4 2 16384 192 21038114 2049 147456 16 33554944 1 2 2148564992 8704 4194826 512 1024 9216 520 1024 1 33562626 262148 10 1 0 16896 2686451712 8772 2147483648 0 68 536870912 0 8704 0 8704
is_linear=0
shrinkage=0.03


Tree=68
num_leaves=127
num_cat=26
split_feature=0 5 0 0 5 5 25 0 0 0 0 5 5 0 25 13 0 13 5 12 25 5 25 0 0 0 5 5 5 0 25 25 13 5 5 0 5 0 0 25 13 5 25 25 5 25 26 0 25 5 5 0 0 4 23 12 29 0 0 25 24 20 11 5 25 23 25 21 0 25 25 11 12 0 25 22 25 25 0 5 26 20 11 5 25 0 12 11 29 5 0 20 0 31 13 25 5 21 12 11 13 25 0 0 25 5 25 25 25 9 5 0 0 5 0 25 21 25 0 11 0 0 25 25 25 25
split_gain=792.739 693.581 455.982 425.986 424.572 382.167 281.677 845.786 243.593 1613.16 912.011 502.72 497.943 448.308 417.846 472.029 321.711 287.957 286.923 363.661 310.451 216.868 215.519 339.711 607.476 745.915 411.633 390.374 352.076 507.549 329.5 279.357 278.947 272.373 240.489 734.392 783.33 297.025 280.44 374.504 255.073 234.465 410.699 230.203 213.997 203.329 201.021 216.265 200.382 236.731 230.964 276.488 1370.61 593.09 520.681 350.304 274.349 241.93 254.942 388.463 234.639 228.828 196.011 197.904 189.86 246.055 233.052 184.858 179.626 176.712 644.025 245.218 217.309 176.65 255.255 175.964 175.618 174.3 312.653 215.832 170.489 168.711 168.45 166.679 188.712 480.287 306.091 163.219 464.473 215.921 226.278 157.061 539.668 153.105 151.245 160.426 397.034 409.08 167.281 168.063 148.939 148.439 147.414 181.966 257.558 236.276 171.73 281.047 159.327 147.265 144.204 498.439 826.001 480.544 332.661 578.47 285.372 225.562 353.485 465.775 312.951 218.177 219.187 201.594 287.99 196.259
threshold=13030.000000000002 0 1560.0000000000002 1715.0000000000002 1 2 73.500000000000014 2375.0000000000005 615.00000000000011 425.00000000000006 475.00000000000006 3 4 950.00000000000011 42.500000000000007 15.500000000000002 550.00000000000011 35.500000000000007 5 -0.87397405505180348 32.500000000000007 6 19.500000000000004 325.00000000000006 950.00000000000011 850.00000000000011 7 8 9 155.00000000000003 16.500000000000004 14.500000000000002 39.500000000000007 10 11 155.00000000000003 12 1225.0000000000002 90.000000000000014 33.500000000000007 40.500000000000007 13 64.500000000000014 37.500000000000007 14 77.500000000000014 0.17269647866487506 225.00000000000003 55.500000000000007 15 16 850.00000000000011 950.00000000000011 17 0.081555202603340163 -0.048362832516431802 0.09549861773848535 225.00000000000003 155.00000000000003 66.500000000000014 0.96395656466484081 86.500000000000014 -0.57780906558036793 18 59.500000000000007 0.058227287605404861 81.500000000000014 0.062427528202533729 6250.0000000000009 14.500000000000002 17.500000000000004 -0.69057363271713246 -0.42958799004554743 110.00000000000001 72.500000000000014 -0.096882462501525865 3.5000000000000004 67.500000000000014 90.000000000000014 19 0.10159557685256006 81.500000000000014 0.72695311903953563 20 58.500000000000007 1225.0000000000002 -0.92921787500381459 0.039769539609551437 0.0429714322090149 21 90.000000000000014 31.500000000000004 615.00000000000011 0.070351395756006255 46.500000000000007 89.500000000000014 22 0.091295003890991225 -0.11692317575216292 0.022575936280190948 33.500000000000007 52.500000000000007 325.00000000000006 225.00000000000003 68.500000000000014 23 89.500000000000014 77.500000000000014 65.500000000000014 5.5000000000000009 24 950.00000000000011 615.00000000000011 25 950.00000000000011 64.500000000000014 0.1000989116728306 26.500000000000004 615.00000000000011 0.24372619390487674 325.00000000000006 225.00000000000003 53.500000000000007 103.50000000000001 68.500000000000014 61.500000000000007
decision_type=2 9 2 2 9 9 2 2 2 2 2 9 9 2 2 2 2 2 9 2 2 9 2 2 2 2 9 9 9 2 2 2 2 9 9 2 9 2 2 2 2 9 2 2 9 2 10 2 2 9 9 2 2 9 8 2 8 2 2 2 2 2 2 9 2 8 2 10 2 2 2 2 2 2 2 10 2 2 2 9 10 2 2 9 2 2 2 2 10 9 2 2 2 10 2 2 9 10 2 2 2 2 2 2 2 9 2 2 2 2 9 2 2 9 2 2 10 2 2 2 2 2 2 2 2 2
left_child=1 3 22 5 94 76 -5 -8 9 12 17 13 -7 44 15 -15 -12 -11 20 73 -14 -4 23 28 25 27 30 69 -3 31 -26 -30 -27 -31 35 36 40 110 -38 -40 43 -39 82 -24 -10 -45 -21 -48 49 101 51 53 55 -50 80 -53 75 58 64 61 -56 -60 -61 -64 -52 -66 77 -29 -9 -25 72 -72 -71 74 -20 -55 -1 78 -67 -80 -54 -74 -43 -62 85 -85 -87 -22 89 -89 -91 92 -59 -90 95 96 -2 98 99 -98 -16 -36 103 104 -58 106 107 108 -105 -13 114 112 123 -114 117 -116 -117 118 -37 -120 121 -119 -123 124 -112 -124
right_child=4 2 21 6 -6 8 7 68 11 10 16 109 18 14 100 -17 -18 -19 19 46 87 -23 34 24 26 32 -28 67 29 33 -32 -33 -34 -35 48 37 38 41 39 -41 -42 42 -44 45 -46 -47 47 -49 50 -51 57 52 54 56 60 -57 102 91 59 62 83 -63 63 -65 65 66 -68 -69 -70 70 71 -73 81 -75 -76 -77 -78 -79 79 -81 -82 -83 -84 84 -86 86 -88 88 93 90 -92 -93 -94 -95 -96 -97 97 -99 -100 -101 -102 -103 -104 105 -106 -107 -108 -109 -110 -111 111 -113 113 -115 115 116 -118 120 119 -121 -122 122 125 -125 -126 -127
leaf_value=0.029319866322912273 0.015103454101085663 0.0040755312444472613 0.011605841223876716 -0.00072093568187029864 -0.0023082739245384098 0.010177781524348178 -0.10277446025802243 -0.001839525344695679 0.0058443692535461184 -0.1161763961391246 0.023154021462620196 0.00075766157116053919 -0.022987043225175745 -0.074182009871039428 0.0080060596045970645 -0.0086952906969327212 -0.037116447356978652 -0.058295951878631506 -0.0037905889729999004 -0.0011286585738593746 -0.0010953995021157716 -0.0026317827429460329 -0.053612434174267844 -0.0091257650613107213 0.0080515224975768965 -0.1002321151173341 0.0065412175937741299 -0.002673615914043876 0.027194117837070677 -0.0047400282654889471 -0.031022761175247153 -0.001583913590722241 -0.038548696908631365 -0.021028735765854008 0.00070299548977729596 0.0042129455928736166 -0.026658716560154963 0.0028933353500739073 0.0079120772400370042 -0.019762050068440441 -0.0636884651184082 -0.019343718399026488 -0.0037692099486110651 0.018252516519814597 0.015655897751301124 -0.032874990583206559 0.022604574634039479 0.0028186707596680525 0.011973272070053016 -0.0022728747101180558 0.028840923845015579 -0.044610823699504649 -0.026052378287254752 -0.0037687478041728692 -0.0086308758560125938 -0.11548156312196561 -0.0048689382535241493 0.010220255858889998 0.0067391723544396294 -0.046919893823843824 0.0055360889622657564 -0.01444971599726289 0.0010470726818604459 -0.022503544185004727 0.0055331779015250502 -0.0025343262153438516 -0.050851767176673522 -0.043545882500296174 -0.047610931419631804 -0.069201183002045807 -0.046088407585419801 -0.0066769119191846188 -0.01000975860426059 0.0072421449410680558 0.032845294733959265 0.012437137744412134 0.0042925728980143692 0.0068092711247335807 -0.017716421653359616 -0.058543151563266289 -0.07224642023018428 -0.04935543829864926 -0.059841879651095102 0.002922635724126185 -0.0020437201723552401 -0.082842749893118475 -0.024447416812648594 -0.018511331281001728 0.0016962839274490469 0.017167966549652476 -0.0090554145333840291 -0.0036543458637987645 -0.078538522381231046 -0.010576724414600846 -0.00638398375201585 -0.062072417649062905 -0.056782710461512856 0.012316735982894896 -0.085689068155156242 -0.015785247508217307 -0.00072046303256609041 0.0081095002759343695 -0.00012721263877570792 -0.01395104867434885 0.0095640316796394963 0.0020371772973671884 0.0059670235634620662 -0.022418305860332978 -0.0019873048951838438 -0.0026645803994496172 0.0057673379444522716 0.0065155850935016508 0.00074956436221755736 -0.013477902482902584 -0.0025826614316045121 -0.034617970380258899 -0.0011778503018209621 0.007715629379055124 0.0026568481262962697 -0.077064628488575385 0.005376272489572332 -0.015656280251612385 0.012225651029244453 0.016489500268408931 -0.0014653606044780229 -0.0059914692220580908
leaf_weight=255 139 5245 3301 396 724 3744 123 308 3875 140 133 79319 697 106 3966 1342 196 181 2645 63838 20708 1358 186 780 296 111 2556 2355 482 1932 562 817 166 1797 13247 327 486 4164 1328 657 289 933 13147 123 4226 160 607 2730 3289 37478 155 172 235 874 5561 100 3492 145 939 247 2489 895 387 2088 1247 887 125 103 102 281 165 990 155 8445 182 1941 17814 487 431 169 104 269 102 554 21332 108 318 2309 6204 320 3836 34286 106 1072 173 184 275 106 107 135 3164 2983 12486 1888 1632 1807 532 1616 2134 13199 10508 14465 3525 5429 5995 855 314 1237 117 150 9788 1546 694 951 9374 2272
leaf_count=255 139 5245 3301 396 724 3744 123 308 3875 140 133 79319 697 106 3966 1342 196 181 2645 63838 20708 1358 186 780 296 111 2556 2355 482 1932 562 817 166 1797 13247 327 486 4164 1328 657 289 933 13147 123 4226 160 607 2730 3289 37478 155 172 235 874 5561 100 3492 145 939 247 2489 895 387 2088 1247 887 125 103 102 281 165 990 155 8445 182 1941 17814 487 431 169 104 269 102 554 21332 108 318 2309 6204 320 3836 34286 106 1072 173 184 275 106 107 135 3164 2983 12486 1888 1632 1807 532 1616 2134 13199 10508 14465 3525 5429 5995 855 314 1237 117 150 9788 1546 694 951 9374 2272
internal_value=-0.000853243 -0.000783343 -0.00182803 0.000370161 -0.0204884 0.00044702 -0.0198953 -0.0341131 0.000112923 -0.000832115 -0.0479263 0.00113404 -0.000570825 0.00592629 0.00114985 -0.0135371 -0.0127555 -0.0838222 -0.000925998 8.3317e-05 -0.00317814 0.00747546 -0.00199038 -0.00506433 -0.00939381 -0.0156786 0.000502721 -0.0130662 -0.00135972 -0.00702336 -0.017347 0.00910701 -0.0635382 -0.0126622 -0.00175417 -0.000506467 -0.0145498 2.15716e-05 -0.00623331 -0.00125291 -0.0409945 -0.00336342 -0.00519892 -0.0277768 0.0109905 -0.0106675 -0.00075341 0.00642342 -0.00245348 -0.000962516 -0.00321447 -0.0020547 -0.00407069 -8.49781e-05 -0.00347548 -0.0709938 -0.00148172 -0.00491898 -0.00960104 -0.0142784 -0.00306195 -0.00360334 -0.0214669 -0.0189088 -0.00351191 -0.00501879 -0.0112873 -0.0043855 -0.0133147 -0.0210475 -0.0261525 -0.0123421 -0.0487284 0.00506945 -0.00142122 0.00740599 0.0046448 -0.00875746 -0.0138568 -0.0305631 -0.0403948 -0.0350294 -0.0233888 -0.00181296 -0.00263429 -0.015501 -0.0394112 -0.00277762 -0.0053125 -0.0111632 -0.00701577 -0.0038279 -0.0274264 -0.000113149 -0.0319328 -0.0369305 -0.0307861 -0.0406236 -0.0522649 -0.0433548 0.00413403 0.00206342 -0.00245976 -0.00468264 -0.000271051 -0.00751602 -0.0103003 -0.0118544 -0.00760538 0.000269378 0.000940983 0.00194642 -0.000271926 -0.00789161 -0.000969399 -0.00634887 -0.0256444 0.00141934 -0.0167082 -0.0422509 0.00211341 -0.00344176 -0.00650167 0.00300323 0.00235735 -0.00172625
internal_weight=519834 517991 271809 246182 1843 245253 929 533 227184 117987 650 109197 117337 16679 8578 1448 329 321 113593 78447 35146 4659 267150 19062 8789 5375 3414 5098 10273 5028 858 1299 277 3729 248088 89122 3229 85893 2471 1985 758 18346 14182 469 8101 283 67175 3337 158966 53708 105258 62664 30973 31691 30701 272 28402 42594 8057 4556 30362 1834 2722 2475 3501 3346 2099 2458 410 2640 1860 1155 705 11272 2827 2815 18069 1974 1487 600 339 424 1035 24801 22312 980 426 34449 13741 6465 4156 34537 251 7276 1119 946 762 623 517 410 7130 16230 25587 13101 5124 7977 6170 5638 4022 92518 67547 44252 29787 8954 23295 7164 1169 16131 594 267 15537 5749 4512 20833 19882 2966
internal_count=519834 517991 271809 246182 1843 245253 929 533 227184 117987 650 109197 117337 16679 8578 1448 329 321 113593 78447 35146 4659 267150 19062 8789 5375 3414 5098 10273 5028 858 1299 277 3729 248088 89122 3229 85893 2471 1985 758 18346 14182 469 8101 283 67175 3337 158966 53708 105258 62664 30973 31691 30701 272 28402 42594 8057 4556 30362 1834 2722 2475 3501 3346 2099 2458 410 2640 1860 1155 705 11272 2827 2815 18069 1974 1487 600 339 424 1035 24801 22312 980 426 34449 13741 6465 4156 34537 251 7276 1119 946 762 623 517 410 7130 16230 25587 13101 5124 7977 6170 5638 4022 92518 67547 44252 29787 8954 23295 7164 1169 16131 594 267 15537 5749 4512 20833 19882 2966
cat_boundaries=0 2 4 6 8 10 12 14 15 16 17 18 20 22 24 25 27 29 30 31 32 34 35 37 39 41 43
cat_threshold=2613328598 17578 303038466 8196 20 2 2562 128 2416181248 32 16777730 128 1589248 4100 1073872904 655361 1074397185 1032 1677919232 8784 131072 512 0 8272 2 1048608 2048 2129920 4101 4 16384 32 2097152 1 2 33554432 4 2097152 1 65536 8208 1073872896 512
is_linear=0
shrinkage=0.03


Tree=69
num_leaves=127
num_cat=45
split_feature=0 5 5 11 13 5 5 5 27 5 0 12 5 5 0 0 26 12 0 27 27 11 5 12 28 27 5 5 5 0 5 27 5 23 30 5 2 5 5 0 0 5 12 27 0 0 27 27 11 5 27 4 0 27 26 31 0 31 20 11 27 5 0 0 27 5 5 5 0 27 27 4 22 5 27 5 0 5 24 26 5 27 5 27 12 20 2 5 0 0 5 5 27 11 5 12 5 0 0 0 5 27 11 0 27 12 0 27 5 31 0 5 5 27 5 0 5 23 21 2 27 20 0 31 32 5
split_gain=724.061 664.433 367.533 270.12 599.327 515.833 295.087 270.605 271.315 461.936 266.639 252.469 238.055 233.563 228.475 221.734 237.72 209.699 208.297 241.495 203.855 202.678 201.667 200.767 198.949 203.264 457.452 290.684 190.825 182.871 181.181 172.531 268.71 171.979 163.206 190.69 377.868 161.675 158.203 264.461 504.469 233.441 186.354 156.977 283.882 1110.92 990.253 258.203 279.509 356.618 217.803 155.198 154.803 162.652 218.961 200.25 159.192 158.349 147.269 336.308 143.744 194.434 149.542 232.102 573.243 418.873 206.973 189.681 318.807 144.719 191.969 654.812 143.725 143.717 143.424 194.098 377.194 146.492 142.513 139.293 168.802 401.325 409.311 292.662 170.929 163.151 160.773 280.854 584.637 896.39 271.1 237.132 295.169 165.665 154.49 147.538 139.479 138.967 137.789 962.209 634.726 504.436 282.123 184.722 137.185 570.738 167.245 134.338 133.697 161.046 131.103 440.017 309.046 306.237 196.117 139.417 129.919 161.27 128.718 127.985 127.723 126.519 172.607 123.829 123.824 123.776
threshold=13030.000000000002 0 1 0.40614137053489691 36.500000000000007 2 3 4 0.086274277418851866 5 61.500000000000007 0.054805127903819091 6 7 1280.0000000000002 950.00000000000011 0.094412826001644148 0.73136293888092052 1940.0000000000002 0.10038758814334871 0.08212983608245851 0.77244481444358837 8 -0.87397405505180348 0.11512083932757379 0.058846931904554374 9 10 11 325.00000000000006 12 0.10038758814334871 13 0.086187265813350691 0.14990561455488208 14 15 16 17 950.00000000000011 325.00000000000006 18 0.089118976145982756 0.061421869322657592 950.00000000000011 715.00000000000011 0.089248880743980422 0.095947422087192549 -0.76694339513778675 19 0.092709075659513487 20 90.000000000000014 0.08212983608245851 0.0042278021574020394 0.08413130417466165 1280.0000000000002 0.033972213044762618 78.500000000000014 -0.30983471870422358 0.064750330522656455 21 55.000000000000007 615.00000000000011 0.092709075659513487 22 23 24 950.00000000000011 0.1045757830142975 0.098019190132617964 25 -0.43416166305541987 26 0.055219287052750594 27 325.00000000000006 28 1.0264130234718325 0.11798419058322908 29 0.10945477336645128 30 0.12240357697010042 -0.75581181049346913 68.500000000000014 31 32 475.00000000000006 425.00000000000006 33 34 0.055219287052750594 0.12545942142605784 35 -0.90161547064781178 36 155.00000000000003 1100.0000000000002 1225.0000000000002 37 0.14242830872535708 -0.48314717411994929 325.00000000000006 0.055219287052750594 0.020426410250365738 90.000000000000014 0.13790328800678256 38 0.075905904173851027 715.00000000000011 39 40 0.10945477336645128 41 155.00000000000003 42 0.10746030509471895 0.12880711257457736 43 0.05270845256745816 93.500000000000014 27950.000000000004 0.050722325220704086 0.16935087740421298 44
decision_type=2 9 9 2 2 9 9 9 2 9 2 2 9 9 2 2 10 2 2 2 2 2 9 2 8 2 9 9 9 2 9 2 9 10 10 9 9 9 9 2 2 9 2 2 2 2 2 2 2 9 2 9 2 2 8 10 2 10 2 2 2 9 2 2 2 9 9 9 2 2 2 9 8 9 2 9 2 9 2 8 9 2 9 2 2 2 9 9 2 2 9 9 2 2 9 2 9 2 2 2 9 2 2 2 2 2 2 2 9 10 2 9 9 2 9 2 9 8 8 9 2 2 2 10 10 9
left_child=1 12 17 4 6 60 14 34 10 33 120 30 20 -12 -3 16 29 21 19 23 104 121 -21 28 -25 26 -26 -27 -14 108 -4 32 -11 123 35 36 -5 -31 39 40 41 -7 -43 -29 45 47 -47 50 49 -49 -45 -50 -37 57 -55 73 -57 116 -13 -60 61 -6 66 64 65 -64 -62 68 -65 70 -70 -72 -33 -56 75 76 -63 97 -20 -8 81 84 -83 -84 119 -86 90 88 89 91 94 92 -88 -93 -82 -90 -89 -76 103 -100 101 102 -101 -40 105 -1 -106 -61 109 -15 111 -98 113 -112 115 -113 117 -54 124 -81 -9 122 -2 -10 -17 -102
right_child=2 3 11 7 5 38 79 8 9 31 13 58 18 15 -16 118 -18 -19 78 22 -22 -23 -24 24 25 27 -28 43 -30 37 -32 72 -34 -35 -36 52 -38 -39 98 -41 -42 42 -44 44 -46 46 -48 48 51 -51 -52 -53 53 54 55 56 -58 -59 59 107 62 74 63 67 -66 -67 -68 -69 69 -71 71 -73 -74 -75 77 -77 -78 -79 -80 80 86 82 83 -85 85 -87 87 96 95 -91 -92 93 -94 -95 -96 -97 110 -99 99 100 125 -103 -104 -105 106 -107 -108 -109 -110 -111 112 114 -114 -115 -116 -117 -118 -119 -120 -121 -122 -123 -124 -125 -126 -127
leaf_value=-0.042194891112252761 -0.040962663779731921 -0.0010845235337390881 0.040655093080386881 0.010660253502578262 0.0083022085060686698 0.0014822230853561995 -0.0011120172235966458 0.012927261271233698 -0.0177108045824254 0.024922047281064664 0.00091392577833208184 -0.0032907960682260155 0.0084611825074600369 -0.0032666260449469384 0.01132373316752423 0.0009168923177436492 0.0067040811457596576 -0.0057327859510074965 -0.042538300896232777 0.011859727094202301 -0.0025118799578219999 -0.0075488261410168239 0.0028232046225661069 0.0030475576494886319 -0.0074576431965242326 0.0030979593578107797 0.0046127243792260719 0.0045182282310012685 0.0012610363881747596 -0.031212855143016145 -0.00283804615222357 -0.035143776259000371 -0.009930148480660839 -0.0036400957089591395 0.0026259352923704814 0.0090745789712293329 -0.031169041160239306 0.00033465830408202279 -0.0050107382541849654 0.0016268806774176509 -0.013445890437741999 0.0015947670234647924 -0.010956750253584266 -0.0049476123321884058 -0.00033459465591634263 -0.138459752375653 -0.0076552073750529659 -0.009864549389749299 -0.021984903491184333 -0.080193131908551971 0.015885805705172597 0.0022688474582798915 -0.0077374083811727924 -0.024180349492426607 0.0093669595495161333 -0.0061206338561753957 -0.038312747345439026 -0.0014777754143861532 -0.076223143918211195 -0.029864399036824966 -0.0072479355317417345 0.00014604958907396602 0.0080554015379617379 0.012032825591526099 -0.069945117555013508 -0.0076132664899427665 0.015430642000825617 -0.0013241210128117345 -0.00029273285181261597 0.0018288418844540156 0.0014728856944403021 -0.08805482356235389 -0.001361632216321969 0.00094531502423117215 -0.0098377106679072308 0.001966168347249133 -0.022119404240031535 -0.0030347174003738085 -0.0030885989719115375 0.0069279284319600414 0.031014774334905421 0.015394906272501957 -0.061997510308027262 -0.0096573312004858795 -0.0080287559286931123 0.0059925531385863918 -0.030809571965662544 0.019336159605673767 -0.0059882434208402965 -0.11026681294718992 0.00025808724652875493 -0.062921376776521223 0.015027346468248277 -0.015759706253745356 0.0059207680326952119 0.0015248630950405006 -0.012929193849134405 0.0045655755792742506 -0.097090322971343984 -0.083606734415798481 0.00046298851081729727 -0.0089410485547425141 -0.023230699901892377 -0.0010630360973843168 0.037745399549603459 0.010007668316224251 0.012517007125618986 0.011129070440013157 -0.018283497157503426 -0.019661935655269941 0.00021933280443448545 0.0063005018497894714 0.0089358434340729501 -0.030774502775538996 0.010237569313457262 -0.005980464003261422 -0.0087341761642912505 0.00098373040774344745 0.00024647619042125708 0.016110599237905695 -0.022618448677123523 -0.033838619271577414 -0.088837398218628544 -0.039434687407622328 -0.019174437563636054 -0.0065868614552872387
leaf_weight=208 130 74304 112 300 3269 4922 12444 102 2904 197 12888 298 4565 2990 1359 328 1936 153 164 2519 1468 104 18556 11906 10672 15312 3836 2711 12046 140 290 114 5472 766 8144 1171 530 4600 16180 3347 7563 1459 3935 5771 12229 108 100 149 509 123 489 444 3438 306 2218 784 167 23798 108 195 545 1624 1865 2641 122 8510 1048 32760 367 1413 195 117 7886 10074 639 2775 1183 3890 165 3520 215 212 199 186 989 3041 214 422 4057 102 13034 136 306 133 13021 5596 1962 10413 103 197 4242 334 109 31311 267 1921 2038 113 1074 657 2154 1390 5255 330 2306 2069 6207 4287 558 2292 799 176 148 257 1740 4748
leaf_count=208 130 74304 112 300 3269 4922 12444 102 2904 197 12888 298 4565 2990 1359 328 1936 153 164 2519 1468 104 18556 11906 10672 15312 3836 2711 12046 140 290 114 5472 766 8144 1171 530 4600 16180 3347 7563 1459 3935 5771 12229 108 100 149 509 123 489 444 3438 306 2218 784 167 23798 108 195 545 1624 1865 2641 122 8510 1048 32760 367 1413 195 117 7886 10074 639 2775 1183 3890 165 3520 215 212 199 186 989 3041 214 422 4057 102 13034 136 306 133 13021 5596 1962 10413 103 197 4242 334 109 31311 267 1921 2038 113 1074 657 2154 1390 5255 330 2306 2069 6207 4287 558 2292 799 176 148 257 1740 4748
internal_value=-0.0008452 -0.00077871 -0.0196928 -0.00133081 -0.000873606 -0.00220513 0.00046301 -0.00262796 -0.00438379 -0.0073001 -0.00254009 -0.00863412 0.00131139 -0.00200224 -0.000861396 -0.00467957 -0.00287154 -0.036382 0.000973216 0.00105025 0.00716455 -0.0454113 0.00391078 0.000305674 -0.000453262 -0.00124794 -0.00426803 -9.31418e-05 0.00324601 -0.0048315 0.0102886 -0.00468157 -0.0086884 -0.0163575 -0.00132897 -0.00193377 -0.0161083 -0.000668642 -0.00389605 -0.00610931 -0.00756098 -0.00324567 -0.00754809 -0.00225245 -0.00317512 -0.00768985 -0.0759105 -0.00578419 -0.0183743 -0.0451436 -0.00331793 -0.0106946 -0.00170577 -0.00195245 0.000867 0.00144754 -0.011808 -0.00296492 -0.0194084 -0.0309185 -0.000396665 0.00152006 -0.00131652 -0.00161675 -0.00555953 -0.00479575 0.00772346 -0.000512764 0.00509427 -0.00364239 -0.015014 -0.0322741 -0.00184736 0.00247397 0.00043521 -0.00366726 -0.00920938 0.00196824 -0.0228228 0.00178865 0.00236062 0.00584438 -0.018014 -0.0358723 0.00729921 0.00255045 0.00166904 1.68207e-05 -0.00377696 -0.0270181 0.00333075 -0.01613 -0.00378656 -0.0383287 0.0063538 -0.00163307 0.00253542 0.00372862 -0.00307407 -0.00632627 -0.0053455 -0.0339551 -0.062246 -0.00240808 0.0103842 0.00489014 0.0154544 -0.0148372 -0.00901009 -0.00620777 0.00206358 -0.000699329 0.00482461 -0.00389327 0.00348076 -0.00104195 -0.0055049 -0.00289435 -0.0125403 0.010591 -0.0185845 -0.054049 -0.066677 -0.0194889 -0.0159889 -0.00326384
internal_weight=520009 518182 1827 409906 303074 151826 151248 106832 45408 17596 27812 1116 108276 26911 75663 14023 11397 711 102374 102045 5902 558 21075 80970 64359 52453 14508 37945 16611 9461 402 13669 5669 3927 61424 53280 830 4740 78450 21226 17879 10316 5394 22633 19922 7693 208 7485 1225 272 6260 953 52450 51279 13549 13243 951 37730 714 416 73376 23793 49583 47990 10497 10375 1593 37493 4733 2092 679 312 8000 12292 20524 5582 2807 14942 329 75585 63141 10439 597 385 9842 4030 52702 26432 10544 891 26270 789 520 269 13236 9653 15888 11052 57224 9733 9630 640 306 47491 4434 2129 2305 308 4721 3647 15466 7727 7739 2484 5765 3459 13932 7725 2626 5812 901 454 278 3161 2068 8990
internal_count=520009 518182 1827 409906 303074 151826 151248 106832 45408 17596 27812 1116 108276 26911 75663 14023 11397 711 102374 102045 5902 558 21075 80970 64359 52453 14508 37945 16611 9461 402 13669 5669 3927 61424 53280 830 4740 78450 21226 17879 10316 5394 22633 19922 7693 208 7485 1225 272 6260 953 52450 51279 13549 13243 951 37730 714 416 73376 23793 49583 47990 10497 10375 1593 37493 4733 2092 679 312 8000 12292 20524 5582 2807 14942 329 75585 63141 10439 597 385 9842 4030 52702 26432 10544 891 26270 789 520 269 13236 9653 15888 11052 57224 9733 9630 640 306 47491 4434 2129 2305 308 4721 3647 15466 7727 7739 2484 5765 3459 13932 7725 2626 5812 901 454 278 3161 2068 8990
cat_boundaries=0 2 4 6 8 10 12 14 16 17 19 21 23 25 26 27 28 29 31 33 35 36 38 40 42 44 45 47 49 51 53 55 56 57 59 60 61 62 64 66 68 70 71 73 74 76
cat_threshold=423891030 42 269484034 8192 110209672 1924 2217263753 3013 2687124128 21969 1140891648 512 0 2 75538440 8704 6 16777222 8 6 8 262164 8 0 16388 67584 131072 2 2049 2638881 64 2621441 64 134217728 32 2 1089536 4 101810176 260 32768 1024 2696 128 1 524800 16704 33554944 896 75497984 1664 1073742848 17408 0 1024 10 43122688 43122720 8192 41943040 32 2048 1073741824 16384 1073742849 2048 536870912 4096 0 8208 73760 2150105248 16768 2 2147483648 10256
is_linear=0
shrinkage=0.03


Tree=70
num_leaves=127
num_cat=29
split_feature=5 0 0 5 0 0 5 5 27 22 25 27 2 5 5 27 0 5 27 27 5 32 25 5 27 25 5 27 0 5 25 0 0 27 25 0 21 25 0 25 27 0 25 27 5 25 25 0 3 3 27 5 0 25 5 27 25 11 0 11 24 31 5 13 0 21 27 8 26 25 27 26 26 28 27 25 5 31 5 25 0 21 31 11 5 8 5 25 0 5 11 5 27 25 0 5 0 5 25 25 11 0 0 25 25 0 0 0 5 27 5 25 5 27 25 27 25 25 25 27 8 27 27 11 13 25
split_gain=630.111 514.716 459.907 336.541 317.015 342.369 366.303 278.547 266.431 421.972 268.661 464.209 264.465 1579.14 608.896 438.145 498.656 533.145 495.214 283.589 447.338 524.971 487.994 299.39 467.396 645.112 572.124 553.718 531.348 429.836 351.359 329.205 1167.28 311.725 385.621 287.685 420.445 376.434 407.411 447.397 285.611 274.135 1433 386.784 272.093 269.471 491.361 383.722 580.325 352.251 264.381 261.724 783.344 258.229 246.403 241.469 235.784 228.599 205.156 444.511 201.879 199.494 198.567 194.464 192.747 191.574 269.201 220.139 208.384 204.795 222.565 191.707 191.037 190.659 189.363 567.807 183.351 182.994 186.762 199.8 193.243 182.959 182.818 259.415 312.229 371.37 181.986 171.516 745.546 420.215 340.772 274.669 169.359 163.864 256.108 674.086 414.405 313.147 222.782 666.687 286.475 218.508 855.906 203.478 163.605 168.523 195.409 163.087 432.866 428.67 279.738 250.822 217.231 162.782 161.267 689.489 158.465 153.637 203.406 490.699 228.804 162.901 213.057 189.448 163.04 162.199
threshold=0 16530.000000000004 1560.0000000000002 1 1715.0000000000002 325.00000000000006 2 3 0.053263295441865928 -0.42448458075523371 90.500000000000014 0.052256155759096153 4 5 6 0.10038758814334871 715.00000000000011 7 0.084925193339586272 0.092709075659513487 8 0.16935087740421298 19.500000000000004 9 0.056865874677896507 49.000000000000007 10 0.089248880743980422 950.00000000000011 11 81.500000000000014 950.00000000000011 850.00000000000011 0.055219287052750594 37.500000000000007 850.00000000000011 0.066236898303031935 19.500000000000004 615.00000000000011 130.50000000000003 0.069445703178644194 1280.0000000000002 102.50000000000001 0.1045757830142975 12 77.500000000000014 88.500000000000014 325.00000000000006 13 14 0.095947422087192549 15 2375.0000000000005 63.500000000000007 16 0.076740767806768431 113.00000000000001 -0.37447345256805414 135.00000000000003 -0.62588816881179798 0.97649818658828746 0.042453149333596236 17 50.500000000000007 1410.0000000000002 0.079836845397949233 0.058846931904554374 11.500000000000002 0.1111494228243828 99.000000000000014 0.060448419302701957 0.10056356340646745 0.091656714677810683 0.09217460080981256 0.16058247536420825 57.500000000000007 18 0.054488249123096473 19 57.500000000000007 325.00000000000006 0.13533534109592441 0.08413130417466165 -0.33425341546535486 20 9.5000000000000018 21 17.500000000000004 325.00000000000006 22 0.29342973232269293 23 0.064750330522656455 97.500000000000014 155.00000000000003 24 90.000000000000014 25 77.500000000000014 26.500000000000004 -0.14250824600458142 61.500000000000007 45.000000000000007 43.500000000000007 3.5000000000000004 61.500000000000007 45.000000000000007 850.00000000000011 26 0.1321084722876549 27 106.00000000000001 28 0.084925193339586272 15.500000000000002 0.098019190132617964 74.500000000000014 69.500000000000014 59.500000000000007 0.16352472454309466 7.5000000000000009 0.11874964460730554 0.10945477336645128 -0.082689788192510591 27.500000000000004 26.500000000000004
decision_type=9 2 2 9 2 2 9 9 2 10 2 2 9 9 9 2 2 9 2 2 9 8 2 9 2 2 9 2 2 9 2 2 2 2 2 2 8 2 2 2 2 2 2 2 9 2 2 2 1 1 2 9 2 2 9 2 2 2 2 2 2 8 9 2 2 8 2 2 10 2 2 10 10 8 2 2 9 10 9 2 2 10 10 2 9 2 9 2 2 9 2 9 2 2 2 9 2 9 2 2 2 2 2 2 2 2 2 2 9 2 9 2 9 2 2 2 2 2 2 2 2 2 2 2 2 2
left_child=3 2 12 104 5 6 65 8 9 10 11 -7 13 77 19 16 17 -16 57 23 21 -21 114 31 25 26 -25 35 29 -29 -27 32 40 34 -28 37 -37 -26 44 -40 -14 107 -43 -44 58 62 47 49 -49 -47 -22 52 -6 -31 -3 -33 -30 -19 -39 -60 64 -18 -15 -50 -9 -5 67 68 71 70 -68 -67 73 -42 -10 -76 -4 78 79 80 -2 -52 83 84 -56 -86 -85 88 91 -90 -91 -64 -71 94 95 98 103 -98 99 -8 -100 102 -95 -97 -1 106 -106 108 109 -17 -109 -111 -112 -72 -23 -116 -81 118 119 121 -120 122 124 -124 -24 -123
right_child=1 54 76 4 51 7 93 60 74 -11 -12 -13 14 45 15 41 61 18 -20 20 50 22 117 24 27 30 33 28 56 53 -32 55 -34 -35 -36 36 -38 38 39 -41 72 42 43 -45 -46 46 -48 48 63 -51 81 -53 -54 -55 82 -57 -58 -59 59 -61 -62 -63 87 -65 -66 66 69 -69 -70 92 113 -73 -74 -75 75 -77 -78 -79 -80 116 -82 -83 -84 86 85 -87 -88 -89 89 90 -92 -93 -94 101 -96 96 97 -99 100 -101 -102 -103 -104 -105 105 -107 -108 110 -110 111 112 -113 -114 -115 115 -117 -118 -119 120 -121 -122 125 123 -125 -126 -127
leaf_value=0.027364262869459321 0.0065611757558362311 -0.044892339168056364 -0.013024116249179913 0.00061531795203156154 -0.09687803879857064 0.02048416532334351 -0.060941744204610585 -0.0022208528279101729 0.0060540540317514492 0.016615041788415354 -0.022851590492329335 -0.016534363225324811 -0.00032152383670913751 0.00073021861753533291 0.0037710911941709812 -0.047915469614628517 -0.0096364386853006277 0.0057351616670262891 -0.012077505887974262 -0.048279391894810383 0.0076057805988643291 -0.0032987073382545759 -0.0086292792681361662 -0.10015764347062661 -0.016850629117467427 -0.00037190776788811018 -0.045865596396716564 -0.01429381613854065 -0.00082190729702103882 -0.080944073283588963 -0.03239015769505444 -0.0077516011466580116 -0.077708856922388075 -0.045521839624310424 0.023062309627096319 0.027275417192376573 -0.0090386248834725801 0.010721977675397548 0.0085951438907169997 -0.046589033209225708 -0.04669772367443769 0.032879282677162919 -0.034546230792999268 -0.10610717325768572 -0.031645549477108723 -0.023178125563548049 -0.00025449645944498927 0.003207502513210943 -0.016948810968438151 0.013843360684293031 -0.0013082681866955306 -0.0030368235803961826 -0.011500031279372918 -0.036739050609841166 -0.06657377709313983 0.0055964746409224563 -0.020017439289725034 -0.0038348108748877071 0.015994340649972488 -0.018940360881288639 0.00079550755410344985 0.0056202643317279062 0.019467871740935599 -0.055569338353816417 -0.029338298429623946 -0.011884668683798718 0.004613651928706889 -0.0013080429610040113 0.00073734040880196728 -0.049031138742776738 -0.0060289710328259496 -0.046362131382967971 0.015811475077986387 -0.009153434867462746 -0.061602149355426634 0.011622736699555119 0.0096685560948219524 0.015279953286384993 0.0041895231676308022 -0.00023248317955668031 0.032602381028953249 -0.019705934723243418 -0.048105827528165605 0.026057866853933295 0.02219036192826801 -0.032833070900560035 -0.0084080089411728981 -0.0023575331449939797 0.0065928279608488084 -0.034176265796588785 -0.093412122825289726 -0.0055432682890278872 -0.010797168919620997 0.011243278078067846 0.0025014790958006136 0.0019968408667402769 0.021001777508405008 -0.0049934819012106826 -0.078521631815418699 0.035159852066161956 -0.024264823995074448 -0.0021905358997997941 -0.082907115412758775 0.017788142953312922 0.023496307886425573 0.0041790609168920554 -0.0077699785797717535 -0.018963264505890497 0.00047237897691023323 0.030212645003428823 0.014812854816547077 -0.018093552602266885 -0.0023363571930372961 0.0060372787799827651 -0.020389610902971721 -0.099183944835662827 0.013670172796390353 0.0011616224724493929 -0.045365239780727921 -0.050854946856989582 -0.012034507254647548 -0.031217679659104242 -0.012161235048719667 -0.051184303406625983 0.0029823715857182952 0.0059738205669089038
leaf_weight=258 412 268 340 6050 124 509 127 18258 16683 664 934 757 6843 19095 10897 436 805 3154 5551 273 3081 172 2069 119 1094 1154 126 1002 1704 142 420 1611 199 469 171 295 9433 640 4781 135 123 208 134 140 353 2737 6071 2467 1448 252 32019 753 429 742 111 5012 869 7800 452 1186 120083 17998 477 127 238 7903 3823 2912 1230 132 6675 147 271 6871 147 267 4034 2454 10065 1271 681 493 122 212 177 290 353 27054 211 677 100 2067 487 221 28342 1711 425 9848 160 131 195 15079 142 1286 198 21428 1876 871 1407 116 683 559 15882 1184 503 124 1758 2904 218 203 1217 111 1704 119 2294 1831
leaf_count=258 412 268 340 6050 124 509 127 18258 16683 664 934 757 6843 19095 10897 436 805 3154 5551 273 3081 172 2069 119 1094 1154 126 1002 1704 142 420 1611 199 469 171 295 9433 640 4781 135 123 208 134 140 353 2737 6071 2467 1448 252 32019 753 429 742 111 5012 869 7800 452 1186 120083 17998 477 127 238 7903 3823 2912 1230 132 6675 147 271 6871 147 267 4034 2454 10065 1271 681 493 122 212 177 290 353 27054 211 677 100 2067 487 221 28342 1711 425 9848 160 131 195 15079 142 1286 198 21428 1876 871 1407 116 683 559 15882 1184 503 124 1758 2904 218 203 1217 111 1704 119 2294 1831
internal_value=-0.00075849 -0.00185349 -0.00174553 0.000238716 -8.80505e-05 -1.00001e-05 -0.00150812 0.000823545 0.0041358 -0.00432927 -0.0106553 -0.00164651 -0.00192007 -0.000501444 -0.00261456 -0.000413266 0.00120443 -0.00137723 -0.00477569 -0.00414958 -0.00256807 -0.00716309 -0.00633151 -0.0058386 -0.00803516 -0.0204633 -0.0409413 -0.0066991 -0.0161812 -0.0282733 -0.00893067 -0.00317917 -0.00574046 -0.0299273 -0.00623562 -0.00439659 -0.00793472 -0.000412929 0.00197177 0.00707054 -0.00471987 -0.0040709 -0.0264039 -0.0713631 -0.00755432 -0.00267944 -0.00650692 -0.0119049 -0.00587573 -0.0200533 -0.000791609 -0.0148239 -0.030239 -0.0434325 -0.0191774 0.00234897 -0.00731023 -0.00107904 -0.00365399 -0.00929638 0.000346095 0.00496661 -0.00167048 -0.0200963 -0.00257136 -0.00416378 -0.00534594 -0.00850494 -0.0107629 -0.0022145 -0.00132266 -0.0125199 -0.00886213 -0.00982029 0.00555642 -0.0144632 0.00789436 0.00771202 0.00640741 0.0117819 0.0228013 -0.00158784 -0.0132392 -0.00959454 -0.0237073 -0.011725 0.00485934 -0.00316842 -0.00938611 -0.0314889 -0.0413783 -0.000793159 -0.0190164 -0.000100782 0.000866292 -0.00247186 -0.00103622 -0.00390052 -0.0329444 -0.0121986 -0.0488705 -0.00274513 -0.0257135 0.00877649 0.00364865 0.0033887 -0.00477517 -0.00353014 -0.0106656 -0.0245424 -0.00249912 -0.00975963 -0.00161991 -0.00421059 -0.0290563 -0.0361057 0.00783832 -0.00489625 -0.00669754 -0.0048994 -0.0171261 -0.00374553 -0.00612495 -0.0147352 -0.00252476 0.00383307
internal_weight=519340 247524 245991 271816 248056 246750 88210 158540 19961 2864 2200 1266 241617 79424 162193 66641 46205 27402 16505 95552 49335 13742 13469 46217 25287 2459 885 22828 4459 1886 1574 20930 14307 766 297 18369 9728 8641 7547 4916 14108 20436 482 274 2631 62783 13102 7031 4042 2989 35593 1306 553 884 1533 6623 2573 10954 2278 1638 138579 18803 49681 1575 18496 30543 24493 12192 9280 12301 11682 8050 7265 6994 17097 414 4374 16641 14187 4122 1093 32512 1265 1143 578 467 565 30586 3532 988 777 2544 619 57667 42225 13883 13270 10273 613 258 355 15442 363 2997 23760 23502 2074 19954 2518 1111 17436 675 16565 7859 799 627 3029 12670 9766 8331 1435 8128 6186 1823 4363 1942
internal_count=519340 247524 245991 271816 248056 246750 88210 158540 19961 2864 2200 1266 241617 79424 162193 66641 46205 27402 16505 95552 49335 13742 13469 46217 25287 2459 885 22828 4459 1886 1574 20930 14307 766 297 18369 9728 8641 7547 4916 14108 20436 482 274 2631 62783 13102 7031 4042 2989 35593 1306 553 884 1533 6623 2573 10954 2278 1638 138579 18803 49681 1575 18496 30543 24493 12192 9280 12301 11682 8050 7265 6994 17097 414 4374 16641 14187 4122 1093 32512 1265 1143 578 467 565 30586 3532 988 777 2544 619 57667 42225 13883 13270 10273 613 258 355 15442 363 2997 23760 23502 2074 19954 2518 1111 17436 675 16565 7859 799 627 3029 12670 9766 8331 1435 8128 6186 1823 4363 1942
cat_boundaries=0 2 4 6 7 8 10 12 14 15 17 19 20 22 23 24 25 27 29 30 32 33 34 35 36 38 40 41 43 44
cat_threshold=2311338710 18106 262228 2 29368834 16 4203010 2 806518816 8260 68863008 6212 1073741825 257 67290112 67159072 64 0 4096 1179648 524288 2048 2 2 8388610 268435456 8192 100664320 6144 536936448 32800 4 1048576 537919488 65536 524288 2048 512 0 16384 538968064 1073741824 256 35651584
is_linear=0
shrinkage=0.03


Tree=71
num_leaves=127
num_cat=34
split_feature=0 5 0 5 0 5 30 23 2 5 0 5 0 0 5 0 5 5 0 5 25 25 25 13 20 13 5 0 5 25 25 25 0 3 5 5 11 23 13 25 0 25 5 25 11 13 5 25 0 0 0 5 23 5 5 25 5 2 4 25 20 29 25 26 5 25 11 25 20 30 29 0 0 8 25 25 11 25 0 22 25 0 25 25 5 23 13 25 5 25 0 0 5 0 11 25 25 29 8 5 11 0 3 13 22 25 13 22 13 25 26 5 4 13 25 5 22 32 26 3 25 20 20 25 5 25
split_gain=630.56 572.796 506.831 336.777 317.148 310.876 229.1 250.313 220.555 610.912 317.308 867.033 1286.92 2293.19 718.309 639.634 710.046 429.319 520.042 416.554 409.959 383.788 611.44 559.446 336.321 413.329 276.218 267.167 237.945 222.475 219.529 308.667 237.262 413.697 213.405 211.89 222.643 231.053 238.065 205.284 707.256 200.948 244.161 214.679 191.605 324.943 301.217 274.276 289.548 621.374 422.045 246.882 240.873 233.747 227.861 227.512 215.394 522.197 241.927 214.983 220.236 177.94 171.465 194.463 177.334 306.255 291.863 201.721 197.066 171.253 167.821 164.064 162.28 299.776 264.057 242.493 161.155 155.43 203.523 205.523 154.655 153.314 216.222 332.785 369.147 299.15 236.568 206.099 230.034 152.09 160.516 167.723 151.778 148.332 147.726 146.854 146.737 146.457 173.967 225.143 184.039 316.725 181.517 143.257 141.508 140.326 140.135 139.332 185.541 164.6 138.914 138.322 137.945 134.644 207.115 184.904 160.518 187.191 211.412 128.635 128.331 127.493 259.089 125.933 175.322 138.255
threshold=13030.000000000002 0 1560.0000000000002 1 1715.0000000000002 2 0.19365485012531283 0.058227287605404861 3 4 850.00000000000011 5 425.00000000000006 475.00000000000006 6 615.00000000000011 7 8 950.00000000000011 9 114.50000000000001 78.500000000000014 101.50000000000001 14.500000000000002 58.500000000000007 37.500000000000007 10 550.00000000000011 11 42.500000000000007 59.500000000000007 53.500000000000007 325.00000000000006 12 13 14 -0.8978554606437682 0.075415529310703291 20.500000000000004 73.500000000000014 1940.0000000000002 80.500000000000014 15 100.50000000000001 0.46039463579654699 38.500000000000007 16 57.500000000000007 850.00000000000011 950.00000000000011 325.00000000000006 17 0.12481230497360231 18 19 88.500000000000014 20 21 22 76.500000000000014 76.500000000000014 0.13717892020940783 29.500000000000004 0.1366594657301903 23 64.500000000000014 0.24372619390487674 107.50000000000001 78.500000000000014 0.058878518640995033 0.14472704380750659 325.00000000000006 325.00000000000006 10.500000000000002 92.000000000000014 114.50000000000001 0.20180702954530719 155.00000000000003 325.00000000000006 -0.42448458075523371 85.500000000000014 155.00000000000003 21.500000000000004 38.500000000000007 24 0.035104382783174522 16.500000000000004 21.500000000000004 25 3.5000000000000004 61.500000000000007 45.000000000000007 26 325.00000000000006 -0.099819734692573533 19.500000000000004 44.500000000000007 0.13254455476999286 7.5000000000000009 27 -0.20180235803127286 1225.0000000000002 28 19.500000000000004 0.070210695266723647 37.500000000000007 39.500000000000007 0.20159854739904406 26.500000000000004 66.500000000000014 0.1111494228243828 29 30 45.500000000000007 95.000000000000014 31 0.04375352896749974 0.20576015859842303 0.0068774346727877864 32 85.500000000000014 76.500000000000014 105.50000000000001 43.500000000000007 33 38.500000000000007
decision_type=2 9 2 9 2 9 10 10 9 9 2 9 2 2 9 2 9 9 2 9 2 2 2 2 2 2 9 2 9 2 2 2 2 1 9 9 2 10 2 2 2 2 9 2 2 2 9 2 2 2 2 9 10 9 9 2 9 9 9 2 2 10 2 10 9 2 2 2 2 10 10 2 2 2 2 2 2 2 2 10 2 2 2 2 9 8 2 2 9 2 2 2 9 2 2 2 2 10 2 9 2 2 1 2 10 2 2 10 2 2 10 9 9 2 2 9 8 10 10 1 2 2 2 2 9 2
left_child=1 2 6 89 8 -2 44 -8 10 81 11 12 26 -14 113 19 62 18 -16 28 21 29 23 -23 25 80 72 30 -13 -15 31 -21 33 -33 -18 36 -7 38 -38 -6 -41 69 -43 106 45 47 55 54 50 -50 -49 -51 53 61 -1 -47 57 -46 -59 60 97 107 -17 64 105 66 -66 -67 -68 -32 -61 -71 75 -74 -75 120 -69 78 -45 119 -25 87 103 84 -84 -86 -87 88 -10 -3 91 -91 -54 -79 -56 -90 -31 98 100 -100 -53 -102 -103 -83 -73 -64 -44 108 -52 -110 -20 -26 -4 116 115 -115 117 118 -12 -80 -5 -37 -123 124 -118 -126
right_child=5 3 112 4 39 35 7 -9 9 -11 14 15 13 20 17 16 34 -19 110 27 -22 22 -24 24 111 -27 -28 -29 -30 96 41 32 -34 -35 -36 121 37 -39 -40 40 -42 42 43 77 56 46 -48 48 49 51 52 59 92 -55 94 -57 -58 58 -60 70 -62 -63 63 -65 65 67 68 76 -70 71 -72 104 73 74 -76 -77 -78 93 79 -81 -82 82 83 -85 85 86 -88 -89 95 90 -92 -93 -94 -95 -96 -97 -98 -99 99 -101 101 102 -104 -105 -106 -107 -108 -109 109 -111 -112 -113 -114 114 -116 -117 123 -119 -120 -121 -122 122 -124 -125 125 -127
leaf_value=-0.0018125187056976253 -0.041865294407959552 0.026880187756874979 0.020374323607922611 -0.012208365501247454 -0.00069925463185655206 -0.054290481377655353 -0.023777981083485646 0.0047832808815372 -0.049151391717169785 -0.0034217316355784171 -0.033350689516910774 0.026225225000923714 -0.091831813923363551 -0.01550335487826289 0.042975279263713785 0.0050077598349806121 0.013857128785266232 0.0075477559281830623 0.00058704934107142791 -0.0021634453685864946 0.003898806477316791 -0.098857584537403412 -0.0085028436813043857 -0.052829469451516432 -0.013264022588951764 -0.096717548003420223 0.0030801418348827057 -0.035770154520494854 0.0047402938441061405 0.0073820352881886235 0.0030024668565699912 0.012761367654583685 -0.022204168827374127 -0.026297687570689381 0.0063578202159435973 0.025032301586409463 0.029346817412080554 -0.04571018836506438 -0.014799926326849667 -0.095907391596924171 -0.012903766890598233 0.0051928645405512714 -0.004272364805682858 0.0061795300202963149 0.0066620107501459856 -0.0060301569211680377 -0.0016624722154101527 -0.0045134854297425031 -0.070715039161535417 0.0050908899331467477 -0.014803288543749881 -0.063324570076269959 -0.022287236787154822 0.0068756970913249598 0.0037205515900410992 0.018046103177693614 -0.0029584513772946065 -0.03282634346927487 -0.010601744184044221 -0.002077123420227586 -0.0062454991879515552 -0.040282449766650401 -0.0098365829383809302 0.015581923298048393 -0.016317424343967595 0.0071336937243917757 -0.080334984565947634 -0.049663384149097045 -0.024236081731505692 0.0054095805187397723 -0.016483879957986128 -0.010102685245780441 0.0052228919633046681 -0.04433279853065808 -0.0042263104760786518 -0.040370959417007898 -0.0087475561741000678 -0.009684636652448524 -0.0043951838089156172 0.010276981327625322 -0.013147512086851392 -0.0023927898237765845 0.0096917538190558622 0.0023064136666388004 0.018258233073400919 -0.063897692465754316 -0.017640843421303298 -0.00024067927774715572 -0.01429147648454069 0.021634700636365519 0.0044416459580876415 -0.0072202849570279217 0.009132789748828465 0.00087113849056332719 -0.00040642194872790431 0.0081576072094043765 -0.005998539725779661 0.00070412022028705306 -0.039371676528453824 -0.00281866551600593 -0.0085966300695273969 -0.030868584951905243 -0.075255427168261613 0.013611558635874736 -0.041286092643631235 0.0090398686456555962 -0.013820129457324212 0.015477927689670733 0.014023215236773683 -0.010796639728508981 0.0068629276289629386 -0.03331102658433216 0.0060068334783220639 -0.0044901032992706418 0.018459123387575559 -0.029226289884407061 -0.033357493429721607 -0.042666357225738465 0.0022181258832034557 -0.021019518167804212 0.0050674784751653743 -0.032303789757573233 0.026520912178720418 0.0071739096865736686 0.0025425693319550287 -0.0092539377507327228
leaf_weight=18567 387 254 727 1515 486 141 288 6226 128 51488 219 482 308 2035 271 1948 6375 17432 27470 10879 1863 100 2783 169 1076 119 13728 198 8346 871 18599 602 1372 409 7498 180 136 163 556 109 580 3667 3494 4083 1651 26880 42119 10831 129 1972 915 130 488 9020 22773 357 40996 476 5864 8376 3671 113 628 353 914 778 121 105 107 423 796 492 2115 224 431 228 478 2817 2093 729 186 648 672 32683 198 106 1462 9384 997 200 18713 1851 188 2084 11877 355 4789 310 189 653 473 259 123 2250 178 811 2291 351 589 405 3588 462 3470 470 145 687 174 189 475 523 519 158 116 988 1783 1792
leaf_count=18567 387 254 727 1515 486 141 288 6226 128 51488 219 482 308 2035 271 1948 6375 17432 27470 10879 1863 100 2783 169 1076 119 13728 198 8346 871 18599 602 1372 409 7498 180 136 163 556 109 580 3667 3494 4083 1651 26880 42119 10831 129 1972 915 130 488 9020 22773 357 40996 476 5864 8376 3671 113 628 353 914 778 121 105 107 423 796 492 2115 224 431 228 478 2817 2093 729 186 648 672 32683 198 106 1462 9384 997 200 18713 1851 188 2084 11877 355 4789 310 189 653 473 259 123 2250 178 811 2291 351 589 405 3588 462 3470 470 145 687 174 189 475 523 519 158 116 988 1783 1792
internal_value=-0.000736771 -0.000674519 -0.00182517 0.000190545 -8.96313e-05 -0.0182773 -0.00202402 0.00351706 -2.27781e-05 -0.00114153 0.000626025 -0.000258586 -0.00433599 -0.0109637 0.00249116 0.00137131 0.00603548 0.00377476 0.00167349 -0.000100045 -0.0092341 -0.0111776 -0.0177444 -0.0299122 -0.0264381 -0.0485173 0.000876889 -0.00107241 0.00594453 -0.00699853 -0.000946442 -0.00430608 -0.0140827 -0.00305034 0.00981219 -0.0115888 -0.0192937 -0.013691 -0.00609386 -0.0156356 -0.0261549 0.000127962 -0.00185757 -0.00328612 -0.00219466 -0.001699 -0.00325383 -0.000541909 -0.00241951 -0.00537546 -0.000214536 -0.00487411 0.0036435 0.00467622 0.000868717 -0.00571184 -0.00383936 -0.00834356 -0.0122559 -0.00618544 -0.0107055 -0.00369695 -0.00236917 -0.00572088 -0.00763198 -0.0124288 -0.0239272 -0.00286142 -0.0542287 0.00232411 -0.00332909 -0.00921131 -0.00512924 -0.000270302 -0.0179888 -0.0110993 -0.016189 -0.00105055 0.00168551 -0.00380022 -0.0321337 0.00126042 0.00215878 0.00150874 -0.00918112 -0.0163265 -0.0208066 -0.00188215 -0.0122828 0.00384954 0.00356839 -0.00439736 -0.0137428 -0.00519685 0.00230531 -0.00833366 -0.0039385 -0.0183605 -0.021594 -0.011561 -0.0301499 -0.0250377 -0.0453199 0.0100334 -0.0184364 0.000795285 -0.00805525 -0.00186701 -0.00506259 0.00390981 0.00131227 -0.0196063 0.00849982 -0.00654624 -0.0152453 -0.0194816 -0.0045402 -0.0162759 -0.00903788 -0.00772554 -0.0077999 0.00537095 -0.00739402 -0.00234962 -0.00486067 -0.00336207
internal_weight=519734 517897 222252 295645 274627 1837 218055 6514 273452 100371 173081 117398 33521 14761 55683 83877 20116 48761 31329 63761 14453 12590 4895 2112 2012 474 18760 54933 8828 7695 54735 13262 2383 1011 13873 1450 996 855 692 1175 689 41473 21781 18114 211541 162554 69356 93198 39981 17081 22900 16952 12069 11393 53217 27237 48987 7991 6340 14980 5808 2373 6243 4295 3942 2503 1142 1361 228 19692 9172 1093 5032 2770 655 2262 583 12329 7428 3345 355 48883 38019 35121 2438 1766 1568 10864 1480 21018 20764 2051 676 4901 34650 1352 5660 2137 1827 842 985 855 382 2898 670 1439 5785 2260 1909 994 31058 1538 4197 6922 1302 1157 5620 883 694 2616 2034 454 274 4737 3749 3575
internal_count=519734 517897 222252 295645 274627 1837 218055 6514 273452 100371 173081 117398 33521 14761 55683 83877 20116 48761 31329 63761 14453 12590 4895 2112 2012 474 18760 54933 8828 7695 54735 13262 2383 1011 13873 1450 996 855 692 1175 689 41473 21781 18114 211541 162554 69356 93198 39981 17081 22900 16952 12069 11393 53217 27237 48987 7991 6340 14980 5808 2373 6243 4295 3942 2503 1142 1361 228 19692 9172 1093 5032 2770 655 2262 583 12329 7428 3345 355 48883 38019 35121 2438 1766 1568 10864 1480 21018 20764 2051 676 4901 34650 1352 5660 2137 1827 842 985 855 382 2898 670 1439 5785 2260 1909 994 31058 1538 4197 6922 1302 1157 5620 883 694 2616 2034 454 274 4737 3749 3575
cat_boundaries=0 2 4 6 7 9 11 13 15 17 18 19 20 21 23 25 27 29 31 32 34 35 36 37 38 39 40 42 44 45 46 47 49 50 52
cat_threshold=1077658665 14677 84 2 268435458 8192 6 126097408 1192 662704128 32 2147745792 1152 268443776 1536 427819522 32 2554601602 16781312 2281701376 2 2147486208 128 35127296 2052 0 1152 2638881 4176 2621440 2049 2113536 2768905 320 1212416 2 2 128 100667392 2048 1081344 6144 0 16 2 25165824 1 262144 128 2 0 1024
is_linear=0
shrinkage=0.03


Tree=72
num_leaves=127
num_cat=34
split_feature=5 0 0 0 5 0 25 5 0 0 5 5 0 30 23 21 11 5 23 25 25 0 5 13 5 25 0 0 13 5 0 26 5 0 5 25 0 26 25 11 23 25 25 0 24 12 11 5 22 23 23 5 25 25 12 25 11 5 23 0 12 5 11 20 20 5 24 5 0 0 5 0 5 12 0 5 0 5 20 5 5 20 22 12 25 0 5 0 0 23 5 0 5 0 25 5 5 11 0 0 5 0 0 0 23 25 25 5 25 12 5 22 23 0 25 0 5 5 22 0 0 5 11 0 25 25
split_gain=576.659 487.172 532.864 397.74 657.607 436.595 583.458 340.963 570.526 471.436 329.797 290.464 270.162 234.784 238.967 212.206 381.962 288.216 232.989 206.253 194.604 255.49 430.865 317.729 289.79 220.456 211.578 799.663 176.428 173.374 181.676 500.713 425.881 162.59 467.08 342.362 201.041 158.674 156.072 155.1 199.917 217.105 191.441 154.313 153.743 157.585 385.618 244.826 151.025 238.634 150.161 149.877 162.277 315.531 172.034 146.909 142.048 138.486 137.523 137.05 132.138 275.085 168.003 192.877 182.516 152.437 138.561 129.026 197.666 140.251 126.033 124.137 988.35 118.858 284.187 135.319 141.884 117.893 116.867 287.663 157.029 147.34 115.807 110.561 110.319 110.103 111.177 192.419 832.889 499.91 383.964 176.256 544.994 317.529 481.905 444.135 395.087 226.692 206.042 204.364 384.414 181.022 161.34 177.952 160.467 298.601 146.298 142.716 135.639 125.171 123.054 118.814 114.14 112.728 109.549 109.478 569.298 211.464 107.476 107.436 107.092 297.476 293.664 107.072 260.136 319.172
threshold=0 16530.000000000004 1560.0000000000002 1410.0000000000002 1 2375.0000000000005 89.500000000000014 2 1280.0000000000002 325.00000000000006 3 4 1560.0000000000002 0.19365485012531283 0.114736445248127 0.078802712261676802 0.07411635667085649 5 0.038110742345452316 114.50000000000001 97.500000000000014 155.00000000000003 6 40.500000000000007 7 76.500000000000014 90.000000000000014 45.000000000000007 39.500000000000007 8 950.00000000000011 0.07760068774223329 9 155.00000000000003 10 10.500000000000002 90.000000000000014 0.07760068774223329 62.500000000000007 -0.87395131587982167 0.075415529310703291 76.500000000000014 107.50000000000001 13030.000000000002 0.95776277780532848 -0.73284119367599476 0.12545942142605784 11 -0.42448458075523371 0.048478709533810622 0.058227287605404861 12 24.500000000000004 33.500000000000007 -0.4906590580940246 3.5000000000000004 0.16799744963645938 13 0.058227287605404861 90.000000000000014 -0.73284119367599476 14 -0.21861968189477918 44.500000000000007 75.500000000000014 15 1.0288584232330324 16 155.00000000000003 155.00000000000003 17 225.00000000000003 18 0.92843842506408703 1280.0000000000002 19 615.00000000000011 20 78.500000000000014 21 22 40.500000000000007 -0.55274778604507435 0.79773375391960155 46.500000000000007 45.000000000000007 23 850.00000000000011 950.00000000000011 0.081555202603340163 24 225.00000000000003 25 325.00000000000006 20.500000000000004 26 27 -0.76694339513778675 950.00000000000011 615.00000000000011 28 950.00000000000011 90.000000000000014 615.00000000000011 0.043235365301370628 115.50000000000001 57.500000000000007 29 23.500000000000004 0.020426410250365738 30 0.10964918136596681 0.091522067785263075 155.00000000000003 76.500000000000014 55.000000000000007 31 32 -0.044815719127655022 615.00000000000011 850.00000000000011 33 -0.49064628779888148 155.00000000000003 38.500000000000007 49.000000000000007
decision_type=9 2 2 2 9 2 2 9 2 2 9 9 2 10 10 8 2 9 10 2 2 2 9 2 9 2 2 2 2 9 2 10 9 2 9 2 2 10 2 2 10 2 2 2 2 2 2 9 10 8 10 9 2 2 2 2 2 9 10 2 2 9 2 2 2 9 2 9 2 2 9 2 9 2 2 9 2 9 2 9 9 2 10 2 2 2 9 2 2 8 9 2 9 2 2 9 9 2 2 2 9 2 2 2 8 2 2 9 2 2 9 10 8 2 2 2 9 9 8 2 2 9 2 2 2 2
left_child=1 2 13 7 5 6 -5 8 28 10 20 48 -6 14 60 18 33 -18 67 38 21 22 23 56 -24 51 27 -22 55 -16 32 -32 37 34 59 -35 -36 -31 -19 -3 41 -41 -43 -7 -13 46 57 -48 49 -11 -15 84 -53 54 -54 -2 -9 -46 -20 -17 61 -1 64 -64 65 120 85 69 82 -12 -14 72 -65 -47 75 76 -75 -4 79 -49 -80 -81 -69 -55 -23 -62 91 90 -89 -90 102 92 -87 95 97 -93 101 98 110 -99 -101 -96 106 -104 105 -92 -88 -91 -97 -94 -95 112 -98 -107 -30 116 -26 -117 -109 -83 -63 -122 -123 -111 -125 -126
right_child=3 39 77 4 12 43 -8 9 -10 11 15 44 70 50 29 16 17 19 58 -21 26 25 24 -25 115 -27 -28 -29 114 30 31 -33 -34 35 36 -37 -38 -39 -40 40 -42 42 -44 -45 45 73 47 78 -50 -51 -52 52 53 83 -56 -57 -58 -59 -60 -61 66 62 63 71 -66 -67 -68 68 -70 -71 -72 -73 -74 74 -76 -77 -78 -79 80 81 -82 119 -84 -85 -86 86 87 88 89 107 104 93 109 94 96 108 111 99 -100 100 -102 -103 103 -105 -106 113 -108 118 -110 123 -112 -113 -114 -115 -116 117 -118 -119 -120 -121 121 122 -124 124 125 -127
leaf_value=0.0023842318689209865 0.026125953215010024 -0.053524936596552525 0.019830345341889953 -0.089411983976306675 -0.027728992828027162 -0.0010080359670821401 -0.00463275673839709 0.01389863415497594 0.058925086989998814 -0.020982200239962043 -0.0065535476087747067 -0.0044823013421991537 -0.0028184250861483994 -0.017862262936750133 -0.0024194846538233288 0.010214816678047738 -0.023520304830306715 -0.0092519699033876742 0.013352624713907874 -0.03384978522712534 0.011019969803254894 0.007796340704398416 0.020893699363169489 -0.063683739753251672 -0.024887541156231333 0.0079706107080275944 -0.0028911176488152662 -0.079988998782878004 0.00074394880188961073 -0.023359116613233494 0.014571178713568436 -0.011894141962017078 -0.049487416972534372 -0.02771456110224834 -0.0071310795579726492 -0.004048810050330069 0.014231796864445895 -0.0018640036916578006 0.0037676254436641117 -0.024952899207585557 -0.048980875593331301 0.035805541372481188 -0.017379295292653536 -0.028477527096951276 0.0072265691298766194 -0.00077939285772062679 0.0072231964294025182 -0.00071809980544833979 0.01308789863812806 0.0035611135929556536 0.0044084083070284321 0.0068524054087369 -0.025132772577504733 -0.0015197748952950577 -0.007021960078184143 0.0032686807689271485 -0.033181809085910605 0.0025082230948488497 0.00089061353292807955 -0.0089373450300668927 0.015449893018036296 0.0080626227667434831 0.0058506287411766843 -0.082821855847131115 -0.0030046221415078729 0.0092818907466803071 0.00027555843431249604 -0.0015903352334035452 -0.014841937975014751 0.027750165560097174 0.011730799715056247 -0.0044281727007127875 -0.0056096457094931143 -0.0061086425437805788 -0.036845550840300632 0.0036790296742653071 0.001279078064119961 0.0064099042838725358 0.012251412701473917 -0.042085316264643693 -0.002379238732275846 0.0049177816564735998 0.029238168481857545 0.0068982009600511039 -0.0035110178035802722 -0.052961525824162865 0.017253058756036416 -0.052939737298024384 -0.040533951304671238 0.0029105717610199261 0.0138685381857243 0.0075005743365360485 -0.00070147860985820014 -0.043519754209657653 0.025071359700657211 -0.0036777315133452743 -0.014113105687620772 -0.00071266876381680957 0.0050745877650816259 -0.043511170873786996 0.001491019914371406 -0.0012608072144443796 0.0086275542193533592 -0.00040392963007863182 -0.0028555388819391041 0.012770684169291559 -0.017316945662797355 -0.011373551640178734 -0.020025636860301597 -0.0048514759032863251 -0.0092544734769112232 0.014108587118938861 -0.0040048534346985047 -0.021077702753629881 -0.0058469266158742593 0.0071363225125202594 0.0082450143194929687 -0.006630654375700493 -0.0035032013888123778 -0.01425411174168182 0.00063711917146857578 -0.0067794800387092043 -0.070975670056827991 -0.0014934391447384368 -0.054399280700693151 -0.013926311416277379
leaf_weight=16459 254 134 721 203 333 314 114 112 159 362 222 6301 2156 284 4643 380 1360 5599 1387 274 212 3745 476 177 563 5250 14059 146 14672 530 789 3468 316 571 485 14437 2158 740 972 391 156 130 113 444 9127 89350 2243 3507 1467 20085 6213 2035 649 5701 1729 33863 117 14561 1872 2872 292 683 1504 154 6270 2791 13649 948 1523 206 701 13526 1613 3122 172 14661 9327 3265 742 155 5350 297 123 1862 979 220 139 311 327 3005 1302 4840 2698 537 625 1357 1108 805 122 363 322 376 5540 3041 38781 114 518 1656 688 4724 140 301 10786 387 2684 1170 2489 6801 27193 2272 1059 141 117 1606 186 2860
leaf_count=16459 254 134 721 203 333 314 114 112 159 362 222 6301 2156 284 4643 380 1360 5599 1387 274 212 3745 476 177 563 5250 14059 146 14672 530 789 3468 316 571 485 14437 2158 740 972 391 156 130 113 444 9127 89350 2243 3507 1467 20085 6213 2035 649 5701 1729 33863 117 14561 1872 2872 292 683 1504 154 6270 2791 13649 948 1523 206 701 13526 1613 3122 172 14661 9327 3265 742 155 5350 297 123 1862 979 220 139 311 327 3005 1302 4840 2698 537 625 1357 1108 805 122 363 322 376 5540 3041 38781 114 518 1656 688 4724 140 301 10786 387 2684 1170 2489 6801 27193 2272 1059 141 117 1606 186 2860
internal_value=-0.000771876 -0.00205021 -0.0019479 9.19276e-06 -0.00909037 -0.0292476 -0.059034 0.000131113 0.00236233 -0.000300825 -0.00216658 0.00055165 -0.00219203 -0.00217306 -0.00236916 -0.00436589 -0.00544622 -0.010931 0.00063381 -0.00838008 -0.000553151 0.000689758 -0.00284884 -0.0328072 -0.00175827 0.00260903 -0.00347207 -0.0262148 0.00218692 -0.00676811 -0.010201 -0.00698674 -0.018883 -0.00329286 0.000928697 -0.00495099 0.0102716 -0.0107611 -0.0073258 -0.0237709 -0.0186628 -0.0111374 0.0111036 -0.0171147 0.00011094 0.000297835 0.00196868 -0.00187234 0.00379134 0.00312559 0.0034323 0.000923124 -0.000863202 -0.00244405 -0.0119732 0.00343961 -0.0101953 0.00433054 0.0061968 -0.00667642 -0.0021059 -0.000689956 -0.00250622 -0.00439757 0.000363823 0.00477183 -0.00258519 -0.00536552 -0.00787056 0.00975591 0.000785445 -0.00540575 -0.0128822 -0.000250196 0.00148292 0.00172744 -0.000573519 0.00890761 -0.00353133 -0.00642261 -0.000579318 -0.0137109 0.00197416 0.000553357 0.00544124 -0.00291816 -0.00296414 -0.00236288 -0.00415924 -0.00368619 -0.00119178 -0.00438985 -0.00727665 -0.00280504 -0.00518822 0.00255493 -0.00298338 -0.0178922 -0.0307776 -0.0109665 -0.0229981 0.0150389 0.00432527 0.00542723 -0.00244814 0.00629777 -0.00998794 -0.00330666 -0.00914009 -0.00639076 -0.0372364 -0.00447247 -0.00494761 -0.0133656 -0.000275568 -0.00275629 0.00207242 -0.00460863 -0.00395399 -0.0120366 -0.00156204 -0.0065676 -0.0347131 -0.00803445 -0.0112649 -0.0164148
internal_weight=519788 197129 196205 322659 4265 1075 317 318394 51632 266762 83661 183101 3190 192219 185722 35389 29108 8205 6281 6845 48272 33855 11905 406 11499 21950 14417 358 51473 10486 5843 4257 1586 20903 5895 15008 2643 1270 6571 924 790 634 243 758 161187 154886 38254 14566 21914 20447 6497 16700 11976 9941 2378 34117 229 23688 3259 3252 175236 44317 27858 16797 11061 4791 130919 3022 2594 428 2857 15293 1767 116632 27282 27110 12449 3986 12323 6231 6092 2724 1071 7563 4724 117270 116978 82314 32492 32181 49822 34664 12294 22370 15485 6885 13196 2289 799 1490 685 1001 9238 8581 40584 1803 657 31854 2045 12074 677 12195 11894 501 17356 11023 3052 7971 28849 2569 2000 1317 258 9376 4652 3046
internal_count=519788 197129 196205 322659 4265 1075 317 318394 51632 266762 83661 183101 3190 192219 185722 35389 29108 8205 6281 6845 48272 33855 11905 406 11499 21950 14417 358 51473 10486 5843 4257 1586 20903 5895 15008 2643 1270 6571 924 790 634 243 758 161187 154886 38254 14566 21914 20447 6497 16700 11976 9941 2378 34117 229 23688 3259 3252 175236 44317 27858 16797 11061 4791 130919 3022 2594 428 2857 15293 1767 116632 27282 27110 12449 3986 12323 6231 6092 2724 1071 7563 4724 117270 116978 82314 32492 32181 49822 34664 12294 22370 15485 6885 13196 2289 799 1490 685 1001 9238 8581 40584 1803 657 31854 2045 12074 677 12195 11894 501 17356 11023 3052 7971 28849 2569 2000 1317 258 9376 4652 3046
cat_boundaries=0 2 3 5 7 8 9 11 13 15 17 19 21 23 25 27 29 30 32 34 36 38 40 41 42 44 45 46 47 48 50 51 53 55 57
cat_threshold=3851305 14661 310380546 402917460 10 1140854912 18080 4268546 33554434 0 512 0 16384 16384 14593 3178496 4 4203008 16 0 17424 67113088 32 16777216 17936 3671072 10240 16384 324 8192 687931392 512 131072 4096 2231369728 16928 524288 4096 637534208 672 2147483648 672808 1081344 68 131072 671744 1064 132096 2097152 65 524288 1073741824 128 1073741824 32 0 68
is_linear=0
shrinkage=0.03


end of trees

feature_importances:
static_ilce_key=1750
static_guc=1718
grp_n_transformers=1453
grp_zero_rate_bucket=929
cal_doy_sin=395
cal_doy_cos=286
static_log_guc=253
grp_lf_med_il_bucket_ay=249
static_bolge=233
grp_lf_med_ilce_ay=204
cal_hafta=190
grp_zero_rate_ilce_ay=183
grp_lf_nz_p25_ilce_ay=172
static_guc_bucket=168
grp_zero_rate_ilce_ay_hi=145
cal_horizon_days=141
grp_seasonal_ilce_ay=125
static_il=122
grp_lf_nz_med_il_bucket_ay=121
cal_ay=97
grp_lf_nz_med_ilce_ay_hi=92
grp_lf_nz_p75_ilce_ay=85
grp_dow_ratio_ilce=58
static_is_first_day=10
cal_days_since_holiday=10
cal_dow=7
cal_days_to_holiday=2

parameters:
[boosting: gbdt]
[objective: regression]
[metric: l2]
[tree_learner: serial]
[device_type: cpu]
[data_sample_strategy: bagging]
[data: ]
[valid: ]
[num_iterations: 73]
[learning_rate: 0.03]
[num_leaves: 127]
[num_threads: 0]
[seed: 42]
[deterministic: 0]
[force_col_wise: 0]
[force_row_wise: 0]
[histogram_pool_size: -1]
[max_depth: -1]
[min_data_in_leaf: 100]
[min_sum_hessian_in_leaf: 0.001]
[bagging_fraction: 0.8]
[pos_bagging_fraction: 1]
[neg_bagging_fraction: 1]
[bagging_freq: 1]
[bagging_seed: 42]
[bagging_by_query: 0]
[feature_fraction: 0.8]
[feature_fraction_bynode: 1]
[feature_fraction_seed: 42]
[extra_trees: 0]
[extra_seed: 12879]
[early_stopping_round: 0]
[early_stopping_min_delta: 0]
[first_metric_only: 0]
[max_delta_step: 0]
[lambda_l1: 0]
[lambda_l2: 1]
[linear_lambda: 0]
[min_gain_to_split: 0]
[drop_rate: 0.1]
[max_drop: 50]
[skip_drop: 0.5]
[xgboost_dart_mode: 0]
[uniform_drop: 0]
[drop_seed: 17869]
[top_rate: 0.2]
[other_rate: 0.1]
[min_data_per_group: 100]
[max_cat_threshold: 32]
[cat_l2: 10]
[cat_smooth: 10]
[max_cat_to_onehot: 4]
[top_k: 20]
[monotone_constraints: ]
[monotone_constraints_method: basic]
[monotone_penalty: 0]
[feature_contri: ]
[forcedsplits_filename: ]
[refit_decay_rate: 0.9]
[cegb_tradeoff: 1]
[cegb_penalty_split: 0]
[cegb_penalty_feature_lazy: ]
[cegb_penalty_feature_coupled: ]
[path_smooth: 0]
[interaction_constraints: ]
[verbosity: -1]
[saved_feature_importance_type: 0]
[use_quantized_grad: 0]
[num_grad_quant_bins: 4]
[quant_train_renew_leaf: 0]
[stochastic_rounding: 1]
[linear_tree: 0]
[max_bin: 255]
[max_bin_by_feature: ]
[min_data_in_bin: 3]
[bin_construct_sample_cnt: 200000]
[data_random_seed: 175]
[is_enable_sparse: 1]
[enable_bundle: 1]
[use_missing: 1]
[zero_as_missing: 0]
[feature_pre_filter: 1]
[pre_partition: 0]
[two_round: 0]
[header: 0]
[label_column: ]
[weight_column: ]
[group_column: ]
[ignore_column: ]
[categorical_feature: 2,3,4,5,15]
[forcedbins_filename: ]
[precise_float_parser: 0]
[parser_config_file: ]
[objective_seed: 16083]
[num_class: 1]
[is_unbalance: 0]
[scale_pos_weight: 1]
[sigmoid: 1]
[boost_from_average: 1]
[reg_sqrt: 0]
[alpha: 0.9]
[fair_c: 1]
[poisson_max_delta_step: 0.7]
[tweedie_variance_power: 1.5]
[lambdarank_truncation_level: 30]
[lambdarank_norm: 1]
[label_gain: ]
[lambdarank_position_bias_regularization: 0]
[eval_at: ]
[multi_error_top_k: 1]
[auc_mu_weights: ]
[num_machines: 1]
[local_listen_port: 12400]
[time_out: 120]
[machine_list_filename: ]
[machines: ]
[gpu_platform_id: -1]
[gpu_device_id: -1]
[gpu_device_id_list: ]
[gpu_use_dp: 0]
[num_gpu: 1]

end of parameters

pandas_categorical:[["<=160", "250-400", "630-1000", "1250-1600", ">1600"], ["MAN\u0130SA", "\u0130ZM\u0130R"], ["G\u00dcNEY B\u00d6LGE", "KUZEY B\u00d6LGE", "METROPOL"], ["MAN\u0130SA>AHMETL\u0130", "MAN\u0130SA>AKH\u0130SAR", "MAN\u0130SA>ALA\u015eEH\u0130R", "MAN\u0130SA>DEM\u0130RC\u0130", "MAN\u0130SA>G\u00d6LMARMARA", "MAN\u0130SA>G\u00d6RDES", "MAN\u0130SA>KIRKA\u011eA\u00c7", "MAN\u0130SA>KULA", "MAN\u0130SA>K\u00d6PR\u00dcBA\u015eI", "MAN\u0130SA>SAL\u0130HL\u0130", "MAN\u0130SA>SARIG\u00d6L", "MAN\u0130SA>SARUHANLI", "MAN\u0130SA>SELEND\u0130", "MAN\u0130SA>SOMA", "MAN\u0130SA>TURGUTLU", "MAN\u0130SA>YUNUSEMRE", "MAN\u0130SA>\u015eEHZADELER", "\u0130ZM\u0130R>AL\u0130A\u011eA", "\u0130ZM\u0130R>BAL\u00c7OVA", "\u0130ZM\u0130R>BAYINDIR", "\u0130ZM\u0130R>BAYRAKLI", "\u0130ZM\u0130R>BERGAMA", "\u0130ZM\u0130R>BEYDA\u011e", "\u0130ZM\u0130R>BORNOVA", "\u0130ZM\u0130R>BUCA", "\u0130ZM\u0130R>D\u0130K\u0130L\u0130", "\u0130ZM\u0130R>FO\u00c7A", "\u0130ZM\u0130R>GAZ\u0130EM\u0130R", "\u0130ZM\u0130R>G\u00dcZELBAH\u00c7E", "\u0130ZM\u0130R>KARABA\u011eLAR", "\u0130ZM\u0130R>KARABURUN", "\u0130ZM\u0130R>KAR\u015eIYAKA", "\u0130ZM\u0130R>KEMALPA\u015eA", "\u0130ZM\u0130R>KINIK", "\u0130ZM\u0130R>KONAK", "\u0130ZM\u0130R>K\u0130RAZ", "\u0130ZM\u0130R>MENDERES", "\u0130ZM\u0130R>MENEMEN", "\u0130ZM\u0130R>NARLIDERE", "\u0130ZM\u0130R>SEFER\u0130H\u0130SAR", "\u0130ZM\u0130R>SEL\u00c7UK", "\u0130ZM\u0130R>TORBALI", "\u0130ZM\u0130R>T\u0130RE", "\u0130ZM\u0130R>URLA", "\u0130ZM\u0130R>\u00c7E\u015eME", "\u0130ZM\u0130R>\u00c7\u0130\u011eL\u0130", "\u0130ZM\u0130R>\u00d6DEM\u0130\u015e"], ["Commemoration of Atat\u00fcrk, Youth and Sports Day", "Democracy and National Unity Day", "Eid al-Adha", "Eid al-Fitr", "Labour and Solidarity Day", "National Sovereignty and Children's Day", "New Year's Day", "Republic Day", "Victory Day", "yok"]]
