tree
version=v4
num_class=1
num_tree_per_iteration=1
label_index=0
max_feature_idx=49
objective=regression
feature_names=static_guc static_log_guc static_guc_bucket static_il static_bolge static_ilce_key static_is_first_day static_has_bad_rows cal_ay cal_dow cal_is_weekend cal_doy_sin cal_doy_cos cal_hafta cal_is_holiday cal_holiday_name cal_days_to_holiday cal_days_since_holiday cal_is_bridge_day cal_is_ramadan cal_horizon_days grp_lf_med_ilce_ay grp_seasonal_ilce_ay grp_lf_med_il_bucket_ay grp_dow_ratio_ilce grp_n_transformers grp_zero_rate_ilce_ay grp_zero_rate_bucket grp_lf_nz_med_ilce_ay_hi grp_lf_nz_med_il_bucket_ay grp_zero_rate_ilce_ay_hi grp_lf_nz_p25_ilce_ay grp_lf_nz_p75_ilce_ay wx_cdd wx_cdd2 wx_cdd3 wx_hdd wx_t_mean wx_t_max wx_t_range wx_apparent_max wx_humidity wx_precip wx_et0 wx_soil_moist wx_radiation wx_cdd_ma7 wx_et0_sum7 wx_precip_30d wx_t_anom7
feature_infos=[40:35800] [3.7135720252990723:10.48573112487793] -1:1:2:0:3 -1:1:0 -1:0:2:1 -1:23:46:29:34:24:43:20:41:32:9:15:36:1:39:42:14:35:37:44:19:21:31:2:45:17:7:5:13:27:33:40:30:16:3:11:25:26:12:10:28:6:38:22:18:0:4 [0:1] none [1:12] [0:6] [0:1] [-0.99999940395355225:0.99998557567596436] [-0.99997919797897339:0.99999076128005981] [1:52] [0:1] -1:9:4:5:1:8:2:7:0:3 [0:15] [0:15] [0:1] [0:1] [1:122] [0.021004168316721916:0.17018429934978485] [-3.0580000877380371:0.45058715343475342] [0.027560446411371231:0.14103648066520691] [0.66369223594665527:1.1153295040130615] [3:204] [0:0.40224474668502808] [0.046757176518440247:0.1889137476682663] [0.025602547451853752:0.19439192116260529] [0.038412842899560928:0.15901920199394226] [0.030927138403058052:0.3837563693523407] [0.011197119019925594:0.10827727615833282] [0.073968023061752319:0.30800497531890869] [0:14.400001525878906] [0:207.36004638671875] [0:2985.98486328125] [0:23.5] [-5.5:36.400001525878906] [-2.7999999523162842:45.5] [0.89999961853027344:21.900001525878906] [-8.3999996185302734:45.099998474121094] [15:97] [0:108.30000305175781] [0.28999999165534973:12.140000343322754] [0.0099999997764825821:0.43200001120567322] [1.0399999618530273:31.889999389648438] [0:12.885714530944824] [5.2199997901916504:76.400001525878906] [0:583.29998779296875] [-13.057143211364746:11.314285278320312]
tree_sizes=11709 11692 11701 11741 11655 11812 11678 11741 11690 11733 11788 11789 11719 11726 11698 11766 11743 11772 11603 11849 11795 11807 11760 11729 11789 11730 11753 11829 11851 11742 11728 11717 11984 11722 11773 11662 11769 11833 11748 11957 11763 11824 11736 11823 11765 11840 11842 11857 11749 11994 11700 11852 11812 11752 11752 11956 11802 11718 11802 11849 11714 11788 11719 11798 11716 11724 11793 11823 11841 11797 11769 11801 11805

Tree=0
num_leaves=127
num_cat=17
split_feature=1 48 22 25 4 4 37 12 1 37 23 12 31 12 23 26 27 25 44 25 1 28 32 27 25 1 25 25 31 23 25 25 26 2 28 2 1 22 11 1 48 1 1 31 31 4 25 3 25 48 33 28 26 25 26 22 23 25 1 22 4 25 25 1 11 4 8 25 2 25 27 25 4 44 4 25 25 22 23 25 25 23 28 48 22 31 25 25 3 25 4 1 33 25 27 11 25 1 1 4 20 25 25 1 25 27 4 27 32 25 1 23 27 25 4 44 1 47 3 22 23 1 23 1 25 44
split_gain=38817.8 17284.1 9741.06 6250.89 5786.58 5186.89 5134.83 3705.79 3298.52 2670.63 2454.28 2286.51 1980.21 1704.21 1584.76 1572.18 1528.99 1601.63 1517.91 1482.59 2157.97 2485.79 1569.82 1428.88 1411.6 1398.13 1284.73 1274.57 1177.16 1749.18 1106.73 1321.55 1467.36 1105.84 1044.74 1003.42 1002.77 988.809 1271.44 986.151 985.897 965.028 3889.85 922.352 839.916 810.312 871.82 793.043 786.812 846.658 776.254 774.174 812.776 886.928 753.626 710.007 707.587 701.087 680.752 675.377 647.755 2902.92 1370.07 797.207 644.87 642.345 640.968 635.295 631.673 651.14 623.576 825.636 606.478 603.648 847.336 602.785 556.213 552.041 547.439 546.829 544.323 533.411 521.351 504 496.518 586.752 492.896 1499.97 751.975 495.016 589.303 462.054 457.539 491.022 445.133 442.601 434.385 434.183 432.777 421.941 420.191 403.484 500.445 427.725 605.796 500.411 393.854 406.74 483.544 438.985 393.511 384.107 382.689 391.216 1001.58 1069.38 1886.58 775.833 381.893 385.798 379.701 375.186 367.074 360.425 393.391 357.029
threshold=9.461545944213869 6.9500000476837167 -0.16339722275733945 7.5000000000000009 0 1 18.050000190734867 -0.42958799004554743 5.1923544406890878 12.34999990463257 0.038110742345452316 -0.9711191952228545 0.048018604516983039 -0.20180761069059369 0.064333807677030577 0.065306846052408232 0.086274277418851866 77.500000000000014 0.10750000178813936 85.500000000000014 7.3527534008026132 0.093814611434936537 0.18608357757329944 0.16058247536420825 63.500000000000007 7.4465231895446786 73.500000000000014 15.500000000000002 0.07221452891826631 0.058227287605404861 88.500000000000014 78.500000000000014 0.072340067476034178 2 0.11498869955539705 3 9.7953972816467303 -0.048317784443497651 0.43733377754688268 7.5704805850982675 13.449999809265138 7.1552743911743173 7.3527534008026132 0.019181609153747562 0.046168554574251182 4 20.500000000000004 5 29.500000000000004 103.75000000000001 1.7500000000000002 0.094471801072359099 0.11644427105784418 17.500000000000004 0.15054184943437579 -0.21544760465621945 0.081555202603340163 16.500000000000004 7.1552743911743173 -0.21072954684495923 6 38.500000000000007 18.500000000000004 7.1113042831420907 0.24372619390487674 7 8.5000000000000018 81.500000000000014 8 87.500000000000014 0.064750330522656455 69.500000000000014 9 0.052500000223517425 10 16.500000000000004 93.500000000000014 -0.76414203643798817 0.12228051945567132 55.500000000000007 20.500000000000004 0.058227287605404861 0.086976997554302229 1.0000000180025095e-35 -0.10472935810685156 0.058825369924306876 68.500000000000014 72.500000000000014 11 15.500000000000002 12 5.759707212448121 6.6500005722045907 74.500000000000014 0.1045757830142975 -0.30983471870422358 10.500000000000002 5.0493419170379648 5.0493419170379648 13 70.500000000000014 117.50000000000001 81.500000000000014 5.759707212448121 103.50000000000001 0.11874964460730554 14 0.051913643255829818 0.19815347343683246 72.500000000000014 5.0493419170379648 0.054210091009736068 0.058846931904554374 31.500000000000004 15 0.12350000068545343 5.759707212448121 49.204999923706062 16 0.24155453592538836 0.10777157172560693 4.5047848224639901 0.12977331131696704 5.759707212448121 60.500000000000007 0.12350000068545343
decision_type=2 2 8 2 9 9 2 2 2 2 10 2 10 2 8 10 2 2 2 2 2 10 10 2 2 2 2 2 10 10 2 2 8 9 10 9 2 10 2 2 2 2 2 10 10 9 2 1 2 2 2 10 10 2 10 10 10 2 2 10 9 2 2 2 2 9 2 2 9 2 2 2 9 2 9 2 2 10 10 2 2 10 10 2 8 10 2 2 1 2 9 2 2 2 2 2 2 2 2 9 2 2 2 2 2 2 9 2 10 2 2 10 2 2 9 2 2 2 1 10 10 2 10 2 2 2
left_child=1 7 4 -2 12 36 14 25 18 27 43 -11 44 16 -7 33 91 60 24 20 22 -22 55 -19 73 35 40 -10 37 -30 31 54 111 -12 95 70 -5 38 45 -27 -8 118 94 110 82 46 50 -26 49 -48 -20 52 53 -45 57 -17 -24 -29 92 -57 61 62 -18 -64 -49 101 -47 -31 -34 -70 71 112 -39 74 -4 -35 83 -55 -58 -56 -62 -14 -3 -9 85 -59 89 88 -88 90 -40 -13 -37 -94 -43 -16 97 -68 -92 -21 -82 102 -15 104 -104 -105 -86 109 -109 -108 -6 -33 123 114 115 -114 -117 -118 119 -32 -101 -74 -67 124 125 -1
right_child=3 2 8 5 10 6 26 76 9 11 15 13 81 65 34 19 17 23 28 99 21 -23 56 -25 47 39 -28 30 29 67 41 32 68 75 -36 58 -38 72 86 -41 -42 42 -44 51 -46 66 48 64 -50 -51 -52 -53 -54 77 79 59 78 84 -60 -61 80 -63 63 -65 -66 122 96 -69 69 -71 -72 -73 121 -75 -76 -77 -78 -79 -80 -81 100 -83 -84 -85 106 -87 87 -89 -90 -91 98 -93 93 -95 -96 -97 -98 -99 -100 120 -102 -103 103 105 -106 -107 107 108 -110 -111 -112 -113 113 -115 -116 116 117 -119 -120 -121 -122 -123 -124 -125 -126 -127
leaf_value=-0.0055356322149111977 0.028006997632691797 0.042522534511739207 -0.12551137999444564 -0.00084356479274181565 -0.01975291288286872 -0.05333599214501019 -0.31570174234701415 0.0043530744451517932 0.014560810563398943 0.00085388828777140102 0.007417819617643589 -0.017403064296355856 -0.047174952797067814 -0.013572473088491886 -0.16513247547227711 0.0091086411104480507 -0.032291766386974459 -0.05861711695999635 0.033169588352225429 0.0063376787845006851 -0.19966120765351178 0.0082418278585571578 -0.081527362769641176 -0.0024364579685636034 -0.033139050544752593 -0.12039980373023884 -0.17408155613492887 -0.057869013982839702 -0.02158165955472871 -0.039235944756626215 -0.0029557005960596295 0.011071613551525587 -0.0038671924726738508 0.028802272981886215 -0.22950322474402032 0.00055999038765003968 -0.10344950254146869 0.015816173747451392 -0.083855051374923398 -0.021602363922122985 -0.21067784060955047 -0.099399839267134665 -0.0017773383689678407 0.017289176409145162 0.063049617649276149 -0.0065978963831690111 -0.082459172841278822 -0.040785736843456051 0.0033141944391903381 0.0073832265075468853 -0.051941357661687997 -0.03486862015233904 0.0093643395647694926 0.01209184377316137 0.031535355277379648 -0.039398565945693333 -0.0084047570119792983 -0.0033409496392410982 0.025824214503280266 0.0042274145838687638 -0.00433025260628166 -0.011623609831329868 -0.08541011116141739 -0.17092919336557388 -0.11464039674497969 -0.0092584871589640252 -0.021508907575123137 -0.11747943593152835 -0.016800554852908271 -0.07600195030880974 -7.5951369537918703e-05 0.023421279447692466 -0.032963483267939346 -0.016816669211370944 -0.026784634625456466 -0.011328726082160677 -0.013831810502961429 -0.022783043531968986 -0.049596590600230687 -0.0020755477887177101 -0.024080257549291537 0.012256048860135694 0.012835407643590719 -0.0053391180378425983 -0.010871907555333122 -0.05133922472902306 -0.032000468107463827 -0.027111304060519332 -0.11687229813199335 -0.021474865693389415 -0.0072494759357723685 -0.0075917619164446639 0.007432495999571906 0.00045882535890340678 -0.18478824692803461 -0.10530958613836794 -0.018208209868385193 -0.076068197094379592 -0.060814234893043322 0.013543228212266792 -0.01566489131915557 0.0024046361052265024 -0.045214273832369922 -0.014779698291335941 -0.0086640949160955074 -0.054311266161525366 -0.0016134020757269721 -0.0045211475233875517 -0.01534461888611993 0.022022760294833174 -0.051513434325951332 -0.033989909244404197 6.4464532296565886e-05 0.01479118322475092 0.013991519037843477 0.021337417861108075 -0.062445541364291021 -0.16860478009255425 0.0071884286145593081 -0.015560733548416394 0.028565167632208861 -0.0072179081867160735 -0.026545890362073023 0.010050037509757836 -0.034606428940531231 0.027953957175933269
leaf_weight=1978 172 1639 119 153 631 157 294 5806 2488 10292 4405 7266 143 26879 251 6710 415 1857 842 5582 105 101 189 522 294 112 129 252 962 136 38754 177 5088 346 151 28664 194 980 262 469 124 119 839 704 1265 4558 253 148 713 150 108 1081 1859 457 738 574 1041 420 1251 718 2084 1855 488 124 392 58649 300 307 5083 172 4515 4686 561 1412 227 11598 5688 3804 402 1061 12167 2428 790 28666 17470 504 136 1259 310 4536 330 10660 31550 12763 110 216 27495 234 230 6791 9534 1193 1398 3966 577 310 3235 18954 4620 904 796 4196 1223 11971 3507 175 154 105 3139 2315 1950 5461 1126 2921 354 334
leaf_count=1978 172 1639 119 153 631 157 294 5806 2488 10292 4405 7266 143 26879 251 6710 415 1857 842 5582 105 101 189 522 294 112 129 252 962 136 38754 177 5088 346 151 28664 194 980 262 469 124 119 839 704 1265 4558 253 148 713 150 108 1081 1859 457 738 574 1041 420 1251 718 2084 1855 488 124 392 58649 300 307 5083 172 4515 4686 561 1412 227 11598 5688 3804 402 1061 12167 2428 790 28666 17470 504 136 1259 310 4536 330 10660 31550 12763 110 216 27495 234 230 6791 9534 1193 1398 3966 577 310 3235 18954 4620 904 796 4196 1223 11971 3507 175 154 105 3139 2315 1950 5461 1126 2921 354 334
internal_value=-0.00657144 -0.00608231 -0.00953226 -0.144046 0.00198322 -0.161783 -0.18887 0.00262699 -0.0115853 -0.0102076 -0.00143262 -0.0127971 0.0291553 -0.013793 -0.138888 0.00176249 -0.0184602 -0.0227123 -0.0184324 0.00662366 -0.00234177 -0.0981808 -0.000282507 -0.0462962 -0.0408164 0.00554986 -0.259302 -0.00666478 -0.0172741 -0.0443401 -0.00715321 -0.00972849 -0.0175964 -0.00542204 -0.160501 0.00580405 -0.0583407 -0.0164926 -0.0182437 -0.0408218 -0.285123 -0.00357682 -0.0317422 -0.0153019 0.0432234 -0.0158783 0.00234007 -0.0729422 -0.0156342 -0.0490836 0.0234494 -0.0112918 -0.00755236 -0.0138869 -0.00732392 0.00518723 -0.0270884 -0.00806327 0.00388937 -0.0151699 -0.0206067 -0.0340404 -0.0744796 -0.102988 -0.0945116 -0.0114631 -0.0170334 -0.0936013 -0.0114348 -0.0187167 0.0102514 0.0119563 -0.00605941 -0.025543 -0.0610036 -0.0101554 -0.00514099 -0.0190407 -0.0199066 0.0117224 -0.0189776 0.00893342 0.0328764 -0.00370662 -0.0077898 -0.029549 -0.0298449 -0.0438989 -0.0911216 -0.0253654 -0.0467819 -0.0115694 0.00351354 0.005424 -0.141041 -0.137747 -0.01873 -0.0455144 -0.0293185 0.0127827 -0.020384 -0.0147343 -0.0153516 -0.0229982 -0.0345459 -0.0176577 -0.00734418 -0.00512002 -0.00664288 0.00355305 -0.037493 -0.0321639 0.00959098 0.011814 0.00491101 -0.0143045 -0.0547029 -0.105966 -0.00289568 -0.00366659 0.0168973 -0.0096214 -0.00958457 0.0027721 -0.00520275 -0.000687609
internal_weight=519557 517716 370824 1841 56109 1669 1322 146892 314715 262000 49844 151362 6265 141070 775 40512 46972 29046 52715 24163 9840 206 9634 2379 2592 106732 547 110638 50123 1405 108150 62874 14716 16349 618 106151 347 48718 41716 581 418 45276 1068 9332 3694 34653 2066 834 1116 403 950 7905 6824 4965 48158 8002 1632 46359 74228 1292 26667 2882 1027 612 540 94098 32587 443 10343 5255 31923 27408 7002 1758 346 11944 40160 4261 1443 1799 23785 2571 2429 34472 46107 924 7063 1705 446 5358 822 17926 72977 44313 229 467 28029 534 560 14323 21701 34323 33130 6251 1975 4276 45183 27713 23574 4139 1427 4373 22722 17135 5164 1657 434 259 44208 41069 8741 6022 59775 5587 2666 2312
internal_count=519557 517716 370824 1841 56109 1669 1322 146892 314715 262000 49844 151362 6265 141070 775 40512 46972 29046 52715 24163 9840 206 9634 2379 2592 106732 547 110638 50123 1405 108150 62874 14716 16349 618 106151 347 48718 41716 581 418 45276 1068 9332 3694 34653 2066 834 1116 403 950 7905 6824 4965 48158 8002 1632 46359 74228 1292 26667 2882 1027 612 540 94098 32587 443 10343 5255 31923 27408 7002 1758 346 11944 40160 4261 1443 1799 23785 2571 2429 34472 46107 924 7063 1705 446 5358 822 17926 72977 44313 229 467 28029 534 560 14323 21701 34323 33130 6251 1975 4276 45183 27713 23574 4139 1427 4373 22722 17135 5164 1657 434 259 44208 41069 8741 6022 59775 5587 2666 2312
cat_boundaries=0 1 2 3 4 5 6 7 8 9 10 11 12 13 14 15 16 17
cat_threshold=2 1 4 2 2 2 2 1 12 2 1 2 2 4 1 1 2
is_linear=0
shrinkage=0.03


Tree=1
num_leaves=127
num_cat=17
split_feature=0 48 21 4 25 4 46 12 0 30 31 8 12 12 23 0 25 2 22 0 27 23 0 44 25 21 31 23 0 4 0 32 27 30 48 20 47 26 2 3 0 25 4 43 25 12 22 21 30 25 25 25 4 27 20 25 26 25 25 22 22 22 2 3 25 25 25 24 44 4 25 0 25 22 27 0 4 25 25 0 30 0 25 48 22 13 48 25 24 25 25 4 24 25 25 23 32 22 23 23 44 25 3 25 8 0 26 2 25 20 25 23 31 8 27 0 30 25 23 27 4 25 0 2 25 48
split_gain=39615.9 16207.2 12383.4 6150.51 5802.26 5238.71 4788.82 3478.61 3276.29 2679.49 2102.89 1969.06 2099.31 1907.47 1646.08 1520.69 1952.81 1447.42 1506.85 2498.5 1442.45 1436.99 1280.68 1216.81 1168.95 1153.86 1093.36 1458.47 978.594 953.602 945.567 930.673 928.567 1151.59 927.046 869.828 781.794 744.858 702.996 687.555 665.101 656.872 640.383 1695.4 934.962 688.254 636.525 686.785 870.306 633.3 631.764 1539.33 626.845 617.341 616.705 583.161 570.407 568.708 1496.58 567.529 552.007 546.163 541.385 541.261 1271.9 611.123 581.627 530.319 525.631 705.872 521.465 772.652 517.91 516.669 582.3 594.536 503.708 2555.61 1436.05 1015.94 489.748 893.22 1098.8 488.127 477.654 472.916 469.185 455.697 453.781 507.102 723.352 694.176 503.147 441.892 837.272 439.943 438.066 427.243 647.845 416.75 407.048 658.663 850.636 404.861 401.743 400.045 397.279 396.347 413.938 384.322 383.783 381.693 727.095 501.264 369.627 532.612 369.543 366.996 422.592 362.304 539.599 950.838 357.79 353.583 803.044 352.427
threshold=13030.000000000002 6.9500000476837167 0.090277068316936507 0 7.5000000000000009 1 0.60714283585548412 -0.41399101912975306 180.00000000000003 0.092384941875934615 0.048018604516983039 11.500000000000002 -0.9711191952228545 -0.18493013828992841 0.064333807677030577 550.00000000000011 77.500000000000014 2 -1.4639971256256101 1560.0000000000002 0.16058247536420825 0.038110742345452316 1715.0000000000002 0.10750000178813936 63.500000000000007 0.056888267397880561 0.07221452891826631 0.058227287605404861 17950.000000000004 3 1940.0000000000002 0.18322819471359256 0.058047603815793998 0.1373502463102341 1.0000000180025095e-35 94.500000000000014 9.4650001525878924 0.14566303044557574 4 5 850.00000000000011 81.500000000000014 6 3.2250000238418584 27.500000000000004 -0.94703993201255787 -0.45983055233955378 0.081666920334100737 0.11661468073725702 14.500000000000002 24.500000000000004 29.500000000000004 7 0.1045757830142975 91.500000000000014 93.500000000000014 0.11405843496322633 24.500000000000004 17.500000000000004 -2.3023446202278133 0.078600723296403899 0.17266365140676501 8 9 69.500000000000014 64.500000000000014 60.500000000000007 0.96505644917488109 0.052500000223517425 10 10.500000000000002 155.00000000000003 85.500000000000014 -0.11594646796584128 0.1045757830142975 715.00000000000011 11 38.500000000000007 18.500000000000004 1225.0000000000002 0.085353039205074324 325.00000000000006 81.500000000000014 90.149997711181655 -0.21072954684495923 24.500000000000004 1.0000000180025095e-35 37.500000000000007 1.0279535055160525 65.500000000000014 64.500000000000014 12 0.9599609673023225 15.500000000000002 16.500000000000004 0.10777157172560693 0.2541054636240006 -0.092327993363142 0.099415287375450148 0.12228051945567132 0.14350000023841861 66.500000000000014 13 55.500000000000007 9.5000000000000018 1255.0000000000002 0.011900437995791437 14 86.500000000000014 95.500000000000014 52.500000000000007 0.093464292585849776 0.05542473495006562 2.5000000000000004 0.059944719076156623 850.00000000000011 0.10479542613029481 20.500000000000004 0.067687273025512709 0.15358696132898333 15 29.500000000000004 325.00000000000006 16 20.500000000000004 110.84999847412111
decision_type=2 2 8 9 2 9 2 2 2 10 10 2 2 2 8 2 2 9 10 2 2 10 2 2 2 10 10 10 2 9 2 8 2 10 2 2 2 10 9 1 2 2 9 2 2 2 10 10 10 2 2 2 9 2 2 2 10 2 2 10 8 10 9 1 2 2 2 2 2 9 2 2 2 8 2 2 9 2 2 2 8 2 2 2 10 2 2 2 2 2 2 9 2 2 2 10 10 10 10 10 2 2 1 2 2 2 10 9 2 2 2 10 10 2 2 2 10 2 10 2 9 2 2 9 2 2
left_child=1 7 3 10 -2 28 14 22 23 21 37 12 -10 15 -7 63 76 25 19 59 40 84 34 24 68 95 42 -28 -6 80 -24 53 33 60 62 -8 109 116 57 -26 72 -29 43 50 49 -44 -27 -48 -49 -45 -25 83 -13 97 -38 86 117 58 -23 -19 106 -40 103 65 67 66 -14 -65 69 -4 71 -47 -18 74 75 -34 77 78 -17 -80 81 82 -15 -52 -5 -41 -9 119 89 90 110 92 -91 -54 -95 -11 -75 -31 -99 -77 101 -72 -103 -1 -104 107 -33 108 -36 -16 -89 112 -12 -113 -110 -116 -3 -20 -119 -78 -121 -122 -68 124 -82 -96
right_child=4 2 8 9 5 6 35 55 11 17 111 52 13 29 36 16 20 18 56 -21 -22 38 30 26 39 46 27 41 -30 31 -32 32 73 -35 105 -37 54 -39 61 85 -42 -43 45 44 -46 70 47 48 -50 -51 51 -53 93 -55 -56 -57 -58 -59 -60 -61 -62 -63 -64 64 -66 -67 122 -69 -70 -71 100 -73 -74 96 -76 99 87 -79 79 -81 123 -83 -84 -85 -86 -87 -88 88 -90 91 -92 -93 -94 94 125 -97 -98 98 -100 -101 -102 102 104 -105 -106 -107 -108 -109 114 -111 -112 113 -114 -115 115 -117 -118 118 -120 120 121 -123 -124 -125 -126 -127
leaf_value=0.0086782666688067014 0.027020044675247268 0.036343607924592236 -0.12001064281695005 -0.030609496492404274 0.0013928392794850754 -0.055873726108206477 -0.30562966397245422 0.0040908661211938617 0.0010143715176284499 0.012144805320056375 0.0071796508463548457 -0.0095972574598637856 -0.0086493962184018454 -0.016616949775399903 -0.07536309062553008 -0.029156620257113249 -0.15409385504041401 0.037600638275237186 0.013178475071298868 -0.14797527713448771 -0.0020139575771260456 0.016476685468009428 -0.11538264461052723 0.026888446212685255 -0.032898769884373444 -0.018553823836635074 -0.0239587604133987 -0.035019888456602741 -0.10043235135659938 -0.034732474110285551 -0.019904145299708829 0.027789426782930438 -0.0053384410512623531 0.024069233357009064 0.0054082685619760932 -0.21667372278099797 -0.16176791552514597 0.018097674945691526 -0.010012816158607307 -0.11137898193595148 -0.051208742343863502 -0.11601233992164266 -0.0039103751795718841 -0.050146273187967154 -0.0069146881163382433 -0.015229517876680374 0.0084767412075597882 -0.026607102552778646 0.0028511816603335452 -0.13239192069895497 -0.118542728785236 0.0084630449813381022 0.015441743002883562 -0.066485317259718721 -0.23280994265767763 -0.014163820893643224 0.0040200766199263967 0.0058083164662795003 -0.1274927181175777 -0.027416135010382738 0.0011892917465620443 0.011755931059929824 0.0064159786795150641 0.030664919832636257 -0.10077833426986323 0.0031513090244358354 -0.041422533570984785 -0.020103433762004658 -0.017919920843989124 -0.027669017467217661 -0.020100115841639257 -0.067173296388770842 -0.06812774634836409 -0.008936007842390398 0.0037501723466691777 -0.093154063767025008 -0.0064440509084371283 -0.01100949183912028 -0.078108327103339412 -0.17559543233709174 -0.087264815636950988 -0.015496601855780581 -0.062621727789082329 -0.030329115584089947 -0.010912703822825122 -0.049323510797198357 -0.0053383639358433261 -0.025301231755069056 -0.035997007852114453 -0.050640281468940881 -0.052489326939002837 0.0058130199424917704 -0.014914241247925472 -0.060157887606038178 -0.0023982996819214859 0.026856297512702826 -0.021115336540608595 0.0051336963573248877 -0.025584746366658924 -0.040831151328383213 -0.017949369778425584 -0.025339941357107772 -0.11510540422412657 0.01850864051062245 -0.055433348598431589 0.023485100467899287 -0.018920136845659671 -0.00018120347311158082 0.033366927030501814 -0.15414750450162945 -0.013590050633286714 0.02003113009162942 -0.061233718206737925 -0.036795599123044892 -0.03385524630206093 0.00031521703085150225 0.058892791668412547 -0.013070926468006526 0.01007105103079638 -0.0134321633349785 -0.022242472975601463 -0.132955471013601 -0.01112681781473631 -0.014970380126219145 -0.0075337028400457246 -0.019305894870255837
leaf_weight=7699 160 1043 114 3115 145 146 261 5741 10367 6357 858 20291 8365 936 102 521 104 137 686 154 522 170 116 954 292 1140 953 132 204 1223 465 175 322 1531 38596 183 323 820 16077 337 1840 291 2715 342 380 529 11650 1248 3254 112 117 1285 1149 277 182 5612 8625 5327 104 976 5287 1108 27731 196 171 3342 868 3117 1420 214 2188 503 166 73667 389 185 4281 2111 529 118 114 5297 934 110 1722 168 27477 6736 1541 383 695 1466 4705 232 28219 2570 2757 1036 1529 535 32299 553 185 7395 232 864 2403 23212 168 132 4029 2851 166 146 676 1043 1787 5270 820 964 214 103 590 28566 10074 1154
leaf_count=7699 160 1043 114 3115 145 146 261 5741 10367 6357 858 20291 8365 936 102 521 104 137 686 154 522 170 116 954 292 1140 953 132 204 1223 465 175 322 1531 38596 183 323 820 16077 337 1840 291 2715 342 380 529 11650 1248 3254 112 117 1285 1149 277 182 5612 8625 5327 104 976 5287 1108 27731 196 171 3342 868 3117 1420 214 2188 503 166 73667 389 185 4281 2111 529 118 114 5297 934 110 1722 168 27477 6736 1541 383 695 1466 4705 232 28219 2570 2757 1036 1529 535 32299 553 185 7395 232 864 2403 23212 168 132 4029 2851 166 146 676 1043 1787 5270 820 964 214 103 590 28566 10074 1154
internal_value=-0.00645076 -0.00595703 -0.00929616 0.00131084 -0.145445 -0.161896 -0.189051 0.0024805 -0.0121288 -0.00146471 0.0268199 -0.0107509 -0.0121223 -0.0128588 -0.148414 -0.0180284 -0.0219531 0.00322875 -0.00368311 -0.0351205 -0.0466714 -0.00875156 0.00525005 -0.0194393 -0.0396054 0.00762124 -0.0182688 -0.0445824 -0.0582436 -0.0110627 -0.0391325 -0.00928912 -0.00863519 0.000273488 0.00549055 -0.269535 -0.166596 0.0433035 -0.00559842 -0.0697006 -0.0577132 -0.0908803 -0.0174159 -0.00472208 -0.0416706 -0.0184843 0.00310189 0.00463139 -0.00531905 -0.0706823 0.00778572 -0.004277 -0.00550454 -0.0233194 -0.187781 -0.00522004 -0.00109711 0.00363106 -0.0384335 -0.0193866 -0.00436106 -0.00860367 0.00891292 -0.0107131 -0.0212268 -0.00792938 -0.0116992 -0.0170916 -0.0258515 -0.0600306 -0.0195685 -0.0405876 -0.101687 -0.00971033 -0.0275656 -0.0392488 -0.0196604 -0.0307211 -0.0663071 -0.0961316 -0.0145893 -0.0217944 -0.0396159 -0.0761166 -0.023601 -0.0908731 -0.00370866 -0.0182153 -0.0203706 -0.0190319 -0.0228387 -0.0123729 -0.0176129 -0.002804 -0.00351264 0.0163826 -0.00937565 -0.0201461 -0.0131804 -0.0543858 -0.0189556 -0.0292381 -0.0498083 0.0134864 -0.0821186 0.00322022 -0.0157398 0.00294497 0.00473628 -0.120272 -0.0209198 0.0118501 -0.00395972 0.0172514 -0.00897876 -0.0131343 0.050598 -0.00761029 -0.00995379 -0.0106354 -0.0246268 -0.0585204 -0.029179 -0.0132563 -0.00842607 -0.0030632
internal_weight=519565 517727 370932 78181 1838 1678 1329 146795 292751 70510 7671 246326 195281 184914 885 47677 31028 42887 16668 1267 2632 27623 107965 46425 2545 26219 43880 1376 349 137237 581 91316 87251 9396 107384 444 739 3650 22786 797 2110 423 42504 3300 834 39204 17292 16152 4502 454 2466 1512 51045 4065 505 38830 15401 5601 274 1113 7865 17185 42825 16649 3484 13165 9823 3313 1748 328 36489 1032 270 77855 1431 1042 28396 3279 1168 647 45921 7167 1870 227 4837 505 33218 25117 19555 18014 11460 6554 5088 30754 29605 8927 76424 3788 2565 720 35457 3158 970 15094 417 64559 2578 63695 40483 234 10765 4021 1024 2997 1887 1719 2830 6776 6090 5562 1281 317 1458 38754 10188 29373
internal_count=519565 517727 370932 78181 1838 1678 1329 146795 292751 70510 7671 246326 195281 184914 885 47677 31028 42887 16668 1267 2632 27623 107965 46425 2545 26219 43880 1376 349 137237 581 91316 87251 9396 107384 444 739 3650 22786 797 2110 423 42504 3300 834 39204 17292 16152 4502 454 2466 1512 51045 4065 505 38830 15401 5601 274 1113 7865 17185 42825 16649 3484 13165 9823 3313 1748 328 36489 1032 270 77855 1431 1042 28396 3279 1168 647 45921 7167 1870 227 4837 505 33218 25117 19555 18014 11460 6554 5088 30754 29605 8927 76424 3788 2565 720 35457 3158 970 15094 417 64559 2578 63695 40483 234 10765 4021 1024 2997 1887 1719 2830 6776 6090 5562 1281 317 1458 38754 10188 29373
cat_boundaries=0 1 2 3 4 5 6 7 8 9 10 11 12 13 14 15 16 17
cat_threshold=2 1 6 1 4 2 2 1 2 2 1 2 4 2 6 4 4
is_linear=0
shrinkage=0.03


Tree=2
num_leaves=127
num_cat=39
split_feature=0 5 5 48 5 46 30 5 5 29 11 31 5 5 0 5 23 5 23 5 0 25 0 5 0 36 0 12 0 22 5 31 22 27 4 0 0 2 11 0 3 23 11 25 25 0 25 0 5 27 5 5 5 46 0 2 5 27 4 0 0 27 5 27 5 5 25 48 4 27 46 12 25 0 5 0 5 0 4 5 0 27 5 0 25 5 0 25 22 5 0 31 25 27 25 0 0 25 0 27 5 12 29 0 26 12 12 11 27 5 5 5 27 30 27 5 0 25 0 0 25 0 5 26 25 25
split_gain=34928.1 15266.5 12353.4 11229.1 8722.04 5410.96 5147.79 4251.13 4231.84 3534.67 4681.59 3475.22 3409.6 3393.85 2800.99 3210.17 2180.35 2169.24 2121.94 1925.85 1880.69 1858.65 1717.28 1556.42 1656.03 1466.81 1453.05 1308.31 1254.87 2434.9 1236.28 1224.16 1252.29 1209.05 1139.63 4049.4 4611.18 1426.62 1370.25 1081.15 2301.54 1028.01 981.833 913.618 891.522 2630.87 2299.73 1883.68 3522.76 2724.59 2025.85 1964.71 877.17 851.498 838.672 823.686 1404.74 1778.85 1764.5 912.326 1475.01 1006.08 831.66 926.486 822.97 820.397 754.829 753.994 778.896 729.669 728.282 705.444 820.611 703.205 691.595 666.255 655.479 654.978 646.463 632.572 628.176 820.424 611.092 1284.92 638.054 597.204 580.405 710.713 663.951 605.767 576.896 564.706 558.601 585.169 829.442 554.874 554.237 552.608 543.088 537.978 518.801 737.339 516.305 513.886 504.264 504.245 597.225 503.549 493.503 863.46 485.14 482.501 507.85 479.594 474.268 1530.45 767.982 580.559 527.375 463.162 461.662 453.139 623.102 452.252 444.834 443.624
threshold=13030.000000000002 0 1 5.2500000000000009 2 6.8785712718963632 0.19365485012531283 3 4 0.052709037438035018 0.23537775129079822 0.03126017842441798 5 6 225.00000000000003 7 0.093464292585849776 8 0.058227287605404861 9 1615.0000000000002 50.500000000000007 17950.000000000004 10 155.00000000000003 4.8499999046325692 1940.0000000000002 -0.41399101912975306 1560.0000000000002 -0.22299814224243161 11 0.048095963895320899 -0.049133053049445145 0.15550526976585391 12 325.00000000000006 950.00000000000011 13 -0.91246706247329701 155.00000000000003 14 0.058227287605404861 0.3903625756502152 18.500000000000004 21.500000000000004 325.00000000000006 14.500000000000002 950.00000000000011 15 0.058846931904554374 16 17 18 1.2928571701049807 90.000000000000014 19 20 0.055219287052750594 21 615.00000000000011 850.00000000000011 0.095947422087192549 22 0.053263295441865928 23 24 115.50000000000001 89.200000762939467 25 0.095947422087192549 3.9285713434219365 1.0000000180025095e-35 5.5000000000000009 325.00000000000006 26 325.00000000000006 27 61.500000000000007 28 29 325.00000000000006 0.086274277418851866 30 850.00000000000011 47.500000000000007 31 90.000000000000014 17.500000000000004 -0.11594646796584128 32 1225.0000000000002 0.037844371050596244 18.500000000000004 0.056865874677896507 49.000000000000007 325.00000000000006 1940.0000000000002 97.500000000000014 155.00000000000003 0.064750330522656455 33 -0.28519998490810389 0.15539915859699252 1560.0000000000002 0.12083044648170473 0.7074720859527589 0.94636487960815441 0.29342973232269293 0.08212983608245851 34 35 36 0.05270845256745816 0.10479542613029481 0.089248880743980422 37 950.00000000000011 81.500000000000014 325.00000000000006 325.00000000000006 82.500000000000014 950.00000000000011 38 0.14629344642162326 58.500000000000007 88.500000000000014
decision_type=2 9 9 2 9 2 10 9 9 10 2 10 9 9 2 9 8 9 10 9 2 2 2 9 2 2 2 2 2 10 9 10 10 2 9 2 2 9 2 2 1 10 2 2 2 2 2 2 9 2 9 9 9 2 2 9 9 2 9 2 2 2 9 2 9 9 2 2 9 2 2 2 2 2 9 2 9 2 9 9 2 2 9 2 2 9 2 2 8 9 2 8 2 2 2 2 2 2 2 2 9 2 8 2 10 2 2 2 2 9 9 9 2 10 2 9 2 2 2 2 2 2 9 10 2 2
left_child=1 4 8 12 11 9 7 25 16 10 17 54 34 55 15 -9 -2 26 23 74 30 -18 -4 86 -25 42 53 80 104 -30 97 32 44 -23 35 -3 38 64 -37 40 -39 -8 95 -33 45 52 -47 49 90 51 78 -48 -16 121 111 62 -57 67 59 -59 61 -61 -12 119 -36 123 114 68 -58 -60 -56 72 -26 -32 -11 99 102 -67 -51 -46 110 -82 83 84 -83 -52 87 -17 -89 -88 -49 -79 -73 94 -94 -5 -22 -7 -70 -19 101 -77 -44 -41 -21 -24 -107 -75 109 -97 -14 -1 -113 -13 117 -116 -117 -45 -119 -64 -62 122 -6 -15 -42 -96
right_child=2 3 22 6 5 20 41 14 -10 19 13 113 27 65 31 18 21 75 -20 28 96 33 105 24 71 -27 -28 -29 29 -31 73 43 -34 -35 37 36 -38 39 -40 103 124 -43 76 66 79 46 47 48 -50 50 85 -53 -54 -55 70 56 57 58 69 60 120 -63 63 -65 -66 77 -68 -69 98 -71 -72 92 -74 107 -76 100 -78 91 -80 -81 81 82 -84 -85 -86 -87 89 88 -90 -91 -92 -93 93 -95 125 108 -98 -99 -100 -101 -102 -103 -104 -105 -106 106 -108 -109 -110 -111 -112 112 -114 -115 115 116 -118 118 -120 -121 -122 -123 -124 -125 -126 -127
leaf_value=0.029632513732882212 -0.031934613265871901 0.01525355076048154 0.01413884982301653 -0.018467316922367312 -0.021206000893496963 0.015991869053274967 -0.042791250695762055 -0.14607211456208477 -0.28373823917727392 0.017098441619493338 -0.0074294813937664768 0.032981551344760544 -0.0038493502733353982 -0.0052609095979371375 0.0097739038707246283 -0.097293064789915132 -0.10143034952800148 -0.0079833269714989254 -0.1003282917448497 -0.0039155962322718488 -0.12395039114621606 -0.16786791217791569 -0.039022756181403322 -0.021855927693025665 -0.089050172537565225 -0.0083186364827501132 -0.087242830170842708 -0.0052729352253487677 -0.17752388099958707 0.0028307978363397218 -0.0093431987001886905 -0.11214074520089409 0.0023778424857378161 -0.27697548823224172 0.020141216263193672 -0.086274124538596675 0.032763009534403684 -0.1510389758169651 -0.18783234632158854 -0.011890855003754952 -0.008330588765446385 0.01704059193898131 -0.0090402037128479856 -0.019276059005159732 -0.0026574709480958144 -0.0022246146933546903 -0.12129364880568839 -0.078821502472023172 6.7386998325644979e-05 -0.13274254113913855 -0.087113009670508237 -0.018696957587510461 -0.019802544242952063 0.0067559105609590062 0.011859238527203031 -0.016169866663969787 -0.044157498463187825 0.024861936856549784 -0.027789331210688464 -0.18321387140721571 -0.018522682853567812 -0.078998958193680108 -0.11544901534449309 -0.012209430549178498 -0.0070287505730149968 -0.06085453538658276 -0.012908219362097417 -0.034283174891625683 -0.13969266929214805 0.014066269572089476 0.026959015791497235 -0.11434466231064719 -0.002471870860368337 0.0082386321421344996 0.0056682220443432414 0.004369165381918466 -0.01587767483186903 0.012427504796489797 -0.22100203817420533 -0.016104408765848482 0.01407904806550468 0.0018039644845428587 0.0083612399832386289 0.0040157535265297264 -0.04227059451742126 -0.02186822500163272 0.0060862732685493092 -0.06006707921126201 -0.016187498608864259 -0.018565728594399575 -0.15680556066700668 -0.016271770017558664 -0.12581377567384733 -0.041953247346681766 -0.06218148763463862 -0.01664437785054252 -0.036260012465561063 -0.017221199069680046 -0.084688096458694948 -0.017881890771557336 -0.002385971450502409 -0.012243168805066387 -0.029885279720629741 0.015595481985971561 0.0058845541859732474 -0.16174065043218433 -0.064251659671274511 -0.022554689094753274 -0.012749523782751035 0.0028781911110671026 0.0082085856825463797 -0.053668865564441698 -0.0046352576118779626 0.057509458978709418 -0.086820479396184716 -0.063733636098211602 -0.0079323937436708292 -0.055037916264043363 -0.028659644075207817 -0.05112369984418394 -0.056468180331428933 0.0029124059350443383 -0.0027101853699698481 0.020723278837041687 -0.052334911185649355 -0.0058030058887410668
leaf_weight=309 115 665 315 10231 1806 17501 271 210 392 6518 2144 1192 8549 9027 1730 130 207 13059 382 24148 100 230 164 4132 119 54610 166 12639 107 179 3111 109 3268 161 2085 236 199 149 248 15810 579 5209 1255 4404 3607 1185 193 303 1259 186 611 1029 1866 17188 12186 2050 241 121 1007 121 403 274 127 602 1919 280 3301 278 277 596 3763 121 551 10405 17783 2925 12226 659 134 25772 12384 423 9466 4351 980 190 1375 388 1542 2560 121 9542 175 3273 1240 3228 185 462 407 7952 24478 13504 7273 636 5874 103 129 500 22774 5500 4615 214 1644 1823 511 309 783 928 2592 495 1027 12249 16881 645 321 140
leaf_count=309 115 665 315 10231 1806 17501 271 210 392 6518 2144 1192 8549 9027 1730 130 207 13059 382 24148 100 230 164 4132 119 54610 166 12639 107 179 3111 109 3268 161 2085 236 199 149 248 15810 579 5209 1255 4404 3607 1185 193 303 1259 186 611 1029 1866 17188 12186 2050 241 121 1007 121 403 274 127 602 1919 280 3301 278 277 596 3763 121 551 10405 17783 2925 12226 659 134 25772 12384 423 9466 4351 980 190 1375 388 1542 2560 121 9542 175 3273 1240 3228 185 462 407 7952 24478 13504 7273 636 5874 103 129 500 22774 5500 4615 214 1644 1823 511 309 783 928 2592 495 1027 12249 16881 645 321 140
internal_value=-0.00625469 -0.0057942 -0.137557 -0.0107388 -0.0004308 -0.00214427 -0.0145849 -0.0154211 -0.199638 -0.00402605 -0.00654295 0.0180004 -0.000990251 -0.0169816 -0.0212299 -0.0321261 -0.149792 -0.0036707 -0.030524 0.00245096 0.00923627 -0.174866 -0.0375964 -0.0288436 -0.0362441 -0.0119095 0.00109569 0.00315914 -0.00259405 -0.065028 0.00992094 -0.0179603 -0.0154453 -0.213387 -0.0106863 -0.0374394 -0.088691 -0.00901214 -0.138592 -0.0127049 -0.042228 0.0140745 -0.0150495 -0.0260172 -0.0169707 -0.0253434 -0.0389623 -0.0497723 -0.0255383 -0.0671616 -0.100925 -0.0361314 -0.00560273 0.00140244 0.0130442 -0.0311033 -0.0371576 -0.0461534 -0.0355465 -0.0547386 -0.060027 -0.111305 -0.0187948 -0.0384592 0.00713587 -0.00983375 -0.0252767 -0.0777728 -0.090792 -0.0122282 0.0154233 -0.0468833 -0.017959 0.00323343 0.00874038 -0.00738696 -0.0203823 -0.0156481 -0.16513 -0.01446 0.00577412 0.00834568 0.00368001 -0.0040288 -0.0289904 -0.0721426 -0.0167142 -0.0296404 -0.0250354 -0.00998397 -0.0990621 -0.0144167 -0.0507947 -0.0491786 -0.06435 -0.012397 -0.0673544 0.0151283 -0.107135 -0.0117303 -0.00515767 -0.00927979 -0.0267877 -0.010827 -0.001998 -0.0796285 -0.108042 0.0068248 -0.010425 -0.00435897 0.000381502 -0.00446559 -0.0102535 0.0478263 -0.0295605 -0.0444493 -0.0235507 -0.0265433 -0.0356276 -0.0644219 -0.0457949 -0.00157206 -0.00451155 -0.00352249 -0.0240661 -0.0564703
internal_weight=519911 518095 1816 269560 248535 227404 193306 187826 1105 195140 140531 21131 76254 30323 70729 16338 713 110208 16128 54609 32264 598 711 15746 9751 117097 48290 53407 30308 286 31979 54391 41454 391 22847 1348 683 21499 484 17495 1049 5480 62487 12937 38186 8807 5211 4026 1683 2343 1121 1222 3596 48124 18116 10170 6802 4752 3549 1946 1825 395 3368 1224 4004 20153 12828 1203 925 1603 15949 5619 670 14016 24301 61918 20754 10481 320 29379 40768 27604 15220 5754 1403 801 5995 2060 1930 3935 424 10201 4949 4828 1555 41733 285 17963 684 21011 40907 16429 8528 16446 30022 396 232 10905 31502 8728 13164 2167 1858 3015 9527 1603 1092 7924 3520 622 1430 30936 18687 9672 900 1380
internal_count=519911 518095 1816 269560 248535 227404 193306 187826 1105 195140 140531 21131 76254 30323 70729 16338 713 110208 16128 54609 32264 598 711 15746 9751 117097 48290 53407 30308 286 31979 54391 41454 391 22847 1348 683 21499 484 17495 1049 5480 62487 12937 38186 8807 5211 4026 1683 2343 1121 1222 3596 48124 18116 10170 6802 4752 3549 1946 1825 395 3368 1224 4004 20153 12828 1203 925 1603 15949 5619 670 14016 24301 61918 20754 10481 320 29379 40768 27604 15220 5754 1403 801 5995 2060 1930 3935 424 10201 4949 4828 1555 41733 285 17963 684 21011 40907 16429 8528 16446 30022 396 232 10905 31502 8728 13164 2167 1858 3015 9527 1603 1092 7924 3520 622 1430 30936 18687 9672 900 1380
cat_boundaries=0 2 4 6 8 10 12 14 15 17 19 20 22 23 24 25 26 28 29 31 32 33 34 36 38 40 41 42 44 45 46 47 48 49 51 53 55 57 58 59
cat_threshold=2646882902 25770 303038466 8196 84 2 1613824128 4885 34603008 4 704520 68 281018882 8192 131072 486811650 40 415244802 136 33588233 17049602 25640 1 2 2 131072 1024 64 1 34209792 64 10 268435968 4 12582912 8192 163840 4 2281969664 16392 1 272630274 1073807360 517 4 132128 1612710017 655360 33587201 2147483648 24576 2162816 4352 2097280 4881 16 2 557056 16777216
is_linear=0
shrinkage=0.03


Tree=3
num_leaves=127
num_cat=14
split_feature=1 46 21 25 30 11 1 25 11 22 2 1 25 44 11 27 21 25 29 2 22 1 12 27 1 3 25 30 28 1 26 25 27 27 25 3 25 12 37 46 25 2 25 22 21 22 34 26 26 3 27 32 25 2 30 32 3 29 29 29 30 25 21 43 2 22 22 27 44 3 1 25 25 26 1 29 25 25 27 44 3 1 44 22 25 26 3 27 25 25 1 1 3 1 27 25 1 1 25 11 44 1 25 1 25 3 39 25 32 25 40 26 23 32 1 21 25 25 25 25 25 1 44 27 25 24
split_gain=33462.9 14338 10266.7 5333.8 5110.88 3769.48 2962.8 2809.48 2742.37 2579.06 2016.16 1835.43 1789.04 1454.29 1417.25 2268.2 1908.62 1448.87 1370.78 1342.42 1310.59 2062.14 1263.3 1249.82 1070.48 1008.74 1001.6 921.356 1424.03 902.134 869.474 815.923 921.922 795.278 2176.11 1629.27 784.604 747.698 1037.97 734.49 679.941 677.257 663.974 656.059 1092.44 998.442 654.026 652.972 815.957 646.927 642.308 558.559 548.772 534.13 559.179 605.515 673.729 520.208 656.922 515.921 515.158 512.157 511.823 508.006 590.773 506.181 494.427 465.92 720.703 783.969 1326.3 1529.77 3382.14 457.219 448.219 934.928 442.806 1284.17 1153.19 1377.71 715.331 685.688 671.568 434.877 429.082 638.058 816.124 543.046 410.301 1825.17 2106.86 1299.95 480.121 563.448 454.748 796.38 410.288 407.034 392.739 390.18 708.554 422.123 385.712 383.928 840.787 993.835 549.4 375.972 879.864 374.675 373.025 362.033 351.241 596.197 349.879 577.983 340.039 841.916 501.267 417.035 709.116 339.652 1213.01 700.968 345.38 349.942
threshold=9.461545944213869 4.4928569793701181 0.084427561610937132 7.5000000000000009 0.090846620500087752 0.40614137053489691 9.7095470428466815 29.500000000000004 0.24372619390487674 -0.11594646796584128 0 5.759707212448121 23.500000000000004 0.11549999937415124 -0.35846811532974238 0.15550526976585391 0.1341296583414078 76.500000000000014 0.0429714322090149 1 -1.4639971256256101 7.3527534008026132 0.20812153071165088 0.059944719076156623 7.4465231895446786 2 64.500000000000014 0.085353039205074324 0.11963634565472604 7.5704805850982675 0.11066179722547533 81.500000000000014 0.16058247536420825 0.055219287052750594 68.500000000000014 3 20.500000000000004 -0.23537842929363248 10.84999990463257 0.87857139110565197 74.500000000000014 4 20.500000000000004 -0.48731076717376703 0.069947797805070891 -0.45983055233955378 45.565000534057624 0.11405843496322633 0.15256053209304812 5 0.1045757830142975 0.17203700542449954 77.500000000000014 6 0.065762974321842207 0.13945193588733676 7 0.097680523991584792 0.091010279953479781 0.14472704380750659 0.16563932597637179 53.500000000000007 0.081383712589740767 2.9250000715255742 8 0.17266365140676501 -2.3023446202278133 0.058047603815793998 0.12350000068545343 9 5.759707212448121 19.500000000000004 14.500000000000002 0.18111586570739749 5.4143788814544687 0.069317996501922621 32.500000000000007 18.500000000000004 0.16058247536420825 0.1134999990463257 10 6.8561301231384286 0.11749999970197679 -0.21072954684495923 77.500000000000014 0.044911826029419906 11 0.084925193339586272 15.500000000000002 19.500000000000004 6.8561301231384286 6.744683265686036 12 6.8561301231384286 0.089248880743980422 77.500000000000014 5.0493419170379648 7.1552743911743173 37.500000000000007 0.24372619390487674 0.099500000476837172 5.4143788814544687 15.500000000000002 4.7054555416107187 81.500000000000014 13 9.4000000953674334 49.000000000000007 0.18680100888013842 73.500000000000014 12.550000190734865 0.023513245396316055 0.081555202603340163 0.1256050914525986 5.759707212448121 0.049239655956625945 65.500000000000014 72.500000000000014 64.500000000000014 76.500000000000014 75.500000000000014 6.5665833950042733 0.091499999165534987 0.092709075659513487 78.500000000000014 0.99220967292785656
decision_type=2 2 8 2 10 2 2 2 2 10 9 2 2 2 2 2 10 2 10 9 10 2 2 2 2 1 2 8 10 2 10 2 2 2 2 1 2 2 2 2 2 9 2 8 10 10 2 10 10 1 2 10 2 9 10 10 1 8 10 8 10 2 10 2 9 10 10 2 2 1 2 2 2 8 2 10 2 2 2 2 1 2 2 10 2 8 1 2 2 2 2 2 1 2 2 2 2 2 2 2 2 2 2 2 2 1 2 2 10 2 2 8 10 10 2 10 2 2 2 2 2 2 2 2 2 2
left_child=1 2 4 -2 18 11 -5 13 23 19 42 12 25 -8 15 22 17 30 83 49 21 66 -9 26 40 110 67 28 50 -26 -16 33 63 34 102 -36 62 -13 57 84 46 -10 -6 44 112 -45 -25 -38 60 -7 -11 -52 -43 54 -20 -56 -57 58 -39 -35 -49 -51 -22 -33 -65 -55 -12 -3 -69 70 -70 72 -72 -29 75 -30 77 -61 80 -80 81 -79 -83 -1 87 86 -86 111 -40 90 91 -90 -91 94 95 -94 -37 121 -78 -41 101 -101 -21 104 105 106 -87 108 -50 -95 -4 -14 114 -114 -44 -116 118 -118 -100 120 -119 122 123 -42 125 -123
right_child=3 8 5 6 10 9 7 14 41 27 20 37 39 -15 16 -17 -18 -19 53 31 36 -23 -24 24 29 -27 -28 73 74 -31 -32 32 -34 59 35 96 47 38 88 99 97 52 43 45 -46 -47 -48 48 107 61 51 -53 -54 65 55 56 -58 -59 -60 76 -62 -63 -64 64 -66 -67 -68 68 69 -71 71 -73 -74 -75 -76 -77 98 78 79 -81 -82 82 -84 -85 85 103 -88 -89 89 92 -92 -93 93 109 -96 -97 -98 -99 116 100 -102 -103 -104 -105 -106 -107 -108 -109 -110 -111 -112 -113 113 -115 115 -117 117 119 -120 -121 -122 124 -124 -125 -126 -127
leaf_value=-0.029782252162852903 0.025960727343066582 0.00098200639683478715 0.019830877301254993 -0.28400515268830689 0.02789251799407624 -0.0093621906855027512 -0.29357776617874265 -0.022528501391410827 0.0011969104192991174 -0.0011524821570518362 0.019010887834022647 -0.0002985484131143229 0.0067843402953140482 -0.15472565477093062 -0.077049415218625281 -0.24145859339472947 -0.2109676373265322 -0.017445108247709205 0.0096913201283157953 -0.043064051125083713 0.01855521804167401 -0.13128941511482961 -0.14704769693403724 0.0011144056236791445 -0.10946479809384387 -0.011785262363219858 0.017163159334902985 -0.0091716482676976029 -0.017139772207955036 -0.018978921365446873 -0.17542371734243925 -0.026131775187047138 -0.0029560481649250447 -0.036623013655918954 -0.019971115504536327 -0.13743875605755665 -0.0087829905057862055 0.0057564265452769142 0.0026358779944530898 -0.0054133279094168594 -0.01143822998635304 -0.014208407401431736 0.016010729532769472 -0.02312315761653504 0.059460077034623429 0.0096203977181849309 0.0074244123385716274 0.012384477744161486 0.0066230696670474386 -0.014322669777976161 -0.089569129117603952 -0.0098838452691085293 -0.039518304074636065 -0.0093949232469852321 0.016552075085808231 -0.016226844176711937 -0.093456657672006824 -0.0032669800495296604 -0.054423385665268824 -0.01105525053999724 0.045683600706929825 -0.038480863486563974 0.078644416654432142 -0.052066785212304054 -0.12758904058907342 0.011927638821593905 -0.025576160653913969 0.012334371859179676 0.018281900276231562 0.012766170077197665 0.018143067119385091 0.014957101400744296 -0.16828927300042573 0.0049398321436664406 -0.029620560857407011 -0.10562514127655463 -0.003382964271446989 -0.07928207414948682 -0.021487286788328449 -0.16709556242005086 0.011368362968709288 -0.010647156141729123 -0.059246169621610771 -0.010677245491356077 -0.073285733761084784 -0.056161995921702526 -0.0075029571484393192 -0.027667633150524232 -0.050402802116881362 -0.009882351587353384 0.00035781224273999498 -0.14293632046432253 0.0020817391766684602 -0.016531089670674827 0.0092037481268603932 -0.026737998760345234 -0.084289011061191549 0.032415725035047173 -0.020079095111072937 -0.097198814641138026 -0.011744851078820088 -0.025599323720671238 -0.022015400759189205 -0.016434702633301736 -0.019020239093060633 -0.026102034915365262 -0.13293724629573705 0.0022777897716367173 -0.061178674734742172 -0.00044420506903043684 0.0018337728165032771 -0.013455822022266629 0.04506677670733595 0.016169829371876165 0.0084393566874310603 -0.032595464348417813 0.0066663630783049552 -0.016193564947963521 -0.047470726400473645 -0.0055426094220961241 -0.045269503129207425 -0.019649306000186384 0.0058132897706922575 -0.043472135459199548 0.0033341912673882919 -0.0020953404457801877
leaf_weight=3109 172 9939 1238 135 2417 11033 137 104 2349 2796 290 14408 815 143 250 182 102 263 3537 925 934 154 251 27564 118 5875 10221 30500 211 599 121 609 482 1582 298 234 4698 276 2544 10011 1732 5835 2321 884 533 15847 31884 1647 426 1855 144 175 888 15378 463 947 113 43371 398 1933 560 1377 147 1316 104 1071 971 11298 337 796 147 176 215 2216 3055 219 1711 381 100 141 237 578 459 1639 431 177 280 2424 1080 76095 797 156 3512 3803 3595 1143 315 313 10637 155 1283 143 5153 15013 2471 477 163 5825 288 1982 6344 32094 757 4241 1191 416 1505 2820 637 1547 1031 1238 2640 953 10953 5840
leaf_count=3109 172 9939 1238 135 2417 11033 137 104 2349 2796 290 14408 815 143 250 182 102 263 3537 925 934 154 251 27564 118 5875 10221 30500 211 599 121 609 482 1582 298 234 4698 276 2544 10011 1732 5835 2321 884 533 15847 31884 1647 426 1855 144 175 888 15378 463 947 113 43371 398 1933 560 1377 147 1316 104 1071 971 11298 337 796 147 176 215 2216 3055 219 1711 381 100 141 237 578 459 1639 431 177 280 2424 1080 76095 797 156 3512 3803 3595 1143 315 313 10637 155 1283 143 5153 15013 2471 477 163 5825 288 1982 6344 32094 757 4241 1191 416 1505 2820 637 1547 1031 1238 2640 953 10953 5840
internal_value=-0.00606896 -0.00561248 -0.00844455 -0.133053 0.00189518 -0.0107261 -0.149262 -0.137374 0.00318865 -0.0160026 0.00808316 -0.00872227 -0.012424 -0.223467 -0.118277 -0.155406 -0.0910126 -0.071412 -0.00860312 -0.0205948 -0.000470475 -0.028021 -0.110735 0.00442112 0.00247161 -0.00245538 0.00935421 -0.0102789 -0.0205033 -0.0340023 -0.109519 -0.0237798 -0.0402602 -0.0225018 -0.0315116 -0.0765387 0.00221487 -0.00680331 -0.00747875 -0.0144585 0.00278665 -0.0127 0.0128448 0.01146 0.0177747 0.00788908 0.00449875 0.000236866 0.00508242 -0.0128125 -0.00576077 -0.0460221 -0.0175307 -0.00538202 0.00314158 -0.0120452 -0.0245402 -0.00367379 -0.029808 -0.0200344 0.0208506 -0.024624 0.0267916 -0.0491161 -0.0589482 -0.0080011 -0.0153153 0.00586945 0.00961466 -0.00877032 -0.0283546 -0.0575471 -0.0927419 -0.00821569 -0.0336752 -0.0623461 -0.0189264 -0.0282707 -0.045807 -0.107016 -0.0368346 -0.0448934 -0.0321945 -0.0231909 -0.0159208 -0.0195557 -0.0474266 -0.0139645 -0.00924825 -0.00957632 -0.0376799 -0.0621879 -0.008942 -0.00384323 0.00119035 -0.00499895 -0.107152 -0.00151352 -0.017126 -0.00760182 -0.0214473 -0.0630412 -0.0252253 -0.0184703 -0.0277572 -0.0541263 -0.0932509 -0.000241924 -0.0207728 -0.0110206 0.00477459 -0.0129544 0.0152792 0.0205547 0.00856307 -0.00219689 -0.0184194 -0.0131722 -0.0216308 -0.0187035 -0.0239876 -0.00196959 -0.00862598 -0.0228201 -3.41851e-06 -0.00516801
internal_weight=519569 517709 391674 1860 70804 320870 1688 1553 126035 88316 44547 232554 79394 280 1273 537 736 634 26257 49000 15940 1415 355 116963 83834 13457 33129 39316 6600 717 371 34735 2511 32224 6925 847 14525 153160 138752 65937 83117 9072 28607 26190 9459 16731 59448 13444 8746 14265 3115 319 6723 21509 5060 1523 1060 44045 674 25299 2207 3232 1081 2029 1420 16449 1261 22908 12969 1671 875 538 362 32716 3485 430 23717 3829 1896 241 1655 1418 1037 4748 54345 19012 711 35333 94707 92163 2033 1236 90130 14035 8250 4655 549 23669 19888 11592 1581 298 6078 18301 3288 817 340 6539 714 5785 7582 32909 8926 4998 3928 1607 18177 6903 11274 5398 3851 23356 5325 2685 18031 7078
internal_count=519569 517709 391674 1860 70804 320870 1688 1553 126035 88316 44547 232554 79394 280 1273 537 736 634 26257 49000 15940 1415 355 116963 83834 13457 33129 39316 6600 717 371 34735 2511 32224 6925 847 14525 153160 138752 65937 83117 9072 28607 26190 9459 16731 59448 13444 8746 14265 3115 319 6723 21509 5060 1523 1060 44045 674 25299 2207 3232 1081 2029 1420 16449 1261 22908 12969 1671 875 538 362 32716 3485 430 23717 3829 1896 241 1655 1418 1037 4748 54345 19012 711 35333 94707 92163 2033 1236 90130 14035 8250 4655 549 23669 19888 11592 1581 298 6078 18301 3288 817 340 6539 714 5785 7582 32909 8926 4998 3928 1607 18177 6903 11274 5398 3851 23356 5325 2685 18031 7078
cat_boundaries=0 1 2 3 4 5 6 7 8 9 10 11 12 13 14
cat_threshold=6 2 2 2 2 2 4 2 12 2 2 2 2 2
is_linear=0
shrinkage=0.03


Tree=4
num_leaves=127
num_cat=19
split_feature=1 48 21 4 25 4 1 23 11 12 25 30 30 1 2 25 32 2 21 22 1 21 1 12 36 27 28 4 2 2 27 25 27 25 32 4 25 25 1 21 3 25 1 25 21 44 25 25 22 25 25 29 25 25 4 1 44 25 3 22 1 23 21 30 1 12 20 1 22 25 21 3 1 25 25 27 25 1 25 27 25 1 26 48 44 25 25 23 33 25 25 4 27 1 47 27 44 25 1 22 23 4 25 25 1 25 25 4 25 1 47 25 4 25 4 27 1 1 27 25 2 1 1 4 25 23
split_gain=31620.6 13365.4 10127.9 5288.94 4796.87 4224.25 4405.58 3249.87 3183.32 2947.54 2554.61 2285.04 2089.26 1785.71 1627.33 1426.59 1361.18 1202.33 1129.44 1122.61 2099.04 1014.79 1014.47 962.996 1038.36 906.226 852.692 846.281 819.088 816.296 813.844 1562.79 1226.1 1217.87 897.693 892.675 878.479 3681.36 777.616 776.277 741.804 1089.08 739.553 716.143 647.29 614.824 611.367 732.177 608.284 595.967 620.562 664.974 571.867 563.383 671.976 857.503 2431.37 575.792 547.993 541.188 538.288 536.257 532.227 667.524 525.967 502.892 500.569 500.097 499.943 493.685 483.91 471.221 464.042 461.48 1272.51 452.194 1128.16 542.487 446.938 581.787 615.911 436.528 426.234 418.153 394.862 389.94 1187.14 388.022 375.791 415.437 367.774 562.438 360.65 357.615 468.414 435.328 355.684 355.334 427.692 352.12 401.864 348.108 1230.55 371.589 335.051 334.727 397.861 681.72 333.465 331.219 330.608 327.348 326.104 407.499 324.387 321.187 319.359 316.035 352.271 315.729 609.174 578.505 433.021 360.413 308.009 303.687
threshold=9.461545944213869 6.9500000476837167 0.090277068316936507 0 7.5000000000000009 1 9.8533535003662127 0.10042453557252885 0.3744682669639588 -0.42958799004554743 29.500000000000004 0.092384941875934615 0.086054746061563506 5.1923544406890878 2 50.500000000000007 0.15983111411333087 3 0.041184321045875556 -1.4639971256256101 7.3527534008026132 0.056888267397880561 7.4465231895446786 -0.9711191952228545 6.5500001907348642 0.15550526976585391 0.1174035742878914 4 5 6 0.16058247536420825 68.500000000000014 0.055219287052750594 75.500000000000014 0.17203700542449954 7 33.500000000000007 18.500000000000004 9.7953972816467303 0.10610681027173997 8 81.500000000000014 7.5704805850982675 107.50000000000001 0.098479028791189208 0.26350000500679022 24.500000000000004 29.500000000000004 -0.45983055233955378 15.500000000000002 88.500000000000014 0.097680523991584792 16.500000000000004 34.500000000000007 9 5.759707212448121 0.12350000068545343 15.500000000000002 10 0.17266365140676501 5.759707212448121 0.075415529310703291 0.081666920334100737 0.11448932439088823 7.1356794834136972 -0.9711191952228545 90.500000000000014 7.1552743911743173 -2.3023446202278133 93.500000000000014 0.068919081240892424 11 10.197127819061281 107.50000000000001 102.50000000000001 0.076740767806768431 82.500000000000014 5.759707212448121 78.500000000000014 0.059944719076156623 87.500000000000014 5.0493419170379648 0.11066179722547533 1.0000000180025095e-35 0.10350000113248826 24.500000000000004 17.500000000000004 0.10777157172560693 6.7500000000000009 74.500000000000014 15.500000000000002 12 0.12240357697010042 5.759707212448121 10.72499990463257 0.058047603815793998 0.11950000002980234 10.500000000000002 5.0493419170379648 -0.69672247767448414 0.067687273025512709 13 38.500000000000007 18.500000000000004 4.5047848224639901 37.500000000000007 52.500000000000007 14 97.500000000000014 6.8561301231384286 53.755001068115241 30.500000000000004 15 76.500000000000014 16 0.07936600968241693 9.2535252571105975 5.0493419170379648 0.053855204954743392 115.50000000000001 17 6.8561301231384286 6.4229502677917489 18 40.500000000000007 0.064846452325582518
decision_type=2 2 8 9 2 9 2 8 2 2 2 10 10 2 9 2 10 9 10 10 2 10 2 2 2 2 10 9 9 9 2 2 2 2 10 9 2 2 2 8 1 2 2 2 10 2 2 2 10 2 2 8 2 2 9 2 2 2 1 10 2 10 10 10 2 2 2 2 10 2 10 1 2 2 2 2 2 2 2 2 2 2 10 2 2 2 2 10 2 2 2 9 2 2 2 2 2 2 2 10 10 9 2 2 2 2 2 9 2 2 2 2 9 2 9 2 2 2 2 2 9 2 2 9 2 10
left_child=1 9 3 16 -2 38 -7 61 13 22 -9 18 14 27 26 72 -3 21 104 20 68 87 28 -15 71 43 44 45 53 85 31 90 39 -34 92 -32 37 -37 -6 -33 41 -41 -24 -17 75 -4 -47 -48 -23 -26 51 -51 -53 54 55 111 -57 -58 119 -31 108 -8 -50 -64 88 -29 -18 -52 -19 83 -68 -25 -12 74 -69 77 101 -10 -54 80 93 -42 99 -11 110 86 -20 -13 -30 -90 91 -16 -35 94 -80 -95 -73 98 -86 -21 -101 102 103 -77 -5 -103 107 -107 -55 124 -67 -1 113 -108 -38 -100 -44 -93 -119 -14 123 122 -122 -121 -104 -99
right_child=4 2 8 11 5 6 7 10 12 69 15 17 58 23 30 25 66 19 29 82 -22 48 42 24 49 -27 -28 65 64 59 35 32 33 34 -36 36 114 -39 -40 40 81 -43 116 -45 -46 46 47 -49 62 50 67 52 78 60 -56 56 57 -59 -60 -61 -62 -63 63 -65 -66 84 70 73 -70 -71 -72 96 -74 -75 -76 76 -78 -79 79 -81 -82 -83 -84 -85 97 -87 -88 -89 89 -91 -92 117 -94 95 -96 -97 -98 125 115 100 -102 105 109 -105 -106 106 112 -109 -110 -111 -112 -113 -114 -115 -116 -117 -118 118 -120 120 121 -123 -124 -125 -126 -127
leaf_value=0.012107394090353968 0.025075939178946741 0.050539527333142098 -0.024757207316434542 0.0071240644942143719 -0.001264859689154515 -0.28152840879432944 0.0021827606008998279 -0.30083706281952938 -0.017900767907515418 0.0039356470256435988 -0.12592203734626231 0.011159236028990663 -0.0076626022657911201 0.0011174912116520446 -0.075360345757276306 -0.091356444197750866 0.02842588199228973 0.034337331646122037 0.016099800690771791 0.011915900244080129 -0.13697737895219739 -0.018571522492264649 -0.10639369595830685 -0.011135360044474886 0.01308314676085188 -0.23313687324360174 -0.029683028198506201 -0.0026392325232228319 0.00031129800842139038 -0.010685225748111669 -0.010324588581258589 -0.0065965353778085186 -0.0039484117337067956 -0.058294076404696249 -0.015534318833979929 -0.014555694946712786 -0.035752068575225358 -0.22817789485821355 -0.091757339487221035 -0.01852091533540088 -0.1336035922595433 -0.10512484195775219 -0.039286768258661849 -0.18929085403096443 0.005010200448853923 0.031140711683804143 -0.062807269250905073 0.0068375858936166817 0.007474370865117267 -0.043623514401529416 -0.00097497353664255002 -0.054477324428640596 -0.0055938029109504324 0.0066451771289013474 0.0080444846487686596 -0.0046370174138155454 -0.053773547827957138 -0.13945526942350836 -0.030739601765733475 0.011193207499763652 0.014895621437250747 -0.088455908278934653 -0.024642852173148478 0.0020258620891584036 0.02215881135140459 -0.027972279478051549 0.020574446149229417 -0.0094745994808828581 -0.024627991061639966 -0.012930705668783496 -0.0017464773653337131 -0.015409423822133545 -0.042389839882048488 0.0082598887509297263 -0.13872252212251934 -0.034628221404395608 -0.046461982755135016 -0.0064206135987228572 -0.023065062695048873 -0.0061656093463468113 -0.080108595282891409 -0.080169173923401685 0.0030555054651162494 -0.0048940771132134093 -0.016349497933292968 0.0052337337209832436 -0.11205748757691059 0.025133215529223173 0.0065861659554959555 9.3103407659719573e-05 -0.022048064995717175 -0.0055199904744330248 -0.1154905469594775 -0.0050434548772864216 -0.067033551737811531 -0.046162402614807849 -0.0035435975746690002 -0.016034118612334492 -0.030772119442473593 -0.012343394833566718 0.013428235839630289 -0.0061061927675666195 -0.04596056526090251 -0.075959725824618407 -0.037937920363312505 -0.0085118239443118734 -0.023731018848023706 -0.033949597415401898 -0.027190710546966226 0.00084003948098824489 -0.076810642971197163 -0.030570022635797538 -0.0043475712784850889 -0.0010097953259375772 -0.0034585524297563743 -0.094106548754324823 0.011797753075741836 -0.089056679375212763 -0.024858000384635679 -0.014113655426211116 -0.035821174155058456 -0.043692158463909864 0.0030282231129674327 0.0093848227855848291 -0.0039921052018105918 -0.045521379422895032
leaf_weight=1122 162 1477 570 166 151 258 115 117 6529 5801 141 6367 25684 10297 304 126 2638 149 176 774 147 1140 106 83220 1560 181 3580 2252 29597 19430 4299 147 778 1057 495 241 832 103 196 315 251 223 272 152 1495 769 161 841 11649 467 20990 232 28169 9040 5348 898 123 171 1078 1073 14612 119 1128 3354 1300 512 2082 198 946 5713 1506 2734 106 163 104 360 1207 8566 1165 4044 161 321 8733 28731 348 5298 102 2488 30567 12493 8005 336 110 1535 268 272 13483 29847 133 5157 608 3216 359 436 1385 1508 2871 2557 269 868 165 188 2610 944 422 160 184 115 232 1783 429 1066 646 875 280 317
leaf_count=1122 162 1477 570 166 151 258 115 117 6529 5801 141 6367 25684 10297 304 126 2638 149 176 774 147 1140 106 83220 1560 181 3580 2252 29597 19430 4299 147 778 1057 495 241 832 103 196 315 251 223 272 152 1495 769 161 841 11649 467 20990 232 28169 9040 5348 898 123 171 1078 1073 14612 119 1128 3354 1300 512 2082 198 946 5713 1506 2734 106 163 104 360 1207 8566 1165 4044 161 321 8733 28731 348 5298 102 2488 30567 12493 8005 336 110 1535 268 272 13483 29847 133 5157 608 3216 359 436 1385 1508 2871 2557 269 868 165 188 2610 944 422 160 184 115 232 1783 429 1066 646 875 280 317
internal_value=-0.00595779 -0.0055179 -0.00855028 0.00105742 -0.130613 -0.145794 -0.170355 -0.142979 -0.01111 0.00215217 -0.171007 -0.0015296 -0.0158997 -0.00906608 -0.0193801 -0.149097 0.0246545 0.00282515 -0.00824994 -0.0035106 -0.030929 0.00682863 0.00477028 -0.00777304 -0.00834965 -0.180423 -0.0157566 -0.0151254 0.00498411 -0.00677001 -0.0266448 -0.0309393 -0.0473593 -0.0349346 -0.0494285 -0.0174454 -0.0365838 -0.0789941 -0.0524956 -0.0714304 -0.0800028 -0.0545465 -0.035394 -0.14539 -0.0142856 0.00231616 0.0110388 -0.00440432 0.00259734 -0.00520856 -0.00570273 -0.00809272 -0.00762862 0.00901243 0.00204126 -0.0107887 -0.0291894 -0.103913 -0.00972698 -0.0095351 0.0113037 -0.0440915 0.00409443 -0.00468994 0.00325183 -0.0163358 0.0185066 -0.00165746 -0.0165804 -0.00476241 0.0112078 -0.0102237 -0.0903897 -0.0323963 -0.0542948 -0.0151785 -0.0185021 -0.011387 -0.00732191 -0.0138588 -0.0230019 -0.103809 -0.0012812 -0.00341071 -0.0173155 0.00340814 -0.031155 0.0150879 0.00291369 0.00470238 -0.0241837 -0.0414652 -0.0637796 -0.0201404 -0.0313291 -0.011255 -0.00554487 -0.0168163 -0.0389106 -0.00707257 -0.00962356 -0.0163913 -0.0271844 -0.057334 -0.0331136 -0.0145759 -0.0171717 -0.0245173 0.00566461 -0.0112318 -0.039971 0.00596405 -0.0125212 -0.0181105 -0.024896 -0.0655599 -0.018693 -0.0262905 -0.046329 -0.00898291 -0.016046 -0.0279105 -0.0124943 -0.00635356 -0.0276056 -0.0163455
internal_weight=519002 517178 370643 77973 1824 1662 1315 1057 292670 146535 823 70270 87533 205137 55972 706 7703 42640 27630 16514 1242 26126 106290 169062 158765 459 37386 36075 105728 26079 18586 12689 3697 2440 1662 5897 1598 344 347 1257 1110 538 562 278 33806 2341 1771 1002 17271 59328 57768 36313 35846 31771 7850 2502 1192 294 31561 20503 23921 234 16131 4482 73957 33734 6226 21455 1095 40245 3588 99437 247 465 302 32311 17216 15095 35614 7445 3401 572 15272 34532 31482 5576 278 8855 72657 43060 8992 987 1167 3240 1433 1807 16217 30805 641 6539 5765 16009 2303 796 1551 13706 10490 4065 9309 1507 677 1310 6425 3815 1254 293 456 683 347 30483 4799 2141 1075 2658 639 30164
internal_count=519002 517178 370643 77973 1824 1662 1315 1057 292670 146535 823 70270 87533 205137 55972 706 7703 42640 27630 16514 1242 26126 106290 169062 158765 459 37386 36075 105728 26079 18586 12689 3697 2440 1662 5897 1598 344 347 1257 1110 538 562 278 33806 2341 1771 1002 17271 59328 57768 36313 35846 31771 7850 2502 1192 294 31561 20503 23921 234 16131 4482 73957 33734 6226 21455 1095 40245 3588 99437 247 465 302 32311 17216 15095 35614 7445 3401 572 15272 34532 31482 5576 278 8855 72657 43060 8992 987 1167 3240 1433 1807 16217 30805 641 6539 5765 16009 2303 796 1551 13706 10490 4065 9309 1507 677 1310 6425 3815 1254 293 456 683 347 30483 4799 2141 1075 2658 639 30164
cat_boundaries=0 1 2 3 4 5 6 7 8 9 10 11 12 13 14 15 16 17 18 19
cat_threshold=2 1 6 6 2 2 4 4 2 1 2 2 2 2 1 4 1 10 1
is_linear=0
shrinkage=0.03


Tree=5
num_leaves=127
num_cat=39
split_feature=0 5 5 5 48 37 5 48 5 11 5 31 23 25 12 2 25 23 5 47 0 0 5 25 27 2 5 5 5 0 0 2 5 0 26 5 25 26 38 25 0 27 5 0 25 27 0 25 27 0 4 27 25 5 0 5 0 30 25 0 0 4 27 5 0 0 23 0 0 0 5 0 5 0 21 25 29 27 5 5 0 27 23 46 0 25 45 0 25 12 0 0 5 0 5 25 21 5 27 5 0 5 0 0 5 5 0 0 0 0 5 5 5 46 0 31 32 0 25 5 12 25 0 5 25 5
split_gain=29399.2 13778.1 10715.1 9410.7 9337.96 5777.49 4778.83 3749.13 3193.02 2939.07 3369.16 2690.52 2356.33 2221.99 2187.85 1940.6 2233.02 1916.59 1815.5 2168.03 2162.95 5409.62 1726.65 1698.72 1588.87 1556.01 2197.04 1531.15 1389.73 1330.07 1326.85 1325.13 1303.08 1387.75 2123.82 1238.7 1215.8 1167.3 1112.65 1009.34 1462.31 1072.61 1081.93 3585.66 996.655 973.828 941.409 937.958 1696.99 3971.01 2684.54 933.561 914.223 885.926 853.751 832.216 943.899 798.64 852.315 1050.28 1594.92 1699.79 794.982 759.02 3212.09 758.073 755.72 1044.23 876.123 753.735 729.202 720.742 1973.09 711.913 1161.3 702.663 681.509 677.494 3153.76 1986.94 1289.89 838.923 654.625 640.999 600.825 1037.09 594.105 589.036 582.807 579.162 572.242 567.957 567.282 564.542 550.689 536.033 535.414 525.283 873.662 510.627 518.405 509.53 501.761 494.465 490.231 484.323 476.888 471.307 469.63 2849.83 458.725 451.08 448.627 441.192 437.245 435.565 434.738 665.546 434.653 434.17 433.296 460.197 432.33 828.767 422.899 419.901
threshold=13030.000000000002 0 1 2 6.9500000476837167 14.250000000000002 3 4.0499999523162851 4 0.3744682669639588 5 0.03126017842441798 0.064333807677030577 88.500000000000014 -0.42958799004554743 6 113.00000000000001 0.038110742345452316 7 19.48499965667725 950.00000000000011 850.00000000000011 8 50.500000000000007 0.15550526976585391 9 10 11 12 180.00000000000003 1615.0000000000002 13 14 1410.0000000000002 0.12322530895471574 15 75.500000000000014 0.24214403331279757 34.049999237060554 71.500000000000014 325.00000000000006 0.059944719076156623 16 615.00000000000011 87.500000000000014 0.051913643255829818 1715.0000000000002 19.500000000000004 0.086274277418851866 325.00000000000006 17 0.064750330522656455 59.500000000000007 18 325.00000000000006 19 950.00000000000011 0.12357163801789285 68.500000000000014 225.00000000000003 325.00000000000006 20 0.089248880743980422 21 325.00000000000006 325.00000000000006 0.081555202603340163 1225.0000000000002 1560.0000000000002 90.000000000000014 22 225.00000000000003 23 850.00000000000011 0.066236898303031935 93.500000000000014 0.08521361276507379 0.086274277418851866 24 25 950.00000000000011 0.095947422087192549 0.1168753318488598 3.6071430444717412 155.00000000000003 79.500000000000014 19.525000572204593 90.000000000000014 85.500000000000014 -0.065537083894014345 715.00000000000011 850.00000000000011 26 325.00000000000006 27 107.50000000000001 0.11373248696327211 28 0.1045757830142975 29 45.000000000000007 30 1255.0000000000002 1280.0000000000002 31 32 2375.0000000000005 155.00000000000003 1280.0000000000002 1560.0000000000002 33 34 35 3.9285713434219365 325.00000000000006 0.065713204443454756 0.17437541484832766 325.00000000000006 69.500000000000014 36 0.071972697973251357 69.500000000000014 180.00000000000003 37 57.500000000000007 38
decision_type=2 9 9 9 2 2 9 2 9 2 9 10 8 2 2 9 2 10 9 2 2 2 9 2 2 9 9 9 9 2 2 9 9 2 10 9 2 10 2 2 2 2 9 2 2 2 2 2 2 2 9 2 2 9 2 9 2 10 2 2 2 9 2 9 2 2 8 2 2 2 9 2 9 2 8 2 10 2 9 9 2 2 10 2 2 2 2 2 2 2 2 2 9 2 9 2 10 9 2 9 2 9 2 2 9 9 2 2 2 2 9 9 9 2 2 10 10 2 2 9 2 2 2 9 2 9
left_child=1 7 -2 11 14 8 12 22 31 28 25 69 -4 18 27 16 -15 29 37 20 21 39 113 86 95 77 -27 30 122 35 54 55 76 115 -35 107 124 57 71 41 44 63 43 -43 84 -42 88 48 49 -24 -51 125 -44 108 112 56 65 58 -9 -60 61 -61 -59 64 -20 -6 67 -62 -69 99 -12 72 -30 -18 -75 111 116 79 -79 120 81 -80 -68 -71 85 -41 -14 -29 119 -31 -57 -38 -40 -72 -73 -25 -22 98 -17 -3 -101 -89 -53 -55 -58 -8 -32 -10 -33 -110 -91 -16 -5 -1 -65 -34 117 -19 -92 -28 121 -11 123 -7 -21 -49
right_child=2 3 6 4 5 9 105 13 17 10 70 -13 23 15 75 97 73 32 19 36 96 -23 47 24 -26 26 46 87 38 89 106 53 33 34 -36 -37 91 -39 92 40 45 42 52 -45 -46 -47 -48 51 -50 50 -52 102 -54 103 -56 90 104 62 59 60 66 -63 -64 114 -66 -67 82 68 -70 83 93 94 -74 74 -76 -77 -78 78 80 -81 -82 -83 -84 -85 -86 -87 -88 101 -90 110 118 -93 -94 -95 -96 -97 -98 -99 -100 100 -102 -103 -104 -105 -106 -107 -108 -109 109 -111 -112 -113 -114 -115 -116 -117 -118 -119 -120 -121 -122 -123 -124 -125 -126 -127
leaf_value=-0.0042902207115957753 -0.2595489411258754 0.031181824284838514 0.0048856575868842077 5.4697965663549681e-05 -0.019873634991091602 -0.024655712965619098 -0.038692985601621134 -0.017644319001178049 -0.014743914652442576 -0.042317975104504385 -0.0062464486273466494 0.043488694811953908 -0.11518441373423526 -0.0037607117344579787 0.0042762081266297788 0.014237515273337834 -0.020838199143889371 0.019223945028343205 -0.018199889507517858 -0.0034784484088829048 -0.0056219733409076413 -0.17257542945684923 0.0042268588534004822 -0.095170300226918483 -0.24571225380355663 -0.083239195624623813 -0.021835356390501978 -0.028723911483739983 -0.11117804321543796 -0.019393723096025141 -0.097847492491142662 -0.015772613522225976 0.0076314679325416935 -0.013514473734228283 -0.16786336993699549 -0.0012011307743001794 0.0006042056553621566 0.0093136245737658399 0.017160110680852086 -0.013616891618088236 -0.056101952350879315 -0.027057972533393249 -0.011330612695083647 -0.21355768849078874 -0.01559240273064535 -0.019430705009119652 -0.11945209483842592 0.01805193647779051 0.0028802059560609993 -0.15719042653202434 -0.037987254522050977 -0.012790663156852036 -0.041004865138876925 -0.0068574891904380408 0.0049984812192286005 -0.0037335791287062227 -0.0049697084807659424 -0.027401556514258754 0.0076327565241743342 -0.052354655530949396 0.0080328108197656404 0.004194653597822332 -0.089289551953171703 -0.020202594751141698 -0.13564460150807736 -0.00072597082234673405 0.0008271041642545807 -0.09923323632812274 -0.0046562357515768892 0.011641968528348205 -0.028870578335138095 -0.017256553668917214 -0.020376158695528619 0.03647776987599699 -0.049164344312561885 -0.013173395314334667 0.019388661833988068 0.0098009992772205151 -0.14402646187494059 0.0022443459594353563 -0.038914261230177057 -0.067697262794992913 -0.022366379820230778 0.025640006497123564 -0.068585506573245095 -0.090688945712759622 -0.038774092165024386 0.014254804821524795 -0.0032069999463546863 0.012815300906480438 -0.0076262420039137158 -0.04005014844304218 -0.0048494384330423374 -0.013754121310589503 -0.0092987219052949738 -0.17284121783310546 -0.026912369115872699 -0.0090787745310621486 -0.0046247057092091105 0.036069510518596859 -0.015434899020542183 0.0078444663899474576 0.014609072723787425 0.029145160690707012 -0.027658425462576408 0.02922314626763689 -0.019750102927345175 -0.033874567290582448 -0.11832295950163493 -0.0015100251908605807 -0.00036721863879716295 -0.0042290319542516042 -0.015162227692397461 0.0060023982593314963 -0.0026136398282969242 0.00034916999355078486 -0.033367408032231261 -0.02879939444105133 0.0088929023286177574 -0.048752609990935537 0.0038602183775001322 -0.10027657601687548 -0.0018589894331537788 -0.0018820774287612962 -0.015941249621354667 -0.0039020863980263956
leaf_weight=5911 408 309 122 3721 2401 2353 135 25970 2346 1148 9890 3002 284 4675 9450 3834 2302 925 1327 5756 3770 247 612 171 175 1116 1036 347 218 1297 157 14679 14786 352 103 3894 371 1784 1357 512 833 308 1334 132 513 2993 110 1445 870 360 323 14909 3126 9663 21061 23169 1194 1861 2913 1563 276 689 207 2997 248 8261 5803 265 132 12022 2859 12553 4128 151 2348 4993 8098 1052 177 2304 1712 494 1349 3900 2254 226 137 18892 571 2689 1823 1857 4580 10016 21099 159 1480 4595 5215 196 1643 27567 626 355 3197 258 128 2295 274 594 19783 13785 3278 10240 2210 14781 318 360 6698 1283 159 138 25166 3692 4267 1696
leaf_count=5911 408 309 122 3721 2401 2353 135 25970 2346 1148 9890 3002 284 4675 9450 3834 2302 925 1327 5756 3770 247 612 171 175 1116 1036 347 218 1297 157 14679 14786 352 103 3894 371 1784 1357 512 833 308 1334 132 513 2993 110 1445 870 360 323 14909 3126 9663 21061 23169 1194 1861 2913 1563 276 689 207 2997 248 8261 5803 265 132 12022 2859 12553 4128 151 2348 4993 8098 1052 177 2304 1712 494 1349 3900 2254 226 137 18892 571 2689 1823 1857 4580 10016 21099 159 1480 4595 5215 196 1643 27567 626 355 3197 258 128 2295 274 594 19783 13785 3278 10240 2210 14781 318 360 6698 1283 159 138 25166 3692 4267 1696
internal_value=-0.00569412 -0.00526749 -0.125073 -0.00229201 -0.00344234 -0.00654089 -0.0844593 -0.0133182 -0.00260165 -0.011747 -0.0190565 0.0171844 -0.117891 -0.0162689 0.00415679 -0.00808167 -0.0185009 0.00186926 -0.0186476 -0.023543 -0.0287002 -0.0333531 -0.00512998 -0.135326 -0.172469 -0.0324453 -0.0472139 0.00683153 -0.00843325 -0.00355706 0.00132621 -0.00705443 0.00628257 0.00318914 -0.0487465 -0.0137149 -0.0132428 -0.0144348 -0.0118712 -0.0315354 -0.0402634 -0.0260553 -0.0367502 -0.0815168 -0.0542632 -0.0274274 -0.0335573 -0.0108325 -0.0295263 -0.0512828 -0.100956 -0.00866982 -0.0320619 -0.0125459 0.00198188 -0.00404874 -0.0098547 -0.0154711 -0.0145061 -0.00823115 -0.0128173 -0.0350592 -0.0336365 -0.0183239 -0.0365353 -0.00503934 -0.00641251 -0.0367808 -0.0678777 0.0128218 -0.0123898 -0.013761 -0.025258 -0.032889 -0.043977 -0.00296413 0.015835 -0.0239245 -0.0335822 -0.0151329 -0.052551 -0.0880162 -0.00355013 0.0150721 -0.0608861 -0.0373097 -0.0904701 0.0101629 -0.0303639 9.08512e-05 -0.00128841 -0.0332833 0.000203984 -0.0170996 -0.0122755 -0.133003 -0.0116278 -0.00083035 0.00336406 -0.00385812 -0.00987529 0.0104562 -0.0116857 -0.00557335 -0.0215657 0.00547488 -0.0629639 -0.0241573 -0.0170317 -0.0384779 0.00121624 -0.000769776 -0.00709492 0.00223405 -0.0127149 0.00399107 -0.00201958 0.005758 0.00535828 -0.0370463 -0.0425441 -0.0486106 -0.00358852 -0.0107932 -0.00878518 0.00624531
internal_weight=519531 517682 1849 377997 356925 253546 1441 139685 144335 109211 34065 21072 1048 102693 103379 23120 9476 72027 79573 36761 24510 19260 36992 926 505 11300 4116 75151 75146 32304 28345 72308 39723 30022 455 8535 12251 42812 43935 19013 7331 11682 4900 440 3505 3826 3000 20841 2165 1295 683 18676 4460 25565 28060 46743 15053 41028 38960 12990 10077 2252 2068 6782 1575 10662 7825 673 397 18070 22765 37998 4346 4801 2499 28228 9701 7184 3435 3749 2383 671 7152 15922 2992 738 421 46806 2890 23769 31690 2228 5937 12875 33652 330 5250 13644 9049 2148 1839 46459 15535 10018 4391 393 285 4641 15547 868 22472 23235 6999 16151 5207 29567 1603 1285 8521 2319 1445 1286 31211 6045 10023 3141
internal_count=519531 517682 1849 377997 356925 253546 1441 139685 144335 109211 34065 21072 1048 102693 103379 23120 9476 72027 79573 36761 24510 19260 36992 926 505 11300 4116 75151 75146 32304 28345 72308 39723 30022 455 8535 12251 42812 43935 19013 7331 11682 4900 440 3505 3826 3000 20841 2165 1295 683 18676 4460 25565 28060 46743 15053 41028 38960 12990 10077 2252 2068 6782 1575 10662 7825 673 397 18070 22765 37998 4346 4801 2499 28228 9701 7184 3435 3749 2383 671 7152 15922 2992 738 421 46806 2890 23769 31690 2228 5937 12875 33652 330 5250 13644 9049 2148 1839 46459 15535 10018 4391 393 285 4641 15547 868 22472 23235 6999 16151 5207 29567 1603 1285 8521 2319 1445 1286 31211 6045 10023 3141
cat_boundaries=0 2 4 6 8 10 12 13 15 17 18 19 21 23 24 25 26 27 28 30 32 33 34 36 38 39 40 42 44 46 48 50 52 54 55 57 59 61 63 65
cat_threshold=2671657 2117 268435458 8192 84 2 571998208 4 3792703616 30480 1120084482 8704 5 2654216 1 2098209 2049 6 33693698 1019417216 384 486816386 680 6 272761346 4391426 1024 1 1611661440 16896 2182090752 4368 1 33 3087274112 17416 131072 4096 1073816066 1073807874 0 17408 1610612736 24592 16384 5 16 2 1124335618 16392 33554432 4352 134217728 2048 272637954 453255170 21000 335614080 256 1073807872 8192 8706 512 32776 4
is_linear=0
shrinkage=0.03


Tree=6
num_leaves=127
num_cat=17
split_feature=0 48 30 25 4 0 23 26 0 22 11 25 40 32 35 26 25 30 2 26 0 25 11 28 25 36 0 28 28 0 26 23 25 4 23 22 4 0 25 3 22 32 4 0 2 20 0 23 25 25 2 3 2 23 25 0 11 4 44 40 25 25 25 4 32 25 0 0 0 0 0 4 25 25 0 23 4 8 22 25 28 0 48 28 22 28 30 25 25 25 4 22 4 12 0 25 0 25 3 25 25 25 25 25 25 0 25 25 23 0 0 25 25 0 25 0 0 25 0 25 48 44 0 0 44 22
split_gain=28600.9 12131.3 6702.73 4255.79 3873.16 3581.37 3223.96 3216.02 2328.18 2672.31 2750.52 2118.62 1438.31 1433.85 1428.02 1339.09 1245.31 1159 1072.1 1012.28 995.833 1186.01 979.899 1455.35 2286.18 975.205 894.805 2537.23 993.994 1493.8 991.54 1899.04 877.655 755.368 748.963 973.773 738.59 703.246 699.145 676.498 896.758 885.771 659.248 658.96 653.208 643.529 636.104 633.121 627.691 729.805 588.768 588.024 582.94 566.593 559.061 556.592 552.856 543.469 782.866 694.481 647.964 878.803 537.964 534.466 610.004 524.534 704.091 601.425 704.924 523.6 513.348 495.723 1901.26 943.014 605.018 473.169 566.472 853.892 464.472 440.238 436.877 422.766 399.381 393.97 392.779 385.832 743.132 385.621 1058.75 380.395 521.267 367.601 429.653 364.523 388.818 357.818 372.134 356.456 352.889 859.288 391.638 386.189 349.582 348.345 347.927 528.969 392.144 354.598 344.405 343.341 338.39 328.138 317.031 356.341 305.186 303.935 301.535 300.768 299.801 506.308 295.585 294.238 293.822 374.071 289.809 288.516
threshold=13030.000000000002 0.84999999403953563 0.16192837059497836 7.5000000000000009 0 19050.000000000004 0.10042453557252885 0.14566303044557574 180.00000000000003 -0.34487439692020411 0.3744682669639588 29.500000000000004 33.250000000000007 0.23980626463890078 294.12957763671881 0.00021594269492197785 50.500000000000007 0.089831151068210616 1 0.10922185331583024 550.00000000000011 82.500000000000014 0.45273815095424658 0.13125208020210269 68.500000000000014 6.9499998092651376 1560.0000000000002 0.093814611434936537 0.10141823068261148 475.00000000000006 0.23505314439535144 0.12977331131696704 86.500000000000014 2 0.064846452325582518 -0.33912622928619379 3 17950.000000000004 80.500000000000014 4 0.057254392653703697 0.1411048769950867 5 1715.0000000000002 6 76.500000000000014 2125.0000000000005 0.075415529310703291 15.500000000000002 88.500000000000014 7 8 9 0.10358888655900957 87.500000000000014 475.00000000000006 0.24372619390487674 10 0.24550000578165057 28.349999427795414 24.500000000000004 29.500000000000004 16.500000000000004 11 0.18680100888013842 26.500000000000004 325.00000000000006 1225.0000000000002 1560.0000000000002 1280.0000000000002 950.00000000000011 12 38.500000000000007 18.500000000000004 1225.0000000000002 0.043235365301370628 13 3.5000000000000004 -0.42448458075523371 74.500000000000014 0.053543105721473701 950.00000000000011 1.0000000180025095e-35 0.10695284605026247 -0.46683321893215174 0.11909009516239168 0.086431432515382781 107.50000000000001 102.50000000000001 15.500000000000002 14 -0.19049859046936032 15 -0.11692317575216292 850.00000000000011 26.500000000000004 325.00000000000006 20.500000000000004 16 69.500000000000014 53.500000000000007 64.500000000000014 149.50000000000003 60.500000000000007 18.500000000000004 950.00000000000011 12.500000000000002 71.500000000000014 0.054210091009736068 155.00000000000003 155.00000000000003 20.500000000000004 10.500000000000002 155.00000000000003 46.500000000000007 325.00000000000006 45.000000000000007 68.500000000000014 155.00000000000003 12.500000000000002 0.45000000298023229 0.284500002861023 2375.0000000000005 1280.0000000000002 0.096500001847744002 -0.16066887229681012
decision_type=2 2 10 2 9 2 8 10 2 8 2 2 2 8 2 8 2 10 9 10 2 2 2 8 2 2 2 10 10 2 10 10 2 9 10 10 9 2 2 1 10 10 9 2 9 2 2 10 2 2 9 1 9 10 2 2 2 9 2 2 2 2 2 9 10 2 2 2 2 2 2 9 2 2 2 8 9 2 10 2 10 2 2 10 10 10 10 2 2 2 9 8 9 2 2 2 2 2 1 2 2 2 2 2 2 2 2 2 10 2 2 2 2 2 2 2 2 2 2 2 2 2 2 2 2 8
left_child=1 14 8 -2 37 -6 47 -4 15 17 12 -8 25 39 32 36 121 44 63 22 42 71 57 33 89 51 28 -28 53 34 31 -31 82 -24 35 84 -3 -5 -18 85 41 -41 -15 50 -10 -40 -45 -7 -27 54 95 104 -23 -20 62 -56 -14 58 118 112 -60 -62 -50 64 -9 66 -43 108 -69 -51 -33 72 73 -22 -75 -26 77 -77 -19 -52 -35 -74 -1 -82 -30 111 -87 88 -71 90 -25 -64 -93 94 -54 -16 -97 -73 101 100 -100 103 -65 -44 106 -106 -11 114 -67 -78 -92 -12 113 -59 -107 -110 -114 -102 119 -17 -84 -13 123 -53 -58 -94
right_child=3 2 7 4 5 6 11 18 9 10 13 16 56 20 43 19 38 78 26 -21 21 52 23 24 75 48 27 -29 29 30 -32 70 -34 80 -36 -37 -38 -39 45 40 -42 65 98 46 -46 -47 -48 -49 49 69 79 122 93 -55 55 -57 124 59 60 -61 61 -63 91 102 -66 67 -68 68 -70 87 -72 97 81 74 -76 76 109 -79 -80 -81 83 -83 120 -85 -86 86 -88 -89 -90 -91 110 92 125 -95 -96 96 -98 -99 99 -101 117 -103 -104 -105 105 107 -108 -109 115 -111 -112 -113 116 -115 -116 -117 -118 -119 -120 -121 -122 -123 -124 -125 -126 -127
leaf_value=0.0052539772756998674 0.023413566243063452 0.049634657645864146 0.05028783164995048 0.00020082823401748736 -0.26508565277349749 0.0055914318499465775 -0.27998229342095554 0.01077566536553084 0.010768524156478649 0.0017898411446433367 0.015051630670477576 -0.050959813793977869 0.0031180263260573065 0.0036321149853609687 0.0028030755911744674 0.0094790061563253397 -0.22519053000979627 0.0090596327276291199 0.0045713242518077212 0.007728620110648462 -0.030412912545263342 -0.021962423550103954 0.016970739355013652 -0.076873447021622368 -0.034563209745220827 0.013888492632915478 -0.16940007407528659 9.8830083483793081e-05 -0.03029539308911753 -0.0050144521808210335 0.0052183845878565598 -0.12164949767895646 -0.011060419353625948 -0.027826060007778628 -0.088395070760042618 0.014746243446695464 0.001651363130255976 -0.08519049697130629 -0.083263040680219141 0.016513716389080852 0.0061717513848899234 -0.026480909191438407 -0.010358726808847588 -0.085146836707914689 -0.0084249857407192007 -0.17716342148693595 -0.0049227665573255055 -0.090236518433908133 -0.050949006203741418 0.00072088530590759818 0.0071741355970632373 -0.0099858922625771264 -0.098783009444560962 0.024447134874705959 -0.059185173125847389 -0.010847304829925951 -0.016425353971118457 -0.017012356886525411 0.029079204902048669 -0.0066657015810121945 -0.063034574505777985 0.0068389114511379521 -0.03146325647263893 0.019711885266136122 -0.010880408303754037 0.010767744705334061 -0.11545832687678437 -0.083320516511013951 -0.0048380750020990118 -0.008472434780186909 -0.048911980076080115 -0.0044158151259520804 -0.030308580429769659 -0.074539584366232717 -0.15531838457924979 -0.11015953970198729 -0.12720450842486961 -0.020435372621667655 0.026684902408733262 0.0003656022055536252 -0.010113667047244377 -0.0012962281997007004 -0.0026262006127797137 -0.033876944425535203 -0.077448368362212541 -0.025563920274781861 -0.0082275025832870309 0.011462102964883897 -0.1266153334577878 -0.020485807764701242 -0.0039778264524087158 -0.0096830653724524311 0.024446494848979095 -0.019426310507887817 -0.052264637135335905 0.0074880652558967347 0.017774808770875526 -0.017718784530015637 -0.010525047363442012 -0.084693382651575153 -0.042519254371837727 0.0025289292891433821 -0.00081392163516035021 -0.026827292779705421 0.00050028834225001153 0.0026391740159814872 -0.02420280231315387 0.00086567020280108411 0.010563178370183987 -0.078366175909214325 -0.049478282276734342 -0.005379805974846278 0.0086198166154093647 -0.06729201377630234 -0.017935439616575764 -0.027164768659566189 -0.015549497299367778 0.0068315443320369172 -0.0039826344635373757 -0.063442825346543316 0.0029541645588071763 -0.11781324587661672 -0.039199956707729432 0.005681530851870775 -0.0016324607789052635 -0.003291953091558822
leaf_weight=16193 162 335 1336 150 243 125 124 3531 2342 793 733 103 18411 2514 3213 119 162 3523 4418 1803 422 992 666 267 292 1716 107 301 842 5680 9749 110 5694 2181 180 422 2052 205 101 418 1034 182 6838 132 4951 204 269 122 243 19630 28123 90595 197 1823 363 523 2169 293 877 10001 195 933 511 5092 1750 275 143 315 153 186 426 1988 733 437 104 146 223 274 2178 12279 6361 1177 21653 696 196 2578 16245 122 107 4922 300 14563 343 237 934 5049 8492 20662 1917 185 723 1708 875 1391 12826 780 1529 1919 207 330 288 19604 470 224 3851 2599 36310 131 308 303 14108 147 305 1392 2645 17832
leaf_count=16193 162 335 1336 150 243 125 124 3531 2342 793 733 103 18411 2514 3213 119 162 3523 4418 1803 422 992 666 267 292 1716 107 301 842 5680 9749 110 5694 2181 180 422 2052 205 101 418 1034 182 6838 132 4951 204 269 122 243 19630 28123 90595 197 1823 363 523 2169 293 877 10001 195 933 511 5092 1750 275 143 315 153 186 426 1988 733 437 104 146 223 274 2178 12279 6361 1177 21653 696 196 2578 16245 122 107 4922 300 14563 343 237 934 5049 8492 20662 1917 185 723 1708 875 1391 12826 780 1529 1919 207 330 288 19604 470 224 3851 2599 36310 131 308 303 14108 147 305 1392 2645 17832
internal_value=-0.00554667 -0.0051257 -0.0075846 -0.123326 -0.137431 -0.160906 -0.137416 0.00461182 -0.00881455 -0.00763639 -0.00825116 -0.165382 -0.00625177 -0.0126553 0.00345722 -0.0136835 -0.1452 0.00566419 0.00289159 -0.0144501 -0.0165423 -0.0199247 -0.0150472 -0.0212826 -0.0317086 -0.00720777 -0.000660526 -0.0446586 9.38358e-05 -0.00355302 -0.000751369 -0.0101135 0.000119801 -0.013867 -0.0308094 -0.0236541 0.00840347 -0.0492104 -0.174182 -0.0088726 -0.0189035 -0.0249444 -0.0104201 0.00679986 -0.00225753 -0.146442 -0.0314768 -0.0419136 -0.00397112 -0.0045345 0.00706895 -0.00880174 -0.0402703 0.01038 -0.00718718 -0.030696 0.000751166 -0.0129349 6.74475e-05 -0.0136868 0.0097529 -0.00528541 -0.00656438 0.0105416 0.00359865 -0.0294208 -0.065865 -0.0260658 -0.0577278 1.51021e-05 -0.0640382 -0.0180419 -0.0297825 -0.0641301 -0.0903261 -0.0682253 -0.0782815 -0.0518128 0.0157967 0.00510368 -0.0160918 -0.0124403 0.00134531 -0.0124618 -0.039265 -0.00750789 -0.0106031 -0.0332908 -0.0519007 -0.023702 -0.0421713 -0.00623847 -0.00584379 -0.0529731 -0.0604474 0.0117975 0.0139401 -0.0165514 -0.0131602 -0.0222598 -0.0180625 -0.0104513 0.0167024 -0.0131454 -0.00435762 -0.0030421 -0.015329 -0.00997772 -0.0212392 -0.0982545 -0.0263099 -0.0046427 -0.0155692 -0.0388848 -0.0144702 -0.0243788 -0.0152404 -0.0349499 -0.0265113 -0.0429058 -0.000424681 -0.0905824 -0.0098465 -0.00974874 -0.00829959 -0.00276715
internal_weight=519184 517336 402131 1848 1686 1331 1088 36838 365293 294124 281130 841 193354 87776 115205 71169 717 12994 35502 68782 43290 27883 66979 16946 7042 170129 24254 408 23846 17605 15965 6216 57648 9904 1640 1460 2387 355 467 44486 5326 4292 15407 57557 7293 305 401 247 56139 54423 57156 113990 2360 6241 34378 886 23225 50033 2735 47298 2005 1128 33492 11248 5281 3874 325 3549 468 20045 536 25523 2873 963 541 1265 973 420 5701 40402 9238 1910 51954 7057 1038 39160 18823 415 293 5777 855 33249 32738 1368 1131 16754 13541 22650 12893 2956 2771 9937 5967 8229 21698 19376 2322 6550 3081 553 588 20337 37297 517 4631 2806 36780 854 730 422 35761 250 92292 91987 4814 18175
internal_count=519184 517336 402131 1848 1686 1331 1088 36838 365293 294124 281130 841 193354 87776 115205 71169 717 12994 35502 68782 43290 27883 66979 16946 7042 170129 24254 408 23846 17605 15965 6216 57648 9904 1640 1460 2387 355 467 44486 5326 4292 15407 57557 7293 305 401 247 56139 54423 57156 113990 2360 6241 34378 886 23225 50033 2735 47298 2005 1128 33492 11248 5281 3874 325 3549 468 20045 536 25523 2873 963 541 1265 973 420 5701 40402 9238 1910 51954 7057 1038 39160 18823 415 293 5777 855 33249 32738 1368 1131 16754 13541 22650 12893 2956 2771 9937 5967 8229 21698 19376 2322 6550 3081 553 588 20337 37297 517 4631 2806 36780 854 730 422 35761 250 92292 91987 4814 18175
cat_boundaries=0 1 2 3 4 5 6 7 8 9 10 11 12 13 14 15 16 17
cat_threshold=1 2 2 2 2 4 4 2 1 8 2 1 2 1 2 1 2
is_linear=0
shrinkage=0.03


Tree=7
num_leaves=127
num_cat=41
split_feature=0 5 5 5 48 38 48 45 11 5 2 5 11 31 25 5 5 25 5 47 23 0 25 0 0 2 5 23 23 2 5 4 0 5 8 5 0 22 30 5 0 0 25 22 25 0 27 5 0 0 40 0 25 0 0 4 27 39 25 27 0 29 2 0 5 5 0 5 22 5 25 46 40 3 11 5 25 27 25 25 5 25 27 31 0 0 0 5 0 5 0 0 27 0 0 25 27 5 3 0 5 5 0 25 11 5 30 22 5 0 46 5 0 5 0 0 4 25 2 0 0 25 5 29 23 5
split_gain=26430.8 12860.4 9629.17 8481.93 6995.07 5049.01 4777.58 3202.09 2798.63 3267.55 2723.77 2685.47 2423.38 2386.74 2262.12 2105.08 1971.11 1933.83 1809.79 2061.6 1776.21 1748.89 2328.73 1986.05 3023.96 1470.18 1455.16 1402.43 1344.58 1230.19 2021.32 1660.3 1206.17 3057.86 1120.39 1109.21 1325.12 1966.32 1068.29 1035.18 981.435 959.143 834.793 832.726 804.085 829.896 842.398 794.275 1439.68 942.594 791.445 758.691 755.84 1477.26 3125.08 2904.2 872.444 753.741 739.257 950.247 719.408 708.134 703.297 700.58 699.706 695.42 671.349 655.472 846.068 654.118 635.297 628.958 628.325 594.826 1402.7 568.22 566.855 552.462 545.187 557.594 535.23 530.495 780.968 530.44 526.144 3172.82 522.854 720.749 520.956 504.135 495.562 486.698 482.934 480.634 4563.27 845.924 713.143 470.195 444.393 442.749 1402.75 534.61 611.708 462.193 430.674 426.436 422.874 664.627 477.039 1114.35 419.968 405.949 403.459 394.534 387.729 395.81 1260.17 387.691 846.686 506.491 965.031 384.575 383.412 381.927 701.098 568.393
threshold=13030.000000000002 0 1 2 6.9500000476837167 20.050000190734867 4.0499999523162851 16.265000343322757 0.3744682669639588 3 4 5 0.12545942142605784 0.03126017842441798 37.500000000000007 6 7 93.500000000000014 8 20.884999275207523 0.038110742345452316 225.00000000000003 18.500000000000004 325.00000000000006 950.00000000000011 9 10 0.058227287605404861 0.1168753318488598 11 12 13 180.00000000000003 14 8.5000000000000018 15 1410.0000000000002 -0.11594646796584128 0.16642165184020999 16 1715.0000000000002 155.00000000000003 88.500000000000014 0.10266805812716485 81.500000000000014 325.00000000000006 0.051913643255829818 17 615.00000000000011 715.00000000000011 35.649999618530281 1715.0000000000002 19.500000000000004 950.00000000000011 325.00000000000006 18 0.064750330522656455 15.19999933242798 16.500000000000004 0.098019190132617964 61.500000000000007 0.071491584181785597 19 2375.0000000000005 20 21 155.00000000000003 22 -0.76414203643798817 23 80.500000000000014 4.2857143878936776 34.250000000000007 24 0.2603727281093598 25 84.500000000000014 0.051913643255829818 66.500000000000014 87.500000000000014 26 37.500000000000007 0.056865874677896507 0.072036866098642363 1560.0000000000002 1280.0000000000002 180.00000000000003 27 325.00000000000006 28 1255.0000000000002 1715.0000000000002 0.058846931904554374 950.00000000000011 850.00000000000011 59.500000000000007 0.058047603815793998 29 30 615.00000000000011 31 32 1560.0000000000002 75.500000000000014 0.20180702954530719 33 0.19606986641883853 -0.049133053049445145 34 1225.0000000000002 6.1714289188385019 35 90.000000000000014 36 325.00000000000006 950.00000000000011 37 113.00000000000001 38 325.00000000000006 225.00000000000003 74.500000000000014 39 0.099066305905580535 0.086187265813350691 40
decision_type=2 9 9 9 2 2 2 2 2 9 9 9 2 10 2 9 9 2 9 2 10 2 2 2 2 9 9 10 8 9 9 9 2 9 2 9 2 10 10 9 2 2 2 8 2 2 2 9 2 2 2 2 2 2 2 9 2 2 2 2 2 10 9 2 9 9 2 9 8 9 2 2 2 1 2 9 2 2 2 2 9 2 2 10 2 2 2 9 2 9 2 2 2 2 2 2 2 9 1 2 9 9 2 2 2 9 10 10 9 2 2 9 2 9 2 2 9 2 9 2 2 2 9 10 10 9
left_child=1 6 12 13 17 11 15 43 29 105 47 25 -2 62 -14 52 51 26 19 21 34 27 23 -23 58 75 72 41 60 39 91 -32 33 -28 67 61 -37 -38 70 -7 50 97 44 -4 93 77 104 48 65 -50 -34 76 53 54 -1 -56 113 -41 59 -25 89 83 110 -42 84 -11 -18 -13 -69 -68 99 -17 92 74 -64 -6 -12 -46 -43 -80 -9 -71 -83 88 85 -27 87 -36 -22 -20 -58 -31 -5 94 95 -24 -97 -8 -44 100 112 -101 103 121 -47 -10 107 108 109 -62 -3 -88 -30 -54 -77 -116 -117 119 -119 120 -72 -103 -35 125 -125 -109
right_child=2 3 7 4 5 8 18 80 9 10 16 20 14 -15 -16 71 66 -19 28 -21 35 22 42 24 -26 64 32 -29 38 30 31 -33 40 122 86 36 37 -39 -40 57 63 78 98 -45 45 46 -48 -49 49 -51 -52 -53 56 -55 55 -57 90 -59 -60 -61 106 -63 73 -65 -66 -67 69 68 -70 81 117 -73 -74 -75 -76 114 -78 -79 79 -81 -82 82 -84 -85 -86 -87 111 -89 -90 -91 -92 -93 -94 -95 -96 96 -98 -99 -100 101 -102 102 -104 -105 -106 -107 -108 123 -110 -111 -112 -113 -114 -115 115 116 -118 118 -120 -121 -122 -123 -124 124 -126 -127
leaf_value=0.0042850058553695397 -0.25574304742420595 0.015373592638600293 -0.039989914038589779 -0.014992023507226403 0.00065446945567484451 0.0030298253784182558 0.0019818879791789448 -0.049148071638859099 -0.0035023451578091581 -0.045942793151077174 -0.036998071224282912 -0.033873020208544422 -0.23560381867102723 0.041601525726136075 -0.070583085178295313 -0.0040378995924225747 -0.10253877300965168 -0.010795538355488361 0.0088562591579121833 -0.0058472279342296849 0.011328451910736902 -0.021454535436330208 -0.0028554820849431817 -0.03049221028798613 -0.0058777417794243026 -0.015468646280304867 -0.13798526992338786 -0.099310121046506619 -0.016595207370482964 -0.0027705365405694148 -0.11029378364749133 -0.020194780965389646 0.00036214665685158401 -0.01448728806043941 0.00066952060543559375 0.0038888270489451943 -0.15567461430911073 -0.012786130849816738 -0.047105877139633899 -0.0088157583624500421 -0.085502443185874383 -0.032382452835655731 -0.012087228772507284 -0.12257280839702828 -0.0026595755840507847 -0.080593543193170011 -0.016980121339355309 -0.012322639914843232 -0.077572815702988365 -0.033719276165726168 0.0078708636371267199 -0.10963334183943899 0.017195384765321717 0.0061255369542537247 -0.15152741361627917 -0.033822375912219281 -0.012504037463799206 0.0093914997593057461 -0.13895562813123491 -0.13692662328481672 -0.017725193187966084 0.018043570643653188 0.033534454264975921 -0.0091930809841390872 -0.005465726497965979 0.0049362076778127657 0.003487163677181996 0.020576758929927677 -0.016125085513595455 -0.10628130928596062 0.0041757569560448293 0.0064225854657906029 0.014332367017812132 0.0029689202126823972 -0.05640918055184143 -0.012969185653728857 -0.0026329248235955581 -0.058013477401071857 -0.067097618536197556 -0.03497038563757069 0.02164849389914238 -0.087857275971651647 -0.023398253405634478 -0.068070777414573555 0.0064391805571091826 -0.11776053422298148 0.013900597515117982 -0.022327042757567087 -0.029715173583512597 -0.043542830110801491 0.014809830707749598 -0.04669849605139461 0.007188399175792861 -0.0051640756980572715 -0.18527271435685352 -0.009627371016380044 -0.034749375364638381 -0.027097965160431201 0.0072422040384180287 -0.0077837078690342586 -0.015861423303200735 -0.021570226415370222 0.0048448647376372117 -0.033326510514675722 -0.03485032322425996 -0.013528581559989929 0.0086873914557759144 -0.007568109808147685 -0.0069252439889977884 -0.080020061330253245 0.031910681989659517 -0.00037258554803310391 0.015789368978757136 -0.0040520309746339776 -0.001138432548318338 -0.026147653334276176 0.0018083846073347297 -0.036724090758709554 -0.00042032569323823801 -0.0025767602274209753 -0.046815104566601054 0.0088838723919836288 -0.00068863500062653837 -0.058397372985475864 -0.0046883387918626096 0.018276346396830002
leaf_weight=620 409 7503 142 950 19411 11695 631 126 6309 301 2339 1363 133 2972 172 7946 550 7475 214 6982 1087 1141 2748 173 351 14964 150 306 431 10541 186 11994 23356 2889 2665 30979 112 373 924 27978 181 2032 3416 505 190 279 3855 5235 605 1635 27519 113 1469 767 340 424 14901 2207 421 134 2611 8430 1381 268 8761 1070 131 684 3236 270 637 14821 16737 7321 175 5835 530 1115 1231 810 311 346 332 107 886 277 1935 2267 373 737 622 231 12453 3128 145 1745 2440 2509 1558 2837 22839 10827 723 3283 557 9756 1745 1434 3178 286 1695 22865 1745 1675 12755 2599 3284 1191 1125 7773 701 386 4848 222 11478 1624
leaf_count=620 409 7503 142 950 19411 11695 631 126 6309 301 2339 1363 133 2972 172 7946 550 7475 214 6982 1087 1141 2748 173 351 14964 150 306 431 10541 186 11994 23356 2889 2665 30979 112 373 924 27978 181 2032 3416 505 190 279 3855 5235 605 1635 27519 113 1469 767 340 424 14901 2207 421 134 2611 8430 1381 268 8761 1070 131 684 3236 270 637 14821 16737 7321 175 5835 530 1115 1231 810 311 346 332 107 886 277 1935 2267 373 737 622 231 12453 3128 145 1745 2440 2509 1558 2837 22839 10827 723 3283 557 9756 1745 1434 3178 286 1695 22865 1745 1675 12755 2599 3284 1191 1125 7773 701 386 4848 222 11478 1624
internal_value=-0.0053531 -0.00495435 -0.120144 -0.0017871 -0.00294313 -0.00569315 -0.0120107 -0.0616465 -0.0110963 -0.0187529 -0.0296534 -0.00218314 -0.205016 0.0166835 -0.143078 -0.00353473 -0.0483678 0.00386163 -0.0151732 -0.0205665 0.00168529 -0.0238971 -0.0198505 -0.049077 -0.0782398 -0.00648419 0.00508794 -0.0364842 -0.01258 -0.00760963 -0.0131909 -0.0215619 0.00235479 -0.00856679 -0.00328951 0.00588703 0.00311684 -0.0460355 -0.0151325 -0.00454638 0.00403372 -0.0338056 -0.0167843 -0.104538 -0.0200845 -0.0288042 -0.0229088 -0.0198506 -0.0306935 -0.045593 0.00442379 -0.0335689 -0.0104264 -0.0272676 -0.0457649 -0.0863338 -0.00848999 -0.00748177 -0.113073 -0.0772427 -0.00657254 0.0145869 0.0125934 -0.0400764 -0.0123081 -0.00655839 -0.0750512 -0.0160188 -0.00969265 -0.0616529 -0.0145895 0.0027705 0.0104528 0.0065431 0.023389 -0.003179 -0.0306528 -0.0499625 -0.0434116 -0.0543708 0.000542304 -0.0699482 -0.0563742 -0.00391567 -0.016019 -0.0173354 -0.00102721 -0.00994717 0.000829487 -0.0321191 -0.0114087 -0.00371335 0.00561526 -0.0149594 -0.0192869 -0.0157892 -0.0242792 -0.0213354 -0.00603246 -0.016258 -0.0136726 -0.0198388 -0.0220657 -0.0234234 -0.0501944 -0.0095962 -0.00549513 -0.00668344 -0.0150343 -0.0238184 0.0184042 0.000747038 0.00932744 0.0059197 -0.00621848 -0.0041078 -0.0105444 -0.00829993 -0.0192576 -0.00551271 -0.0225542 -0.0205212 -0.00585431 -0.00324508 -0.00571234 0.0061935
internal_weight=519706 517908 1798 357475 336428 239602 160433 1084 94354 29522 13457 145248 714 21047 305 43585 4611 96826 116848 37897 76476 30915 23396 2220 1079 68772 89351 7519 78951 64832 22952 12180 59211 7887 35015 41461 31464 485 55422 41880 51324 7213 21176 647 16202 5996 4691 8846 3611 2240 50875 2982 20818 2151 1384 764 18667 30185 728 307 23529 9997 18075 449 24888 1371 1629 5283 3920 1079 54498 22767 30140 8877 1556 43884 2869 1305 4073 2041 437 948 678 1567 16127 15241 29732 4932 1460 951 15523 10772 13403 10206 7078 6933 4185 3140 4974 43071 25015 18056 15219 14496 836 16065 22578 20833 6075 2897 9198 24800 2176 3144 24473 18638 5883 11427 2316 9111 1338 11213 7737 14758 11700 3058
internal_count=519706 517908 1798 357475 336428 239602 160433 1084 94354 29522 13457 145248 714 21047 305 43585 4611 96826 116848 37897 76476 30915 23396 2220 1079 68772 89351 7519 78951 64832 22952 12180 59211 7887 35015 41461 31464 485 55422 41880 51324 7213 21176 647 16202 5996 4691 8846 3611 2240 50875 2982 20818 2151 1384 764 18667 30185 728 307 23529 9997 18075 449 24888 1371 1629 5283 3920 1079 54498 22767 30140 8877 1556 43884 2869 1305 4073 2041 437 948 678 1567 16127 15241 29732 4932 1460 951 15523 10772 13403 10206 7078 6933 4185 3140 4974 43071 25015 18056 15219 14496 836 16065 22578 20833 6075 2897 9198 24800 2176 3144 24473 18638 5883 11427 2316 9111 1338 11213 7737 14758 11700 3058
cat_boundaries=0 2 4 6 8 9 11 13 15 17 18 20 21 23 24 25 26 28 30 31 32 34 35 36 37 38 40 42 44 46 48 49 51 53 55 56 57 59 60 61 63 65
cat_threshold=1076413481 2133 269484034 8192 84 2 2903773312 17704 6 2718961792 30464 573448 68 12648960 8832 17441 2112 6 50601986 20488 6 261363840 8232 2 131072 272761346 138814082 520 310575104 8192 1 6 537919616 20992 65536 131074 33556480 2 536871040 9728 524288 2048 75563008 136 2621440 17 1 2048 2 32768 4 2097160 1 2281967616 17416 557056 8194 32776 4 4 4 12583424 896 1074266120 16
is_linear=0
shrinkage=0.03


Tree=8
num_leaves=127
num_cat=41
split_feature=0 5 5 5 48 36 48 5 2 5 5 11 5 31 5 23 25 25 2 25 5 25 0 2 5 25 5 0 5 25 31 0 0 12 12 2 5 5 5 30 26 0 0 22 25 26 0 0 25 0 39 46 12 5 23 5 5 0 0 11 12 0 5 25 25 25 5 0 5 8 0 5 5 40 0 5 44 5 0 3 3 0 44 5 0 21 12 5 23 32 23 23 0 31 0 0 25 2 25 0 0 0 25 0 0 3 2 21 0 5 0 5 0 3 43 5 11 24 5 0 0 0 0 30 0 21
split_gain=24926.8 12130.2 8771.83 7905.25 6431.02 4788.54 4550.82 3107.13 2446.08 3381.86 2573.69 2261.92 2874 2145.31 1905.22 1832.43 1793.73 1712.87 1681.62 1955.82 1597.73 1818.59 2319.66 1559.11 1712.07 1558.88 1440.4 1354.17 2959.08 1302.52 1283.7 1279.37 4419.76 2510.14 1275.96 1049.7 2134.42 1508.04 1038.54 966.693 959.133 935.385 911.417 883.378 858.916 847.171 865.271 815.51 754.555 729.592 717.155 715.295 641.401 633.496 616.94 615.331 603.96 3423.79 3661.87 1199.29 589.611 586.337 571.431 567.464 561.356 547.15 536.682 806.433 529.698 520.581 520.479 810.574 554.842 507.775 496.551 496.088 495.956 489.845 543.55 1321.01 1162.43 601.856 637.539 481.977 1344.97 1114.49 666.278 631.446 470.424 637.494 457.632 518.373 476.171 460.856 440.585 437.308 435.78 433.265 676.7 423.772 418.52 478.403 415.802 557.74 1891.1 774.064 415.297 474.55 408.673 402.759 400.53 646.355 397.48 437.584 395.296 387.062 382.697 365.16 359.177 672.14 416.781 388.877 351.966 336.27 331.298 943.063
threshold=13030.000000000002 0 1 2 6.9500000476837167 3.7500000000000004 4.0499999523162851 3 4 5 6 0.3744682669639588 7 0.03126017842441798 8 0.093464292585849776 93.500000000000014 88.500000000000014 9 113.00000000000001 10 59.500000000000007 325.00000000000006 11 12 19.500000000000004 13 180.00000000000003 14 50.500000000000007 0.060780476778745658 325.00000000000006 950.00000000000011 0.32410992681980139 0.69521084427833568 15 16 17 18 0.075847711414098754 0.24214403331279757 1715.0000000000002 1715.0000000000002 -0.04046273045241832 59.500000000000007 0.091656714677810683 1225.0000000000002 615.00000000000011 16.500000000000004 2375.0000000000005 15.19999933242798 4.1857144832611093 0.94066718220710765 19 0.12977331131696704 20 21 325.00000000000006 950.00000000000011 -0.9193688929080962 -0.70900321006774891 225.00000000000003 22 27.500000000000004 80.500000000000014 84.500000000000014 23 1225.0000000000002 24 10.500000000000002 715.00000000000011 25 26 34.250000000000007 90.000000000000014 27 0.26549999415874487 28 615.00000000000011 29 30 715.00000000000011 0.27650000154972082 31 1560.0000000000002 0.032727185636758811 0.020426410250365738 32 0.086187265813350691 0.12919126451015475 0.076926078647375121 0.086187265813350691 325.00000000000006 0.056001452729105956 155.00000000000003 850.00000000000011 37.500000000000007 33 58.500000000000007 1715.0000000000002 135.00000000000003 615.00000000000011 68.500000000000014 225.00000000000003 325.00000000000006 34 35 0.087768755853176131 1560.0000000000002 36 425.00000000000006 37 45.000000000000007 38 7.6649999618530282 39 -0.35846811532974238 0.96395656466484081 40 1715.0000000000002 90.000000000000014 1225.0000000000002 1280.0000000000002 0.10479542613029481 950.00000000000011 0.092159442603588118
decision_type=2 9 9 9 2 2 2 9 9 9 9 2 9 10 9 8 2 2 9 2 9 2 2 9 9 2 9 2 9 2 8 2 2 2 2 9 9 9 9 10 10 2 2 10 2 10 2 2 2 2 2 2 2 9 8 9 9 2 2 2 2 2 9 2 2 2 9 2 9 2 2 9 9 2 2 9 2 9 2 1 1 2 2 9 2 8 2 9 10 10 10 10 2 10 2 2 2 9 2 2 2 2 2 2 2 1 9 10 2 9 2 9 2 1 2 9 2 2 9 2 2 2 2 10 2 10
left_child=1 6 7 13 16 11 14 15 10 118 -7 35 23 51 56 -2 26 20 19 -19 40 25 39 77 63 31 73 28 -28 -17 68 -22 33 -33 53 38 99 -38 -6 69 43 65 60 45 75 102 106 48 -35 -44 70 74 -36 -4 100 -30 57 -1 59 -59 -29 -41 -14 -25 -31 -26 67 -20 -12 -23 71 -40 -72 -5 112 -16 -66 -13 80 81 -79 82 -80 84 86 -86 -11 -88 -85 -90 115 -92 -93 -94 -65 -56 -89 -58 -99 -37 -21 -102 114 -104 105 -105 -47 -108 117 -32 -73 -112 -3 -114 -8 -45 -97 -24 121 120 -120 -10 -39 -15 -103 -126
right_child=2 3 34 4 5 8 17 -9 9 83 30 12 62 123 44 29 -18 18 66 54 21 22 108 24 41 -27 27 42 55 64 109 32 -34 47 52 36 37 122 50 61 -42 -43 49 90 -46 46 -48 -49 -50 -51 -52 -53 -54 -55 95 -57 97 58 -60 -61 -62 -63 -64 94 76 -67 -68 -69 -70 -71 72 110 -74 -75 -76 -77 -78 78 79 -81 -82 -83 -84 88 85 -87 87 96 89 -91 91 92 93 -95 -96 116 -98 98 -100 -101 101 124 103 104 -106 -107 107 -109 -110 -111 111 -113 113 -115 -116 -117 -118 -119 119 -121 -122 -123 -124 -125 125 -127
leaf_value=0.015546492427529302 -0.01859870971366763 0.034237516503585017 -0.052139179599696196 0.0054176984438821154 0.0022869782052500525 -0.0037159176356984982 -0.01734419859253027 -0.23788132251766314 -0.0097235040685457342 -0.09636727878166472 0.0083473448838072405 -0.010146425997765642 -0.002452182829508385 0.027146722653703357 -0.0033130888133813792 -0.083164310348992368 -0.010452570023158388 -0.0033188643375762564 0.0167917553254847 0.0078839760943729843 -0.01323569024043088 -0.027758316373049156 -0.03417464024974895 -0.13998310302579126 -0.03642928578929161 -0.0067412465436587042 -0.13369811665601358 0.0072957462605275558 -0.026838882088073154 -0.22191017468770344 0.011314057663725421 -0.02000750568791489 0.003427502504708213 -0.033293800123790476 -0.14268008343437139 -0.0029103590721405968 -0.099231355463352669 -0.02092018364451944 -0.0057503664847400942 -0.10041477984991992 0.0082913842369575115 -0.11561365407705307 -0.087716790906776337 0.014694377911260652 -0.0045733481421118194 -0.012314376038162765 -0.10213121281174205 -0.15523722641012458 -0.1224683417693879 -0.0080291462128585789 0.0091721005444304528 0.023045108889521351 -0.043301559077932476 0.023197484904037221 -0.0013824976811121249 -0.0028265407870352362 -8.3660370813029847e-06 -0.072095941315571815 0.031895827295292778 -0.1664848483446634 0.0011420197281968366 -0.051993941383901059 -0.013528138069215122 -0.098503329013445717 -0.11346013810604241 -0.0036225713608199466 -0.0090543348721635244 -0.0024497691717960007 0.019114770429926542 -0.044465398681570838 -0.0163885665008589 -0.014011034986029061 -0.00018197034040082341 0.014596833795292568 0.011046818079676826 0.0085109629264522139 -0.19949573836798937 0.0041714286825213671 -0.082569169676413173 0.022152982244868911 -0.042467231033915635 -0.034354383185215664 0.00016699818838940988 -0.010877243121339277 -0.17009857670340722 -0.031169478241528301 0.01616799748147563 -0.065020101736778413 -0.066328365559682745 -0.01882702290965815 -0.072577180789831344 -0.020718525035866294 0.00938790662532012 -0.0096885309446526451 -0.052722728387122192 -0.028592960538855773 -0.020168702276244954 -0.0093100974723780462 -0.029040865169932661 -0.042997254041293662 -0.046797102902973141 -0.0070539362881972614 0.0049127186174192676 -0.046150185581119121 -0.0051437245913906506 0.012586075602157507 -0.075726657651546528 -0.030553931283041694 0.008956911775645518 0.00070960179726842557 -0.038829356998531031 -0.0093901343722114401 0.04083121553409931 -0.017073249596708816 -0.0028144247228617234 -0.0080689956483332437 -0.06973378280461752 -0.018780509687657879 0.047148415432596694 -0.071772297328320606 0.0031380993794752911 0.0040284862394412702 0.0056946928051296352 0.047818410619638201 0.036682680950445287 -0.038473761844123211
leaf_weight=671 119 189 134 8483 13608 45788 29701 398 4963 101 9719 2537 5882 1170 4356 198 7401 4645 2847 323 2232 3637 1560 128 2374 10218 156 32050 1102 161 3776 326 858 136 101 12346 210 11432 9613 313 1787 119 168 1474 15138 1023 148 330 233 267 2140 4244 140 316 144 7070 2467 228 190 264 24900 817 14738 325 156 567 4550 6289 7202 3131 2415 6278 8801 15048 12172 11933 105 1169 517 309 816 1630 100 15474 102 106 406 213 267 5042 116 2220 1586 4044 464 293 2228 6082 2106 241 881 942 1941 1684 6427 229 245 1433 437 21691 1755 1120 128 1317 1787 1220 681 12570 195 106 16274 2950 465 1815 169 1305
leaf_count=671 119 189 134 8483 13608 45788 29701 398 4963 101 9719 2537 5882 1170 4356 198 7401 4645 2847 323 2232 3637 1560 128 2374 10218 156 32050 1102 161 3776 326 858 136 101 12346 210 11432 9613 313 1787 119 168 1474 15138 1023 148 330 233 267 2140 4244 140 316 144 7070 2467 228 190 264 24900 817 14738 325 156 567 4550 6289 7202 3131 2415 6278 8801 15048 12172 11933 105 1169 517 309 816 1630 100 15474 102 106 406 213 267 5042 116 2220 1586 4044 464 293 2228 6082 2106 241 881 942 1941 1684 6427 229 245 1433 437 21691 1755 1120 128 1317 1787 1220 681 12570 195 106 16274 2950 465 1815 169 1305
internal_value=-0.00514575 -0.00475444 -0.115701 -0.00167089 -0.00279012 -0.00543367 -0.0116061 -0.166363 -0.00176019 -0.00717628 0.00121509 -0.0103485 -0.0170066 0.0161644 -0.0033148 -0.124921 0.00373885 -0.0146869 -0.00736241 -0.0171352 -0.0164869 -0.0213662 -0.0266992 -0.0293443 -0.0444174 -0.0130211 0.00491585 0.00263349 -0.00867019 -0.147277 0.00654121 -0.0286093 -0.0468156 -0.0888351 -0.0293924 -0.0073537 -0.0123374 -0.0213283 -0.00465858 -0.0397913 -0.0133342 -0.0333607 0.00427452 -0.0140358 0.000570989 -0.0158895 -0.0317171 -0.120861 -0.0897807 -0.0389357 -0.00760074 0.0122746 -0.0853673 5.63116e-05 -0.0307129 -0.00609635 -0.013473 -0.0323234 -0.0798482 -0.122979 0.00460525 -0.065483 -0.0103716 -0.0804806 -0.17709 -0.0301078 -0.000648533 0.00354366 0.0129473 -0.0354927 -0.00880072 -0.0118564 -0.00368746 0.0112833 0.00896232 0.00535216 -0.148701 -0.0208191 -0.0267429 -0.0359478 -0.0150127 -0.0439439 -0.0691812 -0.0151924 -0.0261487 -0.0997861 -0.0210097 -0.0183035 -0.0135157 -0.021228 -0.00627621 -0.00989066 -0.00895521 -0.00431389 -0.0716812 -0.0501923 -0.0240091 -0.0110485 -0.0143703 -0.00367833 -0.0246847 -0.0278768 -0.0148092 -0.00956931 -0.01294 -0.0391161 -0.0278224 -0.0369705 -0.0195987 0.00228703 -0.0182418 -0.0275358 -0.00656281 -0.0119193 -0.0165197 0.00441121 -0.0573998 -0.0204824 0.000663481 0.0031734 0.00366203 -0.00459104 -0.0198628 0.0397277 -0.0209609 -0.0298377
internal_weight=518577 516749 1828 356382 335347 238702 160367 1137 136603 48427 88176 102099 31675 21035 43435 739 96645 116932 23069 9383 93863 36798 22465 11055 3977 14333 89244 65713 8328 620 42388 4115 1883 1025 691 70424 24694 12107 45730 7898 57065 3060 57385 55278 31427 44618 2849 699 369 435 32122 18050 241 450 4738 8172 12008 1353 682 492 56950 1130 20620 917 422 2941 13686 9136 16921 6768 29982 18766 11216 23531 13806 16289 261 7078 4541 2556 1985 2247 617 23939 3156 208 2948 2847 20783 5309 10660 7966 7850 5630 789 1118 2441 10655 8188 12587 3620 3297 41769 10281 8340 1913 2701 1678 14567 25467 9153 2875 1634 1445 31488 2694 974 14130 24488 16575 16469 7913 11897 2985 2416 1474
internal_count=518577 516749 1828 356382 335347 238702 160367 1137 136603 48427 88176 102099 31675 21035 43435 739 96645 116932 23069 9383 93863 36798 22465 11055 3977 14333 89244 65713 8328 620 42388 4115 1883 1025 691 70424 24694 12107 45730 7898 57065 3060 57385 55278 31427 44618 2849 699 369 435 32122 18050 241 450 4738 8172 12008 1353 682 492 56950 1130 20620 917 422 2941 13686 9136 16921 6768 29982 18766 11216 23531 13806 16289 261 7078 4541 2556 1985 2247 617 23939 3156 208 2948 2847 20783 5309 10660 7966 7850 5630 789 1118 2441 10655 8188 12587 3620 3297 41769 10281 8340 1913 2701 1678 14567 25467 9153 2875 1634 1445 31488 2694 974 14130 24488 16575 16469 7913 11897 2985 2416 1474
cat_boundaries=0 2 4 6 8 9 11 13 15 17 18 20 21 22 24 25 26 28 29 31 33 35 36 38 40 42 44 46 47 49 50 51 52 53 54 55 56 57 58 59 61 63
cat_threshold=1076413481 2133 303038466 8196 84 2 34603008 4 6 2378436608 9384 2266238976 30496 46344706 8704 573440 64 5 1076396040 17 6 139266 50593794 16392 131072 6 261363840 8360 131072 2286297730 520 524288 2048 0 4992 524288 2147749888 17416 16384 5 671162880 136 336660480 1440 1048576 9216 2097161 4204546 512 2 2 133122 2048 2 2 2 268445826 595591168 2 2129920 1 2151682048 9216
is_linear=0
shrinkage=0.03


Tree=9
num_leaves=127
num_cat=40
split_feature=0 5 5 5 48 36 48 5 5 11 5 31 23 25 25 2 25 5 23 5 25 26 21 5 5 47 0 0 2 5 5 0 27 27 5 2 25 2 5 5 0 26 0 5 0 5 25 0 0 25 38 27 27 25 0 0 5 47 0 40 0 40 44 5 0 5 0 0 5 21 5 25 25 25 0 0 33 29 0 21 5 5 0 5 0 0 0 0 5 27 29 5 25 25 0 25 23 0 5 5 0 5 27 31 5 0 5 25 22 5 5 27 5 0 25 11 27 0 21 0 0 0 47 5 0 0
split_gain=24182.3 11472.9 9095.9 7791.69 7404.05 4746.31 2977.44 2695.85 2368.86 2127.2 2334.8 2035.09 1935.08 1841.4 1720.41 1633.29 1893.52 1431.2 1413.66 1406.32 1303.66 1263.46 1239.34 1201.91 1200.8 1898.15 2161.45 4669.79 2016.53 1355.42 1220.31 4648.12 1365.57 1145.54 1097.2 1094.22 1078.96 1071.82 1702.15 1069.49 1175.46 1899.3 1044.08 2688.51 1011.53 1035.84 1000.93 926.785 883.873 1969.05 873.862 869.833 824.906 819.599 816.337 997.784 4639.56 1032.55 789.567 719.598 715.128 713.65 708.478 674.633 659.398 1960.69 655.246 644.973 628.9 619.247 601.929 598.196 937.768 583.134 1436.86 575.455 572.647 571.349 571.235 997.287 553.672 549.519 1059.11 846.275 772.655 545.258 543.249 995.706 1337.07 1264.4 1697.68 1025.56 747.498 573.516 508.621 2671.09 648.093 503.832 1356.16 489.164 480.915 476.669 471.738 463.876 457.783 571.538 716.738 454.223 443.146 435.415 432.979 825.921 430.408 427.523 423.817 414.655 412.064 410.416 957.463 769.297 409.943 409.124 406.576 403.956 439.07 403.846
threshold=13030.000000000002 0 1 2 6.9500000476837167 4.2500000000000009 4.0499999523162851 3 4 0.3903625756502152 5 0.03126017842441798 0.093464292585849776 88.500000000000014 93.500000000000014 6 113.00000000000001 7 0.038110742345452316 8 50.500000000000007 0.24214403331279757 0.13183593004941943 9 10 19.48499965667725 950.00000000000011 850.00000000000011 11 12 13 615.00000000000011 0.053855204954743392 0.064750330522656455 14 15 57.500000000000007 16 17 18 1410.0000000000002 0.12322530895471574 110.00000000000001 19 180.00000000000003 20 81.500000000000014 1715.0000000000002 325.00000000000006 36.500000000000007 34.049999237060554 0.098019190132617964 0.15550526976585391 59.500000000000007 1225.0000000000002 325.00000000000006 21 43.155000686645515 2375.0000000000005 34.250000000000007 325.00000000000006 35.95000076293946 0.24350000172853473 22 225.00000000000003 23 155.00000000000003 90.000000000000014 24 0.11373248696327211 25 38.500000000000007 49.000000000000007 81.500000000000014 325.00000000000006 1715.0000000000002 3.6500005722045903 0.071491584181785597 850.00000000000011 0.066236898303031935 26 27 615.00000000000011 28 950.00000000000011 325.00000000000006 225.00000000000003 325.00000000000006 29 0.058047603815793998 0.11490825563669206 30 68.500000000000014 77.500000000000014 1280.0000000000002 102.50000000000001 0.10130250453948976 950.00000000000011 31 32 155.00000000000003 33 0.061421869322657592 0.063577830791473403 34 1225.0000000000002 35 21.500000000000004 -0.11594646796584128 36 37 0.1045757830142975 38 1280.0000000000002 10.500000000000002 0.3744682669639588 0.12240357697010042 615.00000000000011 0.066236898303031935 155.00000000000003 155.00000000000003 325.00000000000006 17.784999847412113 39 45.000000000000007 155.00000000000003
decision_type=2 9 9 9 2 2 2 9 9 2 9 10 8 2 2 9 2 9 10 9 2 10 8 9 9 2 2 2 9 9 9 2 2 2 9 9 2 9 9 9 2 10 2 9 2 9 2 2 2 2 2 2 2 2 2 2 9 2 2 2 2 2 2 9 2 9 2 2 9 10 9 2 2 2 2 2 2 10 2 8 9 9 2 9 2 2 2 2 9 2 8 9 2 2 2 2 8 2 9 9 2 9 2 10 9 2 9 2 8 9 9 2 9 2 2 2 2 2 8 2 2 2 2 9 2 2
left_child=1 6 7 11 14 9 17 12 35 23 22 67 -2 21 19 16 -15 54 44 59 -14 24 -11 -6 86 26 27 28 29 48 31 71 46 60 -4 63 -27 81 -39 77 -41 -42 43 -21 45 100 120 61 -26 -50 64 -33 62 -34 55 66 -57 -58 -49 -5 102 -44 -22 -7 65 -25 -1 123 113 -28 -12 -30 -73 -31 -75 99 -69 -20 117 -80 -52 82 83 -24 -84 -65 92 88 -88 103 -91 -92 101 -90 -70 -96 -97 -87 -99 125 -10 -8 -19 -89 105 -66 -107 -47 -94 -86 111 -17 -36 -37 -45 -93 -108 119 -119 -18 -32 -72 -46 -3 -125 -40
right_child=2 3 34 4 5 8 13 -9 18 10 70 -13 20 15 -16 110 78 33 39 42 52 -23 37 50 25 36 69 -29 30 73 32 51 53 -35 112 68 -38 38 75 40 41 -43 47 114 122 107 -48 58 49 -51 80 -53 -54 -55 -56 56 57 -59 -60 -61 -62 -63 -64 85 104 -67 -68 76 94 -71 121 72 -74 74 -76 -77 -78 -79 79 -81 -82 -83 84 -85 109 97 87 89 93 90 91 115 108 -95 95 96 -98 98 -100 -101 -102 -103 -104 -105 -106 106 116 -109 -110 -111 -112 -113 -114 -115 -116 -117 -118 118 -120 -121 -122 -123 -124 124 -126 -127
leaf_value=-0.032404330299261153 -0.018450772376550784 0.027550021710304115 -0.068427850206249516 0.0046035693681469479 -0.0032218821793792486 0.001256327669999764 0.0054335117728234843 -0.23150510962890541 -0.012173475872613625 -0.00030870182358967545 -0.0037519002318993637 0.038767915176556852 -0.085635706750042923 -0.0033071718160890651 -0.010149938373484321 0.01360508556651051 0.0031138272127018696 -0.0041535732966990462 -0.0028388456889930939 -0.13119955977596387 -0.0843225304822664 0.0082224733118610692 0.0027525355642427475 -0.10214805840946088 -0.014606659318993652 -0.0027657959389674673 -0.0020822287213323092 -0.16110272845418391 -0.023462965932155775 -0.012340598970072728 -0.012181690827292729 -0.18419540482017616 -0.0059770207371819392 -0.0063116344489247359 -0.036000120969402867 -0.0060832208601991613 -0.019982497908926363 -0.080124008513403414 -0.088455248078820423 0.0033991822653151177 -0.011368532357258137 -0.1548478839960363 -0.00012257019275269284 0.030077032507846293 0.00095768200714413615 -0.046422834519850055 -0.10059014769634568 -0.087402526564572161 -0.13008490942811651 -0.038917800019764928 0.016057912987169364 -0.099933403569866311 -0.22804950690401193 -0.032351876297401334 0.012512042353813304 -0.017315403453953885 -0.070730566718026036 -0.1609913187676113 -0.007430043581060748 0.012915251590073902 0.015690385224541813 0.0068642897348738215 -0.18930213615298269 -0.013791889660343603 -0.01262605307337809 -0.01810799182704232 0.013130612140510556 0.010819398181860508 -0.013710946634182711 -0.024726048298308309 -0.024434421576174432 -0.094940016326151386 0.0081116718416278429 -0.052774349388975343 -0.0059463949298394457 -0.099487194451125888 0.024061151860915078 0.017423921840186651 0.035356350259200947 -0.045043236559613904 -0.0051402631402708912 -0.014624182227135922 -0.080084245120931513 -0.043872939475663141 -0.0073314538745199971 -0.00072318926705843901 0.015482031341816296 0.0051039817894829075 -0.024922606703628548 -0.075414569343219953 0.00069170045515920997 -0.015117693081621877 -0.019286629450573533 -0.04693188442966964 0.008288964973213641 -0.062405928123381825 -0.14519771423880701 0.004874551175251287 -0.025189419993029271 -0.020680281707392157 -0.031863585788497462 -0.017140030895129662 0.01593811217670503 -0.02510845303900951 -0.0087351804912148001 -0.022086059771940357 -0.11816769372867911 0.0017698710906359409 0.010277519169865504 -0.045953470096074533 -0.008118854328471696 -0.0046640514644515144 0.026920517443889572 0.0293387598248823 -0.0093883032666076532 -0.02782773725608886 -0.047729940558165575 -0.080711281842655608 0.004678470716263896 -0.047844587631627591 -0.061180282002567581 -0.011912278375222867 -0.017176810211018443 0.033046689334482245 -0.013790537102252986 -0.038440304086014059
leaf_weight=386 123 314 325 16687 32918 17226 1021 403 2258 1365 7313 2955 202 4682 7473 3902 394 5334 1487 152 110 1765 1008 256 876 6720 4164 236 1166 9504 267 232 1288 19196 140 7938 6392 877 178 30974 360 107 25740 258 22714 184 414 183 246 1575 1416 219 180 6013 749 4266 217 246 281 21397 4141 26914 128 6680 8408 4301 1072 12200 14409 1470 2870 284 110 1161 1198 110 3873 7929 147 2313 4964 3372 478 527 377 13520 612 4025 3637 426 3060 7576 554 1510 474 185 161 2475 2960 1930 2211 4778 1309 515 24710 1896 113 3623 2566 1001 4586 5186 268 318 4509 3327 225 134 948 823 363 12934 1169 201 1666 797
leaf_count=386 123 314 325 16687 32918 17226 1021 403 2258 1365 7313 2955 202 4682 7473 3902 394 5334 1487 152 110 1765 1008 256 876 6720 4164 236 1166 9504 267 232 1288 19196 140 7938 6392 877 178 30974 360 107 25740 258 22714 184 414 183 246 1575 1416 219 180 6013 749 4266 217 246 281 21397 4141 26914 128 6680 8408 4301 1072 12200 14409 1470 2870 284 110 1161 1198 110 3873 7929 147 2313 4964 3372 478 527 377 13520 612 4025 3637 426 3060 7576 554 1510 474 185 161 2475 2960 1930 2211 4778 1309 515 24710 1896 113 3623 2566 1001 4586 5186 268 318 4509 3327 225 134 948 823 363 12934 1169 201 1666 797
internal_value=-0.00509402 -0.00470407 -0.112494 -0.0019948 -0.00304365 -0.0058033 -0.0120646 -0.164712 -0.00208648 -0.0103333 -0.0164768 0.0156672 -0.125635 -0.0146991 0.00371454 -0.00724819 -0.0168361 -0.00476108 0.001642 0.00479253 -0.148858 -0.0168717 -0.0272003 -0.00760779 -0.0174432 -0.0207151 -0.024791 -0.0285531 -0.0272912 -0.0200416 -0.0374254 -0.0585765 -0.032258 -0.00191575 -0.0281142 -0.00618908 -0.0111597 -0.0306705 -0.0432597 0.00534558 0.00268543 -0.0445034 0.00185162 -0.0113693 -0.00306279 -0.0121006 -0.064382 0.00307649 -0.039245 -0.0512983 -0.0107236 -0.14359 -0.179133 -0.0277004 -0.0170303 -0.0206357 -0.0273239 -0.116422 -0.039091 0.00927116 0.0059072 0.00344881 -0.141338 -0.00333519 -0.012374 -0.0231143 0.00106146 0.0119343 -0.0113935 -0.0079937 -0.0108836 -0.0342978 -0.0662215 -0.0156435 -0.0290057 -0.0322843 0.0140115 0.0142089 -0.030178 -0.0402265 -0.000416575 -0.0233219 -0.0318956 -0.0135409 -0.047232 -0.00641977 -0.013159 -0.0154555 -0.026378 -0.0121311 -0.0164861 -0.014683 -0.00681591 -0.0313266 -0.015011 -0.037993 -0.101238 -0.00382453 -0.0115378 -0.0298174 -0.021871 -0.0131856 -0.000192713 0.00167203 -0.0109889 -0.0161972 -0.0296985 -0.000569463 0.00502349 -0.0357865 -0.000614845 0.00317708 0.0049518 -0.00470976 -0.00723133 -0.0189809 -0.0695074 -0.0194131 -0.00596136 -0.0313579 -0.0404664 -0.0141787 6.93719e-05 -0.00337289 -0.00868658 -0.0471692
internal_weight=519689 517810 1879 378509 357300 253706 139301 1146 139362 114344 35137 21209 743 102385 103594 23115 9441 36916 73016 96121 620 79270 12020 79207 77505 43898 30786 25152 24916 14560 10356 2011 8345 29980 733 66346 13112 10655 3892 40857 31441 467 58037 4919 32159 8276 1044 53118 2697 1821 46289 451 418 7301 6936 6187 4729 463 464 38084 10784 52654 238 42861 39909 4557 1458 18254 23485 5634 23117 1560 394 11863 2359 3015 16073 9416 4759 2460 6380 6763 3391 1535 1856 25635 33607 24688 5759 18929 14389 13963 8919 5147 15229 820 346 18955 5435 2905 4469 5799 6643 4540 35352 10642 2234 3807 3120 1378 13674 9088 408 8256 4767 10903 338 2299 1082 1217 630 15804 23883 2181 1867 975
internal_count=519689 517810 1879 378509 357300 253706 139301 1146 139362 114344 35137 21209 743 102385 103594 23115 9441 36916 73016 96121 620 79270 12020 79207 77505 43898 30786 25152 24916 14560 10356 2011 8345 29980 733 66346 13112 10655 3892 40857 31441 467 58037 4919 32159 8276 1044 53118 2697 1821 46289 451 418 7301 6936 6187 4729 463 464 38084 10784 52654 238 42861 39909 4557 1458 18254 23485 5634 23117 1560 394 11863 2359 3015 16073 9416 4759 2460 6380 6763 3391 1535 1856 25635 33607 24688 5759 18929 14389 13963 8919 5147 15229 820 346 18955 5435 2905 4469 5799 6643 4540 35352 10642 2234 3807 3120 1378 13674 9088 408 8256 4767 10903 338 2299 1082 1217 630 15804 23883 2181 1867 975
cat_boundaries=0 2 4 6 8 10 12 13 15 17 19 21 22 23 24 25 26 27 28 29 30 31 33 35 37 39 41 43 45 47 48 50 52 54 55 57 59 61 63 65 67
cat_threshold=2671657 2117 303038466 8196 84 2 34603008 4 3792703616 22288 1120086530 8704 5 540672 64 3271827458 28680 486816386 680 2129928 1 2 16417 525312 537395200 6 6 139266 272761346 131072 4391426 16384 64 1610612864 1536 131072 4096 2147487744 5392 2550403200 17416 0 17408 1082327040 8192 8519680 8192 32768 8 1 33554432 20736 33556480 512 2097152 1610612736 16400 536870912 16 65536 8192 16384 5 134217728 2048 16 2
is_linear=0
shrinkage=0.03


Tree=10
num_leaves=127
num_cat=36
split_feature=0 5 5 5 46 2 5 46 5 21 5 5 25 31 5 5 5 5 0 12 0 25 0 0 23 25 12 27 5 11 27 45 5 5 23 5 5 27 27 5 23 5 0 0 0 0 26 5 0 27 4 25 25 27 0 4 0 0 0 46 5 25 0 5 25 25 0 0 25 25 0 46 11 27 0 0 11 11 27 5 0 5 31 40 5 20 23 30 5 33 0 0 5 0 5 27 27 5 5 27 5 0 25 25 0 5 21 40 22 27 23 23 36 25 0 5 27 25 12 5 27 0 0 0 25 12
split_gain=22116.9 10614.9 8234.58 6792.22 5783.09 4207.5 5872.32 4043.44 2942.17 2938.74 2355.19 2217.27 2228.72 2012.05 1798.12 1728.52 1644.28 1642.54 1605.47 1488.82 1631.5 2213.7 1610.24 4572.48 1475.66 1364.05 1353.25 1976.58 1444.68 1246.94 1208.02 1771.96 1432.49 1307.85 1151.31 1041.44 962.86 932.29 963.639 909.392 891.743 888.657 826.527 815.863 850.292 892.839 806.949 787.544 745.107 739.871 730.887 717.704 897.246 947.883 706.257 3536.31 3174.15 662.354 658.189 657.864 632.384 607.851 603.712 1007.75 594.29 790.11 577.039 4765.66 1225.4 573.6 619.054 563.477 562.162 557.758 554.808 1767.35 546.581 541.198 1159.83 540.255 541.596 3247.66 1593.3 896.677 712.613 691.951 670.138 535.542 526.774 523.355 522.057 520.011 494.181 493.963 568.055 566.251 493.222 484.077 481.894 479.82 1234.34 617.386 475.079 678.348 468.171 467.604 458.888 440.972 439.391 464.686 548.696 610.809 433.147 426.82 423.42 422.874 414.31 413.286 412.909 405.087 424.976 402.138 526.993 1751.03 442.367 401.694
threshold=13030.000000000002 0 1 2 4.4928569793701181 3 4 2.6857141256332402 5 0.10638888552784921 6 7 27.500000000000004 0.03126017842441798 8 9 10 11 1715.0000000000002 -0.048362832516431802 225.00000000000003 19.500000000000004 950.00000000000011 325.00000000000006 0.093464292585849776 50.500000000000007 -0.39827153086662287 0.061421869322657592 12 0.24372619390487674 0.059944719076156623 22.525000572204593 13 14 0.058227287605404861 15 16 0.08212983608245851 0.058047603815793998 17 0.1168753318488598 18 155.00000000000003 325.00000000000006 1615.0000000000002 1940.0000000000002 0.06366304308176042 19 1255.0000000000002 0.15550526976585391 20 88.500000000000014 59.500000000000007 0.098019190132617964 325.00000000000006 21 950.00000000000011 90.000000000000014 61.500000000000007 5.3642854690551767 22 97.500000000000014 615.00000000000011 23 73.500000000000014 99.000000000000014 475.00000000000006 425.00000000000006 95.000000000000014 95.000000000000014 615.00000000000011 6.9499998092651376 0.24372619390487674 0.089248880743980422 950.00000000000011 715.00000000000011 0.24372619390487674 0.2603727281093598 0.053263295441865928 24 1280.0000000000002 25 0.073215696960687651 15.750000000000002 26 26.500000000000004 0.10130250453948976 0.15106015652418139 27 4.2500000000000009 1560.0000000000002 155.00000000000003 28 325.00000000000006 29 0.053855204954743392 0.092709075659513487 30 31 0.058047603815793998 32 325.00000000000006 71.500000000000014 87.500000000000014 950.00000000000011 33 0.06405286863446237 35.649999618530281 -0.049133053049445145 0.055219287052750594 0.086187265813350691 0.061658605933189399 2.4499998092651372 69.500000000000014 1225.0000000000002 34 0.098019190132617964 64.500000000000014 -0.38243420422077173 35 0.05270845256745816 55.000000000000007 1225.0000000000002 1100.0000000000002 55.500000000000007 0.68274390697479259
decision_type=2 9 9 9 2 9 9 2 9 8 9 9 2 10 9 9 9 9 2 2 2 2 2 2 8 2 2 2 9 2 2 2 9 9 10 9 9 2 2 9 8 9 2 2 2 2 10 9 2 2 9 2 2 2 2 9 2 2 2 2 9 2 2 9 2 2 2 2 2 2 2 2 2 2 2 2 2 2 2 9 2 9 8 2 9 2 8 10 9 2 2 2 9 2 9 2 2 9 9 2 9 2 2 2 2 9 10 2 10 2 10 10 2 2 2 9 2 2 2 9 2 2 2 2 2 2
left_child=1 7 8 13 5 9 18 16 24 15 48 12 -8 57 61 87 19 30 41 98 34 22 23 -22 -2 -26 27 28 50 43 33 47 -33 -11 42 125 76 38 -25 77 58 121 105 60 107 -46 69 74 54 -27 -13 52 -23 -54 91 56 59 119 92 -56 -16 71 63 -57 -20 -66 67 88 -68 -42 -71 -6 -64 -48 75 -32 -29 -19 113 90 84 82 -82 86 -81 -86 -84 -5 -49 -59 -28 -9 -18 94 -12 -96 -95 -98 -1 100 -41 -102 -44 -104 -63 -21 -60 -45 109 -108 111 -111 -39 -79 -112 -103 -72 -78 -43 -3 -121 -7 123 -123 -124 -4
right_child=2 3 35 4 14 6 11 10 -10 17 93 26 -14 -15 29 -17 40 39 64 20 21 51 -24 37 25 49 79 36 -30 -31 31 32 -34 -35 -36 -37 -38 112 -40 99 46 118 102 44 45 -47 73 66 -50 -51 -52 -53 53 -55 55 62 -58 89 106 -61 -62 104 72 -65 65 -67 68 -69 -70 70 116 -73 -74 -75 -76 -77 117 78 -80 80 81 -83 83 -85 85 -87 -88 -89 -90 -91 -92 -93 -94 96 95 -97 97 -99 -100 -101 101 115 103 -105 -106 -107 108 -109 -110 110 114 -113 -114 -115 -116 -117 -118 -119 -120 120 -122 122 124 -125 -126 -127
leaf_value=-0.018059906325480889 -0.023695862958344017 0.02684516744231278 -0.03040848970102767 -0.0040011281025502162 0.0060791763137942809 0.0070834743275067433 -0.12396850372758808 -0.015972651068816138 -0.22684779586849441 0.0061529575965973476 0.0072258021201397713 -0.1580734488917786 -0.029325124614425557 0.03787768891148835 -0.014759617081952038 0.012292658485770276 0.0085811946951324415 0.010003805981031304 -0.019211874657241973 0.0030448516543649211 -0.020135349937505438 -0.0049504817073792512 0.0033323870690369173 -0.11868888583894865 -0.073758861060017972 -0.13440889008534262 -0.011382300478291536 0.012508376150495475 -0.032888399293895372 -0.014796849235010921 -0.0069354744278436039 -0.0089933720879207934 -0.043985994066001961 -0.0098435941640315425 -0.089637332734866779 0.0049775683274832514 -0.0062545431381066221 -0.10177808191645173 -0.027548756213001315 0.011389250324796939 -0.013607132922526485 -0.0095472562238943202 -0.031397996655852529 0.00046146820352556303 -0.11075873706489801 -0.014239195511638951 -0.021345309751791355 -0.0036925131594529371 0.018155121352568838 -0.21840891483601402 -0.072810086694402559 -0.0041849581281437724 -0.025770090088962708 -0.0063135392539469728 -0.077912440507193287 0.026872338898949924 0.029324185114376747 0.010365972611330302 0.0043704092596218921 -0.1539053031449677 0.00092565306535958289 -0.0069508003761544288 -0.010876838734839684 -0.011789223509360382 -0.12738520642001944 -0.025583183214444073 -0.016604566613336411 -0.19653703952357715 0.0012809386904930823 0.022792138726100745 -0.023572193169004916 0.013821593389963921 -0.027898303248126623 -0.051308755448021472 0.0031304184963943322 -0.10553560409348371 -0.07736580955065564 -0.015946476387658289 0.0026820048249801857 0.013787250153058104 -0.18786696940171912 0.0025550567536483867 -0.053728177363789355 -0.0031965237607558565 -0.093795848290575232 -0.017289855112313995 -0.14277115940196172 0.0056818313603392793 -0.02560935170754873 0.023367850516190891 0.014843148652733744 0.012434511898223862 -0.042112794664316611 0.011261950839779263 -0.021609640714301558 -0.0015636562163705364 -0.026646132775257274 0.0029699453105572135 0.001213133639935942 -0.0014203743070870768 -0.0046668015958320572 -0.033555993468846412 -0.069820172622345106 -0.03201041390660285 -0.07469542513465853 -0.025151407935198756 -0.0075129233474293261 0.0072468641818644163 -0.004568669952908634 -0.031992634068027728 -0.028121632410091451 -0.099192331004100784 -0.1670151538359711 -0.082544131387111752 0.0081713621984474353 -0.014384172807544752 -0.0034304212920790631 -0.032589653129312751 0.0015610886966179699 -0.049009022455408488 -0.0045466217501549423 -0.012916956355021054 -0.0075218948239390605 -0.12602738322257995 0.011446428303611639 -0.097423907984444433
leaf_weight=1655 122 307 143 13977 16601 1392 355 852 404 8723 4281 102 606 2967 4100 16949 226 8688 218 662 1329 4040 538 236 200 233 8770 134 1486 4383 3359 1812 2567 9709 311 400 2423 155 188 2381 46562 3380 2596 14323 106 447 2988 1689 809 169 812 4904 9608 2945 168 958 162 12242 3567 278 5295 848 14244 1613 165 118 9212 136 5509 686 1136 17256 1990 688 6262 171 344 146 2040 664 121 829 171 143 106 20704 139 8130 2412 3608 740 1811 748 8942 1718 4837 582 3051 3905 45345 4754 1418 896 821 102 2709 3369 21648 14569 871 620 141 251 214 541 4049 4799 407 27564 219 1607 8526 4713 124 1445 187
leaf_count=1655 122 307 143 13977 16601 1392 355 852 404 8723 4281 102 606 2967 4100 16949 226 8688 218 662 1329 4040 538 236 200 233 8770 134 1486 4383 3359 1812 2567 9709 311 400 2423 155 188 2381 46562 3380 2596 14323 106 447 2988 1689 809 169 812 4904 9608 2945 168 958 162 12242 3567 278 5295 848 14244 1613 165 118 9212 136 5509 686 1136 17256 1990 688 6262 171 344 146 2040 664 121 829 171 143 106 20704 139 8130 2412 3608 740 1811 748 8942 1718 4837 582 3051 3905 45345 4754 1418 896 821 102 2709 3369 21648 14569 871 620 141 251 214 541 4049 4799 407 27564 219 1607 8526 4713 124 1445 187
internal_value=-0.00489097 -0.00452024 -0.108183 -0.00157643 -0.00262368 -0.00495288 -0.0102726 -0.0107858 -0.15844 -0.0020631 -0.0032615 -0.0188952 -0.0637172 0.0149854 0.004118 0.00508884 -0.0137076 -0.00437951 -0.00320172 -0.0188875 -0.0213685 -0.0174847 -0.0431005 -0.0546672 -0.117444 -0.13832 -0.0177465 -0.0312196 -0.0519409 0.000489584 -0.00843005 -0.0118568 -0.0296326 -0.00227526 -0.033118 -0.027866 -0.0161749 -0.109869 -0.0784376 -0.00135274 -0.0113048 -0.00263408 -0.0308191 0.00194908 0.0039772 -0.0329068 -0.0133723 -0.00914833 -0.0101025 -0.170177 -0.0815959 -0.0142691 -0.017249 -0.0212063 -0.0111434 -0.0131307 -0.0842807 0.0112149 -0.00654029 -0.125519 -0.005935 0.00935869 -0.0108259 0.00268025 -0.0565692 -0.0851773 -0.0127141 -0.0224762 -0.00991169 -0.0124323 -0.00416935 0.0100256 -0.012965 -0.0269657 -0.00222886 -0.0117404 -0.0427446 0.00651463 -0.00608794 -0.0153765 -0.0178775 -0.0359423 -0.0899304 -0.0653954 -0.0167039 -0.0176755 -0.0939846 -0.000439859 -0.0166574 0.0133269 -0.00933047 0.00334334 -0.0306973 0.00342881 -0.00126408 -0.00680962 0.00747523 -0.00184568 -0.00455623 -0.00285909 -0.00803767 -0.0125627 -0.0395183 -0.0517702 -0.0142953 -0.0196805 -0.00554534 0.00454513 -0.00730418 -0.0144933 -0.0253071 -0.0414441 -0.142421 -0.0556541 -0.0112174 -0.0194498 -0.00728902 -0.0531752 0.000347347 -0.00447806 -0.00984918 -0.00832371 -0.00977804 -0.0145528 -0.00306976 -0.0665528
internal_weight=519826 517968 1858 352412 331462 246353 86701 165556 1128 159652 46296 39056 961 20950 85109 39056 119260 120596 47645 37749 32189 24194 2697 2159 724 602 38095 5708 2400 50302 51561 33129 4379 18432 7995 730 3308 830 424 69035 81511 47144 7684 45919 36524 553 56859 28750 22885 402 914 21497 16593 12553 22076 19413 608 17983 24652 446 9395 34807 18805 2571 501 283 18958 4237 14721 53183 6621 33857 16234 3676 9792 3530 885 11088 2400 32387 22877 1403 574 453 21474 20810 310 22107 4101 15850 9510 2663 974 23411 10836 6555 12575 3633 5560 57947 12602 10221 4313 1717 950 3371 23678 35971 20111 5542 2173 1012 406 360 1161 5467 5935 751 30944 2133 1826 16200 14808 8650 6158 330
internal_count=519826 517968 1858 352412 331462 246353 86701 165556 1128 159652 46296 39056 961 20950 85109 39056 119260 120596 47645 37749 32189 24194 2697 2159 724 602 38095 5708 2400 50302 51561 33129 4379 18432 7995 730 3308 830 424 69035 81511 47144 7684 45919 36524 553 56859 28750 22885 402 914 21497 16593 12553 22076 19413 608 17983 24652 446 9395 34807 18805 2571 501 283 18958 4237 14721 53183 6621 33857 16234 3676 9792 3530 885 11088 2400 32387 22877 1403 574 453 21474 20810 310 22107 4101 15850 9510 2663 974 23411 10836 6555 12575 3633 5560 57947 12602 10221 4313 1717 950 3371 23678 35971 20111 5542 2173 1012 406 360 1161 5467 5935 751 30944 2133 1826 16200 14808 8650 6158 330
cat_boundaries=0 2 4 6 7 9 11 13 14 16 18 20 22 24 26 28 29 31 32 34 35 36 37 39 41 43 44 45 47 49 51 52 53 55 57 59 61
cat_threshold=1076413481 2389 303038466 8196 84 2 6 2642677888 9384 34603008 4 573448 68 131072 50601986 29736 2256797696 30240 17441 2112 127078400 25600 33554434 4096 50397184 17408 76677120 1024 537395200 8192 16896 138420354 2415919232 9216 16973824 1 1 12714496 128 32768 4 37822976 4096 536872960 2048 68157440 9216 2621440 17 1073742881 2048 1075838976 16384 2684616704 32 1 2048 512 128 16 2
is_linear=0
shrinkage=0.03


Tree=11
num_leaves=127
num_cat=35
split_feature=1 5 5 5 46 2 5 46 21 5 5 5 21 31 5 5 5 23 1 5 12 1 25 1 1 45 27 5 23 25 11 11 27 5 12 5 23 5 27 1 1 1 1 5 1 5 1 25 47 1 1 4 1 11 28 5 1 25 25 27 5 33 26 12 11 27 11 1 5 27 5 1 25 23 1 20 1 5 21 22 5 1 46 39 25 32 1 30 25 25 25 1 25 25 5 1 27 11 25 1 5 5 1 1 1 25 4 1 27 1 5 5 36 27 5 5 22 5 27 25 12 25 1 27 5 27
split_gain=20712.9 9976.85 8051.3 6377.89 5439.66 3927.06 5422.65 3898.71 2695.94 2464.27 2264.29 2216.35 2022.43 1907.14 1711.87 1675.57 1556.89 1546.61 1477.24 1439.5 1353.5 1595.61 1806.44 1489.7 2178.72 1272.43 1747.93 1368.69 1145.33 1067.11 1028.38 1003.26 1894.14 1572.96 928.178 900.957 875.552 840.274 829.383 813.236 904.482 840.96 786.849 708.334 699.178 696.895 1305.13 731.66 692.927 680.663 667.445 3017.43 2781.54 783.71 660.946 636.052 614.406 610.426 664.705 637.473 598.101 590.413 583.422 582.871 574.308 1147.52 573.207 572.193 610.523 588.664 571.34 2070.28 1441.16 1375.19 789.292 658.161 643.008 548.782 541.479 697.194 541.094 531.08 529.414 523.529 520.174 522.414 508.923 500.149 488.241 686.776 480.208 478.345 476.343 458.249 453.075 429.539 428.722 427.611 427.444 426.367 761.27 424.097 416.935 598.021 1854.08 441.364 416.211 415.711 406.818 2810.69 479.149 466.955 399.642 397.325 490.717 395.28 386.633 381.756 426.716 380.497 379.776 375.673 1592.94 370.811 620.107 420.501
threshold=9.461545944213869 0 1 2 4.4928569793701181 3 4 2.2428570985794072 0.10638888552784921 5 6 7 0.042858690023422248 0.03126017842441798 8 9 10 0.093464292585849776 7.4465231895446786 11 -0.048362832516431802 5.4143788814544687 18.500000000000004 5.759707212448121 6.8561301231384286 23.525000572204593 0.061421869322657592 12 0.058227287605404861 50.500000000000007 0.24372619390487674 0.40614137053489691 0.086274277418851866 13 0.7074720859527589 14 0.114736445248127 15 0.15550526976585391 7.4465231895446786 5.759707212448121 7.7717878818511972 5.0493419170379648 16 7.3527534008026132 17 7.1113042831420907 74.500000000000014 14.13499975204468 4.5047848224639901 5.759707212448121 18 6.8561301231384286 -0.9193688929080962 0.071016978472471251 19 7.3527534008026132 88.500000000000014 81.500000000000014 0.089248880743980422 20 7.849999427795411 0.16209227591753009 0.94066718220710765 0.24372619390487674 0.053263295441865928 0.24372619390487674 5.759707212448121 21 0.053855204954743392 22 7.1552743911743173 51.500000000000007 0.10130250453948976 7.3527534008026132 28.500000000000004 4.1348783969879159 23 0.06405286863446237 0.10392067208886148 24 4.5047848224639901 3.6071430444717412 9.50000047683716 66.500000000000014 0.085043769329786315 6.4229502677917489 0.15106015652418139 73.500000000000014 99.000000000000014 80.500000000000014 5.0493419170379648 72.500000000000014 102.50000000000001 25 5.759707212448121 0.092709075659513487 0.49812944233417517 58.500000000000007 6.4229502677917489 26 27 4.0213496685028085 7.1113042831420907 6.9998323917388925 55.500000000000007 28 4.1348783969879159 0.086274277418851866 6.4229502677917489 29 30 5.8499999046325692 0.058047603815793998 31 32 -0.11946358904242514 33 0.05270845256745816 16.500000000000004 -0.38243420422077173 27.500000000000004 5.0493419170379648 0.058047603815793998 34 0.064750330522656455
decision_type=2 9 9 9 2 9 9 2 8 9 9 9 10 10 9 9 9 8 2 9 2 2 2 2 2 2 2 9 10 2 2 2 2 9 2 9 8 9 2 2 2 2 2 9 2 9 2 2 2 2 2 9 2 2 8 9 2 2 2 2 9 2 10 2 2 2 2 2 9 2 9 2 2 10 2 2 2 9 10 10 9 2 2 2 2 10 2 10 2 2 2 2 2 2 9 2 2 2 2 2 9 9 2 2 2 2 9 2 2 2 9 9 2 2 9 9 8 9 2 2 2 2 2 2 9 2
left_child=1 7 9 13 5 8 18 15 16 17 44 12 -8 49 61 20 87 -2 35 31 -1 28 23 -23 48 54 27 83 42 -19 39 95 94 77 60 102 45 64 -31 40 55 -41 101 -28 50 46 47 81 86 117 91 52 53 -52 -13 -16 92 58 -24 -60 -4 107 90 -36 -21 -66 99 68 -12 -70 74 75 -73 93 -56 -72 116 -34 -47 -80 -78 -17 -51 -27 -44 -86 119 -5 -20 -90 -38 98 -48 -74 -33 -10 -69 -64 -9 100 -53 -22 -7 104 -104 -105 -59 -6 111 -110 -111 -42 123 114 -97 -18 -77 -3 -119 -25 -37 122 -82 124 -39 -125
right_child=2 3 34 4 14 6 11 10 19 -11 67 25 -14 -15 30 36 115 29 88 37 21 22 57 24 -26 26 43 -29 -30 38 -32 32 33 -35 63 120 62 112 -40 41 108 -43 84 -45 -46 78 56 -49 -50 82 51 66 -54 -55 70 -57 -58 106 59 -61 -62 -63 97 -65 65 -67 -68 96 69 -71 71 72 73 -75 -76 76 80 -79 79 -81 121 -83 -84 -85 85 -87 -88 -89 89 -91 -92 -93 -94 -95 -96 113 -98 -99 -100 -101 -102 -103 103 105 -106 -107 -108 -109 109 110 -112 -113 -114 -115 -116 -117 -118 118 -120 -121 -122 -123 -124 125 -126 -127
leaf_value=-0.0042032876801684155 -0.019151154440992017 0.025102393326172433 -0.048034644082188604 -0.0037632391715777414 -0.035193042423990031 0.0073558644732215073 -0.10637934944371939 -0.0024528650333537345 -0.01303350374336875 -0.21928645433630431 0.0068236839835554121 -0.0020871344893439244 -0.018594449370790384 0.036682028361930054 -0.014777588152537959 -0.042164679034069404 0.0077060411776302389 -0.079876107468456026 -0.020523862809167303 0.010159621210221816 0.0022372443677402278 -0.019813650909481305 -0.012648476340800857 -0.04521287061889237 -0.0058752078687578785 -0.14621536724638229 -0.043063476626750752 -0.031028347445382149 -0.088669499894486192 -0.12674400267491279 -0.013431166563720336 -0.041114319433064671 -0.018566257747110872 -0.046572200148047645 -0.12763650451039915 -0.0089746233245110232 -0.014081247587128459 -0.019612075303466689 -0.21273982914945772 -0.086380099362549284 -0.0014222047051998608 -0.0068996434412764577 -0.028769327625932817 -0.0076623881310513104 0.017372372658133916 0.0093298322176875309 -0.023599042185823937 0.017850656342789657 -0.05138495192753418 0.0098609871659556241 -0.05747032121154997 0.026056866447964941 0.028342363839477018 -0.14527846087880486 -0.013664347649976151 0.00089418532042800296 0.0011361955013126134 -0.010990007054223446 -0.029708779800018063 -0.004386038524060421 0.022471911918121708 0.01436548294668572 -0.04224748936049004 -0.032889431203964731 -0.05882165931336103 0.0016546687338200895 -0.023780821575631137 0.010963542470493939 -0.02193003927173319 -0.0020574448055078074 -0.090814909109068226 -0.16696108411658894 -0.010471256250315461 -0.14436595617578579 0.011801754990656081 -0.010991914648074598 0.011900358984972048 0.021085501259120284 -0.009065093743726162 0.0048589474400663989 0.015774318381463211 -0.010545810165478332 0.022543052144080186 -0.073038482195928733 -0.069130617805481867 -0.037748493672705316 -0.15425416946876794 0.0055865930010683077 -0.12147920624069544 -0.024976868142252383 -0.0074118308817797823 0.011672538755076732 -0.090921415317426896 -0.063766179960451003 -0.0050695619443740913 -0.0074836420284541769 -0.0010756471249653374 0.022963686848732432 -0.049619517425028015 -0.010590769794190656 -0.0094158565346855062 -0.024699728128030889 -0.013106003301335271 -0.0070892793042886537 -0.12557373158967317 0.011770175127415331 0.0077578379418740363 0.0066320981604763608 -0.14987318998903307 0.026065786844831192 0.0020311528410941119 0.012135587199419397 0.00041455639741717128 -0.0053674235911335402 0.017647803926501494 0.017009587067997281 -0.062921006632092241 -0.049291002140485797 -0.004867276007061193 -0.11400453368755828 0.0015871343909217011 -0.016124446967895962 -0.10348847035048664 0.0015805472491431606 -0.0026798543399085919 -0.0054117291730000246
leaf_weight=5047 118 315 149 14013 215 1399 489 640 5925 390 4546 3256 457 3000 4153 590 9478 199 208 7941 662 1278 10758 108 353 100 654 1276 315 238 4349 318 1513 2573 100 3446 42622 3598 185 186 3030 334 2183 2231 819 2486 130 676 222 11957 134 832 158 301 9018 5299 127 3411 4920 1094 324 12561 898 141 326 2069 2604 9271 1827 5042 108 109 362 116 1246 186 608 387 13133 4294 196 2509 3939 765 782 1239 191 8139 160 114 12590 1860 355 242 7162 1248 3734 100 236 14380 1528 2642 8576 4740 133 1460 1549 21966 108 761 22869 9348 21678 23596 1569 7345 424 220 1632 231 27580 16870 206 11126 4253 25435
leaf_count=5047 118 315 149 14013 215 1399 489 640 5925 390 4546 3256 457 3000 4153 590 9478 199 208 7941 662 1278 10758 108 353 100 654 1276 315 238 4349 318 1513 2573 100 3446 42622 3598 185 186 3030 334 2183 2231 819 2486 130 676 222 11957 134 832 158 301 9018 5299 127 3411 4920 1094 324 12561 898 141 326 2069 2604 9271 1827 5042 108 109 362 116 1246 186 608 387 13133 4294 196 2509 3939 765 782 1239 191 8139 160 114 12590 1860 355 242 7162 1248 3734 100 236 14380 1528 2642 8576 4740 133 1460 1549 21966 108 761 22869 9348 21678 23596 1569 7345 424 220 1632 231 27580 16870 206 11126 4253 25435
internal_value=-0.00468408 -0.00432674 -0.105024 -0.00147539 -0.00249235 -0.00475143 -0.00988971 -0.0104054 -0.00195984 -0.154294 -0.00319333 -0.0182034 -0.0633669 0.0145279 0.00404297 -0.0133472 0.00489999 -0.117331 -0.00312028 -0.0041748 -0.0186361 -0.0209225 -0.017102 -0.0418936 -0.0673894 -0.0170603 -0.0311249 -0.0516567 -0.0326958 -0.13778 0.000512124 -0.00847741 -0.0159056 -0.0313468 -0.0244401 -0.00258823 -0.0109136 -0.00167991 -0.164768 0.00182823 0.00225429 -0.0354404 -0.0303359 -0.0158754 -0.00984003 -0.00615641 -0.0169665 -0.010409 -0.096219 0.0108547 -0.0108281 -0.0127348 -0.079337 -0.118423 -0.014919 -0.00600717 -0.0576086 -0.0143817 -0.0171159 -0.0251038 -0.000332178 0.00916597 -0.012972 -0.0725685 0.00627024 -0.0065983 -0.0106891 0.00320364 -0.00169659 -0.00733486 -0.0163261 -0.0193555 -0.0657262 -0.0501901 -0.0105617 -0.0172955 -0.0168612 -0.0104149 -0.00376373 -0.00563414 -0.0158259 -0.0165772 0.0130048 -0.0807251 -0.0389464 -0.0499196 -0.114866 -0.000327716 -0.0553209 -0.0815654 -0.0125606 0.00306558 -0.0729619 -0.0318946 -0.00666897 -0.00573394 0.00750703 -0.0356969 -0.015202 -0.00865127 0.003166 -0.0193715 -0.00829419 -0.00976869 -0.0148378 -0.002647 -0.0051347 0.00622512 0.00441652 0.00211717 0.00281814 0.00882559 -0.0029241 -0.00409607 0.00655132 0.0117765 -0.0471308 -0.00491614 -0.0101136 -0.092286 0.000413675 -0.0167998 -0.0454456 -0.00455436 -0.0104695 -0.0032839
internal_weight=519920 518076 1844 352669 331606 246427 86735 165407 159692 1130 47912 38919 946 21063 85179 117495 38975 740 47816 120717 36985 31938 24115 2383 1105 37973 5026 2141 7823 622 50437 44291 11953 4473 714 47334 80510 76426 423 46088 45568 520 7508 2885 23492 24300 4387 3775 752 18063 22673 19937 593 435 32947 9452 612 21732 16772 6014 473 34742 56210 241 10336 2395 19344 24420 11415 6869 29691 19427 829 720 10264 18598 18490 1900 19913 17427 17880 3099 15896 865 4204 2021 530 22152 482 274 55212 2736 485 604 7480 32338 13005 998 876 16740 2360 3304 16308 14909 8709 6200 4960 22181 36116 23738 23630 12378 66090 26413 2817 16823 610 2167 1852 339 31026 17272 402 44412 7851 36561
internal_count=519920 518076 1844 352669 331606 246427 86735 165407 159692 1130 47912 38919 946 21063 85179 117495 38975 740 47816 120717 36985 31938 24115 2383 1105 37973 5026 2141 7823 622 50437 44291 11953 4473 714 47334 80510 76426 423 46088 45568 520 7508 2885 23492 24300 4387 3775 752 18063 22673 19937 593 435 32947 9452 612 21732 16772 6014 473 34742 56210 241 10336 2395 19344 24420 11415 6869 29691 19427 829 720 10264 18598 18490 1900 19913 17427 17880 3099 15896 865 4204 2021 530 22152 482 274 55212 2736 485 604 7480 32338 13005 998 876 16740 2360 3304 16308 14909 8709 6200 4960 22181 36116 23738 23630 12378 66090 26413 2817 16823 610 2167 1852 339 31026 17272 402 44412 7851 36561
cat_boundaries=0 2 4 6 7 9 11 13 14 16 18 20 22 24 26 28 29 31 33 34 36 38 40 42 43 44 45 47 49 50 51 53 55 57 59 61
cat_threshold=1076413481 2389 303038466 8196 84 2 6 2642677888 9384 34603008 4 573448 68 131072 50601986 29736 17441 2112 2256797696 30240 59969536 24576 33554434 4096 50397184 16384 2415919232 9216 134226050 8192 512 32776 256 1 12714496 128 524288 2048 1073742881 2048 38863360 4096 50331648 2048 65536 32768 4 1 2048 1 2560 335677568 128 16777216 16384 134291968 136 16 2 2560 4224
is_linear=0
shrinkage=0.03


Tree=12
num_leaves=127
num_cat=39
split_feature=1 5 5 5 48 21 33 11 5 5 23 5 31 25 1 5 5 5 1 21 2 5 5 5 5 23 25 1 25 25 2 25 25 13 23 5 2 1 5 5 25 1 25 5 1 1 25 1 1 1 25 25 11 1 1 5 1 25 1 26 40 5 1 26 5 1 22 1 25 11 48 1 1 25 5 29 1 5 26 25 26 1 1 1 5 1 21 1 46 1 5 1 1 5 25 1 25 1 3 5 1 5 1 5 1 5 1 5 5 1 39 30 1 5 26 1 20 5 22 1 1 3 29 26 1 5
split_gain=19719.2 9439.23 6966.96 6086.34 5567.49 4015.86 3247.88 2811.2 3957.88 2324.57 2208.16 1992.89 1773.39 1578.26 1555.28 1801.83 1521.83 1517.49 1335.12 1903.63 1236.7 2330.32 1387.84 1269 1224.39 1208.44 1164.23 1061.32 1612.06 1370.7 1060.19 1220.17 1122.98 1037.42 1032.44 1029.54 1132.4 983.818 2604.6 951.148 1067.01 3704.48 1415.55 919.385 904.932 2357.91 1023.75 891.831 784.655 772.12 717.931 879.051 705.15 681.257 761.057 2959.16 2829.59 1281.17 667.664 635.959 632.344 627.241 1416.56 624.622 799.559 623.074 620.793 606.847 733.17 589.235 587.702 567.371 556.832 543.311 542.222 631.896 662.738 635.036 541.503 532.686 529.518 565.464 526.522 695.216 576.477 519.851 867.845 511.335 498.246 487.238 470.318 463.63 442.539 435.972 435.185 428.415 449.532 441.969 455.727 399.243 391.519 732.146 387.492 483.416 387.019 384.352 583.318 903.24 774.309 379.985 379.613 374.147 401.609 370.426 366.107 1637.57 359.039 356.679 505.368 796.51 416.377 680.142 574.001 628.422 398.571 355.265
threshold=9.461545944213869 0 1 2 6.9500000476837167 0.11281433328986169 1.5500001907348635 0.2603727281093598 3 4 0.064333807677030577 5 0.030217773281037811 93.500000000000014 5.4143788814544687 6 7 8 7.2490057945251474 0.04543250426650048 9 10 11 12 13 0.038110742345452316 50.500000000000007 5.4143788814544687 59.500000000000007 18.500000000000004 14 89.500000000000014 113.00000000000001 45.500000000000007 0.058227287605404861 15 16 5.1923544406890878 17 18 40.500000000000007 6.8561301231384286 38.500000000000007 19 5.759707212448121 6.8561301231384286 15.500000000000002 7.1113042831420907 7.4465231895446786 5.759707212448121 57.500000000000007 88.500000000000014 -0.39036798477172846 7.3527534008026132 5.759707212448121 20 6.8561301231384286 17.500000000000004 7.3527534008026132 0.24214403331279757 34.95000076293946 21 6.4229502677917489 0.1366594657301903 22 7.7717878818511972 0.053342131897807128 6.4229502677917489 16.500000000000004 0.24372619390487674 0.7500000298023225 5.0493419170379648 4.5047848224639901 80.500000000000014 23 0.071491584181785597 5.759707212448121 24 0.10922185331583024 46.500000000000007 0.038897719234228141 7.1113042831420907 6.4229502677917489 6.8561301231384286 25 7.1552743911743173 0.13336781412363055 7.3527534008026132 6.357142686843873 7.4465231895446786 26 5.0493419170379648 4.5047848224639901 27 16.500000000000004 7.1113042831420907 81.500000000000014 5.759707212448121 28 29 6.4229502677917489 30 3.822698831558228 31 6.744683265686036 32 6.5665833950042733 33 34 5.759707212448121 10.09999990463257 0.049045160412788398 4.1348783969879159 35 1.0000000180025095e-35 6.8561301231384286 79.500000000000014 36 -0.11594646796584128 7.1113042831420907 5.759707212448121 37 0.09549861773848535 0.06366304308176042 4.5047848224639901 38
decision_type=2 9 9 9 2 8 2 2 9 9 8 9 10 2 2 9 9 9 2 10 9 9 9 9 9 10 2 2 2 2 9 2 2 2 10 9 9 2 9 9 2 2 2 9 2 2 2 2 2 2 2 2 2 2 2 9 2 2 2 10 2 9 2 10 9 2 10 2 2 2 2 2 2 2 9 10 2 9 10 2 8 2 2 2 9 2 10 2 2 2 9 2 2 9 2 2 2 2 1 9 2 9 2 9 2 9 2 9 9 2 2 10 2 9 8 2 2 9 8 2 2 1 10 10 2 9
left_child=1 6 9 12 13 16 17 20 14 10 -2 49 70 24 15 -9 109 30 25 -20 23 89 47 -7 88 79 -12 28 -19 44 32 59 39 43 71 36 93 38 -26 104 41 42 -41 -4 -29 46 -46 -23 60 90 114 95 105 54 91 56 57 -56 61 66 -39 62 -16 64 -38 -50 117 68 -48 100 -3 111 102 -28 -27 76 77 -76 -42 92 -33 125 84 -84 -66 116 -87 -85 -5 -22 -8 -13 -18 -10 -64 96 -52 98 -98 -51 101 -57 -72 -104 -1 -25 108 -108 -107 -6 -86 112 -30 -40 115 -31 -37 118 119 124 121 -120 -122 -124 -32 -82
right_child=2 3 33 4 5 7 11 8 35 -11 26 53 -14 -15 58 -17 18 27 19 -21 21 22 -24 52 37 74 73 29 34 50 31 80 -34 -35 -36 85 63 48 113 40 78 -43 -44 -45 45 -47 67 -49 65 99 51 -53 -54 -55 55 69 -58 -59 -60 -61 -62 -63 94 -65 82 -67 -68 -69 -70 -71 72 -73 -74 -75 75 -77 -78 -79 -80 -81 81 -83 83 87 110 86 -88 -89 -90 -91 -92 -93 -94 -95 -96 -97 97 -99 -100 -101 -102 -103 103 -105 -106 106 107 -109 -110 -111 -112 -113 -114 -115 -116 -117 -118 -119 120 -121 122 -123 123 -125 -126 -127
leaf_value=0.0091156712117136003 0.015321219842880963 0.02065475337499215 -0.052908609701741126 0.0059413643172517346 -0.0073467162341755883 0.0066635285794764236 0.0055581937844162667 -0.02255220618504428 0.012382799238293203 -0.21034280635342739 -0.079502511887152766 -0.014028455816552541 0.035352142268332477 -0.0097880352083954767 -0.0093699566502288469 -0.075487097759289509 -0.043393007992516927 -0.0081598966007103389 -0.15825581948917644 -0.011544008540318012 -0.0017587098163487584 -0.13066748879711079 -0.015368682642540904 -0.0020117795303610103 -0.12408810951779869 0.0049706351694918374 -0.20804568158728737 -0.018174884203191116 -0.012090343203695609 -0.10609949885478502 -0.061481777455606679 -0.013943697517152546 -0.03530869630582071 -0.11137980289955055 -0.088386044729822352 -0.0076242211518587951 -0.042651718301198287 -0.00029328906408602914 -0.018638635849093661 -0.073202954444254661 -0.019396149458975616 0.019374727775873679 -0.20259499942555145 0.019917229262939769 -0.0045867613663098643 -0.0041168026274632646 -0.025116764136034534 -0.020509371726136458 -0.079426049783243149 0.035260967423728806 -0.016185233686656052 -0.0043215991158595465 -0.00046481564887592694 0.01659895634882198 -0.14151447678183857 0.02470251808108221 0.02779676951088109 -0.0227951798741227 -0.088296162732674377 0.0070972631559090707 0.0065249845431878568 -0.018506116581813177 -0.010928991821324712 -0.0023779887617805724 -0.024431238729214405 -0.0072707482157399195 -0.0010599430915299269 -0.12813453255868873 -0.10785215894728899 -0.02301190781903038 0.032875630943501578 -0.04063260065827317 0.0098104659859618547 -0.13591286074478437 -0.027369030960695179 0.0162575456601507 -0.032588332751823337 0.017754870266969619 0.0034218229862418444 -0.017619253917175396 0.026964088146166604 -0.0023091130759556127 0.00426486610140991 -0.023495441394866836 -0.12719002465114873 -0.011219221483287021 -0.084924793106474675 0.01343694232344738 0.013538099992002344 -0.039451135567005594 -0.0080653463435419043 0.012049007213962844 0.017922298346032667 -0.0081765988474450813 -0.076362487759645062 -0.0024514262395327864 -0.049384395468281786 -0.022270813657619713 0.00024121287289884146 0.0066268915977458079 -0.010425329546606263 -0.0097747633903560744 0.025733492994795038 -0.020352454120523968 -0.0086863420869442969 -0.0044095440251293687 -0.016404931679508291 0.0020488727854656372 -0.017609642869016531 -0.00065465363324305548 -0.051012756724471912 0.001575225305162401 -0.037670829031036475 -0.0021052948042895999 0.0017663654227331499 0.0080361279454764997 -0.00077709563463956236 -0.015138909887977543 -0.021620196101371027 -0.1000019156101138 0.0045226986567728673 0.0037812726566781017 -0.06230842575245378 -0.0082986664364252463 -0.0048635529400861324 0.0059928646610870086
leaf_weight=1429 103 3962 268 17835 13063 11462 3429 1168 1149 393 231 898 3007 7556 717 1199 122 2850 103 340 22261 160 19861 11176 159 17563 160 1399 921 157 145 2012 2556 112 312 15912 1625 20389 1508 177 9179 288 135 346 125 552 170 113 178 446 8852 4922 27610 845 364 857 170 106 137 1672 30635 8306 106 1454 623 271 4310 324 224 2994 182 3460 12241 257 354 10226 485 1215 1042 2502 1091 6251 1195 5033 101 574 191 361 13772 312 6768 1932 764 4657 684 1312 1140 4127 195 11650 14454 1524 234 1306 4750 6810 3375 8089 9763 18381 145 483 1384 6234 3612 398 12159 24138 2958 128 4043 1396 240 994 480 2197
leaf_count=1429 103 3962 268 17835 13063 11462 3429 1168 1149 393 231 898 3007 7556 717 1199 122 2850 103 340 22261 160 19861 11176 159 17563 160 1399 921 157 145 2012 2556 112 312 15912 1625 20389 1508 177 9179 288 135 346 125 552 170 113 178 446 8852 4922 27610 845 364 857 170 106 137 1672 30635 8306 106 1454 623 271 4310 324 224 2994 182 3460 12241 257 354 10226 485 1215 1042 2502 1091 6251 1195 5033 101 574 191 361 13772 312 6768 1932 764 4657 684 1312 1140 4127 195 11650 14454 1524 234 1306 4750 6810 3375 8089 9763 18381 145 483 1384 6234 3612 398 12159 24138 2958 128 4043 1396 240 994 480 2197
internal_value=-0.00466733 -0.0043162 -0.101885 -0.00167034 -0.00263124 -0.00506521 -0.0105144 -0.00739175 -0.0128533 -0.147524 -0.112089 -0.00387533 0.0140291 0.00338582 -0.0279229 -0.0498009 0.00131184 -0.013356 0.00574252 -0.0459349 -0.00479629 -0.00890216 -0.0163208 -0.00255485 0.00448001 0.00643452 -0.134061 -0.0182998 -0.0270021 -0.0153288 -0.0108029 -0.00856096 -0.0167624 -0.0274586 -0.0351857 -0.00873633 -0.0147526 0.00193937 -0.0079163 -0.0139818 -0.0193382 -0.0582092 -0.129658 -0.0124407 -0.0352432 -0.0523352 -0.0838665 -0.0823082 0.0034527 0.00259306 -0.0130762 -0.0153787 -0.00413689 -0.00984467 -0.0108086 -0.0128246 -0.075789 -0.114845 -0.022742 -0.0110153 0.00380048 -0.0218179 -0.039661 -0.0206162 -0.0235579 -0.0359887 -0.0117954 -0.0976432 -0.0723081 -0.010745 0.0104581 -0.0325153 0.00756348 -0.164021 0.00836214 0.0131971 -0.00197574 0.00750177 -0.0170698 -0.0105423 3.82126e-05 0.00298848 -0.0193094 -0.0164357 -0.0412766 -0.00532223 -0.0297084 -0.0210217 0.00924886 -0.0022804 -0.00348645 0.00377222 0.00943993 -0.0040922 -0.0676077 -0.018861 -0.0203648 -0.0271342 -0.042141 0.00772013 -0.00856858 0.00270257 -0.00840582 -0.0133027 -0.00456113 -0.00672339 -0.0085976 -0.0033974 -0.0121995 -0.00343384 -0.0794601 -0.0224306 -0.0274594 -0.00534756 -0.00172155 -0.0243836 -0.00465851 -0.0131356 -0.00845516 -0.0321167 -0.00661082 -0.0134769 -0.000944242 -0.0188449 -0.0180762 0.0130577
internal_weight=519912 518042 1870 363075 342143 243606 154967 178488 57496 1144 751 46437 20932 98537 12317 2367 65118 108530 33674 443 120992 42707 20134 78285 90981 33231 648 36919 9410 27509 71611 52055 19556 726 6560 45179 16343 59374 7901 17000 10821 600 312 614 2794 1395 843 273 51473 22293 24715 20548 66823 24144 23299 20469 640 470 9950 40504 51024 9813 1507 10537 9083 449 38832 718 394 19829 17925 6248 13963 417 29843 12280 2054 1569 10221 3388 11551 9539 7458 6589 869 28836 765 5394 31607 22573 10197 2830 886 5806 790 15626 14314 5462 1335 12096 16835 2381 1722 1540 6179 39213 28037 11464 16573 31444 246 2788 2305 7742 4167 555 28071 34522 10384 753 9631 4354 5277 1234 625 3288
internal_count=519912 518042 1870 363075 342143 243606 154967 178488 57496 1144 751 46437 20932 98537 12317 2367 65118 108530 33674 443 120992 42707 20134 78285 90981 33231 648 36919 9410 27509 71611 52055 19556 726 6560 45179 16343 59374 7901 17000 10821 600 312 614 2794 1395 843 273 51473 22293 24715 20548 66823 24144 23299 20469 640 470 9950 40504 51024 9813 1507 10537 9083 449 38832 718 394 19829 17925 6248 13963 417 29843 12280 2054 1569 10221 3388 11551 9539 7458 6589 869 28836 765 5394 31607 22573 10197 2830 886 5806 790 15626 14314 5462 1335 12096 16835 2381 1722 1540 6179 39213 28037 11464 16573 31444 246 2788 2305 7742 4167 555 28071 34522 10384 753 9631 4354 5277 1234 625 3288
cat_boundaries=0 2 4 6 8 10 12 13 15 17 18 20 21 23 25 26 28 29 30 32 34 35 36 38 40 41 43 45 46 47 48 50 52 54 56 58 60 62 63 65
cat_threshold=2671657 2133 303038466 8196 84 2 1388519938 8192 34603008 4 2098209 2065 1078002176 3305443456 30464 2654216 21 6 529799168 9384 131072 138682498 512 1124343810 20488 4 68159488 4992 2 131072 8 5 134742016 2048 524288 1073872896 67108864 512 8396800 168 131072 0 384 1057 2048 1048576 2 1056 32768 4 16 2 67308032 136 3222274048 9216 3490709504 1312 12582912 896 32768 16 2 0 4
is_linear=0
shrinkage=0.03


Tree=13
num_leaves=127
num_cat=39
split_feature=0 5 48 5 5 30 5 5 5 2 48 0 0 5 0 29 5 28 0 11 0 37 21 0 5 25 48 25 5 5 0 25 25 5 48 0 25 30 5 30 5 0 5 5 0 25 0 4 0 44 0 5 25 0 5 5 0 5 5 5 29 2 25 25 0 5 0 11 21 21 0 29 30 5 0 25 25 2 45 25 25 5 25 0 0 0 0 31 39 0 5 5 25 11 5 0 5 21 8 11 48 0 0 0 0 25 5 5 0 0 25 0 32 29 25 5 25 31 2 25 46 12 25 5 0 3
split_gain=17704.7 8959.51 7055.77 6441.96 3959.94 3920.29 3705.89 3014.6 2035.42 1708.7 1680.93 1667.26 4575.15 1940.92 5629.79 1596.67 1590.45 1498.62 1927.31 1763.98 2493.34 1348.53 1170.79 1075.31 1765.78 1070.13 1067.97 1064.51 1174.93 1023.51 1913.38 993.902 905.329 900.28 886.511 858.522 837.879 814.17 1080.12 797.916 789.119 706.882 914.84 700.207 776.75 1736.18 653.611 1535.81 3082.5 652.781 680.545 871.51 724.928 696.71 929.543 896.361 652.113 1414.88 618.268 611.524 610.46 593.914 587.028 1319.08 581.807 571.117 614.23 571.055 559.468 518.725 506.069 839.481 602.49 526.955 551.283 502.278 1210.71 490.646 489.428 480.482 479.47 474.285 468.986 612.407 467.991 463.514 677.191 448.682 442.949 438.267 1041.95 578.245 539.109 436.553 1035.19 606.653 426.04 425.669 423.726 421.445 419.986 397.383 386.128 1005.87 764.902 672.416 668.699 604.769 2683.04 1006.31 773.767 770.774 850.778 603.553 492.27 480.415 431.449 414.547 378.462 390.898 479.333 377.199 368.976 368.174 353.694 673.407
threshold=13030.000000000002 0 0.84999999403953563 1 2 0.19365485012531283 3 4 5 6 0.7500000298023225 950.00000000000011 850.00000000000011 7 615.00000000000011 0.08521361276507379 8 0.11684051156044008 1410.0000000000002 0.24372619390487674 90.000000000000014 12.250000000000002 0.04543250426650048 325.00000000000006 9 97.500000000000014 15.250000000000002 59.500000000000007 10 11 325.00000000000006 21.500000000000004 50.500000000000007 12 60.049999237060554 1940.0000000000002 49.000000000000007 0.13644920289516452 13 0.1004917621612549 14 615.00000000000011 15 16 155.00000000000003 40.500000000000007 325.00000000000006 17 950.00000000000011 0.079500000923872008 325.00000000000006 18 11.500000000000002 425.00000000000006 19 20 135.00000000000003 21 22 23 0.04237759672105313 24 38.500000000000007 18.500000000000004 155.00000000000003 25 1225.0000000000002 -0.4218058288097381 0.059908211231231696 0.11373248696327211 475.00000000000006 0.064788181334733977 0.075847711414098754 26 155.00000000000003 77.500000000000014 88.500000000000014 27 20.914999961853031 67.500000000000014 69.500000000000014 28 75.500000000000014 950.00000000000011 155.00000000000003 1715.0000000000002 6250.0000000000009 0.060780476778745658 15.999998569488527 1225.0000000000002 29 30 76.500000000000014 0.36648264527320867 31 615.00000000000011 32 0.070677299052476897 10.500000000000002 -0.91246706247329701 1.0500000119209292 225.00000000000003 225.00000000000003 325.00000000000006 850.00000000000011 89.500000000000014 33 34 1280.0000000000002 1225.0000000000002 113.00000000000001 1225.0000000000002 0.12430509924888612 0.13093881309032443 155.00000000000003 35 23.500000000000004 0.057343542575836189 36 59.500000000000007 7.4000003337860116 -0.28519998490810389 24.500000000000004 37 325.00000000000006 38
decision_type=2 9 2 9 9 10 9 9 9 9 2 2 2 9 2 8 9 8 2 2 2 2 10 2 9 2 2 2 9 9 2 2 2 9 2 2 2 10 9 10 9 2 9 9 2 2 2 9 2 2 2 9 2 2 9 9 2 9 9 9 8 9 2 2 2 9 2 2 8 10 2 10 10 9 2 2 2 9 2 2 2 9 2 2 2 2 2 8 2 2 9 9 2 2 9 2 9 10 2 2 2 2 2 2 2 2 9 9 2 2 2 2 8 8 2 9 2 10 9 2 2 2 2 9 2 1
left_child=1 4 8 -2 39 6 9 15 43 29 40 12 13 14 97 -5 122 18 96 35 -21 56 -20 24 37 65 -23 28 -15 30 -4 -30 78 34 -34 41 62 38 80 -1 -6 -19 -43 46 45 -45 -3 48 -48 59 51 101 64 55 93 -52 57 -8 102 61 -60 -28 63 -16 -53 66 -10 -14 -62 -18 71 73 -72 74 -29 100 124 81 -17 -25 -22 -46 83 -63 -75 99 -87 -7 -57 91 92 -56 -91 95 -95 -55 -12 -11 -86 -67 -31 -51 115 105 106 116 -105 108 111 110 -109 -106 -113 -110 -107 -58 -104 -118 -49 -120 -121 -84 -13 -9 125 -77
right_child=3 2 5 7 10 87 21 123 25 11 17 16 67 27 36 32 69 19 22 20 23 26 -24 79 -26 -27 49 70 31 75 -32 -33 33 -35 -36 -37 -38 -39 -40 -41 -42 42 -44 44 77 -47 47 118 -50 50 53 52 -54 54 89 88 58 -59 60 -61 68 82 -64 -65 -66 85 -68 -69 -70 -71 72 -73 -74 84 -76 76 -78 -79 -80 -81 -82 -83 121 -85 98 86 -88 -89 -90 90 -92 -93 -94 94 -96 -97 -98 -99 -100 -101 -102 -103 103 104 107 114 -108 109 113 -111 -112 112 -114 -115 -116 -117 117 -119 119 120 -122 -123 -124 -125 -126 -127
leaf_value=0.01772035698258561 -0.20334649987537093 0.0040725373908765848 -0.010967585103869934 0.0087411917269718444 0.012340812259998529 0.010914820864988094 -0.087306703755124046 -0.033268572797900749 0.017727842603551331 -0.022822574471439001 0.016612711962885406 -0.048070876073855233 -0.096604520413127254 0.00030175562960792316 -0.183297758102417 -0.096325167864561079 0.0023813512223732243 -0.0024725665614391025 -0.14959667510199315 -0.07082090045174301 -0.0364376128802174 -0.0035296498625214875 -0.025756166994607331 -0.0084937538400935274 -0.002389149837669375 -0.0095994055000645246 -0.0030638775721246736 -0.020906215242327119 -0.053882656060082974 -0.03820734750013198 -0.11014208646925321 -0.016125666349357352 -0.025627916374722042 -0.18846791367539587 -0.13261630608357605 -0.080452403663060598 -0.060921566915678814 -0.0066004478298834456 -0.029734308024351872 0.039562741481331848 0.001833317427422486 0.016929839023287124 0.001915052037864501 -0.12822149510184921 0.017821624388720769 -0.0093993687788315582 -0.14520539051294326 -0.0039663546613390938 0.031731593323514815 -0.014442362220827508 0.0062252942222055423 0.0091050884632955867 -0.0097295546854106775 -0.067240701146329337 -0.0048463373290806794 -0.0098250478286287957 0.013265630194448661 -0.010232805561046264 -0.023858993692201486 -0.011134636166675215 0.013689044263060899 -0.058763166146968755 -0.19669601866539488 -0.065337574965152731 -0.069781271488023308 -0.0011253399851991067 -0.032304911204561783 -0.18218517866845313 -0.00062018572213593177 -0.030064776099350869 -0.02407695682363337 -0.079135812754724533 0.0031953981978727337 -0.022082932090715868 0.034190959589450114 -0.048733152848984926 -0.005003250752113551 -0.0056951234434781603 -0.02724362027313974 0.001294514790067644 -0.093095437358133498 -0.002608076222739013 -0.038330012102013318 -0.0078832595848277488 -0.031127803392403057 -0.084412861612006895 0.0056427677131013279 0.001063867219446322 0.013851235785133491 -0.021176981581314529 -0.0018238149219448252 0.011910539614514378 -0.078887866644328952 -0.009484521221848851 -0.029085722940785257 -0.0098568490333581071 0.0058587167148042765 -0.081183979314262578 -0.053259658958005197 0.0054851545235558713 -0.0065142212781757096 -0.02921246893015416 0.0086822980048270066 0.020291778506120444 0.0063491347057170744 0.0032098857179666176 -0.0015418689834377718 -0.017160836879636904 -0.047892510465691596 -0.0051657498344267888 -0.046334538243880327 -0.066923112111552122 -0.007264986198562807 -0.12860045482653268 -0.016993497592848083 -0.0056891822147193292 -0.034469985367642723 -0.012264045256324185 -0.015132330839119279 -0.027564235555390889 -0.083675294083262242 -0.011925348893577617 -0.018990199087492856 0.02505895604033653 -0.020271501591695398 -0.0013927243936403388
leaf_weight=5441 396 1045 513 121 15635 7423 209 141 4262 2492 4378 414 136 3941 166 303 5681 27457 102 572 189 22248 208 9590 2966 5012 1068 570 732 382 265 4373 110 193 192 116 142 671 1528 2082 10948 4365 22134 143 1782 479 239 1365 140 2784 6158 114 18952 166 5199 9956 2086 9212 924 8027 2763 247 140 178 318 10777 232 155 22296 480 2786 305 987 2770 228 1135 5478 12698 134 8525 481 2380 2989 1508 2314 130 176 9469 765 307 1731 2866 278 5833 4184 23858 13765 117 1179 44599 21711 3999 316 1356 5935 1988 16499 3204 177 5390 1099 227 3823 160 2389 2815 2538 1080 1342 505 188 583 7474 261 3907 355
leaf_count=5441 396 1045 513 121 15635 7423 209 141 4262 2492 4378 414 136 3941 166 303 5681 27457 102 572 189 22248 208 9590 2966 5012 1068 570 732 382 265 4373 110 193 192 116 142 671 1528 2082 10948 4365 22134 143 1782 479 239 1365 140 2784 6158 114 18952 166 5199 9956 2086 9212 924 8027 2763 247 140 178 318 10777 232 155 22296 480 2786 305 987 2770 228 1135 5478 12698 134 8525 481 2380 2989 1508 2314 130 176 9469 765 307 1731 2866 278 5833 4184 23858 13765 117 1179 44599 21711 3999 316 1356 5935 1988 16499 3204 177 5390 1099 227 3823 160 2389 2815 2538 1080 1342 505 188 583 7474 261 3907 355
internal_value=-0.00448448 -0.00415322 -0.00645213 -0.0970757 0.00262212 -0.00864483 -0.00948535 -0.0661816 0.00104098 -0.0153868 0.0013352 -0.019775 -0.0246326 -0.0231601 -0.0447407 -0.0928397 -0.0115894 -0.000495535 0.00719797 -0.00230195 -0.0089757 -0.00748069 -0.0668537 -0.00749575 -0.018695 0.00371746 -0.00948468 -0.0196675 -0.0120302 -0.0104718 -0.0442777 -0.021507 -0.107018 -0.134853 -0.0908615 0.000724745 -0.125601 -0.0354138 -0.0443639 0.0237382 0.00801895 0.000900756 0.00439599 -0.00677934 -0.00398083 -0.036879 -0.0168889 -0.0227295 -0.0799346 -0.0107849 -0.00980966 -0.01386 -0.0106016 -0.00808052 -0.010052 -0.00289183 -0.00460503 -0.0120553 -0.00369411 -0.0166988 7.45814e-05 -0.0236257 -0.144413 -0.122627 -0.0489911 0.00482737 0.0151047 -0.142657 0.00095803 -0.000150732 -0.0258858 -0.0304632 -0.0169437 -0.0283499 -0.00507753 -0.0096595 -0.0149403 -0.0027674 -0.0752528 -0.00388753 -0.0760575 0.00616302 -0.0277333 -0.0150735 -0.0312558 0.00399421 -0.0327665 0.00539315 -0.00812691 -0.00218361 -0.0136855 0.00111793 -0.0478729 -0.012447 -0.0177123 -0.0102561 0.00846687 -0.0254699 -0.0386111 0.00419866 -0.00706392 -0.0231192 -0.00560995 -0.00646074 -0.00438635 -0.0159113 0.000127834 -0.00841316 -0.00334664 -0.0137899 -0.0246209 -0.000535882 -0.0106245 -0.0864779 -0.00781864 0.00239502 -0.0249109 -0.0278466 -0.0163312 -0.0244794 -0.0428849 -0.0340249 -0.0204964 0.0042596 -0.0250237 -0.0374626
internal_weight=519520 517669 386516 1851 131153 299022 282130 1455 87494 71506 123630 37760 23711 23420 3235 1053 14049 97047 18453 78594 24522 210624 310 23950 5835 65188 124138 20185 9046 33746 778 5105 932 495 302 54072 626 2869 2198 7523 26583 53956 26499 22306 17482 622 4824 3779 379 101890 87468 26167 19384 61301 44422 16879 86486 9421 77065 14422 25983 6395 484 344 432 60176 4494 291 25059 6161 11139 7366 3773 7061 798 32968 10875 16860 437 18115 670 4162 5327 1755 6263 55682 306 16892 10721 10381 2316 8065 585 34041 10017 24024 18143 2609 3493 55376 22093 6783 51082 46181 37870 8311 17855 20015 10322 9693 4303 9985 4050 337 4377 4901 3934 3618 3400 2035 693 3572 7888 402 5397 1490
internal_count=519520 517669 386516 1851 131153 299022 282130 1455 87494 71506 123630 37760 23711 23420 3235 1053 14049 97047 18453 78594 24522 210624 310 23950 5835 65188 124138 20185 9046 33746 778 5105 932 495 302 54072 626 2869 2198 7523 26583 53956 26499 22306 17482 622 4824 3779 379 101890 87468 26167 19384 61301 44422 16879 86486 9421 77065 14422 25983 6395 484 344 432 60176 4494 291 25059 6161 11139 7366 3773 7061 798 32968 10875 16860 437 18115 670 4162 5327 1755 6263 55682 306 16892 10721 10381 2316 8065 585 34041 10017 24024 18143 2609 3493 55376 22093 6783 51082 46181 37870 8311 17855 20015 10322 9693 4303 9985 4050 337 4377 4901 3934 3618 3400 2035 693 3572 7888 402 5397 1490
cat_boundaries=0 2 4 6 8 10 12 13 14 16 17 19 20 22 23 25 26 28 29 31 33 35 37 39 41 42 44 45 46 48 50 52 54 55 57 59 61 62 64 65
cat_threshold=423897174 170 268435458 8192 16 2 34260001 2112 571998208 4 2801664 69 10 525312 163840 2048 20981762 33 2112 1 536870912 4 2 17039366 8 2054 540672 64 1 8454144 17 3834642432 8724 3767533568 532 0 512 2687500296 24853 8454656 24580 2 1024 16384 32768 2 163840 4 8 16640 2097280 5121 3758096384 20 406849600 2147483656 4 538968064 24577 2097152 17 10 134217728 2048 2
is_linear=0
shrinkage=0.03


Tree=14
num_leaves=127
num_cat=16
split_feature=1 46 21 4 25 4 1 23 11 11 26 25 32 1 25 4 26 27 2 21 25 2 25 25 1 1 25 27 1 25 4 1 27 25 27 25 1 26 23 23 2 32 47 36 1 27 25 47 31 27 45 25 3 23 1 26 33 21 26 2 1 25 27 1 26 1 23 28 25 1 4 25 4 25 25 1 27 1 4 27 25 24 25 25 23 32 1 32 25 25 21 25 3 1 25 25 25 27 12 27 25 27 25 25 12 25 25 47 1 25 4 1 1 25 4 25 27 4 25 1 1 25 25 27 25 27
split_gain=16302.1 7834.67 5775.66 3165.98 2502.14 2324.69 2417.69 2028.01 2001.7 1626.4 1442.34 1400.1 1292.25 1217.86 1393.54 1024.5 968.739 895.632 815.091 785.312 776.263 748.819 662.392 698.297 898.125 650.47 648.534 717.433 639.971 637.412 632.88 912.55 616.094 763.714 582.135 613.813 604.903 563.288 829.013 534.786 515.6 507.875 504.703 615.742 489.331 460.648 439.041 531.013 586.151 503.663 427.97 417.234 643.924 701.476 737.488 416.57 405.042 398.643 748.406 397.242 361.21 354.334 337.636 409.858 335.697 634 333.714 333.425 327.562 566.988 315.585 313.864 736.917 495.157 2060.06 1887.9 304.174 504.66 411.166 393.901 391.426 387.913 298.779 687.147 297.926 296.913 293.54 379.936 671.399 376.418 290.235 288.88 286.956 341.008 305.596 379.048 291.981 365.132 369.959 341.867 515.101 283.906 398.291 530.745 360.921 342.689 804.45 529.433 278.039 304.401 338.642 308.991 300.901 274.007 377.269 314.315 299.671 874.191 698.367 271.49 270.593 264.719 1342.03 1623.68 264.069 263.227
threshold=9.461545944213869 4.4285719394683847 0.087768755853176131 0 7.5000000000000009 1 9.8533535003662127 0.10042453557252885 0.3903625756502152 0.24372619390487674 0.065306846052408232 29.500000000000004 0.18351718783378604 5.759707212448121 23.500000000000004 2 0.14566303044557574 0.059944719076156623 3 0.04543250426650048 69.500000000000014 4 16.500000000000004 20.500000000000004 5.759707212448121 7.4465231895446786 50.500000000000007 0.15550526976585391 7.5704805850982675 107.50000000000001 5 7.4465231895446786 0.10038758814334871 75.500000000000014 0.064750330522656455 10.500000000000002 5.0493419170379648 0.35431678593158727 0.032954851165413863 0.05960375256836415 6 0.16612314432859424 42.254999160766609 7.1500000953674325 9.7953972816467303 0.058047603815793998 77.500000000000014 9.8849997520446795 0.075905904173851027 0.084925193339586272 27.625000000000004 68.500000000000014 7 0.035104382783174522 5.0493419170379648 0.11226299405097963 6.7500000000000009 0.113277904689312 0.055545652285218246 8 5.759707212448121 74.500000000000014 0.07936600968241693 4.1348783969879159 0.027486208826303486 7.1113042831420907 0.11885417997837068 0.10057403892278673 81.500000000000014 5.759707212448121 9 37.500000000000007 10 14.500000000000002 16.500000000000004 5.759707212448121 0.064750330522656455 6.5665833950042733 11 0.092709075659513487 78.500000000000014 0.99220967292785656 67.500000000000014 66.500000000000014 0.12977331131696704 0.1256050914525986 7.1113042831420907 0.18604856729507449 125.00000000000001 84.500000000000014 0.067548755556345 22.500000000000004 12 6.8561301231384286 73.500000000000014 46.500000000000007 19.500000000000004 0.098019190132617964 0.79773375391960155 0.089248880743980422 77.500000000000014 0.056865874677896507 61.500000000000007 72.500000000000014 0.92191100120544445 63.500000000000007 59.500000000000007 18.204999923706058 7.1113042831420907 15.500000000000002 13 5.0493419170379648 7.3527534008026132 49.000000000000007 14 26.500000000000004 0.095947422087192549 15 25.500000000000004 5.759707212448121 6.4229502677917489 18.500000000000004 32.500000000000007 0.12240357697010042 77.500000000000014 0.07936600968241693
decision_type=2 2 8 9 2 9 2 8 2 2 10 2 10 2 2 9 10 2 9 10 2 9 2 2 2 2 2 2 2 2 9 2 2 2 2 2 2 10 10 10 9 10 2 2 2 2 2 2 10 2 2 2 1 8 2 10 2 10 10 9 2 2 2 2 10 2 10 8 2 2 9 2 9 2 2 2 2 2 9 2 2 2 2 2 10 10 2 10 2 2 10 2 1 2 2 2 2 2 2 2 2 2 2 2 2 2 2 2 2 2 9 2 2 2 9 2 2 9 2 2 2 2 2 2 2 2
left_child=1 2 3 16 -2 44 -7 55 13 17 19 -9 18 14 15 50 -1 20 113 60 45 41 -21 24 -24 56 -13 29 -27 -28 31 32 33 -20 70 36 -36 85 -39 -18 -11 66 43 92 -6 119 49 -48 -49 101 -4 108 -53 -54 -55 -8 -19 -14 68 -25 -5 -58 -37 -64 65 -56 -12 -45 -59 -70 -17 72 73 -47 75 -75 -63 78 79 -78 81 -79 83 -51 -41 -23 87 -87 89 -89 -61 -44 -15 96 95 -95 97 98 -94 100 -98 102 -16 104 -104 106 -103 -108 109 110 -32 -112 121 115 -115 116 -10 -118 -119 -3 -80 -110 123 -123 -42 -38
right_child=4 9 8 10 5 6 7 11 12 40 21 26 57 42 46 34 39 25 30 22 -22 37 23 59 -26 28 27 -29 -30 -31 51 -33 -34 -35 35 62 125 38 -40 84 124 -43 91 67 -46 71 47 48 -50 82 -52 52 53 54 64 -57 61 58 -60 90 -62 76 63 -65 -66 -67 -68 -69 69 -71 -72 -73 -74 74 -76 -77 77 80 120 -81 -82 -83 -84 -85 -86 86 -88 88 -90 -91 -92 -93 93 94 -96 -97 99 -99 -100 -101 -102 105 103 -105 -106 -107 107 -109 112 -111 111 -113 -114 114 -116 -117 117 118 -120 -121 -122 122 -124 -125 -126 -127
leaf_value=0.034118962225610394 0.01829913230395756 -0.002869580979834553 0.021021856936221311 -0.020709259674096633 0.00088586437431248746 -0.21045327559238722 -0.073704046368598938 -0.22404510590536839 -0.009205068402944782 0.0023279966339763585 0.0091032607656933197 -0.070497929862400222 -0.0034214136751027305 -0.007248523095162376 -0.0082694293122605143 0.033535402038956386 -0.018284693173890622 -0.00026015762682285036 -0.010658319376709496 0.017106439868023078 0.017475024182114746 0.0083659982060797396 -0.013488729181309694 0.0035522825752796936 -0.083370727258032726 -0.089521365553633228 -0.051001549685242932 -0.1790629652889664 -0.013833291020319074 -0.14294374349117278 -0.059329200209408905 -0.090453833663850125 -0.0050745277743465102 -0.048588483785828369 -0.010383334764608971 -0.017979051977626094 -0.034806120800988181 -0.008257762810298757 -0.095253343175564498 0.018248950491260636 -0.01157060483588278 0.0018999412662625032 -0.01004579723337887 -0.02131157288909458 -0.069503716703542717 0.016577094948747987 -0.009749850112342414 -0.018022906690998989 -0.052499264822296436 -0.020068061201151646 -0.01782588952786076 -0.017478955003973812 -0.010156896221305943 -0.10729706171070515 -0.059814252545280999 0.0051895400325597165 0.0056965228880791708 -0.01160388679572933 -0.0072097728998850585 -0.0080785303104271757 0.016033950742805184 0.022606820649778446 -0.042939678084094234 0.0063990248558870649 -0.080446666890413174 0.0088294401899287368 0.02324435744918851 -0.0018701854429197455 -0.049510088704203835 -0.017971389145134554 -0.00048736319868744794 0.0114636336134136 0.011226564869905956 0.013013265626934858 -0.0008100571198939499 -0.12820072303175925 -0.01163268185211464 -0.022929565291006964 -0.0044121821129220013 -0.043316141719516747 0.0066303992875827913 -0.00077707908271655297 0.0054320916710080712 -0.086027739245019497 -0.011476848146786714 -0.0045116088464662984 0.0031997445010163868 -0.084051602548119456 0.042258265915483526 -0.027046857865958007 7.7352973381025251e-05 0.0041873832784950424 0.0021845514642274454 0.0037181282523686991 0.0017248400893436144 -0.01679557791585097 0.0024123481369681585 -0.066584981524749939 -0.060419750430292504 0.00878443499090646 -0.02049036805473077 -0.0067064573577536781 -0.040338692486622259 -0.0038379837438515096 -0.018900502404158519 -0.0029491897234617146 -0.032915232799371405 -0.0076503443492539408 -0.0080100499129213097 -0.015303840452896131 -0.00083559602078887775 -0.042374924730650985 -0.0024116300192572886 -0.0094232242157420987 -0.017415853692103387 -0.0046083015376669626 -0.054486838271470162 0.00084069994630702177 -0.062141930583923581 0.0074884342979021036 0.040610603243470766 -0.028840015266090632 -0.028742408926729638 -0.19224870004743899 -0.02934699546559941 -0.088702416446006474
leaf_weight=2898 162 6972 2256 3475 164 237 104 115 3726 2419 10516 241 14591 81515 7465 254 482 37325 1280 1336 5929 2619 680 5421 218 120 127 178 598 149 311 132 4668 762 324 1636 137 334 139 3160 5983 9556 1526 808 193 462 9498 9902 464 3148 287 974 303 246 323 141 32008 1648 17520 13254 258 517 168 1465 195 193 1752 42679 798 1439 6496 11215 3562 129 1329 249 1091 852 522 522 6485 4287 368 148 335 5864 4289 141 100 399 5580 8044 508 1041 2010 3658 3681 114 101 3975 1162 15281 1088 1343 2025 11430 1964 1205 307 5489 329 315 314 9288 12440 7702 576 980 188 3381 155 114 1637 105 860 208
leaf_count=2898 162 6972 2256 3475 164 237 104 115 3726 2419 10516 241 14591 81515 7465 254 482 37325 1280 1336 5929 2619 680 5421 218 120 127 178 598 149 311 132 4668 762 324 1636 137 334 139 3160 5983 9556 1526 808 193 462 9498 9902 464 3148 287 974 303 246 323 141 32008 1648 17520 13254 258 517 168 1465 195 193 1752 42679 798 1439 6496 11215 3562 129 1329 249 1091 852 522 522 6485 4287 368 148 335 5864 4289 141 100 399 5580 8044 508 1041 2010 3658 3681 114 101 3975 1162 15281 1088 1343 2025 11430 1964 1205 307 5489 329 315 314 9288 12440 7702 576 980 188 3381 155 114 1637 105 860 208
internal_value=-0.00427726 -0.00396307 -0.00606522 0.00155742 -0.094104 -0.105151 -0.123868 -0.104237 -0.00780892 0.00251168 -0.000462856 -0.127092 -0.0116307 -0.0063278 -0.00935662 -0.000478127 0.020929 0.00346412 -0.0146145 -0.00528599 0.00763667 0.0036192 -0.00347021 -0.00456378 -0.0305273 0.00182292 -0.110751 -0.131917 -0.02659 -0.100974 -0.0198086 -0.0126333 -0.0110892 -0.0248293 -0.00455038 -0.0137152 -0.0398756 -0.00182805 -0.0339701 0.0113115 -0.00959184 0.00708239 -0.0047501 -0.00520182 -0.0372557 0.00549934 -0.0111547 -0.0148758 -0.019571 -0.0095287 0.0166323 -0.0242258 -0.0358239 -0.0499798 -0.0625645 -0.0284635 0.00206678 -0.0072456 -0.00985213 -0.0036013 -0.0181662 0.00393701 -0.00835093 0.00129998 -0.0469585 -0.034172 0.0111245 -0.00223189 -0.0217633 -0.0292392 0.000797679 0.00854521 0.00283315 -0.0109496 -0.0184051 -0.0801015 3.42656e-05 -0.000806023 -0.0136751 -0.0219066 0.00173021 -0.00445351 -0.0201932 -0.023055 0.0153972 -0.000693413 -0.00289232 -0.00690954 -0.0288393 -0.0420593 -0.00565928 0.001917 -0.00652284 -0.00288237 -0.00806439 -0.0122512 0.000761971 -0.0175527 -0.00828013 0.00226544 -0.00308589 -0.00859347 -0.0125079 -0.019605 -0.0264037 -0.00703139 -0.00956007 -0.0233138 -0.0213177 -0.0180287 -0.0336579 -0.0211879 -0.0298635 -0.0119265 -0.0139999 -0.00851469 -0.0140132 -0.0242745 -0.0093414 0.000513453 0.00594054 -0.0338457 -0.0381126 -0.107704 -0.0137885 -0.0674626
internal_weight=519864 518053 391081 72806 1811 1649 1292 1055 318275 126972 65931 810 88893 229382 78560 13231 6875 117710 52897 30222 33228 35709 26489 25153 898 84482 695 454 718 276 17997 6842 6710 2042 10688 3938 669 13885 473 3977 9262 21824 150822 141252 357 27299 65329 19864 10366 45465 2543 11155 2234 1260 957 245 83764 35996 21405 24255 3733 46439 3269 1633 711 516 12268 43487 3885 2237 6750 16946 5731 2169 1707 378 14431 13914 2290 1613 11624 5139 3664 3296 3495 13412 10793 6504 640 540 18834 9570 97765 16250 6709 4699 9541 723 609 8818 4843 41801 11921 4456 3113 29880 18450 3169 8921 6444 955 644 2477 34900 21728 13172 5470 1744 1168 10353 677 2163 1856 219 6843 345
internal_count=519864 518053 391081 72806 1811 1649 1292 1055 318275 126972 65931 810 88893 229382 78560 13231 6875 117710 52897 30222 33228 35709 26489 25153 898 84482 695 454 718 276 17997 6842 6710 2042 10688 3938 669 13885 473 3977 9262 21824 150822 141252 357 27299 65329 19864 10366 45465 2543 11155 2234 1260 957 245 83764 35996 21405 24255 3733 46439 3269 1633 711 516 12268 43487 3885 2237 6750 16946 5731 2169 1707 378 14431 13914 2290 1613 11624 5139 3664 3296 3495 13412 10793 6504 640 540 18834 9570 97765 16250 6709 4699 9541 723 609 8818 4843 41801 11921 4456 3113 29880 18450 3169 8921 6444 955 644 2477 34900 21728 13172 5470 1744 1168 10353 677 2163 1856 219 6843 345
cat_boundaries=0 1 2 3 4 5 6 7 8 9 10 11 12 13 14 15 16
cat_threshold=2 1 2 6 6 4 2 2 4 4 1 4 2 2 1 2
is_linear=0
shrinkage=0.03


Tree=15
num_leaves=127
num_cat=51
split_feature=0 5 46 5 30 5 5 5 5 2 48 12 0 36 0 0 5 0 23 5 5 0 0 28 28 2 27 48 5 27 5 5 30 11 5 5 2 5 0 5 3 5 0 5 47 5 0 5 0 5 5 11 0 5 27 2 5 27 0 5 5 29 0 5 21 0 45 27 0 5 0 27 27 0 5 23 23 0 26 0 0 5 0 5 5 0 5 27 27 0 0 0 5 5 0 0 0 0 32 5 21 5 5 5 27 5 0 5 31 5 27 26 0 0 11 33 31 11 5 0 27 5 13 5 5 8
split_gain=16889.7 8026.66 6211.94 6008.66 3581.06 3467.58 3110.65 2349.35 2082.05 1855.53 1473.79 2424.11 1944.98 1390.44 1325.17 4136.65 1732.74 4804.36 1268.52 1255.09 1232.02 1670.05 1223.57 1282.35 1023.86 1009.86 981.474 949.607 913.421 858.823 848.148 837.45 802.4 752.757 748.136 712.315 765.093 679.385 1591.53 680.336 673.771 648.221 642.228 828.43 607.292 1006.76 598.31 1012.92 592.29 1147.02 1087.05 884.868 1054.9 972.944 1188.94 824.516 666.847 728.737 564.991 1243.76 661.372 607.605 554.315 546.85 521.987 518.282 513.155 581.227 498.659 890.878 1822.43 497.166 696.336 497.096 482.574 654.994 831.171 651.651 499.494 477.231 1210.82 608.327 462.662 456.688 455.615 461.185 443.59 442.283 1323.87 441.696 1051.41 778.723 796.82 680.805 1890.86 1160.88 1084.38 730.697 680.658 577.3 441.836 742.643 430.051 427.748 416.376 506.878 404.648 1032.02 399.829 665.234 499.555 451.329 398.78 393.239 387.504 384.441 369.085 365.992 365.547 364.676 361.114 360.047 357.959 356.704 356.178 352.438
threshold=13030.000000000002 0 4.4285719394683847 1 0.19365485012531283 2 3 4 5 6 6.9500000476837167 -0.048362832516431802 90.000000000000014 5.1500000953674325 950.00000000000011 850.00000000000011 7 615.00000000000011 0.093464292585849776 8 9 325.00000000000006 1410.0000000000002 0.09217460080981256 0.11498869955539705 10 0.098654624074697508 13.900000095367433 11 0.098019190132617964 12 13 0.10246445611119272 0.24372619390487674 14 15 16 17 325.00000000000006 18 19 20 615.00000000000011 21 36.335000991821296 22 325.00000000000006 23 425.00000000000006 24 25 0.3903625756502152 615.00000000000011 26 0.10038758814334871 27 28 0.14242830872535708 135.00000000000003 29 30 0.04237759672105313 325.00000000000006 31 0.059908211231231696 1715.0000000000002 22.525000572204593 0.1575826704502106 850.00000000000011 32 475.00000000000006 0.056865874677896507 0.055219287052750594 1560.0000000000002 33 0.098541021347045912 0.058227287605404861 61.500000000000007 0.010383780114352705 1615.0000000000002 2375.0000000000005 34 1560.0000000000002 35 36 715.00000000000011 37 0.098019190132617964 0.089248880743980422 225.00000000000003 325.00000000000006 850.00000000000011 38 39 1280.0000000000002 1225.0000000000002 1560.0000000000002 1225.0000000000002 0.12430509924888612 40 0.06536221876740457 41 42 43 0.086274277418851866 44 850.00000000000011 45 0.048567917197942741 46 0.059393314644694335 0.012954398989677431 950.00000000000011 1940.0000000000002 0.24372619390487674 5.349999427795411 0.060780476778745658 0.87811094522476207 47 155.00000000000003 0.056865874677896507 48 43.500000000000007 49 50 9.5000000000000018
decision_type=2 9 2 9 10 9 9 9 9 9 2 2 2 2 2 2 9 2 8 9 9 2 2 8 8 9 2 2 9 2 9 9 10 2 9 9 9 9 2 9 1 9 2 9 2 9 2 9 2 9 9 2 2 9 2 9 9 2 2 9 9 8 2 9 8 2 2 2 2 9 2 2 2 2 9 10 10 2 8 2 2 9 2 9 9 2 9 2 2 2 2 2 9 9 2 2 2 2 8 9 8 9 9 9 2 9 2 9 10 9 2 8 2 2 2 2 8 2 9 2 2 9 2 9 9 2
left_child=1 5 4 8 6 32 9 25 18 20 35 12 83 27 15 16 17 71 -2 -16 21 -3 24 -24 -13 41 30 -8 -28 34 -9 122 -1 -14 -18 36 -7 -35 39 -39 87 -4 86 -44 74 -46 47 -29 49 -48 51 52 -50 -53 -55 56 57 -52 59 -15 61 -60 -32 -27 -63 -56 67 -20 69 -65 -71 72 -11 -58 120 76 77 78 -76 81 -81 112 -43 -12 -54 102 117 88 -19 99 100 92 -92 95 97 -93 -96 -95 -99 -62 -91 -102 -86 -21 -64 -106 107 -107 109 110 -22 -111 -70 -25 -114 -37 -6 -26 -108 -74 -36 -57 -5 -97 -33 -79
right_child=3 2 7 31 116 10 13 26 -10 14 11 22 33 58 19 -17 29 40 66 103 108 -23 23 113 42 63 28 46 -30 -31 62 124 -34 37 44 115 -38 38 -40 -41 -42 82 43 -45 45 -47 48 -49 50 -51 55 53 84 54 65 121 73 -59 60 -61 89 64 104 68 -66 -67 -68 -69 79 70 -72 -73 119 -75 75 -77 -78 125 -80 80 -82 -83 -84 -85 85 -87 -88 -89 -90 90 91 93 -94 94 96 123 -98 98 -100 -101 101 -103 -104 -105 105 106 118 -109 -110 111 -112 -113 114 -115 -116 -117 -118 -119 -120 -121 -122 -123 -124 -125 -126 -127
leaf_value=0.016320331495206147 -0.012178452516379563 -0.015189382788544207 0.007804645550868715 -0.039991341709809482 0.010175988078400661 0.00984189384041235 -0.0041581105300860215 0.01305023130739961 -0.19545990506710809 -0.01393431749441717 -0.037204889850495297 0.0083291322316327888 0.0050353802443343278 -0.079164587732734548 -0.019610961943978718 -0.14104927565680067 0.010424820803122948 -0.061849627652705103 -0.11833338756408845 -0.0034656611044826891 0.022456064398171514 -0.10757818844378839 -0.1139803906340076 -0.0083611512688491155 -0.009213113157847657 -0.0036086748991565861 -0.042009975520017395 -0.0081105171461479265 -0.0011311161424710147 -0.0028733059330591807 -0.00095571957113469775 -0.032903462795403182 0.038281985317733747 -0.0041654848377107537 0.019150421330110873 0.0045949538914726706 -0.0086426312881669673 -0.065667459218206603 -0.0093434270012375028 -0.028031046241029103 -0.17522879603813432 -0.0062073678129082573 0.017098353387173866 0.0011488223689362269 0.0014926325543179171 -0.037284683947824873 -0.011791322220863206 -0.020354623728482159 -0.092175866691262404 0.0041347540864387893 -0.11813938023033158 -0.0057108932591709129 -0.026430338990150796 -0.03308573995203349 -0.0091278783152329707 0.012313972825961852 -0.015897351731727877 -0.021177400543187567 -0.022873143406379574 -0.0095529342147970178 0.013548643951142707 0.012853031821637162 0.010559019298628611 -0.010672354117734276 -0.00047022893928296748 -0.061161373659134814 -0.068937727611349975 -0.20044073876030374 0.052826690519129048 -0.1036477346786306 -0.023322423556147973 -0.016788450807182501 -0.035021685037704905 0.018483694504625097 0.053825540849391153 -0.0095856945252137515 -0.080699741824361307 -0.025962042038240828 -0.015400439688751313 -0.12635737887583673 -0.0088636106022695928 -0.01585430207869824 0.019817594511817856 -0.093917310666085177 -0.034910299341772547 -0.0064843799989626472 -0.0013079932348251725 -0.063900398882753381 -0.19146692568368284 -0.0034244082958562925 0.013941377179399663 -0.024255308588980163 -0.0026365661882240248 0.0052103614332886993 -0.10444667993924196 0.00048533435245816966 -0.0065893508493900296 -0.058496592633954965 -0.0074653272294202162 -0.0058677325063613258 -0.038684905776936743 -0.014240480383773589 -0.0096276881716392364 0.024129879087389259 0.013677752830023208 -0.034743388311268955 0.011156001611751178 0.010951461153462152 -0.014998189404827323 -0.035947169896379451 -0.0023746530038498913 -0.0079917909288911709 0.0030888620194799246 -0.069680354931137764 -0.033432496028508958 0.011512623553486683 0.0012586798865593589 -0.044456277382910574 -0.0065648708099927729 -0.095090733651655268 -0.017325993598186425 -0.0022325542360957774 -0.10880064683801988 -0.014335175116086946 0.024840715051738214 -0.039171652727371484
leaf_weight=5487 114 511 5732 211 7513 3304 24055 12506 398 331 346 17897 2866 226 7522 267 633 150 391 4722 1085 268 146 655 5398 6256 499 11115 13951 2588 12980 138 2060 5924 281 12824 5130 637 5687 1520 144 10262 3351 22898 1986 855 8782 13550 139 7572 117 3211 1335 6036 3598 1860 3402 172 988 10045 2412 2997 11984 1784 22576 180 137 100 130 338 1020 1861 146 425 101 1438 297 3360 1170 111 268 4580 653 258 1044 16365 17915 186 136 2093 3046 5008 17811 6969 254 4022 170 248 4267 3187 1397 5747 1486 555 2318 1002 2082 789 6743 532 2219 21085 2500 109 291 16581 9408 278 2088 248 1831 8426 101 2287 261 3988
leaf_count=5487 114 511 5732 211 7513 3304 24055 12506 398 331 346 17897 2866 226 7522 267 633 150 391 4722 1085 268 146 655 5398 6256 499 11115 13951 2588 12980 138 2060 5924 281 12824 5130 637 5687 1520 144 10262 3351 22898 1986 855 8782 13550 139 7572 117 3211 1335 6036 3598 1860 3402 172 988 10045 2412 2997 11984 1784 22576 180 137 100 130 338 1020 1861 146 425 101 1438 297 3360 1170 111 268 4580 653 258 1044 16365 17915 186 136 2093 3046 5008 17811 6969 254 4022 170 248 4267 3187 1397 5747 1486 555 2318 1002 2082 789 6743 532 2219 21085 2500 109 291 16581 9408 278 2088 248 1831 8426 101 2287 261 3988
internal_value=-0.00417072 -0.00384749 -0.00602226 -0.0946058 -0.00817774 0.00256263 -0.00899946 0.000681883 -0.136827 -0.0146113 0.00135744 -0.00081578 -0.0108733 -0.00718963 -0.0194268 -0.0238983 -0.0224524 -0.0428384 -0.102982 -0.0117558 -0.00944175 -0.0464753 0.0017099 -0.0328264 0.00217435 -0.00563074 0.00423961 -0.00944577 -0.00257544 -0.0188939 0.00639311 -0.0245454 0.0222896 -0.00895096 -0.0215065 0.00629035 -0.00139797 -0.0118626 -0.0176465 -0.0396052 -0.118197 -0.000355591 -3.58931e-05 0.0031925 -0.0228195 -0.0103124 -0.0108778 -0.014849 -0.00935074 -0.00442233 -0.0110369 -0.0140071 -0.0101054 -0.0201183 -0.0248 -0.00413692 -0.0154661 -0.0586805 -0.00453076 -0.0111786 -0.00373185 0.000199288 0.0038833 -0.0107098 0.00109162 -0.0116225 -0.121057 -0.135429 -0.0147327 -0.0248507 -0.0430597 -0.0250143 -0.0460771 -0.0120439 -0.0256871 -0.0283551 -0.0314126 -0.0297051 -0.00986141 -0.0107144 -0.0435167 -0.00905143 -0.00464447 -0.0637122 -0.00953693 -0.00832362 -0.00362801 -0.100464 -0.123938 -0.00550314 -0.00634579 -0.00441717 -0.000209516 -0.00819564 -0.00317746 -0.0134604 -0.0653193 -0.000880405 -0.0102807 0.00251131 -0.0155484 -0.0190994 -0.0202462 -0.000519187 0.00698486 0.00181056 -0.00282385 -0.0147511 -0.00851482 -0.00676347 0.00576638 -0.0086774 0.0016655 -0.0171892 -0.000729601 0.00849309 0.00521837 -0.0109275 0.00229438 -0.0729767 -0.0124073 0.000408214 -0.0606063 -0.00491044 0.00452209 -0.0331357
internal_weight=520026 518175 386904 1851 292780 131271 275859 94124 1140 67239 123724 85885 17238 208620 34796 21997 21730 3202 742 12799 32443 779 68647 910 67737 33925 60199 112870 14450 18528 45749 711 7547 16634 15940 37839 8434 13768 7844 2157 616 16647 49840 26249 15307 2841 88815 24665 64150 16354 47796 33394 20369 13025 9814 14402 4116 289 95750 10271 85479 26561 33243 17278 25573 3778 628 491 11022 3142 1358 2586 725 3827 12466 10354 8916 8619 1271 7880 379 7501 10915 604 20230 18895 23591 472 286 58918 53319 44082 20857 23225 11908 11317 424 11484 4515 5599 9237 7144 2530 5277 20263 8279 5961 1791 31664 24921 3304 21617 2921 764 2791 29405 16921 5676 4170 394 2112 10286 312 6309 399 7348
internal_count=520026 518175 386904 1851 292780 131271 275859 94124 1140 67239 123724 85885 17238 208620 34796 21997 21730 3202 742 12799 32443 779 68647 910 67737 33925 60199 112870 14450 18528 45749 711 7547 16634 15940 37839 8434 13768 7844 2157 616 16647 49840 26249 15307 2841 88815 24665 64150 16354 47796 33394 20369 13025 9814 14402 4116 289 95750 10271 85479 26561 33243 17278 25573 3778 628 491 11022 3142 1358 2586 725 3827 12466 10354 8916 8619 1271 7880 379 7501 10915 604 20230 18895 23591 472 286 58918 53319 44082 20857 23225 11908 11317 424 11484 4515 5599 9237 7144 2530 5277 20263 8279 5961 1791 31664 24921 3304 21617 2921 764 2791 29405 16921 5676 4170 394 2112 10286 312 6309 399 7348
cat_boundaries=0 2 4 6 8 10 12 13 14 16 17 18 20 22 23 25 27 28 30 31 32 33 34 36 38 40 42 44 45 47 49 51 53 55 56 57 59 61 62 64 66 68 70 71 73 75 76 78 79 81 83 85
cat_threshold=423897174 170 303038466 8196 16 2 705569 2112 9093640 68 34603008 4 10 525312 163840 2048 1 10 1073741952 16384 1073742848 30720 537395200 1 64 406849536 128 4 134479940 40 2 2 8519680 2118 32 2048 1142952072 1792 1075905032 20737 1720713216 8724 536870912 16 8 0 16384 0 512 1149309568 1536 33288 64 540672 4 32768 9043968 4 128 1140850688 16 16777218 2148532232 4 2148532232 276 35651584 17 33554440 1 570425344 17408 64 65536 1809 572522496 32800 64 570425344 66056 16384 2147483648 20 134217728 2048
is_linear=0
shrinkage=0.03


Tree=16
num_leaves=127
num_cat=36
split_feature=0 5 5 5 48 47 28 11 5 0 5 5 5 5 5 31 5 27 5 5 5 23 0 5 5 0 0 47 25 5 25 0 25 0 5 27 0 4 44 26 25 0 27 27 30 5 0 25 0 23 25 0 27 23 25 26 25 26 5 0 27 0 5 0 23 0 4 0 48 11 5 0 5 0 0 0 23 26 0 0 4 27 27 25 0 5 25 25 11 11 25 0 27 4 27 5 27 23 27 5 31 13 0 32 3 23 0 0 25 5 27 25 27 5 0 4 5 44 4 25 0 0 25 27 0 5
split_gain=15659.7 7744.62 5649.53 5053.73 4292.17 2958.95 2518.73 2758.1 2682.1 2625.73 1974.82 1973.37 1669.49 1580.26 1308.76 1293.87 1274.33 1177.49 2372.93 1852.61 1636.38 1093.14 998.935 2261.68 875.437 874.488 4583.18 927.001 960.149 863.776 848.84 841.849 803.571 731.409 2255.36 717.949 715.624 1930.65 698.22 687.311 675.935 1090.86 864.394 812.067 795.57 693.448 2364.54 669.334 1076.08 641.469 676.306 639.385 3168.95 627.902 852.087 732.144 624.566 598.713 1006.71 1529.94 2115.58 718.955 577.115 544.073 1536.02 1194.97 1088 848.868 535.944 533.426 609.508 499.733 492.44 578.054 479.151 470.74 464.34 455.599 451.642 537.871 449.194 955.155 476.742 444.988 1200.95 771.492 442.399 432.235 607.679 424.792 422.651 1179.75 2919.14 1548.54 416.252 449.841 499.656 410.356 408.148 559.398 405.502 404.271 401.794 394.489 393.747 389.528 388.986 388.507 380.465 373.998 362.999 361.97 361.425 654.826 946.445 1094.32 441.028 361.143 360.722 360.305 352.362 350.42 349.56 430.488 348.046 336.404
threshold=13030.000000000002 0 1 2 0.7500000298023225 42.465000152587898 0.1469775587320328 0.24372619390487674 3 225.00000000000003 4 5 6 7 8 0.03126017842441798 9 0.086274277418851866 10 11 12 0.093464292585849776 1280.0000000000002 13 14 950.00000000000011 850.00000000000011 19.48499965667725 88.500000000000014 15 50.500000000000007 1615.0000000000002 103.50000000000001 180.00000000000003 16 0.15550526976585391 110.00000000000001 17 0.25749999284744268 0.13882523775100711 71.500000000000014 325.00000000000006 0.059944719076156623 0.051913643255829818 0.058018375188112266 18 615.00000000000011 97.500000000000014 1225.0000000000002 0.039356207475066192 89.500000000000014 615.00000000000011 0.092709075659513487 0.12228051945567132 65.500000000000014 0.24214403331279757 59.500000000000007 0.11329178884625436 19 950.00000000000011 0.095947422087192549 1715.0000000000002 20 850.00000000000011 0.081555202603340163 950.00000000000011 21 1560.0000000000002 0.7500000298023225 -0.35846811532974238 22 1225.0000000000002 23 225.00000000000003 1560.0000000000002 90.000000000000014 0.032954851165413863 0.15386056900024417 1715.0000000000002 2375.0000000000005 24 0.095947422087192549 0.11368945986032487 19.500000000000004 325.00000000000006 25 69.500000000000014 64.500000000000014 0.78325453400611889 0.24372619390487674 17.500000000000004 325.00000000000006 0.086274277418851866 26 0.076740767806768431 27 0.059393314644694335 0.064846452325582518 0.092709075659513487 28 0.032449027523398406 39.500000000000007 225.00000000000003 0.23673103004693988 29 0.11885417997837068 155.00000000000003 950.00000000000011 25.500000000000004 30 0.05270845256745816 53.500000000000007 0.064750330522656455 31 155.00000000000003 32 33 0.081500001251697554 34 100.50000000000001 325.00000000000006 90.000000000000014 113.00000000000001 0.089248880743980422 90.000000000000014 35
decision_type=2 9 9 9 2 2 8 2 9 2 9 9 9 9 9 10 9 2 9 9 9 8 2 9 9 2 2 2 2 9 2 2 2 2 9 2 2 9 2 10 2 2 2 2 8 9 2 2 2 10 2 2 2 10 2 10 2 10 9 2 2 2 9 2 8 2 9 2 2 2 9 2 9 2 2 2 10 10 2 2 9 2 2 2 2 9 2 2 2 2 2 2 2 9 2 9 2 8 2 9 8 2 2 8 1 10 2 2 2 9 2 2 2 9 2 9 9 2 9 2 2 2 2 2 2 9
left_child=1 5 11 15 24 12 16 14 -9 10 104 21 25 -7 31 68 22 20 -19 71 86 -2 39 32 36 26 27 28 40 -4 -23 51 -24 34 111 38 37 -5 -32 -6 42 44 83 97 -42 46 -44 72 -49 50 -41 52 112 54 55 125 -47 58 59 60 -21 80 -53 66 67 -66 -56 -65 -3 70 -35 -20 -26 117 89 110 -18 -55 119 -80 82 -82 108 84 -1 -86 -11 88 -83 90 91 -15 93 -93 95 -92 -97 -43 99 122 -68 -28 -30 -100 -10 -101 -106 -95 -61 -29 -70 -16 116 114 115 -114 -8 -74 -96 -38 124 -115 123 -67 -85 -14
right_child=2 3 29 4 6 13 7 8 9 17 -12 -13 53 74 33 -17 76 18 19 57 -22 30 23 -25 47 -27 101 109 102 -31 35 -33 -34 69 -36 -37 78 -39 -40 49 41 43 45 -45 -46 56 -48 48 -50 -51 -52 62 -54 77 63 -57 -58 -59 -60 61 -62 -63 -64 64 65 98 100 -69 75 -71 -72 -73 73 -75 -76 -77 -78 -79 79 -81 81 87 -84 120 85 -87 -88 -89 -90 -91 94 92 -94 107 118 96 -98 -99 103 105 -102 -103 -104 -105 106 -107 -108 -109 -110 -111 -112 -113 113 121 -116 -117 -118 -119 -120 -121 -122 -123 -124 -125 -126 -127
leaf_value=-0.011747993642520231 -0.016197556704282759 0.019641069452716545 -0.058427559184920354 -0.12204516128947336 -0.0042881205735589671 0.0040608779461852674 0.0056157426673668224 -0.0044099839987359812 -0.13934639322648354 -0.028300200107439263 -0.029636213868515237 -0.18832646175022541 -0.017622964554323203 0.016197620240264731 -0.12357143753605919 0.031324235766430529 -0.0095975921801168523 0.014993314482152192 -0.061802283688989379 -0.16801946391976055 -0.0025959952244368886 -0.066237778164131539 -0.16443704577053295 0.0072690888107321107 0.012357175560664258 -0.0080983644687508335 -0.18102061742689551 -0.019773313591750188 -0.027260126762904215 0.0074882705044001336 -0.054270183691164341 -0.049763938295803251 -0.062029669666991506 -0.0013365319679408362 -0.011607249762505972 -0.1850587134264611 0.0029802153615978654 -0.0085468566970989795 -0.15687439763545988 0.030435686579099286 -0.013804324390818461 -0.024956441685368088 -0.022814129224376371 -0.012309674978613908 -0.049826124599145545 -0.0075795050291170641 -0.16851446299244174 -0.0049982802500554598 -0.095741063454116759 0.0095239756373862137 -0.024248117682737099 0.013745210034525421 -0.14072474998551487 -0.01479316015200338 0.018290104444185475 0.0070165186152235009 -0.032040337760316499 -0.0086034638570701549 -0.015204859161769179 -0.0015341858990806818 -0.046540127748080501 -0.09285194422374636 0.00094102366249113447 -0.084524368074366724 -0.092246800327301023 -0.0091107326322469057 -0.022335040856186948 0.0038479586451578493 -0.046413015777449954 -0.0013636996440008686 -0.010209582523254823 -0.12715240698661248 -0.061057679542955663 0.0068953847818243345 0.017199874831948004 0.0092627218841452412 0.0062605981097428433 -0.040162524584410407 -0.065953982568929842 -0.00071483296277705013 0.014954889774276517 -0.054540441607107672 0.00079089242958219671 0.033094645040880021 -0.0074707537299866303 -0.10121945379818913 -0.07328003664987276 -0.035500064504056843 -0.1372276579029858 -0.017744172077225066 0.017231085054063587 -0.13900957933112756 0.008427083724654158 -0.065977281069231994 0.0094356310436075029 -0.01177321199908705 0.007540227738053744 -0.06674416336217566 0.0077769588341663224 0.012058812359217989 -0.0035020102639282771 -0.10678365283040329 -0.0035690852079512309 -0.0067975428703767726 -0.10328327940434825 -0.024215608303140443 -0.056963220581294979 0.0047776068187464511 -0.034054113284793901 -0.0027276103154006926 -0.002588246929185507 -0.053850603948114438 -0.13932631845275562 0.018734281653435755 -0.014473367121857891 -0.023753345518062512 -0.0035662224485923663 -0.0051582145350728813 -0.0098351962302230325 -0.010002333608237535 0.0013319838317416804 -0.0055929764288308714 -0.035807112785767169 -0.057577972949155273 -0.016508284764204795 -0.01104727268828795
leaf_weight=1251 118 3999 321 143 29251 18984 6538 24858 108 1557 2374 400 9264 530 184 2969 1761 1509 481 169 9599 212 118 419 13605 8191 122 1581 787 389 122 313 169 9892 9628 184 29136 2135 119 252 687 432 361 3000 2823 1338 138 1236 129 6551 1042 3481 150 2030 2075 1788 3159 2365 4577 417 541 148 34214 368 149 1527 1089 133 190 19547 23670 136 107 23548 687 12289 29248 929 192 277 242 373 808 132 128 252 225 711 102 3564 1244 267 597 184 946 2629 2225 417 1935 885 18389 159 3535 12236 293 380 380 112 1449 4296 1556 109 125 580 1827 179 16740 2832 11404 2059 2147 6439 1140 184 3022 29891
leaf_count=1251 118 3999 321 143 29251 18984 6538 24858 108 1557 2374 400 9264 530 184 2969 1761 1509 481 169 9599 212 118 419 13605 8191 122 1581 787 389 122 313 169 9892 9628 184 29136 2135 119 252 687 432 361 3000 2823 1338 138 1236 129 6551 1042 3481 150 2030 2075 1788 3159 2365 4577 417 541 148 34214 368 149 1527 1089 133 190 19547 23670 136 107 23548 687 12289 29248 929 192 277 242 373 808 132 128 252 225 711 102 3564 1244 267 597 184 946 2629 2225 417 1935 885 18389 159 3535 12236 293 380 380 112 1449 4296 1556 109 125 580 1827 179 16740 2832 11404 2059 2147 6439 1140 184 3022 29891
internal_value=-0.00412592 -0.00381339 -0.0908773 -0.00129706 -0.00220205 -0.00916128 -0.00405596 -0.0058614 -0.0116228 -0.0178916 -0.043707 -0.131367 -0.0115486 -0.00242904 -0.00355783 0.0129695 0.000851485 -0.0146916 -0.0205084 -0.0247807 -0.00752069 -0.0989193 -0.00284592 -0.0381716 0.00408845 -0.0167758 -0.0191689 -0.0180171 -0.020671 -0.0227498 -0.115744 -0.000751491 -0.101051 -0.00669934 -0.0141772 -0.140225 0.000514573 -0.0157221 -0.105373 -0.00217337 -0.0235349 -0.0306865 -0.0191205 -0.0196485 -0.0427816 -0.0286329 -0.062122 0.00701259 -0.0136378 0.00571126 -0.0135834 -0.000532588 -0.00361067 -0.00919418 -0.00870177 -0.0117535 -0.0247108 -0.0221013 -0.0254705 -0.0348376 -0.0756513 -0.028085 0.00212767 -0.00561567 -0.00932555 -0.00791525 -0.0023558 -0.0611033 0.00995333 -0.00530345 -0.00759791 -0.0751729 0.00771774 0.00532765 -0.00747924 0.0071918 0.005358 -0.0227689 0.00168331 -0.027506 -0.0257262 -0.0393104 -0.0184598 -0.0122616 -0.0259606 -0.0725962 -0.0338277 -0.0503864 -0.0725474 -0.00819841 -0.00650822 -0.0208635 -0.037796 -0.0867385 -0.00519209 0.00122086 -0.00291449 -0.0455355 -0.00722312 -0.0155383 -0.00455604 -0.139542 -0.00788833 -0.00480704 -0.0849205 0.0011426 -0.0772526 -0.0392792 -0.0267915 -0.00735402 -0.0073811 -0.0946851 -0.00297211 -0.00802341 -0.0225434 -0.0715761 -0.000986309 -0.00721342 -0.00835842 0.00212302 -0.0080426 -0.00357527 -0.0228613 -0.0143535 -0.0144225 -0.0126108
internal_weight=519839 517974 1865 352251 331248 165723 255849 187038 53422 28564 3155 1155 122350 43373 133616 21003 68811 25409 14028 12519 11381 755 37802 706 75399 37958 29767 29486 23609 710 637 70586 287 63030 9921 425 33942 2278 241 37096 19287 7359 11928 3849 3510 4996 499 41457 1365 7845 1294 70273 32578 84392 81433 40943 4497 11902 9537 4960 710 4250 37695 40490 18937 18436 21553 501 18034 53109 33562 617 40092 26487 24389 14035 31009 2959 31664 469 4102 1428 2674 6932 1631 380 1782 1186 475 23702 20138 1690 1160 563 18448 6098 4854 849 18287 4116 19478 281 4322 14171 781 1265 673 296 1866 5877 1746 293 32428 9150 2131 304 23278 2939 12350 31195 5301 7019 2851 1711 3154 39155
internal_count=519839 517974 1865 352251 331248 165723 255849 187038 53422 28564 3155 1155 122350 43373 133616 21003 68811 25409 14028 12519 11381 755 37802 706 75399 37958 29767 29486 23609 710 637 70586 287 63030 9921 425 33942 2278 241 37096 19287 7359 11928 3849 3510 4996 499 41457 1365 7845 1294 70273 32578 84392 81433 40943 4497 11902 9537 4960 710 4250 37695 40490 18937 18436 21553 501 18034 53109 33562 617 40092 26487 24389 14035 31009 2959 31664 469 4102 1428 2674 6932 1631 380 1782 1186 475 23702 20138 1690 1160 563 18448 6098 4854 849 18287 4116 19478 281 4322 14171 781 1265 673 296 1866 5877 1746 293 32428 9150 2131 304 23278 2939 12350 31195 5301 7019 2851 1711 3154 39155
cat_boundaries=0 2 4 6 8 10 12 14 16 18 20 21 22 23 24 26 27 29 30 31 33 34 35 37 39 40 41 42 44 46 47 48 50 51 53 54 56
cat_threshold=1076413481 2389 303038466 8196 84 2 2835615872 17448 131074 4096 34603008 4 17441 2112 1075840033 2320 495200386 680 621877378 30208 68098 131072 68098 536872960 1020402304 128 537395200 131072 4096 2 1024 75505664 8704 2050 4 4391424 1024 17039360 16392 4 1024 1 557056 4 0 20 2 16384 25167872 544 1 344205312 32 1 524288 1
is_linear=0
shrinkage=0.03


Tree=17
num_leaves=127
num_cat=15
split_feature=0 46 21 4 25 11 4 0 22 11 25 30 0 25 30 4 27 2 2 0 0 25 2 22 0 21 27 25 26 4 25 25 26 23 2 23 11 27 27 25 0 3 25 21 11 21 23 12 36 21 21 11 47 25 47 22 27 27 44 22 22 45 22 21 30 12 27 44 4 0 25 25 3 27 23 4 0 8 25 0 27 0 25 25 30 25 0 0 27 21 21 0 23 26 27 25 25 25 25 25 47 25 0 26 30 23 25 0 23 25 0 0 12 25 4 25 25 25 0 0 4 2 27 27 30 25
split_gain=14107.7 6556.41 4893.62 2662.05 2231.74 1935.51 1852.06 2154.18 1988.46 1460.3 1419.62 1149.61 941.659 1165.05 929.729 815.791 810.323 798.992 690.114 662.161 770.817 640.859 603.958 610.164 1070.58 579.208 543.752 890.035 636.911 591.775 583.858 1524.26 510.245 627.311 504.943 492.74 1226.09 944.472 481.694 621.98 544.624 455.395 989.384 445.072 440.514 434.684 432.098 431.051 550.997 442.344 429.998 421.845 402.257 367.035 448.556 426.894 400.408 363.864 351.904 347.467 342.214 339.843 338.275 356.411 449.725 322.838 315.797 361.623 507.566 824.31 781.104 1492.58 305.543 300.701 297.82 295.12 293.528 275.536 273.527 270.419 269.307 347.258 252.022 521.431 249.87 295.205 246.354 243.674 243.057 242.342 612.133 402.834 242.449 241.059 284.89 328.67 420.803 350.42 303.996 676.384 394.118 296.178 246.681 239.898 256.331 246.592 239.817 237.572 232.868 230.817 809.719 295.408 228.398 227.329 226.072 223.904 592.837 584.537 1257.38 701.497 435.948 304.833 385.347 309.924 223.519 221.811
threshold=13030.000000000002 4.4000003337860116 0.090277068316936507 0 7.5000000000000009 0.39827039837837225 1 19050.000000000004 0.10266805812716485 0.24372619390487674 29.500000000000004 0.092384941875934615 325.00000000000006 23.500000000000004 0.086054746061563506 2 0.059944719076156623 3 4 1715.0000000000002 1940.0000000000002 64.500000000000014 5 -1.4639971256256101 1560.0000000000002 0.056888267397880561 0.16058247536420825 69.500000000000014 0.021370556205511097 6 33.500000000000007 17.500000000000004 0.28312641382217413 0.058227287605404861 7 0.091522067785263075 -0.19337636232376096 0.15550526976585391 0.064750330522656455 10.500000000000002 155.00000000000003 8 75.500000000000014 0.041184321045875556 -0.70898476243019093 0.11373248696327211 0.10130250453948976 -0.28519998490810389 7.1500000953674325 0.091295003890991225 0.083078928291797652 -0.20180235803127286 11.704999923706056 77.500000000000014 10.164999961853029 0.132152795791626 0.084925193339586272 0.15358696132898333 0.11150000244379045 -2.3023446202278133 0.17266365140676501 11.914999961853029 -0.45983055233955378 0.082720901817083373 0.11661468073725702 -0.18493013828992841 0.058047603815793998 0.12350000068545343 9 325.00000000000006 14.500000000000002 19.500000000000004 10 0.055219287052750594 0.10777157172560693 11 325.00000000000006 2.5000000000000004 61.500000000000007 155.00000000000003 0.07936600968241693 61.500000000000007 67.500000000000014 66.500000000000014 0.072865519672632231 107.50000000000001 1255.0000000000002 950.00000000000011 0.07936600968241693 0.070677299052476897 0.070911489427089705 61.500000000000007 0.0301526477560401 0.023513245396316055 0.058047603815793998 61.500000000000007 74.500000000000014 69.500000000000014 62.500000000000007 59.500000000000007 18.204999923706058 25.500000000000004 90.000000000000014 0.14566303044557574 0.10479542613029481 0.090003363788127913 38.500000000000007 715.00000000000011 0.12481230497360231 82.500000000000014 615.00000000000011 950.00000000000011 0.92191100120544445 51.500000000000007 12 26.500000000000004 15.500000000000002 19.500000000000004 950.00000000000011 850.00000000000011 13 14 0.064750330522656455 0.16352472454309466 0.071549806743860259 43.500000000000007
decision_type=2 2 8 9 2 2 9 2 8 2 2 10 2 2 10 9 2 9 9 2 2 2 9 10 2 10 2 2 8 9 2 2 10 10 9 10 2 2 2 2 2 1 2 10 2 10 10 2 2 8 10 2 2 2 2 8 2 2 2 10 10 2 10 10 10 2 2 2 9 2 2 2 1 2 10 9 2 2 2 2 2 2 2 2 10 2 2 2 2 10 10 2 10 8 2 2 2 2 2 2 2 2 2 10 10 10 2 2 10 2 2 2 2 2 9 2 2 2 2 2 9 9 2 2 8 2
left_child=1 2 3 32 -2 12 57 -8 -9 16 -10 18 13 15 17 52 21 45 84 44 -21 66 25 24 59 74 27 124 -29 -28 31 -31 50 -34 -11 36 37 61 75 40 -40 42 -30 79 -18 65 -44 -14 115 -50 103 86 -4 56 -55 -56 93 -6 106 -24 -45 -12 87 -64 -65 109 78 -68 69 -69 -71 -72 -16 -54 -13 -17 -66 -43 -3 -20 -41 -82 83 -58 -5 -86 -46 -27 -42 92 -91 -92 113 -15 95 -95 97 112 99 101 -101 -96 -100 104 -1 -105 -36 -87 -78 -7 -111 -112 -97 -25 -104 116 -49 118 119 120 -118 -119 -123 -124 -19 -108
right_child=4 9 5 11 6 14 7 8 10 34 35 22 47 53 72 38 19 26 43 20 -22 -23 23 89 -26 62 29 28 41 30 -32 -33 33 -35 58 -37 -38 -39 39 80 88 77 46 60 51 -47 -48 48 49 -51 -52 -53 73 54 55 -57 82 -59 -60 -61 -62 -63 63 64 76 -67 67 68 -70 70 71 -73 -74 -75 -76 -77 108 -79 -80 -81 81 -83 -84 -85 85 107 -88 -89 -90 90 91 -93 -94 94 98 96 -98 -99 102 100 -102 -103 114 105 -106 -107 125 -109 -110 110 111 -113 -114 -115 -116 -117 117 121 -120 -121 -122 122 123 -125 -126 -127
leaf_value=0.020037433459485107 0.017119275208055621 0.0013863442625039273 0.030516034265331796 0.0084189514687478002 -0.076063701423906505 -0.010504126683533897 -0.19267105772381735 0.0056122282921683558 -0.20624072653632011 0.0026924055471716814 -0.099235169596201628 0.0079239197795178927 0.00098839511208084394 0.012884413090980533 -0.0064895700846250024 0.032760236012151993 -0.0011973653220287085 0.0097434775584208013 -0.0086953079321042247 -0.094811730955839155 -0.012830292089622906 0.013283517947209217 0.029971503337675873 0.0055302979279136157 -0.096299602506899992 -0.021431733182702528 -0.0051387144357093861 -0.0087331836149896029 -0.0076253689235007433 -0.0071610921481624241 -0.017221986147832814 -0.13615113627556319 -0.064776826417334732 0.0095727279929633848 -0.0048265871340677164 -0.15486665799429541 -0.018149870944802058 -0.16348656358187527 -0.010648319340710128 -0.015400261689528495 -0.032568377001876279 -0.035179181463908457 -0.057619032708478929 -0.0076369222475341069 0.0049613061841654949 -0.021243865728310496 0.0010131607304407857 0.0019980729303654414 -0.030956208261357667 -0.0018150833734785962 0.0036149683484365622 -0.0001981407753266443 -0.02427320355857748 -0.008974117153056722 -0.04636439054447946 -0.016703317811503207 -0.018491996134948462 -0.011629812060153647 -0.0017534872089333062 -0.018589193405888996 0.0096918122759095324 -0.032239262502972446 0.005572549558812508 -0.019817697790342578 -0.020235504942319241 -0.0027915366778466419 0.0092873678362894105 0.016248617745403277 0.0093304564746601194 0.018448426588630874 -0.116280552890936 0.010407056946174373 -0.022806430611844695 0.011335244275121416 0.020052733235423593 -0.00039854972611537751 0.012937864460664816 -0.077390259344852691 -0.022270918470102062 -0.034206396277796966 -0.03996282677611579 0.0064732461101594252 0.0047210758865185191 -0.078965226519686071 0.0019710495216754827 -0.041396292957052529 0.023742797344202697 0.0116113633529722 -0.083647295334567759 -0.072598171248908869 -0.048309417525927226 -0.0025654211019946142 0.0043038399745808694 -0.0080735549403275573 -0.014107811458165998 -0.032427238708140932 -0.0041334324811658548 -0.042634154210521538 0.014095205936708858 -0.030256927609375997 -0.0071324659258756723 -0.0040955301059044874 -0.030762086558719946 -0.0069967242809402114 0.038692182197275306 0.023048401743677029 -0.047282797105553498 0.0011830365703892462 -0.0085925235269162705 0.0053956562693029996 -0.072914615391738838 -0.03101644255891798 -0.012676690372167102 -0.015781322038666029 -0.0031520741917024481 -0.005700172742184065 0.012263758509109416 -0.001289060968591149 0.00082508644591991508 -0.10645308377507788 -0.045365698741643257 -0.0077068900805856598 -0.036809361953335652 -0.0027665753205891072 -0.018311973410888856 -0.018720746196550651
leaf_weight=1047 168 9591 932 3716 123 25614 251 152 123 2409 222 6405 11986 497 29912 250 28803 263 647 124 595 10345 153 733 153 874 4074 628 736 195 1233 142 106 2248 1110 113 175 189 335 1648 139 206 1103 19427 35395 3368 126 2647 473 42797 867 19332 252 9555 457 9566 3098 218 1783 957 1082 100 12362 1232 438 4860 11436 291 935 120 227 132 1069 1365 2547 6430 1546 446 460 888 160 1452 383 133 1456 302 639 260 218 120 179 4633 8449 7049 3455 770 1306 728 735 1900 1020 11538 273 302 1825 1312 261 193 638 588 188 784 1673 1166 10336 84594 134 2404 823 155 974 2248 963 321 8409 3829
leaf_count=1047 168 9591 932 3716 123 25614 251 152 123 2409 222 6405 11986 497 29912 250 28803 263 647 124 595 10345 153 733 153 874 4074 628 736 195 1233 142 106 2248 1110 113 175 189 335 1648 139 206 1103 19427 35395 3368 126 2647 473 42797 867 19332 252 9555 457 9566 3098 218 1783 957 1082 100 12362 1232 438 4860 11436 291 935 120 227 132 1069 1365 2547 6430 1546 446 460 888 160 1452 383 133 1456 302 639 260 218 120 179 4633 8449 7049 3455 770 1306 728 735 1900 1020 11538 273 302 1825 1312 261 193 638 588 188 784 1673 1166 10336 84594 134 2404 823 155 974 2248 963 321 8409 3829
internal_value=-0.00396799 -0.00367394 -0.00560483 0.00110285 -0.0870034 -0.00728678 -0.0975071 -0.113549 -0.0948953 0.00222338 -0.111453 -0.00072588 -0.0058538 -0.00853701 -0.0111817 -0.000410071 0.00312644 -0.0135964 -0.00548739 0.00156661 -0.027081 0.00707449 0.00235379 -0.00213733 -0.0221701 0.00517736 -0.018835 -0.0224788 -0.0358815 -0.0111719 -0.0268142 -0.061755 0.0178424 0.0061987 -0.00916251 -0.0966215 -0.0868158 -0.11025 -0.00406469 -0.0123652 -0.0381763 -0.0423904 -0.0351488 -0.00788565 0.00181165 -0.010989 -0.051612 -0.00446948 -0.0049417 -0.00213434 0.0229607 0.00337701 0.0148291 -0.0101985 -0.0136264 -0.0180602 -0.00870332 -0.0350258 -0.0132369 -0.0118747 -0.00672228 -0.0785932 0.00198126 0.00308929 -0.00487532 -0.00991364 0.00430444 0.00736585 -0.00552032 -0.0235421 -0.0476991 -0.0697995 -0.0070533 0.0057743 0.0113766 0.000847141 0.00215054 -0.0641279 0.000301524 -0.0234662 -0.00687624 0.00184229 -0.018278 -0.021005 0.00384845 -0.00483696 0.00529501 -0.0138522 -0.063906 -0.000481536 -0.00595342 -0.00427672 0.00212676 -0.00786464 -0.00811781 -0.0121127 -0.0184692 -0.0243703 -0.00654362 -0.00897709 -0.0221844 -0.00640356 -0.00270055 0.0266979 0.0319009 0.0174257 -0.0171988 -0.0248257 0.00664726 -0.0111873 -0.02239 -0.0391868 -0.0189125 -0.00755661 -0.00386539 -0.00621682 -0.0103124 -0.0143741 -0.028032 -0.0468217 -0.0383913 -0.00957065 -0.0151589 -0.0283074 -0.0174601 -0.0205545
internal_weight=520030 518196 390379 78263 1834 312116 1666 1325 1074 127817 922 70556 228172 77653 83944 13181 118425 52963 27711 84888 719 33537 42845 16543 1263 26302 17561 11917 3245 5644 1570 337 7707 2354 9392 799 686 511 10632 3952 692 2617 1965 22044 84169 35402 1229 150519 138533 43270 5353 55366 2549 64472 19578 10023 44894 341 6983 1110 20509 322 17350 16216 3854 32034 23192 13141 1705 770 479 359 30981 1617 8952 6680 2622 652 10051 1535 3260 1612 3614 3231 5667 1951 36034 1134 357 15280 4932 4812 10348 41280 40783 11526 4477 3171 29257 17913 2920 14993 11344 4486 2872 1614 5200 495 2184 27174 1560 972 2443 1899 10609 95263 10669 8022 2086 1263 1108 5936 3532 1284 8672 4090
internal_count=520030 518196 390379 78263 1834 312116 1666 1325 1074 127817 922 70556 228172 77653 83944 13181 118425 52963 27711 84888 719 33537 42845 16543 1263 26302 17561 11917 3245 5644 1570 337 7707 2354 9392 799 686 511 10632 3952 692 2617 1965 22044 84169 35402 1229 150519 138533 43270 5353 55366 2549 64472 19578 10023 44894 341 6983 1110 20509 322 17350 16216 3854 32034 23192 13141 1705 770 479 359 30981 1617 8952 6680 2622 652 10051 1535 3260 1612 3614 3231 5667 1951 36034 1134 357 15280 4932 4812 10348 41280 40783 11526 4477 3171 29257 17913 2920 14993 11344 4486 2872 1614 5200 495 2184 27174 1560 972 2443 1899 10609 95263 10669 8022 2086 1263 1108 5936 3532 1284 8672 4090
cat_boundaries=0 1 2 3 4 5 6 7 8 9 10 11 12 13 14 15
cat_threshold=2 1 2 6 4 6 4 2 2 1 2 4 4 2 4
is_linear=0
shrinkage=0.03


Tree=18
num_leaves=127
num_cat=48
split_feature=0 5 5 48 5 5 21 2 5 5 46 5 23 5 2 5 5 5 0 0 21 28 0 5 8 5 26 37 5 2 5 29 0 40 8 0 0 5 5 12 0 0 8 0 5 0 5 0 0 23 5 5 0 0 0 30 5 26 0 5 48 29 5 0 0 5 0 5 2 4 0 5 32 4 2 5 13 5 40 5 0 5 22 0 5 0 20 0 5 5 26 0 13 46 5 20 0 0 0 0 5 4 31 13 0 13 45 4 0 5 0 5 13 8 20 0 0 0 0 26 23 0 0 0 5 13
split_gain=13256.2 6955.88 5093.1 4968.28 3342.56 2863.88 2333.26 2177.16 1615.66 1589.46 1475.78 1378.84 1340.31 1231.35 1157.4 3227.52 1462.36 1302.5 1099.57 1055.99 1477.96 1186.36 1178.28 1782.36 1700.59 1114.78 967.277 882.891 904.603 828.887 2019.21 1664.08 1506.72 934.708 813.942 775.06 4249.93 1743.67 1188.05 771.858 771.396 748.123 882.893 829.394 870.33 747.823 740.487 1353.05 1069.16 998.171 737.73 720.397 1349.64 707.509 691.524 678.628 675.134 631.828 624.899 608.762 640.177 595.632 662.319 592.11 585.387 553.09 657.72 1403.32 549.123 762.43 3106.26 509.096 506.388 493.921 491.367 528.044 478.518 464.64 451.599 441.079 435.154 1171.28 918.139 433.472 416.74 409.073 423.886 408.226 404.536 402.618 391.002 383.123 438.106 361.047 508.254 364.214 353.29 381.682 347.635 343.252 335.881 335.881 335.614 424.733 335.501 332.844 396.788 325.988 813.156 1724.56 629.396 681.781 601.531 537.189 383.151 360.652 473.083 1190.72 335.504 1362.52 595.919 325.978 323.931 4690.56 621.641 539.445
threshold=13030.000000000002 0 1 0.84999999403953563 2 3 0.10776028409600259 4 5 6 5.0571429729461679 7 0.076926078647375121 8 9 10 11 12 1615.0000000000002 1410.0000000000002 0.032727185636758811 0.11498869955539705 325.00000000000006 13 6.5000000000000009 14 0.1111494228243828 16.94999980926514 15 16 17 0.11490825563669206 325.00000000000006 20.349999427795414 8.5000000000000018 950.00000000000011 850.00000000000011 18 19 -0.68432605266571034 155.00000000000003 325.00000000000006 5.5000000000000009 615.00000000000011 20 90.000000000000014 21 615.00000000000011 615.00000000000011 0.12481230497360231 22 23 325.00000000000006 90.000000000000014 1560.0000000000002 0.10088627040386201 24 0.14629344642162326 1560.0000000000002 25 23.44999980926514 0.0429714322090149 26 1940.0000000000002 1280.0000000000002 27 155.00000000000003 28 29 30 325.00000000000006 31 0.23673103004693988 32 33 34 9.5000000000000018 35 37.149999618530281 36 325.00000000000006 37 -0.04046273045241832 950.00000000000011 38 1715.0000000000002 81.500000000000014 850.00000000000011 39 40 0.10922185331583024 1225.0000000000002 24.500000000000004 0.099999971687793746 41 80.500000000000014 1940.0000000000002 325.00000000000006 1560.0000000000002 155.00000000000003 42 43 0.072578333318233504 14.500000000000002 55.000000000000007 46.500000000000007 22.525000572204593 44 110.00000000000001 45 1225.0000000000002 46 40.500000000000007 8.5000000000000018 40.500000000000007 90.000000000000014 1225.0000000000002 1100.0000000000002 1280.0000000000002 0.17179546505212787 0.10130250453948976 225.00000000000003 425.00000000000006 475.00000000000006 47 39.500000000000007
decision_type=2 9 9 2 9 9 8 9 9 9 2 9 8 9 9 9 9 9 2 2 8 8 2 9 2 9 10 2 9 9 9 8 2 2 2 2 2 9 9 2 2 2 2 2 9 2 9 2 2 8 9 9 2 2 2 10 9 8 2 9 2 10 9 2 2 9 2 9 9 9 2 9 8 9 9 9 2 9 2 9 2 9 10 2 9 2 2 2 9 9 10 2 2 2 9 2 2 2 2 2 9 9 8 2 2 2 2 9 2 9 2 9 2 2 2 2 2 2 2 8 10 2 2 2 9 2
left_child=1 5 9 8 6 55 61 13 65 12 19 29 -2 53 17 91 18 41 -17 21 -21 100 23 24 26 -24 45 35 -29 31 32 -9 73 -34 -20 36 38 72 -15 74 102 59 43 -43 -45 -23 48 -48 -42 -49 -4 52 -13 -6 57 -1 -55 -33 80 -8 -61 104 -63 98 -27 68 67 -67 -3 70 -70 -12 -37 -31 89 -76 -38 99 -19 -44 84 -82 -83 -46 -53 -77 -87 -71 -51 -10 -58 -16 -93 -59 95 -95 97 -73 -22 -47 -7 -85 -40 -104 -5 106 -14 108 109 113 -110 114 -111 -18 -112 -109 117 -117 -118 120 -120 -28 124 -124 125 -81
right_child=2 3 50 4 7 10 14 11 39 -11 71 51 105 27 15 16 107 78 34 20 63 22 25 -25 -26 64 121 28 -30 30 -32 54 33 -35 -36 37 76 -39 40 -41 46 42 79 44 83 77 47 49 -50 88 -52 58 -54 56 -56 -57 90 93 -60 60 -62 62 -64 -65 -66 66 -68 -69 69 87 -72 96 -74 -75 75 85 -78 -79 -80 122 81 82 -84 101 -86 86 -88 -89 -90 -91 -92 92 -94 94 -96 -97 -98 -99 -100 -101 -102 -103 103 -105 -106 -107 -108 115 110 112 111 -113 -114 -115 -116 116 118 -119 119 -121 -122 -123 123 -125 -126 -127
leaf_value=0.0151933487818075 0.0069496622784893112 0.0033607283999887191 -0.053608925115097968 0.009896813739712039 -0.025042785912693283 0.0048695775666934412 0.0027704238455816088 -0.069274624836328735 0.012680836978824524 -0.17567403298793452 0.015366910791844013 -0.011629756886245728 -0.13974740564550314 0.010596747043997252 -0.1214989751719972 -0.0039228434383071081 0.015800846076074418 -0.0025455596372864998 -0.13041637054777572 -0.13471599138007972 -0.043250694098084734 -0.09084760256640842 0.011985926989563416 -0.00014885484748966026 -0.0074406513576957944 -0.00099219974589824685 -0.02431724090823421 0.0013219168643706794 -0.018037647686593453 0.0089204065630254011 0.014187417920302259 -0.026070009752365647 -0.011089885817919386 -0.041905614061706446 -0.022336476494004078 -0.032100316373015088 -0.19503078496102058 0.012214677189178342 -0.003051601720987388 -0.00057117169277878029 -0.043538649339671796 -0.0043209478388323615 0.0038697880797741654 -0.0045486163515342029 -0.070897665465554455 -0.10144499230040954 -0.03315528291545336 -0.018069388343688639 -0.010396346499380121 -0.15124654028150769 0.0065747027396247147 -0.0040324530136300824 -0.093822395288670951 0.0065499497065100521 0.013209103567845749 0.035456631738258512 -0.011565391599297014 -0.0024493719154381325 0.014535541580375542 -0.0074982109222124808 -0.027571348953890133 0.0057168757883391203 -0.0014263408276128245 -0.06895855013517975 0.066797804272693134 -0.11211755303593425 -0.0024824536689882922 -0.0092319333815058802 0.024218098700923077 -0.0052842704551111326 -0.13222378211685373 -0.0016616736436497817 -0.015605898278843138 -0.037364581394685452 -0.0072833060804556558 0.0067508019094959324 -0.11197271096419442 -0.027035014933871639 0.010576562635579092 0.011392772973429735 -0.0026737341739074523 -0.022001344021468649 0.0029270531827791874 -0.027222023816504234 -0.018501606946877705 0.0039454019300134502 -0.079914570178578392 -0.026726240548496146 -0.077075891279025602 0.0049348938901835407 0.0043089349174498474 -0.10520077610057928 -0.024694242225807218 -0.032287424412752286 0.0021296865336327317 -0.008543986507891602 -0.039656531897283367 0.0080438543166119602 0.00024652240212424216 -0.047921053888608338 0.0148667917197333 -0.071043499988736589 -0.071805200127195448 -0.018722746021228167 -0.017031471535848275 -0.072040393039003586 -0.074692131059292038 0.018673835724013023 -0.0068102741132197893 -0.059117137615022984 -0.069453146784825434 -0.057090943048708133 -0.1373275443369692 -0.036526428531967248 -0.017367573571495896 -0.020658629792053643 -0.0088802176523994133 -0.12115442588522628 -0.047487611785835146 -0.002086956689501629 -0.13474199111440352 0.010576459193568302 -0.17360684011828514 -0.0072816787357945336 0.0089088032419452432 -0.023938379323615037
leaf_weight=5365 100 1134 329 503 2844 10409 1120 384 11497 393 6044 524 354 806 208 22669 275 52298 104 105 208 260 7361 14721 6569 37124 497 3225 6669 3958 7023 1581 4230 1120 157 2777 100 1639 1306 26910 1351 1745 4544 727 422 129 3853 186 2491 124 399 2218 273 2213 1500 2059 25170 8287 863 2093 4519 20367 27371 172 114 143 18952 560 220 1690 236 4738 4230 218 4259 8200 184 1552 2471 550 12136 6897 1647 893 9810 117 100 1516 408 12813 1478 123 121 1337 1197 1030 154 15828 792 672 4276 191 145 1951 2402 153 116 321 3198 173 132 509 186 490 2943 2440 9293 110 195 615 111 466 154 9865 2721 1323
leaf_count=5365 100 1134 329 503 2844 10409 1120 384 11497 393 6044 524 354 806 208 22669 275 52298 104 105 208 260 7361 14721 6569 37124 497 3225 6669 3958 7023 1581 4230 1120 157 2777 100 1639 1306 26910 1351 1745 4544 727 422 129 3853 186 2491 124 399 2218 273 2213 1500 2059 25170 8287 863 2093 4519 20367 27371 172 114 143 18952 560 220 1690 236 4738 4230 218 4259 8200 184 1552 2471 550 12136 6897 1647 893 9810 117 100 1516 408 12813 1478 123 121 1337 1197 1030 154 15828 792 672 4276 191 145 1951 2402 153 116 321 3198 173 132 509 186 490 2943 2440 9293 110 195 615 111 466 154 9865 2721 1323
internal_value=-0.00387256 -0.00358664 -0.0841438 -0.00549148 -0.00728002 0.0027577 -0.00464293 -0.0109608 0.000784392 -0.12397 0.00156258 -0.00715778 -0.0936534 -0.0149475 -0.00677109 -0.0107035 -0.00987013 -0.00473157 -0.00462725 -0.00036319 -0.0274285 4.78552e-05 -0.00158996 -0.00682247 -0.0164889 0.0013275 -0.0331497 -0.0191595 -0.0117447 -0.00266012 0.00199456 -0.00768733 -0.00700057 -0.0175477 -0.0657362 -0.0225718 -0.0272291 -0.015618 -0.02464 0.0032939 -0.0270305 -0.00965929 -0.00696184 -0.019821 -0.0319263 -0.0426188 -0.0319283 -0.0401293 -0.0220015 -0.078014 -0.0210168 -0.0113257 -0.0393725 -0.0107649 -0.00610414 0.0207893 -0.00936084 -0.00826174 -0.0106472 -0.0177409 -0.0211873 0.000819521 0.0016222 -0.0177099 -0.00078267 -0.00577237 -0.00353847 -0.0320135 -0.0148983 -0.0205457 -0.0568596 0.00770975 -0.022115 0.00649582 0.00610685 0.00131298 -0.1418 -0.0372534 -0.00195299 -0.00429071 -0.0113153 -0.00867556 -0.0171761 -0.0448033 -0.0158527 0.00566653 -0.0348891 -0.0154286 -0.0988988 0.00860228 -0.0106808 -0.0895267 -0.0655412 -0.005884 -0.0138673 -0.0218711 0.00546547 0.00580792 -0.00883507 -0.055959 0.00779483 -0.0350017 -0.0149923 -0.0224274 -0.012367 -0.111288 -0.123884 -0.0155919 -0.0204099 -0.0440356 -0.0164884 -0.0251199 -0.0972071 -0.0174916 -0.0195617 -0.0126914 -0.0134816 -0.0250395 -0.0105939 -0.0278571 -0.0794745 -0.00743857 -0.00682633 -0.0098553 -0.000234635 -0.013491
internal_weight=519841 517997 1844 398382 310035 119615 180652 129383 88347 1116 112191 66233 723 63150 130009 44373 43921 85636 22930 85427 1277 84150 69465 24866 10145 44599 3576 31445 9894 31865 16549 15316 9526 5350 261 21551 12905 8646 12621 63896 11815 30867 23135 3978 2233 2613 8413 4571 3842 718 728 34368 797 31705 14932 7424 28861 13432 33571 7732 6612 50643 47738 1172 37238 24451 19655 703 4796 3662 456 26764 7007 4176 36986 12676 284 2353 54769 19157 32708 20680 8544 1506 12028 8417 217 3206 532 24310 26648 452 244 11851 3564 2367 20720 20566 1000 801 14685 1084 3402 2096 2905 623 470 20991 7906 1124 6782 3584 359 765 3075 13085 12764 2550 10214 921 306 963 14613 10019 4594 1873
internal_count=519841 517997 1844 398382 310035 119615 180652 129383 88347 1116 112191 66233 723 63150 130009 44373 43921 85636 22930 85427 1277 84150 69465 24866 10145 44599 3576 31445 9894 31865 16549 15316 9526 5350 261 21551 12905 8646 12621 63896 11815 30867 23135 3978 2233 2613 8413 4571 3842 718 728 34368 797 31705 14932 7424 28861 13432 33571 7732 6612 50643 47738 1172 37238 24451 19655 703 4796 3662 456 26764 7007 4176 36986 12676 284 2353 54769 19157 32708 20680 8544 1506 12028 8417 217 3206 532 24310 26648 452 244 11851 3564 2367 20720 20566 1000 801 14685 1084 3402 2096 2905 623 470 20991 7906 1124 6782 3584 359 765 3075 13085 12764 2550 10214 921 306 963 14613 10019 4594 1873
cat_boundaries=0 2 4 6 8 9 11 13 15 17 18 19 21 23 24 25 27 28 29 31 33 35 37 38 39 40 41 43 45 46 47 48 50 51 52 54 55 57 59 61 62 64 66 68 69 70 72 74 75
cat_threshold=423901270 42 303038466 8196 2762146432 26497 16 2 5 2801664 197 34603008 4 35160096 68 1107345417 4112 6 131072 77594752 9345 10682368 8193 20981762 4194310 32 2048 8 34078720 1048576 2052 0 68 2162688 1 1048576 2048 537395200 1 1073741825 131072 8585856 128 540672 64 131072 9 1 262148 8 1 6 570425856 4864 2 65536 1 1032 2064 16384 4096 1024 2147550240 32512 32768 4 12294 40 4 1 0 16640 0 768 2097152
is_linear=0
shrinkage=0.03


Tree=19
num_leaves=127
num_cat=8
split_feature=0 46 21 25 11 25 25 11 47 29 29 25 21 44 0 21 0 25 0 27 26 26 26 3 25 26 0 0 22 25 29 26 0 0 27 27 21 2 48 25 25 44 25 3 0 22 27 47 38 27 25 0 33 3 26 26 32 22 28 29 44 28 25 25 25 27 44 27 3 0 25 27 0 25 24 44 48 29 25 25 25 25 25 3 0 25 44 25 22 0 29 25 25 27 44 0 27 0 25 27 40 3 44 32 27 25 25 2 25 25 0 11 0 24 11 12 26 29 26 26 22 0 0 25 25 25
split_gain=12143.9 5851.49 4316.8 1922.43 1606.88 1427.06 1771.49 1329.66 1308.5 1642.33 1249.73 1246.16 1045.02 958.467 914.636 1443.85 855.003 1079.9 816.919 775.771 674.447 835.57 773.806 658.986 631.999 561.929 551.676 608.396 532.337 515.562 943.487 495.967 582.415 573.039 451.133 447.345 435.68 421.565 415.576 391.353 491.376 390.049 373.883 460.878 694.063 373.298 365.881 363.012 395.322 361.616 355.432 354.713 347.812 325.133 512.744 310.309 563.882 359.352 306.969 301.726 300.012 297.44 293.306 291.183 566.181 995.532 846.577 299.911 542.661 499.891 282.424 303.775 381.452 393.744 398.585 290.695 279.209 264.896 259.322 258.957 256.544 254.56 985.586 1193.19 1437.47 254.317 253.121 258.824 247.88 246.486 482.984 277.668 409.77 241.644 241.282 285.603 240.388 240.31 239.368 233.211 231.953 231.815 263.554 307.011 269.365 232.794 636.464 297.599 276.038 812.986 1102.16 793.271 334.525 326.719 231.695 231.622 230.353 390.245 228.408 381.344 263.245 227.005 226.528 267.625 319.585 219.947
threshold=13030.000000000002 4.4000003337860116 0.090277068316936507 7.5000000000000009 0.39827039837837225 73.500000000000014 50.500000000000007 0.24372619390487674 41.114999771118171 0.099066305905580535 0.04441503249108792 35.500000000000007 0.056888267397880561 0.11549999937415124 1560.0000000000002 0.032727185636758811 325.00000000000006 23.500000000000004 225.00000000000003 0.059944719076156623 0.11405843496322633 0.00016002441407181325 0.21817176789045337 0 69.500000000000014 0.22268813848495486 1715.0000000000002 1940.0000000000002 -0.36799480020999903 69.500000000000014 0.062489351257681854 0.080585796386003508 1715.0000000000002 2125.0000000000005 0.055219287052750594 0.056865874677896507 0.081666920334100737 1 13.900000095367433 73.500000000000014 68.500000000000014 0.11150000244379045 19.500000000000004 2 325.00000000000006 0.2834471613168717 0.12835267186164859 42.254999160766609 15.449999809265138 0.058047603815793998 17.500000000000004 27950.000000000004 6.7500000000000009 3 0.072340067476034178 0.065306846052408232 0.15661881119012835 -0.64485630393028248 0.09685810282826425 0.13254455476999286 0.2884999960660935 0.1071726903319359 50.500000000000007 30.500000000000004 18.500000000000004 0.1045757830142975 0.1094999983906746 0.095947422087192549 4 1225.0000000000002 74.500000000000014 0.064750330522656455 715.00000000000011 78.500000000000014 0.99220967292785656 0.092500001192092909 17.150000572204593 0.11832415685057641 37.500000000000007 68.500000000000014 38.500000000000007 14.500000000000002 16.500000000000004 5 325.00000000000006 15.500000000000002 0.052500000223517425 38.500000000000007 0.075262714177370085 615.00000000000011 0.08521361276507379 78.500000000000014 76.500000000000014 0.064750330522656455 0.10050000250339509 225.00000000000003 0.092709075659513487 325.00000000000006 10.500000000000002 0.056865874677896507 12.550000190734865 6 0.16350000351667407 0.18322819471359256 0.051913643255829818 40.500000000000007 38.500000000000007 7 15.500000000000002 20.500000000000004 950.00000000000011 -0.67803022265434254 850.00000000000011 0.98193418979644786 0.24372619390487674 -0.36648371815681452 0.17269647866487506 0.052709037438035018 0.023513245396316055 0.044911826029419906 0.12275191769003869 325.00000000000006 950.00000000000011 19.500000000000004 15.500000000000002 87.500000000000014
decision_type=2 2 8 2 2 2 2 2 2 8 10 2 10 2 2 8 2 2 2 2 10 10 10 1 2 10 2 2 10 2 8 10 2 2 2 2 10 9 2 2 2 2 2 1 2 10 2 2 2 2 2 2 2 1 8 10 8 10 8 10 2 8 2 2 2 2 2 2 1 2 2 2 2 2 2 2 2 10 2 2 2 2 2 1 2 2 2 2 10 2 10 2 2 2 2 2 2 2 2 2 2 1 2 8 2 2 2 9 2 2 2 2 2 2 2 2 10 10 8 8 10 2 2 2 2 2
left_child=1 2 10 -2 16 6 11 19 9 -7 50 13 14 -5 99 -16 17 23 29 24 21 36 28 98 49 34 52 -28 -22 35 -31 32 39 -34 -24 79 -14 -9 93 40 62 80 43 -23 -45 46 89 48 58 97 -1 -13 -21 54 -32 -52 57 -57 77 88 -11 -33 63 64 -20 67 -67 -66 69 -69 -54 -72 75 74 -74 96 -49 -18 81 85 -39 -51 83 84 -83 -6 87 -87 -44 90 -41 92 -91 -19 95 114 -73 -3 -4 -12 -100 105 104 -104 -103 106 108 -108 -50 110 111 112 113 -110 -40 -25 -30 -118 -96 120 -120 125 123 124 -105 -92
right_child=3 7 4 5 18 8 -8 37 -10 60 12 51 20 -15 15 -17 47 38 31 26 22 42 25 115 -26 -27 27 -29 116 30 53 61 33 -35 -36 -37 -38 41 94 45 -42 -43 59 44 -46 -47 -48 76 101 78 55 -53 70 -55 -56 56 -58 -59 -60 -61 -62 -63 -64 -65 65 66 -68 68 -70 -71 71 72 73 -75 -76 -77 -78 -79 -80 -81 -82 82 -84 -85 -86 86 -88 -89 -90 91 121 -93 -94 -95 118 -97 -98 -99 100 -101 -102 102 103 122 -106 -107 107 -109 109 -111 -112 -113 -114 -115 -116 -117 117 -119 119 -121 -122 -123 -124 -125 -126 -127
leaf_value=0.012248988580966118 0.017017956910969082 -0.0025977200890906897 -0.012411932802233511 -0.18708435390169259 -0.030370404635514339 0.0044578161901410885 -0.19211731202531568 0.0020768338443732451 0.04413335863316413 -0.09112127267616861 0.0083163010344925719 -0.073326949177799139 0.023049651810464422 -0.09475354271906393 -0.13069573997888925 0.0067098291392962868 -0.056399406407432379 -0.0018184596359029613 -0.0056297676415934129 -0.00045300760343661687 0.033849861859784024 0.0059579862203252947 -0.0096929434079414817 0.0048211369216650153 0.015670542043849916 0.0022266617987580554 -0.082829941409555338 -0.011608849668914109 0.006059349964592853 -0.014161038584415078 -0.077205327784837186 -0.022538107167222286 -0.1123927823240214 -0.011212007534306716 -0.055963515275716781 0.012145753985889522 -0.0032457772607587866 -0.0040660668703780259 -0.024519823542780955 0.0033142180173451894 -0.0016896384179926592 -0.00057509136833360668 -0.0052797937002220493 -0.013202992493252595 -0.080268149323353202 0.004919579915658787 -0.0012225006289843976 0.0057208033281131842 0.0018806221400362343 0.011118382465072739 -0.014989090598293973 -0.011296074335627695 0.0050051400673373665 -0.071586802736281943 -0.018963668108819162 0.016338545313976095 -0.018028230881345794 -0.0045141060873416256 -0.0020013181723301998 0.0036838016932989629 -0.15221484560410953 -0.0051167165102516477 -0.014219563927446459 -0.0053053682044079224 -0.010968162885917667 -0.0067775289103101551 -0.11296892755112067 -0.057444533276574318 0.017515875627681358 -0.0096904526499481183 0.021748601461762385 -0.011368084456008658 -0.023544819257356984 0.0062114448674306152 -0.0011653271485293026 0.0031437729668005944 -0.0045813949403187126 -0.010590785368865699 0.010298084081235372 -0.063368181336138932 -0.020208427524889924 0.011105355500947427 0.0047765838774849563 0.01411208010766217 -0.11172158238748867 -0.015337633344038606 -0.012176099463545599 -0.075311678116351866 0.003482394540461621 -0.023750615256769938 -0.04297395820134263 -0.029023931133008458 0.00045481801641727586 -0.0095520163625381471 0.006204729924609154 -0.012896671137618436 -0.036765336587475279 0.0071129312102188261 0.019415194799614666 0.016728441693963481 0.0047391161738185323 -0.052247343607819997 -0.03517928889243073 0.0015502515820145862 -0.0063100729056578654 -0.0055616060779271241 -0.024002224855836835 -0.067446353474237483 -0.0063486153551570645 -0.0064874789314544254 0.003237390248152621 -0.016844159873924219 -0.11321322022435756 -0.064072396324618766 -0.069995108996287678 -0.010763654062028644 -0.028705037234479095 0.021560355086691459 -0.002869648766813811 -0.010638107923610734 -0.048354778673758009 -0.013570614872848424 -0.00418000732286972 0.0069656433693087065 -0.052614461175705257 0.0036923393970269948
leaf_weight=701 165 7082 605 150 937 169 201 2429 100 281 8308 216 1743 323 105 196 165 8182 4486 37609 909 341 788 1051 6011 11201 131 595 5098 1391 200 916 100 101 249 524 840 1136 230 1116 6235 1838 21342 381 218 726 1126 5627 2102 2001 5160 135 31900 437 424 1159 1787 2072 44026 5497 102 23194 13748 11053 2343 106 186 547 176 309 552 1032 860 6455 4261 751 4086 362 11199 104 4036 130 3140 254 250 145 5583 117 3363 2006 568 3135 917 6545 710 670 497 3391 1170 4616 5632 116 210 276 6420 63913 667 190 105 10588 713 599 103 560 181 4667 149 1920 160 47669 403 1140 3915 5389 151 108
leaf_count=701 165 7082 605 150 937 169 201 2429 100 281 8308 216 1743 323 105 196 165 8182 4486 37609 909 341 788 1051 6011 11201 131 595 5098 1391 200 916 100 101 249 524 840 1136 230 1116 6235 1838 21342 381 218 726 1126 5627 2102 2001 5160 135 31900 437 424 1159 1787 2072 44026 5497 102 23194 13748 11053 2343 106 186 547 176 309 552 1032 860 6455 4261 751 4086 362 11199 104 4036 130 3140 254 250 145 5583 117 3363 2006 568 3135 917 6545 710 670 497 3391 1170 4616 5632 116 210 276 6420 63913 667 190 105 10588 713 599 103 560 181 4667 149 1920 160 47669 403 1140 3915 5389 151 108
internal_value=-0.00372509 -0.0034516 -0.00527374 -0.0805968 -0.00685136 -0.0902055 -0.112286 0.00212744 -0.0553737 -0.0734476 0.00103253 -0.0926038 0.00255832 -0.124367 0.0101167 -0.0414964 -0.00554415 -0.00809535 -0.0103933 0.00299344 0.000708403 -0.00189273 0.00502664 -0.000248659 0.00686066 0.000269994 0.00146472 -0.0245563 0.0122337 -0.0185062 -0.0304301 -0.00931679 -0.0110144 -0.0618579 -0.0208464 -0.014557 0.0145003 -0.00870706 -0.00968586 -0.0108089 -0.00941288 -0.0124287 -0.00325283 -0.0218753 -0.0377038 -0.0158537 -0.0173449 -0.0042221 -0.00460967 0.00493076 -0.00840068 -0.0495688 0.00169013 -0.0517258 -0.0377245 -0.00982397 -0.00451076 0.00296874 -0.00227407 -0.00267253 -0.107746 -0.00577951 -0.010874 -0.00847865 -0.0127795 -0.0215221 -0.0745747 -0.0169113 -0.0303808 -0.0402376 0.00343065 -5.54446e-05 -0.000925588 0.00128378 -0.00492751 -0.0121386 0.00138692 -0.0250128 0.00763547 -0.0165905 -0.0166643 0.00247118 -0.00211536 -0.0362027 -0.069783 -0.0158639 -0.0135336 -0.0423045 -0.00408694 -0.0193639 -0.0122168 -0.0228204 -0.0161594 -0.00525584 -0.0109899 -0.0250063 -0.0196421 0.000546822 0.00565726 0.0113219 0.00726601 -0.00569338 -0.00245447 0.000622118 -0.00713323 -0.0063643 -0.00964666 -0.0347672 -0.00818683 -0.00985734 -0.0269999 -0.0427619 -0.0629281 -0.0549813 -0.0446679 -0.00789874 0.00948777 0.0179284 -0.0106799 -0.0109285 -0.0354563 -0.0217577 0.00139827 0.00515332 -0.0176822 -0.035524
internal_weight=519887 518045 390505 1842 312362 1677 1025 127540 652 552 78143 824 67264 473 13225 301 228158 77875 84204 118101 54039 33725 20314 13125 33458 12238 84643 726 8076 9862 2452 74342 50232 201 1037 7410 2583 9439 64750 50031 39189 7010 31142 940 599 10842 10116 150283 140570 27447 10879 351 83917 1061 624 10178 5018 3231 44553 30202 383 24110 32954 19206 8153 3667 292 3375 1032 856 46308 14408 13856 11576 5121 2280 9713 527 16974 6886 5172 5775 3774 634 380 6782 5845 262 24705 8990 2932 6058 2923 14727 50023 1081 1529 10473 7407 12924 6802 96017 16477 9941 6536 79540 15627 857 14770 12668 2080 1367 768 665 411 5718 7167 2069 48942 48232 563 1816 9731 5816 427 676
internal_count=519887 518045 390505 1842 312362 1677 1025 127540 652 552 78143 824 67264 473 13225 301 228158 77875 84204 118101 54039 33725 20314 13125 33458 12238 84643 726 8076 9862 2452 74342 50232 201 1037 7410 2583 9439 64750 50031 39189 7010 31142 940 599 10842 10116 150283 140570 27447 10879 351 83917 1061 624 10178 5018 3231 44553 30202 383 24110 32954 19206 8153 3667 292 3375 1032 856 46308 14408 13856 11576 5121 2280 9713 527 16974 6886 5172 5775 3774 634 380 6782 5845 262 24705 8990 2932 6058 2923 14727 50023 1081 1529 10473 7407 12924 6802 96017 16477 9941 6536 79540 15627 857 14770 12668 2080 1367 768 665 411 5718 7167 2069 48942 48232 563 1816 9731 5816 427 676
cat_boundaries=0 1 2 3 4 5 6 7 8
cat_threshold=2 2 2 2 2 2 2 10
is_linear=0
shrinkage=0.03


Tree=20
num_leaves=127
num_cat=42
split_feature=0 5 46 5 30 5 5 27 5 2 0 5 5 21 36 5 0 2 5 0 27 46 0 23 48 31 0 30 45 31 27 5 11 44 5 0 5 27 27 0 0 5 47 5 30 0 5 5 27 0 5 27 11 5 27 5 5 5 0 0 0 5 0 27 29 0 5 0 0 5 27 31 5 27 0 5 5 22 22 11 27 27 3 27 0 5 27 48 13 5 5 0 5 0 5 27 0 32 5 31 0 0 5 0 0 27 32 2 0 11 27 5 11 5 0 28 27 30 27 27 48 13 27 5 5 0
split_gain=11881.8 6530.49 4973.93 4482.91 2845.56 2832.46 2347.42 2016.88 1962.45 1545.3 1521.65 2347.2 2036.82 1442.75 1264.79 1207.12 1052.13 1043.07 947.067 1357.84 841.024 830.044 796.015 1619.25 781.96 732.103 1001.04 949.706 730.341 663.864 657.861 843.641 621.366 825.534 574.989 643.982 537.869 691.319 947.396 534.151 533.664 1127.88 526.17 520.571 514.217 484.217 701.11 632.048 476.895 448.261 1008.96 605.173 651.81 1397.92 966.503 668.99 604.45 432.87 1702.17 772.522 413.768 719.514 1961.21 421.305 409.871 401.36 393.193 446.977 2996.48 482.623 454.758 391.232 586.041 614.12 411.762 1020.62 1010.04 695.837 390.591 616.457 387.89 670.347 466.663 387.764 377.222 372.969 875.125 807.533 368.096 637.397 361.203 361.159 838.292 355.569 373.136 790.139 471.406 612.147 448.556 348.753 338.766 800.039 371.886 337.349 333.764 330.538 326.772 352.567 409.2 326.692 315.714 353.678 313.088 308.603 401.209 307.493 303.707 347.312 299.949 634.659 638.588 777.984 297.097 437.251 296.097 293.692
threshold=13030.000000000002 0 4.4285719394683847 1 0.19365485012531283 2 3 0.14952706545591357 4 5 180.00000000000003 6 7 0.091295003890991225 5.0500001907348642 8 6250.0000000000009 9 10 325.00000000000006 0.095947422087192549 6.9142858982086191 950.00000000000011 0.056448934599757201 13.900000095367433 0.063124977052211775 1410.0000000000002 0.11818477511405946 20.554999351501468 0.072578333318233504 0.058047603815793998 11 0.24372619390487674 0.11649999767541887 12 325.00000000000006 13 0.11368945986032487 0.1321084722876549 615.00000000000011 135.00000000000003 14 42.254999160766609 15 0.10088627040386201 155.00000000000003 16 17 0.1575826704502106 325.00000000000006 18 0.059944719076156623 0.40614137053489691 19 0.10038758814334871 20 21 22 1280.0000000000002 1560.0000000000002 950.00000000000011 23 475.00000000000006 0.092709075659513487 0.040852611884474761 90.000000000000014 24 950.00000000000011 850.00000000000011 25 0.098019190132617964 0.048095963895320899 26 0.16352472454309466 325.00000000000006 27 28 -0.049133053049445145 -0.11946358904242514 -0.55657517910003651 0.056865874677896507 0.055219287052750594 29 0.053263295441865928 1715.0000000000002 30 0.16058247536420825 34.250000000000007 44.500000000000007 31 32 850.00000000000011 33 1560.0000000000002 34 0.098019190132617964 1225.0000000000002 0.12430509924888612 35 0.055805873125791557 1615.0000000000002 2375.0000000000005 36 615.00000000000011 1560.0000000000002 0.064750330522656455 0.22759647667407992 37 325.00000000000006 -0.4218058288097381 0.089248880743980422 38 0.24372619390487674 39 90.000000000000014 0.1029375307261944 0.095947422087192549 0.079430680721998229 0.10945477336645128 0.089248880743980422 60.600000381469734 40.500000000000007 0.058846931904554374 40 41 1560.0000000000002
decision_type=2 9 2 9 10 9 9 2 9 9 2 9 9 10 2 9 2 9 9 2 2 2 2 10 2 8 2 10 2 10 2 9 2 2 9 2 9 2 2 2 2 9 2 9 10 2 9 9 2 2 9 2 2 9 2 9 9 9 2 2 2 9 2 2 8 2 9 2 2 9 2 10 9 2 2 9 9 10 8 2 2 2 1 2 2 9 2 2 2 9 9 2 9 2 9 2 2 8 9 8 2 2 9 2 2 2 10 9 2 2 2 9 2 9 2 8 2 8 2 2 2 2 2 9 9 2
left_child=1 5 4 13 6 44 9 99 17 18 11 32 -12 48 24 22 21 43 19 -3 34 25 23 65 -8 26 -14 -28 -24 42 31 -27 -7 -34 -10 122 37 -22 -39 -31 41 -16 66 -4 105 46 78 -47 -2 50 -26 56 55 54 -54 -53 -51 91 116 -60 61 62 -19 -64 -49 -11 -17 68 70 -69 88 72 73 -20 75 -74 -76 104 -13 -80 81 -67 -83 -21 -56 86 -32 -88 -68 -90 -33 92 103 94 96 110 124 -98 -97 -5 102 -102 -62 -42 -78 -1 107 108 -94 -70 -96 -112 -104 114 -81 -35 117 -59 119 -82 121 -121 123 -36 -93 -45
right_child=3 2 8 7 -6 10 14 -9 20 15 12 45 16 -15 40 29 -18 60 71 83 36 -23 28 -25 49 30 27 -29 -30 39 85 90 33 115 35 -37 -38 38 -40 -41 57 -43 -44 125 -46 47 -48 64 -50 51 -52 52 53 -55 84 -57 -58 58 59 -61 100 -63 63 -65 -66 80 67 69 109 -71 -72 -73 74 -75 76 -77 77 -79 79 113 118 82 -84 -85 -86 -87 87 -89 89 -91 -92 93 106 -95 95 98 97 -99 -100 -101 101 -103 112 -105 -106 -107 -108 -109 -110 -111 111 -113 -114 -115 -116 -117 -118 -119 -120 120 -122 -123 -124 -125 -126 -127
leaf_value=0.02084470396574219 -0.17939811793557048 -0.013328077330168399 0.0075278260485274074 -0.033512002866803191 0.0051876782284361904 -0.011314162253585088 -0.0038495685097282503 0.0023394195314741274 0.011965729028640845 0.024048522941263046 0.01153682064554158 -0.0049065502665063022 0.008048585584175573 -0.060366991356106618 -0.076603536218791804 0.010739814335728024 -0.094184303419930601 -0.098690656182995745 0.0096308610361521656 -0.12458376554749816 0.022445220193238115 0.0074473004723056334 0.0055985163240834766 -0.098228086853443183 -0.0070332107559511903 -0.016671729191770707 -0.01132827555501352 -0.11744799856270585 -0.042085275626398466 -0.072451265078783036 0.0060395149636565558 0.024617281515446777 -0.061490254882812075 -0.010050701613881408 0.0042150781012828325 0.0074529675520506478 -0.0010136430946876261 -0.11243673805892468 -0.015108734222707473 -0.024611672128627662 0.021645003482379764 -0.0092965706541201527 -0.00029950586505302247 -0.0050830874235715702 0.032409555224257175 0.020855826876329513 -0.0014802604078870162 0.031438215518195069 -0.11453047242699838 0.0070703702936425299 -0.020094138020804127 -0.012476448108847477 -0.030733775552243617 -0.0047307900594049501 -0.0085419733151953243 -0.0036869827107560184 -0.0079287512925854953 -0.0097981872935545434 -0.092846152179212452 -0.019426670970983752 -0.012129536259356645 -0.010000804589233369 -0.032749979931457264 0.00031762119081352213 0.00061170129161290231 -0.023170808086345872 -0.016288468854011851 -0.0031674431454650617 -0.090277689501363292 -0.016407276816064957 -0.0035857463473195081 -0.013573880433216088 0.0080125169698290321 -0.048690230545133002 -4.0324260945530146e-05 -0.013530956061248101 -0.022408155580717844 0.0028139268990563246 -0.0014536959022266923 -0.088168194324542315 -0.021296552585706896 -0.1055599852685649 -0.030986732804933477 -0.049052272388327746 -0.054603541328438684 -0.0013448841534377688 -0.0033138043008265937 -0.11206790965768175 0.00012191077985982921 -0.033692159909522984 -0.0020341404745507601 0.011096570540580655 -0.011892462297869104 0.011517285484706506 -0.017815578350152957 0.00060156483968293805 -0.061376734470096145 -0.0085080513958154663 -0.016702490638294064 -0.089947184112054643 -0.10323079510429584 -0.0070091562298801981 0.0016061623118552744 -0.00037978390078440873 0.011953451349768999 0.0055099898548690426 -0.018756815226722512 0.00097785004816940396 -0.0022105651760428117 -0.16023375311413326 -0.046476717957183077 -0.011059621511098456 -0.023683016588099886 -0.10673747161030768 -0.017842713122818675 -0.029308896375541255 -0.0046400580859731208 0.0027332648449792333 0.0010989336675186069 -0.041778978951093629 -0.03288955097707609 -0.12941436754428073 0.0011294801242064322 -0.020323518239987012 -0.006626829050423038 0.016453598174480361
leaf_weight=3234 410 532 5819 126 14819 7270 21573 517 11912 117 18577 431 11808 162 220 507 104 331 2944 165 148 14591 922 343 10040 5336 262 106 420 299 10670 509 521 1363 1088 18010 12871 149 226 707 1587 8158 2286 9324 2092 1841 10720 403 146 3850 11415 14825 5580 6542 3390 16482 6463 2171 248 269 4518 4314 753 642 9919 352 9102 4177 145 6146 1865 7524 4191 171 4915 3731 6610 1304 223 116 2181 238 112 100 167 53587 141 108 618 2855 3810 1821 7284 727 2886 3514 241 1065 2179 480 108 272 5128 1033 264 2079 1439 8269 8529 110 859 391 481 109 196 1652 9263 23820 291 204 728 166 7082 1625 1571 606
leaf_count=3234 410 532 5819 126 14819 7270 21573 517 11912 117 18577 431 11808 162 220 507 104 331 2944 165 148 14591 922 343 10040 5336 262 106 420 299 10670 509 521 1363 1088 18010 12871 149 226 707 1587 8158 2286 9324 2092 1841 10720 403 146 3850 11415 14825 5580 6542 3390 16482 6463 2171 248 269 4518 4314 753 642 9919 352 9102 4177 145 6146 1865 7524 4191 171 4915 3731 6610 1304 223 116 2181 238 112 100 167 53587 141 108 618 2855 3810 1821 7284 727 2886 3514 241 1065 2179 480 108 272 5128 1033 264 2079 1439 8269 8529 110 859 391 481 109 196 1652 9263 23820 291 204 728 166 7082 1625 1571 606
internal_value=-0.00359304 -0.00332216 -0.0055963 -0.079651 -0.0075923 0.00167454 -0.00833439 -0.0408367 0.000713828 -0.0131406 0.000804462 -0.00472012 0.00241026 -0.137734 -0.00661052 -0.0175262 0.000730823 -0.00511687 -0.00842085 -0.0405186 0.00425958 0.000829632 -0.0296983 -0.0355301 -0.00891022 -0.000288831 0.00652866 -0.0421308 -0.0093451 -0.0149502 -0.00140822 -0.00871118 -0.0163188 -0.0266482 0.00645264 0.00408465 -0.00224028 -0.0317432 -0.0539766 -0.0388882 -0.0039757 -0.0111755 -0.0140883 0.000410836 0.0197851 0.000518377 -0.00381223 0.00471836 -0.162601 -0.0102964 -0.0139955 -0.00891112 -0.0103555 -0.0153486 -0.0229192 -0.00785454 -0.00233004 -0.00321363 -0.000769156 -0.0547566 -0.0103748 -0.0166376 -0.0329617 -0.0175424 0.00181642 -0.030609 -0.0153231 -0.0158497 -0.0192172 -0.0110698 -0.0174122 -0.00759888 -0.00573848 0.00639417 -0.00753654 -0.00214114 -0.0108064 -0.0172549 -0.0267813 -0.0418059 -0.0321112 -0.052503 -0.0818528 -0.0963729 -0.0107193 -0.000315026 0.00473575 -0.0507438 -0.0194624 -0.0277735 0.00116132 -0.00522719 -0.00321322 -0.0089456 -0.00997038 -0.0132899 -0.00298948 -0.0183036 -0.00605162 -0.0782877 -0.00678317 -0.0345555 -0.00573774 0.0129151 -0.0210869 0.0148463 -0.00487255 -0.00404419 -0.00666663 -0.120963 -0.0232812 -0.0358759 -0.000565339 -0.063126 -0.0428195 -0.020609 2.38815e-05 0.00168619 -0.0280878 -0.0306776 -0.0492751 -0.0813393 -0.00210461 -0.0105442 0.00290164 -0.00376345
internal_weight=519058 517217 355439 1841 270032 161778 255213 1123 85407 67342 154373 34764 119609 718 187871 34891 101032 32296 32451 797 53111 100928 6074 4732 100327 86337 12176 368 1342 28817 74161 9655 10806 3536 39717 27805 13394 523 375 1006 87544 8378 27811 15749 7405 23958 11795 12163 556 78754 21455 57299 46986 15679 9137 31307 10313 79166 35771 517 16547 6040 1726 1395 10322 4389 25525 25018 14695 10323 14440 31654 24130 3115 21015 7922 13093 8178 1075 644 4272 702 350 265 3557 64506 10919 249 12575 3473 4319 43395 28141 15254 14527 9829 4698 1306 5693 606 10507 380 10127 2620 6874 5313 25521 24082 15813 255 4136 1250 5609 421 312 3015 35254 25991 3570 3279 1098 370 9795 2713 3392 9930
internal_count=519058 517217 355439 1841 270032 161778 255213 1123 85407 67342 154373 34764 119609 718 187871 34891 101032 32296 32451 797 53111 100928 6074 4732 100327 86337 12176 368 1342 28817 74161 9655 10806 3536 39717 27805 13394 523 375 1006 87544 8378 27811 15749 7405 23958 11795 12163 556 78754 21455 57299 46986 15679 9137 31307 10313 79166 35771 517 16547 6040 1726 1395 10322 4389 25525 25018 14695 10323 14440 31654 24130 3115 21015 7922 13093 8178 1075 644 4272 702 350 265 3557 64506 10919 249 12575 3473 4319 43395 28141 15254 14527 9829 4698 1306 5693 606 10507 380 10127 2620 6874 5313 25521 24082 15813 255 4136 1250 5609 421 312 3015 35254 25991 3570 3279 1098 370 9795 2713 3392 9930
cat_boundaries=0 2 4 6 8 10 11 12 13 14 15 16 18 20 22 24 25 26 27 29 31 33 35 37 39 40 42 43 45 47 48 50 52 53 55 57 59 61 62 64 65 67 69
cat_threshold=2571385430 170 269484034 8192 16 2 705569 2112 9158665 68 10 4194818 4194374 656384 10 1 16781824 128 1073742880 26624 128 16384 0 512 8519680 10240 6208 1142947976 1792 76546048 8708 1680867328 25616 42991616 1556 36700168 28948 8519680 64 1 16416 64 32800 655360 64 1024 2112 2 8704 8 32768 64 2147745792 1048576 4 35651584 28672 0 20 16384 4 2 0 20 8192 67108992 1792 2097152 16384
is_linear=0
shrinkage=0.03


Tree=21
num_leaves=127
num_cat=37
split_feature=1 5 5 5 33 47 1 5 13 5 5 5 5 30 5 31 36 5 23 25 5 8 4 27 1 5 47 1 1 25 27 5 33 23 25 5 30 12 5 1 5 31 27 27 5 1 27 45 1 23 1 4 1 30 13 1 13 1 1 30 1 1 4 4 1 27 27 5 25 5 12 1 21 25 5 1 25 27 5 1 21 1 25 5 1 5 27 21 5 5 25 25 1 5 1 5 27 25 25 25 27 3 27 27 12 29 5 27 5 23 27 1 25 3 5 25 13 1 1 5 1 27 1 1 25 25
split_gain=10629.3 6371.65 4278.59 4093.69 3085.84 2155.61 2026.55 3662.48 2287.1 1983.15 1833.96 1721.27 1303.45 1223.52 1138.36 976.369 869.726 813.51 812.128 941.883 800.235 770.308 952.297 1602.97 717.104 2451.33 685.282 861.679 2720.98 756.294 657.053 995.9 655.376 654.46 706.949 613.801 584.301 578.485 606.162 618.029 588.105 543.809 538.289 514.048 579.109 563.99 805.44 509.274 507.839 1279.56 1000.45 955.213 687.63 503.367 493.918 538.113 475.644 468.691 461.351 454.34 438.911 522.346 436.106 435.791 428.141 425.628 612.418 701.024 808.494 523.775 493.175 464.749 416.71 414.226 414.153 461.845 402.653 402.207 589.653 748.705 735.742 435.569 387.562 384.809 384.608 1584.73 409.107 818.465 382.958 371.963 371.558 394.027 988.748 365.284 358.909 352.068 429.56 479.651 442.923 349.381 340.41 333.295 1090.26 332.172 331.642 330.012 314.583 312.852 689.741 312.645 361.748 829.594 966.626 476.963 422.675 385.166 403.226 371.166 341.332 310.874 646.795 1694.63 591.686 877.688 687.146 603.392
threshold=9.461545944213869 0 1 2 6.5500001907348642 42.465000152587898 5.1923544406890878 3 17.500000000000004 4 5 6 7 0.10479542613029481 8 0.030217773281037811 6.6500000953674325 9 0.076926078647375121 50.500000000000007 10 6.5000000000000009 11 0.086274277418851866 7.1552743911743173 12 19.48499965667725 6.8561301231384286 6.744683265686036 88.500000000000014 0.055219287052750594 13 2.2500000000000004 0.12228051945567132 65.500000000000014 14 0.19606986641883853 -0.25206183642148966 15 6.3076004981994638 16 0.07270135730504991 0.15550526976585391 0.16058247536420825 17 6.8561301231384286 0.095947422087192549 19.954999923706058 6.744683265686036 0.081555202603340163 6.8561301231384286 18 7.3527534008026132 0.16091169416904452 24.500000000000004 5.759707212448121 25.500000000000004 5.4143788814544687 4.5047848224639901 0.19606986641883853 7.4465231895446786 7.7717878818511972 19 20 7.3527534008026132 0.058846931904554374 0.12835267186164859 21 29.500000000000004 22 0.071972697973251357 5.759707212448121 0.11221585795283319 19.500000000000004 23 6.9998323917388925 69.500000000000014 0.051913643255829818 24 5.759707212448121 0.11373248696327211 5.759707212448121 97.500000000000014 25 7.1113042831420907 26 0.14242830872535708 0.062923286110162749 27 28 7.5000000000000009 10.500000000000002 5.0493419170379648 29 7.3527534008026132 30 0.092709075659513487 69.500000000000014 113.00000000000001 68.500000000000014 0.089248880743980422 31 0.055219287052750594 0.086274277418851866 -0.60555642843246449 0.056686626747250564 32 0.076740767806768431 33 0.12481230497360231 0.053855204954743392 5.759707212448121 17.500000000000004 34 35 61.500000000000007 45.500000000000007 5.4143788814544687 4.1348783969879159 36 6.8561301231384286 0.089248880743980422 5.759707212448121 5.4143788814544687 60.500000000000007 17.500000000000004
decision_type=2 9 9 9 2 2 2 9 2 9 9 9 9 10 9 10 2 9 8 2 9 2 9 2 2 9 2 2 2 2 2 9 2 10 2 9 10 2 9 2 9 10 2 2 9 2 2 2 2 8 2 9 2 10 2 2 2 2 2 10 2 2 9 9 2 2 2 9 2 9 2 2 10 2 9 2 2 2 9 2 10 2 2 9 2 9 2 10 9 9 2 2 2 9 2 9 2 2 2 2 2 1 2 2 2 8 9 2 9 10 2 2 2 1 9 2 2 2 2 9 2 2 2 2 2 2
left_child=1 5 -2 15 6 14 7 8 -5 13 18 59 -7 21 26 57 32 -13 -4 47 82 22 23 -8 74 41 27 28 29 62 31 -19 37 34 36 -23 119 38 -11 73 84 -26 -21 44 -41 46 -46 -20 51 52 -51 -36 -50 -35 -22 106 -34 101 -33 -9 103 -62 -1 -32 107 69 89 68 -68 70 76 -72 -29 -40 75 -18 99 78 81 -80 -81 -64 -6 -28 -39 86 87 -86 -58 -67 -65 92 -92 -12 -87 -52 98 -98 -97 -24 -74 102 -3 -57 -99 -31 -56 108 -14 110 111 113 -113 117 115 -112 -117 -79 -116 120 121 122 123 -16 -125 -124
right_child=2 3 10 4 20 12 9 11 -10 16 93 17 64 -15 33 -17 24 30 19 42 54 35 65 -25 25 -27 83 72 -30 105 63 58 56 53 48 -37 -38 40 39 43 -42 -43 -44 -45 45 -47 -48 -49 49 50 95 -53 -54 -55 55 60 88 -59 -60 -61 61 -63 77 90 -66 66 67 -69 -70 -71 71 -73 100 -75 -76 -77 -78 109 79 80 -82 -83 -84 -85 85 94 -88 -89 -90 -91 91 -93 -94 -95 -96 96 97 104 -100 -101 -102 -103 -104 -105 -106 -107 -108 -109 -110 -111 114 112 -114 -115 118 116 -118 -119 -120 -121 -122 -123 125 124 -126 -127
leaf_value=0.02119871095969127 -0.16400059295423103 -0.03922619103580887 0.0039279066639788009 -0.021088660564151616 0.010076568647540432 0.0035116230076325137 0.0053732918116883455 0.00028434067909406121 -0.10912350307300064 -0.0054397329392260798 -0.03669248375014679 -0.0072360793316918358 0.016430939871420198 0.010898683450881498 -0.025043631918106692 0.027656626818137603 -0.0013132562619302302 -0.013110327877501092 -0.076379282510280602 -0.087916678905487058 -0.012918227230545207 0.009172357143481677 -0.036173184699368525 -0.059943662657015041 -0.13768220509925896 0.0087237787876092553 -0.014642511352357572 -0.0020223912732114852 -0.12300698806817333 -0.025484811475102124 0.013236464972926668 -0.073267612442788843 -0.0072438300631639798 -0.013634332742540726 0.01756258980162639 0.00028442879861456362 0.0064154779089199959 -0.0061777962903048853 -0.030268590017140287 -0.014077686625867093 -0.0025783306533564386 -0.060422091383329574 -0.15909146007810318 -0.0076905449884472725 -0.13569099062867462 -0.031518899184223577 -0.04305654578178815 -0.0048645901957223578 -0.077099935549204468 -0.084616476937428409 0.0069543981223854781 -0.0038060710274113144 0.0027500898682309271 -0.040255878952877348 -0.013836515266257001 0.010295365151428836 0.005848965959336371 0.013905980880844692 -0.03585739113170993 0.028598317218586633 -0.077125283530143293 -0.00058412562934554194 -0.016441047388451254 0.041799382465226305 0.015955057106393212 -0.014007917676738993 -0.021803652841369717 0.011241498702829372 -0.11625296437158816 -0.00067487805582332444 0.0085336872117916466 -0.02815746794721936 -0.029540271560628686 0.0015520367361553096 0.002097190678078334 -0.013887393429299767 -0.070441898668437031 -0.075276038023428263 -0.0002026083636227336 -0.07048166404232957 -0.015503740783152451 0.0099118962459303645 -0.016581313227887487 -0.0010333458474374398 -0.15024134630637784 -0.012504263851226369 -0.033620240910486737 -0.043219320903630773 -0.0020432486701776531 0.007867861891725246 -0.0068195480515118754 -0.013371247670629204 -0.09505449866519329 0.016160736547603003 0.0087723298777406498 -0.0099277717015617949 -0.049466671693366243 -0.022947593126364987 -0.032244999630902535 0.010117200261447577 -0.0029797296617883064 0.001602359283422329 0.028610968596411147 0.0027342274766824887 -0.0032088554781310131 -0.0030814570163403832 0.00045358271498538785 -0.010123647699909888 -0.0068508544629094061 -0.050707565729257033 -0.0050666753835585656 -0.097500265288517018 -0.0045393894301424473 -0.025810107908374975 -0.0070648972255524583 -0.0075312156563891574 -0.036374464275204986 -0.041912811735629385 -0.027467274835629142 -0.0097506686811751619 0.012764541062261645 -0.086155108904676231 -0.091579026713842104 0.0085347300759593403 -0.028145668955190325 -0.022781874469845909
leaf_weight=220 385 256 101 543 20505 19063 635 12935 520 7311 174 17407 1375 13118 1843 3010 15150 2204 299 224 1910 9995 627 722 136 672 3127 4632 224 708 551 368 8750 2022 2083 23239 1761 27122 457 1530 38050 212 174 1413 119 1970 291 128 365 148 1579 19494 132 935 2345 7958 8903 9299 1548 530 126 218 1082 104 711 796 244 269 122 2822 715 548 1092 1877 34084 3180 228 415 556 466 414 1178 502 4646 123 7487 164 136 14582 5305 292 7727 187 313 788 2622 216 818 1152 191 721 7312 1253 15249 11867 3581 3376 15635 6592 367 2575 108 1319 1215 853 800 960 1107 5513 29841 648 318 118 2356 570 3309
leaf_count=220 385 256 101 543 20505 19063 635 12935 520 7311 174 17407 1375 13118 1843 3010 15150 2204 299 224 1910 9995 627 722 136 672 3127 4632 224 708 551 368 8750 2022 2083 23239 1761 27122 457 1530 38050 212 174 1413 119 1970 291 128 365 148 1579 19494 132 935 2345 7958 8903 9299 1548 530 126 218 1082 104 711 796 244 269 122 2822 715 548 1092 1877 34084 3180 228 415 556 466 414 1178 502 4646 123 7487 164 136 14582 5305 292 7727 187 313 788 2622 216 818 1152 191 721 7312 1253 15249 11867 3581 3376 15635 6592 367 2575 108 1319 1215 853 800 960 1107 5513 29841 648 318 118 2356 570 3309
internal_value=-0.00350206 -0.00324913 -0.0762975 -0.000968367 -0.00178533 -0.00810525 -0.00303783 -0.00887468 -0.0636179 -0.00191782 -0.050783 -0.00753005 -0.00236106 0.00280785 -0.0101469 0.0118308 -0.00353111 -0.011486 -0.0755207 -0.0861544 0.00491005 0.000523726 -0.00559998 -0.0293975 -0.000343282 -0.0252439 -0.0144681 -0.0165223 -0.0191711 -0.0181735 -0.017174 -0.0270852 -0.00493829 -0.00820002 -0.00769618 0.00296048 -0.0104848 -0.00626784 -0.0116458 -0.0175399 -0.00517799 -0.088391 -0.119354 -0.0232057 -0.0288092 -0.0380507 -0.0702079 -0.0550031 -0.00488752 -0.00847795 -0.00719342 -0.00174247 -0.0559293 -0.0220628 0.00185829 0.0028235 -0.00127405 0.00920704 -0.0428536 0.00139982 0.00482825 -0.0287618 -0.020724 -0.0125825 -0.00696416 -0.00287647 0.0020822 -0.025933 -0.0520982 -0.00938537 -0.019937 -0.00739583 -0.00679625 -0.00468877 0.000141768 -0.00349343 -0.0352488 -0.0212124 -0.0123293 -0.0272715 -0.044664 -0.00269464 0.00943428 -0.00652952 -0.0079364 -0.0134279 -0.069351 -0.0944268 0.000950377 0.00500183 -0.0142958 -0.0150117 -0.0413924 -0.00311653 -0.0104647 -0.00656108 -0.00784071 -0.00524035 -0.0167468 -0.0253654 -0.0189851 0.00425245 0.0170841 0.00532738 -0.00448343 -0.00678473 -0.00542862 -0.00765819 -0.00281914 -0.0233669 -0.0226885 -0.0301942 -0.0116383 -0.039861 -0.0197653 -0.0124344 -0.0232756 -0.0510533 -0.0246962 -0.011248 -0.0160951 -0.0183118 -0.0156693 -0.00883339 0.00138202 -0.0251768
internal_weight=519568 517770 1798 352318 331188 165452 278999 44916 1063 234083 1413 43853 43376 59576 122076 21130 174507 30388 926 825 52189 46458 13224 1357 53434 1020 37879 30106 23661 23437 12981 4120 121073 84197 81240 33234 40764 88838 14968 7657 73870 348 398 5323 3910 2380 410 427 40476 18899 18402 21577 497 2957 31182 29272 32235 18120 1916 13465 23551 344 19148 8861 24313 11867 6736 635 366 5131 2309 1263 6445 2334 52414 18330 1046 18928 3696 1436 880 2260 21007 7773 35820 8698 423 259 23485 6101 8310 8206 479 487 8275 18254 16675 12901 3774 818 1813 8821 1509 23207 12685 4289 5721 23602 7967 15232 14865 4164 1427 2737 10701 4335 1760 1522 6366 39003 9162 8514 8196 4769 2926 3427
internal_count=519568 517770 1798 352318 331188 165452 278999 44916 1063 234083 1413 43853 43376 59576 122076 21130 174507 30388 926 825 52189 46458 13224 1357 53434 1020 37879 30106 23661 23437 12981 4120 121073 84197 81240 33234 40764 88838 14968 7657 73870 348 398 5323 3910 2380 410 427 40476 18899 18402 21577 497 2957 31182 29272 32235 18120 1916 13465 23551 344 19148 8861 24313 11867 6736 635 366 5131 2309 1263 6445 2334 52414 18330 1046 18928 3696 1436 880 2260 21007 7773 35820 8698 423 259 23485 6101 8310 8206 479 487 8275 18254 16675 12901 3774 818 1813 8821 1509 23207 12685 4289 5721 23602 7967 15232 14865 4164 1427 2737 10701 4335 1760 1522 6366 39003 9162 8514 8196 4769 2926 3427
cat_boundaries=0 2 4 6 8 10 12 14 16 18 20 22 23 24 26 27 29 31 33 34 35 36 37 38 40 42 44 46 48 50 52 54 55 57 59 60 62 64
cat_threshold=1076413481 2389 268435458 8192 84 2 131072 4096 407249538 1032 35127296 4 75503616 168 1075840033 2320 17441 2112 285220992 17408 50604034 29736 2 536872960 4194816 512 270466 2717911040 20512 571480064 28672 16842752 128 4 4 2 134225920 514 2182090752 20992 1024 2048 16384 64 2048 16384 2197815296 4608 268435456 1024 536870912 2048 2621440 1 2 4325888 128 32768 4 2 1 2048 524288 1
is_linear=0
shrinkage=0.03


Tree=22
num_leaves=127
num_cat=42
split_feature=0 5 5 5 48 48 21 11 5 0 5 5 5 5 28 5 0 26 0 5 5 5 26 0 5 27 5 12 0 11 27 21 0 27 5 5 5 0 22 0 0 0 38 0 0 5 0 40 27 5 5 0 27 0 5 0 5 0 27 5 11 0 21 0 5 0 3 0 11 27 0 27 0 5 3 27 12 0 0 11 44 0 0 21 0 30 5 0 0 5 11 5 5 0 27 27 4 0 5 3 0 26 5 27 5 27 5 0 5 0 27 27 5 30 5 21 5 27 24 5 0 21 27 46 27 27
split_gain=10780 5832.66 4015.06 3617.95 3058.26 2040.64 1990.82 1945.08 2797.46 2021.62 1791.25 1261.72 1143.27 1064.04 957.176 866.858 888.066 912.539 842.41 2043.35 1680.32 1181.23 794.902 825.261 1800.29 1865.21 757.81 1143.15 756.576 738.479 899.901 814.909 720.683 797.849 775.543 718.335 693.701 671.058 582.068 566.669 563.153 556.277 544.584 532.113 519.76 514.028 489.694 489.144 467.66 505.999 461.623 995.484 556.311 449.637 447.341 499.614 564.678 468.917 442.904 441.444 438.355 410.943 416.48 404.885 383.523 553.473 1450.03 1530.6 726.928 574.778 530.149 507.595 406.519 383.145 365.33 808.305 616.879 356.169 2982.99 528.212 351.604 347.553 345.474 574.85 333.696 600.606 331.296 369.687 378.296 2560.73 470.123 444.736 330.066 325.133 458 322.685 841.36 535.693 473.545 320.662 514.068 407.191 316.394 316.323 310.015 308.075 335.754 613.491 956.115 446.962 351.804 307.463 306.384 339.801 306.166 299.878 299.231 430.841 295.99 285.824 283.955 283.028 292.226 278.253 271.766 271.373
threshold=13030.000000000002 0 1 2 0.7500000298023225 4.0499999523162851 0.11281433328986169 0.24372619390487674 3 225.00000000000003 4 5 6 7 0.090328950434923186 8 1410.0000000000002 0.087743796408176436 550.00000000000011 9 10 11 0.1366594657301903 850.00000000000011 12 0.095947422087192549 13 -0.048362832516431802 225.00000000000003 0.12545942142605784 0.15550526976585391 0.12786471098661426 325.00000000000006 0.059944719076156623 14 15 16 1940.0000000000002 0.20459871739149096 155.00000000000003 225.00000000000003 325.00000000000006 17.650000572204593 61.500000000000007 615.00000000000011 17 1225.0000000000002 34.850000381469734 0.064750330522656455 18 19 325.00000000000006 0.058047603815793998 90.000000000000014 20 950.00000000000011 21 950.00000000000011 0.052256155759096153 22 -0.89015004038810719 61.500000000000007 0.064643450081348433 1560.0000000000002 23 325.00000000000006 24 950.00000000000011 -0.92599865794181813 0.086274277418851866 155.00000000000003 0.076740767806768431 1225.0000000000002 25 26 0.055219287052750594 0.49626980721950537 950.00000000000011 850.00000000000011 -0.4218058288097381 0.086500000208616271 715.00000000000011 1280.0000000000002 0.13336781412363055 225.00000000000003 0.15353266894817355 27 90.000000000000014 110.00000000000001 28 -0.19337636232376096 29 30 325.00000000000006 0.089248880743980422 0.16058247536420825 31 1715.0000000000002 32 33 325.00000000000006 0.018648334778845314 34 0.16058247536420825 35 0.086274277418851866 36 850.00000000000011 37 1410.0000000000002 0.11874964460730554 0.051913643255829818 38 0.047738326713442809 39 0.12880711257457736 40 0.1321084722876549 1.0001580715179446 41 325.00000000000006 0.11373248696327211 0.089248880743980422 8.0499997138977069 0.052256155759096153 0.08212983608245851
decision_type=2 9 9 9 2 2 8 2 9 2 9 9 9 9 10 9 2 10 2 9 9 9 10 2 9 2 9 2 2 2 2 10 2 2 9 9 9 2 10 2 2 2 2 2 2 9 2 2 2 9 9 2 2 2 9 2 9 2 2 9 2 2 8 2 9 2 1 2 2 2 2 2 2 9 1 2 2 2 2 2 2 2 2 10 2 10 9 2 2 9 2 9 9 2 2 2 9 2 9 1 2 10 9 2 9 2 9 2 9 2 2 2 9 8 9 10 9 2 2 9 2 10 2 2 2 2
left_child=1 5 11 14 35 12 15 13 82 10 115 29 63 37 40 84 59 -18 20 21 -11 46 23 24 -23 -26 27 -7 39 30 -2 -31 48 34 58 43 -4 44 50 -29 74 114 61 -5 86 -21 -20 -43 -15 -50 51 -30 -53 -51 57 56 60 -46 -34 -17 -56 73 -63 64 65 70 67 68 -67 -68 -1 124 -71 -28 75 76 -3 78 99 -80 -12 -62 -9 -84 -6 -86 -8 -88 89 90 -89 -91 -90 102 -95 97 -97 98 -25 100 -52 125 -14 -47 -55 -49 107 108 -107 110 -109 -61 -41 -114 -37 -10 117 -96 -98 -22 -103 -79 -123 -45 -66 -101
right_child=2 3 36 4 6 26 7 8 9 18 80 -13 93 32 -16 16 17 -19 19 45 119 22 -24 95 25 -27 42 28 38 31 -32 -33 33 -35 -36 41 -38 -39 -40 112 -42 47 -44 123 54 103 -48 105 49 53 77 52 -54 104 55 -57 -58 -59 -60 111 81 62 -64 -65 71 66 69 -69 -70 72 -72 -73 -74 -75 -76 -77 -78 121 79 -81 -82 -83 83 -85 85 -87 87 88 92 91 -92 -93 -94 94 116 96 118 -99 -100 101 -102 120 -104 -105 -106 106 -108 109 -110 -111 -112 -113 113 -115 -116 -117 -118 -119 -120 -121 -122 122 -124 -125 -126 -127
leaf_value=-0.027982030813478505 -0.074162084087033134 -0.057468201152720104 -0.045073714148321287 -0.031884929567378088 -0.0075718177673972271 -0.0013464271246163657 0.0051463837211874293 -0.0024173029430419385 -0.022915996756999339 -0.028410557775435313 -0.11256850041994233 -0.1560814207181698 0.0049375107313321537 -0.0067896598537889857 0.03612840069897881 0.0034327191187066906 -0.010928283440566547 -0.11404125219091363 -0.049002913244196408 0.013584324956992707 0.009628461800488472 -0.014521132052862937 0.00175910426220001 -0.00023846657510415367 -0.16553810329427793 -0.047762204067360967 0.011251170406459083 -0.014435969501443898 -0.011766766465901328 0.0088031506112643647 -0.1573733534521245 -0.10403687374556765 -0.017428867944177886 -0.0052035081487122698 0.012665206995121595 -0.011986374218533529 0.014585632702462714 -0.070538643958154776 -0.0013635818975759021 -0.0080774117464105441 0.014176534459663713 -0.0012153326544598209 -0.010721044014527016 0.0060502842093575334 0.017785483567097148 -0.0036303014135344079 -0.11026759801805019 0.010114963208631844 -0.01020927003279002 -0.076306294568260255 -0.021298188811374012 -0.11862205908806235 -0.036121427934444714 -0.016927689776485316 -0.089654316705769121 0.0033846400889810009 -0.0031558005228372399 0.0012728935092255276 0.0022668377658531737 0.024201202161897053 -0.010018578417801356 0.0035716794643513346 -0.0063089001206993178 0.014895432366786572 -0.038915479978221458 -0.048290256474406351 -0.0019651016141820853 0.022298384320552218 -0.12328218098497018 -0.032814632677421678 0.012528950088276198 -0.0078443025444461106 0.0055357280661701225 -0.027739979753863813 0.0010883140180364835 0.027300786516684744 0.012363229075143502 -0.0037804016081782205 -0.072124840332151843 -0.15821720482243432 -0.059185914491392731 -0.064005618762757094 -0.0076846839266951489 -0.066627030537590073 -0.0029153018883017437 0.0082721511008810675 0.012363329317559171 -0.13967982140664129 0.0027945364362243893 -0.017817252836836998 -0.055389274276129087 0.0015128484382506786 -0.0052426512490528834 0.0095297923401938909 -0.03481381261533386 0.00079227113155140453 -0.026131015576028694 -0.079435409104319996 -0.025734054179187248 -0.020144709604328105 -0.0061458027620816839 -0.016652049654479213 -0.0052505595978627403 -0.034582877913894861 -0.041262635552535093 -0.038799774134373716 0.0077465684556621848 -0.0012577425348697438 0.02177950104992531 -0.03480742479513832 0.012029857640550933 0.0088580019350866963 -0.014813521016988121 -0.037797543649719337 -0.00050000418774038353 0.014998332212097286 0.001086026611460673 0.016171059880102649 -0.072446215966899777 -0.0031834242600998833 0.02870944349354581 -0.030754209290896069 -0.003924121324851493 0.012878525110003503 0.011694110795121417 -0.039367078872668486
leaf_weight=403 320 203 372 301 7630 6020 4407 28535 1659 2202 122 399 4363 12131 1287 22722 266 108 562 1665 2559 699 1198 752 188 340 273 3364 502 132 187 101 1570 44895 4892 3684 319 120 3348 503 10575 15811 40052 17238 3359 2145 149 8619 4286 157 3038 161 137 1728 102 18794 4323 2870 2970 1458 462 4284 36953 701 100 217 1938 145 255 1382 1036 12394 303 1281 7449 1398 257 4317 128 134 1313 139 593 198 19179 5573 1230 154 6607 1855 100 2518 15088 8340 522 1540 354 153 5649 3559 5985 260 7351 344 674 800 7742 5000 324 283 2795 6063 708 3219 4818 211 3299 208 192 4008 236 831 652 7804 1761 813
leaf_count=403 320 203 372 301 7630 6020 4407 28535 1659 2202 122 399 4363 12131 1287 22722 266 108 562 1665 2559 699 1198 752 188 340 273 3364 502 132 187 101 1570 44895 4892 3684 319 120 3348 503 10575 15811 40052 17238 3359 2145 149 8619 4286 157 3038 161 137 1728 102 18794 4323 2870 2970 1458 462 4284 36953 701 100 217 1938 145 255 1382 1036 12394 303 1281 7449 1398 257 4317 128 134 1313 139 593 198 19179 5573 1230 154 6607 1855 100 2518 15088 8340 522 1540 354 153 5649 3559 5985 260 7351 344 674 800 7742 5000 324 283 2795 6063 708 3219 4818 211 3299 208 192 4008 236 831 652 7804 1761 813
internal_value=-0.00340158 -0.00314454 -0.0760658 -0.000961385 -0.00173054 -0.00778993 -0.00329448 -0.00480761 -0.00943935 -0.0162186 -0.0382568 -0.110284 -0.00231571 -0.00284687 0.0110591 0.00133532 0.00495338 -0.0409289 -0.0132748 -0.0173853 -0.00580634 -0.0237559 -0.0212967 -0.0241175 -0.0471365 -0.0882627 -0.0098177 -0.0133335 -0.0156001 -0.083666 -0.105103 -0.0403459 -0.00529456 -0.00353713 0.00439431 0.00358691 -0.017735 4.19633e-05 -0.0129715 -0.0237254 0.00944017 0.00149576 -0.00820587 0.00769853 0.000179695 0.000731239 -0.0611202 0.00293228 -0.0103283 -0.0165977 -0.014844 -0.0371396 -0.0809416 -0.0271434 0.00301221 0.00113731 -0.00726298 0.0101625 -0.00453658 0.00552376 -0.0319801 -0.00585341 -0.00528237 -0.00749556 -0.00828743 -0.0148777 -0.0203589 -0.0628349 -0.0889799 -0.0131099 0.00117207 -0.00564668 -0.0259192 -0.0209934 0.00405758 0.0159548 -0.0185115 -0.0139227 -0.0164956 -0.116591 -0.0633584 -0.0225903 -0.00295885 -0.0225044 -0.00208647 -0.000396175 -0.00248355 -0.00370464 -0.00445733 -0.0122441 -0.10281 -0.00671099 -0.00279612 0.00212488 0.00551777 -0.0208434 -0.0105595 -0.0241144 -0.0227799 -0.0145995 -0.0112493 -0.0208055 -0.00145608 -0.00788869 -0.0240126 0.00549757 0.00314835 -0.000728349 -0.0214849 0.00216118 0.00350763 0.0118195 -0.0307747 -0.0335731 -0.00549267 -0.0185332 -0.00278738 -0.0200106 -0.0425203 0.00181681 0.00494558 -0.00766656 -0.018969 0.00817864 0.00895519 -0.0237274
internal_weight=519454 517624 1830 352148 330979 165476 255760 192761 57330 28004 3305 1139 44718 135431 21169 62999 30617 374 24699 15930 8769 11776 11065 9867 1227 528 120758 37915 31895 740 507 233 73303 54327 9432 75219 691 62128 24101 7794 19882 49876 82843 25343 62008 4154 711 41374 18976 6845 20753 800 298 2559 30049 23820 5026 6229 4540 30243 703 42791 41237 20635 19934 5679 4240 617 472 3623 1439 14255 1685 1554 9307 1858 460 19953 14153 262 1435 601 29326 791 32382 24752 31959 27552 26322 4627 254 4373 21695 24083 12369 8640 2086 6554 6401 13891 9023 4868 11714 2489 2402 25563 16944 9202 1124 8078 7795 7521 4430 3927 8502 1870 4029 730 546 6567 496 5800 1483 25042 1861 4372
internal_count=519454 517624 1830 352148 330979 165476 255760 192761 57330 28004 3305 1139 44718 135431 21169 62999 30617 374 24699 15930 8769 11776 11065 9867 1227 528 120758 37915 31895 740 507 233 73303 54327 9432 75219 691 62128 24101 7794 19882 49876 82843 25343 62008 4154 711 41374 18976 6845 20753 800 298 2559 30049 23820 5026 6229 4540 30243 703 42791 41237 20635 19934 5679 4240 617 472 3623 1439 14255 1685 1554 9307 1858 460 19953 14153 262 1435 601 29326 791 32382 24752 31959 27552 26322 4627 254 4373 21695 24083 12369 8640 2086 6554 6401 13891 9023 4868 11714 2489 2402 25563 16944 9202 1124 8078 7795 7521 4430 3927 8502 1870 4029 730 546 6567 496 5800 1483 25042 1861 4372
cat_boundaries=0 2 4 6 8 10 12 14 16 18 20 22 23 24 26 28 30 32 33 35 36 38 39 41 42 43 45 46 48 50 51 53 54 56 57 59 61 62 63 64 66 67 69
cat_threshold=1076413481 2389 303038466 8196 84 2 2835615872 17448 71371264 640 34603008 4 573448 68 486877314 680 2231701634 30208 345120768 8704 68098 128 131072 336601088 17441 2112 512 28672 50593794 21512 537395200 2048 68098 37753344 1024 1 2050 128 83886080 8397312 168 540672 2 2621440 17 2 335814656 32 0 512 2176 2176 512 4 8192 8192 2 1073741857 2048 8388608 16384 2826961024 545259520 1025 4334080 128 1075840000 9568256 8192
is_linear=0
shrinkage=0.03


Tree=23
num_leaves=127
num_cat=14
split_feature=0 48 21 4 25 11 4 0 22 30 22 25 40 33 0 25 26 3 25 25 37 29 23 0 25 25 0 25 23 27 3 0 4 0 32 28 25 22 23 12 30 21 27 27 4 25 3 25 0 25 11 4 0 25 25 30 31 23 23 22 0 31 0 0 44 12 0 27 25 37 25 3 48 11 4 0 0 4 4 27 25 25 25 25 27 44 48 27 21 0 25 25 4 0 27 4 25 25 25 44 32 33 12 25 25 25 25 44 0 48 27 29 29 0 29 25 22 0 30 27 39 27 25 0 27 0
split_gain=10327.6 4752.79 3411.59 1857.44 1584.72 1532.37 1457.15 1314.3 1296.04 1141.46 1087.26 1027.37 839.558 794.454 706.216 744.352 637.2 625.991 561.06 490.439 482.846 450.498 434.347 423.522 670.575 498.84 469.832 474.743 696.295 561.675 461.926 431.234 418.498 366.069 449.545 371.952 457.864 428.259 356.285 350.299 332.463 490.126 331.372 329.442 328.328 328.039 325.202 337.696 654.876 720.944 732.726 504.477 321.986 309.223 301.178 291.193 359.777 408.276 353.626 311.898 524.326 330.061 289.242 356.596 276.468 257.647 257.487 257.474 370.152 331.931 246.774 245.768 245.03 237.508 232.946 232.125 232.141 551.823 348.235 331.206 519.23 274.874 583.722 683.161 1510.22 411.514 402.96 295.729 257.023 291.428 244.984 231.5 335.202 271.707 260.924 230.501 272.764 229.38 499.211 226.033 224.24 223.961 223.128 490.888 270.051 219.816 255.208 409.587 345.931 234.124 217.144 215.762 432.171 215.031 349.587 214.757 213.747 211.936 207.293 206.863 205.622 204.266 269.373 606.666 214.309 280.558
threshold=13030.000000000002 0.84999999403953563 0.084427561610937132 0 7.5000000000000009 0.3744682669639588 1 19050.000000000004 0.10266805812716485 0.092384941875934615 -0.11594646796584128 29.500000000000004 33.250000000000007 6.6500005722045907 325.00000000000006 23.500000000000004 0.14566303044557574 2 86.500000000000014 50.500000000000007 11.34999990463257 0.0429714322090149 0.05960375256836415 225.00000000000003 68.500000000000014 72.500000000000014 550.00000000000011 81.500000000000014 0.07194120436906816 0.16058247536420825 3 1280.0000000000002 4 225.00000000000003 0.17597246170043948 0.098017837852239623 130.50000000000003 -0.45983055233955378 0.11885417997837068 0.80798786878585827 0.10685699060559274 0.119902141392231 0.08212983608245851 0.059944719076156623 5 12.500000000000002 6 20.500000000000004 950.00000000000011 15.500000000000002 -0.67803022265434254 7 17950.000000000004 71.500000000000014 10.500000000000002 0.07180457562208177 0.028578094206750396 0.12056355178356172 0.11144557595252992 -0.081829313188791261 1225.0000000000002 0.036420231685042388 1715.0000000000002 2125.0000000000005 0.29050000011920935 0.92843842506408703 950.00000000000011 0.084925193339586272 77.500000000000014 13.34999990463257 37.500000000000007 8 1.0000000180025095e-35 0.24372619390487674 9 1255.0000000000002 1225.0000000000002 10 11 0.16058247536420825 75.500000000000014 42.500000000000007 18.500000000000004 32.500000000000007 0.16058247536420825 0.10150000080466272 66.549999237060561 0.10038758814334871 0.085019674152135863 715.00000000000011 68.500000000000014 15.500000000000002 12 155.00000000000003 0.053855204954743392 13 64.500000000000014 19.500000000000004 53.500000000000007 0.11150000244379045 0.18322819471359256 2.0500001907348637 -0.031174269504845139 69.500000000000014 68.500000000000014 85.500000000000014 79.500000000000014 0.2884999960660935 155.00000000000003 90.149997711181655 0.08212983608245851 0.097680523991584792 0.091010279953479781 225.00000000000003 0.069317996501922621 76.500000000000014 -2.9545826911926265 155.00000000000003 0.13388858735561374 0.059944719076156623 17.150000572204593 0.064750330522656455 10.500000000000002 155.00000000000003 0.07936600968241693 155.00000000000003
decision_type=2 2 8 9 2 2 9 2 8 10 10 2 2 2 2 2 10 1 2 2 2 10 10 2 2 2 2 2 8 2 1 2 9 2 10 10 2 10 10 2 8 10 2 2 9 2 1 2 2 2 2 9 2 2 2 10 10 10 10 10 2 10 2 2 2 2 2 2 2 2 2 1 2 2 9 2 2 9 9 2 2 2 2 2 2 2 2 2 10 2 2 2 9 2 2 9 2 2 2 2 8 2 2 2 2 2 2 2 2 2 2 8 10 2 10 2 10 2 10 2 2 2 2 2 2 2
left_child=1 13 3 16 -2 12 52 -8 -9 21 23 -10 14 18 15 17 110 32 72 64 111 -5 70 24 91 44 30 28 -28 31 95 -29 54 35 38 36 -11 71 116 -34 41 -12 -24 53 -26 -32 66 48 49 101 51 -51 -6 -15 -4 58 -57 -58 59 60 -23 -62 -45 -64 -13 -21 100 68 -17 105 -18 -37 -1 -14 -39 76 78 79 90 80 -78 82 -79 84 -84 -85 -83 -88 115 -90 120 92 -7 -94 -95 96 -25 -47 -99 -75 -22 -48 103 104 -100 106 108 -108 109 -70 -3 112 -16 114 -43 -80 -35 -46 -91 -74 -30 -19 123 -123 -124 -126
right_child=4 2 5 9 6 10 7 8 11 33 40 19 73 43 20 67 22 121 -20 65 46 55 42 26 25 -27 27 29 75 -31 45 -33 39 34 -36 37 -38 74 -40 -41 -42 113 -44 62 117 97 47 -49 -50 50 -52 -53 -54 -55 -56 56 57 -59 -60 -61 61 -63 63 -65 -66 -67 -68 -69 69 -71 -72 -73 119 99 -76 -77 77 81 88 -81 -82 86 83 85 -86 -87 87 -89 89 118 -92 -93 93 94 -96 -97 -98 98 102 -101 -102 -103 -104 -105 -106 -107 107 -109 -110 -111 -112 -113 -114 -115 -116 -117 -118 -119 -120 -121 -122 122 124 -125 125 -127
leaf_value=0.0038224433215590398 0.014978651429474766 0.030877748572411986 -0.031701895617122298 -0.013421887422197912 0.0033534319037633225 -0.053320436682277587 -0.16167582241956854 -0.0018330655485391616 -0.18101984431003701 0.0039809066042251319 -0.0046069526286884937 -0.014611171403446713 0.0015542833041298023 0.0061232595017437809 0.01069497555741691 -0.0068659113258255919 -0.059602900568176714 -0.0040487795414489392 -0.0091470360614709853 -0.11191489486413844 -0.042125090457893047 -0.0040836009575904979 0.018581737878542861 -0.010083712444606962 -0.018932103979627826 -0.01723619432799027 -0.081819775377953194 -0.029917610270546593 -0.0027447626155393343 0.0024275247907573957 0.011348022142553638 -0.091746237120694574 0.0036154577767500947 -0.029973787356116999 -0.00014727220844271314 -0.066827741755944914 -0.015510567981691339 0.039803846242927737 0.018878656549072247 0.026799886774699383 -0.0035732407638807699 -0.015456554142135977 -0.0012543811253832784 0.003543522061195784 -0.086128698606044052 -0.035969848626440627 0.0036321839256539673 -0.0056768462529697269 -0.0022637312177032111 0.0010469029928956712 -0.015014089288728945 -0.070343221812959641 -0.053949549409830683 0.015888382928988639 0.0017833888135424555 0.011721694703194467 -0.0088088341416306254 -0.042554009989753623 0.0086964647441413554 0.0065960216076395711 0.0051568813309433676 -0.057321187585863194 -0.059302020828711659 -0.0015706806294187579 -0.077212886339739745 -0.057437025254643011 -0.0060159296180538595 -0.016875146922168252 -0.018875263395351827 -0.017545228080050913 -0.0070828534616278358 -0.021517415168362874 0.0041016643002563637 -0.010499539177415503 -0.0046484789409798246 0.0035254662694555838 -0.011667711612558956 -0.0068802648807866906 -0.012296906359865847 -0.0054563304979368303 -0.046707023535900144 -0.008687760690122448 -0.021099158098721611 -0.073980814798224354 -0.17780828282639788 -0.013031567787117462 -0.073034257106589423 -0.02557575634889514 0.00013428227990411771 -0.028812173453813886 0.0225415148607239 -0.012145821365772582 0.0028989796076002517 -0.069878600923026474 -0.014760394670704812 0.0022308985580003346 0.0022750908175238811 0.00022087696424293512 -0.032883821478083754 0.0016191354204222609 0.0021693524417847132 -0.033340917150083457 -0.0097966373555488234 -0.08181724258168728 0.013728917541343774 -0.0054885131414530363 -0.038695160264098576 -0.012643752115076347 -0.0022347476738341413 -0.070119664312523089 0.0090837754469858412 -0.0013897527782836528 -0.0402005761107916 -0.01371780471941824 -0.059786010963983269 0.0027384059464297624 0.0065045869042424306 -0.048847792245456288 -0.070302119138220751 -0.0017307958675121331 -0.03968004623349284 0.0075218926957675396 -0.022527279621046212 -0.063528076002080186 -0.023224846149266308 0.01546653255568126
leaf_weight=16191 161 2350 257 4726 150 316 241 149 115 7015 8607 110 22880 13507 255 37647 101 3112 5708 424 103 9209 2343 5910 184 602 127 1778 3041 495 347 107 1139 145 10059 122 1282 123 2277 1209 26941 445 1120 40070 247 604 670 70311 2054 104 590 619 213 3723 3836 719 5743 341 2831 2393 105 274 145 283 151 100 6626 3574 326 6447 384 891 6749 3234 734 874 1447 313 11707 3443 516 983 111 154 110 281 174 370 277 678 335 5674 342 122 210 3797 2207 1066 687 2422 9415 188 472 166 133 6687 770 1844 2190 106 500 47541 363 5299 250 922 15039 322 129 28927 141 174 648 284 266 457
leaf_count=16191 161 2350 257 4726 150 316 241 149 115 7015 8607 110 22880 13507 255 37647 101 3112 5708 424 103 9209 2343 5910 184 602 127 1778 3041 495 347 107 1139 145 10059 122 1282 123 2277 1209 26941 445 1120 40070 247 604 670 70311 2054 104 590 619 213 3723 3836 719 5743 341 2831 2393 105 274 145 283 151 100 6626 3574 326 6447 384 891 6749 3234 734 874 1447 313 11707 3443 516 983 111 154 110 281 174 370 277 678 335 5674 342 122 210 3797 2207 1066 687 2422 9415 188 472 166 133 6687 770 1844 2190 106 500 47541 363 5299 250 922 15039 322 129 28927 141 174 648 284 266 457
internal_value=-0.00334778 -0.00309744 -0.0046353 0.0013418 -0.0747847 -0.00591113 -0.0835313 -0.0984678 -0.0838061 -0.000241327 -0.00916682 -0.0973601 -0.00463445 0.00227277 -0.00529108 -0.00772544 0.0162506 -0.00069554 -0.000220746 -0.0848895 -0.00404661 -0.00503244 0.00844341 -0.0120611 -0.0184014 -0.0376354 -0.0109026 -0.0131827 -0.0120136 -0.0260092 -0.00667753 -0.033474 0.0054662 0.00310742 0.0049045 -0.00175692 0.000967701 -0.0138398 0.00781459 0.0155596 -0.00554922 -0.00919469 0.0121678 0.00475965 -0.0538995 -0.0163 -0.0053359 -0.00617201 -0.014409 -0.0258934 -0.0398601 -0.0600868 -0.0303265 0.00823407 -0.000326386 -0.00319759 -0.00833507 -0.0107069 -0.000837602 -0.00309095 -0.00550909 -0.0400439 0.00328127 -0.0212218 -0.0509855 -0.101648 -0.0014755 -0.00906814 -0.00856974 -0.012061 -0.0181202 -0.0270349 0.000761756 0.000193458 0.00177045 -0.0116695 -0.0121981 -0.0164563 -0.0102443 -0.011066 -0.0208973 -0.028122 -0.0406208 -0.0566846 -0.0995488 -0.0347292 -0.0201691 -0.0408617 -0.0124041 -0.0264197 -0.00182211 -0.0144854 -0.0278686 -0.0158743 -0.0351637 -0.00386978 -0.00672351 -0.0193697 -0.0153846 -0.00531074 0.00168564 -0.00449853 -0.0267866 -0.0349016 -0.0253159 -0.00909428 -0.0136974 -0.0203295 -0.00708019 -0.031582 0.0270588 -0.00161891 -0.0192166 -0.0157805 -0.0314654 -0.0111991 0.00615428 -0.065154 -0.0355232 -0.000627357 -0.00439338 -0.00872735 -0.0166813 -0.0365777 -0.0100128 0.00121911
internal_weight=519754 517940 402637 70826 1814 331811 1653 1290 1049 64028 93463 900 238348 115303 209812 70973 6798 11382 57575 785 138839 26341 3948 51921 8019 1355 43902 28513 26133 2380 15389 1885 6441 37687 27520 10167 8297 1870 17461 2348 41542 14601 3463 57728 753 3475 90680 74536 4225 2171 1313 723 363 17230 4093 21615 6803 6084 14812 11981 9588 379 40498 428 261 524 16144 59591 56017 18370 485 1013 51867 28536 857 26006 25132 7902 17230 5406 1963 2496 969 656 221 435 1527 544 13713 1084 3517 6664 990 674 332 11914 8117 3128 2524 5656 9518 858 1458 986 820 11923 5236 2614 2622 432 2850 48159 618 5994 695 12629 15184 569 807 35676 3182 4941 1829 458 1371 723
internal_count=519754 517940 402637 70826 1814 331811 1653 1290 1049 64028 93463 900 238348 115303 209812 70973 6798 11382 57575 785 138839 26341 3948 51921 8019 1355 43902 28513 26133 2380 15389 1885 6441 37687 27520 10167 8297 1870 17461 2348 41542 14601 3463 57728 753 3475 90680 74536 4225 2171 1313 723 363 17230 4093 21615 6803 6084 14812 11981 9588 379 40498 428 261 524 16144 59591 56017 18370 485 1013 51867 28536 857 26006 25132 7902 17230 5406 1963 2496 969 656 221 435 1527 544 13713 1084 3517 6664 990 674 332 11914 8117 3128 2524 5656 9518 858 1458 986 820 11923 5236 2614 2622 432 2850 48159 618 5994 695 12629 15184 569 807 35676 3182 4941 1829 458 1371 723
cat_boundaries=0 1 2 3 4 5 6 7 8 9 10 11 12 13 14
cat_threshold=2 1 2 2 1 1 1 2 2 4 4 1 2 1
is_linear=0
shrinkage=0.03


Tree=24
num_leaves=127
num_cat=36
split_feature=0 5 46 5 30 5 5 45 5 0 5 5 27 0 0 4 12 5 37 27 25 0 0 4 27 5 27 5 0 22 46 25 48 13 27 0 5 25 0 4 0 5 31 0 48 29 0 5 0 5 27 5 11 5 0 25 27 25 5 12 5 27 29 5 11 28 47 25 27 0 5 0 25 0 44 5 27 5 27 5 27 48 0 21 0 21 25 5 22 5 0 0 0 4 25 0 22 27 0 5 5 0 5 5 48 44 0 5 29 30 25 25 0 30 25 25 5 0 27 0 25 0 25 0 27 5
split_gain=9686.23 5379.44 3982.15 3477.38 2327.43 2264.35 1913.88 1679.58 1667.07 1262.74 2060.26 1671.03 1102.04 942.398 933.728 2151.59 1115.4 923.535 851.202 834.606 787.208 1943.8 1603.19 1431.88 1045.61 1155.77 1151.52 753.307 682.521 616.989 582.252 607.333 558.216 557.056 535.624 971.534 651.23 545.161 1152.33 1182.02 886.318 533.297 531.817 525.845 506.015 500.012 494.786 492.819 485.328 723.007 659.464 687.518 480.041 489.327 798.479 480.27 471.217 485.634 470.168 662.161 809.757 866.301 470.056 465.345 463.619 1032.49 450.32 450.033 1658.66 962.279 448.737 445.768 435.37 594.92 557.049 424.41 417.553 1052.87 413.534 411.074 792.081 599.657 567.248 1309.21 751.583 398.688 395.048 393.07 391.527 469.661 787.961 1401.32 543.428 576.802 427.78 410.571 385.69 375.188 356.718 349.552 346.396 328.472 626.073 387.487 317.818 315.269 314.46 1688.23 432.504 314.244 313.579 333.141 304.691 638.119 452.025 927.551 303.943 418.284 410.854 348.895 462.479 571.27 313.338 303.303 299.354 297.676
threshold=13030.000000000002 0 4.4285719394683847 1 0.19365485012531283 2 3 16.795000076293949 4 180.00000000000003 5 6 0.1575826704502106 6250.0000000000009 225.00000000000003 7 -0.031174269504845139 8 11.650000095367433 0.098654624074697508 19.500000000000004 325.00000000000006 950.00000000000011 9 0.08212983608245851 10 0.052256155759096153 11 90.000000000000014 0.15231326222419742 6.5428574085235605 117.50000000000001 64.549999237060561 20.500000000000004 0.076740767806768431 950.00000000000011 12 22.500000000000004 325.00000000000006 13 155.00000000000003 14 0.048095963895320899 155.00000000000003 13.900000095367433 0.064788181334733977 325.00000000000006 15 325.00000000000006 16 0.059944719076156623 17 0.24372619390487674 18 1615.0000000000002 86.500000000000014 0.07936600968241693 11.500000000000002 19 -0.20180761069059369 20 0.16058247536420825 0.040852611884474761 21 0.24372619390487674 0.1029375307261944 14.240000247955324 19.500000000000004 0.086274277418851866 850.00000000000011 22 1100.0000000000002 47.500000000000007 475.00000000000006 0.074500001966953291 23 0.058047603815793998 24 0.064750330522656455 25 0.16058247536420825 34.250000000000007 1410.0000000000002 0.079971887171268477 1280.0000000000002 0.099363710731267943 19.500000000000004 26 -0.049133053049445145 27 325.00000000000006 950.00000000000011 615.00000000000011 28 21.500000000000004 325.00000000000006 -0.10210152342915534 0.058846931904554374 1560.0000000000002 29 30 155.00000000000003 31 32 0.95000001788139354 0.1134999990463257 1280.0000000000002 33 0.13093881309032443 0.058018375188112266 20.500000000000004 115.50000000000001 155.00000000000003 0.049045160412788398 38.500000000000007 49.000000000000007 34 325.00000000000006 0.059944719076156623 55.000000000000007 85.500000000000014 225.00000000000003 107.50000000000001 615.00000000000011 0.1321084722876549 35
decision_type=2 9 2 9 10 9 9 2 9 2 9 9 2 2 2 9 2 9 2 2 2 2 2 9 2 9 2 9 2 8 2 2 2 2 2 2 9 2 2 9 2 9 10 2 2 10 2 9 2 9 2 9 2 9 2 2 2 2 9 2 9 2 8 9 2 8 2 2 2 2 9 2 2 2 2 9 2 9 2 9 2 2 2 8 2 8 2 9 10 9 2 2 2 9 2 2 10 2 2 9 9 2 9 9 2 2 2 9 8 8 2 2 2 10 2 2 9 2 2 2 2 2 2 2 2 9
left_child=1 5 4 12 6 56 14 29 34 10 64 -11 32 30 15 -3 -17 43 62 46 21 63 24 -24 26 -26 -23 -21 109 -5 31 76 -2 -14 37 36 -36 38 40 104 -4 -28 88 -18 -20 112 47 97 49 -46 51 -50 53 -37 124 -56 57 -1 59 60 -52 -62 -8 -16 -7 -66 -27 68 -38 72 -61 -60 -69 74 -74 -48 77 -13 -49 80 -78 -82 84 -84 85 -81 -51 -9 89 90 -22 94 93 -91 -92 -95 -79 99 -73 -10 -39 103 -103 -12 -40 -67 116 108 -108 -19 -44 -112 113 -30 -114 -116 117 119 -119 -64 121 -121 -122 -120 -55 -97
right_child=3 2 8 7 -6 9 18 87 19 11 101 13 33 -15 20 16 17 28 44 27 42 22 23 -25 25 66 41 -29 45 -31 -32 -33 -34 -35 35 52 67 100 39 -41 -42 -43 110 -45 48 -47 75 78 50 86 58 -53 -54 54 55 -57 -58 -59 71 70 61 -63 106 -65 65 105 -68 69 -70 -71 -72 98 73 -75 -76 -77 79 96 -80 82 81 -83 83 -85 -86 -87 -88 -89 -90 92 91 -93 -94 95 -96 125 -98 -99 -100 -101 -102 102 -104 -105 -106 -107 107 -109 -110 -111 111 -113 114 -115 115 -117 -118 118 123 120 122 -123 -124 -125 -126 -127
leaf_value=0.012284244008765568 -0.16797673781284425 -0.10930029516590052 -0.053650167004244888 -0.016073281984284236 0.0040539482135485963 -0.0095037742631769104 -0.02090499843220707 -0.032536320384544661 0.0033958790299287432 0.011164008417942307 -0.043975509386462379 -0.013203226680097142 -0.025264992612984871 -0.089337044381178343 0.011321207421751644 -0.00036107590860477029 -0.010131936959940462 0.043839256647560332 -0.0033960167316303153 -0.037790589814044567 0.0060524757466059401 -0.093861414999779999 -0.062857350835395939 0.0083861651177492211 -0.041895807821388839 -0.14424832630902529 0.017759487845794147 -0.0011383503937031517 -0.027745056776990903 -0.083991555739303086 0.006729447864037761 0.01324203347636348 -0.094575177864594878 -0.12060970505865494 -0.0086951708331131673 -0.006600599002103115 -0.12525751248734554 0.024728957045682756 -0.11186443746419242 -0.0058182806074182731 0.012254861116986399 -0.031603252335407242 0.021177940837542215 0.030197753375966328 -0.0065046180673258907 -0.06638928283452987 0.015903105242909343 0.010178564528346293 0.010023021529250062 -0.03358307013386734 0.0059496019321837613 -0.0053521731251109581 -0.01906959685593734 0.00078672559431952464 -0.099240012845167744 -0.011222833773897977 0.004554820215125239 0.029999103888329475 -0.0021947162651864641 -0.0046318443428529938 -0.028169003094965755 -0.0070812450795888528 0.017432687335318171 -0.012844525165605837 -0.0050838206483175691 -0.054499020655034883 -0.07749576665530912 0.01360906203342385 0.01240663935076183 0.051423183149761617 -0.012414702771018606 -0.012858530019761907 -0.12988555276287822 -0.028058909229729354 -0.042550184959922563 0.0064488085933011542 0.0080983322298648179 -0.00015512483147815841 -0.0091843239759533627 0.011549079543497081 -0.0025649912529072515 -0.10134309806423594 -0.11338969512063948 -0.010210415026074377 0.066552591019985716 -0.00063033989636771069 -0.015102870156790214 0.025335666707447059 0.0034828054821152616 -0.0063183514753957252 -0.068169913423749118 -0.0015260753914467808 -0.009581911313283141 -0.0016334899015400552 -0.02425936556953474 0.050729817759006389 0.018820442801148935 0.00037579602242365106 0.01367886955296138 -0.022651392815756587 0.0035168868217793229 0.020799751978885103 0.00186304594656861 -0.0015101409790836341 -0.051029728502035139 -0.028619058187813885 -0.046872130520641798 0.0073898907206165244 -0.11927420215014993 -0.0095255119539924462 -0.01759698067179526 -0.0064884091314878992 -0.012527766907348244 0.0067281081761179163 -0.099853184724030528 -0.032030489614544334 -0.004286009400153553 0.0105853028466255 -0.047189682152839835 -0.0056082882971198091 0.010557419573027775 -0.028026630635169785 -0.0061714513993006816 0.00034386605102926129 0.014081987008050332 0.013448349168727069
leaf_weight=2507 370 231 212 158 16904 8274 1338 147 676 16859 186 7269 123 103 1371 2824 1128 107 22570 513 1666 235 334 1048 493 227 247 13746 1691 512 13751 3026 131 100 2474 10843 177 784 180 351 1332 893 224 391 11931 299 5356 6042 3665 1135 1145 9080 1757 4294 103 121 1813 3139 15498 14436 5220 2641 570 1480 1940 542 159 171 141 134 12452 6966 107 1281 172 21361 8613 7700 1187 2542 117 104 121 1196 152 49576 12574 310 3089 5444 207 3466 11227 1944 5216 207 1101 5053 487 1479 5493 1874 9484 10720 140 1963 167 660 136 1235 8930 3340 991 676 189 4183 42548 4344 121 2914 1648 1576 2590 12430 2362 2052
leaf_count=2507 370 231 212 158 16904 8274 1338 147 676 16859 186 7269 123 103 1371 2824 1128 107 22570 513 1666 235 334 1048 493 227 247 13746 1691 512 13751 3026 131 100 2474 10843 177 784 180 351 1332 893 224 391 11931 299 5356 6042 3665 1135 1145 9080 1757 4294 103 121 1813 3139 15498 14436 5220 2641 570 1480 1940 542 159 171 141 134 12452 6966 107 1281 172 21361 8613 7700 1187 2542 117 104 121 1196 152 49576 12574 310 3089 5444 207 3466 11227 1944 5216 207 1101 5053 487 1479 5493 1874 9484 10720 140 1963 167 660 136 1235 8930 3340 991 676 189 4183 42548 4344 121 2914 1648 1576 2590 12430 2362 2052
internal_value=-0.00320332 -0.00295841 -0.00495349 -0.0716895 -0.00673033 0.00172705 -0.00743614 -0.0374792 0.000599768 0.00090934 -0.0040671 0.00246064 -0.122609 0.000920754 -0.0117806 -0.0186964 -0.0171624 -0.0215189 -0.00589982 0.0037672 -0.00997985 -0.0197761 -0.0343146 -0.00886488 -0.0499078 -0.0754584 -0.033531 -0.00248686 -0.0250224 -0.0680228 0.00101937 5.60745e-05 -0.149011 -0.068368 -0.00477904 -0.00706031 -0.0193686 0.00169952 -0.0110932 -0.043885 0.00317686 -0.0210231 -0.00862771 0.000260498 -0.007443 -0.0283589 0.00593502 0.00146002 -0.00838238 -0.0119241 -0.00711374 -0.00092672 -0.00411697 -0.00263362 0.00362278 -0.0519562 0.0178405 0.0221367 -0.00845373 -0.0105986 -0.017642 -0.0210593 -0.00329827 -0.00122906 -0.013693 -0.0215179 -0.114075 -0.0312724 -0.0643702 -0.025765 -0.0082428 -0.00509215 -0.0317665 -0.0367459 -0.0763886 0.00835302 -0.000452435 -0.00476473 0.00698869 0.000657804 0.00664956 -0.0492959 -0.000331242 -0.0197689 0.000158816 -3.60915e-05 -0.0166231 0.00653277 -0.0067077 -0.00770936 -0.012866 -0.0164265 -0.0050928 0.000126708 -0.0259477 0.00847429 0.00221806 -0.00408898 -0.0111229 -0.0145722 0.00621479 0.00143787 0.00500899 -0.00228005 -0.0854911 -0.0342381 -0.00296001 -0.0199756 -0.0771181 -0.00524117 -0.0139313 -0.0145739 -0.0268794 -0.0179011 -0.030838 -0.0349846 -0.00272135 -0.000177932 0.00263439 -0.005288 -0.00677365 -0.0134817 0.000334738 -0.000118112 0.00550619 0.0171695
internal_weight=519755 517904 363232 1851 275190 154672 258286 1127 88042 147213 34983 112230 724 95371 67444 13945 13714 10890 190842 55413 53499 6487 3636 1382 2254 879 1375 14259 9371 670 95268 81517 501 223 32629 24137 4657 8492 2215 671 1544 1140 47012 1519 119800 8029 41154 14437 97230 25640 71590 12745 19480 17723 6880 224 7459 5646 58845 35894 9006 7861 71042 2851 12719 4445 386 2183 318 1865 26888 22951 1731 1560 279 26717 78491 16070 7229 62421 8834 221 53587 1317 52270 52118 13709 457 34518 31429 10555 8889 20874 9647 5423 4203 8801 7208 7453 2155 6277 22264 11358 10906 320 2505 69704 963 303 1342 12494 12270 7730 2367 5363 4372 68741 26193 16895 9298 8728 4490 4238 12551 6656 2259
internal_count=519755 517904 363232 1851 275190 154672 258286 1127 88042 147213 34983 112230 724 95371 67444 13945 13714 10890 190842 55413 53499 6487 3636 1382 2254 879 1375 14259 9371 670 95268 81517 501 223 32629 24137 4657 8492 2215 671 1544 1140 47012 1519 119800 8029 41154 14437 97230 25640 71590 12745 19480 17723 6880 224 7459 5646 58845 35894 9006 7861 71042 2851 12719 4445 386 2183 318 1865 26888 22951 1731 1560 279 26717 78491 16070 7229 62421 8834 221 53587 1317 52270 52118 13709 457 34518 31429 10555 8889 20874 9647 5423 4203 8801 7208 7453 2155 6277 22264 11358 10906 320 2505 69704 963 303 1342 12494 12270 7730 2367 5363 4372 68741 26193 16895 9298 8728 4490 4238 12551 6656 2259
cat_boundaries=0 2 4 6 8 10 11 12 13 14 15 16 18 20 21 22 24 26 28 30 32 34 35 37 39 41 42 44 45 46 48 50 51 52 53 55 56
cat_threshold=491010646 170 269484034 8192 16 2 705569 2112 11190281 68 4203010 4194310 2 32769 2 655361 1073741952 16384 163849 4 1 132096 33619968 4881 1075839112 1792 2190540800 1028 49152 4 1118830592 25108 2097152 16400 655360 41943040 516 1073742880 20481 16781824 128 8704 524288 2048 540672 1 0 768 131072 4 6208 2048 536870912 545325184 1025 32
is_linear=0
shrinkage=0.03


Tree=25
num_leaves=127
num_cat=42
split_feature=0 5 5 46 5 5 37 5 2 33 5 0 0 5 0 23 28 2 25 2 5 5 0 25 5 5 5 2 5 0 11 29 5 5 47 0 0 5 25 27 25 25 27 0 5 27 0 5 27 0 26 23 5 27 27 4 25 29 25 0 25 0 11 25 27 27 25 0 5 12 0 25 26 12 11 0 5 25 0 25 5 5 5 5 0 27 25 0 5 46 5 20 11 11 5 0 0 0 5 25 5 25 8 25 5 0 27 27 5 2 5 5 25 0 0 0 4 27 27 25 5 27 22 25 0 25
split_gain=8324.4 5146.29 3359.98 3188.32 2255.98 1984.89 1963.46 1923.2 1578.75 1135.09 1068.84 822.513 813.378 799.219 940.438 796.517 734.636 719.048 705.989 704.025 2196.64 1118.95 878.561 777.924 767.834 664.362 664.119 638.639 707.319 622.256 610.556 976.098 556.908 536.011 1182.58 803.418 2041.65 1201.3 1091.5 2862.35 934.569 818.058 602.684 526.158 610.834 612.361 521.855 545.211 1737.24 506.556 634.52 563.886 480.553 709.083 479.426 476.306 473.345 461.125 458.308 628.706 452.996 443.202 440.083 437.802 735.534 427.001 457.35 425.256 718.578 409.927 454.721 409.501 401.351 399.781 392.406 368.183 1370.03 367.507 1184.14 366.961 464.477 365.613 365.066 358.792 804.083 1143.64 558.194 657.696 380.909 564.696 357.712 357.57 350.727 348.792 337.799 502.123 1544.83 885.894 647.092 629.6 537.616 415.586 476.532 388.289 334.621 1439.55 494.867 433.048 332.565 331.673 1326.57 1238.5 829.126 768.917 936.245 518.843 696.284 369.708 331.433 503.158 330.891 1087.19 990.584 324.611 324.074 323.244
threshold=13030.000000000002 0 1 4.107142686843873 2 3 13.650000095367433 4 5 5.0500001907348642 6 61.500000000000007 1940.0000000000002 7 325.00000000000006 0.093464292585849776 0.084366433322429671 8 50.500000000000007 9 10 11 1560.0000000000002 47.500000000000007 12 13 14 15 16 325.00000000000006 0.45273815095424658 0.048529487103223808 17 18 22.264999389648441 950.00000000000011 850.00000000000011 19 49.000000000000007 0.089248880743980422 38.500000000000007 38.500000000000007 0.095947422087192549 325.00000000000006 20 0.086274277418851866 325.00000000000006 21 0.059944719076156623 155.00000000000003 0.050155503675341613 0.064846452325582518 22 0.058047603815793998 0.15550526976585391 23 77.500000000000014 0.071491584181785597 57.500000000000007 1225.0000000000002 27.500000000000004 1280.0000000000002 -0.4218058288097381 19.500000000000004 0.095947422087192549 0.07936600968241693 11.500000000000002 325.00000000000006 24 -0.13398942351341245 45.000000000000007 67.500000000000014 0.10922185331583024 0.48126256465911871 -0.28519254922866816 135.00000000000003 25 12.500000000000002 155.00000000000003 88.500000000000014 26 27 28 29 850.00000000000011 0.086274277418851866 99.000000000000014 1715.0000000000002 30 7.9142858982086191 31 60.500000000000007 -0.22701068967580793 0.24372619390487674 32 425.00000000000006 715.00000000000011 615.00000000000011 33 26.500000000000004 34 77.500000000000014 9.5000000000000018 120.50000000000001 35 475.00000000000006 0.076740767806768431 0.07936600968241693 36 37 38 39 113.00000000000001 1280.0000000000002 1560.0000000000002 850.00000000000011 40 0.1045757830142975 0.058047603815793998 21.500000000000004 41 0.059393314644694335 -0.11594646796584128 50.500000000000007 225.00000000000003 47.500000000000007
decision_type=2 9 9 2 9 9 2 9 9 2 9 2 2 9 2 8 8 9 2 9 9 9 2 2 9 9 9 9 9 2 2 10 9 9 2 2 2 9 2 2 2 2 2 2 9 2 2 9 2 2 10 10 9 2 2 9 2 10 2 2 2 2 2 2 2 2 2 2 9 2 2 2 10 2 2 2 9 2 2 2 9 9 9 9 2 2 2 2 9 2 9 2 2 2 9 2 2 2 9 2 9 2 2 2 9 2 2 2 9 9 9 9 2 2 2 2 9 2 2 2 9 2 8 2 2 2
left_child=1 7 10 4 8 17 25 65 33 11 15 69 16 14 73 -2 -13 26 -17 24 60 22 23 -22 63 57 -5 28 61 -26 -18 67 -4 72 35 36 38 -37 39 40 -35 -41 49 52 -45 -46 81 48 -48 -40 71 -52 -29 123 92 -36 120 108 -49 -60 -21 -7 -38 64 -8 66 -1 68 -32 93 -71 -51 -3 -10 -61 76 -27 78 -23 80 -58 -28 -59 -19 104 -86 87 88 89 -87 -11 -91 -20 -9 95 101 97 -97 -98 -99 -101 102 -31 125 106 -106 -85 -108 -6 111 -111 112 -77 -112 117 -114 -117 -115 119 -96 121 -15 -123 -54 -92 -102
right_child=2 3 32 5 6 27 19 9 13 90 -12 12 -14 56 -16 18 30 83 54 20 21 77 -24 -25 29 75 46 43 -30 94 31 -33 -34 34 55 37 62 -39 42 41 -42 -43 -44 44 45 -47 47 58 -50 50 51 -53 53 -55 -56 -57 79 82 59 74 -62 -63 -64 -65 -66 -67 -68 -69 -70 70 -72 -73 -74 -75 -76 109 -78 -79 -80 -81 -82 -83 -84 84 85 86 -88 -89 -90 91 124 -93 -94 -95 118 96 98 99 -100 100 103 -103 -104 -105 105 -107 107 -109 -110 110 113 -113 115 114 -116 116 -118 -119 -120 -121 -122 122 -124 -125 -126 -127
leaf_value=0.011886718721463 -0.0042943990306976518 -0.011699850147604282 -0.03948165448471417 0.0020919884465076407 -0.0066181083681031237 -0.006800314820938503 -0.0042591225388067004 -0.0091411661902643937 -0.062536689789438868 0.013726999866389285 -0.14337392749414815 0.010189720195404543 -0.061200482929125423 0.016615889489153154 -0.082999009457434741 -0.043134781517575133 0.0013807168078031808 -0.0060853728912639406 -0.053481445462553651 -0.098085978222610073 -0.081848826130775501 0.02185342304665451 0.015018086832053561 -0.023952941653060715 -0.017776591527196482 -0.075291856272812305 0.016852544856956229 0.0055690926700061576 0.0050982793552721639 0.0024855390447511522 -0.034510656529446501 0.001866240157580546 0.013021420929963287 -0.017407351085670195 -0.019391263641200966 -0.01984413198957918 -0.067705647570432209 0.010678961881056184 -0.010625518279864422 -0.083305441037600111 -0.076323935382794333 -0.17482640457849433 0.0043645246112771121 0.013000816402299938 0.0092000107613796189 -0.00052922948681593369 -0.095552198123566953 -0.0068290062715561303 0.011863400018995716 -0.020319622543475059 -0.033433240700896726 0.00044385020000485201 -0.010014862936957357 -1.3593453833382955e-05 -0.1505701428240743 0.0025006171244023379 -0.0037296758469044914 0.012267482539935499 0.0090414195892530198 -0.038535085257772404 -0.024800074724480509 0.021625158913578222 -0.14837581723235374 -0.0017640112225011694 -0.051117510730297022 0.0049148973074882325 0.029193694804211263 -0.006713308151983041 -0.0074784970804602537 0.031808503752516752 -0.017441318812472451 -0.039011121061710285 0.0041762648251733479 0.0007906617789613516 -0.11600055633239376 -0.0035408566976806357 -0.0068997639645524559 -0.0072550638560280141 -0.083264735816819119 -0.0045241425668320085 -0.019160045844759315 -0.013294562364295685 0.0025829819030119393 0.0049336893421372974 0.013649269525508642 -0.018539868966182212 0.0097173044481437907 -0.078286275763208693 -0.0098899638068566647 -0.10762365043632716 -0.0070387182871294637 -0.040630167989822275 -0.12732238054275513 -0.060859851704466159 -0.076974678979577299 -0.10050082594921735 0.0044226656772506784 -0.092657965985126781 -0.01098065794544445 -0.002443284759562125 0.011147491292744552 0.010224162093749252 -0.027366794931445219 0.0067169979285686488 -0.089821878682133274 -0.021118940971352626 -0.068922475400394298 -0.017794164518027272 0.0019801818686103782 0.0046218795162237961 -0.0070581153633329386 0.0041483657840826081 -0.0051871215038864597 -0.047950374704340229 -0.00164391726377059 0.011266399743956525 -0.040987814479321365 -0.11903440764500894 0.0038006955751380511 -0.0081057719447295666 -0.0054162356774367544 -0.086672479165227787 -0.0039066950908427413 -0.039763613031320873 0.0065496495198102299 -0.036281003904412926
leaf_weight=2450 116 21493 387 13384 6874 11936 968 184 114 5965 374 6629 191 2881 259 198 55176 10376 142 315 218 173 504 4617 5913 263 811 4504 9966 1251 1616 9806 330 1594 1225 4039 121 1621 2872 257 285 136 918 10728 11670 11618 293 2143 251 1698 680 1261 595 2803 173 3307 2605 4995 136 141 101 514 128 32805 437 1833 3135 6051 1984 193 1297 2802 1535 408 102 7574 7227 28343 216 6188 5496 637 11733 579 1589 638 566 180 1591 123 1741 175 100 325 106 145 3759 119 7047 892 137 2016 781 238 356 1192 206 537 9820 10858 27324 20566 954 137 244 272 1455 130 4056 890 22016 132 6075 743 16962 2191
leaf_count=2450 116 21493 387 13384 6874 11936 968 184 114 5965 374 6629 191 2881 259 198 55176 10376 142 315 218 173 504 4617 5913 263 811 4504 9966 1251 1616 9806 330 1594 1225 4039 121 1621 2872 257 285 136 918 10728 11670 11618 293 2143 251 1698 680 1261 595 2803 173 3307 2605 4995 136 141 101 514 128 32805 437 1833 3135 6051 1984 193 1297 2802 1535 408 102 7574 7227 28343 216 6188 5496 637 11733 579 1589 638 566 180 1591 123 1741 175 100 325 106 145 3759 119 7047 892 137 2016 781 238 356 1192 206 537 9820 10858 27324 20566 954 137 244 272 1455 130 4056 890 22016 132 6075 743 16962 2191
internal_value=-0.00311231 -0.00288696 -0.0671418 -0.00449106 -0.00604013 0.000118333 -0.00431293 0.00269296 -0.00994973 0.00167824 -0.0996336 7.14882e-06 0.000473838 -0.00602793 -0.0359193 -0.0753958 0.00061955 -0.00553236 -0.0900496 -0.00739846 -0.0108523 -0.0100011 -0.0226085 -0.0265797 -0.00552734 -0.00156829 -0.00126559 0.00324515 -0.000854901 -0.00907036 -0.00023061 -0.00479983 -0.0154854 -0.0138864 -0.0171412 -0.0205276 -0.0247027 -0.0111183 -0.0230032 -0.0418114 -0.0263795 -0.11534 -0.0188228 0.00539917 0.00707999 0.00434457 -0.0112017 -0.0182346 -0.0452302 -0.0211087 -0.0257807 -0.0114356 -0.00120826 -0.00857204 -0.112276 -0.00341973 -0.00550507 0.00196354 -0.0121685 -0.0425825 -0.0785124 -0.00562061 -0.109602 -0.00246593 -0.0188596 0.0174586 0.021605 -0.0115725 -0.0197358 -0.0189997 -0.0110449 -0.0319643 -0.0106368 -0.0131326 -0.0713936 -0.00310107 -0.0094207 -0.00765068 -0.0365794 -0.010026 -0.0142275 0.00361485 0.00548422 -0.00974631 -0.0146435 -0.00722696 -0.0173632 -0.0230269 -0.0190613 -0.0341533 0.00733199 -0.0685493 -0.0843926 -0.0422185 -0.00689477 -0.00876298 -0.0113711 -0.0280372 -0.00562858 -0.0250725 -0.0227206 0.00057624 -0.00899603 -0.0296408 -0.0272518 -0.0367295 -0.0157379 -0.0320433 -0.00156325 -0.00242046 -0.00426936 -9.78626e-05 -0.00860883 -0.00773815 -0.0441668 -0.0229516 -0.0327561 -0.0828756 -7.72497e-06 -0.015505 -0.0034297 0.00138724 -0.0056805 -0.0265519 0.00528162 -0.0334863
internal_weight=519251 517431 1820 401893 300810 101083 208664 115538 92146 108120 1103 83452 81453 46174 781 729 81262 36006 613 98238 34487 34071 5339 4835 63751 110426 17898 65077 22416 29541 74633 19457 717 45972 22944 18412 12752 5660 12503 2272 1879 393 10231 42661 34016 23288 4514 3066 544 9313 6441 1941 8645 4141 415 4532 45393 33422 2522 379 416 12450 249 34210 1405 7418 5585 9651 3600 1999 1490 4500 23028 522 243 77004 7490 28732 389 14289 8101 1448 16728 18108 7732 4862 3273 2707 2527 936 24668 298 242 509 23628 18576 14528 3722 10806 3577 3458 4048 2032 2566 2870 1548 1322 743 16694 69514 38693 30821 10255 27835 511 2681 1727 267 5052 996 31104 9088 6207 1338 18703 2328
internal_count=519251 517431 1820 401893 300810 101083 208664 115538 92146 108120 1103 83452 81453 46174 781 729 81262 36006 613 98238 34487 34071 5339 4835 63751 110426 17898 65077 22416 29541 74633 19457 717 45972 22944 18412 12752 5660 12503 2272 1879 393 10231 42661 34016 23288 4514 3066 544 9313 6441 1941 8645 4141 415 4532 45393 33422 2522 379 416 12450 249 34210 1405 7418 5585 9651 3600 1999 1490 4500 23028 522 243 77004 7490 28732 389 14289 8101 1448 16728 18108 7732 4862 3273 2707 2527 936 24668 298 242 509 23628 18576 14528 3722 10806 3577 3458 4048 2032 2566 2870 1548 1322 743 16694 69514 38693 30821 10255 27835 511 2681 1727 267 5052 996 31104 9088 6207 1338 18703 2328
cat_boundaries=0 2 4 6 8 10 11 13 14 15 16 17 19 21 23 25 26 28 30 32 34 36 37 39 40 41 43 45 46 47 49 50 52 54 55 57 58 59 60 62 64 65 67
cat_threshold=423897174 42 303038466 8196 35177513 2128 76201985 196 16 2 5 34603008 4 1 10 6 131072 0 20992 2214724224 22144 75694592 128 75644928 4 9 2686517768 21249 537395200 2048 33603593 16 1048576 2048 1073743400 22017 524288 1107296384 24320 4 16777222 0 512 1048576 16 557056 131584 32769 196 16384 262148 8 547356672 8196 538968064 0 8196 540672 131584 5 2147483776 9220 2147483648 9220 1 1081376 64
is_linear=0
shrinkage=0.03


Tree=26
num_leaves=127
num_cat=40
split_feature=0 5 5 48 5 5 2 5 26 0 5 5 48 13 0 5 2 5 5 0 0 5 23 25 5 11 28 0 11 29 21 23 25 0 5 25 0 0 25 5 5 28 0 5 5 25 0 11 4 0 0 0 0 0 5 5 25 11 4 0 5 0 12 5 0 0 4 0 5 0 5 25 5 25 0 5 21 21 0 0 0 5 5 5 0 25 25 12 25 25 23 25 25 25 11 48 5 0 5 0 25 5 0 0 25 0 0 4 0 25 23 11 23 11 26 25 46 31 29 11 5 24 25 25 5 5
split_gain=8372.11 4789.73 3132.74 3050.82 2369.23 1738.6 1590 1974.78 1341.33 1341.02 1226.81 1204.65 1148.09 1093.75 979.864 939.193 938.22 1369.44 1132.48 844.141 838.357 1789.76 1678.15 716.594 713.635 987.116 710.868 671.91 671.81 665.235 849.384 659.532 710.748 653.926 781.961 651.874 1618.96 587.604 939.554 744.894 576.328 561.677 552.415 891.997 753.547 694.492 545.612 830.991 793.376 505.358 797.593 501.771 499.994 1419.63 478.333 457.242 639.933 471.504 446.32 428.189 2303.56 509.379 427.862 426.278 465.58 636.92 2303.13 417.099 411.688 410.746 776.576 746.987 463.634 424.076 403.842 1216.24 388.155 385.399 380.849 522.401 3901.84 1868.88 1679.07 1010.93 1613.53 1286.32 1226.44 781.284 674.642 621.503 857.171 549.795 529.831 1074.78 435.38 409.894 394.859 530.923 378.193 374.432 369.923 369.385 555.588 440.393 428.375 705.321 369.381 368.399 361.307 970.084 358.149 351.45 344.016 342.575 376.674 360.044 395.092 339.796 341.875 338.678 334.492 331.234 321.575 766.326 316.473 315.213
threshold=13030.000000000002 0 1 0.84999999403953563 2 3 4 5 0.072340067476034178 1560.0000000000002 6 7 0.7500000298023225 14.500000000000002 1715.0000000000002 8 9 10 11 61.500000000000007 1225.0000000000002 12 0.081555202603340163 97.500000000000014 13 0.24372619390487674 0.08344509452581407 1940.0000000000002 0.091259401291608824 0.075850013643503203 0.067548755556345 0.093464292585849776 50.500000000000007 615.00000000000011 14 17.500000000000004 325.00000000000006 325.00000000000006 77.500000000000014 15 16 0.073420979082584395 225.00000000000003 17 18 71.500000000000014 325.00000000000006 -0.58482360839843739 19 55.000000000000007 155.00000000000003 550.00000000000011 950.00000000000011 715.00000000000011 20 21 38.500000000000007 0.24372619390487674 22 110.00000000000001 23 90.000000000000014 0.020426410250365738 24 1225.0000000000002 325.00000000000006 25 155.00000000000003 26 325.00000000000006 27 88.500000000000014 28 87.500000000000014 155.00000000000003 29 0.13533534109592441 0.069947797805070891 155.00000000000003 950.00000000000011 850.00000000000011 30 31 32 615.00000000000011 14.500000000000002 49.000000000000007 0.86869874596595775 14.500000000000002 65.500000000000014 0.098541021347045912 113.00000000000001 38.500000000000007 18.500000000000004 0.34235194325447088 17.150000572204593 33 615.00000000000011 34 155.00000000000003 68.500000000000014 35 61.500000000000007 615.00000000000011 60.500000000000007 950.00000000000011 45.000000000000007 36 950.00000000000011 41.500000000000007 0.12977331131696704 -0.58482360839843739 0.07194120436906816 -0.50556187331676472 0.07184594497084619 53.500000000000007 3.4500000476837163 0.075905904173851027 0.040852611884474761 -0.72696319222450245 37 1.0182318091392519 83.500000000000014 77.500000000000014 38 39
decision_type=2 9 9 2 9 9 9 9 10 2 9 9 2 2 2 9 9 9 9 2 2 9 8 2 9 2 8 2 2 8 8 8 2 2 9 2 2 2 2 9 9 10 2 9 9 2 2 2 9 2 2 2 2 2 9 9 2 2 9 2 9 2 2 9 2 2 9 2 9 2 9 2 9 2 2 9 10 10 2 2 2 9 9 9 2 2 2 2 2 2 10 2 2 2 2 2 9 2 9 2 2 9 2 2 2 2 2 9 2 2 10 2 8 2 10 2 2 10 10 2 9 2 2 2 9 9
left_child=1 5 15 11 6 77 8 13 24 16 29 63 98 -8 49 31 18 101 20 62 21 46 -22 68 33 37 -21 42 -16 -9 41 -2 -33 34 -5 36 -20 38 -26 -40 -4 -31 43 45 -44 99 48 58 -6 124 -51 119 53 100 -10 56 -35 -58 -48 60 61 -32 120 64 65 -3 -67 -47 -13 72 71 73 -37 -71 75 -65 125 -1 95 80 81 96 91 89 88 -86 92 -82 -85 -83 -91 94 93 -87 -81 -19 -80 -98 -7 -28 -46 102 -18 -104 -105 -106 -64 -49 109 -59 -92 -41 -75 115 -115 116 -72 118 -97 -36 -14 -34 123 -74 -12 -24
right_child=2 3 40 4 9 12 7 10 54 -11 14 23 19 -15 28 -17 17 78 35 26 22 -23 76 -25 25 -27 27 -29 -30 30 59 32 121 55 51 69 -38 -39 39 111 -42 -43 44 -45 52 67 47 107 -50 50 -52 -53 -54 -55 -56 -57 57 108 -60 -61 -62 -63 106 74 -66 66 -68 -69 -70 70 113 -73 122 112 -76 -77 -78 -79 79 82 87 83 -84 84 85 86 -88 -89 -90 90 110 -93 -94 -95 -96 117 97 -99 -100 -101 -102 -103 103 104 105 -107 -108 -109 -110 -111 -112 -113 -114 114 -116 -117 -118 -119 -120 -121 -122 -123 -124 -125 -126 -127
leaf_value=0.01367037494098124 -0.009211207073667774 0.0042331867328278608 -0.041105130611884366 0.0078385564293871959 0.0086173889629044698 0.013601962285347068 -0.01822555329562725 0.00080256541491528365 0.0019127465571121421 0.010933261002022403 -0.0046974006504095873 0.011552179273425309 -0.015707267309605543 -0.082384971250902925 -0.020344062010766877 -0.13772387052283566 -0.027330677279318295 0.0064511494470927471 -0.010808693916318614 0.010556792768099508 -0.071435924134142376 0.01400827569514209 0.02277174681718095 -0.0082198989100779104 -0.0028150072202991813 -0.012792641734897312 -0.086733101442267618 -0.058163929750521981 -0.11890871279446459 -0.031924194438725642 -0.056085166395926957 -0.042270553256701496 -0.13474272793736952 0.023884951313062324 -0.013363336292272175 -0.0012825647119881298 -0.081750598042378678 -0.00060707444303272735 -0.04299089016112928 -0.032086585089992965 0.012266575206820606 -0.10389291602855837 0.0074269521769244591 -0.0010600113790449981 0.00045044814408844045 0.0036278742637591028 -0.040770353638833495 -0.0094666903800153957 -0.016900296860908652 -0.010854523907040364 -0.00075072577088784796 -0.052740065507590771 0.0017596874284685983 -0.088151920878169754 0.010654300861484348 0.0087462567790990934 -0.0016218908477733517 0.0095368748270304848 0.011357979748051526 -0.011474108996527694 -0.094186956780794695 -0.0045163083059453135 0.031079723793884802 -0.099697333223679477 0.013772381546952886 -0.11329920187909552 -0.015780385735950815 -0.02133288896789718 0.0028437820021974536 -0.014442572079064242 -0.031099648669306094 0.018612625831389489 -0.014094772549480107 -0.019034155802269068 -0.0021633295728322186 -0.0071725926620670134 -0.031998871711813315 0.031666592414993047 0.011254654573987489 -0.0099708120603230702 -0.078600624109395834 -0.0091604466083096171 0.0099629437706384941 -0.066407539940315077 0.011015082786934307 -0.15254914292217006 -0.029078018551495805 -0.16244388912566776 -0.020413665446483681 -0.036185640878868788 0.005790904442764983 -0.029862987696562475 -0.16885090022616916 -0.047243148009672394 -0.020700321350889367 -0.014604490547801129 0.01991329332506591 -0.011592147120188549 0.005169690501736786 -0.033937784600413148 -0.0084921789241683386 -0.008088666702060902 0.010654066434410737 0.0011623556109840456 -0.047914351590784748 0.016912149482991842 -0.015585172185093282 0.014661965306846892 -0.014434813912705059 -0.10828556267948417 -0.038054654575772839 -0.002322225201792543 -0.054705400813485065 0.0031269321458329753 -0.0078219195691651561 -0.0042509591340452431 0.01377206949804031 -0.054909554632230205 0.0053942386710122692 -0.0031753352028610544 -0.061228931326871738 -0.078393411199016674 0.00032716763746618222 -0.036729261375191093 0.016111362358583257 -0.0058206490724958407
leaf_weight=6197 114 1030 394 4946 3870 6838 481 3207 15585 3138 983 5351 311 476 150 397 599 1380 1101 5911 360 6842 345 4983 5925 12032 157 179 106 317 195 205 231 696 3570 2242 392 26414 1102 509 327 141 13137 9291 8541 950 1072 3864 1529 9948 23980 199 27169 181 8826 9965 3059 112 171 17567 355 1433 173 142 518 234 3016 1645 55463 6232 1093 560 7598 524 19342 813 500 1295 1223 9155 338 3263 2561 333 129 168 198 144 2057 2631 787 2261 134 183 5421 3831 545 4072 16084 528 8121 22465 3102 1927 456 225 1247 667 662 142 212 1191 456 7950 4388 2382 210 160 962 16538 310 168 938 1636 1970 14896
leaf_count=6197 114 1030 394 4946 3870 6838 481 3207 15585 3138 983 5351 311 476 150 397 599 1380 1101 5911 360 6842 345 4983 5925 12032 157 179 106 317 195 205 231 696 3570 2242 392 26414 1102 509 327 141 13137 9291 8541 950 1072 3864 1529 9948 23980 199 27169 181 8826 9965 3059 112 171 17567 355 1433 173 142 518 234 3016 1645 55463 6232 1093 560 7598 524 19342 813 500 1295 1223 9155 338 3263 2561 333 129 168 198 144 2057 2631 787 2261 134 183 5421 3831 545 4072 16084 528 8121 22465 3102 1927 456 225 1247 667 662 142 212 1191 456 7950 4388 2382 210 160 962 16538 310 168 938 1636 1970 14896
internal_value=-0.00300835 -0.00278154 -0.0669399 -0.00426495 -0.0056479 0.0028301 -0.00327034 -0.00715058 -0.00113576 -0.00846309 -0.00646739 0.000583094 0.00179258 -0.0496718 -0.00308341 -0.0981058 -0.00889017 -0.0113386 -0.00646968 5.5201e-05 -0.0025074 0.00193781 -0.00748239 0.00271594 -0.0028784 -0.00537539 0.000567888 -0.000276961 -0.0614599 -0.0118767 -0.0139149 -0.0744524 -0.0879612 7.59499e-05 -0.00284825 -0.0100533 -0.0294774 -0.00283702 -0.00958557 -0.0238962 -0.0170785 -0.0542586 -0.00012751 -0.00582095 0.00112495 -0.0192406 -0.00546201 -0.0118766 0.00138897 -0.00267739 -0.00371348 -0.00545257 -0.000757756 -0.00481889 0.00507878 0.00512127 -0.00262551 -0.00727878 -0.0335957 -0.012967 -0.0261802 -0.0106584 -0.0189788 -0.00500803 -0.0130427 -0.016321 -0.0228344 -0.0121972 0.00361257 -0.0092544 -0.00694602 -0.0147208 -0.0136782 -0.0173317 -0.00310268 -0.022138 -0.00601532 0.0167625 -0.0147847 -0.0159874 -0.0199264 -0.017379 -0.012653 -0.0251828 -0.0391579 -0.075797 -0.0921856 -0.103934 -0.0268471 -0.0186389 -0.0272055 -0.0160897 -0.117836 -0.0979362 -0.0139624 -0.0080046 -0.00383762 -0.00785267 0.00769384 -0.0461471 -0.0039084 -0.00628707 0.000130929 0.00301626 -0.00606887 -0.0265025 -0.00988207 -0.0059123 -0.0261477 -0.0564987 -0.00354241 -0.0111819 -0.035671 -0.00316299 -0.000767337 -0.0111902 -0.0238628 -0.0120327 -0.0105903 -0.0049847 -0.0397303 -0.111272 -0.0163925 -0.0181085 0.0092239 -0.00516085
internal_weight=519653 517817 1836 409552 318660 108265 172782 61309 111473 145878 60352 90892 100773 957 37137 1115 142740 70922 71818 77851 34116 18015 16101 65797 87062 47173 75810 69899 256 23215 20008 718 604 39889 25253 37702 1493 35141 8727 2802 721 458 69720 12571 57149 3280 11173 5774 5399 36881 33928 20307 44012 16843 24411 14636 4671 3975 1243 19550 1983 1628 2041 25095 4798 4280 3250 2595 60814 36209 23795 7772 12414 7212 20297 955 15741 7492 42148 35815 16417 15935 19398 10095 3202 812 683 482 2390 6893 3630 16837 485 351 14576 6333 5840 4617 22922 685 16662 28774 6309 5710 2608 681 1420 4531 916 254 999 1700 980 16023 12338 3685 1303 4953 4793 20108 621 399 10172 9234 2953 15241
internal_count=519653 517817 1836 409552 318660 108265 172782 61309 111473 145878 60352 90892 100773 957 37137 1115 142740 70922 71818 77851 34116 18015 16101 65797 87062 47173 75810 69899 256 23215 20008 718 604 39889 25253 37702 1493 35141 8727 2802 721 458 69720 12571 57149 3280 11173 5774 5399 36881 33928 20307 44012 16843 24411 14636 4671 3975 1243 19550 1983 1628 2041 25095 4798 4280 3250 2595 60814 36209 23795 7772 12414 7212 20297 955 15741 7492 42148 35815 16417 15935 19398 10095 3202 812 683 482 2390 6893 3630 16837 485 351 14576 6333 5840 4617 22922 685 16662 28774 6309 5710 2608 681 1420 4531 916 254 999 1700 980 16023 12338 3685 1303 4953 4793 20108 621 399 10172 9234 2953 15241
cat_boundaries=0 2 4 6 8 9 10 12 14 16 17 19 21 22 24 26 28 30 31 32 33 35 37 38 40 42 43 45 47 49 50 52 54 56 58 60 61 62 63 65 66
cat_threshold=419700822 42 303038466 8196 2764249728 18305 16 2 6 131072 2688616448 16896 6995968 197 34603008 4 10 1075855369 12304 35161120 8260 34079744 2151680128 17024 2151678080 512 0 1 537395200 2048 2 268435526 1 2692808704 513 2147483648 512 1 4259840 16384 540672 64 1 1056 16384 16384 4096 16384 4096 131072 34635776 68 1081344 2052 32 2048 0 68 262148 8 1075838977 1 68 4096 1152 34078720
is_linear=0
shrinkage=0.03


Tree=27
num_leaves=127
num_cat=36
split_feature=0 5 5 48 5 5 29 2 5 5 5 48 5 11 5 27 5 30 0 0 0 28 25 23 0 5 5 0 0 0 5 5 0 5 5 0 22 5 25 23 11 12 23 25 0 5 0 5 5 27 25 5 13 11 27 0 27 5 25 11 5 0 0 27 31 25 0 5 0 25 11 5 27 5 0 5 31 0 30 25 0 25 25 25 5 0 44 0 0 5 13 32 5 27 25 24 47 27 0 0 0 27 5 0 27 5 25 47 25 27 0 0 5 36 5 12 25 25 0 27 30 5 25 11 27 27
split_gain=7664.61 4385.94 3015.02 2839.97 2113.14 1696.17 1378.57 1253.11 1344.59 1168.14 1103.11 1077.32 1061.99 999.193 1500.29 919.645 1282.55 827.208 969.376 813.99 740.316 712.63 683.284 681.304 666.38 3232.63 666.351 648.816 607.084 631.002 1052.46 753.373 596.345 1630.67 658.674 722.536 751.213 538.423 537.957 673.679 987.775 527.5 492.144 489.062 485.416 1524.84 1597.7 1012.76 904.71 785.718 870.512 458.676 546.301 441.939 431.268 429.177 557.071 956.494 453.378 500.505 427.64 639.679 1506.53 441.793 435.397 416.238 414.908 801.662 402.834 475.603 583.523 398.011 391.281 500.911 410.238 387.402 384.254 383.913 964.777 378.895 374.463 368.663 365.536 561.327 365.436 398.836 792.665 1743.62 390.531 1088.54 360.065 355.356 351.252 434.801 795.842 350.572 349.713 345.684 343.845 330.878 402.449 327.884 329.329 834.854 310.001 836.872 308.249 305.657 502.466 303.399 1012.42 1535.36 1353.21 1025.63 842.442 731.704 629.091 617.335 551.098 526.695 414.066 412.271 317.422 364.633 301.742 375.166
threshold=13030.000000000002 0 1 0.84999999403953563 2 3 0.048529487103223808 4 5 6 7 1.6499999761581423 8 0.24372619390487674 9 0.059393314644694335 10 0.13504816591739657 1560.0000000000002 61.500000000000007 325.00000000000006 0.08344509452581407 97.500000000000014 0.093464292585849776 110.00000000000001 11 12 1715.0000000000002 1940.0000000000002 325.00000000000006 13 14 325.00000000000006 15 16 1560.0000000000002 -0.04046273045241832 17 114.50000000000001 0.039356207475066192 0.24372619390487674 -0.048362832516431802 0.086187265813350691 50.500000000000007 550.00000000000011 18 850.00000000000011 19 20 0.095947422087192549 51.500000000000007 21 36.500000000000007 -0.32614396512508387 0.07936600968241693 135.00000000000003 0.060448419302701957 22 71.500000000000014 -0.39036798477172846 23 950.00000000000011 615.00000000000011 0.098019190132617964 0.047392372041940696 22.500000000000004 55.000000000000007 24 61.500000000000007 57.500000000000007 -0.35846811532974238 25 0.098019190132617964 26 325.00000000000006 27 0.075905904173851027 1280.0000000000002 0.20485509186983111 16.500000000000004 45.000000000000007 11.500000000000002 83.500000000000014 77.500000000000014 28 325.00000000000006 0.11749999970197679 1225.0000000000002 155.00000000000003 29 45.500000000000007 0.22828145325183871 30 0.14500886201858523 76.500000000000014 1.0182318091392519 11.804999828338625 0.052256155759096153 1560.0000000000002 950.00000000000011 1225.0000000000002 0.069445703178644194 31 950.00000000000011 0.055219287052750594 32 65.500000000000014 37.989999771118171 75.500000000000014 0.084925193339586272 950.00000000000011 850.00000000000011 33 4.3499999046325692 34 0.86439019441604625 74.500000000000014 15.500000000000002 850.00000000000011 0.076740767806768431 0.074335586279630675 35 113.00000000000001 0.27694219350814825 0.051913643255829818 0.049178216606378562
decision_type=2 9 9 2 9 9 10 9 9 9 9 2 9 2 9 2 9 8 2 2 2 8 2 8 2 9 9 2 2 2 9 9 2 9 9 2 10 9 2 10 2 2 10 2 2 9 2 9 9 2 2 9 2 2 2 2 2 9 2 2 9 2 2 2 8 2 2 9 2 2 2 9 2 9 2 9 10 2 10 2 2 2 2 2 9 2 2 2 2 9 2 10 9 2 2 2 2 2 2 2 2 2 9 2 2 9 2 2 2 2 2 2 9 2 9 2 2 2 2 2 8 9 2 2 2 2
left_child=1 5 10 9 6 54 13 8 68 84 23 75 15 24 -15 16 20 18 42 41 -9 -21 72 -2 25 -5 -8 44 29 30 38 -31 71 79 35 36 65 -4 39 40 -23 -13 -17 -25 47 -46 49 97 -48 50 -47 -26 -53 -22 81 76 57 -57 59 -59 61 62 -58 64 -62 -35 67 -27 -6 104 -71 -14 73 -11 -75 -7 -10 -28 91 -34 -43 -1 83 -73 85 -3 -87 -88 89 -86 95 -79 93 94 99 -45 -54 -16 107 -74 -101 -72 103 -103 105 -70 -49 -19 -109 117 111 112 113 -111 122 -113 121 -66 120 -120 -119 -114 123 -112 125 -67
right_child=2 3 37 4 7 11 26 12 55 22 -12 19 32 14 27 17 -18 98 -20 21 53 28 -24 43 51 66 77 -29 -30 31 -32 -33 33 34 -36 -37 -38 -39 -40 -41 -42 80 -44 90 45 46 48 106 -50 -51 -52 52 96 -55 -56 56 60 58 -60 -61 63 -63 -64 -65 109 124 -68 -69 69 70 101 82 92 74 -76 -77 -78 78 -80 -81 -82 -83 -84 -85 88 86 87 -89 -90 -91 -92 -93 -94 -95 -96 -97 -98 -99 -100 100 -102 102 -104 -105 -106 -107 -108 108 -110 110 114 115 116 -115 -116 -117 -118 118 119 -121 -122 -123 -124 -125 -126 -127
leaf_value=0.011851131139656305 -0.0050228897035121912 0.004041943961160554 -0.038668307543248792 -0.10025733837131727 -0.018838055518534989 0.012706971783573268 0.0043550962014442243 0.0071820426699446124 -0.0061097553968574936 0.012826175643840282 -0.13698289154779794 -0.043560449799953452 -0.0041234511542548547 -0.0018681386087484901 -0.043474369332760769 -0.073262049462484269 0.016440234312372515 -0.0032225137860392439 0.016313766093293311 0.0096781638579864458 -0.030227291228593509 -0.0077010551918459281 -0.0079178269971446197 -0.045192589356618768 -0.00022107714670899716 -0.054357847667979603 -0.0018661537331481543 -0.078415977049771005 -0.056226130488582632 0.0099279188371106369 -1.5260358474085705e-05 -0.00013491994618762909 -0.036448880262476828 -0.072639458591938016 -0.0015374864218440139 0.014844744563477867 0.0042374586015831352 0.013053431314775687 -0.057461203798528544 0.0091475422012700647 -0.032729915634416747 0.029978623437503026 -0.02786575619559057 -0.14443364436089681 0.0028278641442154241 -0.04025225093204747 -0.061199115079627192 -0.021576951268776175 -0.017170396449123604 -0.047443098258797924 -0.15325672278553248 0.0025880295617965519 -0.0027316911197763001 -0.0063837156877767399 0.0036149504841713922 0.019720570819882245 -0.0092371499787146111 -0.0776680939724812 -0.040537669924211379 -0.016949655711717686 0.0071173926972938227 -0.0016377636446962311 -0.14370249483707179 -0.0079120373203224216 -0.060775153147045152 -0.015854703626602552 -0.011519032084433759 0.0098209415178793207 -0.071633758099506728 -0.018306266720697309 0.0071375227941697095 -0.014706256971432023 0.021588393654331472 -0.00071301563831628937 0.0059959050979407971 0.0045429157082887512 -0.053790454839427883 -0.037808591739847026 0.028079388372493644 -0.10795692937714713 -0.015276472596943322 0.027338418914372158 0.0018790984894949824 -0.033706951603469204 -0.095759514944226132 -0.012500245745872867 -0.10976738492822857 0.027504687407477333 -0.0023572672435190224 -0.0063820996516246705 -0.056595602118450661 -0.10625580600287654 0.00066371460963675192 0.033395862934017966 -0.10488580111700754 -0.074216155542910681 -0.0087415268413394559 0.0058067109719878935 0.0078558366887462091 -0.053686305143693012 0.0026076100171942792 -0.052139300728956908 -0.0049315553488240215 0.017380179583656886 0.0024521541396379516 -0.0044009223191609787 -0.0077011667596833611 -0.0064143047367367732 -0.032494575032584468 -0.03244915880484156 -0.0049985867506535933 -0.061732729215046446 -0.012588267976847175 -0.16343720682596757 0.0068230609619145339 -0.16748772818376037 0.012897051311107615 -0.042366742925011518 -0.026640413949872394 -0.009123507296324114 -0.002635542778756128 -0.037100891869287611 -0.035714917468847994 -0.02226849543714203 -0.014009248894994181 -0.045829745504327134
leaf_weight=2493 119 1034 382 343 1928 7169 24034 3577 6147 6393 393 565 3245 12173 133 344 5104 11709 311 6653 882 4406 5044 203 36594 182 30809 146 175 7985 15996 41190 113 124 16435 853 1632 331 241 1149 2093 188 576 190 1825 101 463 4620 4115 619 159 7507 14657 3373 1811 379 166 129 1921 2063 706 207 136 8155 241 850 6257 1894 173 3840 1810 9154 162 12391 24268 19457 155 217 174 167 1274 3114 941 1652 142 3371 226 131 19633 646 114 100 15505 120 103 102 21496 2913 1955 251 209 435 5655 241 8758 1814 2096 2456 911 100 1724 144 1034 117 1416 101 388 248 3222 2970 4552 1671 872 3044 5341 675
leaf_count=2493 119 1034 382 343 1928 7169 24034 3577 6147 6393 393 565 3245 12173 133 344 5104 11709 311 6653 882 4406 5044 203 36594 182 30809 146 175 7985 15996 41190 113 124 16435 853 1632 331 241 1149 2093 188 576 190 1825 101 463 4620 4115 619 159 7507 14657 3373 1811 379 166 129 1921 2063 706 207 136 8155 241 850 6257 1894 173 3840 1810 9154 162 12391 24268 19457 155 217 174 167 1274 3114 941 1652 142 3371 226 131 19633 646 114 100 15505 120 103 102 21496 2913 1955 251 209 435 5655 241 8758 1814 2096 2456 911 100 1724 144 1034 117 1416 101 388 248 3222 2970 4552 1671 872 3044 5341 675
internal_value=-0.00290215 -0.00268544 -0.0641063 -0.00416707 -0.00551672 0.00245494 -0.00330901 -0.00827269 -0.0112413 0.000540667 -0.094437 0.00150557 -0.00553728 -0.00513747 -0.00993573 -0.00136079 0.00475843 -0.00569614 -0.0294351 -0.000198306 -0.00287288 0.000278165 0.00268149 -0.0697722 -0.00355308 -0.0114509 0.000599293 -0.0156381 -0.000575894 -0.000441828 -0.00444215 0.00150124 -0.00870002 -0.0059704 -0.0051726 -0.0114688 -0.0140868 -0.0148237 -0.0134001 -0.0120219 -0.0157654 -0.0189678 -0.0449011 -0.0835391 -0.015105 -0.020967 -0.0288762 -0.0107304 -0.0218068 -0.0659563 -0.109681 -0.00269914 -0.00477495 -0.0113321 0.0163234 -0.0145068 -0.0157843 -0.0256629 -0.029824 -0.0205567 -0.0143619 -0.0414817 -0.0700655 -0.0138929 -0.0160616 -0.0183651 -0.0076544 0.00395659 -0.00567321 -0.00455806 -0.00866777 -0.0134736 0.00358208 0.00508252 0.00372727 0.00674795 -0.00729083 -0.00228534 -0.0285777 -0.0766046 -0.00944056 0.0204558 -0.0160387 -0.0176139 -0.00493692 -0.0124144 -0.0170119 -0.0594597 -0.00318749 -0.0238837 -0.102554 -0.059667 -0.000368875 -0.0190767 -0.0280586 -0.120243 -0.00630519 0.00362944 -0.00397866 -0.0151885 -0.0281591 -0.00411973 -0.00733874 -0.0269676 2.47649e-05 -0.0106702 -0.0172226 -0.00551374 -0.0134783 -0.016811 -0.0204497 -0.0335038 -0.0281197 -0.0989603 -0.0138689 -0.105833 -0.022726 -0.0133723 -0.0123276 -0.0182412 -0.00469672 -0.0279226 -0.0190425 -0.0160264 -0.0173745 -0.0291437
internal_weight=520091 518257 1834 402298 312669 115959 173627 139042 66662 89629 1121 108541 72380 118293 29363 31198 12936 18262 1231 81915 7832 79888 64446 728 88930 8676 55334 17190 73235 73060 23885 49175 41182 26190 25910 9475 8622 713 7889 7648 6499 2027 920 609 17044 7282 5457 9762 4578 879 260 80254 43660 4255 7418 42008 35706 4492 4113 2192 31214 509 302 30705 22550 6990 8333 2076 24654 22726 11981 14992 59402 43052 36659 26626 6302 31300 491 280 1462 5607 11747 10806 25183 4762 3728 357 20421 788 406 317 16350 845 725 292 36153 3046 17031 622 460 8141 6331 676 10745 1987 6716 15076 3367 21844 10611 3555 3310 217 7056 245 3093 11233 10992 6192 4800 2705 5640 4768 6866 1525
internal_count=520091 518257 1834 402298 312669 115959 173627 139042 66662 89629 1121 108541 72380 118293 29363 31198 12936 18262 1231 81915 7832 79888 64446 728 88930 8676 55334 17190 73235 73060 23885 49175 41182 26190 25910 9475 8622 713 7889 7648 6499 2027 920 609 17044 7282 5457 9762 4578 879 260 80254 43660 4255 7418 42008 35706 4492 4113 2192 31214 509 302 30705 22550 6990 8333 2076 24654 22726 11981 14992 59402 43052 36659 26626 6302 31300 491 280 1462 5607 11747 10806 25183 4762 3728 357 20421 788 406 317 16350 845 725 292 36153 3046 17031 622 460 8141 6331 676 10745 1987 6716 15076 3367 21844 10611 3555 3310 217 7056 245 3093 11233 10992 6192 4800 2705 5640 4768 6866 1525
cat_boundaries=0 2 4 6 8 9 11 13 15 17 19 20 22 24 25 26 27 29 31 33 35 36 38 39 40 42 44 46 48 50 51 53 54 56 57 59 61
cat_threshold=423897174 42 303038466 8196 2760053376 26497 16 2 5 1075855369 4112 2801665 197 34603008 4 1605664 68 2684358784 16640 524288 131072 512 8585856 129 20971522 4194310 1 1073758208 4096 537395200 2048 66048 1153 75628544 8704 131072 75633280 640 33587200 1024 0 16384 16393 4096 1073741824 24576 262148 8 540672 64 131072 1073741824 16400 2097152 16384 4096 524288 34635776 4 34603008 68
is_linear=0
shrinkage=0.03


Tree=28
num_leaves=127
num_cat=10
split_feature=0 33 21 4 44 39 13 8 0 13 30 32 23 21 31 2 0 27 32 23 32 0 0 0 24 2 27 48 47 27 0 21 4 0 27 0 2 30 21 0 33 29 29 23 4 44 12 27 26 4 26 27 44 27 31 31 32 27 26 23 0 4 39 27 48 47 23 28 31 0 29 27 8 0 0 26 27 27 32 31 32 47 29 33 23 23 26 23 31 0 21 30 32 0 0 29 30 31 21 0 0 0 47 21 27 2 21 31 0 48 27 30 0 32 21 26 48 31 4 44 0 44 48 24 0 29
split_gain=7142.53 3666.55 2813.17 1370.68 1041.19 1135.04 930.883 892.75 761.603 710.681 642.439 564.557 505.415 535.466 498.064 482.196 479.337 456.215 431.67 505.543 450.206 396.707 386.459 527.38 382.321 377.76 355.354 341.959 332.446 332.396 327.296 317.35 305.487 277.155 267.208 261.675 364.169 259.781 257.54 249.444 246.235 242.34 240.696 324.315 295.796 503.873 239.063 237.383 350.098 419.904 309.551 216.094 215.145 262.495 214.027 208.921 207.704 200.717 197.794 887.156 269.426 317.895 196.045 195.57 296.057 265.519 190.907 360.424 189.156 252.002 186.181 182.363 180.472 179.424 179.625 264.747 178.276 175.297 174.212 168.92 175.438 163.995 163.134 161.99 161.046 351.139 160.118 159.463 224.416 177.717 244.94 159.041 158.994 268.675 2159.32 237.68 232.346 250.114 262.18 188.522 150.807 148.66 148.23 154.257 146.529 143.738 148.054 142.226 140.055 139.847 139.655 226.377 452.422 316.673 353.271 136.177 134.899 134.004 133.886 177.23 190.553 168.78 156.942 132.836 131.473 131.025
threshold=13030.000000000002 4.5500001907348642 0.090277068316936507 0 0.1094999983906746 12.50000047683716 24.500000000000004 6.5000000000000009 110.00000000000001 37.500000000000007 0.092384941875934615 0.19068296998739245 0.10078860074281694 0.08976986259222032 0.048018604516983039 1 325.00000000000006 0.059944719076156623 0.16612314432859424 0.10042453557252885 0.16935087740421298 1615.0000000000002 1715.0000000000002 1940.0000000000002 1.0178080201148989 2 0.058846931904554374 457.10000610351568 11.704999923706056 0.1688736900687218 1255.0000000000002 0.06530440598726274 3 325.00000000000006 0.051913643255829818 1560.0000000000002 4 0.1321152597665787 0.12786471098661426 45.000000000000007 9.0500001907348651 0.069317996501922621 0.11490825563669206 0.05960375256836415 5 0.056500000879168517 -0.88220417499542225 0.055219287052750594 0.072340067476034178 6 0.044606909155845649 0.053855204954743392 0.087499998509883894 0.16058247536420825 0.046168554574251182 0.08413130417466165 0.087307687848806395 0.084925193339586272 0.13882523775100711 0.12977331131696704 950.00000000000011 7 16.400000572204593 0.061421869322657592 84.75000381469728 9.5949997901916522 0.114736445248127 0.15637365728616717 0.086324755102396025 1225.0000000000002 0.04237759672105313 0.05270845256745816 6.5000000000000009 1410.0000000000002 325.00000000000006 0.33979515731334692 0.12240357697010042 0.12240357697010042 0.20619196444749835 0.07221452891826631 0.20602017641067508 35.305000305175788 0.09549861773848535 8.4499998092651385 0.056448934599757201 0.058227287605404861 1.0000000180025095e-35 0.075415529310703291 0.0743275322020054 325.00000000000006 0.100987546145916 0.042011978104710586 0.24093164503574374 950.00000000000011 715.00000000000011 0.1178257428109646 0.15022366493940356 0.098716270178556456 0.098465938121080412 1560.0000000000002 10450.000000000002 615.00000000000011 39.754999160766609 0.099092751741409316 0.055219287052750594 8 0.068919081240892424 0.062787849456071868 1225.0000000000002 0.15000000223517421 0.089248880743980422 0.076556675136089339 715.00000000000011 0.13945193588733676 0.066131956875324263 0.1609839275479317 24.900000572204593 0.039249833673238761 9 0.10850000008940698 61.500000000000007 0.086500000208616271 34.250000000000007 0.99423867464065563 225.00000000000003 0.11081358045339586
decision_type=2 2 8 9 2 2 2 2 2 2 10 10 10 10 10 9 2 2 10 10 10 2 2 2 2 9 2 2 2 2 2 10 9 2 2 2 9 10 10 2 2 10 10 10 9 2 2 2 8 9 10 2 2 2 10 10 10 2 10 10 2 9 2 2 2 2 10 10 10 2 10 2 2 2 2 10 2 2 10 10 10 2 10 2 10 10 10 10 10 2 10 10 10 2 2 10 10 10 10 2 2 2 2 8 2 9 10 10 2 2 2 10 2 10 10 10 2 10 9 2 2 2 2 2 2 10
left_child=1 2 3 14 24 12 25 8 37 -9 15 21 13 29 54 27 32 26 19 34 125 35 30 -24 72 -3 33 110 -18 -6 40 86 63 62 -12 36 46 47 -15 -34 -19 79 43 44 45 -38 -10 48 50 51 -4 81 53 -27 -1 -44 -36 109 87 60 61 71 -8 64 65 -11 -62 68 69 -68 -49 -60 -2 74 75 -22 -58 -33 84 -13 -81 -50 -76 -28 -16 -86 -17 88 89 -43 -91 -46 93 94 107 -94 97 98 -95 -97 -25 -63 103 -47 -77 106 -87 -89 -69 -41 111 -5 113 -113 -115 -48 -53 -21 -51 121 122 -120 -121 -74 -80 -20
right_child=4 6 7 10 5 -7 17 9 11 16 18 41 -14 38 78 31 28 22 20 117 73 -23 23 100 -26 52 83 -29 -30 -31 -32 77 39 -35 56 -37 42 -39 -40 57 -42 58 55 -45 91 102 115 70 49 118 -52 116 -54 -55 -56 -57 76 -59 59 -61 66 101 -64 -65 -66 -67 67 108 -70 -71 -72 -73 123 -75 82 104 -78 -79 124 80 -82 -83 -84 -85 85 105 -88 92 -90 90 -92 -93 95 96 -96 99 -98 -99 -100 -101 -102 -103 -104 -105 -106 -107 -108 -109 -110 -111 -112 112 -114 114 -116 -117 -118 -119 119 120 -122 -123 -124 -125 -126 -127
leaf_value=0.015757469471531026 -0.072254043085234504 0.0029807080969008709 -0.015485899358397663 0.0059527524432221521 -0.058509406065979201 0.0069427255473842693 -0.0045841642173007815 0.00052891757195335702 -0.0027905745058742254 0.020055069284579077 0.008252780759588017 0.010744955851842604 -0.12177171544163629 0.014552539429139522 0.025667606598574175 0.021150102057192172 -0.0013531269690197614 0.00052437707232193308 -0.03278512564764665 0.01977059483082633 -0.008966606647611253 -0.050170915977649604 -0.077009882540291827 -0.021087591787967999 -0.046373066095442603 -0.019024256570482328 0.0064281885570835959 -0.043890747545670912 -0.0047500932564008306 -0.11822548905369078 0.016164623386131838 -0.0022225023460511013 0.015552730618804904 0.0077526123157211357 0.01476054109172786 0.009763057487568394 -0.05097005661635759 -0.046570319009628498 -0.049774992796638516 0.001463779550071034 0.0045890544849545257 0.0051375118964975038 0.0045273107329982789 -0.039622579222692737 -0.010471065517178172 0.0024048487660768406 -0.0085178430162511504 -0.015879827627581944 -0.0096302135124880194 -0.0061435477912702499 -0.085996444804030792 -0.041262787394924089 -0.0051083841363180884 0.0011553983999290412 0.030936938701904251 -0.019875068875185635 -0.00015604029229704752 -0.014067276208416971 -0.0047547996980985439 -0.043568852818152953 0.00085429824128526366 0.024863586667558803 0.0056353768302074107 0.0080906356619051458 -0.014913910279175071 -0.0053206535618364314 -0.036902360058761331 0.0069456269871842292 -0.0051471719499366977 0.0052367830692321817 0.0084654327411390184 0.019537078361062762 -0.095760647177696223 -0.028459360785829137 0.020638771604961675 0.0031335594624182107 -0.032314293747115287 -0.038511501910272708 -0.013640759623077297 -0.031503112210139919 0.0045839132763288706 -0.047909021617986422 0.001336401798829719 0.012272336170843393 -0.053601464709410296 0.0034350908697987886 -0.010303719396406241 -0.0016350410277366021 -0.043845132895275557 -0.051982282798398623 -0.0072334676589565104 0.024292922852560878 0.0099995357962325213 -0.015029412470939859 -0.12877103541385043 -0.015389904981132688 -0.019991388397654634 -0.011183511364296588 0.0019905227216757172 0.020945977281862451 0.011152397248070947 0.0078114438982853016 -0.0075844008733685206 -0.022126323609537691 0.033369350650526111 0.0082293643444586815 -0.018496624772138124 -0.0090127476000952094 -0.0099460253688789628 -0.0074599491571744848 0.018342555245078371 0.0049382501450926071 0.01620950196223693 -0.097096612742631747 -0.024575681514167162 0.0094436869918354191 -0.088473591372054419 0.009488081915694821 -0.01337405150812312 0.0081348920059256622 -0.021104581159785443 -0.04629202043520169 -0.017183785067320455 -0.13519812306361412 0.022264603473023815 -0.011960380798894703
leaf_weight=2363 104 2721 100 4258 543 276 5606 26194 8584 599 5347 1560 112 125 248 147 38528 58065 411 1824 3336 205 123 332 115 3036 13213 130 79294 100 1387 12158 418 4566 849 700 411 264 100 1631 17442 380 1236 423 9620 253 37486 568 224 1378 128 119 3903 717 1297 423 13163 4110 1928 432 4289 838 2417 1833 1318 972 698 1039 449 156 561 324 149 198 406 621 156 120 104 194 320 183 12406 6309 103 668 9613 3425 225 164 332 119 419 883 131 3225 608 1873 10370 133 214 1022 1261 2595 187 1631 472 7507 767 50773 638 124 275 100 153 383 105 3053 244 499 1275 332 393 200 744 806
leaf_count=2363 104 2721 100 4258 543 276 5606 26194 8584 599 5347 1560 112 125 248 147 38528 58065 411 1824 3336 205 123 332 115 3036 13213 130 79294 100 1387 12158 418 4566 849 700 411 264 100 1631 17442 380 1236 423 9620 253 37486 568 224 1378 128 119 3903 717 1297 423 13163 4110 1928 432 4289 838 2417 1833 1318 972 698 1039 449 156 561 324 149 198 406 621 156 120 104 194 320 183 12406 6309 103 668 9613 3425 225 164 332 119 419 883 131 3225 608 1873 10370 133 214 1022 1261 2595 187 1631 472 7507 767 50773 638 124 275 100 153 383 105 3053 244 499 1275 332 393 200 744 806
internal_value=-0.00284018 -0.00263128 -0.00401882 0.00108465 -0.0620852 -0.0467785 0.00196349 -0.00526674 -0.00739921 -0.00408717 -0.000223011 -0.00680112 -0.0618998 -0.0540432 0.0131621 -0.00378069 -0.00476087 0.00277609 0.00208286 0.00469859 -0.00139023 -0.00860258 0.0015311 -0.0211547 -0.0957906 -0.00662429 0.00578319 0.00401189 -0.0036393 -0.0679657 0.00172875 -0.0057877 -0.00690412 0.00185299 0.00253919 -0.00846758 -0.00867096 -0.0174749 -0.0141312 -0.00751228 0.00146336 -0.00417455 -0.0125278 -0.0137593 -0.0129893 -0.0193321 -0.00730973 -0.0162101 -0.0190254 -0.017275 -0.0552734 -0.0400503 -0.0100287 -0.0151697 0.0211436 -0.00170286 0.000382455 -0.00768315 -0.00467336 -0.00141297 0.000172899 0.00632852 -0.00150512 0.000428292 -0.0044344 0.00436135 -0.00324895 -0.00890801 -0.020927 -0.0292077 -0.00378588 -0.00125276 -0.108206 -0.000138837 0.000193528 -0.005235 -0.000535094 -0.00258028 0.00580038 0.00583191 -0.00907121 -0.0269168 0.00194964 0.0083174 0.00252273 0.0005173 -0.00982786 -0.00598533 -0.0171846 -0.0102947 -0.0221043 -0.0100438 -0.00555322 -0.00467949 -0.00815863 -0.0112867 -0.00187659 -0.00103605 0.000653786 -0.0139449 -0.00845412 0.0155033 -0.0161559 -0.019947 0.0101638 0.00254754 -0.00560454 -0.00670167 -0.000229715 -0.00718219 0.00514928 0.00343157 -0.0130173 -0.0343231 -0.0535095 -0.00833594 -0.0636877 0.013337 -0.0137788 -0.0176109 -0.0136681 -0.0323949 -0.00302684 -0.118683 0.0178502 -0.0190144
internal_weight=519417 517593 397542 78109 1824 1256 120051 319433 113763 205670 70479 107390 980 868 7630 27716 179476 109674 42763 24392 18371 63699 77563 669 568 10377 32111 5678 117822 643 76894 22038 61654 12589 19515 63494 62794 6373 225 56932 75507 43691 16341 14682 14259 4520 46453 6109 4980 4752 228 631 7656 3753 3660 1659 14168 56514 41617 11942 11510 4112 8023 4722 2889 1571 7398 3109 1303 854 1129 2252 453 17154 16956 4144 13319 12278 3970 2074 514 407 12812 19522 3122 2874 9760 29675 1101 876 496 9739 28574 24797 11063 3777 13734 13126 11253 3358 546 1860 4109 2848 808 2771 1140 10932 1806 52404 5548 4910 652 377 253 37869 224 4877 4121 2743 2167 576 892 349 848 1217
internal_count=519417 517593 397542 78109 1824 1256 120051 319433 113763 205670 70479 107390 980 868 7630 27716 179476 109674 42763 24392 18371 63699 77563 669 568 10377 32111 5678 117822 643 76894 22038 61654 12589 19515 63494 62794 6373 225 56932 75507 43691 16341 14682 14259 4520 46453 6109 4980 4752 228 631 7656 3753 3660 1659 14168 56514 41617 11942 11510 4112 8023 4722 2889 1571 7398 3109 1303 854 1129 2252 453 17154 16956 4144 13319 12278 3970 2074 514 407 12812 19522 3122 2874 9760 29675 1101 876 496 9739 28574 24797 11063 3777 13734 13126 11253 3358 546 1860 4109 2848 808 2771 1140 10932 1806 52404 5548 4910 652 377 253 37869 224 4877 4121 2743 2167 576 892 349 848 1217
cat_boundaries=0 1 2 3 4 5 6 7 8 9 10
cat_threshold=2 4 2 2 6 1 2 1 4 1
is_linear=0
shrinkage=0.03


Tree=29
num_leaves=127
num_cat=41
split_feature=1 5 5 33 5 5 21 5 5 29 48 12 1 25 11 5 26 1 5 5 25 25 1 11 1 5 5 47 26 5 5 1 30 5 1 25 1 1 1 22 5 1 1 1 8 5 3 1 1 5 31 1 5 5 28 1 5 1 1 5 30 1 5 1 1 5 1 5 5 8 12 25 1 1 25 1 25 25 1 25 5 1 5 20 1 8 11 25 1 25 25 1 4 1 1 4 25 1 5 1 1 25 5 5 25 20 1 5 5 1 26 1 5 5 40 22 1 1 1 25 5 20 5 4 1 4
split_gain=6796.75 4125.14 2829.21 2451.22 1872.04 1520.84 1458.99 1401.49 1025.53 1041.81 915.243 958.56 720.1 654.534 629.235 1076.38 669.074 605.931 3225.38 731.071 631.456 525.638 525.551 505.233 490.653 958.303 539.454 478.097 510.388 473.49 472.953 694.88 996.831 465.1 594.265 636.383 437.846 414.503 408.212 390.45 388.824 1077.13 693.524 2668.85 590.62 502.673 490.617 481.605 495.513 699.848 459.94 896.381 433.653 381.081 361.13 517.163 632.556 769.768 1438.37 396.557 355.421 355.191 362.721 378.74 395.162 404.257 457.301 665.016 474.991 350.131 423.613 346.608 1269.75 710.073 672.498 658.555 688.694 564.687 420.106 345.129 344.98 706.312 337.008 335.853 331.609 321.639 319.3 318.805 306.344 292.473 394.301 402.716 1380.24 1039.18 446.76 619.835 443.481 292.258 291.852 290.561 750.569 687.568 404.473 303.367 343.56 287.754 284.879 493.983 317.127 298.785 284.254 282.287 744.618 417.325 281.357 277.019 313.502 276.416 275.113 541.668 324.943 274.592 263.706 262.156 255.513 254.678
threshold=9.461545944213869 0 1 4.5500001907348642 2 3 0.10425227135419847 4 5 0.08521361276507379 11.049999713897707 -0.048362832516431802 4.5047848224639901 29.500000000000004 0.40614137053489691 6 0.0042278021574020394 4.7054555416107187 7 8 11.500000000000002 50.500000000000007 7.3527534008026132 0.24372619390487674 7.1113042831420907 9 10 42.465000152587898 0.24214403331279757 11 12 7.3527534008026132 0.11944747343659402 13 5.759707212448121 69.500000000000014 5.4143788814544687 7.5704805850982675 7.5704805850982675 -0.10472935810685156 14 6.8561301231384286 6.8561301231384286 6.744683265686036 9.5000000000000018 15 16 5.759707212448121 6.4229502677917489 17 0.075905904173851027 5.759707212448121 18 19 0.08344509452581407 5.4143788814544687 20 6.8561301231384286 6.5665833950042733 21 0.10088627040386201 7.3876662254333505 22 5.759707212448121 6.0527143478393564 23 6.744683265686036 24 25 10.500000000000002 -0.031174269504845139 49.000000000000007 6.4229502677917489 5.759707212448121 21.500000000000004 5.4143788814544687 38.500000000000007 61.500000000000007 5.759707212448121 81.500000000000014 26 6.4229502677917489 27 88.500000000000014 7.4465231895446786 9.5000000000000018 -0.15951316058635709 88.500000000000014 4.5047848224639901 102.50000000000001 97.500000000000014 7.1113042831420907 28 6.5665833950042733 6.4229502677917489 29 101.50000000000001 7.1552743911743173 30 5.4143788814544687 5.759707212448121 77.500000000000014 31 32 77.500000000000014 101.50000000000001 5.4143788814544687 33 34 5.759707212448121 0.044606909155845649 4.0213496685028085 35 36 39.049999237060554 -0.46683321893215174 5.759707212448121 4.5047848224639901 5.759707212448121 23.500000000000004 37 91.500000000000014 38 39 6.8561301231384286 40
decision_type=2 9 9 2 9 9 8 9 9 8 2 2 2 2 2 9 10 2 9 9 2 2 2 2 2 9 9 2 10 9 9 2 10 9 2 2 2 2 2 8 9 2 2 2 2 9 1 2 2 9 10 2 9 9 8 2 9 2 2 9 10 2 9 2 2 9 2 9 9 2 2 2 2 2 2 2 2 2 2 2 9 2 9 2 2 2 2 2 2 2 2 2 9 2 2 9 2 2 9 2 2 2 9 9 2 2 2 9 9 2 8 2 9 9 2 10 2 2 2 2 9 2 9 9 2 9
left_child=1 5 8 4 22 60 30 23 9 -2 37 12 13 -12 17 -16 80 18 86 -19 36 -11 27 61 26 -26 -9 28 39 -4 -6 -32 -33 -14 35 -35 -21 106 54 115 41 47 43 44 50 -44 71 52 122 -50 98 -52 -41 88 -13 59 57 58 -57 -56 -1 62 -5 -64 -65 -66 67 -67 -68 70 -23 72 73 75 -74 76 -46 -73 79 105 81 -17 -27 -63 -82 -45 -8 -48 -20 90 99 93 -93 94 123 -96 -97 -84 -42 103 101 -101 -102 104 -22 -79 108 -108 -7 -109 -51 112 -55 -113 -28 116 -3 -117 120 -120 -119 -69 -49 -92 -70 -43
right_child=2 3 29 7 6 10 14 24 -10 21 11 38 33 -15 15 16 -18 19 53 20 89 69 -24 -25 25 82 114 -29 -30 -31 31 32 -34 34 -36 -37 -38 -39 -40 40 42 125 45 85 46 -47 87 48 49 110 51 -53 -54 111 55 56 -58 -59 -60 -61 -62 83 63 64 65 66 68 121 124 -71 -72 77 74 -75 -76 -77 -78 78 -80 -81 84 -83 97 -85 -86 -87 -88 -89 -90 -91 91 92 -94 -95 95 96 -98 -99 -100 100 102 -103 -104 -105 -106 -107 107 109 -110 -111 -112 113 -114 -115 -116 117 -118 118 119 -121 -122 -123 -124 -125 -126 -127
leaf_value=0.011567251627694947 0.023670599640596032 -0.011485513879808224 -0.034570444172309513 -0.0066088935754099595 -0.0024095110753339522 -0.0089889600344965695 -0.10714192221626158 0.010107479036356509 -0.12890651359127706 -0.042551008351824501 0.0057738417712682299 0.0077196405973073354 0.0033455822371026385 -0.053954836347448611 -0.0021963266704255286 0.00036175216991490069 -0.0039234754744703268 -0.0010218676714292907 -0.059809070695736787 -0.07547151353685376 -0.011596474144949612 -0.07849875672297045 0.0075730122934107658 -0.013337306579923646 -0.049156443113051354 0.0068177131721002347 0.00094751460744880067 -0.0013508864243823734 0.0064564386286852177 0.014440320023537257 0.003586375496366037 0.01217766709625721 -0.11726898239782223 -0.014197215492269551 -0.005298140440593139 -0.054125541781933607 -0.011574735577160027 -0.041226286317605304 -0.051644752814219548 0.006762462111015481 0.0049526634551744601 0.0067614311474755353 0.010534043303183716 -0.14815629776950195 -0.01161892279317873 -0.0074099591437718519 -0.023625016611715659 0.01219893932112049 0.016623171384935801 -0.043397029364969947 -0.039764386705572231 -0.0011876613516950301 -0.010827152318328226 -0.023656067920840951 -0.013529835969990255 -0.0057490442289573045 0.0075413227065811777 0.0035615383072179208 -0.093563761014568939 -0.0011505332902112802 0.026240749144273743 -0.0019940227878317736 -0.00747310845144187 0.010183331002465617 0.013772828427110534 0.0026508345734393259 -0.0057719160463257516 -0.045638042985626827 0.049937605807336707 -0.058308164714835582 -0.15319344768337176 0.001458213436649036 -0.042014679951782534 -0.027805847158772899 -0.13417419811471912 0.0084130701657576922 -0.080082208292084442 -0.010887840045734804 -0.0071997280495148001 -0.050621808189528668 -0.014654631273101458 -0.056650874055673199 -0.0061624102399321741 -0.064820534821104947 -0.062438875341957259 -0.079814606064292429 -0.05424100638180971 0.011392678256896842 -0.015876583751232829 -0.0024921755896025535 -0.015605543934130137 -0.097267774169998517 -0.016109312928521944 0.0069773103328587436 0.012398498405629088 -0.089030560272604378 -0.035574526337808679 0.01960330891034693 -0.007834926444844615 -0.010993990373699379 0.0022785497041088849 -0.036551561765226864 -0.0063901044725582813 0.015607805806556867 0.012343608124887242 -0.0581055723200046 0.013028190807701357 -0.0074962910996666434 0.0044286316194878028 0.0056156476089195559 -0.0099833107578783421 -0.012658847977165683 0.019114460037617756 0.0066042701901365452 0.0080453213372201435 -0.041471270161477336 0.021367275849006891 0.0052833864169236156 -0.06462667493058942 -0.019439370483074751 -0.017475917312899939 -0.013146574298455078 0.00061924492651204495 0.019836854630095116 0.0053285670743679677 -0.013985399888016174
leaf_weight=5383 100 1537 369 11993 25638 2185 309 13425 410 219 240 7466 3938 527 13814 312 5407 54488 204 195 1569 131 1746 4427 364 3751 19971 6760 1738 326 28741 110 103 1597 8812 463 191 169 129 1519 1853 553 1836 106 743 5872 6619 3555 947 245 1112 1057 7312 528 3474 9197 13274 15338 170 7044 2053 147 5142 3925 1593 926 6100 603 117 127 152 3136 186 1935 116 1544 160 739 1836 452 14470 523 6051 159 131 161 159 242 475 19676 2389 209 1858 2251 180 190 531 423 11863 4798 6421 1180 19697 1100 821 137 8808 1721 5691 17071 3371 4632 1136 1290 6716 460 314 855 257 3245 1643 384 3529 203 5635 14003
leaf_count=5383 100 1537 369 11993 25638 2185 309 13425 410 219 240 7466 3938 527 13814 312 5407 54488 204 195 1569 131 1746 4427 364 3751 19971 6760 1738 326 28741 110 103 1597 8812 463 191 169 129 1519 1853 553 1836 106 743 5872 6619 3555 947 245 1112 1057 7312 528 3474 9197 13274 15338 170 7044 2053 147 5142 3925 1593 926 6100 603 117 127 152 3136 186 1935 116 1544 160 739 1836 452 14470 523 6051 159 131 161 159 242 475 19676 2389 209 1858 2251 180 190 531 423 11863 4798 6421 1180 19697 1100 821 137 8808 1721 5691 17071 3371 4632 1136 1290 6716 460 314 855 257 3245 1643 384 3529 203 5635 14003
internal_value=-0.00273254 -0.0025283 -0.0603675 -0.00395691 -0.00522796 0.00249002 -0.00368166 0.000349352 -0.0891339 -0.0651816 0.00158006 -0.000373669 -0.00695717 -0.0352821 -0.00511629 -0.00869823 -0.0129999 -0.00413629 -0.0117609 -0.00357165 -0.00575986 -0.0803573 -0.00873036 -0.00376344 0.00368749 -0.00205557 0.0052045 -0.00903566 -0.00963421 -0.0117144 0.000557467 0.00318437 -0.0506741 -0.00548796 -0.00868271 -0.0231933 -0.0439658 0.00550865 0.00145469 -0.0099631 -0.00929392 -0.00695583 -0.0112534 -0.0130982 -0.0123486 -0.00313094 -0.0160941 -0.00252266 0.00148344 -0.00622577 -0.00814015 -0.0209743 -0.00780578 -0.00734985 0.00157801 0.000632383 0.00226271 -0.000576496 -0.0073526 -0.00525416 0.0156005 -0.00261002 -0.00233907 -0.000239546 0.00168952 -0.000481743 -0.00214073 -0.0157487 5.50293e-05 -0.100399 -0.119016 -0.0121607 -0.0183408 -0.0142304 -0.0777397 -0.00348837 -0.0238249 -0.00756368 -0.0165034 -0.0293508 -0.0161871 -0.0349549 -0.000325798 -0.034744 -0.0150773 -0.107398 -0.0874584 -0.0223884 -0.0287219 -0.00552627 -0.00690182 -0.0130053 -0.0243585 -0.00891627 -0.0191577 -0.0373463 -0.0497652 -0.00446925 -0.00610922 -0.0055618 -0.00645568 -0.0160441 -0.00426052 0.00265834 -0.00335694 -0.0183302 0.00573244 0.00716848 0.000699797 0.00441215 -0.0122248 -0.00539808 0.00550971 -0.00847254 0.00273295 -0.01614 -0.0059039 -0.0190716 -0.0173477 -0.022773 -0.0097358 -0.0326922 0.00644934 -0.0128232 0.00623364 -0.0131968
internal_weight=519659 517825 1834 403075 311223 114750 215929 91852 1139 729 107314 71669 15577 767 161337 34657 20843 126680 8733 117947 63459 629 95294 41151 50701 10589 40112 93548 86788 695 54592 28954 213 14810 10872 2060 386 35645 56092 85050 76739 35034 41705 33997 33730 7708 17845 20478 11647 4563 15885 2169 8831 8265 55963 48497 37979 24705 9367 10518 7436 36724 36418 24425 19283 15358 13765 1913 11852 410 283 10984 4684 4382 302 2447 903 6300 3164 1328 15436 835 10225 306 14601 267 468 6861 679 63073 43397 7811 2067 5744 3493 901 721 6474 13716 35586 32096 5978 26118 3490 2390 876 35476 27600 7876 18792 3616 7586 1664 5922 26687 8311 1851 6460 6000 3502 2498 987 7084 2592 5752 14556
internal_count=519659 517825 1834 403075 311223 114750 215929 91852 1139 729 107314 71669 15577 767 161337 34657 20843 126680 8733 117947 63459 629 95294 41151 50701 10589 40112 93548 86788 695 54592 28954 213 14810 10872 2060 386 35645 56092 85050 76739 35034 41705 33997 33730 7708 17845 20478 11647 4563 15885 2169 8831 8265 55963 48497 37979 24705 9367 10518 7436 36724 36418 24425 19283 15358 13765 1913 11852 410 283 10984 4684 4382 302 2447 903 6300 3164 1328 15436 835 10225 306 14601 267 468 6861 679 63073 43397 7811 2067 5744 3493 901 721 6474 13716 35586 32096 5978 26118 3490 2390 876 35476 27600 7876 18792 3616 7586 1664 5922 26687 8311 1851 6460 6000 3502 2498 987 7084 2592 5752 14556
cat_boundaries=0 2 4 6 8 10 12 14 16 18 20 22 24 26 28 30 32 33 35 36 38 40 41 43 45 47 49 50 52 53 54 56 58 60 62 63 65 67 69 70 71 72
cat_threshold=423899222 42 303038466 8196 35177513 2128 16 2 78365193 452 34603008 4 2686451840 17408 131072 512 75631232 5760 0 16384 3221226528 22528 537395200 2048 3221291136 22276 266308 8 34635784 16 524320 64 2 8 16 32768 2048 16384 17043456 40 16785474 573448 192 66048 256 131073 4 0 4 131072 34603008 9233 1 1 1056 64 536936448 16385 65536 257 262150 8 20971522 1075838976 1152 8389248 1025 49153 16 34635776 1 2
is_linear=0
shrinkage=0.03


Tree=30
num_leaves=127
num_cat=17
split_feature=1 46 21 4 11 25 11 4 1 22 25 30 30 1 25 3 2 27 2 27 25 44 25 3 31 2 36 2 27 25 25 44 25 26 20 20 36 1 1 1 22 1 4 21 1 30 21 25 1 46 11 3 12 31 27 25 27 12 25 3 27 23 22 25 3 23 22 30 25 3 4 1 27 25 27 25 47 26 1 27 22 23 31 41 21 21 1 25 25 4 25 25 39 25 1 22 23 31 1 23 3 25 44 25 25 1 1 22 1 31 25 23 3 23 23 1 1 27 25 25 20 1 25 24 25 25
split_gain=7072.61 3149.98 2647.06 1274.15 1196.24 1032.96 989.206 931.004 979.737 1190.86 721.328 600.944 584.414 573.299 624.697 491.159 485.142 466.752 464.469 459.022 692.418 405.495 552.729 404.452 392.811 388.284 375.115 367.994 366.903 479.428 634.569 587.871 458.837 397.629 352.689 435.515 832.206 347.707 505.589 387.63 338.391 718.149 329.042 324.731 326.657 385.841 315.228 314.655 302.878 283.131 282.797 263.983 259.491 259.145 259.066 256.86 239.797 239.466 236.389 234.48 306.403 233.35 230.647 228.453 411.403 225.917 224.56 222.381 320.12 221.665 220.484 220.079 214.366 245.432 212.688 258.728 311.207 218.016 201.65 200.424 199.962 196.008 192.451 177.503 175.263 414.624 295.759 174.399 244.501 353.629 224.122 178.059 173.936 190.152 183.943 172.133 169.888 193.35 486.54 168.619 168.255 223.775 220.165 168.235 477.112 178.695 165.781 172.752 254.888 537.437 261.844 184.209 164.131 163.72 166.047 162.027 161.728 163.751 312.899 248.382 161.491 161.393 206.999 160.447 157.756 157.651
threshold=9.461545944213869 3.1571427583694462 0.090277068316936507 0 0.24372619390487674 7.5000000000000009 0.42958675324916845 1 9.8533535003662127 0.10266805812716485 29.500000000000004 0.092384941875934615 0.086431432515382781 5.759707212448121 23.500000000000004 2 3 0.059944719076156623 4 0.059393314644694335 27.500000000000004 0.12350000068545343 15.500000000000002 5 0.048018604516983039 6 7.1500000953674325 7 0.16058247536420825 33.500000000000007 18.500000000000004 0.11850000172853471 69.500000000000014 0.021370556205511097 106.50000000000001 75.500000000000014 0.94999980926513683 7.4465231895446786 7.5704805850982675 7.1356794834136972 -1.4639971256256101 7.3527534008026132 8 0.082720901817083373 5.759707212448121 0.11417512968182565 0.06530440598726274 77.500000000000014 5.759707212448121 8.9785714149475115 0.90892735123634349 9 0.79773375391960155 0.058672610670328147 0.049178216606378562 10.500000000000002 0.15358696132898333 -0.11692317575216292 90.500000000000014 10 0.16058247536420825 0.11885417997837068 -2.3023446202278133 75.500000000000014 11 0.10130250453948976 -0.046293048188090317 0.07180457562208177 107.50000000000001 12 13 3.822698831558228 0.05270845256745816 37.500000000000007 0.084925193339586272 77.500000000000014 10.164999961853029 0.023513245396316055 6.5665833950042733 0.055219287052750594 -0.11594646796584128 0.096203766763210311 0.046168554574251182 67.500000000000014 0.070677299052476897 0.070911489427089705 4.1348783969879159 59.500000000000007 47.500000000000007 14 20.500000000000004 16.500000000000004 14.899998664855959 20.500000000000004 4.5047848224639901 -0.046293048188090317 0.0301526477560401 0.026727755554020408 5.0493419170379648 0.10042453557252885 15 52.500000000000007 0.059499999508261688 70.500000000000014 66.500000000000014 4.0213496685028085 6.4229502677917489 -0.42448458075523371 5.759707212448121 0.025209763087332252 78.500000000000014 0.054210091009736068 16 0.093464292585849776 0.1168753318488598 5.759707212448121 6.8561301231384286 0.089248880743980422 19.500000000000004 77.500000000000014 54.500000000000007 5.0493419170379648 78.500000000000014 1.0314378142356875 85.500000000000014 57.500000000000007
decision_type=2 2 8 9 2 2 2 9 2 8 2 10 10 2 2 1 9 2 9 2 2 2 2 1 10 9 2 9 2 2 2 2 2 8 2 2 2 2 2 2 10 2 9 10 2 10 10 2 2 2 2 1 2 10 2 2 2 2 2 1 2 10 10 2 1 10 8 10 2 1 9 2 2 2 2 2 2 8 2 2 10 8 10 2 10 10 2 2 2 9 2 2 2 2 2 8 10 10 2 10 1 2 2 2 2 2 2 8 2 10 2 10 1 10 10 2 2 2 2 2 2 2 2 2 2 2
left_child=1 2 3 24 17 -2 13 56 -9 -10 -11 16 18 14 15 42 67 19 53 48 21 -21 -23 -24 82 69 59 43 32 30 -30 -32 -20 -34 35 36 -12 39 -39 49 41 62 55 51 54 -46 -18 -27 92 58 63 -13 79 57 -45 -4 -7 -8 -19 123 66 -47 -29 64 -35 -65 -61 -5 -69 -6 -31 -16 -26 -74 75 77 121 -73 -70 -44 -14 -78 -1 -37 96 -86 -87 88 89 91 -91 -50 93 94 -3 113 97 98 -42 -79 102 -102 -90 104 105 -76 107 108 124 -110 111 -111 -92 -28 -115 -60 117 119 -119 -68 -71 122 -77 -15 -53 -62
right_child=5 4 6 11 25 7 12 8 9 10 34 27 80 26 71 -17 46 37 28 20 -22 22 23 -25 72 47 95 40 29 70 31 -33 33 50 -36 83 -38 38 -40 -41 84 -43 52 44 45 61 -48 -49 87 -51 -52 106 -54 -55 -56 -57 -58 -59 115 60 125 -63 -64 65 -66 -67 116 68 78 120 -72 74 73 -75 103 76 81 99 -80 -81 -82 -83 -84 -85 85 86 -88 -89 100 90 112 -93 -94 -95 -96 -97 -98 -99 -100 -101 101 -103 -104 -105 -106 -107 -108 -109 109 110 -112 -113 -114 114 -116 -117 -118 118 -120 -121 -122 -123 -124 -125 -126 -127
leaf_value=0.014564164058706978 0.011931987269943626 -0.030725349907216412 -0.02982801539367548 0.0084251870777448772 0.0051137255082495366 -0.055324247871126442 -0.0081706345123274838 -0.13309241277965034 0.010997019304850737 -0.1476484897636598 -0.11000032206761165 0.0029535722922200049 -0.015650521895937842 -0.0052131318760810438 0.013605321919599752 -0.0071779064696233302 -0.0098083005340962436 0.00057505185684155044 -0.013548378939798978 0.0033082485489377058 0.013738753651904726 0.0039298051351876334 -0.079954204116996969 -0.014768734516139742 0.013833711672080216 -0.0087361869795978316 -0.02590125440382926 0.026621076257636885 -0.010319723388560426 -0.018648488619301247 -0.015891211683732816 -0.11204192814996672 -0.0056982042930303145 -0.0048313005252147061 -0.032688394822990116 -0.078097689381289859 -0.01254235606786259 -0.075640391627180364 -0.0084995152775595405 0.01541988198830487 -0.011663995529807705 -0.077658205235370828 -0.033426096640719938 0.0087795570943806616 -0.02004555759051949 0.016968139972583667 -0.0025815394424238119 -0.026737563235812403 -0.03995067281985866 0.0044532605150685665 -0.063789840009018106 -0.00087340060533203231 0.023599985230484035 -0.01628144279343954 -0.032340232056903312 0.0020700618657637491 -0.0046598156871941855 0.00018868705442990979 -0.020508612032988857 -0.025070402140975914 -0.035887323618103491 -0.0017293361898688224 -0.013474851649229957 -0.040896246361753139 -0.04954298824565638 0.0027185308188199995 0.0026217028447262959 0.0028975286132903234 -0.040284395323837319 0.007762502168673498 -0.0014101490892965761 0.012867969164457779 -0.018814179616577061 0.0051419701196038442 0.0047253834088592413 -0.048196623558668709 -0.030398847377242671 -0.0058647108710222322 -0.0012965188860593728 0.0080788274211575552 -0.0042046167620667513 -0.012931956047523346 0.028977495800929363 -0.12682977154244515 -0.06104790038686117 -0.039661599387359206 -0.0021340987959569614 0.010681892646396362 -0.039017407547882091 0.0040273779726167228 0.014495473792089123 -0.0029114060736401882 0.0033864479462930811 -0.0059531196874969281 0.0084895446186582547 -0.000374564622360819 0.0036846078788014603 -0.016639708150187539 0.03098492768218522 -0.021680938267595068 0.00638832895559372 -0.022376769851223104 0.0041817004237487999 -0.0029948964902738674 -0.080814527613776069 -0.018433723367387939 0.015544637984298636 0.01516468125177077 0.021943781499249488 -0.035768072713201614 -0.027825010469255271 0.0082010228980583071 0.035422152218997749 0.005981759837330923 -0.015447211488797092 -0.004095000413532909 -0.0034891496440302206 -0.035580398464879516 0.009004182371703192 -0.013353645263194018 -0.020200584630854206 -0.004599535798300091 -0.011493646247257027 -0.00075468499230784 0.015487011626559345 -0.0025648826966730601
leaf_weight=2378 157 115 240 3680 2775 139 26814 253 150 123 141 13840 1444 73725 437 4909 9768 71224 8087 1720 9054 325 189 157 1786 8536 436 148 449 805 100 134 624 651 183 123 178 120 611 1681 734 151 115 184 663 993 12239 973 136 16495 235 809 1254 3126 545 3967 211 3485 611 316 331 1518 969 1221 258 117 4442 1510 300 262 3895 551 491 1767 340 151 620 36731 198 1076 27909 8530 1287 171 115 196 4664 4707 111 1529 1398 794 6136 5838 1499 41425 8491 871 357 616 369 712 2043 872 104 2516 2866 1560 471 105 698 448 445 654 646 4693 5863 146 3927 1090 635 7951 1553 8059 1539 208
leaf_count=2378 157 115 240 3680 2775 139 26814 253 150 123 141 13840 1444 73725 437 4909 9768 71224 8087 1720 9054 325 189 157 1786 8536 436 148 449 805 100 134 624 651 183 123 178 120 611 1681 734 151 115 184 663 993 12239 973 136 16495 235 809 1254 3126 545 3967 211 3485 611 316 331 1518 969 1221 258 117 4442 1510 300 262 3895 551 491 1767 340 151 620 36731 198 1076 27909 8530 1287 171 115 196 4664 4707 111 1529 1398 794 6136 5838 1499 41425 8491 871 357 616 369 712 2043 872 104 2516 2866 1560 471 105 698 448 445 654 646 4693 5863 146 3927 1090 635 7951 1553 8059 1539 208
internal_value=-0.00270038 -0.00249214 -0.00395906 0.000939691 0.00124316 -0.0615738 -0.00526814 -0.0684789 -0.0799939 -0.0673145 -0.0800946 -0.000324376 -0.00812861 -0.00420642 -0.00637443 1.93206e-05 -0.00376977 0.00209929 -0.0101012 0.00494595 0.00994708 -0.0044106 -0.0241721 -0.0505036 0.0125196 -0.00737624 -0.00309324 0.0018981 -0.0142118 -0.00778216 -0.0312493 -0.0711944 -0.0173156 -0.0271168 -0.0694838 -0.0803973 -0.0558285 0.000987341 -0.0196096 0.00114653 -0.00158372 -0.0164761 0.00533096 0.0041126 -0.00386894 0.000292667 -0.00578687 -0.0105697 0.00272988 0.000888436 -0.0324972 0.00550925 0.0140807 -0.00805568 -0.0219638 0.000243691 -0.0248811 -0.00720917 0.000120018 -0.00411859 -0.000835631 0.00566858 -0.00814317 -0.0291975 -0.0175622 -0.0370832 -7.53996e-05 0.00403714 -0.00398479 0.000920355 -0.00436601 -0.00758674 0.00607052 -7.32949e-05 -0.00773995 -0.00727743 -0.0101544 -0.00584967 -0.0248169 0.00404654 -0.0047682 -0.0141187 0.0196321 -0.106776 -0.000359779 -0.00499406 -0.0036554 0.00615177 0.00332157 0.0080064 0.0125228 -0.00836499 -0.000353776 -0.00343353 0.00567813 -0.000762519 0.00184613 -0.00610813 0.0023073 -0.00612616 -0.002909 -0.012561 0.00193849 -0.0145803 -0.0179912 -0.015676 0.00967162 0.00667967 0.00342451 -0.00534032 -0.0156221 -0.000197033 0.0195648 -0.0100145 -0.00467048 -0.00598929 0.000436818 0.00283339 0.00739767 -0.000527851 -0.0120334 -0.00639628 -0.0147724 -0.00477381 0.00985208 -0.0230568
internal_weight=519216 517387 371494 78339 145893 1829 293155 1672 1322 1069 919 70630 79354 213801 72533 11561 27695 132712 50001 37277 11445 2391 671 346 7709 13181 141268 42935 16576 5383 683 234 11193 3106 796 613 319 95435 731 94704 16696 1268 6652 26239 3903 3174 22007 9509 25832 93023 2482 22336 2445 33425 729 4207 350 30299 76528 98107 16323 2511 1117 2247 909 1338 15784 5688 2008 3672 4700 60972 4044 2258 60535 56703 18805 37898 498 1191 29353 9150 3665 294 15428 4975 4860 12244 7537 4302 3372 930 13588 7452 1614 43161 10453 1962 1091 37347 3235 1081 2154 3832 2960 2856 8496 5630 4070 1722 1251 553 1843 1736 1300 5304 15468 9605 4073 5532 897 9655 1704 81784 2348 539
internal_count=519216 517387 371494 78339 145893 1829 293155 1672 1322 1069 919 70630 79354 213801 72533 11561 27695 132712 50001 37277 11445 2391 671 346 7709 13181 141268 42935 16576 5383 683 234 11193 3106 796 613 319 95435 731 94704 16696 1268 6652 26239 3903 3174 22007 9509 25832 93023 2482 22336 2445 33425 729 4207 350 30299 76528 98107 16323 2511 1117 2247 909 1338 15784 5688 2008 3672 4700 60972 4044 2258 60535 56703 18805 37898 498 1191 29353 9150 3665 294 15428 4975 4860 12244 7537 4302 3372 930 13588 7452 1614 43161 10453 1962 1091 37347 3235 1081 2154 3832 2960 2856 8496 5630 4070 1722 1251 553 1843 1736 1300 5304 15468 9605 4073 5532 897 9655 1704 81784 2348 539
cat_boundaries=0 1 2 3 4 5 6 7 8 9 10 11 12 13 14 15 16 17
cat_threshold=2 1 2 4 6 2 2 6 1 2 2 2 2 1 1 2 2
is_linear=0
shrinkage=0.03


Tree=31
num_leaves=127
num_cat=17
split_feature=1 34 21 4 11 25 4 1 29 11 25 1 29 21 1 25 1 25 3 12 25 27 25 25 26 36 1 29 2 11 27 48 1 1 1 31 27 12 25 26 3 25 1 24 45 26 28 26 46 2 25 25 1 4 1 4 45 25 1 1 1 27 3 1 26 1 25 25 25 1 1 1 4 20 4 48 1 4 1 1 1 2 4 44 25 20 31 26 11 24 26 26 29 25 27 25 25 25 25 25 4 13 1 21 25 4 27 1 1 44 1 25 21 25 1 48 45 31 27 1 25 1 25 4 25 47
split_gain=6359.6 3175.95 2269.96 1253.82 1093.94 1011.32 940.526 923.512 911.74 890.066 674.469 537.416 491.693 546.188 574.194 1324.36 456.571 636.135 492.522 416.505 421.675 402.332 372.563 339.285 335.843 335.277 333.583 323.98 319.702 303.765 518.561 302.244 281.677 325.483 286.685 281.555 270.901 269.88 279.713 262.116 366.09 256.728 249.563 248.692 244.507 237.965 364.443 347.312 231.985 229.334 219.937 565.505 798.625 606.73 419.815 214.036 350.11 275.677 219.533 210.52 213.175 207.005 201.728 410.581 201.532 199.932 199.826 199.124 365.45 443.332 619.098 542.301 410.557 316.475 222.048 197.477 196.966 194.417 191.042 397.165 278.712 228.696 285.539 431.154 263.06 214.362 193.834 253.07 189.267 186.937 185.619 181.272 250.336 177.597 626.47 197.138 177.059 220.803 175.654 175.255 367.61 209.948 174.151 173.791 173.184 172.973 245.807 183.531 327.863 169.917 193.749 169.084 168.84 172.248 168.566 167.895 167.894 166.174 328.468 192.751 163 463.567 162.913 400.296 162.473 161.486
threshold=9.461545944213869 22.565000534057621 0.090277068316936507 0 0.39827039837837225 7.5000000000000009 1 9.8533535003662127 0.10938442125916482 0.24372619390487674 29.500000000000004 4.7054555416107187 0.048529487103223808 0.061439437791705138 7.3527534008026132 49.000000000000007 5.759707212448121 23.500000000000004 2 0.94353348016738903 50.500000000000007 0.059944719076156623 71.500000000000014 69.500000000000014 0.14085485786199572 8.5500001907348651 6.744683265686036 0.062489351257681854 3 -0.56368473172187794 0.15550526976585391 15.250000000000002 7.3876662254333505 7.5704805850982675 7.1552743911743173 0.048018604516983039 0.058846931904554374 -0.21862536668777463 69.500000000000014 0.092382837086915984 4 82.500000000000014 9.7953972816467303 0.91787308454513561 12.885000228881838 0.099273119121789946 0.099082995206117644 0.00021594269492197785 9.1142859458923358 5 15.500000000000002 19.500000000000004 6.8561301231384286 6 6.4229502677917489 7 24.974999427795414 10.500000000000002 5.0493419170379648 7.1552743911743173 7.2490057945251474 0.064750330522656455 8 6.8561301231384286 0.11226299405097963 7.7717878818511972 46.500000000000007 99.000000000000014 102.50000000000001 6.5665833950042733 7.1113042831420907 6.0527143478393564 9 79.500000000000014 10 457.10000610351568 6.744683265686036 11 7.4465231895446786 7.7717878818511972 7.3527534008026132 12 13 0.059499999508261688 114.50000000000001 31.500000000000004 0.058328395709395416 0.052869306877255447 0.24372619390487674 0.9599609673023225 0.023513245396316055 0.071667086333036437 0.071491584181785597 110.00000000000001 0.08212983608245851 123.00000000000001 70.500000000000014 73.500000000000014 101.50000000000001 20.500000000000004 14 44.500000000000007 5.759707212448121 0.091295003890991225 66.500000000000014 15 0.056865874677896507 6.5665833950042733 6.0527143478393564 0.10050000250339509 5.4143788814544687 42.500000000000007 0.10722555592656137 66.500000000000014 6.744683265686036 65.450000762939467 21.414999961853031 0.033771071583032615 0.051913643255829818 5.759707212448121 180.00000000000003 7.1113042831420907 56.500000000000007 16 13.500000000000002 20.884999275207523
decision_type=2 2 8 9 2 2 9 2 8 2 2 2 10 10 2 2 2 2 1 2 2 2 2 2 10 2 2 8 9 2 2 2 2 2 2 10 2 2 2 10 1 2 2 2 2 10 10 10 2 9 2 2 2 9 2 9 2 2 2 2 2 2 1 2 10 2 2 2 2 2 2 2 9 2 9 2 2 9 2 2 2 9 9 2 2 2 8 8 2 2 8 8 10 2 2 2 2 2 2 2 9 2 2 8 2 9 2 2 2 2 2 2 8 2 2 2 2 10 2 2 2 2 2 9 2 2
left_child=1 2 3 35 16 -2 42 -8 64 21 -10 23 45 14 105 -16 17 18 55 20 44 22 36 122 78 37 -26 -25 -11 30 -22 61 34 -34 43 -1 89 88 50 40 49 -30 -7 -23 -12 47 -47 -5 -45 75 -39 52 53 -52 -55 57 -57 -4 -58 62 -61 -19 99 104 -9 67 -65 -40 69 71 -71 74 -73 -72 -69 -15 -43 -63 80 -80 81 86 83 -83 -84 -85 -13 114 -18 -3 -33 92 -92 -28 -95 -96 -79 -98 -74 100 -53 -101 -91 -27 -64 107 -107 108 -14 110 125 -62 113 -87 -88 -114 -20 118 119 -42 -51 -122 123 -6 -41 -93
right_child=5 9 4 12 11 6 7 8 10 28 19 24 13 39 15 -17 25 31 116 -21 29 32 -24 27 26 103 93 -29 41 -31 -32 90 33 -35 -36 -37 -38 38 65 124 117 76 -44 48 -46 46 -48 -49 -50 120 51 59 -54 54 -56 56 58 -59 -60 60 111 77 63 66 -66 -67 -68 68 -70 70 73 72 98 -75 -76 -77 -78 96 79 -81 -82 82 84 85 -86 112 87 -89 -90 102 91 109 -94 94 95 -97 97 -99 -100 101 -102 -103 -104 -105 -106 106 -108 -109 -110 -111 -112 -113 115 -115 -116 -117 -118 -119 -120 -121 121 -123 -124 -125 -126 -127
leaf_value=0.018386507106747565 0.012398441950291661 0.023126384047204119 -0.028497573958964451 0.0052026232956147566 -0.045500885175667624 0.0067381595995775452 -0.12876955055328734 -0.046575192254368625 -0.14307390111498533 0.0024661670660381736 -0.074309319405272453 -0.0018638914875657791 0.0025500755055268133 0.0042032481563586185 -0.12338458566104664 0.0079409234833925264 0.00056369052207319809 -0.00065720141552155168 -0.0090773291677852131 -0.011964259502979423 -0.039104962087422611 -0.01175242368352776 0.012754488265807825 -0.015697015625832138 0.0058457290672066266 -0.019324809960687202 -0.0009828526296360707 -0.057506063127551563 -0.00756510279002997 -0.14053916205273997 -0.11750929885272737 0.0072691361942799461 -0.055002291133103426 -0.0061552075387828727 0.016003214075673667 0.0069125596317809179 0.0066822531065269435 0.0024271923263733601 -0.00099898535818019143 0.029632407553058036 -0.0095442497521164068 -0.063771962966237758 -0.043576848472036966 0.00090047392878605875 -0.008042545395322365 0.007586441636278668 -0.015176007543671571 -0.0104241853603683 0.0051609777131705796 -0.0020290375187843345 0.011497172600589691 -0.051974011372807688 0.0015231952832281789 -0.027862902088504581 -0.063183263494308001 0.015309296532820574 -0.042229416575282813 0.0030096716634001085 0.0052806261141116473 0.048690476682451037 -0.024424087481645793 -0.038101636740020033 0.0058859500238305539 0.0062086816491730701 0.0083460172408279156 -0.029130759588297223 -0.014266615779478129 -0.016674227208503714 -0.0023632181948713355 0.0056865589876801091 -0.031633822329149866 0.0076296952556869062 -0.061972700017169119 -0.0082455242586196298 0.014888132573370152 -0.031488335162557501 -0.019653732237140925 -0.00920819416978076 -0.066429847687482835 0.0020345328834194404 0.0082051155308436735 -0.053205341680066763 -0.010024309621930509 -0.058099256771452279 0.005737664334493524 0.012394670779663551 -0.010543731214893319 -0.0068868094311547281 -0.0062226890409585378 -0.0030332316058331492 -0.0011839411255503746 -0.016874416603452777 -0.025279354461130093 -0.036046144862153927 -0.010838343962739553 0.0082549012107074968 0.014381760624481687 -0.0065123460118775255 -0.034050945670067605 -0.0042433432584546345 0.0040725012201194965 -0.0087607231524281671 0.0052541297760877407 0.0002701022332405788 -0.018854842056224733 0.0053530663813858449 0.014853993881372573 0.0057474174016934176 -0.028416524402382966 -0.0076195566399321797 -0.010765785736475188 0.010889654253818552 -0.0087779009867185748 -0.014896509914748921 -0.022917434154229852 -0.022692821519760511 0.0023916475018607728 -0.021018968702621623 0.012367012157252385 -0.0516004386234322 -0.0066143453137606266 -0.053448561727631794 -0.0040412201760152804 -0.013390532940252763 0.0015898843228161481 -0.058337697535121844
leaf_weight=3687 167 316 263 1517 411 156 248 100 127 2766 100 5820 921 5742 101 214 20192 10146 4569 103 149 1248 5458 319 3291 412 2875 351 7086 100 157 703 159 529 1250 4030 15290 2786 31472 187 305 104 204 57703 100 2345 866 8175 14365 13088 224 225 924 760 506 2610 161 4690 190 107 153 178 4225 531 148 255 2221 609 17007 2199 813 147 374 1448 298 142 705 5493 149 155 961 285 11937 101 1035 394 3325 38189 4527 6830 569 164 1220 703 1214 811 728 1211 454 19050 197 18022 3426 29851 270 7912 3551 2584 461 45763 688 587 1303 439 1413 1952 1534 1360 490 144 3269 201 991 2313 17071 176
leaf_count=3687 167 316 263 1517 411 156 248 100 127 2766 100 5820 921 5742 101 214 20192 10146 4569 103 149 1248 5458 319 3291 412 2875 351 7086 100 157 703 159 529 1250 4030 15290 2786 31472 187 305 104 204 57703 100 2345 866 8175 14365 13088 224 225 924 760 506 2610 161 4690 190 107 153 178 4225 531 148 255 2221 609 17007 2199 813 147 374 1448 298 142 705 5493 149 155 961 285 11937 101 1035 394 3325 38189 4527 6830 569 164 1220 703 1214 811 728 1211 454 19050 197 18022 3426 29851 270 7912 3551 2584 461 45763 688 587 1303 439 1413 1952 1534 1360 490 144 3269 201 991 2313 17071 176
internal_value=-0.00259344 -0.00239469 -0.00366453 0.000915404 -0.00477691 -0.057967 -0.0649152 -0.0765387 -0.0644816 0.00194878 -0.0794527 -0.00780064 -0.000338858 0.000844262 0.00560953 -0.0344238 -0.00376769 -0.00560367 0.000208504 -0.0678711 -0.0773381 0.00277555 0.00563271 -0.0180133 -0.00721389 -0.00284244 -0.00173408 -0.037653 -0.0063156 -0.0949058 -0.0795838 -0.00681891 0.00158637 -0.0175074 0.00176277 0.0123962 0.00412927 -0.00350181 -0.00416084 -0.000942166 -0.00292153 -0.00938344 -0.0218154 0.00151977 -0.0413808 -0.00563317 0.00144464 -0.00797798 0.00174976 -0.0017532 -0.00576668 -0.00624229 -0.02039 -0.033971 -0.0420186 0.00514656 0.011526 0.00133125 -0.0165698 -0.0054927 0.00931648 -0.00346271 -0.00577326 -0.00119109 -0.0138977 -0.00267994 -0.0103151 -0.00255637 -0.00465543 -0.010801 -0.0056461 -0.0230077 -0.0385284 -0.0166656 -0.00629926 0.00333103 -0.025397 -0.00720256 -0.00793634 -0.0316298 -0.00782861 -0.00806151 -0.0110152 -0.0175568 -0.00876636 -0.0151194 -0.00700051 -0.00769849 -0.000679358 0.000436675 -0.00802801 -0.00824952 -0.0176206 -0.00618643 -0.011668 -0.00319132 -0.00645748 0.00133574 -0.0467225 -0.00665887 -0.0258623 -0.00643958 -0.00026461 2.70768e-06 0.00439599 0.00642903 0.0082973 0.00102844 -0.00779267 -0.00789086 -0.0199492 0.00356519 -0.0140435 -0.00198869 -0.014238 -0.017127 -0.00619466 -0.0143205 -0.00460681 -0.0231169 -0.00355988 -0.00934184 -0.014462 -0.0182503 0.00189544 -0.0384459
internal_weight=520096 518237 401002 78363 322639 1859 1692 1332 1084 117235 836 80737 70646 57743 15744 315 241902 81056 14017 709 606 106574 31320 4385 76352 160846 8894 670 10661 406 306 67039 75254 688 74566 7717 25862 130583 105864 41999 24741 7895 360 73316 200 12903 3211 9692 72068 22442 50788 48002 2414 1490 1266 7914 2961 4953 351 45588 847 17756 44741 7247 248 55076 2752 54821 23349 6342 4460 1882 975 2261 907 5884 809 7610 67458 304 67154 66193 17446 4474 12972 4189 48747 42927 24719 10572 49283 48580 1789 5603 2728 2025 7432 1939 828 37494 422 37072 10256 30263 4495 15429 11463 3966 1382 46791 1028 740 4088 833 4738 3255 6103 2299 939 449 16558 3470 3715 2724 17258 340
internal_count=520096 518237 401002 78363 322639 1859 1692 1332 1084 117235 836 80737 70646 57743 15744 315 241902 81056 14017 709 606 106574 31320 4385 76352 160846 8894 670 10661 406 306 67039 75254 688 74566 7717 25862 130583 105864 41999 24741 7895 360 73316 200 12903 3211 9692 72068 22442 50788 48002 2414 1490 1266 7914 2961 4953 351 45588 847 17756 44741 7247 248 55076 2752 54821 23349 6342 4460 1882 975 2261 907 5884 809 7610 67458 304 67154 66193 17446 4474 12972 4189 48747 42927 24719 10572 49283 48580 1789 5603 2728 2025 7432 1939 828 37494 422 37072 10256 30263 4495 15429 11463 3966 1382 46791 1028 740 4088 833 4738 3255 6103 2299 939 449 16558 3470 3715 2724 17258 340
cat_boundaries=0 1 2 3 4 5 6 7 8 9 10 11 12 13 14 15 16 17
cat_threshold=2 1 2 2 2 4 2 1 2 1 1 4 6 1 1 4 2
is_linear=0
shrinkage=0.03


Tree=32
num_leaves=127
num_cat=6
split_feature=0 46 21 30 13 44 39 20 47 40 13 23 31 31 23 23 22 2 20 26 2 27 0 0 21 0 0 21 23 20 22 23 46 0 31 30 0 21 31 21 2 0 2 27 0 3 0 32 22 26 27 27 39 20 27 31 0 47 30 32 0 48 44 48 21 27 27 0 0 27 30 32 27 31 44 20 26 12 0 0 22 23 22 30 27 48 29 44 23 21 27 0 23 31 32 23 29 31 0 0 0 31 44 27 30 22 0 44 44 47 32 0 0 0 0 23 3 0 21 0 27 20 32 22 48 26
split_gain=6064.93 2910.89 2376.36 887.355 702.505 694.263 1012.19 715.115 682.373 494.748 478.036 561.431 475.303 467.588 437.085 416.964 375.698 373.25 351.49 345.682 370.065 364.727 343.258 331.328 305.212 300.457 297.129 290.169 276.457 265.387 260.836 258.194 256.025 255.54 465.516 316.19 254.666 914.969 264.935 286.258 252.556 249.472 292.621 265.089 244.145 262.223 235.896 230.093 227.846 224.888 214.125 212.608 211.49 210.817 270.309 208.742 282.912 205.657 202.593 201.515 192.798 281.102 256.132 185.603 180.529 179.78 178.371 176.072 1577.37 350.015 175.233 243.037 174.958 172.821 171.373 180.305 169.249 164.997 161.969 155.741 153.108 152.678 152.207 150.93 150.915 148.894 146.118 145.547 143.447 139.814 225.274 177.723 379.791 318.936 301.335 138.087 148.666 137.144 152.682 296.667 136.311 136.288 135.373 142.767 135.285 148.812 135.24 134.7 137.996 147.725 133.828 133.728 133.247 161.366 130.523 127.411 126.764 124.021 123.762 121.804 121.168 119.45 117.993 160.709 117.657 117.143
threshold=13030.000000000002 3.3999999761581425 0.090277068316936507 0.090846620500087752 24.500000000000004 0.1094999983906746 11.600001335144045 92.500000000000014 9.9650001525878924 38.850000381469734 22.500000000000004 0.12977331131696704 0.048095963895320899 0.050817217677831657 0.038110742345452316 0.10042453557252885 -0.046293048188090317 0 76.500000000000014 0.16209227591753009 1 0.16058247536420825 27950.000000000004 1715.0000000000002 0.113277904689312 1940.0000000000002 155.00000000000003 0.06530440598726274 0.076926078647375121 105.50000000000001 -0.10210152342915534 0.114736445248127 1.3214285969734194 325.00000000000006 0.075905904173851027 0.097864083945751204 1410.0000000000002 0.046407744288444526 0.046168554574251182 0.069947797805070891 2 1280.0000000000002 3 0.059944719076156623 325.00000000000006 4 950.00000000000011 0.15983111411333087 -0.64485630393028248 0.1366594657301903 0.07936600968241693 0.059393314644694335 7.3999998569488534 28.500000000000004 0.11368945986032487 0.072386119514703764 715.00000000000011 64.114997863769545 0.065762974321842207 0.17560720443725589 475.00000000000006 0.70000001788139354 0.075500000268220915 340.15000915527349 0.12150707840919496 0.084925193339586272 0.089248880743980422 950.00000000000011 715.00000000000011 0.098019190132617964 0.14875506609678271 0.21750915795564654 0.089248880743980422 0.048193477094173438 0.076499998569488539 97.500000000000014 1.0000000180025095e-35 -0.26867066323757166 155.00000000000003 17950.000000000004 0.0092352801002562063 0.086187265813350691 0.17266365140676501 0.10641738772392274 0.05270845256745816 99.049999237060561 0.10938442125916482 0.11450000107288362 0.0301526477560401 0.06405286863446237 0.056865874677896507 325.00000000000006 0.054210091009736068 0.02723141293972731 0.10350091010332109 0.038110742345452316 0.048529487103223808 0.091470405459404006 950.00000000000011 1225.0000000000002 325.00000000000006 0.092057604342699065 0.1865000054240227 0.051913643255829818 0.083380982279777541 0.23603277653455737 325.00000000000006 0.12650000303983691 0.078500002622604384 57.145000457763679 0.19017887860536578 950.00000000000011 90.000000000000014 61.500000000000007 155.00000000000003 0.058227287605404861 5 225.00000000000003 0.13306147605180743 1255.0000000000002 0.12240357697010042 78.500000000000014 0.22980725020170215 0.25685551762580877 28.150000572204593 0.041167760267853744
decision_type=2 2 8 10 2 2 2 2 2 2 2 8 10 10 10 8 8 9 2 10 9 2 2 2 10 2 2 10 10 2 10 10 2 2 10 10 2 10 10 10 9 2 9 2 2 1 2 10 10 10 2 2 2 2 2 10 2 2 10 10 2 2 2 2 10 2 2 2 2 2 10 10 2 10 2 2 10 2 2 2 10 10 10 10 2 2 10 2 10 10 2 2 10 10 10 10 10 10 2 2 2 10 2 2 8 10 2 2 2 2 8 2 2 2 2 10 1 2 10 2 2 2 10 10 2 10
left_child=1 2 3 17 40 7 15 -2 16 23 11 24 14 28 47 30 -4 58 -17 20 110 53 -9 41 59 -25 49 76 73 -20 -7 -30 44 34 -26 117 38 -38 89 -40 116 42 43 51 65 121 66 48 78 -18 -11 -6 -45 77 119 86 -57 107 -1 81 61 -54 -63 80 -32 112 102 68 70 -70 71 -28 122 -14 75 124 -19 -22 88 -8 125 -10 120 84 -15 -23 -35 -64 -5 90 91 -16 93 -93 -94 -85 -97 -98 -99 -100 -84 104 103 -47 105 -74 114 108 109 -44 111 -13 113 -12 -75 -73 -3 -36 -117 -55 -29 -46 -69 -124 -42 -60
right_child=5 4 8 12 9 6 79 22 10 50 32 19 13 83 36 18 26 27 29 -21 21 85 -24 25 33 -27 67 82 31 -31 64 -33 -34 55 35 -37 37 -39 39 -41 74 -43 57 52 45 46 -48 -49 -50 -51 -52 -53 60 54 -56 56 -58 -59 63 -61 -62 62 87 -65 -66 -67 -68 72 69 -71 -72 115 101 106 -76 -77 -78 -79 -80 -81 -82 -83 100 95 -86 -87 -88 -89 -90 -91 -92 92 94 -95 -96 96 97 98 99 -101 -102 -103 -104 -105 -106 -107 -108 -109 -110 -111 -112 -113 -114 -115 -116 118 -118 -119 -120 -121 -122 -123 123 -125 -126 -127
leaf_value=0.0078143411733101013 -0.11597855820663665 0.0048276074894774493 -0.011747661301578449 -0.014399961246378941 0.0024195187027137885 -0.071021275394987829 0.016755633650168869 -0.088773642403889547 -0.019179136247268781 0.0073927355363272535 -0.0025180761522664804 -0.036698330335622337 -0.055580646403424902 -0.046028000276687984 0.0097667817116045882 -0.050607998654526039 -0.0077275235099444877 0.020955453995773136 -0.1200216652799297 -0.040021331830296748 -0.020174841692342477 -0.0065692850976401514 -0.020302055376286831 -0.069141304404337842 -0.0047450075138268143 -0.011684011283426245 -0.0020275827370974165 -0.0027556888726381471 0.00018466427633637917 -0.063757049463251059 0.014059962282578151 -0.022890327071530808 -0.001728308888848332 0.0014573311497093789 -0.050070061878135196 -0.0044259399127137538 -0.084135895124295854 0.011624426938559826 0.0087871143035233423 0.02713628406739858 -0.021799532339724047 0.014447229478019515 0.003383997970793487 0.013347729734691165 -0.0065028588146926192 -0.036557071975098943 -0.0053153440057435277 -0.0122795506167858 -0.0034588813231349377 -0.050839287558117424 0.0024819149957964705 0.0083735366619906507 -0.00029846134314257488 -0.016616543608709396 -0.054143584487569889 0.0029838304744345861 -0.0072885503130261332 -0.017056415272543063 -0.016040929511252484 0.00022925357428835437 0.001145455661924986 -0.032670859909170749 -3.8912881071371775e-05 -0.027475390302504156 -0.039983339846134183 -0.013323254323256465 0.0076415978399461924 0.0061101177814485048 -0.092825186684545938 -0.026373126689519008 0.0059029474242645588 0.0066325040582270057 -0.048295636384471041 -0.021112878623428883 -0.0051251860687736113 -0.0049996226596943239 -0.009517762889415568 -0.074283314579739593 0.020867466022905335 -0.02788791167203869 0.017205682841517543 -0.0047071752832058356 -0.0005236904458593457 -0.01746102959579347 -0.0057190949140259852 -0.035293646823348741 -0.013845391539379933 -0.018809876065889727 0.011186356801063254 0.0032807166449232887 0.014562850289247148 0.015949370532915622 -0.025050446282463289 -0.032140210965234374 0.0089322789894391054 0.024858287781643524 0.0029816086880602556 0.015397983119233485 -0.052949265083698044 0.0085634186404198419 0.020983337909214052 -0.0099508160248704403 0.0029988469920301714 -0.0050735447108259408 -0.00017015644699144478 -0.00047261340357363229 -0.046264257863404899 0.0034260175539548091 -0.0034587864052044704 -0.005031622704537375 -0.0074687115953657058 -0.0075514577315385694 -0.007073174680815736 0.024087575424801218 0.0033278683928316846 -0.016950675670887594 -0.010232649410152766 -0.028411139055018537 -0.004567121126896616 0.010790652241198432 -0.032459505801200862 -0.0038971032365639111 0.0015269359210664895 -0.026428000925256868 0.0056021688215653689 0.0017036537854804501
leaf_weight=3608 303 2189 3811 310 14786 106 212 112 787 17709 3042 284 119 103 4588 292 5859 166 184 343 101 4945 160 101 1925 419 36648 11095 2349 135 107 535 21494 667 330 431 122 332 1826 1318 1890 1231 6739 1140 29654 139 5609 1339 2633 110 14564 8501 4498 8032 171 3820 6548 741 531 11591 34616 488 907 263 114 3855 3625 5799 204 111 2225 356 110 622 4107 1174 9516 103 764 104 351 3927 619 303 428 167 3546 629 538 5945 4151 166 259 485 2429 273 17807 108 162 124 463 1448 2773 1759 20337 124 128 5034 17885 2601 26520 283 33989 219 287 1935 652 878 1164 148 124 33986 820 238 152 903
leaf_count=3608 303 2189 3811 310 14786 106 212 112 787 17709 3042 284 119 103 4588 292 5859 166 184 343 101 4945 160 101 1925 419 36648 11095 2349 135 107 535 21494 667 330 431 122 332 1826 1318 1890 1231 6739 1140 29654 139 5609 1339 2633 110 14564 8501 4498 8032 171 3820 6548 741 531 11591 34616 488 907 263 114 3855 3625 5799 204 111 2225 356 110 622 4107 1174 9516 103 764 104 351 3927 619 303 428 167 3546 629 538 5945 4151 166 259 485 2429 273 17807 108 162 124 463 1448 2773 1759 20337 124 128 5034 17885 2601 26520 283 33989 219 287 1935 652 878 1164 148 124 33986 820 238 152 903
internal_value=-0.00247549 -0.00228286 -0.00367015 0.000982984 0.0013632 -0.0569939 -0.0444154 -0.0843013 -0.00489523 0.0019459 -0.00577808 -0.00770171 0.00334603 0.000205973 0.0060408 -0.0600447 -0.00255293 -0.0033391 -0.0746783 -0.0100696 -0.00981649 -0.0138463 -0.0487181 0.000906449 -0.0048768 -0.0229553 -0.00210057 -0.00510612 -0.00907397 -0.0964843 -0.0325576 -0.00410234 -0.00474107 -0.00755346 -0.0147538 -0.0264991 0.0079732 -0.0142369 0.00845023 0.0164855 -0.00623749 0.00103101 0.00086331 0.0020228 -0.00528683 -0.00429593 -0.000563733 -0.00144147 0.00197927 -0.00853039 0.00517675 0.00459332 0.000607337 -0.0176448 -0.0169044 -0.00579259 -0.00350386 -0.00144055 0.00353118 -0.00189779 0.000253965 -0.00447714 -0.0137588 -0.00399745 -0.0138721 -0.00715601 0.00264913 -0.00156382 -0.0027887 -0.0695663 -0.00229012 -0.00274482 0.000245065 -0.021463 -0.0091757 -0.0143737 -0.00899318 -0.0477234 0.0108584 0.0020212 -0.000524788 -0.00712682 -0.00205032 0.00214807 -0.0136098 -0.00751438 -0.0114229 -0.00773296 0.00182692 0.00704769 0.00890144 0.00593535 0.000669379 -0.0198721 0.0056498 0.0025944 0.00292426 0.00259392 -0.0148909 -0.0263425 0.00869029 -0.0010581 -0.00122616 -0.00739728 -0.000431681 -0.0230634 -0.0174981 -0.00108177 -0.00191537 0.00104013 -0.00777479 -0.0221895 -0.00651742 -0.000724476 -0.013401 -0.0103499 0.00136414 -0.0343644 -0.0123023 -0.0161194 -0.00308686 -0.00511138 0.00442928 -0.00478062 -0.0197581 -0.00487364
internal_weight=519764 517935 375182 78192 142753 1829 1254 575 296990 132589 215691 75547 50553 23348 27205 938 81299 27639 611 41097 40754 13667 272 100316 34450 520 77488 21983 4040 319 327 2884 140144 18145 3564 1639 21621 454 21167 3144 10164 99796 98565 65565 118650 77545 13905 5584 4245 5969 32273 23287 42278 8555 8351 14581 10368 33000 5656 16305 41138 6522 2024 2048 221 41105 8296 71519 42643 315 42328 40103 28876 1156 7323 3216 9682 204 1612 316 1785 4714 12301 19308 531 5112 4213 1536 848 18023 12078 7927 3339 651 2688 18777 18474 18201 394 286 1082 22019 4671 1898 20571 234 1037 32259 27225 9340 27087 567 37250 3261 909 3455 2841 1208 3099 8180 11219 63640 6857 1058 2042 1434
internal_count=519764 517935 375182 78192 142753 1829 1254 575 296990 132589 215691 75547 50553 23348 27205 938 81299 27639 611 41097 40754 13667 272 100316 34450 520 77488 21983 4040 319 327 2884 140144 18145 3564 1639 21621 454 21167 3144 10164 99796 98565 65565 118650 77545 13905 5584 4245 5969 32273 23287 42278 8555 8351 14581 10368 33000 5656 16305 41138 6522 2024 2048 221 41105 8296 71519 42643 315 42328 40103 28876 1156 7323 3216 9682 204 1612 316 1785 4714 12301 19308 531 5112 4213 1536 848 18023 12078 7927 3339 651 2688 18777 18474 18201 394 286 1082 22019 4671 1898 20571 234 1037 32259 27225 9340 27087 567 37250 3261 909 3455 2841 1208 3099 8180 11219 63640 6857 1058 2042 1434
cat_boundaries=0 1 2 3 4 5 6
cat_threshold=4 6 2 6 2 2
is_linear=0
shrinkage=0.03


Tree=33
num_leaves=127
num_cat=30
split_feature=0 5 33 5 30 5 5 5 2 5 5 2 5 2 5 0 5 27 5 11 27 0 21 12 11 25 36 0 5 23 25 5 0 28 5 0 27 5 25 27 25 25 0 5 5 27 0 25 0 25 0 5 25 29 0 0 3 11 25 0 5 0 25 25 0 20 5 27 0 5 12 25 25 0 3 25 23 27 27 25 0 25 11 0 25 25 3 0 12 28 5 25 25 27 25 27 25 11 31 5 27 23 0 27 11 48 44 48 0 0 48 27 0 5 27 23 21 21 27 0 0 0 27 28 25 0
split_gain=5287.74 3681.48 2377 2274.52 1519.87 1490.62 1307.47 1227.66 1059.38 1198.1 1052.39 1021.83 961.724 954.632 690.991 892.471 614.833 555.078 723.552 549.869 739.782 539.738 907.107 533.106 1433.63 896.404 496.22 493.027 506.249 491.826 478.1 740.989 464.175 434.36 408.489 418.89 437.428 508.56 400.009 397.102 396.262 412.669 385.739 381.802 376.589 518.024 374.315 618.056 1066.85 769.061 370.618 686.837 560.204 353.532 337.32 2217.2 458.298 340.402 327.015 305.754 625.578 405.319 364.964 709.205 478.014 563.741 320.237 319.383 302.749 302.181 300.463 299.253 374.89 361.294 776.814 467.559 348.572 295.102 518.585 485.917 941.964 472.886 1398.93 499.475 413.999 350.515 344.318 307.608 292.874 292.29 288.918 284.591 519.113 283.981 282.446 594.937 280.16 276.957 597.432 276.669 722.11 629.902 382.388 272.547 272.026 269.937 266.211 729.2 265.397 430.806 264.406 262.981 504.274 382.547 267.302 505.957 916.644 336.823 258.742 257.643 403.397 285.163 257.412 255.41 250.518 248.182
threshold=13030.000000000002 0 4.0500001907348642 1 0.16912205517292025 2 3 4 5 6 7 8 9 10 11 325.00000000000006 12 0.098654624074697508 13 -0.85671821236610401 0.1575826704502106 1560.0000000000002 0.032727185636758811 0.020426410250365738 0.24372619390487674 69.500000000000014 6.3499999046325692 950.00000000000011 14 0.099415287375450148 58.500000000000007 15 615.00000000000011 0.090328950434923186 16 325.00000000000006 0.058846931904554374 17 56.500000000000007 0.060448419302701957 74.500000000000014 77.500000000000014 61.500000000000007 18 19 0.049178216606378562 325.00000000000006 16.500000000000004 1225.0000000000002 14.500000000000002 475.00000000000006 20 87.500000000000014 0.040852611884474761 950.00000000000011 850.00000000000011 21 0.24372619390487674 19.500000000000004 950.00000000000011 22 850.00000000000011 58.500000000000007 80.500000000000014 1615.0000000000002 92.500000000000014 23 0.053855204954743392 155.00000000000003 24 0.7074720859527589 77.500000000000014 88.500000000000014 325.00000000000006 25 83.500000000000014 0.051437802612781532 0.056865874677896507 0.055219287052750594 19.500000000000004 615.00000000000011 38.500000000000007 -0.039770090952515595 155.00000000000003 24.500000000000004 18.500000000000004 26 155.00000000000003 0.48126256465911871 0.10205337032675744 27 90.500000000000014 96.500000000000014 0.07936600968241693 76.500000000000014 0.1321084722876549 59.500000000000007 0.3744682669639588 0.098716270178556456 28 0.16058247536420825 0.07194120436906816 325.00000000000006 0.058047603815793998 -0.27694603800773615 0.7500000298023225 0.10350000113248826 0.25000000745058065 90.000000000000014 61.500000000000007 14.900000095367433 0.05270845256745816 475.00000000000006 29 0.055219287052750594 0.056448934599757201 0.079372856765985503 0.068919081240892424 0.055219287052750594 325.00000000000006 225.00000000000003 155.00000000000003 0.086274277418851866 0.053543105721473701 92.000000000000014 45.000000000000007
decision_type=2 9 2 9 10 9 9 9 9 9 9 9 9 9 9 2 9 2 9 2 2 2 8 2 2 2 2 2 9 10 2 9 2 10 9 2 2 9 2 2 2 2 2 9 9 2 2 2 2 2 2 9 2 8 2 2 1 2 2 2 9 2 2 2 2 2 9 2 2 9 2 2 2 2 1 2 8 2 2 2 2 2 2 2 2 2 1 2 2 10 9 2 2 2 2 2 2 2 8 9 2 8 2 2 2 2 2 2 2 2 2 2 2 9 2 10 10 10 2 2 2 2 2 10 2 2
left_child=1 5 4 -2 7 33 13 11 12 68 19 14 21 43 15 88 27 34 94 -5 89 96 -23 24 38 -26 110 29 -29 77 31 54 -14 42 -8 36 37 -36 58 -40 90 -42 125 -4 124 -46 -45 48 49 -48 51 -43 -53 -28 55 57 -56 -18 -11 60 61 66 122 106 -65 -66 93 -68 69 118 -12 99 73 75 -75 -73 -76 78 -13 80 -79 83 -83 84 -81 -82 -80 -84 -3 -21 -32 -47 -93 -15 -19 -96 -7 -34 -99 100 101 102 -16 -103 -57 -44 -64 -108 109 -71 -9 113 114 -6 -113 -116 117 -117 -10 120 121 -94 -61 -107 -25 -1
right_child=3 2 6 10 111 8 17 26 9 23 70 16 32 59 71 -17 30 18 -20 20 -22 22 -24 44 25 -27 53 28 -30 -31 40 -33 97 -35 35 -37 -38 -39 39 -41 41 50 105 46 45 91 47 -49 -50 -51 -52 52 -54 -55 56 104 -58 -59 -60 62 -62 -63 63 64 65 -67 67 -69 -70 108 -72 72 -74 74 76 -77 -78 79 86 81 85 82 87 -85 -86 -87 -88 -89 -90 -91 -92 92 119 -95 95 -97 -98 98 -100 -101 -102 103 -104 -105 -106 123 107 -109 -110 -111 -112 112 -114 -115 115 116 -118 -119 -120 -121 -122 -123 -124 -125 -126 -127
leaf_value=0.02776157783171565 -0.11597282464889919 -0.052907995455372232 0.005900841427642846 -0.10098965779594753 0.0021376540701209218 0.02736627278406515 0.009150396813503563 -0.0028257039692057414 -0.044101603047991836 0.0073885207216331161 0.013385279425857563 -0.015329475839590203 -0.041014566252662088 0.0012142854117867152 0.016629368807189165 -0.0791445985232265 -0.003068173606085934 -0.0094332128530829253 -0.00053920862664875112 -0.049136311608591887 0.01001211224010636 -0.097817756380353657 0.0023593451066241077 -0.029269053274150199 -0.018926362147139168 -0.056500784449827646 -0.017548851973679308 0.02290218271478647 -0.018121196058834055 -0.073665672081677042 -0.034725375116073508 0.0012216266159605857 0.003139815771906414 0.025959156290860305 0.0050488403806575348 0.005536079249648572 0.001820267501074227 -0.022536732752844388 0.0065359307460996141 -0.0072531026805057047 0.014022032007342203 0.017876339320422267 0.016695745782443955 0.010200682876648524 0.011688450181652588 -0.00053895958051354477 -0.016990218819903306 -0.0031768274927460867 0.017933170159514514 -0.098617903567079834 -0.0071759721660495379 -0.048168836025977692 -0.014897178557363494 -0.0020780548185019908 0.005153045789873416 -0.075504040025895627 -0.018053012814301748 -0.026346276280677022 -0.016379439050510914 0.012136363801245638 -0.024743246135624616 -0.06534815826836754 -0.018714718139567925 0.00064814285495330822 -0.0052105496204157753 -0.088111035353163392 -0.03226499343147704 0.0098541323269342243 0.0045878145830594306 0.002361432888127876 -0.037447255087317902 -0.029673315632516645 -0.0026038340628016972 0.0013619759644299409 0.023754223072773792 0.0048448737962638157 -0.024069035803437413 -0.014929136381473624 -0.087532024454031729 -0.0088533699639300086 -0.10799044436716533 -0.13476879402995109 0.0092647251071473358 0.0027793695469363077 -0.086698154601183797 -0.051694262630934282 -0.025736546911597252 -0.033478882714711208 0.00096090004726768422 -0.1043599322769377 -0.015806874407182488 -0.021973157289598432 0.0074715419640911003 -0.020813002138711612 -0.09898910352161952 -0.015881707082973814 0.011145775428956582 0.003143376694311768 -0.0097829906379470321 -0.0048033264443880204 -0.037605153241319716 0.018735595647442163 -0.040454109266428347 0.0038020415546508152 -0.13708918464534423 0.0056322798557082738 -0.10115644721548817 -0.016820152567090997 -0.0027510749953771878 0.044232935260753239 -0.006445189447272375 -0.00084393417306579473 0.0020783417063613015 0.017582915689422655 0.0031014716123409438 -0.11788012349312858 -0.00030759030503162203 -0.053762604065337463 -0.0083098175884588031 -0.021381637097900669 0.014884190006306051 -0.012937808528128789 -0.0038959031003265436 0.01608840943406116 -0.0079728124773026255 -0.0079477273418993959
leaf_weight=193 397 116 7514 183 4197 1066 14201 22814 260 622 382 347 228 862 143 259 1424 201 13435 458 180 104 361 680 3047 703 1357 399 788 186 784 6163 36926 1292 933 17575 6347 1681 3644 3880 655 339 3643 1631 2403 12992 189 8048 233 231 6902 764 1129 63113 1457 154 1613 937 3191 1257 2856 101 2034 3503 185 122 181 1477 20163 893 143 1817 5473 3066 145 438 2322 765 240 140 142 103 257 1447 109 343 124 367 406 107 11481 1790 915 1353 146 165 9470 8288 5259 19041 375 1634 398 3363 118 11553 138 276 6192 293 89170 641 13810 2197 343 111 261 227 601 589 1143 1882 3178 2570 1846 1805
leaf_count=193 397 116 7514 183 4197 1066 14201 22814 260 622 382 347 228 862 143 259 1424 201 13435 458 180 104 361 680 3047 703 1357 399 788 186 784 6163 36926 1292 933 17575 6347 1681 3644 3880 655 339 3643 1631 2403 12992 189 8048 233 231 6902 764 1129 63113 1457 154 1613 937 3191 1257 2856 101 2034 3503 185 122 181 1477 20163 893 143 1817 5473 3066 145 438 2322 765 240 140 142 103 257 1447 109 343 124 367 406 107 11481 1790 915 1353 146 165 9470 8288 5259 19041 375 1634 398 3363 118 11553 138 276 6192 293 89170 641 13810 2197 343 111 261 227 601 589 1143 1882 3178 2570 1846 1805
internal_value=-0.00242519 -0.00224413 -0.00386451 -0.05304 -0.0052415 0.00170734 0.000369337 -0.00589099 0.000502741 -0.00208765 -0.0347406 -0.00900791 0.00334602 -0.00412473 -0.00555523 -0.033304 -0.0123989 0.00327622 -0.00188869 -0.0538811 -0.0429119 0.0113826 -0.0202077 -0.00547794 -0.00990655 -0.0259835 -0.00450049 -0.0214769 -0.00428362 -0.0259878 -0.0108516 -0.00599847 0.00160018 0.00910786 0.00504533 0.00284368 -0.00243372 -0.0127595 -0.00458687 -0.00057486 -0.0134674 -0.00896461 0.00800962 0.000759922 -0.00272354 -0.00144365 -0.00298114 -0.00545638 -0.0335033 -0.0620131 -0.0106143 -0.0212388 -0.0281948 -0.00240396 -0.0137778 -0.0216787 -0.00704149 -0.0123137 -0.0125013 -0.00909677 -0.0140602 -0.00630018 -0.00593395 -0.0105992 -0.00250216 -0.0383338 -0.00476012 0.00520802 0.00260704 -0.00223724 -0.000495975 -0.0049787 -0.0086216 -0.0128497 -0.00872191 -0.0229695 -0.0212497 -0.0239486 -0.041639 -0.0205138 -0.0357004 -0.0126677 -0.0328927 -0.00398385 -0.0431405 -0.0683651 -0.066609 -0.0158879 -0.0110882 -0.0597605 -0.0170601 -0.00307903 -0.00830056 -0.0121891 -0.0365072 -0.055089 0.0127894 0.00179381 -0.00187504 -0.00304453 0.00262267 0.00535768 -0.0253627 0.00868803 -0.102625 0.00941509 -0.0231949 -0.0451083 -0.00026009 0.0127343 -0.00570784 0.00236398 0.000239577 0.00747746 -0.0157929 -0.0259535 -0.0425684 -0.0751046 -0.018937 -0.00289307 -0.000124448 -0.00626089 0.00064979 0.00753601 -0.013661 -0.00448617
internal_weight=519304 517454 366967 1850 276914 150487 90053 255127 129431 67729 1453 78673 61702 35369 38996 781 39677 54684 13947 928 745 11001 465 39327 15087 3750 176454 5757 1187 4570 33920 11866 50701 21056 40737 26536 8961 2614 11337 7524 22054 9789 19764 17846 24240 21714 10332 8701 653 420 9134 2232 1893 64470 5703 2633 3070 2361 3813 17523 6830 3974 10693 6258 3810 307 3873 1658 28402 8239 525 38215 13261 7788 5533 2255 2467 4384 711 3673 1250 2423 727 1696 249 485 364 624 522 565 12265 19311 6319 2215 512 311 10536 50473 13547 24954 5913 5538 541 4997 272 17766 2448 414 7378 1186 111984 21787 15393 6394 1583 942 599 338 861 4529 3940 2797 4435 14123 2526 1998
internal_count=519304 517454 366967 1850 276914 150487 90053 255127 129431 67729 1453 78673 61702 35369 38996 781 39677 54684 13947 928 745 11001 465 39327 15087 3750 176454 5757 1187 4570 33920 11866 50701 21056 40737 26536 8961 2614 11337 7524 22054 9789 19764 17846 24240 21714 10332 8701 653 420 9134 2232 1893 64470 5703 2633 3070 2361 3813 17523 6830 3974 10693 6258 3810 307 3873 1658 28402 8239 525 38215 13261 7788 5533 2255 2467 4384 711 3673 1250 2423 727 1696 249 485 364 624 522 565 12265 19311 6319 2215 512 311 10536 50473 13547 24954 5913 5538 541 4997 272 17766 2448 414 7378 1186 111984 21787 15393 6394 1583 942 599 338 861 4529 3940 2797 4435 14123 2526 1998
cat_boundaries=0 2 4 6 8 10 11 13 15 16 17 18 19 20 22 23 25 27 29 30 31 33 34 36 37 38 39 40 41 43 45
cat_threshold=423901782 170 268435458 8192 84 2 78299145 324 34260001 2128 12 272904192 40 35127296 4 10 2562 10 1 656384 1073741952 16384 524288 33587200 64 1073742880 30720 128 1536 77725696 150994944 32768 16 2 49161 260 49152 8192 2 2 16384 163872 64 8912896 512
is_linear=0
shrinkage=0.03


Tree=34
num_leaves=127
num_cat=33
split_feature=0 5 5 46 5 0 5 33 30 5 2 0 0 5 0 5 23 5 25 0 5 5 23 12 27 30 5 5 0 25 5 0 25 0 5 25 25 25 23 12 0 0 4 0 4 0 25 2 5 29 5 5 11 25 25 5 25 27 38 23 11 0 28 47 5 27 5 5 23 0 0 27 25 27 5 27 23 29 0 30 29 29 0 27 23 5 11 0 25 32 0 5 0 27 5 5 25 11 27 28 5 0 0 5 11 27 25 25 0 0 25 25 38 25 30 12 0 44 0 11 2 25 0 27 0 0
split_gain=4883.43 3541.1 2201.46 1979.81 1784.25 1366.46 1197.7 1131.68 1029.58 945.909 923.868 1021.11 1827.95 960.174 2832.38 832.071 775.288 766.933 760.634 746.779 1121.16 861.246 743.679 580.914 563.205 778.8 637.506 550.075 1009.12 504.916 504.875 857.6 485.382 1483.11 479.675 458.011 972.224 456.952 443.965 438.002 430.954 428.399 1040.92 702.285 1190.24 2008.57 484.771 425.464 702 404.865 459.411 427.549 644.325 514.167 626.496 394.697 384.898 380.067 376.885 372.961 372.77 359.199 351.653 420.588 347.357 346.111 2067.27 533.014 465.005 837.755 442.066 338.543 668.678 338.456 1092.54 499.118 333.315 561.364 346.775 363.632 324.132 313.569 302.548 301.906 300.197 294.821 294.696 291.896 287.853 281.028 281.003 280.714 456.025 850.944 625.702 512.786 276.3 392.493 272.35 272.067 264.917 287.687 420.601 587.496 436.309 393.157 372.676 300.866 279.429 710.44 260.877 257.492 332.06 257.34 255.056 250.804 243.822 241.79 241.788 239.373 238.667 235.736 235.037 350.519 238.798 233.195
threshold=13030.000000000002 0 1 3.0285714864730839 2 1615.0000000000002 3 7.849999427795411 0.19365485012531283 4 5 950.00000000000011 850.00000000000011 6 615.00000000000011 7 0.064333807677030577 8 59.500000000000007 325.00000000000006 9 10 0.07194120436906816 -0.25206183642148966 0.053263295441865928 0.10685699060559274 11 12 615.00000000000011 18.500000000000004 13 325.00000000000006 73.500000000000014 2375.0000000000005 14 38.500000000000007 49.000000000000007 50.500000000000007 0.058227287605404861 0.071972697973251357 6250.0000000000009 155.00000000000003 15 325.00000000000006 16 950.00000000000011 15.500000000000002 17 18 0.048529487103223808 19 20 0.23537775129079822 82.500000000000014 69.500000000000014 21 20.500000000000004 0.055219287052750594 14.949999809265138 0.12977331131696704 -0.4218058288097381 90.000000000000014 0.053543105721473701 45.465000152587898 22 0.072961069643497481 23 24 0.081555202603340163 1560.0000000000002 90.000000000000014 0.16058247536420825 57.500000000000007 0.058047603815793998 25 0.095947422087192549 0.075415529310703291 0.04237759672105313 135.00000000000003 0.14076403528451922 0.092177450656890883 0.12313740327954294 1560.0000000000002 0.15550526976585391 0.032954851165413863 26 -0.0053757284767925731 325.00000000000006 58.500000000000007 0.19742266088724139 225.00000000000003 27 715.00000000000011 0.07936600968241693 28 29 99.000000000000014 -0.58482360839843739 0.053263295441865928 0.094471801072359099 30 950.00000000000011 850.00000000000011 31 -0.78326541185379017 0.092709075659513487 78.500000000000014 101.50000000000001 615.00000000000011 155.00000000000003 54.500000000000007 24.500000000000004 19.849999427795414 66.500000000000014 0.24789723753929141 0.46611291170120245 1280.0000000000002 0.24949999898672107 325.00000000000006 0.24372619390487674 32 77.500000000000014 90.000000000000014 0.05270845256745816 45.000000000000007 475.00000000000006
decision_type=2 9 9 2 9 2 9 2 10 9 9 2 2 9 2 9 8 9 2 2 9 9 8 2 2 10 9 9 2 2 9 2 2 2 9 2 2 2 10 2 2 2 9 2 9 2 2 9 9 10 9 9 2 2 2 9 2 2 2 8 2 2 10 2 9 2 9 9 8 2 2 2 2 2 9 2 8 10 2 10 10 10 2 2 8 9 2 2 2 10 2 9 2 2 9 9 2 2 2 10 9 2 2 9 2 2 2 2 2 2 2 2 2 2 10 2 2 2 2 2 9 2 2 2 2 2
left_child=1 4 15 8 62 7 41 19 9 10 30 12 13 14 -12 16 -2 111 27 20 99 24 80 34 25 26 -21 28 86 -16 31 115 -7 -34 -11 -31 -37 -18 -10 -28 -35 42 -5 -43 45 46 -45 82 -49 51 -51 52 96 54 98 -4 -30 84 -24 61 -14 -59 63 122 -9 66 70 68 69 -67 -25 -26 -73 74 -8 91 77 -68 79 -79 -23 -63 119 117 -20 -19 -15 -66 -44 -70 -55 92 93 118 -95 -94 -22 -98 -54 -6 120 102 103 -102 -104 108 -107 -108 109 -105 -40 -13 -113 -61 -53 -3 -77 -39 -75 -46 -69 -115 123 -1 -125 -123
right_child=2 3 55 6 5 32 73 64 38 23 11 17 60 18 29 -17 37 85 57 21 49 22 58 65 71 -27 39 -29 56 35 -32 -33 33 40 -36 36 -38 83 110 -41 -42 43 88 44 47 -47 -48 48 -50 50 -52 114 53 90 -56 -57 -58 59 -60 113 -62 81 -64 -65 87 67 76 100 89 -71 -72 72 -74 75 -76 116 -78 78 -80 -81 -82 -83 -84 -85 -86 -87 -88 -89 -90 -91 -92 -93 95 94 -96 -97 97 -99 -100 -101 101 -103 104 105 -106 106 107 -109 -110 -111 -112 112 -114 121 -116 -117 -118 -119 -120 -121 -122 125 -124 124 -126 -127
leaf_value=-0.055144445114135743 0.020642054131125458 -0.05027265874349645 -0.029231524760293406 -0.098615852114338196 0.0014746509094715316 -0.010990079544246585 0.0075991289779878323 0.010047811371912416 -0.03142662231933694 -0.0019615914244415205 -0.017729475991422088 -0.047973240370082916 -0.059408578462070885 -0.09269956510575092 -0.13540355457535272 -0.11398807777049846 -0.035913800701498987 -0.0003881724618843392 -0.01875073864101548 -0.028741110766273406 -0.0057973170000367733 -0.020931311707551543 0.002633446639774252 -0.023355155174124065 0.0095063773622986632 0.020654975323685917 -0.022250911931845006 0.0026746465244995772 -0.050956399284440311 -0.036295112965125886 -0.0055277367846535202 -0.075929520242029813 -0.14213270591063931 -0.0098759821261262034 -0.012547784188988583 -0.15476575409408902 -0.04415440363042495 -0.033176749987261639 0.0040865026761064778 0.023091762811448212 -0.080649750513188984 0.01020710521035109 -0.0018975440689935471 -0.13288634340552721 -0.0069528049331941105 0.027008760315235528 -0.063222791784873569 0.020055994202815841 -0.0087642269399393919 -0.004732022457095403 0.0084294444794654391 -0.0056857656781398938 -0.038102013058989186 -0.01653869298250276 -0.061722192824486759 0.015381299350058665 -0.0017887575831538867 0.044056858549286662 -0.0014238096690933257 -0.014897655267029507 -0.13072656816145514 -0.016404644325248127 0.016529071067193611 0.015513867808115761 -0.0063186719998706538 -0.066523768492955562 -0.015757146303899846 0.0025965019770347844 -0.0070882831679588924 0.0030152105410504613 0.014045113433232306 -0.065054040040321101 0.013171940782993304 -0.0016712838388082461 -0.015368969999797713 -0.0024516520911561277 -0.006407698338077146 0.00025266280120835082 0.01112501977734733 -0.040578329092723894 -0.08732670530864671 0.0046322592337413792 0.013490806628380798 -0.1185262426322904 -0.048224528271282367 0.023487856147567283 -0.028480792457566542 0.0052685040132300796 -0.042722041782005088 -0.015601259089550944 0.023407501156907529 0.008097715403033931 -0.002938042731911672 0.0026502125523075151 -0.030484570885638853 0.015599756306579957 -0.037663564256941062 0.0024888992377253638 -0.0066716461730853341 0.016031681890470446 0.0038110717622135879 -0.0041642627763247364 -0.010147526021514619 0.012214895243498679 -0.097580967477577565 -0.0086075118270057885 -0.068190075708033579 -0.029627584486990398 -0.0046141532020479402 -0.08198171390975649 0.019475247117543806 -0.021977999378271794 0.0066104892883547825 -0.037703532312630079 0.024687835174015318 0.0014298635317633549 0.016619075988406399 -0.095188438972505202 0.0074571348998739538 -0.01768024067503993 -0.0056197742405287793 -0.036503795033503886 0.005671583211564875 0.027362611411240301 -0.0079682788835738656 -0.0080334671940355158
leaf_weight=124 100 104 376 148 20945 402 3650 10967 280 5146 2526 244 134 182 157 388 239 4301 602 1242 6383 151 27356 296 14914 731 312 3415 162 188 26481 250 131 323 15506 136 152 111 5032 494 101 2366 607 135 15040 213 278 1405 1635 8068 3377 29075 485 909 561 323 1186 113 83495 2584 135 2155 4195 3860 2594 346 1373 8398 14851 283 6784 163 245 5358 3789 14809 32079 1192 3433 234 118 905 593 173 647 511 101 7954 208 4563 191 13913 2038 834 1334 3931 605 343 508 1222 1919 27044 104 140 101 610 232 853 2078 147 1234 1593 474 1228 250 431 628 118 5093 2138 5108 411 11519 202 1133 699
leaf_count=124 100 104 376 148 20945 402 3650 10967 280 5146 2526 244 134 182 157 388 239 4301 602 1242 6383 151 27356 296 14914 731 312 3415 162 188 26481 250 131 323 15506 136 152 111 5032 494 101 2366 607 135 15040 213 278 1405 1635 8068 3377 29075 485 909 561 323 1186 113 83495 2584 135 2155 4195 3860 2594 346 1373 8398 14851 283 6784 163 245 5358 3789 14809 32079 1192 3433 234 118 905 593 173 647 511 101 7954 208 4563 191 13913 2038 834 1334 3931 605 343 508 1222 1919 27044 104 140 101 610 232 853 2078 147 1234 1593 474 1228 250 431 628 118 5093 2138 5108 411 11519 202 1133 699
internal_value=-0.00238241 -0.00220941 -0.0513164 -0.0045692 0.00040098 -0.00038158 -0.000610137 -0.000228456 -0.00622567 -0.00663934 -0.0100614 -0.0142363 -0.0180798 -0.0168869 -0.0318658 -0.0769145 -0.0561187 -0.00464059 -0.0135651 -0.000924663 -0.00335195 0.000445119 -0.000543617 -0.00529304 0.00651125 -0.00590909 -0.0153962 -0.00418761 -0.018452 -0.0886626 -0.00623822 -0.029798 -0.0361343 -0.0542943 -0.0099172 -0.0729944 -0.0967423 -0.0689815 0.00546638 0.0054662 -0.0268849 -0.0060926 -0.0257016 -0.00530078 -0.00701279 -0.0477382 -0.0862601 -0.00578552 0.00457993 -0.00580958 -0.000844928 -0.00725644 -0.0126186 -0.0252946 -0.0363996 -0.00869753 -0.00773102 -0.0186427 -0.000422538 -0.0162624 -0.0955517 -0.00823853 0.00875391 0.00682114 0.00631246 -0.00444205 -0.00242071 -0.00581598 -0.00990858 -0.0352816 0.0124608 0.00876846 -0.0181628 0.00184259 -0.00411044 0.00276683 -0.00517302 0.00117416 0.00596067 -0.00647125 -0.050272 -0.0101835 -0.00755717 -0.0885032 -0.034045 0.00219508 -0.0699615 0.00241633 -0.0123561 -0.00908984 -0.00958762 0.00487646 0.00245939 -0.000771163 -0.0178711 0.00929216 -0.00804392 -0.0231485 -0.0220457 0.0022768 -0.00405761 -0.00549773 -0.0113366 -0.00988259 -0.0534891 -0.0163236 -0.0273876 -0.0379284 -0.0084547 -0.0361493 0.00711972 -0.0187969 -0.0154221 -0.0214323 -0.00542414 -0.00869576 -0.0016748 -0.0654053 0.00277748 -0.00828891 -0.000512957 -0.028645 0.0042347 -0.0071058 -0.00260585 -0.0185986
internal_weight=519192 517364 1828 271716 245648 224615 80143 223658 191573 185027 52207 24941 17818 17549 3159 1129 741 7123 14390 202143 72922 129221 111120 132820 18101 2779 2048 5046 1631 633 27266 785 957 555 20652 476 288 641 6546 806 424 24766 963 23803 21437 626 413 20811 3040 50755 11445 39310 9985 2654 1554 699 1348 9344 110851 8095 269 3173 21033 16838 21515 112168 45391 66777 20043 629 7080 15322 408 55377 7439 47938 38311 6232 4859 1426 269 3060 17771 402 1249 4812 283 10548 815 19414 1100 32501 18588 12619 2168 5969 7331 948 993 22167 46734 33228 6184 5979 205 4060 1695 1085 2365 287 6266 2311 2067 4922 29325 535 15437 229 10451 17178 13506 2338 12978 1459 1335 1110
internal_count=519192 517364 1828 271716 245648 224615 80143 223658 191573 185027 52207 24941 17818 17549 3159 1129 741 7123 14390 202143 72922 129221 111120 132820 18101 2779 2048 5046 1631 633 27266 785 957 555 20652 476 288 641 6546 806 424 24766 963 23803 21437 626 413 20811 3040 50755 11445 39310 9985 2654 1554 699 1348 9344 110851 8095 269 3173 21033 16838 21515 112168 45391 66777 20043 629 7080 15322 408 55377 7439 47938 38311 6232 4859 1426 269 3060 17771 402 1249 4812 283 10548 815 19414 1100 32501 18588 12619 2168 5969 7331 948 993 22167 46734 33228 6184 5979 205 4060 1695 1085 2365 287 6266 2311 2067 4922 29325 535 15437 229 10451 17178 13506 2338 12978 1459 1335 1110
cat_boundaries=0 2 4 6 8 10 11 12 14 16 18 19 20 21 22 24 25 26 27 29 31 32 34 36 38 40 42 44 46 48 49 51 53 54
cat_threshold=2646883030 17578 303038466 8196 84 2 704520 68 672801 2112 10 525312 34603008 4 131072 2048 335810560 168 4203010 512 147456 1 538968072 256 2 1 12 163840 4 16785408 17408 29360130 537395200 2048 17041410 17448 537952256 8196 1076920320 16 540017696 10752 17408 64 540082208 769 1048608 257 3145728 33619968 4609 8 260 4
is_linear=0
shrinkage=0.03


Tree=35
num_leaves=127
num_cat=53
split_feature=0 5 5 46 5 2 5 5 45 31 0 0 46 33 2 5 5 5 0 0 0 5 5 5 0 47 32 30 5 0 5 12 28 11 29 2 5 26 5 5 5 0 0 11 0 5 12 0 0 5 38 5 0 2 5 5 5 0 5 0 5 0 3 0 21 31 5 0 5 5 5 0 11 4 21 5 0 28 11 5 5 0 12 0 5 20 5 36 37 5 21 11 0 5 0 0 5 5 12 0 5 24 0 5 2 0 0 5 11 22 11 4 12 0 11 29 24 24 12 0 5 5 12 2 20 5
split_gain=4599.85 3266.75 2003.08 1811.67 1380.99 1091.68 1082.94 1019.36 1010.78 1002.79 749.102 751.977 737.382 675.976 622.19 2559.54 1586.22 1009.8 957.015 627.904 5882.79 779.76 652.839 539.092 736.15 515.38 511.542 495.655 440.307 703.585 424.963 538.369 420.833 508.873 727.437 412.597 537.179 405.946 395.085 391.385 361.638 351.333 345.961 427.455 340.022 326.56 318.817 310.108 298.371 297.192 296.367 294.754 481.685 294.16 544.907 362.148 290.834 286.839 532.427 465.415 409.656 1193.44 441.425 384.004 308.697 285.75 284.256 280.706 574.617 371.911 277.321 275.607 275.564 262.744 261.354 327.246 1048.62 822.534 260.585 576.954 249.599 1014.44 613.564 297.352 821.816 348.398 248.814 272.153 246.414 267.161 244.673 228.657 473.552 303.607 225.806 508.532 223.697 220.945 218.449 215.614 322.912 213.446 212.72 290.523 212.549 211.813 665.212 421.495 276.084 211.518 470.548 210.833 792.813 215.461 209.19 207.79 202.301 200.954 200.057 197.012 227.558 194.902 194.712 194.156 219.668 193.148
threshold=13030.000000000002 0 1 6.1071429252624521 2 3 4 5 17.144999504089359 0.062716279178857817 61.500000000000007 6250.0000000000009 1.8000001907348635 6.5500001907348642 6 7 8 9 325.00000000000006 425.00000000000006 475.00000000000006 10 11 12 325.00000000000006 43.454999923706062 0.23673103004693988 0.16381880640983584 13 1560.0000000000002 14 0.64414587616920482 0.08344509452581407 0.3744682669639588 0.04237759672105313 15 16 0.10922185331583024 17 18 19 90.000000000000014 1225.0000000000002 0.24372619390487674 90.000000000000014 20 0.12332734838128091 850.00000000000011 1560.0000000000002 21 20.050000190734867 22 325.00000000000006 23 24 25 26 715.00000000000011 27 155.00000000000003 28 615.00000000000011 29 615.00000000000011 0.066236898303031935 0.072578333318233504 30 325.00000000000006 31 32 33 45.000000000000007 -0.83847111463546742 34 0.14783938229084018 35 1225.0000000000002 0.1071726903319359 -0.7386675477027892 36 37 1225.0000000000002 0.46611291170120245 1225.0000000000002 38 40.500000000000007 39 1.6500005722045901 20.050000190734867 40 0.055930461734533317 0.24372619390487674 1715.0000000000002 41 950.00000000000011 715.00000000000011 42 43 -0.048362832516431802 1410.0000000000002 44 1.0264130234718325 1280.0000000000002 45 46 950.00000000000011 850.00000000000011 47 0.35846313834190374 0.14047995954751971 0.24372619390487674 48 -0.39827153086662287 850.00000000000011 -0.022576250135898587 0.04441503249108792 1.0198137760162356 0.9829549789428712 0.48126256465911871 950.00000000000011 49 50 0.79773375391960155 51 61.500000000000007 52
decision_type=2 9 9 2 9 9 9 9 2 8 2 2 2 2 9 9 9 9 2 2 2 9 9 9 2 2 8 10 9 2 9 2 8 2 10 9 9 10 9 9 9 2 2 2 2 9 2 2 2 9 2 9 2 9 9 9 9 2 9 2 9 2 1 2 8 8 9 2 9 9 9 2 2 9 10 9 2 8 2 9 9 2 2 2 9 2 9 2 2 9 8 2 2 9 2 2 9 9 2 2 9 2 2 9 9 2 2 9 2 8 2 9 2 2 2 10 2 2 2 2 9 9 2 9 2 9
left_child=1 6 12 4 5 25 72 53 38 27 56 13 78 32 17 42 50 18 88 22 -21 111 -20 24 118 30 47 70 -18 41 31 86 -12 44 51 36 117 66 -4 46 -10 -30 -16 -44 -34 -27 73 -23 74 -37 -17 52 -35 55 -55 -5 71 59 -59 65 63 -62 64 -61 -63 -33 -32 69 -69 98 115 -8 -1 -24 75 76 -25 -78 -2 -80 81 82 -43 125 85 -85 87 -3 89 -11 -77 -52 93 -93 95 97 -31 -70 -46 -96 101 -101 103 -38 -29 106 107 -28 -109 -58 -111 112 113 -22 -67 -6 -99 -9 -7 120 -56 -15 -68 124 -117 -82
right_child=2 3 8 7 9 23 10 35 40 14 11 -13 -14 121 15 16 28 -19 19 20 21 26 39 48 -26 45 105 104 29 96 37 57 33 34 -36 49 102 -39 -40 -41 -42 80 43 -45 67 -47 -48 -49 -50 -51 91 -53 -54 54 119 -57 109 58 -60 60 61 62 -64 -65 -66 114 122 68 94 -71 -72 -73 -74 -75 -76 90 77 -79 79 -81 83 -83 -84 84 -86 -87 -88 -89 -90 -91 -92 92 -94 -95 99 -97 -98 116 -100 100 -102 -103 -104 -105 -106 -107 -108 108 -110 110 -112 -113 -114 -115 -116 123 -118 -119 -120 -121 -122 -123 -124 -125 -126 -127
leaf_value=-0.0013330882724115675 -0.099591561646020704 0.003518720375863578 -0.067781742791706151 0.0053696092197203756 -0.0086188121149114727 -0.042585766899597935 0.026389222594480666 -0.075856595232640156 0.054118813893324888 -0.028900645358390625 0.0082889456302087314 -0.078284789357866563 -0.11650631829843683 0.0028159346483967724 -0.082998531195335082 0.0015455503296704569 -0.0080403645121379461 -0.000574361419111145 0.021686241767011991 -0.15986455649104234 -0.05095865028969785 -0.0013696192282296245 -0.033262565181274635 0.0098749402178333924 -0.070399541392770798 -0.013114780611103799 0.0086113912542194818 0.010525144609463955 -0.056394455795162828 0.026131829737827478 0.011183440357835016 0.0036252956915647063 0.033398650367470348 -0.025534679553243522 0.0018332658224963765 0.01141143700233563 0.0064060770051316968 0.0052797970324712992 -0.011496613531253126 0.0035645165405296889 -0.0039334460991833891 -0.12376752545436223 -0.0051084910050223139 -0.074397788540255735 0.0090495103587826895 0.0021547283158448176 -0.016884635273575203 -0.032083611676086969 0.008088853757117825 0.0044061229799262254 -0.0020953255940844855 -0.0037958799396757498 -0.0072794348834718421 0.0011538721638358939 -0.0053871856692803066 -0.0039857489226275081 -0.0059780264980314919 0.021009740693653738 -0.015799075083808675 -0.032452719298520935 -0.025601981567889936 -0.017741566677705958 -0.12842707318845001 -0.010653691802996973 -0.077705032680746453 -0.015121373638315623 -0.012071252019156917 0.0097605815504944304 0.0068709412606435538 -0.0056499724302755995 -0.0024157062749329342 -0.012101137579382561 0.015642193770752939 0.0067630172457891031 -0.02529772303558879 0.0069022096632110333 -0.051995338546645085 -0.005508306622429758 -0.0062777401737331108 -0.079035424358176384 -0.0053712239811511122 -0.018203100469027296 -0.027805907695421149 -0.068159143071031519 -0.048251533154824715 -0.011365354385684675 -0.014641260111401742 -0.010658935634185251 -0.0093648216254976248 -0.014253774840246135 -0.0057216564558279703 -0.01302794353723403 -0.071660634600252751 0.0018637543609702309 0.0036456031570008705 -0.053678936053474471 -0.010512106175135288 -0.0028864659747372774 -7.7582928156251269e-05 -0.060234020087507459 0.0052169965461994344 -0.013638516494104165 0.025690941116107362 -0.0059346240038030242 -0.00035302842211837278 -0.0055414061850985914 -0.071394995673228115 -0.013790605721284752 -0.045670110420501148 -0.013240791146848552 -0.069323060438036918 0.0074884804893343105 0.0022566084932227159 -0.018490721357834718 -0.059276041151815145 0.013502070120351513 -0.024737193974145678 -0.023998653156601865 0.0010644224828907421 -0.0074110623367554954 -0.023035269735481128 0.0098188679360635689 -0.0061077417891346065 0.0077175794919374452 -0.0013616242735704732 -0.017629992985080185
leaf_weight=992 118 2148 310 6610 1338 121 188 100 131 1774 6612 104 353 5270 383 15269 16602 73921 1303 223 234 378 167 5540 257 1739 699 5923 206 442 564 858 305 2011 11447 7381 2864 1736 198 6275 304 143 157 163 3232 4501 1971 1362 1876 20982 16020 5183 3684 6183 1046 8500 224 393 2964 1135 2382 108 114 2026 277 1108 16192 9180 2130 9129 26019 1469 6492 1215 517 1437 366 5150 183 228 3122 1529 104 100 786 2631 3933 2814 3797 3284 35464 3582 106 1878 19197 171 220 7105 8741 154 442 208 279 4252 2230 8351 176 1601 288 276 263 3010 6087 859 105 1030 402 206 419 6492 1868 11314 7088 6182 6776 1858
leaf_count=992 118 2148 310 6610 1338 121 188 100 131 1774 6612 104 353 5270 383 15269 16602 73921 1303 223 234 378 167 5540 257 1739 699 5923 206 442 564 858 305 2011 11447 7381 2864 1736 198 6275 304 143 157 163 3232 4501 1971 1362 1876 20982 16020 5183 3684 6183 1046 8500 224 393 2964 1135 2382 108 114 2026 277 1108 16192 9180 2130 9129 26019 1469 6492 1215 517 1437 366 5150 183 228 3122 1529 104 100 786 2631 3933 2814 3797 3284 35464 3582 106 1878 19197 171 220 7105 8741 154 442 208 279 4252 2230 8351 176 1601 288 276 263 3010 6087 859 105 1030 402 206 419 6492 1868 11314 7088 6182 6776 1858
internal_value=-0.00225899 -0.00209137 -0.0497902 -0.00337113 -0.00427029 -0.00715459 0.00234518 0.00114152 -0.0185691 -0.00298392 0.00158273 0.00195965 -0.0819731 0.00203918 -0.00401235 -0.00635824 -0.00573278 -0.00270194 -0.00635379 -0.00407907 -0.00686518 -0.00537777 0.00185158 -0.00403778 -0.0283558 -0.0102079 -0.0102864 0.000802673 -0.0111503 -0.015772 -0.0113086 -0.0145474 0.00100651 0.000424325 -0.00344572 0.00456087 -0.0015972 -0.00872049 -0.0474671 -0.000856337 0.014784 -0.0176812 -0.0628569 -0.0405245 0.00185489 -0.00211965 -0.00911438 -0.0254159 -0.00364673 0.00623286 -0.00165261 -0.00900049 -0.013705 -0.00287597 -0.00576606 0.000107762 -0.0149175 -0.01885 -0.0114694 -0.0219022 -0.0261089 -0.0343411 -0.0766099 -0.0184304 -0.0609737 -0.00962294 -0.00974364 0.00169424 0.00320267 -0.00109283 -0.000530488 -0.00767453 0.0133744 0.0019058 -0.00410182 -0.0038728 0.000656137 -0.0086017 -0.0602995 -0.0488042 -0.0168995 -0.0271924 -0.0836377 -0.0146959 -0.0213912 -0.01342 -0.00901397 -0.004513 -0.0151447 -0.0194809 -0.00522847 -0.00391558 -0.00915331 -0.00792689 0.00117916 -0.00254893 0.0141922 -0.00163619 0.00238475 0.00300794 -0.012203 -0.0326722 4.20784e-05 -0.000966957 0.00756255 -0.00792514 -0.0151226 -0.0112697 -0.0185743 -0.0301215 -0.0406833 0.000824306 -0.00196896 -0.025482 -0.0189892 0.00266984 -0.00405431 -0.0398399 -0.00877709 -0.0103109 -0.0168019 0.00760142 -0.0102515 0.00375208 0.000600346 -0.00999368
internal_weight=519619 517794 1825 401869 335106 103332 115925 66763 943 231774 108441 106021 882 105917 182276 65301 64598 116975 43054 34199 23268 23045 10931 51147 797 52185 12855 49498 27743 11141 45945 20365 89333 82721 22325 36064 7701 25580 508 9628 435 10479 703 320 60396 6240 3353 1740 50350 28363 36855 10878 5695 30699 15589 15110 2420 11470 3357 8113 6042 2881 499 3161 385 2071 23844 60091 38989 21102 41345 1657 7484 1382 48474 47957 11056 5516 529 411 10273 1776 247 8497 3517 2731 8895 4962 8855 5058 36901 21586 5566 5460 29809 9808 662 9637 11973 20001 804 362 7395 7116 8153 11115 2764 2588 1889 763 539 10190 7180 1093 1213 15326 7507 306 540 9406 2914 16584 23280 13988 7806 4980
internal_count=519619 517794 1825 401869 335106 103332 115925 66763 943 231774 108441 106021 882 105917 182276 65301 64598 116975 43054 34199 23268 23045 10931 51147 797 52185 12855 49498 27743 11141 45945 20365 89333 82721 22325 36064 7701 25580 508 9628 435 10479 703 320 60396 6240 3353 1740 50350 28363 36855 10878 5695 30699 15589 15110 2420 11470 3357 8113 6042 2881 499 3161 385 2071 23844 60091 38989 21102 41345 1657 7484 1382 48474 47957 11056 5516 529 411 10273 1776 247 8497 3517 2731 8895 4962 8855 5058 36901 21586 5566 5460 29809 9808 662 9637 11973 20001 804 362 7395 7116 8153 11115 2764 2588 1889 763 539 10190 7180 1093 1213 15326 7507 306 540 9406 2914 16584 23280 13988 7806 4980
cat_boundaries=0 2 4 6 7 9 11 12 13 15 17 19 21 22 23 25 26 28 30 31 33 35 37 38 39 41 42 43 44 46 47 48 49 51 53 54 56 57 59 61 63 65 67 69 70 71 73 74 76 77 79 81 82 84
cat_threshold=423897174 42 303038466 8192 35177513 2128 5 16 2 78299777 452 6 131072 77598848 9349 1084297216 8197 1082195968 1 0 4 1 3758162432 1573920 2048 8 0 16384 524288 4 1075838976 0 16388 35160064 64 1073742848 22528 289415170 10 33409 384 77742208 68 524288 1048576 2048 2 1 4202502 268697668 40 2097664 641 1 34635808 64 1048576 0 4096 0 512 32 2048 0 1 8388608 133 0 4096 134481920 134219776 34603008 9233 6 0 4 4 16384 4 406855680 32 2 0 16640
is_linear=0
shrinkage=0.03


Tree=36
num_leaves=127
num_cat=13
split_feature=0 46 21 11 4 13 25 4 0 22 25 22 26 27 27 8 26 0 25 3 25 25 23 0 0 25 45 11 17 4 0 25 4 3 21 28 23 23 27 25 25 27 0 44 25 44 25 25 0 25 25 0 0 0 4 27 41 23 0 22 4 0 25 25 0 4 0 39 3 0 0 0 25 27 0 27 4 0 26 26 31 0 27 31 22 0 26 25 22 32 0 0 4 0 4 27 25 26 20 25 25 25 27 44 25 27 0 26 25 27 32 25 27 27 0 20 31 47 27 22 25 22 23 23 44 31
split_gain=4761.59 2434.15 1472.42 1143.36 879.84 837.847 741.329 656.665 730.07 848.172 591.147 512.447 456.28 386.08 572.512 414.91 362.583 343.262 414.683 495.473 334.994 326.42 326.542 283.352 595.701 271.977 672.09 262.684 271.21 258.201 256.88 390.221 439.262 346.862 241.751 241.541 236.809 233.798 225.378 241.595 236.526 292.656 337.959 427.898 460.282 298.202 238.685 224.908 223.717 221.466 280.934 389.012 642.353 423.704 303.776 259.86 312.342 219.727 261.546 432.123 240.863 216.494 214.189 421.899 594.705 708.324 409.078 318.079 225.226 476.022 308.186 250.646 204.038 197.224 189.705 468.609 188.497 560.242 259.37 242.986 249.914 262.893 227.393 310.841 231.995 212.057 240.532 393.129 244.524 187.74 187.441 186.467 185.524 185.227 526.868 391.882 547.478 253.166 256.083 309.176 440.839 508.774 1179.88 319.115 184.79 184.352 179.87 212.828 179.347 176.363 217.593 170.359 167.104 277.87 228.743 166.817 166.557 165.155 164.967 163.303 156.847 154.423 276.057 154.556 154.307 153.199
threshold=13030.000000000002 6.8285715579986581 0.084427561610937132 0.3744682669639588 0 38.500000000000007 7.5000000000000009 1 19050.000000000004 0.10266805812716485 29.500000000000004 -0.081030964851379381 0.065306846052408232 0.17337424308061603 0.1575826704502106 7.5000000000000009 0.28312641382217413 325.00000000000006 23.500000000000004 2 69.500000000000014 14.500000000000002 0.048478709533810622 1715.0000000000002 1940.0000000000002 77.500000000000014 11.625000000000002 0.056951373815536506 8.5000000000000018 3 110.00000000000001 68.500000000000014 4 5 0.087768755853176131 0.08344509452581407 0.05960375256836415 0.10777157172560693 0.060448419302701957 69.500000000000014 74.500000000000014 0.064750330522656455 715.00000000000011 0.10449999943375589 77.500000000000014 0.088500000536441817 78.500000000000014 78.500000000000014 45.000000000000007 99.000000000000014 102.50000000000001 715.00000000000011 1225.0000000000002 425.00000000000006 6 0.14242830872535708 66.500000000000014 0.07194120436906816 1560.0000000000002 -1.542850613594055 7 2375.0000000000005 15.500000000000002 19.500000000000004 950.00000000000011 8 615.00000000000011 11.250000000000002 9 950.00000000000011 1280.0000000000002 1410.0000000000002 10.500000000000002 0.05270845256745816 1715.0000000000002 0.15358696132898333 10 615.00000000000011 0.1189631186425686 0.090180225670337691 0.072578333318233504 325.00000000000006 0.08212983608245851 0.099801976233720793 0.20159854739904406 950.00000000000011 0.13882523775100711 97.500000000000014 0.092693403363227858 0.17597246170043948 1560.0000000000002 90.000000000000014 11 1225.0000000000002 12 0.10038758814334871 75.500000000000014 0.091656714677810683 36.500000000000007 42.500000000000007 18.500000000000004 30.500000000000004 0.16058247536420825 0.093499999493360533 75.500000000000014 0.1045757830142975 155.00000000000003 0.025458040647208694 42.500000000000007 0.1045757830142975 0.17632375657558444 114.50000000000001 0.064750330522656455 0.058047603815793998 475.00000000000006 28.500000000000004 0.054765464738011367 9.3350000381469744 0.15358696132898333 0.17266365140676501 66.500000000000014 -0.34487439692020411 0.10777157172560693 0.06534933298826219 0.10750000178813936 0.029300268739461902
decision_type=2 2 8 2 9 2 2 9 2 8 2 10 10 2 2 2 10 2 2 1 2 2 10 2 2 2 2 2 2 9 2 2 9 1 10 10 10 10 2 2 2 2 2 2 2 2 2 2 2 2 2 2 2 2 9 2 2 10 2 10 9 2 2 2 2 9 2 2 1 2 2 2 2 2 2 2 9 2 10 10 8 2 2 10 10 2 10 2 10 10 2 2 9 2 9 2 2 10 2 2 2 2 2 2 2 2 2 10 2 2 10 2 2 2 2 2 10 2 2 10 2 10 10 10 2 10
left_child=1 2 4 5 16 27 -2 118 -9 -10 -11 30 21 14 15 -12 -1 18 19 29 62 -6 106 38 -25 -17 -27 112 -29 72 31 32 -5 -33 -35 37 -18 -14 39 -3 115 -42 45 47 -45 46 104 -44 -20 61 51 53 -53 92 -55 56 124 58 60 -60 -37 -22 -19 64 65 -64 -67 117 70 120 -65 -72 -7 -62 90 -76 79 78 111 80 -13 -82 84 85 116 86 87 88 -84 -59 93 -21 -51 -32 95 96 -95 98 -96 100 -100 102 -102 -103 -43 -71 125 -108 -73 -87 -111 -78 113 -4 -114 -40 -79 -68 -8 121 -70 122 123 -24 -54 -23
right_child=6 23 3 11 12 17 7 8 9 10 13 76 35 -15 -16 25 36 20 48 91 49 22 119 24 -26 26 -28 28 -30 -31 74 33 -34 34 -36 57 -38 -39 40 -41 41 42 43 44 -46 -47 -48 -49 -50 50 -52 52 55 54 -56 -57 -58 89 59 -61 73 -63 63 68 -66 66 67 -69 69 105 71 108 -74 -75 75 -77 77 82 -80 -81 81 -83 83 -85 -86 109 -88 -89 -90 -91 -92 -93 -94 94 97 -97 -98 -99 99 -101 101 103 -104 -105 -106 -107 107 -109 -110 110 -112 -113 114 -115 -116 -117 -118 -119 -120 -121 -122 -123 -124 -125 -126 -127
leaf_value=0.016364092991601218 0.010355288043572771 0.0042222158525792829 -0.0030997359537500583 -0.041865636000803001 0.01247960152745403 -0.027424262285151373 -0.046360423437186646 -0.11197925403362184 0.0093812383849368065 -0.12732961865682754 -0.10777813591636144 -0.0065395963411116675 0.0041384004528872481 -0.11156821823890993 0.013825271927884648 -0.073908766882581856 -0.032315489426475656 0.003109480638892854 0.015777188181762235 -0.0365349948055931 0.00022589926631930046 -0.0074594313792739004 0.0046046333084258451 -0.083193760987084642 -0.0023363545100781634 -0.065955159736287072 0.031872917992185876 -0.0057862707541128135 -0.00082842584163498407 0.014105662858380785 -0.0069084704183485258 0.010447389006614686 -0.0080289725185301239 -0.068464571514299938 -0.027686646357957579 0.037229008390568197 0.0045065074798185381 0.016646434185082971 -0.030735733263510541 0.011917399847663534 0.021071233643487116 -0.028388753746518128 -0.0035193900775057465 -0.079185595732256767 0.0022101173152969705 0.0024119126873553671 -0.03062030338122123 0.0049366449067391217 -0.0071849541571189744 -0.015235666553721881 -0.0017610018049284068 0.0067750935759717202 -0.035202503812093382 0.0074277801678251862 -0.041394968805870097 -0.0082032823065931789 -0.017790306995196088 0.0060245549461352861 -0.082449567101430143 0.0019075516038574278 0.008865710454519787 -0.037700705449131094 0.0087166860506704968 -0.0059022209903099587 0.0034052392804650995 -0.023102800791670104 -0.076762998269216426 -0.10233539007182391 0.0068118983690226582 0.0048399689538834185 0.054160802245140076 -0.021282907305833172 0.0025391345739532315 -0.0070416683808689172 0.0025879984838466574 -0.08153545420265422 0.0034902126895754453 -0.025045407035274147 0.017458035572700571 -0.0033147389170431439 -0.032632899830551433 -0.010977799442988509 -0.035265799802076073 -0.018504455430961821 -0.023220126667775825 0.0030392260121717774 0.0038518682002244187 -0.077896591552040151 0.00058150192806206177 -0.00051256700668118405 0.008632490035054596 -0.0068487433345393554 0.014570250909842019 -0.006490633807491401 -0.066669683738629207 -0.0031829839528922338 -0.038931020680665437 -0.067922375616100095 -0.0027071412305884964 -0.010611669149262674 -0.015287469206290824 -0.06506408733008627 -0.15873593896922497 -0.010030353887497817 0.0050731538690973162 -0.013152658836894043 -0.0093477591775663407 -0.026283509260469701 0.017322721451209014 -0.040753032111749056 -0.0037708453432645744 -0.025926023293343502 -0.0046565723479100396 0.0039711801635928566 0.00040222104942961201 0.0038531228523256069 -0.0050124348080892913 -0.034722779031832796 -0.0030013740230614028 0.010654750692610042 -0.017379230725827376 -0.0043717818620412864 0.010435275626197256 -0.0052421448925510216 -0.085804408651991862 0.0061376913269355375
leaf_weight=4459 163 15304 6621 385 1216 217 125 253 156 123 129 3703 11028 100 111 190 168 2906 384 200 33888 3319 2125 103 388 156 105 15318 28231 2035 40108 114 3284 251 277 127 2249 1531 125 4831 525 226 5077 124 125 816 847 6396 48427 571 18456 2314 116 133 820 1541 597 6730 100 119 838 135 417 37438 919 937 110 105 4813 649 119 152 3311 4281 136 105 4790 416 1298 8633 829 1291 299 1030 1004 6588 488 101 399 9583 630 3649 279 1242 105 5447 751 107 303 1517 106 140 100 291 429 2428 2731 884 370 149 3162 183 10346 20445 36149 31732 3593 366 212 965 253 10815 2111 4411 105 961
leaf_count=4459 163 15304 6621 385 1216 217 125 253 156 123 129 3703 11028 100 111 190 168 2906 384 200 33888 3319 2125 103 388 156 105 15318 28231 2035 40108 114 3284 251 277 127 2249 1531 125 4831 525 226 5077 124 125 816 847 6396 48427 571 18456 2314 116 133 820 1541 597 6730 100 119 838 135 417 37438 919 937 110 105 4813 649 119 152 3311 4281 136 105 4790 416 1298 8633 829 1291 299 1030 1004 6588 488 101 399 9583 630 3649 279 1242 105 5447 751 107 303 1517 106 140 100 291 429 2428 2731 884 370 149 3162 183 10346 20445 36149 31732 3593 366 212 965 253 10815 2111 4411 105 961
internal_value=-0.00225276 -0.00208219 -0.00287611 -0.00361663 0.00109727 -0.00267642 -0.0506389 -0.0566307 -0.0661502 -0.0552196 -0.0662437 -0.00649969 -4.40589e-07 -0.0565961 -0.0484909 -0.0604202 0.011293 -0.00402682 -0.00589224 -0.000126548 -0.00304775 -0.00273416 -0.00338778 0.00325071 -0.0194329 -0.0466659 -0.0266276 -0.000725815 -0.0025724 0.00559854 -0.00833947 -0.0153719 -0.01159 -0.0369339 -0.0471644 0.00235122 0.00193479 0.00566439 0.00341834 0.00606903 0.00226853 -0.000898413 -0.00172137 0.000348761 -0.0384789 -0.0121855 -0.0201123 0.00119472 -0.00700399 -0.00149972 -0.0036476 -0.00902312 -0.00445393 -0.0208565 -0.0345807 -0.015467 -0.029124 0.000440404 -0.00476533 -0.0368114 -0.00342077 7.43065e-05 -0.00480337 -0.00527198 -0.0164643 -0.0258979 -0.0354061 -0.0551744 -0.00458056 -5.20229e-05 -0.00554894 0.0150619 0.000688899 -0.00443635 -0.00774576 -0.0342488 -0.00381427 -0.00215597 0.00552124 -0.0065097 -0.0112451 -0.0194572 -0.00495047 -0.00274223 -0.01033 -0.00128933 -0.0127399 -0.0228657 -0.0148028 0.00218456 -0.00761947 -0.00840038 -0.00544669 -0.00782353 -0.011453 -0.00734913 -0.0187282 -0.0228858 -0.0209791 -0.0190002 -0.0325122 -0.046663 -0.0853531 -0.028016 -0.00649816 -0.00935732 -0.00856887 -0.0134953 0.00606204 0.000200538 -0.0054469 0.00240274 0.000367405 0.00224141 -0.00072353 0.00371644 -0.00709691 -0.0445785 -0.0191737 -0.00138498 0.00560058 -0.00198247 0.00100606 -0.00204052 -0.0595223 -0.00440571
internal_weight=519247 517424 450376 379625 70751 286270 1823 1660 1323 1070 914 93355 63875 791 691 580 6876 169160 58223 9412 110937 29538 28322 67048 491 451 261 117110 43549 5563 55399 4311 3669 642 528 34337 2417 12559 66557 20135 46422 14565 14040 11722 249 2318 1502 11473 48811 58955 24932 6476 4673 1803 953 2359 818 21778 5465 219 5246 34023 51982 49076 2854 1935 1518 581 46222 8143 38079 641 3528 5119 51088 241 37956 23500 6271 14456 5823 2120 17229 12216 5013 11186 1287 799 698 16313 50847 3849 850 50217 10109 7440 1993 2669 2562 2457 940 637 206 431 655 3077 7895 3615 522 9899 3311 4973 73561 27066 46495 31857 4009 476 337 20427 5066 19462 8647 6536 221 4280
internal_count=519247 517424 450376 379625 70751 286270 1823 1660 1323 1070 914 93355 63875 791 691 580 6876 169160 58223 9412 110937 29538 28322 67048 491 451 261 117110 43549 5563 55399 4311 3669 642 528 34337 2417 12559 66557 20135 46422 14565 14040 11722 249 2318 1502 11473 48811 58955 24932 6476 4673 1803 953 2359 818 21778 5465 219 5246 34023 51982 49076 2854 1935 1518 581 46222 8143 38079 641 3528 5119 51088 241 37956 23500 6271 14456 5823 2120 17229 12216 5013 11186 1287 799 698 16313 50847 3849 850 50217 10109 7440 1993 2669 2562 2457 940 637 206 431 655 3077 7895 3615 522 9899 3311 4973 73561 27066 46495 31857 4009 476 337 20427 5066 19462 8647 6536 221 4280
cat_boundaries=0 1 2 3 4 5 6 7 8 9 10 11 12 13
cat_threshold=2 1 2 1 2 2 1 4 2 2 1 1 4
is_linear=0
shrinkage=0.03


Tree=37
num_leaves=127
num_cat=36
split_feature=0 5 2 5 5 5 4 0 33 33 48 5 45 8 30 0 5 5 0 13 23 5 12 0 25 0 5 27 5 48 25 12 5 8 0 27 0 4 0 25 5 5 0 5 31 5 12 0 0 23 5 0 0 0 21 0 0 0 5 0 23 5 27 0 0 23 27 25 5 31 27 0 0 3 0 0 0 0 25 27 0 25 0 20 25 20 23 23 25 12 5 30 0 5 0 27 5 0 0 0 0 5 25 5 5 27 5 25 21 25 27 25 5 3 5 27 25 5 0 20 5 27 27 39 27 5
split_gain=4169.98 3124.91 2114.98 3365.62 2052.57 1942.79 1594.08 1451.47 1175.95 1032.51 1007.55 845.698 815.084 781.592 731.679 561.418 547.947 533.844 525.705 557.815 486.064 532.383 521.907 516.367 513.102 734.009 482.036 476.296 1244.43 475.552 664.75 599.911 1217.34 465.491 461.231 435.111 425.999 968.983 1935.25 742.299 425.502 415.853 408.847 406.261 437.054 390.728 390.546 365.681 365.221 610.761 472.446 2110.55 482.324 1182.51 439.804 365.044 363.6 388.346 349.246 409.476 648.438 346.183 427.462 514.106 345.492 342.791 339.162 789.877 334.295 369.149 333.465 331.171 339.701 444.549 327.451 956.488 713.818 679.289 506.529 399.79 315.841 312.139 312.049 311.226 310.412 307.164 301.866 293.903 326.643 291.16 287.278 284.77 282.027 635.834 278.683 779.445 694.526 746.836 3259.17 572.666 400.728 365.608 342.797 336.482 277.683 546.987 277.57 274.218 274.202 266.517 276.883 490.535 265.03 264.18 264.158 593.461 402.74 263.87 261.807 353.899 284.721 684.062 327.089 284.818 257.273 562.012
threshold=13030.000000000002 0 1 2 3 4 5 1715.0000000000002 1.5500001907348635 6.6500005722045907 54.750000000000007 6 16.634999275207523 3.5000000000000004 0.088881377130746855 1560.0000000000002 7 8 1225.0000000000002 24.500000000000004 0.12228051945567132 9 -1.0000000180025095e-35 225.00000000000003 20.500000000000004 325.00000000000006 10 0.053263295441865928 11 6.9500000476837167 89.500000000000014 -0.048362832516431802 12 5.5000000000000009 2375.0000000000005 0.052256155759096153 325.00000000000006 13 950.00000000000011 17.500000000000004 14 15 155.00000000000003 16 0.054671371355652816 17 -0.9711191952228545 155.00000000000003 325.00000000000006 0.081555202603340163 18 950.00000000000011 850.00000000000011 950.00000000000011 0.087978087365627303 6250.0000000000009 325.00000000000006 950.00000000000011 19 1280.0000000000002 0.10130250453948976 20 0.069445703178644194 1280.0000000000002 61.500000000000007 0.10042453557252885 0.11874964460730554 76.500000000000014 21 0.048095963895320899 0.051913643255829818 90.000000000000014 45.000000000000007 22 325.00000000000006 850.00000000000011 950.00000000000011 225.00000000000003 67.500000000000014 0.058047603815793998 90.000000000000014 77.500000000000014 1560.0000000000002 75.500000000000014 58.500000000000007 104.50000000000001 0.038110742345452316 0.058227287605404861 66.500000000000014 -0.23537842929363248 23 0.058018375188112266 615.00000000000011 24 850.00000000000011 0.059944719076156623 25 475.00000000000006 425.00000000000006 950.00000000000011 325.00000000000006 26 120.50000000000001 27 28 0.053855204954743392 29 59.500000000000007 0.11839113011956216 80.500000000000014 0.092709075659513487 113.00000000000001 30 31 32 0.055219287052750594 14.500000000000002 33 1560.0000000000002 39.500000000000007 34 0.16058247536420825 0.060448419302701957 9.9000000953674334 0.076740767806768431 35
decision_type=2 9 9 9 9 9 9 2 2 2 2 9 2 2 10 2 9 9 2 2 10 9 2 2 2 2 9 2 9 2 2 2 9 2 2 2 2 9 2 2 9 9 2 9 8 9 2 2 2 8 9 2 2 2 8 2 2 2 9 2 10 9 2 2 2 8 2 2 9 10 2 2 2 1 2 2 2 2 2 2 2 2 2 2 2 2 10 8 2 2 9 8 2 9 2 2 9 2 2 2 2 9 2 9 9 2 9 2 10 2 2 2 9 1 9 2 2 9 2 2 9 2 2 2 2 9
left_child=1 8 4 7 117 10 13 17 15 14 -2 36 65 -5 26 20 70 114 -15 -20 21 22 106 45 25 -25 35 28 -23 30 61 32 -31 124 -9 41 47 38 39 -38 -11 -6 -19 44 -29 -24 -34 84 54 -50 51 89 -52 -54 -45 -36 104 113 -33 71 -61 -8 -63 66 91 -7 67 -64 -22 -70 -16 72 -60 -74 77 -76 -77 81 79 -79 -48 -46 92 -67 -10 -85 -56 -66 -89 -51 -44 -47 93 -39 95 101 97 98 100 -96 -97 -35 -99 -101 -13 -106 -1 -95 -55 -78 111 -111 -14 -58 115 116 -4 -3 119 -82 -121 122 123 -122 -28 -126
right_child=5 2 3 6 9 12 29 34 11 40 -12 56 112 18 16 -17 -18 42 19 -21 68 27 23 24 -26 -27 33 43 -30 31 -32 58 46 94 55 -37 37 82 -40 -41 -42 -43 90 48 74 64 80 -49 49 50 52 -53 53 108 86 -57 57 -59 59 60 -62 62 63 -65 87 83 -68 -69 69 -71 -72 -73 73 -75 75 76 109 78 -80 -81 118 -83 -84 85 -86 -87 -88 88 -90 -91 -92 -93 -94 107 99 96 -98 102 -100 103 -102 -103 -104 -105 105 -107 -108 -109 -110 110 -112 -113 -114 -115 -116 -117 -118 -119 -120 120 121 -123 -124 -125 125 -127
leaf_value=-0.011103301214627005 -0.11052181004700454 0.013080711928262002 -0.048387569739099807 -0.014154959849811128 0.011727416015785331 -0.002856180513911742 -0.0062276919115613243 -0.081663336108302384 -0.00088918076933889711 0.0091869866021808272 -0.046306540446063672 0.005081248810186653 0.045478826221078635 -0.091267540171698747 -0.011892744578397632 0.0074610271709409518 0.0060502456672995916 -0.0045677546659995526 -0.08537734870956494 -0.0047029268632384491 -0.030289724363540004 0.015232430429894235 0.014894666984536394 -0.011465104875756678 -0.0074649057813633542 -0.052426056013363462 -0.004596472805692523 0.0129726790713658 -0.0046091557492526029 -0.0073291429833573759 -0.02197200304443224 -0.0039026607369966075 -0.0075879760159229025 0.0058766715375063285 -0.0097038459183541349 0.00097022696440606502 -0.099663486131306378 0.020949564819750893 0.026603762347389148 -0.010160020521363696 0.0016656374775729538 -0.0059802991641305751 0.015966950858147224 -0.017982594495009226 -0.00964151261385977 0.043754596140454793 -0.06751377349362081 0.011706237556326462 -0.047107981899489629 0.0042406043539452787 0.0012292571900796329 0.015797084978715389 -0.080987131956651387 -0.0076007273037528101 -0.0029318117262920633 -0.074627041271754666 0.0068376316476954236 -0.00060375025922813355 0.0082716031436409262 -0.021008304279701909 -0.10098166163799897 0.015573423368159542 -0.0078884447406819998 0.033082758185764151 -0.014776493994045438 -0.024295882588508084 0.0052773030825906684 -0.093439018207021274 0.0058361674637373382 -0.016131912006650914 0.00067216587301781512 -0.0087761585074850653 -0.055225744098255578 0.0014116477884119378 0.0075081361393841764 -0.076619663373990482 -0.012804695447237162 -0.038216904037094747 -0.036765835851147406 -0.0038276523587322145 -0.088986190476463833 0.0092509119439127818 0.012518808683521 -0.11253009666612401 -0.041733842226552464 -0.042269331214742523 0.01881576380160397 -0.019988899254912366 -0.038271055583037825 -0.031506339781654416 0.00093770596215199354 -0.0088156078716693526 -0.0081840302615715944 -0.017494168663279491 0.051250144514170558 -0.040660128856633865 -0.0060433829306258081 -0.021465402295798346 -0.16511308003620928 0.0059486122342694266 0.00083476822230031395 -0.0048108238922541366 0.0064714829048332749 -0.0033439554044949115 -0.018211861374914606 -0.00064669571166274076 0.0043048485403330092 0.0073988200479576521 -0.019519700379538402 -0.00070126145519954094 -0.0012403757663474394 -0.027352488341839599 -0.0033363360767018888 0.029129450947135507 0.0038927518823942239 0.020530444835250773 0.0078503804963849875 0.006931118398563656 0.0019802029138372744 -0.024287032197917106 -0.087138310065990293 -0.092587958299300888 0.0085126702464504607 -0.030429154225198696 0.029309501924393015 -0.017504933341583571
leaf_weight=1554 459 9561 203 454 1289 140 7599 204 655 14791 426 2980 133 340 2438 2416 22618 14979 129 190 1133 3305 307 1286 18505 567 3855 1264 20020 4888 1643 11344 564 6474 304 63450 347 1011 242 110 12505 14782 1186 1705 1847 101 244 2098 423 217 3767 1215 213 9379 6733 104 10698 8735 174 663 105 1810 2546 359 2788 152 1972 100 847 3666 8617 16516 439 174 5455 131 4334 389 1178 1385 102 1370 784 121 224 107 627 2077 1531 3660 26282 1021 17314 1144 197 411 10766 1050 165 5380 426 5173 633 10024 2235 5571 3201 610 2132 1386 8013 1126 330 500 21796 2181 261 18634 191 1632 102 219 145 363 235 4387
leaf_count=1554 459 9561 203 454 1289 140 7599 204 655 14791 426 2980 133 340 2438 2416 22618 14979 129 190 1133 3305 307 1286 18505 567 3855 1264 20020 4888 1643 11344 564 6474 304 63450 347 1011 242 110 12505 14782 1186 1705 1847 101 244 2098 423 217 3767 1215 213 9379 6733 104 10698 8735 174 663 105 1810 2546 359 2788 152 1972 100 847 3666 8617 16516 439 174 5455 131 4334 389 1178 1385 102 1370 784 121 224 107 627 2077 1531 3660 26282 1021 17314 1144 197 411 10766 1050 165 5380 426 5173 633 10024 2235 5571 3201 610 2132 1386 8013 1126 330 500 21796 2181 261 18634 191 1632 102 219 145 363 235 4387
internal_value=-0.00214793 -0.00198651 -0.000303426 -0.00345688 0.0014699 -0.0468782 -0.00896448 0.00103211 -0.00521302 0.00034696 -0.0788091 -0.00158126 -0.0171051 -0.0444884 -0.000560584 -0.00685468 0.00337641 0.00145338 -0.0653326 -0.0374916 -0.0071433 -0.00671842 -0.00993713 -0.0114912 -0.00897289 -0.0240203 -0.0015907 -0.00541197 -0.00179265 -0.00823171 -0.0039001 -0.0100652 -0.0171105 -0.00392504 -0.0449209 -0.000146596 -0.00573226 -0.0072033 -0.0419228 -0.0781892 0.00574543 -0.00455581 -0.000580749 -0.00686967 -0.00425536 -0.0180411 -0.0304212 0.00490194 -0.00928859 -0.0114635 -0.0107288 -0.0186578 -0.0081041 -0.0111097 -0.0042582 -0.0263949 0.00173603 0.00413742 -0.00804082 -0.0106301 -0.0320593 -0.00183475 0.00308858 -0.00144783 -0.0193819 -0.0430206 -0.00413879 -0.0111557 -0.0157355 -0.011982 -0.00209775 -0.00968334 -0.0286862 -0.0391731 -0.00507564 -0.00324743 -0.00716173 -0.0111331 -0.0215227 -0.0113858 -0.0348142 -0.00159556 -0.0060381 -0.0577717 -0.0113334 -0.0798854 -0.00107683 -0.022101 -0.0277551 -0.029505 0.00159334 -0.0040486 -0.00676326 0.00213316 -0.00259362 -0.00455078 -0.00947005 -0.023094 -0.0436733 0.000555051 -0.0195651 0.00113074 -0.0109603 -9.65676e-05 -0.0027002 -0.00567035 -0.000746319 -0.00878762 -0.00980979 -0.00654426 -0.00396535 -0.0126538 0.0116622 0.00783549 0.00498415 0.0139244 -0.0168049 0.00902075 -0.0318936 -0.0344178 -0.0321209 -0.0466404 -0.0307833 -0.0430289 -0.0103209 -0.0150934
internal_weight=519768 517900 340368 122507 217861 1868 55007 67500 177532 189666 885 55258 983 1113 162370 122274 33673 66888 659 319 119858 114212 32938 28183 20358 1853 128697 81274 23325 53894 16029 37865 8450 49176 612 79521 24539 21562 699 457 27296 16071 42447 57949 27878 7825 3562 2977 30071 21006 20583 5092 15491 11724 9065 408 30719 19933 29415 18071 768 14386 6787 4977 7518 520 4618 2646 5646 4513 11055 17303 787 613 26614 20445 14990 6169 2952 1774 2998 3217 20863 380 879 228 7360 6396 3608 3877 27468 1122 20079 2765 40699 25098 13451 2685 1002 15601 837 11647 1683 15404 10786 7806 4755 1754 11511 14859 10525 2512 463 11198 24441 2645 464 28195 2754 2563 2461 829 610 465 8477 4622
internal_count=519768 517900 340368 122507 217861 1868 55007 67500 177532 189666 885 55258 983 1113 162370 122274 33673 66888 659 319 119858 114212 32938 28183 20358 1853 128697 81274 23325 53894 16029 37865 8450 49176 612 79521 24539 21562 699 457 27296 16071 42447 57949 27878 7825 3562 2977 30071 21006 20583 5092 15491 11724 9065 408 30719 19933 29415 18071 768 14386 6787 4977 7518 520 4618 2646 5646 4513 11055 17303 787 613 26614 20445 14990 6169 2952 1774 2998 3217 20863 380 879 228 7360 6396 3608 3877 27468 1122 20079 2765 40699 25098 13451 2685 1002 15601 837 11647 1683 15404 10786 7806 4755 1754 11511 14859 10525 2512 463 11198 24441 2645 464 28195 2754 2563 2461 829 610 465 8477 4622
cat_boundaries=0 2 3 5 7 9 10 12 14 16 18 20 22 24 25 27 28 30 31 32 34 36 38 39 40 42 43 45 46 48 49 51 52 54 56 58 59
cat_threshold=3720233 2389 6 126095572 9386 138420246 2 303038466 8192 2 573441 68 2265186304 8704 84148288 42 17441 2048 2684748480 21128 1081344 68 3892380160 16384 1 2198013952 30216 2684747840 0 277 1 2621440 2285906432 4096 138478082 4608 1024 68 2 33558528 32768 4 41947136 377487360 1056 117506048 1056 2048 16384 0 16388 2 67108864 2 20 2 4194306 512 1073809408
is_linear=0
shrinkage=0.03


Tree=38
num_leaves=127
num_cat=37
split_feature=0 5 5 46 5 36 5 2 5 5 0 0 2 5 5 0 5 5 48 12 0 5 0 0 11 0 43 5 5 0 0 5 25 25 0 0 3 25 5 0 0 0 5 5 0 25 28 23 11 25 23 12 2 5 5 25 25 0 0 5 25 20 2 0 13 5 5 22 11 13 25 2 5 5 48 48 0 0 5 25 11 5 25 48 5 48 0 25 8 48 5 0 22 21 0 26 0 23 21 25 0 25 11 26 2 5 25 25 23 5 26 12 25 24 0 28 25 0 20 0 20 11 48 0 12 25
split_gain=4202.89 2840.08 1745.18 1627.33 1276.46 1012.98 943.036 881.968 849.999 830.077 781.124 630.831 564.598 1726.34 788.476 872.494 594.232 562.202 487.575 524.854 530.68 474.864 646.104 460.812 460.245 454.447 435.326 483.408 449.468 461.666 1656.57 837.058 621.477 2171.58 732.365 612.135 1408.32 479.35 424.978 541.125 2709.34 394.63 2441.09 536.799 444.704 393.584 366.421 365.233 455.43 331.474 326.901 324.472 324.112 594.53 323.102 366.451 321.065 315.591 1617.71 388.043 534.559 627.15 391.173 308.279 306.42 305.676 301.494 296.415 290.244 282.936 277.859 271.378 464.25 358.929 268.862 262.372 260.728 421.646 1219.15 732.657 339.751 260.569 290.782 260.435 254.663 252.54 241.735 744.124 241.446 240.957 233.022 552.831 476.6 233.3 228.808 343.063 232.968 390.397 326.56 376.286 256.789 509.801 220.098 219.234 218.86 319.043 216.25 341.147 213.068 213.027 212.946 220.624 210.246 209.746 201.069 200.944 200.686 688.888 361.85 339.774 449.958 336.549 203.461 385.374 198.345 198.024
threshold=13030.000000000002 0 1 6.1071429252624521 2 4.2500000000000009 3 4 5 6 61.500000000000007 1940.0000000000002 7 8 9 1255.0000000000002 10 11 6.9500000476837167 -0.048362832516431802 90.000000000000014 12 325.00000000000006 1560.0000000000002 -0.86546283960342396 325.00000000000006 5.4049999713897714 13 14 950.00000000000011 850.00000000000011 15 43.500000000000007 38.500000000000007 615.00000000000011 615.00000000000011 16 59.500000000000007 17 425.00000000000006 475.00000000000006 1280.0000000000002 18 19 1940.0000000000002 77.500000000000014 0.090328950434923186 0.075415529310703291 1.0000000180025095e-35 86.500000000000014 0.051437802612781532 0.71952396631240856 20 21 22 88.500000000000014 19.500000000000004 950.00000000000011 715.00000000000011 23 92.000000000000014 74.500000000000014 24 61.500000000000007 39.500000000000007 25 26 -0.03051067795604467 0.24372619390487674 46.500000000000007 71.500000000000014 27 28 29 16.300000190734867 0.7500000298023225 90.000000000000014 155.00000000000003 30 53.500000000000007 0.79383251070976268 31 19.500000000000004 1.0000000180025095e-35 32 99.049999237060561 325.00000000000006 69.500000000000014 10.500000000000002 20.94999980926514 33 1225.0000000000002 -0.11594646796584128 0.06530440598726274 90.000000000000014 0.010383780114352705 615.00000000000011 0.058227287605404861 0.066236898303031935 76.500000000000014 155.00000000000003 67.500000000000014 -0.85671821236610401 0.071667086333036437 34 35 58.500000000000007 53.500000000000007 0.058227287605404861 36 0.13882523775100711 0.86004966497421276 12.500000000000002 1.0264130234718325 45.000000000000007 0.053543105721473701 80.500000000000014 475.00000000000006 59.500000000000007 1615.0000000000002 89.500000000000014 0.27694219350814825 1.0000000180025095e-35 950.00000000000011 0.48126256465911871 97.500000000000014
decision_type=2 9 9 2 9 2 9 9 9 9 2 2 9 9 9 2 9 9 2 2 2 9 2 2 2 2 2 9 9 2 2 9 2 2 2 2 1 2 9 2 2 2 9 9 2 2 10 10 2 2 8 2 9 9 9 2 2 2 2 9 2 2 9 2 2 9 9 10 2 2 2 9 9 9 2 2 2 2 9 2 2 9 2 2 9 2 2 2 2 2 9 2 8 8 2 8 2 10 8 2 2 2 2 8 9 9 2 2 10 9 10 2 2 2 2 10 2 2 2 2 2 2 2 2 2 2
left_child=1 6 -2 4 7 12 46 26 71 24 70 18 16 -14 23 17 83 -16 -12 74 -21 22 124 -15 -4 49 28 -28 67 30 32 -31 33 35 -35 -30 56 -34 39 85 -41 43 44 104 110 90 63 48 -26 81 -47 -11 53 -10 -52 -56 -37 58 59 60 61 -22 65 114 -32 -61 125 84 -42 94 -8 73 -73 -5 -20 -65 -19 78 -78 80 112 82 -18 -6 -3 -27 87 -76 -86 -83 91 103 -93 -92 95 -39 97 100 -98 -100 101 -96 -25 -23 -7 108 107 -75 -106 -55 111 -43 -79 -13 -1 -77 118 -118 122 121 -121 -119 123 -74 -9 -54
right_child=2 3 9 8 5 41 10 21 52 51 11 113 13 14 15 -17 25 76 19 20 57 45 -24 102 47 38 27 -29 29 31 64 -33 37 34 -36 36 -38 69 -40 40 68 42 -44 -45 -46 50 -48 -49 -50 -51 54 -53 66 109 55 -57 -58 -59 -60 62 -62 -63 -64 75 -66 -67 -68 -69 -70 -71 -72 72 116 106 86 115 77 79 -80 -81 -82 89 -84 -85 88 -87 -88 -89 -90 -91 93 92 -94 -95 96 -97 98 -99 99 -101 -102 -103 -104 -105 105 -107 -108 -109 -110 -111 -112 -113 -114 -115 -116 -117 117 119 -120 120 -122 -123 -124 -125 -126 -127
leaf_value=0.025801511892805929 -0.10196021063969686 0.011784737267371823 -0.093450812290696531 0.0033280907996670502 0.00512948110121188 0.0035527977693378104 -0.043426518433644742 -0.040565337541284378 -0.042374480105814384 0.013201692228260568 0.004541912473285184 -0.063615089220159182 -0.062085327515188346 -0.0010986257134408658 -0.0084209403203795823 0.010897591040569629 -0.031351363963650583 -0.058385408868392684 0.0033911419621920681 0.042051091827712689 -0.076775448951816205 -0.031298040168959707 -0.065521201479926031 -0.017664771018073309 -0.043907122911487219 0.0039515128340776254 0.0045306734320960922 -0.0088210064399988214 -0.0087153786330018673 -0.01412680185057164 -0.13067708382956111 0.010093944727879374 0.00063836117933242559 -0.062486515452756602 -0.14687979558131076 -0.041628525063034987 -0.12363978120304595 0.054461281194406394 0.0026403565342349609 -0.15430558290974847 -0.0057008137148523924 -0.040512944270785035 0.011013125349816771 -0.002152454937543596 -0.016906748954022284 0.01085946866496465 0.023391379477173818 -0.077824507117271416 0.015620540311491047 -0.031483837210985327 -0.0033700483356909612 -0.042191119664348659 0.010800609914557634 0.006768377639136929 -0.017434362641190238 -0.0038034124072982198 0.014674196353067732 0.0037414786678771489 -0.092385263493132044 -0.00078961884661255997 -0.0031428957745903265 -0.015948719801349338 -0.0027124787667805053 0.015352787770981329 -0.064720356832843801 0.010109119285694327 0.0034145955836038439 0.00098564628404704539 -0.01581871568564254 -0.024876673865357697 -0.0059602266313810957 0.00059056695154784632 -0.022347501513302521 -0.0053516282257288642 -0.0084503485453047179 0.0046849367346456098 -0.083593154452779941 -0.057791525132313601 0.0092277475147807663 -0.013537211503126173 -0.081200256620675496 -0.0066268415425336912 0.018650915682054601 -0.0018289821133556676 -0.012316797298014052 -0.016318081821924273 -0.0050063325561898603 -0.052444915505798106 -0.0048424936811524103 -0.018206639750000433 0.0057012328054792593 -0.059257841075924661 -0.0030637277515146492 -0.0044372973735146218 -0.02562132285883973 -0.0048649266852360019 -0.053326108211607444 -0.051797973649613811 -0.019694600894477509 0.0063534322593429915 -0.021529301813868841 0.014512371963941596 -0.077085117967522668 0.010094837291788323 -0.036473853457568872 -0.00011768567556161762 0.0057841739750451749 -0.028007640527145015 0.0054546164443994294 -0.0036718076262897601 -0.1181161283690603 -0.099743680871051288 -0.028293418476047615 -0.014986601472083552 -0.0070889253794113039 0.013978824279249919 -0.065085916993292886 0.0023223872871808438 -0.01040960811357981 -0.0014600078125066797 -0.08247585273503015 -0.03361312552177835 -0.020304746133682782 -0.089735376274471895 0.0023092882847297871 -0.0084283659368363049
leaf_weight=183 405 497 169 10444 5467 29638 473 127 294 388 29138 169 503 16520 16623 1672 132 143 2511 285 206 117 263 128 406 4590 3775 6872 1768 4584 103 1775 2038 271 142 185 148 101 5989 115 8788 116 972 69215 100 798 1305 164 161 755 5627 125 9518 2857 5229 2688 178 21296 173 4081 2204 583 12333 3702 174 5353 19563 2964 3596 2182 286 6637 178 2759 2137 11509 133 252 1091 4086 137 3261 491 42201 11788 628 8229 412 5808 3211 2244 138 5978 22684 535 626 126 297 816 1282 2445 607 100 4868 371 12981 961 763 154 4538 138 114 1610 152 1842 2559 164 3387 3911 144 107 251 479 134 402 507
leaf_count=183 405 497 169 10444 5467 29638 473 127 294 388 29138 169 503 16520 16623 1672 132 143 2511 285 206 117 263 128 406 4590 3775 6872 1768 4584 103 1775 2038 271 142 185 148 101 5989 115 8788 116 972 69215 100 798 1305 164 161 755 5627 125 9518 2857 5229 2688 178 21296 173 4081 2204 583 12333 3702 174 5353 19563 2964 3596 2182 286 6637 178 2759 2137 11509 133 252 1091 4086 137 3261 491 42201 11788 628 8229 412 5808 3211 2244 138 5978 22684 535 626 126 297 816 1282 2445 607 100 4868 371 12981 961 763 154 4538 138 114 1610 152 1842 2559 164 3387 3911 144 107 251 479 134 402 507
internal_value=-0.00212182 -0.00196196 -0.0476434 -0.00312283 -0.00396978 -0.00275227 0.00228859 -0.00675191 0.00112764 -0.031073 0.000950139 0.00120809 -0.00464883 -0.00741656 -0.00675357 -0.0100494 -0.00314526 -0.0115087 0.00135982 -0.00019065 0.00131159 -0.00395219 -0.0268485 -0.00168356 -0.0483725 -0.00633814 -0.00950056 -0.00409108 -0.0108925 -0.0140715 -0.0171187 -0.00737183 -0.0156512 -0.0285764 -0.0917878 -0.017086 -0.0459737 -0.0125015 -0.00426812 -0.00660122 -0.00999231 -0.000715563 -0.0163153 -0.000515492 -0.0716832 -0.0035864 0.00799548 -0.0384982 -0.0270065 -0.0125961 -0.00779005 -0.0003447 0.00416089 -0.0013267 -0.00888958 -0.0127913 -0.0140556 0.00105953 -0.00123126 -0.000590659 -0.010698 -0.0319071 0.000804085 0.0069834 -0.0896276 0.00539907 0.0055869 -0.00780443 -0.00863984 -0.0154711 -0.0293352 -0.00260225 -0.00539619 0.000280575 -0.00544847 0.00824719 -0.0183586 -0.0175927 -0.00152525 -0.0208239 -0.0357038 -0.010582 0.00789672 -0.00103062 -0.00924871 0.00150935 -0.007508 -0.0155791 -0.00984454 -0.0123548 -0.00191388 0.0017012 -0.00434116 -0.00352303 -0.0124653 0.00344058 -0.0143587 -0.0187918 -0.00661189 -0.00378229 -0.0160452 -0.00429528 -0.0439491 0.00911725 0.00211065 -0.00105436 -0.00680996 -0.0102663 -0.0237366 0.000365738 -0.0884246 -0.0701755 -0.0323145 -0.0407066 -0.00410534 0.00637639 -0.00992969 -0.005047 -0.0141576 -0.00249906 -0.0361869 -0.000165501 -0.0326525 -0.051484 -0.00804098 0.0098176
internal_weight=519806 517988 1818 406867 339271 236021 111121 103250 67596 1413 90021 89262 122222 42998 42495 25747 79224 24075 88941 59803 46514 51163 792 16748 900 31556 52087 10647 41440 20383 14024 6359 13747 2692 413 2279 511 11055 23706 17717 12499 113799 1440 112359 468 50371 21100 731 567 7850 14342 513 37277 7689 13544 7917 363 46229 24933 24760 2993 789 21767 19795 277 9434 29588 21057 12384 9017 759 30319 15392 14927 13289 17770 7452 7309 1224 6085 1999 7095 623 47668 18093 5218 10778 2549 17596 6472 36029 11101 6116 24928 6835 727 6108 3884 2224 2098 3587 1142 228 4985 43144 13506 4483 3522 525 7395 368 230 1862 321 2025 14068 8755 4053 4702 3889 251 3638 791 312 529 10025
internal_count=519806 517988 1818 406867 339271 236021 111121 103250 67596 1413 90021 89262 122222 42998 42495 25747 79224 24075 88941 59803 46514 51163 792 16748 900 31556 52087 10647 41440 20383 14024 6359 13747 2692 413 2279 511 11055 23706 17717 12499 113799 1440 112359 468 50371 21100 731 567 7850 14342 513 37277 7689 13544 7917 363 46229 24933 24760 2993 789 21767 19795 277 9434 29588 21057 12384 9017 759 30319 15392 14927 13289 17770 7452 7309 1224 6085 1999 7095 623 47668 18093 5218 10778 2549 17596 6472 36029 11101 6116 24928 6835 727 6108 3884 2224 2098 3587 1142 228 4985 43144 13506 4483 3522 525 7395 368 230 1862 321 2025 14068 8755 4053 4702 3889 251 3638 791 312 529 10025
cat_boundaries=0 2 4 6 8 9 11 13 14 15 17 19 21 22 24 26 28 29 31 32 34 35 37 39 40 41 43 45 46 48 50 52 53 54 56 57 58 60
cat_threshold=423895126 42 268435458 8192 35177513 2128 84 2 5 11190913 452 35127296 4 6 131072 1151342720 8193 2684486272 22400 2684355072 1156 1 1064 2048 33603593 16 1048576 2048 2 77594624 8196 536872960 612502016 128 8 0 16384 1572864 16 16777216 2 0 8 3221228576 22528 10 33409 448 10633344 4 0 512 75497472 1 34635808 64 6 131072 34603008 9233
is_linear=0
shrinkage=0.03


Tree=39
num_leaves=127
num_cat=40
split_feature=5 5 33 33 29 11 5 5 5 5 27 5 27 27 5 27 5 27 5 27 5 27 5 5 47 22 27 27 28 22 27 5 5 29 47 22 26 5 26 27 5 5 27 27 32 26 5 11 11 27 27 5 27 22 27 5 27 12 27 12 27 27 13 27 27 21 29 23 32 27 27 5 23 5 22 23 21 22 5 27 5 27 27 3 5 27 5 27 27 27 27 4 5 27 4 11 31 27 27 5 11 27 27 27 5 27 3 11 5 27 27 47 5 20 5 27 26 29 27 27 5 27 27 5 4 27
split_gain=2839.37 1765.56 1154.48 1083.59 776.043 1609.11 1540.88 768.182 636.889 619.411 470.877 1016.36 1792.17 463.925 406.829 944.642 405.521 395.427 389.153 601.151 1151.95 350.619 514.238 364.144 342.652 385.693 346.581 322.77 320.707 313.765 297.096 286.664 280.234 413.606 273.835 265.003 343.478 259.066 252.216 246.737 544.045 246.392 244.452 241.364 241.229 328.304 263.64 372.59 338.899 226.484 299.93 782.692 243.488 214.435 212.964 357.318 754.057 323.252 238.099 211.945 209.833 208.038 200.984 208.187 199.353 199.108 242.209 247.442 196.461 196.294 295.903 190.88 245.363 267.742 182.972 181.267 226.988 180.793 255.674 327.838 177.504 240.849 359.176 796.616 381.675 863.908 203.321 333.688 202.89 264.39 243.126 462.355 442.14 210.397 183.765 216.705 176.121 199.833 175.491 174.84 171.831 190.325 170.77 195.208 169.714 169.405 221.488 169.194 432.148 343.359 300.566 193.748 167.137 165.937 161.544 231.712 156.02 155.535 262.929 290.105 155.494 152.918 152.781 307.3 307.051 148.225
threshold=0 1 1.0500001907348635 7.349999427795411 0.052709037438035018 0.23537775129079822 2 3 4 5 0.11368945986032487 6 0.1321084722876549 0.16352472454309466 7 0.11368945986032487 8 0.086274277418851866 9 0.053263295441865928 10 0.058047603815793998 11 12 19.204999923706058 0.20459871739149096 0.10038758814334871 0.12835267186164859 0.090328950434923186 -0.42448458075523371 0.17337424308061603 13 14 0.056686626747250564 47.475000381469734 -0.10472935810685156 0.24214403331279757 15 0.080585796386003508 0.076740767806768431 16 17 0.12467420101165773 0.060448419302701957 0.22119013220071795 0.053841989487409599 18 0.3824331015348435 -0.60554069280624379 0.095947422087192549 0.058047603815793998 19 0.059944719076156623 -0.64485630393028248 0.11368945986032487 20 0.11874964460730554 -0.92272481322288502 0.16352472454309466 -0.44505782425403589 0.061421869322657592 0.095947422087192549 38.500000000000007 0.14500886201858523 0.059944719076156623 0.061439437791705138 0.10938442125916482 0.12977331131696704 0.1972344517707825 0.086274277418851866 0.11368945986032487 21 0.11144557595252992 22 -0.36799480020999903 0.12721397727727893 0.10610681027173997 -0.40143011510372156 23 0.08212983608245851 24 0.052256155759096153 0.053855204954743392 25 26 0.095947422087192549 27 0.055219287052750594 0.059393314644694335 0.056865874677896507 0.16058247536420825 28 29 0.14952706545591357 30 0.8522624969482423 0.065399166196584715 0.05270845256745816 0.061421869322657592 31 -0.71504372358322132 0.14500886201858523 0.051913643255829818 0.053263295441865928 32 0.11874964460730554 33 -0.15101210027933118 34 0.059393314644694335 0.059393314644694335 43.155000686645515 35 74.500000000000014 36 0.086274277418851866 0.14629344642162326 0.09687442705035211 0.055219287052750594 0.049178216606378562 37 0.052256155759096153 0.086274277418851866 38 39 0.058846931904554374
decision_type=9 9 2 2 10 2 9 9 9 9 2 9 2 2 9 2 9 2 9 2 9 2 9 9 2 10 2 2 10 10 2 9 9 8 2 8 10 9 8 2 9 9 2 2 10 10 9 2 2 2 2 9 2 8 2 9 2 2 2 2 2 2 2 2 2 10 10 10 10 2 2 9 10 9 10 10 10 8 9 2 9 2 2 1 9 2 9 2 2 2 2 9 9 2 9 2 8 2 2 9 2 2 2 2 9 2 1 2 9 2 2 2 9 2 9 2 10 8 2 2 9 2 2 9 9 2
left_child=2 28 18 4 5 8 116 39 10 27 64 12 -12 -14 15 17 -5 -8 24 20 37 22 102 62 25 26 77 29 34 65 32 -24 33 -21 53 36 74 -20 -16 40 -4 -26 -28 107 45 46 47 -37 113 50 51 -9 -52 -2 -41 56 57 -56 -58 -35 -54 -50 63 -23 -3 -6 -67 -68 80 -49 -71 -11 -73 -74 -34 -61 -77 -1 79 -79 125 -82 83 -83 88 86 87 -86 89 -84 92 -92 -90 94 95 -94 -39 -98 -45 -22 101 -25 -10 -104 -13 -57 -107 108 110 -110 -42 -111 -62 -48 115 -66 -7 118 119 -80 -65 -18 124 -124 -116 -40
right_child=1 3 7 16 9 6 14 49 21 71 11 104 13 -15 38 -17 121 -19 19 30 99 23 31 100 41 -27 42 -29 -30 -31 -32 -33 35 59 -36 44 -38 96 68 54 43 -43 -44 98 -46 -47 48 69 61 -51 52 -53 60 -55 55 105 58 -59 -60 75 112 -63 -64 120 114 66 67 -69 -70 70 -72 72 73 -75 -76 76 -78 78 117 -81 81 82 84 -85 85 -87 -88 -89 90 -91 91 -93 93 -95 -96 -97 97 -99 -100 -101 -102 -103 103 -105 -106 106 -108 -109 109 111 -112 -113 -114 -115 122 -117 -118 -119 -120 -121 -122 -123 123 -125 -126 -127
leaf_value=-0.0037483660740837031 0.015615572931037318 0.00074815830709756771 0.014260648635857227 0.0085230341197708014 0.0059629558410186573 -0.00142298008306212 -0.0044958332141864787 -0.014268426907465201 -0.025487224059688993 0.0019484576491694443 -0.12391782685724227 -0.0022686332181119945 0.017916539523490638 -0.046988519410319299 -0.0018515129429255688 -0.11410030534772096 -0.010293938793663315 -0.036411847106671197 -0.017846719727829845 0.019849111469105837 0.011076901741891907 0.0060172811353669487 0.007717569488682078 -0.0038328500631641593 -0.011057771765330716 -0.0018772531998496904 0.0050774137987177389 -0.03630396706461906 0.022675643361030121 0.013343740140651067 -0.040061221722771281 -0.0036878140531666679 -0.043724961641282249 -0.012851609515032869 0.014991875528168663 -0.0027012186769723033 0.016893454050576243 -0.00028552802600179664 -0.013464301433845487 -0.0095685850289839534 -0.017515190253274856 0.0011780349374435665 -0.015917642886048595 0.026447050154601272 -0.015065149909204066 0.0033237625417425832 -0.021522099764503162 -0.0017263513054085672 -0.0087123482088103804 -0.0029681141510506299 0.0087195338518626358 0.0067425136075074275 -0.0065778885991108552 0.0043969563944547445 -0.10402550771429732 0.0089365989761402316 -0.0010278924922280249 -0.031853549007571237 -0.041900349053740502 -0.0036418266239684797 -0.0019872065737105656 0.0039468963941297021 0.001040103628597437 -0.025903689092337874 0.0090505833054942697 -0.025395080301757543 0.021122565209464171 -0.014430452088143125 0.02391353488976794 -0.025316146197912406 0.00011668286614683567 -0.0031649526621953211 0.009245619498362001 -0.00079761813878516158 -0.01769600140900706 -0.0019912252244405418 -0.024977650027368643 -0.017084409759846871 -0.0047543826365635091 -0.041834571670001909 -0.034892526311963983 0.0094802916927972675 -0.037800860824950391 -0.022945983484170762 -0.045792538718742434 0.014198668305795128 -0.0050649010455862693 -0.016220040946690797 0.0093799803464335845 0.015458712737962781 0.0063290067839689608 -0.032598337436447272 -0.037000185231040969 -0.068644127655645898 -0.02565814434532504 -0.083001606082016566 -0.0074742694874087457 0.0078968291359188172 -0.0006422330201762221 0.02790227532050003 0.0010816341578506064 0.0052319737256533837 -0.0020428255852286224 -0.022382101818956383 -0.010416759932063363 -0.00051400191935648974 -0.020383758962060523 -0.0012389736791721462 -0.013890575713084512 -0.031045832799118798 0.011118191972545337 -0.076595419296558859 0.0056685330045753071 -0.011914419420462511 0.023573544628084992 -0.0030657979123099978 0.013629135281882431 -0.010935506749839502 -0.006284843408587433 -0.037232877085022376 -0.00060163081284562623 0.0022335455203588519 0.0098266690353470323 -0.0055534234518130922 -0.0086033859642223164 -0.0062952290271944206
leaf_weight=1787 1712 12336 1674 12158 5169 17155 669 3019 1015 24633 190 3778 214 183 2232 105 913 731 1153 610 2777 18102 2480 20791 2223 4055 1720 149 1278 5336 241 9728 271 2858 3345 12216 242 9168 5142 12371 761 4395 702 284 3645 2588 2593 800 6432 8932 7157 3362 2196 14648 110 1412 886 115 149 25138 3597 1427 31338 228 1797 437 345 358 132 1673 546 24655 3362 8189 2339 728 824 4078 341 546 541 1517 125 1237 511 951 613 1049 239 250 543 554 759 144 1707 105 8632 834 879 708 16533 2316 1078 700 5955 4249 572 1256 354 156 581 187 8932 4317 273 6765 642 15252 797 905 2584 21642 1519 4953 10401 5247
leaf_count=1787 1712 12336 1674 12158 5169 17155 669 3019 1015 24633 190 3778 214 183 2232 105 913 731 1153 610 2777 18102 2480 20791 2223 4055 1720 149 1278 5336 241 9728 271 2858 3345 12216 242 9168 5142 12371 761 4395 702 284 3645 2588 2593 800 6432 8932 7157 3362 2196 14648 110 1412 886 115 149 25138 3597 1427 31338 228 1797 437 345 358 132 1673 546 24655 3362 8189 2339 728 824 4078 341 546 541 1517 125 1237 511 951 613 1049 239 250 543 554 759 144 1707 105 8632 834 879 708 16533 2316 1078 700 5955 4249 572 1256 354 156 581 187 8932 4317 273 6765 642 15252 797 905 2584 21642 1519 4953 10401 5247
internal_value=-0.0020072 -0.000302531 -0.0048943 -0.000880814 -0.00152054 -0.00249286 -0.00763568 -0.00157003 -0.00107178 0.00113213 -0.00392786 -0.0096119 -0.0475955 -0.0120448 -0.0124205 -0.0275464 0.00410926 -0.0211746 -0.00651601 -0.00547803 -0.00130533 0.000220832 -0.00403148 0.000915065 -0.00912814 -0.0104861 -0.0118221 0.00742086 0.00811305 0.00798977 -0.00687624 -0.001366 -0.00676017 -0.00458169 0.00717159 -0.00843742 -0.0172439 -0.00410764 -0.0114435 -0.00552525 -0.000266921 -0.00294797 -0.00101192 -0.00574317 -0.00774619 -0.00692722 -0.0078115 -0.00503076 -0.0106688 0.00119555 0.00251188 -0.00321072 0.00418072 0.00557182 -0.00715118 -0.00315928 -0.0176543 -0.0674418 -0.00694671 -0.00508825 0.00197421 -0.00641353 0.00255964 0.00483761 -0.0023868 0.00346011 -0.00788358 0.00302255 -0.0124507 -0.0144696 -0.019061 -8.82872e-05 -0.00147417 0.0021334 -0.0204143 -0.00425649 -0.0142036 -0.0129264 -0.0136745 -0.0199721 -0.0126779 -0.0153768 -0.0143638 -0.00508749 -0.0177464 -0.00960772 -0.0200724 -0.025765 -0.0234128 -0.0023478 -0.0254195 -0.0133416 -0.0298988 -0.0332707 -0.0313929 -0.0426801 -0.00324749 -0.00611931 0.0059899 0.0145721 -0.00125309 -0.0029241 -0.0156166 -0.0100585 -0.00726008 -0.000198108 -0.00287524 -0.00990245 -0.0152358 -0.0341883 -0.00508188 -0.0560295 0.00347357 -0.0155223 -0.00389108 -0.000521432 -0.000878769 -0.0119712 -0.0197526 -0.0283552 -0.00275585 0.00172525 -0.00557007 -0.0019361 -0.00777829 -0.00983503
internal_weight=519238 326486 192752 305503 270790 198157 42900 63191 155257 72633 48364 10320 587 397 25103 1505 34713 1400 129561 92760 23272 106893 15001 91892 36801 30183 26128 11794 20983 11645 69488 12208 69247 30158 19705 39089 2852 19787 23598 25996 6132 6618 2422 4458 36237 32592 30004 15235 14769 37195 28263 6381 21882 16360 19864 7493 1260 225 1035 29548 14725 7859 52252 20914 38044 6309 1140 703 21366 3019 2219 60839 36206 11551 2610 26690 1552 23706 21919 4624 21234 10845 10304 2754 7550 3124 2173 1560 4426 375 4051 1097 2954 2715 2571 864 18634 9466 1163 3485 39640 23107 2793 1778 9733 6233 4821 3295 2039 697 1342 343 12529 6910 25708 8562 17797 17295 2043 1246 2812 22555 17146 6472 10674 10389
internal_count=519238 326486 192752 305503 270790 198157 42900 63191 155257 72633 48364 10320 587 397 25103 1505 34713 1400 129561 92760 23272 106893 15001 91892 36801 30183 26128 11794 20983 11645 69488 12208 69247 30158 19705 39089 2852 19787 23598 25996 6132 6618 2422 4458 36237 32592 30004 15235 14769 37195 28263 6381 21882 16360 19864 7493 1260 225 1035 29548 14725 7859 52252 20914 38044 6309 1140 703 21366 3019 2219 60839 36206 11551 2610 26690 1552 23706 21919 4624 21234 10845 10304 2754 7550 3124 2173 1560 4426 375 4051 1097 2954 2715 2571 864 18634 9466 1163 3485 39640 23107 2793 1778 9733 6233 4821 3295 2039 697 1342 343 12529 6910 25708 8562 17797 17295 2043 1246 2812 22555 17146 6472 10674 10389
cat_boundaries=0 2 4 6 8 10 11 13 14 16 18 20 22 24 26 28 30 32 33 34 36 37 39 41 42 44 45 47 48 49 50 51 53 55 56 57 58 59 60 62 63
cat_threshold=37274665 10581 84 2 2818840704 16424 573449 68 2952925184 17408 406979202 0 16384 268566528 1090783232 17448 33571873 2048 2621448 273 512 4096 151265794 4616 79955968 32 0 8453 0 256 32768 4 33570816 1081352 33554432 273 32768 8462336 1192 1073743872 16896 1056 1157628416 5248 2 8396800 512 2 4 8192 1 1081344 8192 2147614720 1024 2 16385 3146752 805306368 2 0 16384 4
is_linear=0
shrinkage=0.03


Tree=40
num_leaves=127
num_cat=38
split_feature=0 5 5 34 5 5 2 48 5 23 27 11 5 0 5 5 0 27 5 5 0 0 0 27 27 5 27 5 0 27 0 0 5 0 25 2 5 5 28 11 0 21 27 25 2 5 25 0 5 25 25 0 20 28 13 25 5 27 0 27 5 25 25 27 0 27 5 5 0 27 25 0 28 25 5 25 5 27 27 25 25 27 0 0 0 47 5 0 4 0 0 5 0 25 5 2 25 0 4 11 30 3 5 0 27 27 5 4 23 27 25 25 27 0 20 20 3 25 27 0 22 0 5 44 12 20
split_gain=3399.5 2604.09 1763.4 1685.97 1012.37 930.852 857.228 844.664 839.67 716.743 660.812 624.342 1078.34 526.447 499.439 468.968 646.004 456.919 770.788 552.501 766.868 626.104 907.528 922.883 499.827 445.384 403.553 499.125 398.05 389.359 368.786 621.491 382.521 1277.77 483.675 366.018 522.68 367.601 357.256 705.275 531.396 758.821 373.37 765.673 350.574 458.773 347.811 344.866 588.469 318.294 646.434 418.566 448.915 300.839 295.352 503.524 296.909 322.238 291.936 290.912 440.607 290.794 590.028 446.072 329.803 414.777 913.277 289.059 1179.93 2079.21 632.983 329.457 310.972 307.54 701.567 320.194 363.728 475.665 338.818 366.769 288.417 287.974 328.364 285.276 689.538 281.995 278.577 960.76 601.523 855.44 352.837 739.403 580.642 424.052 271.825 870.646 269.728 265.034 608.523 261.894 279.454 259.55 257.255 315.658 348.103 304.784 263.987 256.572 255.465 255.06 246.874 246.708 242.733 1207.52 242.564 241.941 240.876 261.046 240.321 240.239 238.036 233.86 232.427 244.757 230.158 252.418
threshold=13030.000000000002 0 1 22.565000534057621 2 3 4 54.750000000000007 5 0.038110742345452316 0.14952706545591357 0.23537775129079822 6 1940.0000000000002 7 8 325.00000000000006 0.072961069643497481 9 10 1560.0000000000002 950.00000000000011 715.00000000000011 0.086274277418851866 0.095947422087192549 11 0.098654624074697508 12 950.00000000000011 0.092709075659513487 180.00000000000003 55.000000000000007 13 135.00000000000003 68.500000000000014 14 15 16 0.099524557590484633 0.24372619390487674 155.00000000000003 1.0000000180025095e-35 0.060448419302701957 36.500000000000007 17 18 85.500000000000014 850.00000000000011 19 80.500000000000014 59.500000000000007 1615.0000000000002 90.500000000000014 0.090328950434923186 39.500000000000007 100.50000000000001 20 0.051913643255829818 155.00000000000003 0.076740767806768431 21 58.500000000000007 53.500000000000007 0.059944719076156623 325.00000000000006 0.064750330522656455 22 23 950.00000000000011 0.089248880743980422 38.500000000000007 615.00000000000011 0.079270672053098692 58.500000000000007 24 69.500000000000014 25 0.055219287052750594 0.084925193339586272 64.500000000000014 77.500000000000014 0.07936600968241693 110.00000000000001 615.00000000000011 550.00000000000011 47.475000381469734 26 615.00000000000011 27 155.00000000000003 90.000000000000014 28 45.000000000000007 28.500000000000004 29 30 53.500000000000007 475.00000000000006 31 0.45273815095424658 0.13067275285720828 32 33 325.00000000000006 0.058846931904554374 0.086274277418851866 34 35 0.051437802612781532 0.11368945986032487 64.500000000000014 68.500000000000014 0.12240357697010042 1225.0000000000002 71.500000000000014 39.500000000000007 36 88.500000000000014 0.1321084722876549 90.000000000000014 -0.046293048188090317 61.500000000000007 37 0.11250000074505807 0.95691862702369701 76.500000000000014
decision_type=2 9 9 2 9 9 9 2 9 10 2 2 9 2 9 9 2 2 9 9 2 2 2 2 2 9 2 9 2 2 2 2 9 2 2 9 9 9 8 2 2 10 2 2 9 9 2 2 9 2 2 2 2 10 2 2 9 2 2 2 9 2 2 2 2 2 9 9 2 2 2 2 10 2 9 2 9 2 2 2 2 2 2 2 2 2 9 2 9 2 2 9 2 2 9 9 2 2 9 2 10 1 9 2 2 2 9 9 8 2 2 2 2 2 2 2 1 2 2 2 8 2 9 2 2 2
left_child=1 5 7 4 6 53 67 -2 35 11 124 14 -13 17 30 16 -8 18 38 20 28 22 24 -24 29 -11 102 118 83 107 31 -6 33 -33 -35 37 -37 -5 -7 42 41 -41 -40 -44 45 -16 -26 48 -38 50 -49 -51 -53 85 -47 56 57 -56 -20 60 -50 62 64 -63 -39 66 -66 68 69 71 -71 119 -73 74 -69 78 120 101 -75 -80 -17 82 -34 84 -19 121 90 88 -88 -90 91 92 -46 -94 95 -14 -30 98 -61 -76 -101 -78 -10 104 106 -105 -104 -21 -82 -65 -106 -60 -58 -114 -9 -79 -110 -118 -28 -3 -77 -1 123 -99 125 -4
right_child=2 3 10 8 9 13 15 114 26 25 -12 12 94 -15 44 80 -18 19 58 21 -22 -23 23 -25 46 -27 27 -29 96 -31 -32 32 81 34 -36 36 47 61 39 40 -42 -43 43 -45 86 54 -48 49 59 51 -52 52 -54 -55 55 -57 112 -59 111 97 -62 63 -64 109 65 -67 -68 73 -70 70 -72 72 -74 75 99 76 77 115 79 -81 108 -83 -84 -85 -86 -87 87 -89 89 -91 -92 -93 93 -95 -96 -97 -98 122 -100 100 -102 -103 103 105 110 -107 -108 -109 116 -111 -112 -113 113 -115 -116 -117 117 -119 -120 -121 -122 -123 -124 -125 -126 -127
leaf_value=-0.0054605318674282024 -0.10271581504395051 0.027126385342507137 -0.021980693519711495 0.0057623120126933302 0.014224889914134597 0.0029916733357633562 -0.0080154653889130522 -0.014565268583092952 0.0080348237538968286 0.0032965548585120654 0.0091516878396462192 -0.00021508786984490689 0.0091426212583173034 -0.038588188836614204 0.0018702165007273269 -0.0019901548463576108 -0.06513346287484903 0.0076191949009736448 -0.0032250731104746327 0.008995296059921604 -0.053247753986242145 0.0024791113661983039 -0.11238544972768673 -0.0088290750843709742 -0.01223259163791824 -0.0020696369767135999 -0.055246502943666634 -0.00027166881297910193 -0.0073105881937936476 0.019866366900850724 -0.00018243437086902102 -0.09342151637850464 -0.010069990103788456 -0.05703328924763431 0.0068351628657347977 -2.0707247840038751e-05 0.012987967851825735 0.0086416736458899274 -0.00099587429147040933 -0.064661058618500827 -0.012269776775562794 -0.0054095794969061684 -0.046341946655408243 -0.0065738578025921661 0.015706821130040814 -0.0040240428317944539 -0.058170877745994928 0.0027574601828226969 -0.050433417749793631 0.0028516687268086275 -0.022132497322469993 -0.0026179065043923627 -0.077525830260515211 0.021487781264336335 -0.0040741265705412999 -0.005571776909417789 0.0011604460588554597 -0.022596782167424799 0.0067844458721139584 -0.1149752579201566 0.0012597418504042758 0.015514003126159005 -0.028197831016791797 -0.013919748086165586 -0.071593369157182368 0.0039778758032183743 -0.0091319295782029495 0.0015798944220852846 0.017451323868579168 -0.060991450057726132 -0.14189681664757106 -0.070367602548083746 -0.0058631979917811456 -0.01036632708188576 -0.0074674013337142596 -0.011444699035758671 -0.051250516264745506 -0.0461537021237933 -0.011949852772626515 -0.03058133847276788 0.0092730541095539208 -0.015342147505667526 0.0047382880021994535 0.014767259313466272 -0.049425580619889144 0.014558996244485482 -0.083371730146007003 -0.004203992612679972 0.022185534538736999 -0.066289472811921213 0.0018035831315480855 0.00077393932798090477 -0.0389378142378786 -0.10866381817597609 -0.011466897306207065 -0.04608838395750102 0.0061502817573422007 -0.029753839320304697 -0.024836280233053225 -0.021860647620127599 0.010392965459672922 -0.020432564843674453 0.0043733733714924382 0.008809380060739485 0.012211443338929947 0.00028015619550093509 -0.021180056503004391 -0.0066985019967561489 -0.0060242591184645079 0.0012848260702747706 -0.003967438946692943 -0.00020408597011971284 -0.11303856021828121 -0.008176538214996084 -0.061445756359742226 -0.0095461949599408864 -0.018888287405974653 0.011062292299721364 -0.0077365004378485277 -0.015217510342212335 -0.0014135362260741192 0.00619991282698915 -0.01917268965761177 -0.087904581104233423 -0.0089262886819737944 -0.077595284107829565
leaf_weight=1728 451 125 124 6952 1150 4096 541 162 14103 19850 510 10030 395 306 3820 31694 265 2927 6490 1268 186 37236 143 168 2720 46528 225 12183 1980 809 47445 206 2919 136 482 8689 484 1418 12047 449 4227 343 499 3394 101 6607 156 1556 173 3478 2367 170 124 1298 1001 7112 1358 5451 11967 100 772 1523 1057 1394 242 1221 1323 6743 737 244 137 184 106 4832 4972 3179 403 166 1715 2139 806 2624 2502 7145 203 3322 213 12234 202 190 12059 961 203 129 17799 726 4138 182 205 2596 266 635 504 8437 1333 6817 1306 3589 10619 3445 2333 7331 107 1167 259 6123 2567 291 167 2862 6443 14802 1489 102 141 183
leaf_count=1728 451 125 124 6952 1150 4096 541 162 14103 19850 510 10030 395 306 3820 31694 265 2927 6490 1268 186 37236 143 168 2720 46528 225 12183 1980 809 47445 206 2919 136 482 8689 484 1418 12047 449 4227 343 499 3394 101 6607 156 1556 173 3478 2367 170 124 1298 1001 7112 1358 5451 11967 100 772 1523 1057 1394 242 1221 1323 6743 737 244 137 184 106 4832 4972 3179 403 166 1715 2139 806 2624 2502 7145 203 3322 213 12234 202 190 12059 961 203 129 17799 726 4138 182 205 2596 266 635 504 8437 1333 6817 1306 3589 10619 3445 2333 7331 107 1167 259 6123 2567 291 167 2862 6443 14802 1489 102 141 183
internal_value=-0.00200919 -0.00186494 -0.0428147 -0.00312771 -0.00419793 0.00171829 -0.00682533 -0.0733608 0.000574589 -0.00303015 -0.0140517 -0.00425256 -0.00817382 0.000643986 -0.00322404 -0.00398592 -0.0265237 0.000750143 -0.00136299 0.00246453 0.0071591 0.000773981 -0.00639645 -0.0566526 -0.00456029 -0.000464695 0.00324632 -0.00135959 0.00785207 0.000610405 -0.00128666 -0.00651648 -0.00920722 -0.0285634 -0.00728946 -0.00271836 -0.00554543 0.000310495 -0.00510914 -0.00669478 -0.016501 -0.0390396 -0.00360627 -0.0116819 -0.00532665 -0.00775398 -0.0147437 -0.00982655 -0.0176315 -0.00628038 -0.0122621 -5.76293e-05 -0.0343674 0.00749625 -0.00936636 -0.0115511 -0.0162313 -0.0196936 0.00227784 -0.022505 -0.00876678 -0.00295274 -0.00817273 0.00135986 -0.00313237 -0.009126 -0.0193455 -0.00980154 -0.0171223 -0.0241377 -0.0903787 -0.016411 -0.0468913 -0.00899695 -0.00551941 -0.0109776 -0.00857651 -0.0136098 -0.0156614 -0.0222957 -0.00358457 -0.00717696 -0.00323579 0.011459 0.00390488 0.00658417 -0.00286656 -0.00602607 -0.0429029 -0.0207573 0.000151216 -0.0141328 -0.046098 -0.0662751 -0.0123861 -0.0267272 0.00179339 -0.0288537 -0.0546692 -0.0116166 -0.0188603 -0.0324353 0.00491001 0.00277864 -0.00339817 0.00499795 -0.0141589 -0.00260037 -0.0071247 -0.00309722 0.00191712 0.00412974 -0.00763576 -0.0170654 -0.0434835 -0.0105196 -0.00810599 -0.0158359 -0.0342071 -0.013437 -0.00472366 0.00498071 -0.0243845 -0.0491496 -0.0407409 -0.0552764
internal_weight=519768 517938 1830 382971 297097 134967 91390 872 85874 205707 958 139329 28950 113817 110379 46783 806 113511 50843 62668 16579 46089 8853 311 8542 66378 47408 12575 16393 5666 57464 10019 8869 824 618 38466 19891 18575 25055 20959 5019 792 15940 3893 52915 26623 2876 11202 3507 7695 3923 3772 294 21150 22803 16196 9084 6452 25788 3023 945 11623 5261 6362 4204 2786 1565 44607 4395 3658 381 3277 290 40212 14577 25635 16949 7327 8686 3854 45977 8045 5421 10275 3130 19852 26292 12839 605 392 13453 1394 433 332 18920 1121 6118 2078 305 7834 2862 1038 34833 20730 5476 15254 1810 4857 14283 4839 3666 19298 2632 1274 421 6289 13477 2858 392 2987 9622 16530 1773 284 448 307
internal_count=519768 517938 1830 382971 297097 134967 91390 872 85874 205707 958 139329 28950 113817 110379 46783 806 113511 50843 62668 16579 46089 8853 311 8542 66378 47408 12575 16393 5666 57464 10019 8869 824 618 38466 19891 18575 25055 20959 5019 792 15940 3893 52915 26623 2876 11202 3507 7695 3923 3772 294 21150 22803 16196 9084 6452 25788 3023 945 11623 5261 6362 4204 2786 1565 44607 4395 3658 381 3277 290 40212 14577 25635 16949 7327 8686 3854 45977 8045 5421 10275 3130 19852 26292 12839 605 392 13453 1394 433 332 18920 1121 6118 2078 305 7834 2862 1038 34833 20730 5476 15254 1810 4857 14283 4839 3666 19298 2632 1274 421 6289 13477 2858 392 2987 9622 16530 1773 284 448 307
cat_boundaries=0 2 4 6 8 9 11 13 15 16 18 20 22 24 26 27 29 30 31 33 35 37 38 39 40 42 44 46 47 49 50 51 52 53 55 57 58 59 60
cat_threshold=423901270 170 303038466 8192 35177505 2128 84 2 5 78365321 324 2686451840 17664 75563648 5892 1 16779266 128 4196354 136 8585864 1 0 16384 0 4608 10 98953 320 77725824 10 131072 8192 0 4 2097160 16385 8519680 524288 525312 16417 2064 49152 16 1075838984 16385 2 1073741824 16384 131072 2 4 2 1073742880 31744 0 512 4 2 2621440
is_linear=0
shrinkage=0.03


Tree=41
num_leaves=127
num_cat=37
split_feature=0 5 2 5 5 5 4 0 33 33 5 0 26 0 0 23 5 27 0 11 25 13 23 26 13 5 31 0 5 13 0 5 27 0 5 27 5 5 0 5 5 27 5 11 4 27 26 0 25 27 26 0 48 25 12 5 20 12 5 0 0 4 0 25 2 0 0 44 5 12 0 0 5 5 5 0 27 27 0 11 27 44 5 0 5 0 25 27 25 27 5 27 8 5 12 0 11 46 25 25 5 11 0 5 27 27 27 0 0 4 5 44 25 5 11 31 25 11 13 48 0 48 0 5 27 5
split_gain=3636.64 2475.68 1845.51 2914.04 1671.04 1516.99 1395.99 1357.59 968.697 904.58 777.622 648.305 520.257 518.2 479.475 465.455 433.145 517.429 3150.91 444.877 397.538 382.805 373.026 408.411 357.805 353.45 350.208 470.996 401.189 478.635 378.834 346.707 469.168 342.876 929.222 1525.47 848.421 705.714 581.469 1697.53 775.723 637.734 474.105 465.178 504.664 501.931 411.111 410.316 345.965 370.029 341.998 383.534 336.809 491.234 472.16 493.915 746.118 342.046 425.466 632.825 335.081 946.159 1636.99 422.33 325.508 321.369 318.579 309.79 302.625 297.463 353.084 295.87 346.918 290.79 290.642 374.193 317.756 306.963 281.36 272.886 270.493 363.593 260.085 428.334 379.725 348.24 713.372 270.475 269.742 256.385 265.055 256.292 267.037 256.179 275.699 251.487 251.178 250.364 259.007 326.728 424.317 496.439 249.203 615.657 590.073 531.409 314.361 502.002 440.465 648.094 529.526 383.437 584.282 298.329 286.681 278.537 248.334 244.55 240.857 239.481 238.904 236.806 233.192 502.281 367.006 232.286
threshold=13030.000000000002 0 1 2 3 4 5 1715.0000000000002 2.7500000000000004 7.849999427795411 6 155.00000000000003 0.13882523775100711 1560.0000000000002 2375.0000000000005 0.064333807677030577 7 0.095947422087192549 475.00000000000006 0.2603727281093598 61.500000000000007 46.500000000000007 0.12228051945567132 0.10922185331583024 46.500000000000007 8 0.0743275322020054 325.00000000000006 9 39.500000000000007 950.00000000000011 10 0.055219287052750594 715.00000000000011 11 0.086274277418851866 12 13 615.00000000000011 14 15 0.064750330522656455 16 0.29342973232269293 17 0.095947422087192549 0.1366594657301903 325.00000000000006 102.50000000000001 0.10945477336645128 0.16209227591753009 950.00000000000011 11.049999713897707 93.500000000000014 0.45082531869411474 18 39.500000000000007 -0.048362832516431802 19 155.00000000000003 325.00000000000006 20 950.00000000000011 15.500000000000002 21 6250.0000000000009 55.000000000000007 0.074500001966953291 22 0.020426410250365738 90.000000000000014 715.00000000000011 23 24 25 1280.0000000000002 0.069445703178644194 0.11874964460730554 1255.0000000000002 0.42958675324916845 0.11368945986032487 0.097500000149011626 26 950.00000000000011 27 615.00000000000011 18.500000000000004 0.089248880743980422 77.500000000000014 0.10038758814334871 28 0.049178216606378562 6.5000000000000009 29 0.59003219008445751 155.00000000000003 0.86113432049751293 2.2428570985794072 75.500000000000014 59.500000000000007 30 -0.8337765336036681 325.00000000000006 31 0.059944719076156623 0.049178216606378562 0.059944719076156623 850.00000000000011 715.00000000000011 32 33 0.079500000923872008 99.000000000000014 34 0.24372619390487674 0.048250820487737663 58.500000000000007 0.24372619390487674 40.500000000000007 340.15000915527349 90.000000000000014 0.95000001788139354 950.00000000000011 35 0.08212983608245851 36
decision_type=2 9 9 9 9 9 9 2 2 2 9 2 10 2 2 8 9 2 2 2 2 2 10 10 2 9 10 2 9 2 2 9 2 2 9 2 9 9 2 9 9 2 9 2 9 2 10 2 2 2 10 2 2 2 2 9 2 2 9 2 2 9 2 2 9 2 2 2 9 2 2 2 9 9 9 2 2 2 2 2 2 2 9 2 9 2 2 2 2 2 9 2 2 9 2 2 2 2 2 2 9 2 2 9 2 2 2 2 2 9 9 2 2 9 2 10 2 2 2 2 2 2 2 9 2 9
left_child=1 8 4 7 -3 15 11 31 13 12 60 -5 16 22 -9 -2 17 102 -19 20 -20 25 23 26 67 -7 28 -28 29 -1 -29 32 69 34 35 91 -35 -36 40 43 46 -42 -41 -40 -45 -46 -39 -48 49 -37 -24 -52 53 74 55 66 96 58 -58 -60 95 62 63 -62 125 -16 -54 -17 -61 -4 -71 72 -22 -14 -8 76 -76 80 117 -43 -78 -82 83 84 -66 -84 -87 -88 -86 93 -91 -18 -93 94 120 116 -57 98 99 -38 -101 -102 103 -6 105 -105 113 108 110 -110 -108 112 -112 118 -109 119 -10 -63 -104 -116 -33 -65 123 -25 -124 -31
right_child=5 2 3 6 9 21 52 14 10 -11 -12 -13 73 -15 65 24 33 18 19 -21 71 -23 50 122 -26 -27 27 30 -30 64 -32 89 -34 36 37 48 97 38 39 42 41 79 -44 44 45 -47 47 -49 -50 -51 51 -53 54 -55 -56 56 57 -59 59 68 61 78 -64 121 82 -67 -68 -69 -70 70 -72 -73 -74 -75 75 -77 77 -79 -80 -81 81 -83 85 -85 88 86 87 -89 -90 90 -92 92 -94 -95 -96 -97 -98 -99 -100 100 101 -103 106 104 -106 -107 107 114 109 -111 111 -113 -114 -115 115 -117 -118 -119 -120 -121 -122 -123 124 -125 -126 -127
leaf_value=-0.0051400189722201981 -0.011539888307452202 0.0079611185022076605 -0.034580858634021439 -0.070339020119435242 0.002171422952801197 -0.025362855444167304 -0.0063030385999186195 -0.080181559958913615 -0.00030657139520953632 0.0068854757300840508 0.0020875268129908983 -0.023426750756425946 0.0094148998790982378 0.0075179237714177614 -0.0085723361371095631 -0.031226375008573625 0.034891944618328757 -0.1587724754333496 -0.011207427082755801 -0.019629904585907867 -0.0038288727185244661 -0.063309928038541005 -0.011292445625966303 -0.0028030113942718298 -0.032732480634003872 0.019480190920984859 -0.03134514759504519 0.0013286152636638542 -0.004850875786165206 -0.0057455851073580757 -0.020263670821625151 -0.029503773953645753 0.015106811470798025 -0.0033923990702743284 0.017107304056416212 -0.032084587438699186 0.0069980148260053937 0.0041649874579983695 -0.0025973479855465119 0.020862903100822047 -0.003155346695249812 -0.015443685546572284 0.0069939708217206563 -0.075078055581169104 -0.0023551117757493662 -0.03780299593606453 0.014292261407182023 -0.05869084367828984 -0.015817545961342404 -0.076396259591369434 -0.082274881717823448 -0.022690890233084727 0.014486060815871813 -0.019099454431975669 -0.0062041197072871873 -0.041567199293340712 -0.0041830936854279563 -0.0098895745236797956 -0.058431111794500674 -0.014681723603557082 -0.12031901085119454 -0.0048031866277999892 0.026385528776137267 -0.082838487422212642 0.014392017793148122 -0.069408599819455824 -0.0094360796630036069 -0.087945750418881807 -0.038034065909931185 -0.034039690173272276 0.033410214605878612 0.0044129868409411533 -0.05237465472174245 0.0014556624668925476 0.0089104053046642328 0.032006869481575724 -0.0019777980067718455 0.005216394361639262 0.012656547431003402 -0.065561950649365333 -0.015191881823066706 -0.070152791748527718 -0.015675659012074177 0.0010229286196123462 -0.05022544592589092 -0.10949081584368602 0.019751271223380731 -0.030565096038568561 -0.018951154406767735 0.017573625646829721 0.0026807473628661111 -0.011003606086267161 0.0083296475775103199 0.0016041215404610225 0.00092491103798701907 0.01124567412692854 -0.10294299682816573 0.012724068983676888 0.0079193477460078113 -0.0028428160333171929 0.0060095363636326511 -0.063236557289867865 0.003303865110289783 -0.052974713371566381 -0.04035456295518821 -0.0051593644634450658 0.0058442141457445635 0.0057878825078185739 0.0086601409059949216 -0.084641792994537723 -0.063694326569027487 -0.010229729053446114 6.8972287827158622e-05 0.0099867257081713602 -0.010229174879420586 0.0025770627108837262 -0.041447349942823834 -0.014707320710399013 -0.014365432163947546 -0.055637000887780577 -0.0065787588180504179 -0.026847564551565384 -0.02029247779713517 0.013700070724771737 -0.0016633688993608739 -0.017408175024528849
leaf_weight=16804 125 30126 304 423 3592 275 7956 206 604 17230 29372 712 6803 2514 307 100 206 124 4156 2132 511 101 5103 5140 167 343 1153 1571 70404 7340 1367 436 3204 12081 2086 1448 2527 15805 4499 3806 34891 3179 5388 142 928 586 110 185 1147 192 124 444 533 1728 23710 133 862 3415 521 1688 138 15787 203 140 224 104 8142 728 734 112 182 4184 171 10527 2595 352 1666 1953 739 100 1224 118 4221 1682 350 100 103 1325 856 1112 26019 1106 1533 17671 5610 1749 112 4802 8637 2133 149 247 2381 228 694 2422 1737 5931 113 163 317 3035 218 4464 1817 2322 168 2615 979 110 6441 134 1192 2439 4708 1949
leaf_count=16804 125 30126 304 423 3592 275 7956 206 604 17230 29372 712 6803 2514 307 100 206 124 4156 2132 511 101 5103 5140 167 343 1153 1571 70404 7340 1367 436 3204 12081 2086 1448 2527 15805 4499 3806 34891 3179 5388 142 928 586 110 185 1147 192 124 444 533 1728 23710 133 862 3415 521 1688 138 15787 203 140 224 104 8142 728 734 112 182 4184 171 10527 2595 352 1666 1953 739 100 1224 118 4221 1682 350 100 103 1325 856 1112 26019 1106 1533 17671 5610 1749 112 4802 8637 2133 149 247 2381 228 694 2422 1737 5931 113 163 317 3035 218 4464 1817 2322 168 2615 979 110 6441 134 1192 2439 4708 1949
internal_value=-0.0019397 -0.00178999 -0.000256493 -0.00323051 0.0014121 -0.0440407 -0.00802255 0.001319 -0.00459795 0.000341027 -0.00111829 -0.0409569 -0.000334026 -0.00596901 -0.042922 -0.0656228 -0.000903653 -0.00349587 -0.0089874 -0.00730815 -0.00439452 -0.00933617 -0.00623273 -0.0058856 -0.0730576 -0.000578011 -0.00649242 -0.0151037 -0.00615791 -0.00878641 -0.00872137 0.00176673 0.0105266 0.000100802 -0.000962475 -0.0126837 0.00279017 -3.99021e-05 -0.000556307 0.00459881 -0.00201447 -0.00434323 0.0127533 -0.00759041 -0.0211916 -0.0160913 0.00350703 -0.0315205 -0.0284769 -0.0373157 -0.013755 -0.0358204 -0.00737249 -0.00391473 -0.0088988 -0.0128567 -0.018515 -0.0167865 -0.0229723 -0.0283618 -0.00534358 -0.0066603 -0.043257 -0.077552 -0.0121668 -0.0240975 -0.00795561 -0.0811415 -0.0219891 -0.0138223 0.00768673 0.00142541 -0.0168827 0.00458675 -0.00225962 0.0018143 0.000406116 -0.00404321 -0.00548225 -0.0169917 -0.0100549 -0.0200731 -0.0162853 -0.00921119 -0.0213055 -0.0200897 -0.0323962 -0.0269246 -0.027831 0.00118316 0.00329924 0.00274748 0.000226018 -0.000720175 -0.00400735 0.00495236 -0.0699291 0.00682675 0.00476282 -0.00062987 -0.00825148 -0.0363175 -0.00146771 -0.00646607 -0.0157016 -0.00929172 2.31937e-06 -0.00243768 -0.00966609 -0.0465487 -0.00773954 -0.0143248 -0.0377606 0.00491786 0.00152715 -0.0044202 -0.00930152 -0.00621133 -0.00184168 -0.0128487 -0.00803628 -0.0556533 -0.000958076 0.00252333 -0.00542988 -0.0082103
internal_weight=519286 517447 334685 120285 214400 1839 58577 61708 182762 184274 51649 1135 167044 131113 617 1120 149714 41801 11278 11154 9022 719 128599 122928 995 618 109449 4091 105358 34954 2938 61091 3802 107913 77337 5632 30576 71705 69619 15349 54270 38170 9194 6155 1656 1514 16100 295 2787 1640 5671 568 57442 17592 39850 16140 7465 7220 3805 2943 22277 19756 615 412 18150 411 8675 828 2422 598 294 4866 682 17330 15864 7908 7556 4961 19141 3279 3008 1342 8861 3112 1430 5749 1528 1428 1206 57289 27131 2845 2639 30158 12487 2521 245 18495 13693 5056 2529 396 30523 6936 3344 2650 23587 15763 5583 276 5307 3570 535 7824 10180 4249 772 18402 3360 1927 6877 274 13479 7579 5900 9289
internal_count=519286 517447 334685 120285 214400 1839 58577 61708 182762 184274 51649 1135 167044 131113 617 1120 149714 41801 11278 11154 9022 719 128599 122928 995 618 109449 4091 105358 34954 2938 61091 3802 107913 77337 5632 30576 71705 69619 15349 54270 38170 9194 6155 1656 1514 16100 295 2787 1640 5671 568 57442 17592 39850 16140 7465 7220 3805 2943 22277 19756 615 412 18150 411 8675 828 2422 598 294 4866 682 17330 15864 7908 7556 4961 19141 3279 3008 1342 8861 3112 1430 5749 1528 1428 1206 57289 27131 2845 2639 30158 12487 2521 245 18495 13693 5056 2529 396 30523 6936 3344 2650 23587 15763 5583 276 5307 3570 535 7824 10180 4249 772 18402 3360 1927 6877 274 13479 7579 5900 9289
cat_boundaries=0 2 3 5 7 9 10 12 14 16 18 20 21 23 24 26 28 30 31 32 34 35 36 38 39 41 43 45 46 48 50 52 54 55 57 58 60 62
cat_threshold=1077462057 2389 6 126095444 9386 138420374 2 303038466 8196 2 573448 68 125833216 9216 134742016 2048 541729 80 67108928 2 536870912 2416312320 160 2147745792 196672 544 268566592 552 2560 128 1 3091202688 65536 16384 1 10 2050 512 8388608 537004032 9216 138478082 4608 16385 64 1 33554432 1024 58720256 1152 536870912 20480 67108864 1024 1 16777216 8192 83886080 524288 16 525312 80
is_linear=0
shrinkage=0.03


Tree=42
num_leaves=127
num_cat=18
split_feature=0 40 21 11 4 11 25 25 25 45 21 0 25 3 30 25 4 0 27 26 4 25 25 25 32 13 32 2 32 23 32 25 25 4 2 9 22 27 0 27 22 32 32 8 2 25 32 0 0 4 25 25 25 4 27 4 27 25 25 25 25 0 25 4 25 4 25 25 27 26 25 20 20 27 4 25 25 20 27 44 20 43 0 0 32 25 3 31 25 27 0 4 0 12 25 25 25 27 25 27 4 0 36 25 27 25 25 25 25 25 25 25 27 25 25 25 11 25 25 0 20 25 0 25 28 4
split_gain=3195.41 1868.86 1266.02 818.009 674.735 500.517 481.733 605.869 673.54 641.247 685.651 360.323 570.311 415.52 355.546 354.381 389.518 327.465 314.656 508.139 392.644 431.082 441.901 462.254 358.94 326.532 279.493 253.467 250.791 373.118 274.748 242.063 274.907 318.96 233.531 226.04 218.471 216.583 204.483 192.305 188.319 217.394 222.318 203.808 187.993 186.918 245.226 186.507 3321.75 404.76 184.622 183.468 214.279 264.396 215.812 200.801 181.357 270.132 258.471 384.453 181.203 179.372 178.672 532.764 226.168 192.454 361.768 340.989 178.016 203.437 172.223 303.86 170.975 169.417 245.353 217.289 174.306 168.539 164.711 164.246 191.828 160.902 157.821 159.066 156.783 155.162 154.715 295.077 314.837 211.494 182.587 870.109 648.3 1322.64 818.377 335.197 578.437 633.57 286.861 279.412 224.988 220.548 156.405 153.29 295.124 151.993 286.704 753.641 242.623 226.541 343.452 637.345 151.777 150.401 285.884 150.276 352.679 217.468 277.983 149.991 149.686 149.026 166.76 148.081 146.941 146.778
threshold=13030.000000000002 35.049999237060554 0.090277068316936507 0.41398981213569647 0 0.30983042716979986 7.5000000000000009 73.500000000000014 50.500000000000007 17.505000114440922 0.13383229821920398 325.00000000000006 23.500000000000004 1 0.086054746061563506 35.500000000000007 2 110.00000000000001 0.059944719076156623 0.012954398989677431 3 103.50000000000001 85.500000000000014 86.500000000000014 0.21972886472940448 40.500000000000007 0.18351718783378604 4 0.16612314432859424 0.10042453557252885 0.16935087740421298 17.500000000000004 14.500000000000002 5 6 5.5000000000000009 -0.04046273045241832 0.08212983608245851 45.000000000000007 0.056865874677896507 -0.31997531652450556 0.15701755136251452 0.13945193588733676 2.5000000000000004 7 69.500000000000014 0.18171487748622897 475.00000000000006 425.00000000000006 8 10.500000000000002 12.500000000000002 19.500000000000004 9 0.051913643255829818 10 0.084925193339586272 76.500000000000014 67.500000000000014 66.500000000000014 8.5000000000000018 27950.000000000004 67.500000000000014 11 77.500000000000014 12 89.500000000000014 93.500000000000014 0.058846931904554374 0.023513245396316055 16.500000000000004 79.500000000000014 75.500000000000014 0.064750330522656455 13 70.500000000000014 73.500000000000014 105.50000000000001 0.051913643255829818 0.076499998569488539 84.500000000000014 1.6050000190734866 1715.0000000000002 1560.0000000000002 0.17328514158725741 22.500000000000004 14 0.052924888208508498 83.500000000000014 0.16058247536420825 950.00000000000011 15 715.00000000000011 0.91511079668998729 56.500000000000007 107.50000000000001 78.500000000000014 0.092709075659513487 120.50000000000001 0.1321084722876549 16 850.00000000000011 8.5500001907348651 86.500000000000014 0.059944719076156623 44.500000000000007 38.500000000000007 40.500000000000007 19.500000000000004 56.500000000000007 68.500000000000014 67.500000000000014 0.084925193339586272 58.500000000000007 26.500000000000004 86.500000000000014 -0.73282214999198902 100.50000000000001 101.50000000000001 55.000000000000007 92.500000000000014 90.500000000000014 850.00000000000011 27.500000000000004 0.061099255457520492 17
decision_type=2 2 8 2 9 2 2 2 2 2 8 2 2 1 10 2 9 2 2 8 9 2 2 2 10 2 10 9 10 10 10 2 2 9 9 2 10 2 2 2 10 10 10 2 9 2 8 2 2 9 2 2 2 9 2 9 2 2 2 2 2 2 2 9 2 9 2 2 2 8 2 2 2 2 9 2 2 2 2 2 2 2 2 2 10 2 1 10 2 2 2 9 2 2 2 2 2 2 2 2 9 2 2 2 2 2 2 2 2 2 2 2 2 2 2 2 2 2 2 2 2 2 2 2 10 9
left_child=1 2 4 11 37 44 -2 8 15 10 -9 12 13 50 34 16 -8 45 19 -13 21 22 -21 -24 25 31 82 -7 29 78 -30 32 -22 -34 40 47 39 84 -14 -36 -6 42 -42 -44 103 -5 -47 48 49 -20 112 -27 53 -53 55 123 57 68 59 119 -46 -17 63 -57 -64 -66 -67 -68 69 -40 -55 -72 -12 76 -75 113 -70 -74 124 80 -29 -59 83 -19 -1 -15 87 88 89 -49 91 99 95 94 -94 96 100 -98 -96 105 -93 -95 -92 -3 -105 106 108 -108 -88 -107 111 -111 -4 114 -76 116 120 -117 -119 -58 -99 122 -106 -54 -16 -56
right_child=6 5 3 17 14 27 7 9 -10 -11 72 18 38 85 28 61 -18 26 35 20 24 -23 23 -25 -26 51 -28 79 30 -31 -32 -33 33 -35 36 -37 -38 -39 56 -41 41 -43 43 -45 60 46 -48 86 -50 -51 -52 52 54 70 125 62 58 81 -60 -61 -62 -63 64 -65 65 66 67 -69 73 -71 71 -73 77 74 75 -77 -78 -79 -80 -81 -82 -83 -84 -85 -86 -87 90 -89 -90 -91 102 92 93 101 98 -97 97 115 -100 -101 -102 -103 -104 104 121 109 107 -109 -110 110 -112 -113 -114 -115 -116 117 -118 118 -120 -121 -122 -123 -124 -125 -126 -127
leaf_value=0.021359622851582289 0.0089881395363496461 0.0042997999653521836 -0.021661287151201927 -0.011462327148981485 0.007300685904863843 0.0035619365917727861 -0.091969525727493631 0.018276694150897495 -0.1090892299210153 0.026618565871919454 -0.03365342210061275 -0.027898961924097965 0.014934914192399486 -0.0056198353725728832 -0.003205203738304528 -0.041672270163245817 -0.036619293063611724 -0.0072000579220348063 0.0094373432981377393 0.0099891811623773509 0.0054916052276301865 0.020224126788239406 -0.041518573469304022 -0.0014655639488496141 -0.023364131289459012 0.018623473960354738 -0.0033996477007797263 -0.019790670142705098 -0.014513346998603661 0.010973307778598052 -3.6295541832414043e-06 0.0051917776555344365 -0.05470003670497426 -0.0055341073981005733 -0.0040777638704404427 -0.00519523086220055 0.0014188603923080451 -0.00039009504076679426 0.012018814795143334 -0.011765513217065343 0.0063883218293897407 0.0047329227340597024 -0.039207080502932784 -0.0070278768859610994 0.015297095015216018 0.010726291412892549 -0.03772673363000608 0.00059083822615976756 -0.1387174527020564 -0.005932848705034569 0.0065289028526935907 0.026283788528197849 -0.0090849161459438822 -0.00120161401775648 -0.0077412602438747032 -0.025334800597183002 0.0035879514923333375 -0.0056177422577389242 0.0011471418302805355 -0.059194438692980578 0.00056459470558241018 0.0022907012599435719 0.0082758381273727727 0.018065302861275126 -0.0041871392665378988 -0.058435082121932609 0.018570115986329159 -0.035693115601036246 -0.0001658766854657053 -0.0067326740130739891 -0.060833298049904588 -0.016271517227684038 -0.099533077041177365 -0.035396841024381238 -0.011106817546781446 0.0065549900428634152 0.021714867918212546 -0.047709276354738636 6.8658191721536886e-05 -0.0035349103779621386 -0.0034339615559464904 -0.01103019280271712 -0.037230272866570609 0.0091873011080185977 0.0094548451181579816 0.018214801905505736 -0.020195836487859112 -0.019078578817937376 0.010121543834161049 -0.017752597671389807 -0.0018963822116005705 0.00069467940925728683 -0.067968903715829407 -0.067047246058072357 -0.0052870157461835663 0.0099325539839249001 -0.0013674458803419104 -0.097594404799439108 0.04984318626778466 0.017151152403936883 -0.0091150047361517866 -0.12945686253659222 0.0018684122453674361 0.028227688997887589 -0.049982563801028806 0.013453534614954608 -0.088626297054704553 -0.0078056232683807224 0.011513399047819946 -0.00021779035588484824 0.0074491835069696076 -0.043822599380235833 0.0079052096083327087 -0.0081227549800049013 0.0015184453463110011 -0.010280670926405305 -0.0029644665579475898 -0.072916863392665981 -0.028470401288991393 -0.015061900093461065 -0.048168669007217078 -0.0029049669040942532 -0.010765906515274228 0.02418365380597963 0.0086652707749243791 0.0019453588555253013
leaf_weight=1253 157 51025 396 3568 3253 2334 240 130 204 170 129 549 448 6203 1192 229 222 42811 1819 2810 489 1834 328 1225 593 361 31665 1683 1254 4953 18315 11186 205 281 12026 22090 4688 1636 537 3871 327 1188 362 347 771 114 525 13209 165 10096 8265 116 200 264 1677 1330 443 12111 1205 167 28127 131 857 314 1479 190 208 207 11829 16311 198 451 132 223 2259 1646 336 104 14330 3244 1047 8357 155 539 4855 255 288 631 3298 590 60631 3563 175 104 351 919 970 101 111 1101 5138 108 11876 231 137 1508 120 734 873 1277 2239 394 257 7021 5648 462 101 149 839 3112 129 1499 336 300 4405 8744
leaf_count=1253 157 51025 396 3568 3253 2334 240 130 204 170 129 549 448 6203 1192 229 222 42811 1819 2810 489 1834 328 1225 593 361 31665 1683 1254 4953 18315 11186 205 281 12026 22090 4688 1636 537 3871 327 1188 362 347 771 114 525 13209 165 10096 8265 116 200 264 1677 1330 443 12111 1205 167 28127 131 857 314 1479 190 208 207 11829 16311 198 451 132 223 2259 1646 336 104 14330 3244 1047 8357 155 539 4855 255 288 631 3298 590 60631 3563 175 104 351 919 970 101 111 1101 5138 108 11876 231 137 1508 120 734 873 1277 2239 394 257 7021 5648 462 101 149 839 3112 129 1499 336 300 4405 8744
internal_value=-0.00186116 -0.00172054 -0.00254988 -0.00332324 0.000898775 0.0021973 -0.041229 -0.045894 -0.0603469 -0.023538 -0.0407824 -0.00253507 -0.00412356 0.00111891 -2.44578e-05 -0.0481325 -0.0655092 -0.00600001 -0.00177778 0.000718115 0.00115715 0.00802428 0.00289257 -0.0099462 -0.000278332 0.000193595 -0.00554401 -0.00481939 0.00160676 0.0036052 -0.00093412 0.00394199 -0.0103872 -0.0263426 -0.00280647 -0.0023993 -0.00427007 0.00930395 -0.00524854 -0.00595039 0.00269704 -0.00402474 -0.0140622 -0.02349 0.00290717 -0.0141444 -0.0290793 -0.00190145 -0.00544285 -0.00358577 0.00531539 -0.00250441 -0.00296678 -0.0162173 -0.00208647 -0.00715243 -0.00537573 -0.00496279 -0.0109285 -0.0148373 0.000957843 -0.0257126 -0.00912134 -0.0170395 -0.00469083 -0.0100245 -0.0242642 -0.00851686 -0.00368244 -0.00613433 -0.02164 -0.0299393 -0.0618096 -0.00225594 -0.00420851 -0.00378676 0.00044021 -0.0769931 0.00177335 -0.00808639 -0.0135212 -0.00782805 -0.00710467 -0.0069961 0.0119001 -0.00467603 -0.00151941 0.00105175 0.00179577 -0.000194697 -0.00200298 -0.00441344 -0.00923375 -0.0345787 -0.0129171 -0.00749172 -0.00889073 -0.0208791 0.0080376 0.0030539 -0.00509839 -0.0992993 -0.00127973 0.00396452 -0.00378146 0.000963746 -0.00606885 -0.0192525 0.00363693 0.00357987 -0.000230655 -0.0105193 -0.0100306 -0.00492744 -0.00208949 -0.0314992 -0.0497558 -0.0273002 -0.0352403 -0.0127375 -0.0702015 -0.00754341 -0.0222061 0.0108847 0.00613708 0.000385946
internal_weight=519498 517650 427216 348961 78255 90434 1848 1691 1026 665 495 269584 87029 15376 70511 822 462 79377 182555 36396 35847 6197 4363 1553 29650 29057 75170 8308 44449 24880 19569 12161 975 486 26062 146159 20585 7744 71653 15897 5477 2224 1036 709 82126 4207 639 124069 12080 11915 8918 16896 16535 1029 15506 5085 71205 66278 4927 3722 28898 360 4585 1644 2941 2084 605 415 45810 16848 913 649 365 28962 16797 16574 12165 236 19927 5974 2730 20468 43505 43350 6108 6458 111989 17728 17097 13799 94261 21754 13220 849 637 12371 11452 2751 462 8534 8701 212 72507 53228 2203 7433 2015 854 1161 5418 3910 1671 653 14928 7907 1781 331 1450 988 3555 230 1972 473 500 5597 10421
internal_count=519498 517650 427216 348961 78255 90434 1848 1691 1026 665 495 269584 87029 15376 70511 822 462 79377 182555 36396 35847 6197 4363 1553 29650 29057 75170 8308 44449 24880 19569 12161 975 486 26062 146159 20585 7744 71653 15897 5477 2224 1036 709 82126 4207 639 124069 12080 11915 8918 16896 16535 1029 15506 5085 71205 66278 4927 3722 28898 360 4585 1644 2941 2084 605 415 45810 16848 913 649 365 28962 16797 16574 12165 236 19927 5974 2730 20468 43505 43350 6108 6458 111989 17728 17097 13799 94261 21754 13220 849 637 12371 11452 2751 462 8534 8701 212 72507 53228 2203 7433 2015 854 1161 5418 3910 1671 653 14928 7907 1781 331 1450 988 3555 230 1972 473 500 5597 10421
cat_boundaries=0 1 2 3 4 5 6 7 8 9 10 11 12 13 14 15 16 17 18
cat_threshold=2 2 4 4 2 1 4 6 4 2 2 1 1 4 1 1 4 2
is_linear=0
shrinkage=0.03


Tree=43
num_leaves=127
num_cat=40
split_feature=0 5 48 5 26 5 5 27 36 5 2 5 0 25 5 27 5 28 0 5 0 0 5 27 25 25 25 0 25 0 11 5 5 25 5 2 2 5 5 27 5 5 11 27 4 0 0 5 27 27 12 27 27 0 27 21 11 23 5 25 25 25 5 27 27 0 27 5 11 2 5 27 0 4 23 5 5 47 27 0 5 25 0 27 25 25 48 3 27 12 0 0 5 0 25 11 11 5 27 5 27 25 0 0 5 27 25 5 0 5 48 0 27 27 21 0 12 0 0 5 11 27 4 12 30 27
split_gain=3269.56 2240.43 1505.92 1484.12 915.499 841.025 774.018 744.606 678.321 658.01 581.774 581.16 472.752 464.595 766.228 386.014 652.017 503.953 471.196 412.301 528.694 912.189 890.424 781.147 385.031 380.003 379.761 379.217 1396.68 468.063 432.041 417.452 372.047 415.279 360.372 360.048 350.582 939.988 691.68 450.663 1247.2 760.374 465.62 424.031 416.639 429.87 401.819 529.031 836.825 744.282 517.987 369.938 571.096 468.566 450.206 375.89 366.655 350.152 481.091 347.505 802.767 413.111 466.952 635.346 355.223 509.234 341.957 337.063 332.558 328.781 326.848 452.8 326.453 543.66 379.566 321.932 314.908 419.744 370.761 307.669 305.991 752.621 304.47 539.776 302.036 849.662 318.304 300.113 607.377 354.281 300.08 294.117 421.546 1519.53 923.033 411.167 400.666 293.475 290.454 356.222 292.233 286.344 282.327 2891.92 341.912 310.385 281.673 279.478 274.648 717.006 269.805 268.4 267.952 393.403 262.539 262.527 259.048 258.774 289.534 258.075 320.767 255.774 252.033 251.565 249.587 247.389
threshold=13030.000000000002 0 0.84999999403953563 1 0.13882523775100711 2 3 0.14952706545591357 2.9499998092651372 4 5 6 1940.0000000000002 58.500000000000007 7 0.076740767806768431 8 0.1029375307261944 225.00000000000003 9 715.00000000000011 950.00000000000011 10 0.086274277418851866 90.500000000000014 62.500000000000007 37.500000000000007 950.00000000000011 26.500000000000004 850.00000000000011 -0.4218058288097381 11 12 88.500000000000014 13 14 15 16 17 0.059944719076156623 18 19 0.24372619390487674 0.058846931904554374 20 55.000000000000007 715.00000000000011 21 0.098019190132617964 0.089248880743980422 -0.099822327494621263 0.11368945986032487 0.07936600968241693 110.00000000000001 0.055219287052750594 0.089673124253749861 -0.32614396512508387 0.12977331131696704 22 84.500000000000014 103.50000000000001 64.500000000000014 23 0.086274277418851866 0.052256155759096153 325.00000000000006 0.086274277418851866 24 0.24372619390487674 25 26 0.098019190132617964 950.00000000000011 27 0.099415287375450148 28 29 11.804999828338625 0.055219287052750594 1560.0000000000002 30 38.500000000000007 325.00000000000006 0.059944719076156623 71.500000000000014 69.500000000000014 25.800000190734867 31 0.055219287052750594 0.49626980721950537 325.00000000000006 1560.0000000000002 32 135.00000000000003 56.500000000000007 0.80417552590370189 -0.2102246284484863 33 0.053855204954743392 34 0.053263295441865928 14.500000000000002 475.00000000000006 425.00000000000006 35 0.064750330522656455 25.500000000000004 36 475.00000000000006 37 89.200000762939467 950.00000000000011 0.095947422087192549 0.092709075659513487 0.038412688300013549 1225.0000000000002 -0.60555642843246449 1225.0000000000002 1560.0000000000002 38 0.23537775129079822 0.086274277418851866 39 0.6174544394016267 0.10685699060559274 0.051913643255829818
decision_type=2 9 2 9 10 9 9 2 2 9 9 9 2 2 9 2 9 8 2 9 2 2 9 2 2 2 2 2 2 2 2 9 9 2 9 9 9 9 9 2 9 9 2 2 9 2 2 9 2 2 2 2 2 2 2 8 2 10 9 2 2 2 9 2 2 2 2 9 2 9 9 2 2 9 10 9 9 2 2 2 9 2 2 2 2 2 2 1 2 2 2 2 9 2 2 2 2 9 2 9 2 2 2 2 9 2 2 9 2 9 2 2 2 2 8 2 2 2 2 9 2 2 9 2 10 2
left_child=1 6 9 8 5 10 69 -5 -2 35 32 72 15 14 27 16 -8 125 68 111 70 23 -23 -22 34 -24 -10 28 29 31 -31 -13 33 -4 117 101 38 44 39 40 122 90 102 56 -38 -46 47 48 50 59 -40 52 53 -47 75 -54 -42 -6 -59 61 -61 62 -49 -64 65 -63 -30 84 -19 -1 71 -21 74 -74 -12 -55 77 -15 114 119 81 -48 98 -84 85 -20 -87 88 89 -71 -41 92 93 96 95 115 -39 -93 99 100 -36 121 103 104 105 -43 -29 108 109 -85 -70 112 113 -17 -78 -95 -68 -11 -119 120 -57 -3 -7 -83 -62 -18
right_child=3 2 4 7 57 36 12 -9 26 24 11 13 -14 76 -16 19 17 18 67 20 21 22 25 -25 -26 -27 -28 106 66 30 -32 -33 -34 -35 82 -37 37 91 46 41 43 42 -44 -45 45 51 80 49 -50 -51 -52 -53 55 54 -56 79 -58 58 -60 60 124 64 63 -65 -66 -67 116 -69 110 87 -72 -73 73 -75 -76 -77 78 -79 -80 -81 -82 123 83 107 -86 86 -88 -89 -90 -91 -92 97 -94 94 -96 -97 -98 -99 -100 -101 -102 -103 -104 -105 -106 -107 -108 -109 -110 -111 -112 -113 -114 -115 -116 -117 -118 118 -120 -121 -122 -123 -124 -125 -126 -127
leaf_value=0.011281685131102115 -0.095415406810616193 -0.033853056703363797 -0.012880711874788679 -0.042205256372347053 0.0017857222052447886 0.011510608475159714 0.0025103171441645273 0.0072137298059260502 -0.075949341299442141 0.0070856248385043194 -0.019997068450414213 -0.020400572629469271 -0.03618611506552704 -0.0024807516285002018 0.0016985370609556058 -0.0057447680098259646 0.013630420625426885 -0.0077821227970257733 0.0031323134998764309 0.002494129964825305 -0.11079088656318578 -0.071576981742320384 -0.00080649891745478012 -0.0071027515443337673 -0.00542089751602794 0.0059174839423907274 0.00095574570634892871 0.0045410052284933673 0.0070058148165014636 -0.040946138876519628 -0.1169044831867686 -0.074688832629774063 -0.0030408129982857062 0.0094750294939287428 -0.0095136457994079247 -0.0028739362678551232 0.011579558742478466 -0.11793148946017026 -0.01843044802186709 -0.013726098001885701 -0.018206396700435824 -0.030384992210336768 -0.016294631759544747 0.0076581552353277831 0.012245562915106365 -0.0089620176487099738 0.024265540299767796 0.0054384851967461418 -0.03605366075575514 0.012576365491005506 0.0014794795502491884 0.00023927409817089921 0.019510856197583814 -0.0036354201207140398 0.009072332643328929 -0.010585121253046099 -0.0060300958139509033 0.0034519948939912234 -0.024163345037521173 -0.020500061842701013 -0.0027251397631027877 0.012639846429608914 -0.010886860890185633 -0.083649460908613693 0.0089442015786117893 -0.034802629039534981 -0.039541380524916472 -0.0055156991287267027 -0.030351824587628511 -0.048809285589728947 0.011461694080473728 -0.050085134829338317 -0.023797000993433969 0.015267367733930726 -0.064351330495012404 -0.040244721245552811 -0.014922108156746154 -0.013552561246109549 -0.013010413409306303 0.023962389488792951 0.0066445157069628469 -0.0071878864867380666 0.0093246347743218844 -0.076445652327151753 0.010376195497452941 -0.020108211967487667 -0.085545867018296681 -0.00033406942720201518 0.019431553013216838 0.0050377446681180247 0.0026598544840702198 0.019672551827239138 -0.0079987393426062831 -0.062779533239876312 -0.006435011566668261 -0.092881608397538701 -0.041030201245756709 -0.010314103679131097 -0.0011446209703001055 -0.0006542111404309269 -0.03891178514743529 -0.027296896341648856 -0.0050874721873848013 -0.14546078703991355 0.0012487821671383112 -0.0017137696703882527 -0.0098852283474966177 0.0024328854047450774 -0.002041056028999138 -0.0012498622535817823 -0.0089996821884593698 0.0015392635306087164 -0.014371148088458552 0.020101960463222046 -0.044949939250621705 -0.022912075794309473 -0.0095418521378258098 -0.0097521349610652508 0.036702231084081258 -0.01295290257756972 -0.043298474871043935 0.0073808897231834574 0.0020882468483005459 -0.032619497891451132 0.012042150003092713 1.0660147909792075e-05
leaf_weight=9473 498 184 6703 591 29761 4997 26965 511 103 14722 4422 507 310 6372 9263 3256 1743 4470 1527 964 117 134 13546 147 7058 17129 130 1714 994 126 148 174 35650 841 609 2703 1989 159 1710 1151 2737 876 6758 1667 1681 5011 538 1987 893 3920 3761 14566 300 1899 4163 471 11908 1130 1131 2348 12090 391 2067 113 6739 423 317 13905 1355 201 10011 173 652 629 180 234 466 5968 7680 178 11554 892 7435 152 2663 128 141 6167 1940 241 7928 619 23141 196 3356 116 101 542 9887 1134 609 1408 13549 145 1526 555 4205 24358 13437 393 879 10111 2349 632 602 616 1404 1418 131 4974 633 504 5228 576 1125 3850
leaf_count=9473 498 184 6703 591 29761 4997 26965 511 103 14722 4422 507 310 6372 9263 3256 1743 4470 1527 964 117 134 13546 147 7058 17129 130 1714 994 126 148 174 35650 841 609 2703 1989 159 1710 1151 2737 876 6758 1667 1681 5011 538 1987 893 3920 3761 14566 300 1899 4163 471 11908 1130 1131 2348 12090 391 2067 113 6739 423 317 13905 1355 201 10011 173 652 629 180 234 466 5968 7680 178 11554 892 7435 152 2663 128 141 6167 1940 241 7928 619 23141 196 3356 116 101 542 9887 1134 609 1408 13549 145 1526 555 4205 24358 13437 393 879 10111 2349 632 602 616 1404 1418 131 4974 633 504 5228 576 1125 3850
internal_value=-0.00182407 -0.00168217 -0.00285389 -0.0418091 -0.00386949 -0.0044503 0.00164752 -0.0191304 -0.074644 0.000637201 -0.00682471 -0.00918047 0.00075219 -0.00787871 -0.00445822 0.000851114 -0.000892107 -0.00388392 -0.00570187 0.00256625 0.00413191 0.00212196 0.00259858 -0.0533001 0.00127452 0.0029473 -0.0332202 -0.0103961 -0.0179824 -0.0491672 -0.0822506 -0.035755 -0.00432387 -0.0103738 0.0019109 -0.0101448 -0.00324257 -0.00499105 -0.00221129 -0.00442357 -0.00152379 -0.00679342 -0.0096494 -0.00667082 -0.00176333 -0.0025422 0.000343142 -0.00125466 -0.00912952 0.000354505 -0.00474574 -0.0033091 -0.0062024 -0.00211744 0.00333073 -0.0132462 -0.00830681 0.000920927 -0.0104579 -0.00140179 -0.00433981 0.00249965 -0.00508253 -0.0146281 0.00668287 -0.0120264 -0.00699914 -0.00321642 -0.0125087 0.00743145 0.0097373 -0.00549475 -0.017987 -0.00461856 -0.0217455 -0.00787423 -0.0109399 -0.00782974 -0.0152993 -0.0148199 0.00476976 -0.0060293 0.000803534 0.00192747 0.0039568 -0.00553995 -0.054598 0.00315605 0.0122016 -0.0195042 0.000580585 -0.00902813 -0.00965162 -0.0180083 -0.0137628 -0.0402276 -0.08833 0.00575732 -0.00339923 -0.0128723 -0.0240354 -0.0194574 -0.00695734 -0.0151203 -0.00868192 -0.0191404 -0.00570768 0.00049278 -0.00288668 -0.0237465 -0.0219583 -0.0014789 -0.00637358 -0.00153926 -0.0318741 -0.0326006 -0.0150874 0.00585481 -0.00580231 -0.0159595 -0.0291008 -0.00367992 0.00668713 -0.0171819 -0.00146718 0.00425679
internal_weight=518638 516805 382278 1833 296136 264114 134527 1102 731 86142 89017 45823 116505 39940 18852 116195 57626 30661 25068 58569 42221 31073 30809 264 81343 30675 233 9589 3670 955 274 681 43194 7544 74285 4799 175097 64945 110152 59025 26537 32488 23409 16312 36099 34110 51127 37567 6364 31203 5471 32429 17863 11307 6296 6556 14645 32022 2261 27283 15563 11720 4167 2180 7553 814 2715 18364 6704 18022 11148 1137 5883 1281 4602 2133 21088 12340 8748 6256 13560 2006 58014 45775 4459 1796 269 8549 2382 442 9079 28846 27685 4544 4284 928 260 1161 12239 2352 1218 2096 16651 3102 2957 1431 5919 38340 13982 545 2234 16348 6237 3888 1068 812 1721 16271 1549 6078 1104 688 10225 1468 13215 5593
internal_count=518638 516805 382278 1833 296136 264114 134527 1102 731 86142 89017 45823 116505 39940 18852 116195 57626 30661 25068 58569 42221 31073 30809 264 81343 30675 233 9589 3670 955 274 681 43194 7544 74285 4799 175097 64945 110152 59025 26537 32488 23409 16312 36099 34110 51127 37567 6364 31203 5471 32429 17863 11307 6296 6556 14645 32022 2261 27283 15563 11720 4167 2180 7553 814 2715 18364 6704 18022 11148 1137 5883 1281 4602 2133 21088 12340 8748 6256 13560 2006 58014 45775 4459 1796 269 8549 2382 442 9079 28846 27685 4544 4284 928 260 1161 12239 2352 1218 2096 16651 3102 2957 1431 5919 38340 13982 545 2234 16348 6237 3888 1068 812 1721 16271 1549 6078 1104 688 10225 1468 13215 5593
cat_boundaries=0 2 4 6 8 10 11 12 14 16 18 20 22 23 25 26 27 29 31 33 35 36 37 39 40 41 42 43 44 46 48 49 50 52 54 56 57 59 61 63 64
cat_threshold=423901270 170 269484034 8192 1108001825 10320 20 2 540672 64 10 656384 33587200 8256 268709952 40 268447744 32 2048 8 33554432 64 1073758209 1107297312 22528 4 6 78643328 1285 78643200 5381 76546048 1028 0 4353 2 536936448 8388608 9216 2147483784 4194306 6 16777280 2 128 1025 49152 16 2147483648 2 0 4608 2147484160 4096 131585 17 10485760 77627521 1028 8388608 1024 0 260 4
is_linear=0
shrinkage=0.03


Tree=44
num_leaves=127
num_cat=39
split_feature=0 5 5 33 5 2 5 2 5 5 0 5 27 0 5 5 47 25 0 5 5 5 27 27 0 11 27 0 5 5 48 25 25 27 0 32 0 0 27 25 47 25 27 0 0 5 0 28 0 5 11 5 0 5 25 25 25 5 0 0 23 26 0 5 5 28 4 27 5 0 0 0 5 27 0 25 20 25 0 27 5 47 5 27 26 11 5 11 26 25 0 5 48 21 31 5 0 0 25 25 25 28 47 5 25 27 25 11 0 5 27 5 26 5 27 25 27 25 25 0 5 5 5 25 25 5
split_gain=2995.92 2123.28 1388.33 1149.93 805.88 1240.41 773.844 763.547 1585.31 1060.6 1000.94 1266.39 1603.62 1341.54 936.273 924.226 700.048 679.675 624.391 959.36 695.074 609.072 645.5 636.033 606.905 576.063 554.746 2306.64 536.515 507.633 475.358 444.175 689.77 708 549.362 442.123 1257.89 440.954 436.688 430.313 404.359 398.685 381.989 518.799 380.207 949.104 586.479 421.039 386.981 863.352 697.131 378.047 368.18 359.833 358.842 445.76 344.005 342.8 487.718 338.216 335.717 402.76 366.432 423.077 361.152 333.803 323.615 322.626 392.581 321.865 1136.22 314.903 305.304 330.874 303.685 1548.69 431.257 293.655 1016.82 432.769 654.614 503.694 432.524 335.355 291.821 514.13 720.712 288.493 288.255 506.828 398.035 282.145 276.4 280.763 269.527 269.015 499.445 265.948 767.532 264.337 545.153 257.286 294.218 255.321 247.916 245.169 1486.92 368.105 309.921 989.968 237.028 235.876 221.055 356.238 442.101 383.857 441.718 252.383 511.079 244.79 730.575 344.07 271.652 220.439 296.018 220.361
threshold=13030.000000000002 0 1 7.2500000000000009 2 3 4 5 6 7 715.00000000000011 8 0.059944719076156623 325.00000000000006 9 10 21.144999504089359 27.500000000000004 615.00000000000011 11 12 13 0.058846931904554374 0.049178216606378562 1615.0000000000002 0.10837544873356821 0.092709075659513487 475.00000000000006 14 15 6.9500000476837167 99.000000000000014 60.500000000000007 0.064750330522656455 325.00000000000006 0.22560109943151477 615.00000000000011 550.00000000000011 0.095947422087192549 63.500000000000007 42.954999923706062 86.500000000000014 0.11874964460730554 1225.0000000000002 1410.0000000000002 16 1280.0000000000002 0.12863171845674518 325.00000000000006 17 0.23537775129079822 18 1560.0000000000002 19 103.50000000000001 149.50000000000003 76.500000000000014 20 325.00000000000006 155.00000000000003 0.081555202603340163 0.0042278021574020394 1560.0000000000002 21 22 0.13341145217418673 23 0.095947422087192549 24 90.000000000000014 45.000000000000007 325.00000000000006 25 0.1321084722876549 1280.0000000000002 102.50000000000001 73.500000000000014 53.500000000000007 155.00000000000003 0.055219287052750594 26 35.629999160766609 27 0.1045757830142975 0.1366594657301903 0.23537775129079822 28 -0.81429189443588246 0.11361297965049745 69.500000000000014 90.000000000000014 29 21.900000572204593 0.088720671832561507 0.042853806167840965 30 950.00000000000011 55.000000000000007 22.500000000000004 25.500000000000004 24.500000000000004 0.090328950434923186 47.670000076293952 31 80.500000000000014 0.11368945986032487 99.000000000000014 -0.60554069280624379 110.00000000000001 32 0.053263295441865928 33 0.14085485786199572 34 0.059393314644694335 95.000000000000014 0.1045757830142975 75.500000000000014 77.500000000000014 1225.0000000000002 35 36 37 125.00000000000001 56.500000000000007 38
decision_type=2 9 9 2 9 9 9 9 9 9 2 9 2 2 9 9 2 2 2 9 9 9 2 2 2 2 2 2 9 9 2 2 2 2 2 8 2 2 2 2 2 2 2 2 2 9 2 8 2 9 2 9 2 9 2 2 2 9 2 2 8 8 2 9 9 10 9 2 9 2 2 2 9 2 2 2 2 2 2 2 9 2 9 2 10 2 9 2 10 2 2 9 2 10 8 9 2 2 2 2 2 10 2 9 2 2 2 2 2 9 2 9 8 9 2 2 2 2 2 2 9 9 9 2 2 9
left_child=1 6 25 4 5 40 101 10 17 24 11 18 13 21 26 38 111 42 20 -20 65 -13 23 -23 59 -2 31 -28 -27 -5 -8 32 33 -14 -33 36 -36 -22 94 -25 103 -26 43 -9 46 -46 47 -32 49 50 -49 -42 57 -50 91 -56 -18 58 87 97 -11 -62 63 74 -64 -6 -61 -29 -69 70 -65 -67 -21 84 -63 -76 -77 78 -71 82 83 -82 -80 -81 85 -74 -87 -7 89 90 -52 -15 -34 -94 -12 96 -17 98 -10 100 -68 102 -1 -3 -73 108 -107 -108 109 -79 -60 -4 119 114 -114 117 -117 -115 -119 121 -121 -59 -122 124 -98 -105
right_child=2 3 16 29 7 52 30 8 9 60 15 12 14 54 -16 95 56 -19 19 72 37 22 -24 39 41 28 27 67 -30 -31 44 34 92 -35 35 -37 -38 -39 -40 -41 51 -43 -44 -45 45 -47 -48 48 53 -51 88 -53 -54 -55 55 -57 -58 112 110 66 61 62 64 69 -66 71 99 68 -70 77 -72 104 73 -75 75 76 -78 105 79 80 81 -83 -84 -85 -86 86 -88 -89 -90 -91 -92 -93 93 -95 -96 -97 123 -99 -100 -101 -102 -103 -104 125 -106 106 107 -109 -110 -111 -112 -113 113 115 -116 116 -118 118 -120 120 122 -123 -124 -125 -126 -127
leaf_value=0.0044861935175695717 -0.096513714433702463 0.010721342755403089 -0.0081035739073932571 -0.0014613974666472843 0.0052706007625606087 -0.052465864217374474 0.0035512848417266468 -0.077741733740146896 -0.054347564448262491 -0.0015979510047285455 -0.016148371670287862 0.0029669097005207965 -0.032207276314087714 -0.0079229655554186231 -0.0057687122410633087 0.040894260370669053 -0.0044790025943045302 -0.018452403575546051 0.019119611377871357 0.0059965809811802235 -0.0035009112566702473 0.0035905137285364448 0.0023137060277749824 -0.016928024707544339 -0.087999759536829938 -0.0029376651098330813 -0.14398077694785516 -0.044604781818490397 -0.080564585902474131 0.0050425530083108286 0.0042107480862205327 -0.045745877264667265 -0.024718526826978473 0.010910770486087929 -0.11824730040609008 0.0016702638146617725 -0.01032083739484302 -0.048286561591541349 -0.014083922362193108 -0.035722025308504567 0.0033811814870208573 -0.015835595525028549 -0.11705539013330751 -0.0083487563468999659 -0.10029408165386745 -0.0087219283285881622 0.039518961727619172 -0.0063523290350656321 0.0068952397543262534 0.00043550756684364555 -0.06705290446643318 -0.0081306906923142644 0.0079203380956038016 -0.0012456160411638303 0.020075792172955707 -0.007486759393228043 0.056448460397047873 0.0093339845607308177 -0.081637937802157987 0.013196217081114511 -0.044060783402513196 -0.0055975612185729991 0.022510083228263748 0.017807759851624042 -0.012612670811984509 0.0080295366519047614 0.0047234415114907839 -0.0065091359403481189 -0.029972724776070991 0.022332581557799127 -0.11157763887405395 -0.049732165339848269 -0.0037121988701495348 0.029771270718707506 0.03401635230421575 -0.031616122276812306 -0.10673313419694548 -0.00012029182041364443 -0.10605878319740294 0.0040550562746536276 -0.085887747043131013 -0.027364001163979992 -0.034610574023006629 -0.027029518093437718 0.0050488577565203632 -0.017981232005703313 -0.093749703188447178 0.0035204223130068011 -0.0040272152162876655 -0.049608582625615481 -0.013497374407063042 0.0038273959725675525 -0.081369990533747674 -0.039580675492458153 0.0033446196906569666 0.0078174068046845333 0.010065742453713921 -0.0075062450642300266 0.008576473649462556 0.0011395800624125409 -0.037583393225652455 0.019934933016833752 0.014284307210047108 -0.012748732508781937 -0.011747778651327397 -0.010806576915777343 -0.11969760300195592 -0.051865855539538736 -0.0032381366401412637 -0.072856680311158703 -0.023191718685390824 -0.047590607630919261 0.014463969431194155 -0.0027104445740288611 -0.00043243864701421341 0.015618982083880449 -0.0014570734583825116 -0.033631111029314105 -0.0064785048999260828 -0.05396248619721717 -0.014585505059748373 -0.0058346469721375733 0.0077031641629586789 0.0072457428800092229 -0.0052603557496696193 -0.0083279097263320393
leaf_weight=16484 407 557 211 20908 14485 100 35477 265 188 5728 763 2344 668 2220 8379 286 290 595 3579 5951 34748 908 1576 2996 112 169 150 561 154 22325 13510 322 478 702 107 2637 974 198 3338 1732 4738 178 103 153 101 1205 329 4320 5610 9047 139 5584 3018 37389 2202 694 116 1529 145 1937 301 13408 623 119 443 671 625 1185 1443 389 124 183 2635 250 200 121 162 522 114 623 227 319 302 625 1615 756 126 460 439 797 1168 10475 231 396 3882 19115 1417 8241 2268 23559 487 1293 3312 14303 977 3105 126 173 4128 240 111 487 2550 24332 6035 2000 4278 693 6186 346 1579 10754 707 3246 5667 36048
leaf_count=16484 407 557 211 20908 14485 100 35477 265 188 5728 763 2344 668 2220 8379 286 290 595 3579 5951 34748 908 1576 2996 112 169 150 561 154 22325 13510 322 478 702 107 2637 974 198 3338 1732 4738 178 103 153 101 1205 329 4320 5610 9047 139 5584 3018 37389 2202 694 116 1529 145 1937 301 13408 623 119 443 671 625 1185 1443 389 124 183 2635 250 200 121 162 522 114 623 227 319 302 625 1615 756 126 460 439 797 1168 10475 231 396 3882 19115 1417 8241 2268 23559 487 1293 3312 14303 977 3105 126 173 4128 240 111 487 2550 24332 6035 2000 4278 693 6186 346 1579 10754 707 3246 5667 36048
internal_value=-0.00173377 -0.00159822 -0.0399987 -0.00271347 -0.00329285 -0.00520241 0.00170943 -0.00218885 -0.00474815 -0.00417682 -0.000957621 -0.00240882 -0.00639173 -0.00148156 -0.0131669 0.0032576 -0.0181148 -0.04005 0.000203149 0.00560597 -0.00136856 -0.0103317 -0.0146376 -0.0194032 -0.00075567 -0.0717942 -0.0194309 -0.0293935 -0.0426603 0.00189803 0.000695892 -0.014351 -0.024357 -0.0101214 -0.0082166 -0.00495493 -0.0211031 -0.00375496 -0.0058014 -0.0238189 -0.00826449 -0.0439125 -0.0653999 -0.0524225 -0.000671975 -0.0167091 -0.000383844 -0.000565666 -0.00166113 -0.00565829 -0.0136709 -0.0028513 -0.00230915 -0.000182044 0.00394315 0.0134704 0.0130248 -0.00280916 -0.0219985 -0.000419214 -0.00817925 -0.0096105 -0.00921142 -0.00994518 0.00800866 0.00374262 0.00139197 -0.0239602 -0.0195379 -0.0143028 -0.0484028 -0.00832107 0.00131898 -0.00385484 -0.00643613 -0.029788 -0.0748404 -0.0135508 -0.0223499 -0.0302214 -0.0238045 -0.0508777 -0.0577709 -0.0114298 -0.00550589 -0.0103527 -0.0301646 -0.00655283 -0.0261499 -0.0307618 -0.0192399 0.0017689 -0.0419815 -0.0550818 0.000139863 0.00569016 0.00185575 -0.00492411 0.00373965 0.000464684 -0.0138219 0.00697036 0.00612612 -0.0093636 -0.0177778 -0.0107912 -0.0169725 -0.0807542 -0.00648567 -0.0240513 -0.0564849 -0.0364794 -0.00254803 -0.00152077 0.00398876 -0.00278285 0.00398451 -0.00414506 -0.00921839 -0.00572274 -0.0140238 -0.00394299 -0.00768832 0.000772864 -0.00219372 -0.00958622
internal_weight=519841 518007 1834 387387 344154 126053 130620 218101 70833 69717 147268 109554 43380 25147 18233 37714 1104 1116 66174 14912 51262 9556 7212 5636 37595 730 9854 3339 323 43233 109531 6515 2475 1370 4040 3718 1081 34946 7983 4728 61230 290 521 418 74054 1306 72748 72419 58909 15910 6863 10322 64823 42999 15591 2896 406 61805 816 37305 32122 26394 26093 25027 1066 16316 26608 3189 2628 11136 243 1831 11333 5382 13891 483 283 10893 2599 2210 1794 546 416 1248 5132 3517 882 560 2543 2104 1307 12695 1105 627 4645 29731 10616 10697 2456 24671 1112 21089 19796 50908 1160 8294 3404 299 4890 762 256 698 60989 46074 8585 37489 6278 31211 6879 14915 2632 12283 2286 10330 7084 50351
internal_count=519841 518007 1834 387387 344154 126053 130620 218101 70833 69717 147268 109554 43380 25147 18233 37714 1104 1116 66174 14912 51262 9556 7212 5636 37595 730 9854 3339 323 43233 109531 6515 2475 1370 4040 3718 1081 34946 7983 4728 61230 290 521 418 74054 1306 72748 72419 58909 15910 6863 10322 64823 42999 15591 2896 406 61805 816 37305 32122 26394 26093 25027 1066 16316 26608 3189 2628 11136 243 1831 11333 5382 13891 483 283 10893 2599 2210 1794 546 416 1248 5132 3517 882 560 2543 2104 1307 12695 1105 627 4645 29731 10616 10697 2456 24671 1112 21089 19796 50908 1160 8294 3404 299 4890 762 256 698 60989 46074 8585 37489 6278 31211 6879 14915 2632 12283 2286 10330 7084 50351
cat_boundaries=0 2 4 6 7 9 10 11 13 15 16 18 20 22 24 25 27 28 29 31 32 33 34 36 37 38 40 42 44 46 48 50 51 53 55 57 58 59 60 61
cat_threshold=2571384918 42 269484034 8192 1623081 2132 5 84 2 6 131072 111149184 9345 1073873536 22144 547356672 1073872896 9344 1073742336 128 131200 1536 75497472 256 1048576 76202625 4548 2048 20979714 1065 2064 4196354 1 1610678784 512 4096 2 10485760 128 20480 0 4352 0 4096 131072 1024 536870912 256 8388608 4096 1 0 16384 687865856 16384 1081376 64 32768 1081352 1064960 1573920
is_linear=0
shrinkage=0.03


Tree=45
num_leaves=127
num_cat=35
split_feature=5 2 5 5 5 27 47 40 28 2 5 30 2 5 5 5 5 5 29 5 27 25 27 5 2 27 27 29 5 27 5 25 43 25 48 5 47 25 25 27 11 5 26 25 48 26 25 25 25 27 22 20 27 25 21 12 40 27 5 30 47 25 27 27 25 25 27 2 27 5 25 27 25 25 25 29 25 11 31 48 3 30 27 5 27 27 5 5 48 21 5 27 41 2 27 3 5 21 27 5 5 22 11 25 25 27 25 12 27 25 27 25 48 22 11 25 44 25 32 27 26 27 25 27 5 5
split_gain=2111.83 1874.14 2652.13 1702.67 1302.27 906.612 866.072 690.34 489.163 821.795 468.577 456.995 456.755 1735.78 670.009 456.647 421.604 385.007 371.919 341.993 665.218 1185.35 363.583 912.443 1467.84 494.958 883.823 557.57 494.041 477.848 460.763 572.771 586.197 351.933 422.78 333.564 452.771 442.409 586.202 386.309 428.102 350.147 309.216 303.594 294.591 293.75 289.2 349.034 582.075 356.966 288.278 268.207 267.497 283.314 266.104 263.109 319.294 255.741 253.19 248.552 246.508 244.798 238.125 235.766 234.409 286.88 238.057 483.098 1360.33 233.137 224.349 274.546 220.586 214.771 226.333 213.084 212.871 211.951 211.826 222.702 208.673 207.456 319.16 213.204 758.082 234.577 207.28 206.607 205.417 204.061 191.87 189.477 189.358 184.421 712.375 207.949 183.977 182.488 178.235 291.161 261.019 177.499 177.48 173.357 209.555 172.095 343.61 171.02 170.457 280.382 217.121 205.626 169.656 168.357 168.309 168.261 183.905 167.56 250.293 201.717 165.643 164.921 230.577 164.751 162.241 158.937
threshold=0 1 2 3 4 0.14952706545591357 42.954999923706062 38.45000076293946 0.1139504909515381 5 6 0.088881377130746855 7 8 9 10 11 12 0.056686626747250564 13 0.061421869322657592 51.500000000000007 0.069445703178644194 14 15 0.14242830872535708 0.11368945986032487 0.11603261157870294 16 0.060448419302701957 17 135.50000000000003 5.7049999237060556 53.500000000000007 37.250000000000007 18 14.13499975204468 49.000000000000007 38.500000000000007 0.10945477336645128 -0.32614396512508387 19 0.046130226925015456 51.500000000000007 1.0000000180025095e-35 0.10922185331583024 88.500000000000014 77.500000000000014 65.500000000000014 0.10038758814334871 0.20159854739904406 62.500000000000007 0.16352472454309466 69.500000000000014 0.066236898303031935 0.80798786878585827 32.750000000000007 0.17337424308061603 20 0.073796268552541747 13.025000095367433 19.500000000000004 0.10945477336645128 0.055219287052750594 86.500000000000014 107.50000000000001 0.084925193339586272 21 0.15358696132898333 22 15.500000000000002 0.053855204954743392 61.500000000000007 27.500000000000004 77.500000000000014 0.069317996501922621 21.500000000000004 -0.63921129703521717 0.053029455244541175 2.5499999523162846 23 0.14762741327285769 0.1045757830142975 24 0.098654624074697508 0.12240357697010042 25 26 37.849998474121101 0.119902141392231 27 0.14952706545591357 56.500000000000007 28 0.15358696132898333 29 30 0.038412688300013549 0.058047603815793998 31 32 -0.28303819894790644 0.90162119269371044 100.50000000000001 78.500000000000014 0.07936600968241693 21.500000000000004 -0.88220417499542225 0.059944719076156623 22.500000000000004 0.064750330522656455 47.500000000000007 87.549999237060561 -1.026416480541229 0.12545942142605784 62.500000000000007 0.080499999225139632 113.00000000000001 0.21307424455881122 0.12467420101165773 0.24214403331279757 0.10038758814334871 75.500000000000014 0.064750330522656455 33 34
decision_type=9 9 9 9 9 2 2 2 8 9 9 10 9 9 9 9 9 9 8 9 2 2 2 9 9 2 2 8 9 2 9 2 2 2 2 9 2 2 2 2 2 9 10 2 2 10 2 2 2 2 10 2 2 2 10 2 2 2 9 10 2 2 2 2 2 2 2 9 2 9 2 2 2 2 2 8 2 2 8 2 1 8 2 9 2 2 9 9 2 8 9 2 2 9 2 1 9 8 2 9 9 10 2 2 2 2 2 2 2 2 2 2 2 8 2 2 2 2 8 2 10 2 2 2 9 9
left_child=6 4 15 5 62 8 12 11 -4 88 -8 17 14 18 46 78 -13 44 -14 20 21 -5 28 24 25 26 27 -24 113 70 -28 32 -32 34 -22 39 37 38 61 45 41 51 102 -39 -6 59 47 48 69 -49 -20 -41 53 -27 -29 56 -19 -38 -46 60 -15 -37 90 97 66 -66 -17 -68 -69 72 -30 101 -1 -43 -75 -71 -73 -74 -3 96 -78 82 -16 85 -85 120 -84 -62 -10 -25 107 92 -36 95 112 115 -80 -45 99 -57 -100 -72 -23 104 -91 -26 -107 -2 -77 -110 -111 -112 -95 -21 -88 -35 -117 125 -119 -120 -83 122 -86 -60 -101 -65
right_child=1 2 3 19 7 -7 10 -9 9 -11 -12 16 13 35 81 64 -18 55 50 22 33 42 23 89 105 52 30 54 29 -31 31 -33 -34 93 91 36 57 43 -40 40 -42 73 -44 63 58 -47 -48 49 -50 -51 -52 -53 -54 -55 -56 98 -58 -59 123 -61 87 -63 -64 117 65 -67 67 68 -70 75 71 76 77 74 -76 108 80 -79 79 -81 -82 83 86 84 121 -87 114 -89 -90 103 -92 -93 -94 94 -96 -97 -98 -99 100 124 -102 -103 -104 -105 -106 106 -108 -109 109 110 111 -113 -114 -115 -116 116 -118 118 119 -121 -122 -123 -124 -125 -126 -127
leaf_value=-0.0017383098294898695 0.021415494545327103 0.013435737898775411 -0.0038417366703715344 -0.11495173357114069 0.0078172746958359678 -0.11174657218310298 -0.0039211410180746142 0.007122474176345003 0.026533649544231593 -0.066498970289469717 0.0018554060753676643 0.00021344657244772928 0.019110362616933881 -0.0013638825177258831 -0.0032851057047124403 -0.0011033650485833856 0.0070841002654372844 -0.0039947765524173447 0.0027808317453262522 0.010495868856923329 -0.010182832743800743 -0.023744931214359093 -0.076938846977693695 0.004242675620710879 -0.015742341381431157 -0.036783266170580579 -0.034077572218359331 0.011913027361387723 -0.033146464040273396 0.020786838084020105 -0.1767644192687178 -0.053950674658597902 -0.083993389043774638 0.0070158777075283339 -0.04140730599845642 -0.02633416589120896 -0.0068999260407882554 0.0073880387743348814 -0.052273206297640075 -0.076728682287073538 -0.073610290923965302 0.015229745021931928 -0.0090351798035924833 -0.014260543060221084 -0.0018578719400082573 0.0031618078856023362 0.00016653896687504139 -0.015873732569940419 0.0020255345557571524 0.003509622494769596 -0.023499596543476709 -0.024815380988920555 -0.044653959284463578 0.018728255709738482 -0.036534403995719063 -0.017686788766804275 0.00048791553586427695 -0.037838326176153299 0.0070104039619980213 -0.014597985773708034 -0.0028697701615393325 -0.000130758580188924 0.016820520043909947 -0.0066443057075819744 0.0081944021642630666 -0.00090815099338686597 -0.0019909276343030805 -0.014289664001288114 -0.12669579151798696 -0.052263636454939845 0.012284303518375719 -0.030131803872498138 -0.010453576508626864 -0.014075706991468959 0.0065703269583173097 -0.0098603710753805938 -0.0044161853866763546 -0.051923227974929272 0.025892559183944921 0.0015652915450929635 0.028394380282769176 -0.0049542510126263321 0.015860801471862942 0.011532702306582812 0.004063189002388919 0.019721886566174882 0.0051527657632232824 -0.011877459729547589 -0.024254745999874358 -0.0053019124914199071 0.0046268235576672817 -0.015521556338944186 -0.091882805050734206 -0.0059411599531598146 -0.080002803414366955 0.011249483826736654 0.006710519376461074 -0.040811519951052283 0.0091227898959887078 0.0082891741256624803 0.00056400185946137019 -0.016684716872129395 -0.055596291569662601 -0.010394014177824533 0.0096882628676940932 0.039876336768783369 -0.0047345294955113476 0.008824761781697367 -0.068295013029660498 -0.026865132071018684 -0.018873612217500991 0.017431014388216187 -0.036301245940572942 -0.0085517208765017814 -0.031427999191806999 -0.034856113575809256 -0.005473471216949217 -0.010990909979536162 -0.03164594288536432 0.011141370289648572 0.0061533150345179661 -0.0010579384262925629 -0.033283674036757201 0.00096373252481982228 -0.0023570024953335836 -0.01474370763968824
leaf_weight=4118 1105 2043 367 118 6219 146 23551 13639 119 548 27251 17854 1249 8006 6574 17964 14618 48529 9574 446 1029 1960 139 1848 1007 132 208 250 174 1266 112 171 142 961 205 936 13153 625 622 102 106 291 1655 437 17127 3189 4271 6984 5664 974 390 708 216 218 171 990 20275 244 6614 3003 3721 488 2483 4354 4570 9790 4134 1948 101 119 1956 267 406 3661 549 6558 2421 152 484 16606 187 11900 117 5242 263 391 132 6053 177 13985 12739 135 101 2600 128 924 5463 502 4216 1516 13312 210 171 6141 892 173 1452 7995 104 873 321 248 176 6390 783 201 3786 1629 1280 107 1344 14631 341 10482 8234 4497
leaf_count=4118 1105 2043 367 118 6219 146 23551 13639 119 548 27251 17854 1249 8006 6574 17964 14618 48529 9574 446 1029 1960 139 1848 1007 132 208 250 174 1266 112 171 142 961 205 936 13153 625 622 102 106 291 1655 437 17127 3189 4271 6984 5664 974 390 708 216 218 171 990 20275 244 6614 3003 3721 488 2483 4354 4570 9790 4134 1948 101 119 1956 267 406 3661 549 6558 2421 152 484 16606 187 11900 117 5242 263 391 132 6053 177 13985 12739 135 101 2600 128 924 5463 502 4216 1516 13312 210 171 6141 892 173 1452 7995 104 873 321 248 176 6390 783 201 3786 1629 1280 107 1344 14631 341 10482 8234 4497
internal_value=-0.00169382 -0.000225958 -0.00322515 -0.00797167 0.0014931 -0.0410429 -0.0041843 0.000628849 -0.0327723 -0.0453328 -0.00082294 0.000107824 -0.00538727 -0.0071259 -0.00371981 0.000993831 0.0033088 -0.000648059 0.00368194 -0.00714351 -0.0111632 -0.0217075 -0.00573903 -0.0077254 -0.0202369 -0.0413976 -0.0525906 -0.0250716 -0.00167738 0.00425493 -0.0768579 -0.0946444 -0.125433 -0.00715466 -0.020735 -0.00920623 -0.0115009 -0.0150001 -0.0279948 -0.00694829 -0.0141857 -0.012986 -0.0187718 -0.0130187 0.00181099 -0.00531522 -0.00707603 -0.00824502 -0.00599107 -0.0135012 0.00174994 -0.0310562 -0.0184843 -0.00225267 -0.00780509 -0.00167257 -0.00267384 -0.00746619 0.000719858 -0.00661604 -0.00526717 -0.0173607 0.00801473 -0.0140151 -0.00104582 0.00198906 -0.00285108 -0.00792787 -0.019793 -0.00951107 0.000246567 0.00140554 -0.00413035 -0.00963752 -0.0113825 -0.0125497 -0.00467079 -0.0218226 0.00418611 0.00334952 -0.00205361 -0.00124137 -0.00572152 -0.000242649 0.0016925 -0.00314769 -0.0212237 -0.00846393 -0.00369155 -0.00531085 0.0070165 -0.045278 -0.0583125 -0.00487781 -0.0110458 -0.00180417 0.00833056 -0.0284833 0.000763941 -0.00227915 0.00262857 0.00946927 -0.0263257 -0.00615353 -0.00440254 -0.00598149 3.64153e-05 0.0103445 -0.0119756 -0.0209361 -0.0174755 -0.00304733 -0.00787839 -0.00729698 -0.0258685 -0.00424726 -0.00696313 -0.012868 -0.0189759 -0.0283395 -0.00382668 -0.00169271 -0.0170419 0.00330138 -0.000694183 -0.0107848
internal_weight=519919 327131 119184 56081 207947 1357 192788 183625 1211 844 50802 169986 141986 69476 72510 63103 32472 137514 11213 54724 14150 3904 40574 27257 4391 1759 1193 560 13317 6481 633 425 254 10246 1470 58263 28874 15477 2046 29389 5417 5311 3786 13431 40442 23972 30792 26521 18563 7958 9964 810 566 350 421 97072 68804 13397 34223 20783 17780 1424 24322 12806 38507 14360 24147 6183 2049 12899 5215 5041 4676 4501 4210 8223 2875 558 24596 22553 2608 41718 7606 34112 20477 13635 1032 9774 296 22866 21839 441 306 8776 2904 5872 5947 939 28268 10740 17528 2166 2131 21018 14877 2632 1625 9100 8104 1546 1442 569 2776 6836 915 4948 3987 11867 3016 1387 13244 15235 604 17096 9750 8851
internal_count=519919 327131 119184 56081 207947 1357 192788 183625 1211 844 50802 169986 141986 69476 72510 63103 32472 137514 11213 54724 14150 3904 40574 27257 4391 1759 1193 560 13317 6481 633 425 254 10246 1470 58263 28874 15477 2046 29389 5417 5311 3786 13431 40442 23972 30792 26521 18563 7958 9964 810 566 350 421 97072 68804 13397 34223 20783 17780 1424 24322 12806 38507 14360 24147 6183 2049 12899 5215 5041 4676 4501 4210 8223 2875 558 24596 22553 2608 41718 7606 34112 20477 13635 1032 9774 296 22866 21839 441 306 8776 2904 5872 5947 939 28268 10740 17528 2166 2131 21018 14877 2632 1625 9100 8104 1546 1442 569 2776 6836 915 4948 3987 11867 3016 1387 13244 15235 604 17096 9750 8851
cat_boundaries=0 2 3 5 6 8 9 11 12 14 16 18 20 22 24 26 27 28 29 31 33 35 36 38 39 41 43 45 47 48 49 51 52 54 56 58
cat_threshold=37274665 10581 6 92541140 1194 268566528 138412054 2 8 573448 69 10 2097153 257 2113545 2305 84148288 42 2240094272 520 2147885248 4616 2 4608 1073743872 16384 8 4268544 1073741824 33603592 8272 0 80 131072 4104 8 16392 2048 2 34079744 16 0 16 33554440 80 20 2 8 2 0 2 512 1342179840 128 813762560 32 1048576 4
is_linear=0
shrinkage=0.03


Tree=46
num_leaves=127
num_cat=16
split_feature=0 48 21 11 4 23 0 22 4 0 24 33 30 0 0 32 23 48 20 26 30 2 0 32 40 36 20 22 0 31 0 22 26 21 29 3 26 0 28 4 2 4 4 21 0 22 40 2 11 4 47 31 31 26 23 29 33 24 22 0 28 23 13 4 48 47 0 48 48 0 29 0 30 23 48 0 0 0 47 20 47 4 4 32 29 3 0 0 0 24 24 31 29 0 40 23 30 0 48 20 11 48 23 26 0 22 32 0 0 32 11 21 0 20 21 32 39 48 20 48 24 21 22 4 2 30
split_gain=2799.44 1496.77 1139.49 604.266 557.385 390.206 342.747 336.861 458.799 501.15 368.438 317.957 306.656 302.995 279.151 247.385 311.206 241.004 383.014 240.833 227.267 234.084 218.293 212.041 210.541 294.766 207.471 203.004 325.877 309.49 219.867 207.861 189.307 183.906 177.658 172.535 192.111 166.981 160.323 154.876 153.851 293.11 235.009 215.073 165.621 220.137 160.739 145.734 138.17 209.787 148.61 144.743 231.034 136.659 229.162 173.94 133.065 132.664 130.038 129.686 127.375 123.298 122.279 130.522 179.684 148.251 122.127 327.509 188.2 120.791 120.206 119.231 177.817 119.11 115.861 145.597 151.106 155.442 112.131 111.333 123.802 109.48 107.996 307.561 168.465 255.192 107.562 107.211 232.101 110.936 191.868 111.762 106.865 296.248 106.104 105.948 103.169 100.671 125.587 96.9502 104.462 119.032 96.037 126.131 95.0478 177.776 94.2215 93.1813 152.601 92.2935 92.0962 92.0478 89.1142 222.756 88.6702 88.3374 87.98 96.4921 121.193 184.515 87.7783 87.1763 90.6699 86.8276 86.6997 114.729
threshold=13030.000000000002 0.7500000298023225 0.090277068316936507 0.35846313834190374 0 0.10078860074281694 325.00000000000006 -0.068457558751106248 1 16530.000000000004 1.0182318091392519 6.7500000000000009 0.086054746061563506 110.00000000000001 17950.000000000004 0.16612314432859424 0.10042453557252885 49.649999618530281 91.500000000000014 0.14085485786199572 0.064753670245409026 2 850.00000000000011 0.16935087740421298 33.45000076293946 7.9499998092651376 81.500000000000014 -0.16066887229681012 1225.0000000000002 0.036420231685042388 90.000000000000014 -0.48731076717376703 0.28312641382217413 0.049239655956625945 0.069317996501922621 3 0.012954398989677431 45.000000000000007 0.14580657333135608 4 5 6 7 0.11826425418257715 325.00000000000006 0.048048257827758796 37.45000076293946 8 -0.89015004038810719 9 62.68499946594239 0.07028501853346826 0.080179151147604003 0.0006547018128912897 0.12056355178356172 0.10304982960224153 10.049999237060549 1.0314378142356875 -0.11594646796584128 950.00000000000011 0.09685810282826425 0.048478709533810622 43.500000000000007 10 84.75000381469728 9.8049998283386248 135.00000000000003 118.74999618530275 118.74999618530275 715.00000000000011 0.11832415685057641 325.00000000000006 0.16563932597637179 0.12977331131696704 1.0000000180025095e-35 61.500000000000007 1225.0000000000002 1255.0000000000002 36.004999160766609 96.500000000000014 19.664999961853031 11 12 0.20935109257698062 0.04237759672105313 13 325.00000000000006 950.00000000000011 715.00000000000011 1.017574727535248 1.0003020763397219 0.076025180518627181 0.11081358045339586 325.00000000000006 31.250000000000004 0.12977331131696704 0.13655490428209308 425.00000000000006 2.0499999523162846 86.500000000000014 0.24372619390487674 19.649999618530277 0.10042453557252885 0.053841989487409599 155.00000000000003 -0.35047340393066401 0.23425994068384173 2375.0000000000005 1280.0000000000002 0.11789238825440408 -0.53493988513946522 0.12942336499691012 1225.0000000000002 33.500000000000007 0.068919081240892424 0.19782900810241702 6.50000023841858 20.94999980926514 79.500000000000014 89.200000762939467 1.0428431034088137 0.078572388738393797 -0.33103333413600916 14 15 0.31845670938491827
decision_type=2 2 8 2 9 10 2 10 9 2 2 2 10 2 2 10 10 2 2 10 10 9 2 10 2 2 2 10 2 10 2 10 10 10 10 1 8 2 10 9 9 9 9 8 2 8 2 9 2 9 2 10 10 10 10 10 2 2 10 2 8 8 2 9 2 2 2 2 2 2 10 2 10 10 2 2 2 2 2 2 2 9 9 10 10 1 2 2 2 2 2 8 10 2 2 10 8 2 2 2 2 2 10 10 2 10 10 2 2 10 2 10 2 2 10 10 2 2 2 2 2 10 10 9 9 10
left_child=1 11 4 6 32 7 37 8 10 -10 17 74 20 82 -11 16 124 18 -2 40 21 -6 39 92 25 35 -19 28 30 -30 31 -23 71 -32 -34 36 -8 -4 -9 47 41 44 106 58 45 111 61 -21 49 79 51 62 -53 -22 55 104 -13 107 69 -38 70 -44 102 64 65 -64 67 -65 116 -42 -27 -3 -73 -24 75 -1 -77 110 -51 -39 -81 -57 83 -5 85 -84 -29 88 120 90 96 -92 93 -17 -76 114 -89 98 -26 100 -99 -102 -50 -104 105 -55 -43 108 -37 -18 -78 -15 123 -114 -36 -87 117 -68 119 -119 -45 122 -111 -98 -14 -126
right_child=5 2 3 13 12 -7 24 38 9 14 -12 56 15 19 -16 23 109 26 -20 22 53 27 73 -25 97 60 -28 86 29 -31 33 -33 34 -35 95 57 59 48 -40 -41 43 42 46 87 -46 -47 -48 -49 50 78 -52 52 -54 54 -56 81 -58 -59 -60 -61 -62 -63 63 66 -66 -67 68 -69 -70 -71 -72 72 -74 -75 94 76 77 -79 -80 80 -82 -83 84 -85 -86 115 -88 89 -90 -91 91 -93 -94 -95 -96 -97 112 99 -100 -101 101 -103 103 -105 -106 -107 -108 -109 -110 121 -112 -113 113 -115 -116 -117 -118 118 -120 -121 -122 -123 -124 -125 125 -127
leaf_value=-0.023599162656186466 -0.1224496296428194 0.01620884414608122 0.014158628801732796 -0.0021962078564638525 0.0063948132224873047 -0.09364824024926531 -0.034645260334946214 0.027771303631255729 -0.077801592571790826 0.0068149922898954642 -0.0231223431695694 0.0022804591579943818 0.0038387272928688421 -0.015387577759948643 -0.032670458654408853 -0.0057751996411839384 0.02497660384396044 -0.014584975031637909 -0.052427335442613354 0.015562461617426391 0.0010172168712780096 0.053950864466337053 -0.0032470770372833848 -0.00019408342263426534 -0.0013924511230539666 -0.039795922599732879 -0.07077618339992299 0.00067109510886490529 0.0066354377466204288 -0.048883457931087296 -0.01572272320871064 -0.0025777522070428074 -0.036475282436553035 -0.0023190611351949714 0.003947028882052131 -0.0038472691207065406 0.0022832428006669013 -0.030871525270034339 -0.025550959105280661 0.013002635346484907 0.0014027113185115297 0.0043605281907816359 0.0059736432951245227 -0.0094764257851955563 0.0072878713159429051 0.0019195750051359331 0.010619459240636054 -0.0041123547514168145 -0.00069516754033959588 -0.0065049309817268863 -0.019675036609587259 -0.020813383585096167 0.0041345934531231135 -0.018010228971355013 -0.033469587319499339 -0.0038427423246729891 0.0056857026740270789 0.0002199289751764166 -0.00059026995526989014 -0.002865679895891825 0.00060025919054232661 -0.0072397094599354729 0.017605459064325257 -0.0067487540676460555 -0.0057403002635081721 -0.00026589731560255003 -0.023760766526486978 -0.056832411874891769 0.0062929531575708613 -0.016176876726858927 -0.0050069444631702037 -0.0013722339894477046 0.014170407205516459 -0.035195844245935297 -0.0031673102764722873 0.0032335118033411199 -0.01436848989204538 0.018971576124819558 0.00085026138027028807 -0.02895110005633093 0.0058730605669338846 0.011132970571638546 -0.040115282346326588 -0.051993756761605087 0.010003931787925668 -0.012666009258815622 0.013778989572978352 -0.0028737342428670079 -0.042164542177548774 -0.010029712360514998 -0.013737251884845135 -0.0018977121399968244 -0.0068262871992217922 -0.058870812231662538 0.00013504289886891605 -0.011434121669244927 -0.010422816007372347 -0.00031034328339342248 0.0089994723169520008 0.0030972453324446436 -0.020543614881349082 -0.0029402733284980059 0.0062018166884912967 -0.026434302314696356 -0.013681472462749493 0.0010644411864483829 -0.010595409240994398 -0.02098367903580859 0.0067640360163331347 0.011841687070708231 -0.0013033033163996866 -0.052395038835913219 -0.050093902426913542 -0.011375196947663809 0.025500853586044765 -0.034337057963341147 -0.0031271194876587496 -0.0059074209369003056 -0.002283595918131908 -0.024008788329552323 0.011883113649462096 0.016557123131768235 0.0021440980022237868 -0.0023629864250238738 0.00062626292721952061 -0.013965646865979975
leaf_weight=198 148 2632 453 1442 3559 109 143 101 128 321 210 42380 9917 142 322 251 356 100 138 422 1910 116 5723 18361 1623 131 146 1524 135 271 1031 117 105 8593 1714 75065 10591 461 100 1483 537 2906 660 11481 3076 636 493 1547 18471 15964 499 996 502 653 303 2093 13656 8462 7605 7533 34739 16707 831 9521 1472 839 306 118 1679 1018 278 1199 1479 106 13297 15611 982 214 2112 158 217 555 389 120 215 2513 893 2685 194 5833 767 10940 792 151 25639 369 2606 6432 2945 5866 528 999 167 292 2924 1342 435 280 1239 1671 960 106 137 4434 190 181 19394 1661 2860 729 175 1083 1805 2235 9510 510
leaf_count=198 148 2632 453 1442 3559 109 143 101 128 321 210 42380 9917 142 322 251 356 100 138 422 1910 116 5723 18361 1623 131 146 1524 135 271 1031 117 105 8593 1714 75065 10591 461 100 1483 537 2906 660 11481 3076 636 493 1547 18471 15964 499 996 502 653 303 2093 13656 8462 7605 7533 34739 16707 831 9521 1472 839 306 118 1679 1018 278 1199 1479 106 13297 15611 982 214 2112 158 217 555 389 120 215 2513 893 2685 194 5833 767 10940 792 151 25639 369 2606 6432 2945 5866 528 999 167 292 2924 1342 435 280 1239 1671 960 106 137 4434 190 181 19394 1661 2860 729 175 1083 1805 2235 9510 510
internal_value=-0.00167804 -0.00154728 -0.00239963 -0.00317833 0.000855239 -0.0387786 -0.00238248 -0.0352367 -0.0400812 -0.0238271 -0.0569157 0.00150639 1.79021e-05 -0.00527128 -0.0129785 0.0015332 0.00351937 -0.0701868 -0.088963 -0.00485504 -0.00256823 -0.000392263 -0.000293559 -0.000991037 -0.00156846 -0.00196905 -0.0480858 -0.00230083 -0.00414475 -0.0304518 -0.00305821 0.0256755 0.00852467 -0.00375645 0.0014892 -0.00277641 -0.000131095 -0.00398444 0.00124765 0.00568416 -0.00541348 -0.00349075 -0.00489152 -0.00636664 0.00399921 -0.00743946 -0.00625757 0.000168273 -0.00408833 -0.00632582 -0.00338692 -0.00325076 -0.0124558 -0.00618087 -0.00792771 -0.00690066 0.00311041 -0.00334458 -0.00220709 0.000143121 0.00040408 -0.00673725 -0.00301419 -0.00396606 0.00189912 0.00863219 -0.00447422 -0.00736771 -0.00342662 -0.010109 -0.0162195 0.0116745 0.00721371 -0.003834 -7.32637e-05 0.0019196 0.0022053 -0.00523774 -0.00564555 -0.0210102 -0.00883749 -0.000700933 -0.0125563 -0.0060527 -0.0156338 -0.0174243 0.00551772 -0.0072865 -0.00969867 -0.00632172 -0.00541272 -0.0026745 -0.0132359 -0.0258157 -0.000992793 0.00325822 -0.00806222 0.00144712 0.00530775 0.000171218 -0.00198546 -0.00903655 -0.00103241 -0.0145725 -0.0102373 -0.00518494 0.00241067 -0.00373844 -0.00367488 0.0102799 -0.0079139 -0.0313522 -0.0095419 -0.0125464 0.00611014 -0.0141342 -0.00408092 -0.00740912 -0.00645171 -0.0114364 -0.00915475 0.00912708 0.00680804 -0.006703 0.00185228 -0.000117641
internal_weight=519379 517556 404619 326505 78114 1823 236556 1714 1513 771 742 112937 70426 89949 643 44407 24852 532 286 85089 26019 16239 9281 19555 156854 138461 246 12680 10263 406 9857 233 7688 9624 2378 103313 18267 79702 201 3452 75808 25161 21201 50647 3960 884 17860 1969 79249 18912 60337 59838 1498 9780 7870 7567 56036 85046 9160 18124 35148 17367 58340 39410 3142 1670 36268 9639 26629 1555 409 5310 2678 5829 56901 17965 17767 2156 18076 836 375 2648 4860 1562 3298 3083 2417 41487 11850 29637 23804 11707 1194 402 38936 2273 12097 18393 4568 13825 7959 1527 18930 459 4919 1995 3341 76584 76304 4915 1942 248 9412 4571 1904 2694 24950 5556 5250 2390 11656 4559 3476 4841 19937 10020
internal_count=519379 517556 404619 326505 78114 1823 236556 1714 1513 771 742 112937 70426 89949 643 44407 24852 532 286 85089 26019 16239 9281 19555 156854 138461 246 12680 10263 406 9857 233 7688 9624 2378 103313 18267 79702 201 3452 75808 25161 21201 50647 3960 884 17860 1969 79249 18912 60337 59838 1498 9780 7870 7567 56036 85046 9160 18124 35148 17367 58340 39410 3142 1670 36268 9639 26629 1555 409 5310 2678 5829 56901 17965 17767 2156 18076 836 375 2648 4860 1562 3298 3083 2417 41487 11850 29637 23804 11707 1194 402 38936 2273 12097 18393 4568 13825 7959 1527 18930 459 4919 1995 3341 76584 76304 4915 1942 248 9412 4571 1904 2694 24950 5556 5250 2390 11656 4559 3476 4841 19937 10020
cat_boundaries=0 1 2 3 4 5 6 7 8 9 10 11 12 13 14 15 16
cat_threshold=2 4 4 1 1 2 4 2 5 4 2 1 1 2 4 10
is_linear=0
shrinkage=0.03


Tree=47
num_leaves=127
num_cat=17
split_feature=0 40 21 30 11 11 23 44 20 13 30 4 44 27 0 30 36 0 0 40 2 2 21 2 48 0 3 4 4 3 27 30 0 3 0 27 47 27 12 27 21 0 27 47 28 30 23 0 28 27 44 27 27 30 0 0 23 21 28 30 4 48 4 24 23 44 11 27 27 0 27 0 4 27 30 30 11 3 0 0 20 0 0 3 24 3 23 0 27 48 44 0 0 0 30 27 28 0 48 30 30 48 44 27 48 27 4 27 28 13 48 47 48 39 27 27 36 44 13 27 24 44 0 24 4 27
split_gain=2456.96 1432.47 1096.89 582.86 512.273 494.009 343.732 444.051 435.772 333.625 332.42 312.014 291.241 272.332 267.175 264.531 247.398 243.334 233.207 219.521 215.986 211.753 206.02 194.99 193.871 188.977 177.23 176.286 171.039 170.27 167.8 164.142 227.05 163.663 160.623 159.955 157.925 157.757 156.042 152.93 190.815 152.781 151.893 159.119 151.243 150.708 376.107 149.485 148.48 146 145.716 197.217 138.886 137.012 267.199 131.556 180.119 167.832 152.697 151.381 144.175 134.532 143.217 130.296 128.773 124.134 127.65 122.138 189.549 142.338 120.96 151.807 117.872 173.712 217.496 171.137 116.853 116.821 133.233 114.662 185.768 114.266 157.766 113.175 110.679 110.377 151.117 110.02 148.698 131.766 164.712 118.217 145.356 136.926 109.753 107.458 106.52 106.349 226.753 209.726 185.687 217.137 135.9 106.01 152.919 105.575 114.418 171.735 109.029 104.622 119.766 168.285 101.991 101.108 138.195 115.47 100.789 99.9533 99.9112 149.385 153.482 99.5905 99.2691 147.332 146.991 205.37
threshold=13030.000000000002 32.95000076293946 0.084427561610937132 0.086054746061563506 0.24372619390487674 0.41398981213569647 0.10078860074281694 0.1094999983906746 95.500000000000014 39.500000000000007 0.11661468073725702 0 0.090500000864267363 0.08212983608245851 325.00000000000006 0.064753670245409026 7.1500000953674325 1715.0000000000002 325.00000000000006 39.049999237060554 1 2 0.082081876695156111 3 1.0000000180025095e-35 715.00000000000011 4 5 6 7 0.061421869322657592 0.13067275285720828 615.00000000000011 8 45.000000000000007 0.16058247536420825 15.200000286102297 0.089248880743980422 0.96177148818969738 0.049178216606378562 0.119902141392231 1560.0000000000002 0.084925193339586272 26.720000267028812 0.1599724888801575 0.20148009806871417 0.058227287605404861 17950.000000000004 0.079270672053098692 0.058846931904554374 0.092500001192092909 0.16058247536420825 0.051913643255829818 0.046271746978163726 1225.0000000000002 550.00000000000011 0.081555202603340163 0.11281433328986169 0.09977880492806436 0.092384941875934615 9 60.600000381469734 10 1.0314378142356875 0.10042453557252885 0.15049999952316287 -0.5276680290699004 0.059944719076156623 0.059393314644694335 325.00000000000006 0.095947422087192549 950.00000000000011 11 0.08212983608245851 0.13807033002376559 0.21207672357559207 0.62587949633598339 12 615.00000000000011 325.00000000000006 93.500000000000014 90.000000000000014 155.00000000000003 13 1.0016599297523501 14 0.048478709533810622 475.00000000000006 0.064750330522656455 0.65000000596046459 0.072499997913837447 1715.0000000000002 1255.0000000000002 10450.000000000002 0.075847711414098754 0.08212983608245851 0.088661357760429396 135.00000000000003 129.8999938964844 0.13269115239381793 0.075847711414098754 118.74999618530275 0.34149999916553503 0.055219287052750594 258.80000305175787 0.059944719076156623 15 0.051913643255829818 0.14032624661922458 22.500000000000004 84.75000381469728 9.8049998283386248 0.25000000745058065 7.2999994754791269 0.07936600968241693 0.069445703178644194 4.7500000000000009 0.11549999937415124 40.500000000000007 0.058047603815793998 0.98597350716590892 0.086500000208616271 950.00000000000011 0.98003217577934276 16 0.10945477336645128
decision_type=2 2 8 10 2 2 10 2 2 2 10 9 2 2 2 10 2 2 2 2 9 9 8 9 2 2 1 9 9 1 2 10 2 1 2 2 2 2 2 2 10 2 2 2 8 10 10 2 10 2 2 2 2 10 2 2 8 8 8 10 9 2 9 2 10 2 2 2 2 2 2 2 9 2 10 10 2 1 2 2 2 2 2 1 2 1 8 2 2 2 2 2 2 2 10 2 10 2 2 10 10 2 2 2 2 2 9 2 10 2 2 2 2 2 2 2 2 2 2 2 2 2 2 2 9 2
left_child=1 2 3 15 19 14 7 8 -2 22 17 13 -10 45 27 21 24 18 39 67 33 -1 -9 77 -16 28 72 30 31 63 64 79 -33 -6 -29 52 -11 95 44 -7 103 55 43 97 -24 -5 -47 -46 -25 -35 51 -22 65 54 -23 58 -57 -58 59 -20 -60 62 70 105 109 -31 -67 68 69 -3 -59 -72 73 74 -27 -76 -56 -13 -79 80 -12 -32 84 -50 -83 -62 -87 88 -69 -90 -91 92 117 -93 -42 -17 -80 98 -36 100 101 113 -100 -41 -105 106 107 108 -26 -4 111 -111 -44 115 -115 -99 -103 -89 -108 -120 -121 -54 123 -107 125 -124
right_child=6 4 5 11 20 10 -8 9 12 36 25 23 -14 -15 16 37 -18 -19 41 -21 50 53 38 48 29 26 -28 34 -30 35 81 32 -34 49 42 -37 -38 -39 -40 40 94 -43 112 -45 47 46 -48 -49 83 -51 -52 -53 121 -55 76 56 57 61 60 -61 85 -63 -64 -65 -66 66 -68 87 -70 -71 71 -73 -74 -75 75 -77 -78 78 96 -81 -82 82 -84 -85 -86 86 -88 91 89 90 -92 93 -94 -95 -96 -97 -98 99 102 -101 -102 116 -104 104 -106 122 118 -109 -110 110 -112 -113 -114 114 -116 -117 -118 -119 119 120 -122 -123 124 -125 -126 -127
leaf_value=0.0060080562751536658 -0.07764856650450519 -0.0014755153159919084 0.0085857786620035775 0.016690266343797899 0.0055953464142900582 0.0011593979999282179 -0.087124124015016208 -0.046163983510008874 0.010098466684038822 -0.031695740879155124 -0.05494222963557524 0.002034134006940681 -0.05421159275184325 -0.0017455238625754773 0.0023604396230548262 -0.0069636895072966243 0.00016711695649700937 -0.041577360042243855 -0.0044624676219685829 0.004229818260020066 -0.014126611197931892 -0.0043325593836154915 0.035206801240414712 0.0029939289673548593 -0.0083588962738470642 -0.0034067424338459708 -0.022293222914353258 0.013758048477658949 -0.0021032669723323053 -0.044311591604616021 0.032462288787612661 0.017239560942908568 0.0011726184077853682 -0.014096380385195307 -0.0066123034526045779 -0.014808481661531434 -0.072402427223952195 0.0097548440072122242 -0.035663111815505688 -0.0098605902060328373 -0.0051230781366234839 0.008314187462478119 0.00618021080307413 -0.0011561593423475383 0.011208116347691357 -0.027847174987691688 0.010753413288784904 -0.02782156600109462 -0.0014049230566015507 0.012644568944815545 -0.0034544010113674458 0.0028838499102445013 -0.0073694984948001535 0.0005463172930675115 -0.015864116279994993 -0.031124714142505172 -0.0013392322649102592 -0.0017408937523329016 -0.0053084045650135699 -0.05285062128852043 0.0048599713343647601 -0.0095449381040975528 -0.0039299666925312459 0.00011609705149329213 -0.024960503159824454 0.0047340839979279157 -0.028734362381824686 0.00090119986994255461 0.0073286608758348403 0.0044679019980113114 -0.037220804524366505 -0.01119504715267401 0.0024703820380033302 -0.0028500964089977709 -0.024445313645363745 0.0045354268001566037 -0.057317037138903189 0.0037784753205405866 0.015692328107430667 0.00069522472709086867 0.0021546040278357954 0.0019444369421448649 0.013417490070659002 -0.0095691094556102051 -0.02329681909619476 0.013062834275343755 -0.007874313867352576 0.00063720625471603892 -0.001700422129626115 -0.029756248465253397 -0.0074974088379219338 -0.026333343241591742 0.012961168195616364 0.0093608736842735168 -0.025544283882858017 -0.02039407108102536 0.0035006284927661269 -0.008568113685670951 -0.062470318233670406 0.013417071832672637 -0.013539127287961415 -0.0035071568723854178 -0.013683662426550515 -0.0059956760085530698 0.019530138855241415 -0.0018684053776708356 0.0078233941935777363 -0.00070390998056038968 -0.037294515476721087 0.013476375322714193 -0.010752075278427748 -0.0043893379413404631 -0.010616592944911454 -0.0026611426319276951 -0.0099384996405579816 -0.00023796602463187018 0.0089117637541856181 0.0056277645947943591 0.0073842808568695944 0.0058547848382726102 -0.012750193065090126 0.0013647957934806282 -0.0016599081256775403 -0.0072542633983872836 -0.0024995338599003865 -0.010495356705684552
leaf_weight=3558 320 7990 779 2957 2825 1179 111 111 116 363 101 15540 138 1652 7054 7646 44056 175 128 29609 3263 5459 115 5794 2535 1484 481 439 6208 102 153 1505 1669 831 13160 651 113 481 100 12752 308 755 349 13649 225 255 2019 144 7146 235 5642 755 1262 7012 126 261 5362 446 5920 106 3319 11524 11069 9073 218 276 162 8022 6655 6639 323 538 2261 8371 1173 217 120 5938 1932 464 103 757 1096 1943 196 380 1671 36808 3766 346 2183 287 955 145 1033 576 969 8030 103 611 1857 904 103 1072 262 6313 1888 6780 122 653 1319 1728 4683 22313 2624 1841 1680 4004 1154 602 1180 16846 4186 16575 37096 5451
leaf_count=3558 320 7990 779 2957 2825 1179 111 111 116 363 101 15540 138 1652 7054 7646 44056 175 128 29609 3263 5459 115 5794 2535 1484 481 439 6208 102 153 1505 1669 831 13160 651 113 481 100 12752 308 755 349 13649 225 255 2019 144 7146 235 5642 755 1262 7012 126 261 5362 446 5920 106 3319 11524 11069 9073 218 276 162 8022 6655 6639 323 538 2261 8371 1173 217 120 5938 1932 464 103 757 1096 1943 196 380 1671 36808 3766 346 2183 287 955 145 1033 576 969 8030 103 611 1857 904 103 1072 262 6313 1888 6780 122 653 1319 1728 4683 22313 2624 1841 1680 4004 1154 602 1180 16846 4186 16575 37096 5451
internal_value=-0.00164334 -0.00151969 -0.00239179 0.00098303 0.00133795 -0.00312982 -0.0360892 -0.0327948 -0.0543984 -0.0221677 -0.00513339 0.0029811 -0.0249172 0.00887238 -0.00244749 -0.00270822 -0.00175409 -0.0063523 -0.00624605 0.00203141 -0.00415834 -0.000450467 -0.00889288 0.0019481 -0.00246351 -0.00216251 -0.00441717 -0.0038769 0.000975537 -0.00276666 0.000705042 0.0059496 0.00879403 0.00181148 -0.00431384 -0.000202412 -0.0414908 -0.00692979 -0.00174201 -0.00925373 -0.0100496 -0.00505105 -0.00442436 -0.00404603 0.00532556 0.0122253 0.00641451 -0.00405701 -0.000758259 -0.008195 -0.00655798 -0.0109303 0.000308252 -0.00226073 -0.00571431 -0.00529708 -0.00635818 -0.00613622 -0.00257836 -0.0265135 -0.00207996 -0.00721233 -0.00503972 -0.00329904 -0.00249847 -0.01467 -0.00768191 0.00119469 0.00313158 0.00122187 -0.014428 -0.0209903 -0.00377894 -0.00503558 -0.0113979 -0.019921 -0.0362352 0.00359909 0.00635399 -0.00755867 -0.026244 0.00753635 0.00566019 -0.00315108 -0.00326582 0.00147946 -0.0039907 0.000465219 -0.00180716 -0.00525814 -0.0105533 0.0012362 0.00139784 -0.0143587 -0.0208613 -0.00790693 0.0116226 -0.00478705 -0.00710291 -0.00401033 -0.00428197 -0.00382188 -0.0382609 -0.00901889 -0.000971486 -0.00366843 -0.00131671 -0.00323783 -0.00970105 -0.00139988 -0.00350401 0.000514015 -0.00945064 -0.00444477 -0.00342727 -0.00701467 0.00456739 0.00112695 0.00244139 -0.00102101 -0.00646525 0.000755704 -0.00415012 -0.00576888 -0.00335721 -0.0066581
internal_weight=519168 517312 396352 71123 120960 325229 1856 1745 574 1171 82620 46145 254 6883 242609 24978 163364 58583 58408 107409 13551 16275 695 39262 119308 24037 13987 79245 10050 112254 6899 3842 3174 3891 72346 19299 476 8703 584 16606 15427 41802 71907 66875 484 5231 2274 369 14883 1066 9660 4018 18648 12717 5705 41047 29523 29262 11524 234 11290 23900 12376 92955 4697 540 438 77800 21284 14629 1307 861 13506 11245 2874 1390 246 24379 8839 668 204 2202 2049 9089 953 5370 2051 56516 14317 6295 2529 42199 41767 432 1341 8222 2901 53226 13366 39860 39249 37392 206 14086 1334 83882 14261 9437 2657 4479 3700 2381 5032 34808 24937 9871 2584 40812 4824 2936 1782 18108 69621 22888 46733 9637
internal_count=519168 517312 396352 71123 120960 325229 1856 1745 574 1171 82620 46145 254 6883 242609 24978 163364 58583 58408 107409 13551 16275 695 39262 119308 24037 13987 79245 10050 112254 6899 3842 3174 3891 72346 19299 476 8703 584 16606 15427 41802 71907 66875 484 5231 2274 369 14883 1066 9660 4018 18648 12717 5705 41047 29523 29262 11524 234 11290 23900 12376 92955 4697 540 438 77800 21284 14629 1307 861 13506 11245 2874 1390 246 24379 8839 668 204 2202 2049 9089 953 5370 2051 56516 14317 6295 2529 42199 41767 432 1341 8222 2901 53226 13366 39860 39249 37392 206 14086 1334 83882 14261 9437 2657 4479 3700 2381 5032 34808 24937 9871 2584 40812 4824 2936 1782 18108 69621 22888 46733 9637
cat_boundaries=0 1 2 3 4 5 6 7 8 9 10 11 12 13 14 15 16 17
cat_threshold=2 2 4 6 2 2 4 2 2 1 2 4 2 2 2 1 1
is_linear=0
shrinkage=0.03


Tree=48
num_leaves=127
num_cat=31
split_feature=0 5 5 5 40 48 5 47 37 48 0 12 5 0 34 4 0 25 25 26 0 25 0 5 5 5 3 27 25 5 0 0 30 11 25 27 5 27 5 20 25 25 25 27 0 47 26 31 0 0 27 25 27 5 5 5 27 0 0 5 47 25 32 3 29 0 0 5 0 25 27 0 25 5 25 47 44 25 0 0 47 5 0 0 25 5 25 25 0 5 25 27 0 0 0 5 5 20 0 25 25 25 5 0 5 5 25 0 5 27 12 25 20 8 27 27 5 0 5 27 0 25 25 0 27 0
split_gain=2227 1803.15 1085.22 930.993 846.817 633.956 624.396 566.59 552.88 599.763 522.025 519.522 810.463 550.602 473.107 443.998 1547.48 1329.37 423.434 378.662 358.96 332.344 323.079 1868.7 373.443 321.852 321.61 318.171 313.332 344.062 569.201 1296.91 401.245 398.962 288.624 548.239 394.917 286.95 846.62 747.407 472.657 391.621 364.067 361.205 298.472 496.122 403.255 276.695 275.02 300.513 254.929 285.413 254.371 301.132 242.45 239.796 376.884 236.638 414.129 674.532 330.743 235.924 230.714 229.968 223.484 259.463 221.529 211.318 230.438 209.22 209.078 449.353 657.045 457.373 316.633 879.339 483.637 296.835 207.68 205.148 497.409 210.832 331.889 1044.88 219.156 214.292 347.661 270.077 234.825 498.72 355.521 328.9 242.646 204.353 430.83 601.268 277.84 202.675 215.857 202.402 233.127 201.844 198.779 197.23 426.714 386.579 469.899 241.911 598.362 519.148 354.316 479.614 194.61 274.995 194.517 205.817 194.375 246.505 921.806 226.798 192.11 447.662 369.772 247.398 192.504 190.578
threshold=13030.000000000002 0 1 2 37.95000076293946 54.750000000000007 3 20.884999275207523 11.34999990463257 3.3500001430511479 6250.0000000000009 -0.099822327494621263 4 325.00000000000006 24.504998207092289 5 950.00000000000011 17.500000000000004 19.500000000000004 0.10922185331583024 61.500000000000007 76.500000000000014 1280.0000000000002 6 7 8 9 0.07936600968241693 88.500000000000014 10 950.00000000000011 850.00000000000011 0.076130148023366942 -0.4218058288097381 18.500000000000004 0.053263295441865928 11 0.084925193339586272 12 87.500000000000014 66.500000000000014 77.500000000000014 71.500000000000014 0.08212983608245851 325.00000000000006 7.8450000286102304 0.038358170539140708 0.08413130417466165 1225.0000000000002 90.000000000000014 0.086274277418851866 81.500000000000014 0.084925193339586272 13 14 15 0.055219287052750594 55.000000000000007 110.00000000000001 16 21.635000228881839 90.500000000000014 0.18680100888013842 17 0.056686626747250564 155.00000000000003 90.000000000000014 18 325.00000000000006 102.50000000000001 0.086274277418851866 950.00000000000011 5.5000000000000009 19 57.500000000000007 50.18499946594239 0.11250000074505807 59.500000000000007 45.000000000000007 90.000000000000014 26.720000267028812 20 950.00000000000011 715.00000000000011 69.500000000000014 21 42.500000000000007 68.500000000000014 225.00000000000003 22 83.500000000000014 0.061421869322657592 155.00000000000003 155.00000000000003 225.00000000000003 23 24 92.500000000000014 27950.000000000004 52.500000000000007 7.5000000000000009 15.500000000000002 25 950.00000000000011 26 27 26.500000000000004 615.00000000000011 28 0.072961069643497481 -0.048362832516431802 30.500000000000004 92.500000000000014 9.5000000000000018 0.1045757830142975 0.11874964460730554 29 110.00000000000001 30 0.058047603815793998 950.00000000000011 76.500000000000014 77.500000000000014 475.00000000000006 0.064750330522656455 225.00000000000003
decision_type=2 9 9 9 2 2 9 2 2 2 2 2 9 2 2 9 2 2 2 10 2 2 2 9 9 9 1 2 2 9 2 2 10 2 2 2 9 2 9 2 2 2 2 2 2 2 8 10 2 2 2 2 2 9 9 9 2 2 2 9 2 2 10 1 8 2 2 9 2 2 2 2 2 9 2 2 2 2 2 2 2 9 2 2 2 9 2 2 2 9 2 2 2 2 2 9 9 2 2 2 2 2 9 2 9 9 2 2 9 2 2 2 2 2 2 2 9 2 9 2 2 2 2 2 2 2
left_child=1 6 5 11 8 97 27 25 22 61 14 12 -3 26 20 16 17 101 34 28 55 -9 24 47 -5 -4 -14 -1 29 32 31 37 114 -33 66 -36 -37 42 39 -39 -40 -42 43 -31 46 -46 -44 -24 49 -34 51 -32 -28 -54 57 78 -57 -20 59 60 -59 116 -21 -47 65 -30 -11 120 -69 -56 71 72 -17 -74 99 -76 -77 -75 -8 80 -22 -81 83 85 -84 86 -83 -88 89 91 -90 -87 -93 -68 95 -95 -96 98 -2 100 -72 -15 -16 104 -60 -105 -107 109 -109 110 111 -106 113 -7 -13 -116 119 118 -118 -10 123 -122 -123 124 -6 -64
right_child=2 3 7 4 67 112 10 21 9 18 -12 19 13 15 102 70 -18 -19 54 62 79 -23 23 -25 -26 -27 52 -29 64 30 50 33 48 -35 35 36 -38 38 40 -41 41 -43 44 -45 45 63 -48 -49 -50 -51 -52 -53 53 -55 69 56 -58 58 103 -61 -62 -63 125 -65 -66 -67 93 68 -70 -71 74 -73 73 77 75 76 -78 -79 -80 81 -82 82 84 -85 -86 88 87 -89 90 -91 -92 92 -94 94 96 -97 -98 -99 -100 -101 -102 -103 -104 105 107 106 -108 108 -110 -111 -112 -113 -114 -115 115 -117 117 -119 -120 -121 121 122 -124 -125 -126 -127
leaf_value=0.013885533756269903 -0.074839188496271775 0.0050807000070366782 -0.063227132470770303 0.0030622402371466638 0.0090334546219151893 0.015573291432472967 0.023697483931481838 -0.0033033364454342516 -0.011465449393366436 -0.040437858324148694 -0.066479303626453171 0.0017742032159931897 0.017706648149002364 -0.11952106767976788 0.0097493048261115944 -0.058203071287761511 0.025760539086548156 0.010785040796867439 0.012081165481760336 0.0079755346445832074 0.03871256286383383 0.055103605206935635 -0.10005399171278331 0.0097290222852836894 -0.001206252014798994 -0.013975707413526352 0.0021562306539403379 -0.00039654717761921163 0.00537599306250818 -0.0073780883616626587 0.0082205083609888669 -0.041135479655749006 -0.038216577995484585 -0.11482613021719523 0.0047522898009585805 0.0029082626404572059 -0.054243183415401006 -0.10293154170218202 0.00058046124389722349 -0.026128511050183857 -0.041388345054403787 -0.0075911274002475543 -0.006598791219540546 -0.060735934869102802 -0.040585593891578023 0.0026593363702340166 -0.028781456061557409 -0.046485729973354088 -0.056483079599800388 -0.0078833614350207002 0.0021146778248502815 -0.021606824955537736 0.011747517885729492 -0.039473818497319749 -0.0051983917828714015 -0.052871337370148729 -0.0066642794998578447 -0.031897405708327109 0.0064798313704349025 -0.0076609937917825948 -0.10017479243787747 -0.0052268400748176295 -0.046021125355005459 -0.014263813229401992 -0.000236970041887686 -0.022501875395560686 0.0048060235514686307 -0.0051652863590359709 0.0031746234816474195 -0.0019473200008581703 0.0063368883671546337 0.0169515766523105 0.01699873457283918 -0.017043765134999191 -0.0095874401689324783 -0.073578490672585012 -0.010105951278886013 0.0062657376342382621 -0.0084847829339560112 0.0043273051181075013 -0.036655385271438121 -0.029395045930091363 -0.00034069327524005843 -0.072572158383740551 0.0048670016450349553 -0.021466571450039017 0.0022132865337613971 -0.0086974487944026842 -0.00089277117949708646 0.00040711137984813427 0.0091831544784244639 0.013185940199125218 -0.011744347409239511 0.029864316392403379 -0.018749701292562156 -0.042067890768167387 -0.00044097838831714522 -0.060622666451115595 -0.13159237611293792 0.02028223306495696 -0.0092939562765992079 -0.073164940208960791 0.0035023024082506812 0.006465613227890364 0.026823016747558881 -0.044161032390670651 -0.0065332313736068326 0.016104044645192949 -0.0084813323182193028 -0.027510205113681803 -0.00062094110470783579 -0.020668614367515693 -0.060725020766258235 -0.044755069945032235 -0.016322255179910906 0.00028354283505046071 -0.059934072332385312 0.00012075703716400657 -0.0033221687244862274 0.0062261246463808659 0.0040461765064402069 -0.074637578934160689 -0.00011974359504305398 0.0239505699822497 -0.011298992247172315 -0.0044783777256409115
leaf_weight=5630 134 9932 187 27136 5330 123 199 299 716 191 101 6355 1100 141 6058 207 295 167 1097 2391 336 123 181 806 57547 353 3199 1870 445 16489 411 136 343 131 336 145 509 193 1200 279 669 573 1057 114 405 1560 2445 172 133 2027 4319 966 156 287 74852 279 368 172 7332 3898 102 8013 110 1345 7446 922 970 3748 14570 23382 993 937 756 1580 1982 348 157 713 1850 11321 102 523 14470 187 14621 1898 3468 4963 10204 8698 4559 549 972 119 1062 640 2461 196 119 249 6322 233 18956 2094 217 312 6558 1948 1626 783 12347 1573 144 150 1316 1371 276 42249 2683 7218 2841 123 116 950 454 953
leaf_count=5630 134 9932 187 27136 5330 123 199 299 716 191 101 6355 1100 141 6058 207 295 167 1097 2391 336 123 181 806 57547 353 3199 1870 445 16489 411 136 343 131 336 145 509 193 1200 279 669 573 1057 114 405 1560 2445 172 133 2027 4319 966 156 287 74852 279 368 172 7332 3898 102 8013 110 1345 7446 922 970 3748 14570 23382 993 937 756 1580 1982 348 157 713 1850 11321 102 523 14470 187 14621 1898 3468 4963 10204 8698 4559 549 972 119 1062 640 2461 196 119 249 6322 233 18956 2094 217 312 6558 1948 1626 783 12347 1573 144 150 1316 1371 276 42249 2683 7218 2841 123 116 950 454 953
internal_value=-0.00152741 -0.0014107 -0.0345727 -0.00234149 -0.00159681 -0.0586877 0.0019556 -0.0120907 -0.00207621 -0.00291953 0.00135593 -0.00511519 -0.00191122 -0.0054145 0.00142221 -0.0082209 -0.0294571 -0.0595585 -0.00397208 -0.00681522 0.000290833 0.0138105 -5.36102e-05 -0.0157787 0.000161792 -0.0325437 0.00349854 0.0103112 -0.00744648 -0.00848415 -0.0100732 -0.0119195 -0.00402676 -0.0775844 -0.0114953 -0.0263887 -0.0423706 -0.0112507 -0.0201287 -0.0564901 -0.0127967 -0.0258146 -0.010145 -0.00774809 -0.0159851 -0.00952148 -0.0220899 -0.0721205 -0.0146576 -0.0122876 -0.00146946 -0.0127046 -0.000796438 -0.0220751 -0.00362204 -0.0104668 -0.0262357 -0.00165353 -0.00204096 -0.0109713 -0.0555658 -0.000428596 0.00280659 -0.00517821 -0.00228458 -0.0134295 -0.00878211 0.00337384 0.00146723 -0.00442414 -0.00697254 -0.0013448 -0.00661365 -0.00309325 -0.00931992 -0.0186043 -0.0539044 -0.00975367 -0.00532322 0.000668253 0.0211176 0.000550793 -0.000106532 -0.00203134 0.00227675 -0.0016612 -0.00567755 -0.00420971 -0.000320926 -0.00341595 0.00221921 -0.013102 -0.00274309 -0.0076234 -0.0104395 -0.0309261 -0.00601831 -0.0840823 -0.101946 -0.0062652 -0.00717152 -0.0909136 0.00502086 -0.000969757 0.000361053 -0.00480354 -0.00823628 -0.00206736 0.00494095 -0.00374776 -0.00242979 -0.0148995 -0.0326126 -0.0176165 -0.00108709 -0.00785245 0.00029499 -0.000465491 -0.0088348 0.00462249 0.00692351 0.000723844 -0.0386211 0.00976886 0.00743583 -0.00881646
internal_weight=519723 517895 1828 405713 319855 866 112182 962 291723 205881 104682 85858 29754 19822 104581 15080 836 541 144726 56104 79567 422 85842 1159 84683 540 4742 7500 52650 43837 32292 26596 11545 267 6433 990 654 26329 2914 472 2442 1242 23415 16603 6812 3310 3502 353 2503 2370 5696 1377 3642 443 138293 2696 647 40059 38962 4172 274 61155 3454 2905 8813 1367 5443 28132 18318 98234 14244 4193 3256 3049 10051 2487 505 2293 2049 76871 438 76433 65112 36021 29091 35834 8954 8431 26880 12117 14763 3419 1521 5252 4282 759 3523 449 253 7564 7315 374 25014 34790 25826 8964 6870 18494 3574 14920 14137 1790 417 273 9042 2687 53142 45208 2959 7934 9814 3080 239 6734 5784 1063
internal_count=519723 517895 1828 405713 319855 866 112182 962 291723 205881 104682 85858 29754 19822 104581 15080 836 541 144726 56104 79567 422 85842 1159 84683 540 4742 7500 52650 43837 32292 26596 11545 267 6433 990 654 26329 2914 472 2442 1242 23415 16603 6812 3310 3502 353 2503 2370 5696 1377 3642 443 138293 2696 647 40059 38962 4172 274 61155 3454 2905 8813 1367 5443 28132 18318 98234 14244 4193 3256 3049 10051 2487 505 2293 2049 76871 438 76433 65112 36021 29091 35834 8954 8431 26880 12117 14763 3419 1521 5252 4282 759 3523 449 253 7564 7315 374 25014 34790 25826 8964 6870 18494 3574 14920 14137 1790 417 273 9042 2687 53142 45208 2959 7934 9814 3080 239 6734 5784 1063
cat_boundaries=0 2 4 6 8 10 11 12 14 16 17 18 19 20 21 23 24 25 26 28 29 30 32 33 34 35 37 38 40 42 44 46
cat_threshold=419704918 42 303038466 8192 574505 2112 16 2 1056 2048 1 536872960 616761344 128 0 4 2 32776 67110912 525312 32769 2252540544 1152 4164 133120 2 1074792448 25616 32768 268435524 16777216 32 2 1073743872 1140852736 262148 8 2151811200 100729344 1024 512 128 1107296256 20480 131072 16
is_linear=0
shrinkage=0.03


Tree=49
num_leaves=127
num_cat=7
split_feature=40 21 11 4 11 27 23 21 22 27 27 25 12 25 23 22 25 40 37 37 27 44 46 11 22 25 44 44 27 23 26 4 27 27 22 4 27 23 25 31 23 6 28 25 22 31 9 25 27 25 25 25 25 25 4 25 27 22 25 27 25 11 25 25 23 25 25 25 22 3 25 25 27 26 25 27 27 25 27 25 4 32 47 25 27 27 26 27 25 27 27 31 32 27 27 25 27 25 25 25 27 25 22 25 25 25 44 32 27 27 27 44 25 25 27 27 25 11 30 23 31 25 25 25 4 25
split_gain=1285.72 999.185 569.98 466.68 342.697 311.831 269.095 286.302 224.932 221.132 212.176 208.015 189.384 240.338 172.165 175.019 172.119 167.352 238.793 162.281 159.938 158.716 145.18 141.929 134.56 131.637 260.764 145.769 129.114 390.667 132.463 192.414 185.189 147.372 128.019 125.267 353.423 124.208 120.116 117.963 116.006 115.424 113.328 110.87 107.926 115.388 107.88 104.945 112.093 171.018 257.159 169.044 164.355 131.193 278.481 129.186 104.923 141.383 135.335 102.131 136.488 101.896 100.989 122.452 99.3205 101.552 278.301 98.4005 98.07 96.0755 225.658 260.925 236.482 230.15 188.965 776.209 288.983 389.974 208.238 176.615 592.711 160.976 143.167 538.778 128.179 111.218 108.102 100.19 95.8916 95.6106 95.3299 92.9378 98.2596 91.8404 121.089 134.724 91.5253 91.0238 91.4355 90.9462 90.289 89.0451 88.3875 88.3635 114.009 145.274 88.2611 87.6795 86.9901 86.9162 251.684 129.274 91.9271 86.08 85.8967 85.6664 85.1529 83.1376 82.5251 81.9678 254.629 81.613 81.5269 80.9166 161.733 79.6681
threshold=34.250000000000007 0.090277068316936507 0.39827039837837225 0 0.30983042716979986 0.17337424308061603 0.038110742345452316 0.056888267397880561 -0.062687680125236497 0.08212983608245851 0.059944719076156623 69.500000000000014 0.59003219008445751 95.000000000000014 0.10130250453948976 -2.9545826911926265 17.500000000000004 29.750000000000004 11.449999809265138 7.2500000000000009 0.058047603815793998 0.11250000074505807 9.2071428298950213 0.24372619390487674 -0.42448458075523371 53.500000000000007 0.13149999827146533 0.10649999976158143 0.12835267186164859 0.10078860074281694 0.14085485786199572 1 0.072961069643497481 0.072961069643497481 -2.3023446202278133 2 0.089248880743980422 0.12977331131696704 114.50000000000001 0.084795679897069945 0.086187265813350691 1.0000000180025095e-35 0.094471801072359099 4.5000000000000009 -0.044815719127655022 0.098716270178556456 5.5000000000000009 13.500000000000002 0.07936600968241693 79.500000000000014 78.500000000000014 70.500000000000014 72.500000000000014 18.500000000000004 3 63.500000000000007 0.056865874677896507 -0.40143011510372156 51.500000000000007 0.053263295441865928 57.500000000000007 0.98213580250740062 15.500000000000002 8.5000000000000018 0.1168753318488598 85.500000000000014 103.50000000000001 85.500000000000014 0.17660566419363025 4 15.500000000000002 9.5000000000000018 0.05270845256745816 0.12242787331342699 50.500000000000007 0.16058247536420825 0.076740767806768431 52.500000000000007 0.053855204954743392 20.500000000000004 5 0.19742266088724139 18.585000038146976 69.500000000000014 0.053263295441865928 0.053855204954743392 0.07184594497084619 0.076740767806768431 18.500000000000004 0.07936600968241693 0.1045757830142975 0.09356460347771646 0.22078921645879748 0.16058247536420825 0.060448419302701957 37.500000000000007 0.08212983608245851 82.500000000000014 43.500000000000007 89.500000000000014 0.064750330522656455 82.500000000000014 0.20159854739904406 12.500000000000002 19.500000000000004 16.500000000000004 0.12350000068545343 0.085043769329786315 0.058846931904554374 0.14952706545591357 0.16058247536420825 0.11150000244379045 97.500000000000014 20.500000000000004 0.052256155759096153 0.10038758814334871 10.500000000000002 -0.47558552026748652 0.31845670938491827 0.10042453557252885 0.05542473495006562 33.500000000000007 19.500000000000004 59.500000000000007 6 64.500000000000014
decision_type=2 8 2 9 2 2 10 10 10 2 2 2 2 2 10 10 2 2 2 2 2 2 2 2 10 2 2 2 2 10 10 9 2 2 10 9 2 10 2 10 10 2 10 2 10 10 2 2 2 2 2 2 2 2 9 2 2 10 2 2 2 2 2 2 10 2 2 2 10 1 2 2 2 10 2 2 2 2 2 2 9 10 2 2 2 2 10 2 2 2 2 10 8 2 2 2 2 2 2 2 2 2 10 2 2 2 2 10 2 2 2 2 2 2 2 2 2 2 10 10 10 2 2 2 9 2
left_child=1 3 5 9 10 17 16 14 69 88 11 20 13 -7 15 -8 -5 18 35 -9 25 93 46 100 118 43 27 -27 30 -30 31 33 38 39 -18 36 64 90 -33 -10 -34 -20 -16 -2 -42 96 109 116 51 50 53 55 -53 54 -50 123 107 58 -58 -29 -61 103 63 -45 65 -3 99 101 -54 70 71 -4 73 86 75 78 82 -78 106 80 -74 -79 -76 84 -84 -85 113 -82 -1 -68 -32 92 -38 94 122 121 102 98 -97 -67 108 -13 -46 -21 105 -105 -71 -36 -19 112 111 -111 -12 -72 -108 -89 -37 -103 -17 120 -90 -96 -6 -49 -125 -115
right_child=4 2 8 6 21 12 7 19 28 -11 22 67 -14 -15 42 24 34 23 41 61 -22 -23 -24 -25 -26 26 -28 59 29 -31 37 32 40 -35 56 47 91 -39 -40 -41 44 -43 -44 62 45 -47 -48 48 49 -51 -52 52 68 -55 -56 -57 57 -59 -60 60 -62 -63 -64 -65 -66 66 89 -69 -70 74 72 -73 79 -75 76 -77 77 81 -80 -81 87 -83 83 85 -86 -87 -88 115 119 -91 -92 -93 -94 -95 95 97 -98 -99 -100 -101 -102 117 -104 104 -106 -107 114 -109 -110 110 -112 -113 -114 125 -116 -117 -118 -119 -120 -121 -122 -123 -124 124 -126 -127
leaf_value=0.026473427494056522 0.028623344795576995 0.015314464991088352 0.0029245734362014172 0.0097743703002290162 -0.018910871986422294 -0.055347249629711243 -0.02402078636682459 0.003131700632154268 -0.0081695461473837629 -0.0018961171360429492 0.0015002488810611219 0.0099591583125858418 0.0077624932743608948 -0.010227174578762765 0.015745232559421549 -0.00048462844718875453 0.022580904387549994 -0.0024640878047993233 -0.0032488489035754457 0.025862598722289104 0.0050194529028667178 0.00086431775886570375 0.0038060419835103769 -0.0052904459343643961 0.0095435705473952883 0.00050960656671589742 0.0077285715999192012 -0.010090937214200849 0.0049264209178865566 -0.053504279634870817 0.0023782942380926732 0.0043288174564350187 -0.024503744200224099 -0.0017254053149908708 0.0080075965161531971 -0.0059481726749947405 0.0086165835696397474 -0.032261718857798327 -0.020382031331442899 -0.019086247920585751 -0.013943930226552975 -0.010315750782822274 0.0024870055071000261 0.007531472585080092 -0.002581663572654228 -0.01006088581222709 -0.0032848812191298912 -0.0016310490338392193 0.0059580175636098683 0.0046118050796062626 -0.017686005861816879 -0.022776106427279241 -0.0055190652992641838 -0.00026677776982089138 -0.05550463544391096 0.0036040879963496913 0.0025013585415845242 -0.018591467257896257 -0.0097627188893282812 -0.045624033433587653 -0.015480062957183953 -0.0062663208406017233 0.0030131042216286516 -0.01697410610707897 -0.0024807362892909509 -0.0242785921132978 0.017203973554170381 0.025457326097219634 0.0032714165141348606 -0.019441615202219754 0.0095585642577097705 -0.024052298164271225 -0.050599425575227626 0.032373150809991938 -0.011351893880755739 -0.085982248070923722 -0.017023402163091648 0.0071855525231610991 0.0037870751667615208 -0.005950832347548755 -0.019484557376914274 -0.031369147190282373 -0.020964760585517848 -0.065882672885107615 -0.003079222325899013 -0.03779776838125512 -0.018758642817714805 0.0053215725734436781 0.0087304167150104028 0.0062014649582764272 -0.0069221146166101666 -0.012904076436780536 -0.002097249037026707 0.002797251267842507 -0.0032336404125904664 -0.02674044082946582 0.0010647152554687002 -0.024763447618378058 -0.0092532701431980984 -0.0013815284323233255 -0.0010539625203711206 -0.017170972334632519 -0.015827353488807861 0.00030629688223473845 -0.00044304411973638148 -0.024926955914977966 -0.013617824814921773 -0.0041385410618740822 0.0031589349248312888 -0.027741889697514736 0.00012698252613786649 0.0073617299073017554 -0.0069401691263241 -0.0038658452262915191 0.00058239085591214402 -0.012857090808085211 0.010594561752404487 0.0055570752595589063 0.0096222093949578161 0.014750448115750671 -0.028939915223664688 0.024795929543673993 0.0022249358259879125 0.00057989308568120253 -0.016268428874888358 0.0030439670876974685
leaf_weight=319 138 1262 444 728 189 227 209 10450 5375 1656 40095 4503 124 200 1904 4617 145 3191 134484 112 13298 4006 13985 5209 2467 517 835 610 244 177 6278 4122 245 2788 606 385 819 102 184 1068 838 2112 835 282 1712 1582 6404 13265 148 4772 885 473 15108 9847 119 3936 1141 1050 2786 229 332 3137 5378 522 993 172 1376 325 1235 552 653 1178 351 183 1897 101 1332 1554 2385 25682 407 103 801 188 656 412 315 596 3652 1473 1177 668 12746 780 499 301 5197 524 2504 1602 27029 214 616 430 34121 392 669 4505 11042 498 2741 116 1195 5046 896 382 1021 443 862 1859 168 114 1211 1003 1048 2137
leaf_count=319 138 1262 444 728 189 227 209 10450 5375 1656 40095 4503 124 200 1904 4617 145 3191 134484 112 13298 4006 13985 5209 2467 517 835 610 244 177 6278 4122 245 2788 606 385 819 102 184 1068 838 2112 835 282 1712 1582 6404 13265 148 4772 885 473 15108 9847 119 3936 1141 1050 2786 229 332 3137 5378 522 993 172 1376 325 1235 552 653 1178 351 183 1897 101 1332 1554 2385 25682 407 103 801 188 656 412 315 596 3652 1473 1177 668 12746 780 499 301 5197 524 2504 1602 27029 214 616 430 34121 392 669 4505 11042 498 2741 116 1195 5046 896 382 1021 443 862 1859 168 114 1211 1003 1048 2137
internal_value=-0.00154402 -0.0022852 -0.00299091 0.000772405 0.00146103 -0.00230279 8.48464e-06 0.00080379 -0.00519262 0.00780755 0.00203373 0.00423628 -0.024827 -0.034287 0.00519953 0.00301313 -0.00431099 -0.00225448 -0.0026135 -0.00018078 0.00294033 -0.00377822 0.00109805 -0.000624744 0.00372713 -0.000186432 -0.00597817 -0.012759 -0.00322416 -0.019708 -0.00300171 -0.00410336 -0.00194728 -0.00748861 -0.00531392 -0.00124543 0.000710094 0.000457277 0.00326841 -0.00998179 -0.00415138 -0.00335819 0.0117058 0.00212626 -0.00364758 -0.00269871 0.000356125 -0.00202076 -0.00224015 -0.000130465 -0.00218817 -0.00316259 -0.00536005 -0.000830454 -0.0215403 -0.001243 -0.00571706 -0.00881715 -0.00619963 -0.0186126 -0.0278441 -0.00108719 0.00153023 -0.00838019 0.00629341 0.00777408 0.00571281 0.00946604 -0.00485463 -0.00646829 -0.00572902 -0.0166705 -0.00523217 -0.000806561 -0.00886057 -0.00414574 -0.0119853 -0.0049435 -0.00229109 -0.00657731 -0.0158365 0.0047715 -0.0173059 -0.0227887 -0.0129196 -0.0466927 -0.00155537 -0.00699638 0.0104865 0.0115196 0.000909208 -0.00198826 -0.0014498 -0.00681577 -0.00821965 -0.0109108 -0.00114981 -0.01329 -0.0111387 -0.00361396 -3.56217e-05 0.0084541 -0.00609183 -0.000623555 -0.000709187 -0.0117427 -0.00913728 -0.00269712 0.00189818 0.000878463 -0.00376451 -0.0211087 0.00125581 -0.000861505 -0.00549268 -0.00178477 0.00606372 -0.00186082 0.00110693 0.00958401 0.00706657 0.00201093 -0.00063986 -0.00248879 -0.00803283 -0.00180998
internal_weight=519538 416750 338599 78151 102788 257974 70497 59536 80625 7654 92660 27626 551 427 10894 8155 10961 257423 210952 48642 22141 10128 65034 46471 7946 8843 2523 1688 31705 421 31284 23727 14496 9231 10233 74356 21111 7557 4306 6443 10190 136596 2739 6320 9945 9107 51049 53245 51839 15771 10999 36068 16816 10114 267 19252 10088 4977 3927 1171 561 38192 6182 804 6878 5885 4623 5485 16343 48920 37374 1622 35752 8334 11546 4603 6943 2989 4502 27418 1736 1657 3954 2057 1457 600 8151 1385 5998 2849 7455 14233 13565 6122 5342 3942 7525 3329 2805 1774 41262 5160 2328 35055 34943 822 2117 5111 14233 44645 3355 614 41290 7836 1565 978 1406 657 5479 5679 3820 613 1400 15316 2051 7183
internal_count=519538 416750 338599 78151 102788 257974 70497 59536 80625 7654 92660 27626 551 427 10894 8155 10961 257423 210952 48642 22141 10128 65034 46471 7946 8843 2523 1688 31705 421 31284 23727 14496 9231 10233 74356 21111 7557 4306 6443 10190 136596 2739 6320 9945 9107 51049 53245 51839 15771 10999 36068 16816 10114 267 19252 10088 4977 3927 1171 561 38192 6182 804 6878 5885 4623 5485 16343 48920 37374 1622 35752 8334 11546 4603 6943 2989 4502 27418 1736 1657 3954 2057 1457 600 8151 1385 5998 2849 7455 14233 13565 6122 5342 3942 7525 3329 2805 1774 41262 5160 2328 35055 34943 822 2117 5111 14233 44645 3355 614 41290 7836 1565 978 1406 657 5479 5679 3820 613 1400 15316 2051 7183
cat_boundaries=0 1 2 3 4 5 6 7
cat_threshold=2 1 4 2 2 2 1
is_linear=0
shrinkage=0.03


Tree=50
num_leaves=127
num_cat=15
split_feature=0 33 21 11 4 25 25 45 23 25 33 36 20 20 25 4 0 29 21 0 21 11 11 25 32 2 26 0 0 25 4 28 2 0 0 0 46 25 25 23 3 0 25 0 2 4 25 0 4 21 23 22 25 25 0 25 25 25 0 25 0 0 44 0 25 26 32 22 0 4 47 0 21 26 4 25 0 0 25 25 25 0 25 25 2 0 0 0 48 25 0 25 25 39 25 25 25 25 2 25 0 25 26 0 2 0 25 0 25 25 25 0 25 3 0 25 25 25 0 0 25 0 25 25 25 25
split_gain=2113.8 1211.05 771.973 578.576 478.01 358.168 390.406 580.487 547.072 465.58 355.022 265.866 261.352 297.629 249.99 261.204 231.52 224.566 233.485 250.455 521.269 218.558 213.421 206.034 241.076 184.678 176.962 195.353 170.2 233.464 208.492 153.991 227.875 143.41 141.702 224.551 138.574 132.977 132.485 128.191 264.456 127.091 498.303 208.392 132.549 239.642 310.278 223.602 162.835 131.001 150.232 142.734 129.853 124.515 135.133 403.889 123.618 207.619 272.88 122.178 144.912 248.02 246.049 133.009 120.123 128.213 186.07 149.736 236.056 114.62 112.518 112.317 279.451 112.252 110.248 161.659 911.134 434.066 255.175 201.447 162.096 153.245 141.197 284.637 260.579 220.931 191.911 169.06 233.409 211.81 147.913 441.53 419.306 197.356 143.973 120.065 109.002 134.55 150.902 161.886 120.293 108.511 108.315 162.922 107.293 111.346 139.662 137.692 468.892 226.422 315 184.559 121.902 121.797 359.649 436.604 406.498 422.516 350.391 254.761 234.022 148.07 144.122 129.444 240.546 115.692
threshold=13030.000000000002 6.7500000000000009 0.090277068316936507 0.3744682669639588 0 7.5000000000000009 73.500000000000014 17.505000114440922 0.093464292585849776 50.500000000000007 1.2500000000000002 6.4499998092651376 75.500000000000014 105.50000000000001 35.500000000000007 1 110.00000000000001 0.048529487103223808 0.061439437791705138 1560.0000000000002 0.04543250426650048 0.30983042716979986 0.24372619390487674 69.500000000000014 0.18171487748622897 2 0.14085485786199572 850.00000000000011 325.00000000000006 19.500000000000004 3 0.11849759146571161 4 27950.000000000004 1715.0000000000002 2125.0000000000005 8.9428572654724139 12.500000000000002 36.500000000000007 0.058227287605404861 5 1715.0000000000002 85.500000000000014 1560.0000000000002 6 7 114.50000000000001 325.00000000000006 8 0.11826425418257715 0.090003363788127913 0.2825674861669541 103.50000000000001 97.500000000000014 950.00000000000011 103.50000000000001 19.500000000000004 16.500000000000004 325.00000000000006 97.500000000000014 850.00000000000011 425.00000000000006 0.10150000080466272 325.00000000000006 17.500000000000004 0.099273119121789946 0.15983111411333087 -1.0112495422363279 155.00000000000003 9 53.989999771118171 155.00000000000003 0.079648613929748549 0.025458040647208694 10 97.500000000000014 1225.0000000000002 90.000000000000014 99.000000000000014 103.50000000000001 95.000000000000014 615.00000000000011 40.500000000000007 38.500000000000007 11 61.500000000000007 90.000000000000014 325.00000000000006 120.90000152587892 20.500000000000004 110.00000000000001 77.500000000000014 82.500000000000014 9.4000000953674334 65.500000000000014 23.500000000000004 56.500000000000007 70.500000000000014 12 84.500000000000014 1560.0000000000002 81.500000000000014 0.012954398989677431 615.00000000000011 13 55.000000000000007 12.500000000000002 475.00000000000006 99.000000000000014 66.500000000000014 68.500000000000014 155.00000000000003 55.500000000000007 14 950.00000000000011 114.50000000000001 78.500000000000014 86.500000000000014 850.00000000000011 950.00000000000011 17.500000000000004 850.00000000000011 76.500000000000014 72.500000000000014 50.500000000000007 23.500000000000004
decision_type=2 2 8 2 9 2 2 2 8 2 2 2 2 2 2 9 2 10 10 2 10 2 2 2 8 9 10 2 2 2 9 10 9 2 2 2 2 2 2 10 1 2 2 2 9 9 2 2 9 8 8 10 2 2 2 2 2 2 2 2 2 2 2 2 2 10 10 10 2 9 2 2 10 10 9 2 2 2 2 2 2 2 2 2 9 2 2 2 2 2 2 2 2 2 2 2 2 2 9 2 2 2 8 2 9 2 2 2 2 2 2 2 2 1 2 2 2 2 2 2 2 2 2 2 2 2
left_child=1 2 4 10 31 -2 9 8 -8 14 11 74 -10 -14 15 -7 23 64 19 -19 -21 34 59 -5 -25 -23 41 69 29 30 -13 -1 -33 -16 36 -36 -3 -20 -27 40 -26 43 -43 44 45 46 52 -48 -47 51 -51 -46 -18 101 55 -55 57 -39 -59 -12 61 63 -62 -61 -6 67 -67 68 -66 -28 -24 -69 73 -73 75 80 77 -77 -78 81 82 -79 83 85 -85 -4 94 95 -89 -90 91 -88 93 -93 -84 -87 -92 100 -99 -100 -98 -52 103 -30 -76 106 -106 108 109 125 -111 -112 -108 114 115 116 118 -118 122 120 -115 -117 -109 124 -121 -107
right_child=5 21 3 16 17 6 7 -9 12 -11 22 28 13 -15 33 -17 26 18 37 20 -22 25 70 24 39 38 27 -29 102 -31 -32 32 -34 -35 35 -37 -38 56 -40 -41 -42 42 -44 -45 49 48 47 -49 -50 50 53 -53 -54 54 -56 -57 -58 58 -60 60 62 -63 -64 -65 65 66 -68 71 -70 -71 -72 72 -74 -75 104 76 78 79 -80 -81 -82 -83 86 84 -86 87 90 88 89 -91 96 92 -94 -95 -96 -97 97 98 99 -101 -102 -103 -104 -105 105 107 112 113 -110 110 111 -113 -114 119 -116 121 117 -119 -120 123 -122 -123 -124 -125 -126 -127
leaf_value=0.0092156053432360923 0.0083758229332280675 0.001763789904284275 -0.036632821156634819 -0.0084502869316269609 0.0082439127658821693 -0.074911836047724972 0.017867995497631274 0.028582127262904707 -0.020598093466972237 -0.090668094736157043 0.0006336681111952314 0.018686782449422193 -0.10284491407337473 -0.034348680783533356 -0.034917656031445921 -0.030272070323277649 0.0053656524359313781 0.0044837482043079777 0.024371390320289021 -0.073793075931699648 0.006343502155299682 0.0070315710058805759 -0.0015780370752072513 0.010569287960354546 0.013271759047701552 0.011194682343107349 0.00058449268996614795 -0.003677153215367083 -0.024394884053686703 -0.0040500990824628913 3.977811424437653e-05 0.02197012767592009 -0.017184186871411235 0.0048102777479286478 -0.042636107521066148 0.0014450832258991197 0.0045935560171195544 0.0033512463047128461 -0.011170384708377572 -0.063365683201197023 -0.039759751673880704 0.0026184638357309655 -0.075161030340839069 0.0088733792304334369 -0.0036456648564923764 0.0017774506625015348 -0.043196114223839628 0.0005727537677937284 -0.0055013063247361677 -0.016323979310141189 -0.0063257623727458693 0.01020242042209276 0.028372611760067903 -0.068987143098740919 0.00052548417928544706 -0.0049653598551466192 -0.00019231728017109562 -0.0057543397782189127 -0.048079960598525678 -0.015623793939448944 0.0025717899729698632 -0.032840622396082104 -0.040685893259499041 0.005940133990878723 -0.011064590597745484 0.0061341231098587939 -0.0089817048312589454 -0.0040660940914102432 0.032598707811661631 0.011788015023272192 -0.0083702003331833918 -0.0074402088351583151 0.021106722173158472 -0.018472560552666908 -0.0014348167205607055 -0.06183567713990807 -0.027757130190890669 -0.014301291750469706 -0.086532418621484086 -0.00046465412893218193 0.011507481086759868 0.01192489228630649 -0.0039043985556399263 -0.015185764115471472 -0.062261938245312586 0.0031103418309268074 -0.0041549484826778824 -0.0074195758865036347 -0.051543548018097463 -0.0066438943909348123 0.0002419997836611351 -0.038421229329463596 -0.0031035020159958285 -0.095836731894619082 0.031883252365020466 -0.0065262596265253736 -0.0063486067940275656 0.0045238970956681321 -0.002040877182202817 -0.017376612108786594 0.016940223163204829 -0.01241209885451729 0.00016772817687912069 -0.0014729433776411922 -0.025334105648451486 0.002255885741822805 0.010944080260170292 -0.0069232153164054721 -0.046652087529397833 -0.06600721855765429 -0.0029516924019826044 -0.020133480289564496 -0.0025024190283038862 -0.03663713714623424 -0.0015795341246150594 0.0087993947242664058 -0.069522077289364492 -0.019062213025829004 -0.053888509434902462 0.0072206277714300209 0.0074217676104853412 0.048887301552093629 0.01486087011122336 0.002738856434427517 -0.013289125301834055 -0.0058391905771103805
leaf_weight=6996 167 43508 205 4009 734 245 126 167 133 197 70005 754 133 102 213 231 3070 15446 194 113 203 860 5011 132 110 264 1894 5727 404 22995 1892 177 459 132 159 297 24260 514 2388 110 360 223 110 1007 8014 3295 200 220 17220 1367 28853 730 237 100 4050 729 40383 338 230 510 1946 390 125 518 221 2109 1122 5012 223 1451 3906 1584 227 1748 35046 124 115 2187 161 3268 610 220 172 461 137 2473 1460 3165 218 167 7561 110 157 109 244 2196 12201 2867 5275 701 202 2902 47892 898 153 2214 1196 4291 261 100 1089 1164 1230 111 15268 281 163 1698 138 673 3491 117 291 1381 2179 5623
leaf_count=6996 167 43508 205 4009 734 245 126 167 133 197 70005 754 133 102 213 231 3070 15446 194 113 203 860 5011 132 110 264 1894 5727 404 22995 1892 177 459 132 159 297 24260 514 2388 110 360 223 110 1007 8014 3295 200 220 17220 1367 28853 730 237 100 4050 729 40383 338 230 510 1946 390 125 518 221 2109 1122 5012 223 1451 3906 1584 227 1748 35046 124 115 2187 161 3268 610 220 172 461 137 2473 1460 3165 218 167 7561 110 157 109 244 2196 12201 2867 5275 701 202 2902 47892 898 153 2214 1196 4291 261 100 1089 1164 1230 111 15268 281 163 1698 138 673 3491 117 291 1381 2179 5623
internal_value=-0.0014433 -0.00132908 -0.00191059 -0.00248489 0.000799927 -0.0334799 -0.0376456 -0.0196499 -0.0359799 -0.0492996 -0.00182798 -0.00251146 -0.0544154 -0.0733862 -0.039275 -0.0533573 -0.00463722 2.67898e-05 0.000832376 0.00394228 -0.0224553 0.0022889 -0.000171232 -0.0110956 -0.0259579 -0.00500853 -0.00426251 -0.000312898 -0.00109738 -0.00307902 0.00535845 0.00793075 -0.00619495 -0.0197474 0.00266462 -0.013985 0.00277686 -0.000344345 -0.00890704 -0.0342749 -0.0273463 -0.0047579 -0.0232226 -0.00467217 -0.00486445 -0.00305961 0.00393636 -0.0203227 -0.00433221 -0.00579846 -0.00656152 -0.00248851 0.00702255 -0.00619679 -0.00173436 -0.0127619 -0.000460566 -0.0104629 -0.0229476 0.000360568 -0.00511767 -0.0125028 -5.75036e-05 -0.00476271 -0.00353676 -0.00424348 0.000883832 -0.00608102 0.0108894 0.00544645 -0.00455388 -0.0069613 -0.0110362 -0.0132317 -0.00335855 -0.00451071 -0.00907543 -0.00653521 -0.0622313 -0.0053162 -0.00382901 -0.0119003 -0.0040627 -0.00736635 -0.0273497 -0.00594471 -0.00310286 -0.00517491 -0.0101083 -0.0321353 -0.00337784 -0.0116318 -0.040576 -0.0673036 0.0171126 -0.00142253 -0.0028514 -0.00395223 -0.00112464 -0.00383599 -0.00596798 -0.00688235 -6.44598e-05 -0.0085987 -0.0026691 -0.00367122 0.00237137 -0.00405664 -0.00702308 -0.00600357 -0.0141629 -0.0118336 0.00412838 -0.00302585 -0.00415865 -0.00979997 -0.011646 -0.0235168 -0.00696157 0.000190781 0.00605425 0.020677 -0.00553678 -0.00479889 -0.00844851 -0.00355229
internal_weight=519905 518059 446323 368290 78033 1846 1679 661 494 1018 282170 199759 368 235 821 476 86120 70401 57421 15762 316 71736 82411 4721 712 3512 81399 9072 74835 25641 2646 7632 636 345 68224 456 67768 41659 2652 580 470 72327 333 71994 70987 24242 3727 420 20515 46745 38001 8744 3307 36634 4879 829 41465 1082 568 73494 3489 1418 2071 1028 12980 12246 3231 9015 444 3345 8917 8571 3559 3332 124924 46766 6075 5799 276 5675 40691 2407 40081 9022 598 8424 31059 8219 3550 385 30643 1836 376 219 416 4669 28807 21246 8843 5976 12403 31755 49194 1302 78158 43112 2579 40533 10451 10190 2353 2253 2426 30082 22247 6979 6581 1861 4720 7835 3602 398 4582 4233 2852 7837
internal_count=519905 518059 446323 368290 78033 1846 1679 661 494 1018 282170 199759 368 235 821 476 86120 70401 57421 15762 316 71736 82411 4721 712 3512 81399 9072 74835 25641 2646 7632 636 345 68224 456 67768 41659 2652 580 470 72327 333 71994 70987 24242 3727 420 20515 46745 38001 8744 3307 36634 4879 829 41465 1082 568 73494 3489 1418 2071 1028 12980 12246 3231 9015 444 3345 8917 8571 3559 3332 124924 46766 6075 5799 276 5675 40691 2407 40081 9022 598 8424 31059 8219 3550 385 30643 1836 376 219 416 4669 28807 21246 8843 5976 12403 31755 49194 1302 78158 43112 2579 40533 10451 10190 2353 2253 2426 30082 22247 6979 6581 1861 4720 7835 3602 398 4582 4233 2852 7837
cat_boundaries=0 1 2 3 4 5 6 7 8 9 10 11 12 13 14 15
cat_threshold=2 4 2 2 10 2 2 4 2 1 1 2 5 10 2
is_linear=0
shrinkage=0.03


Tree=51
num_leaves=127
num_cat=34
split_feature=0 5 5 48 5 0 0 5 27 5 5 26 0 48 0 5 5 0 20 11 5 0 5 0 5 0 5 25 3 5 0 4 0 25 0 27 5 23 27 0 26 5 27 25 0 25 23 11 5 27 25 0 0 43 5 32 11 5 48 12 27 26 44 5 33 25 11 21 27 0 29 25 0 5 27 0 5 5 0 0 4 4 5 24 25 25 20 5 27 27 4 0 25 27 27 44 5 0 25 5 0 5 25 0 27 25 0 25 23 13 12 5 27 46 25 12 11 0 25 3 40 21 27 11 29 27
split_gain=2255.74 1604.35 1015.51 872.164 686.949 728.806 708.125 1268.05 620.096 546.492 530.671 516.611 468.717 442.769 341.083 714.587 642.092 390.23 319.591 307.379 878.258 370.331 1973.78 331.26 710.786 796.529 326.872 302.852 542.188 296.421 375.035 538.396 1198.98 282.372 700.817 282.044 1457.59 582.44 405.59 351.629 336.577 289.713 625.769 386.126 432.438 330.128 279.042 278.874 352.434 267.762 262.44 929.643 576.741 350.736 258.914 246.668 344.121 461.167 545.21 231.001 228.557 224.088 220.805 222.381 220.062 219.905 208.895 206.362 204.88 201.601 415.177 276.464 199.371 713.825 209.274 883.846 1269.18 376.652 373.669 236.009 279.772 241.868 229.899 195.181 205.346 243.765 193.581 193.418 232.089 224.653 280.883 402.573 455.061 463.361 195.589 342.615 192.621 227.766 410.037 213.32 211.078 462.495 207.89 198.907 214.369 192.193 191.73 190.21 260.316 341.877 186.63 272.331 275.514 192.145 184.164 595.94 183.86 182.572 175.844 226.411 175.449 203.225 295.818 188.066 261.381 172.704
threshold=13030.000000000002 0 1 0.84999999403953563 2 1560.0000000000002 1280.0000000000002 3 0.16058247536420825 4 5 0.072340067476034178 6250.0000000000009 48.649997711181648 225.00000000000003 6 7 155.00000000000003 92.500000000000014 0.24372619390487674 8 110.00000000000001 9 55.000000000000007 10 45.000000000000007 11 71.500000000000014 12 13 325.00000000000006 14 1225.0000000000002 97.500000000000014 1225.0000000000002 0.064750330522656455 15 0.081555202603340163 0.060448419302701957 90.000000000000014 0.027486208826303486 16 0.11874964460730554 64.500000000000014 225.00000000000003 66.500000000000014 0.064333807677030577 -0.35846811532974238 17 0.08212983608245851 53.500000000000007 1225.0000000000002 110.00000000000001 5.0050001144409189 18 0.18566475808620456 0.25206111371517187 19 62.750000000000007 0.020426410250365738 0.095947422087192549 0.24214403331279757 0.36550000309944158 20 6.2500000000000009 15.500000000000002 -0.5917624533176421 0.13503363728523257 0.058846931904554374 155.00000000000003 0.040852611884474761 27.500000000000004 155.00000000000003 21 0.084925193339586272 850.00000000000011 22 23 475.00000000000006 950.00000000000011 24 25 26 0.97881343960762035 76.500000000000014 80.500000000000014 106.50000000000001 27 0.08212983608245851 0.1321084722876549 28 950.00000000000011 60.500000000000007 0.10945477336645128 0.11368945986032487 0.052500000223517425 29 325.00000000000006 99.000000000000014 30 1225.0000000000002 31 99.000000000000014 715.00000000000011 0.059944719076156623 40.500000000000007 90.000000000000014 86.500000000000014 0.097788050770759596 24.500000000000004 -0.44505782425403589 32 0.058047603815793998 0.83571434020996105 69.500000000000014 -0.082691941410303102 -0.81429189443588246 1225.0000000000002 36.500000000000007 33 35.95000076293946 0.10989969968795778 0.051913643255829818 0.24372619390487674 0.15799347311258319 0.11368945986032487
decision_type=2 9 9 2 9 2 2 9 2 9 9 10 2 2 2 9 9 2 2 2 9 2 9 2 9 2 9 2 1 9 2 9 2 2 2 2 9 8 2 2 10 9 2 2 2 2 8 2 9 2 2 2 2 2 9 10 2 9 2 2 2 10 2 9 2 2 2 10 2 2 8 2 2 9 2 2 9 9 2 2 9 9 9 2 2 2 2 9 2 2 9 2 2 2 2 2 9 2 2 9 2 9 2 2 2 2 2 2 10 2 2 9 2 2 2 2 2 2 2 1 2 8 2 2 8 2
left_child=1 9 46 10 6 35 11 -8 13 49 29 19 14 18 15 17 60 27 -9 21 -21 22 -5 24 25 -24 -23 28 -11 30 -3 32 -32 -12 -35 36 39 40 47 -6 -37 43 61 87 -45 116 -2 54 59 -1 51 52 -22 -53 -38 56 57 58 -48 -49 64 -43 63 -4 107 -50 96 -15 -67 105 -71 -72 73 -31 77 76 -76 -74 -78 81 -81 -79 -80 -77 117 -86 -59 88 -39 90 -90 92 93 -92 -89 -96 100 98 99 -98 103 -102 -103 104 -28 -17 -52 108 109 114 -56 112 -112 -113 -16 -116 -46 -85 119 -73 121 -18 -123 -124 -125 -126
right_child=2 3 62 4 5 -7 7 8 -10 12 33 -13 -14 67 16 69 120 -19 -20 20 50 26 23 -25 -26 -27 66 -29 -30 72 31 -33 -34 34 -36 37 38 41 -40 -41 -42 42 -44 44 45 -47 55 48 65 -51 106 53 -54 -55 110 -57 -58 86 -60 -61 -62 -63 -64 -65 -66 68 -68 -69 -70 70 71 118 74 -75 75 83 78 79 82 80 -82 -83 -84 84 85 -87 -88 94 89 -91 91 -93 -94 -95 95 -97 97 -99 -100 -101 101 102 -104 -105 -106 -107 -108 -109 -110 -111 111 113 -114 -115 115 -117 -118 -119 -120 -121 -122 122 123 124 125 -127
leaf_value=0.012406295240132946 -0.0090090961465912472 0.0068714447867197943 -0.016452630965837409 -0.077847297014885158 -0.023301069989909218 0.0098001602242999298 0.0053128360783000683 0.010640365973802158 -0.011044474745977599 -0.0012839984734531796 0.0030551640982586538 0.0017297773658720053 -0.063179885078878964 -0.097036916118101016 -0.0035822934459429235 -0.0066316043309061516 0.00454875685393215 -0.018237571417750217 -0.063153332938021473 -0.0012434045066204537 -0.071952669833110078 0.0043513228371654953 0.01429275677352624 -0.0076869601666777485 0.015149731015960332 -0.1021747964564885 0.0010308962883774924 0.0064842683356509216 -0.042382686755328032 -0.07359134616760106 -0.088594318945196607 -0.0097299835395164066 0.022249802925224816 -0.0036563723411934092 -0.073884459452136703 -0.0018888128445749836 -0.0028074426874772768 0.010041942350396888 0.0099083860673749719 0.01141485503546141 -0.054401046855327408 -0.0096890814276478342 -0.00090355586872046319 -0.03179391504648077 -0.019042045786069998 -0.0059620350618812181 0.028317753164207232 0.0088850259510193045 -0.024652077143471618 -0.0015211134576136136 0.030335256532493943 -0.10781912786620004 -0.0093125843797384252 -0.044094201575357692 0.0013258371000325576 -0.09508706072373177 -0.0040341578252979966 -0.09145688271293273 -0.054401598889150735 -0.0019051406131641898 0.013266758895344274 0.028088927902805972 -0.045942719731873902 0.019283922607674656 0.012858081959378223 -0.0060617619591501141 0.00020865943573018049 -0.050715907955651771 0.011996162357240988 0.029306005794065872 0.017615251040211614 -0.03244964789350728 0.0076183263453637341 -0.0016198832459374333 0.0089611277610401573 -0.0064569385049728437 -0.081832218083350561 0.016831819190860683 -0.01484838094278295 -0.025872145581801224 0.010531564079105726 -0.0023335772276101025 -0.034698652073640049 0.0022810932856683628 0.012242189279662192 0.0012843862994256503 -0.043968079002906703 -0.0017722519462490612 0.0046439744922045379 0.014360389672095237 -0.0069085145753952802 0.0013045420793596173 -0.063009731867274293 -0.053869030232276391 -0.047640869138975313 -0.0076528956121581972 -0.0063928209837969315 0.00052110291753339872 -0.032731594409440352 0.012068452183722133 -0.0098101059784508771 -0.026263550102429568 -0.084536674998841488 0.0028863098175883097 -0.010437852577264614 0.0012218163549845586 -0.0089930642357291136 0.0090703792955159519 0.019033134692268094 0.0030458824847139974 -0.0060060210375504743 -0.0095076943974770275 -0.032093433721504548 -0.037839853977119281 -0.070429476770194802 -0.0094139301856667867 -0.066922114190045678 -0.0091006880208588485 0.0020583267521534355 -0.00089162660029565755 0.0042469460090462331 -0.010045558136527242 0.0012444997917281679 0.0020351552601174175 -0.0042896467557421479 -0.016573418359626866
leaf_weight=5892 123 1037 304 333 273 3134 899 102 317 1027 44474 35916 101 262 947 4826 8626 3125 108 23145 138 9933 104 5828 1432 106 2088 1489 401 145 236 3418 139 1747 137 160 3859 2282 1622 6350 350 32218 9898 660 189 10939 101 2084 561 1574 112 104 2755 312 827 133 121 337 242 12437 4343 141 103 301 2705 28537 32074 135 576 536 964 312 6064 620 1193 3386 114 659 981 715 258 5805 1284 2573 2474 6981 104 10200 2735 775 1430 2020 182 217 204 3267 4453 14547 492 635 1797 105 118 2461 4928 6693 9072 3298 601 4156 521 5729 1215 223 184 653 117 2500 9032 591 11733 2720 37772 6390 8267 1176
leaf_count=5892 123 1037 304 333 273 3134 899 102 317 1027 44474 35916 101 262 947 4826 8626 3125 108 23145 138 9933 104 5828 1432 106 2088 1489 401 145 236 3418 139 1747 137 160 3859 2282 1622 6350 350 32218 9898 660 189 10939 101 2084 561 1574 112 104 2755 312 827 133 121 337 242 12437 4343 141 103 301 2705 28537 32074 135 576 536 964 312 6064 620 1193 3386 114 659 981 715 258 5805 1284 2573 2474 6981 104 10200 2735 775 1430 2020 182 217 204 3267 4453 14547 492 635 1797 105 118 2461 4928 6693 9072 3298 601 4156 521 5729 1215 223 184 653 117 2500 9032 591 11733 2720 37772 6390 8267 1176
internal_value=-0.00141774 -0.00129896 -0.0343076 -0.0022664 -0.00303152 -0.00450824 -0.00163907 -0.0202211 -0.0446182 0.00158319 0.000380022 -0.00141762 0.00110312 -0.0628385 0.0011567 -0.00168619 0.00203767 -0.0108553 -0.0274301 -0.00238321 -0.00470686 -0.00136626 -0.00758043 -0.00432806 0.00756488 -0.0426786 -0.000707623 -0.0029802 -0.0128466 -0.00212479 -0.00909236 -0.0134815 -0.0475582 0.00257265 -0.00879968 -0.00482265 -0.00336009 -0.00603816 -0.00487777 0.00996552 -0.0379626 -0.00582751 -0.0075028 -0.00381397 -0.00821059 -0.00682371 -0.0513748 -0.00530276 -0.00418803 0.00945761 -0.0111129 -0.0183654 -0.0123244 -0.0602458 -0.00928347 -0.0568759 -0.0511616 -0.0584207 -0.0291841 -0.000355826 0.00733137 -0.00952361 -0.00548545 0.00137625 0.00528136 -0.00606108 -0.00149701 -0.0814524 -0.00570409 0.000732088 0.00355407 0.00228505 -0.00118098 -0.0163217 -0.000849805 -0.00268896 -0.0163129 0.00207709 -0.0289017 -0.00244851 -0.0162185 -0.000377378 -0.0263303 2.83598e-05 0.00154021 0.0041526 -0.0786041 -0.00157008 0.00168374 -0.000906828 -0.00270583 -0.00792827 -0.0181204 -0.0131247 -0.00386309 -0.0100161 -0.00322738 -0.00145481 -0.00660778 -0.00407572 -0.00632334 -0.0151314 -0.054888 -0.00445121 -0.00702503 -0.00206874 -0.0085102 0.00319722 0.00023502 -0.00166983 -0.0122001 -0.013671 -0.0241332 -0.0105576 -0.0126511 -0.0228952 -0.0375075 -0.00332859 0.000795922 -0.0118192 0.000870764 0.000260956 -0.000395777 9.40465e-05 -0.00265044 -0.00582102
internal_weight=519686 517817 1869 387683 300743 145932 154811 1823 924 130134 86940 152988 122668 607 122567 28996 93571 6042 210 117072 35638 81434 7803 7470 1642 210 73631 2917 1428 40582 4830 3793 375 46358 1884 142798 64814 77984 58191 6623 510 77474 42257 35217 11905 11245 1161 56569 44195 7466 12493 3309 2893 416 12374 1038 905 784 343 14521 16887 32359 708 605 12544 29674 63698 397 29113 22954 11435 10899 35752 765 34987 21486 3572 13501 2379 7437 973 6464 2265 17914 14528 9455 441 23312 9641 7359 6584 3849 1829 1647 13671 3471 31624 20127 5580 5088 11497 2020 223 9477 7016 11519 9184 9839 6541 5940 8515 7688 1736 5952 1784 837 306 5073 9935 903 76684 64951 56325 53605 15833 9443
internal_count=519686 517817 1869 387683 300743 145932 154811 1823 924 130134 86940 152988 122668 607 122567 28996 93571 6042 210 117072 35638 81434 7803 7470 1642 210 73631 2917 1428 40582 4830 3793 375 46358 1884 142798 64814 77984 58191 6623 510 77474 42257 35217 11905 11245 1161 56569 44195 7466 12493 3309 2893 416 12374 1038 905 784 343 14521 16887 32359 708 605 12544 29674 63698 397 29113 22954 11435 10899 35752 765 34987 21486 3572 13501 2379 7437 973 6464 2265 17914 14528 9455 441 23312 9641 7359 6584 3849 1829 1647 13671 3471 31624 20127 5580 5088 11497 2020 223 9477 7016 11519 9184 9839 6541 5940 8515 7688 1736 5952 1784 837 306 5073 9935 903 76684 64951 56325 53605 15833 9443
cat_boundaries=0 2 4 6 8 10 12 13 14 16 18 20 22 23 25 26 28 30 31 33 35 37 38 40 41 42 43 44 46 47 49 51 53 54 55
cat_threshold=423899222 170 303038466 8196 2760051328 18177 2147549696 512 16 2 615172097 325 4194306 4194310 2751463552 17664 131072 512 0 16384 2176 512 2 540672 64 1 1081344 8260 1109409800 14352 2622464 1073742849 4112 33554432 4 537395200 2048 131072 133121 261 545423360 4 4 75530240 35667968 2064 1 536870912 17408 66048 257 536870912 1024 2097184 2
is_linear=0
shrinkage=0.03


Tree=52
num_leaves=127
num_cat=34
split_feature=0 5 5 33 5 2 5 5 5 27 0 45 48 0 0 0 0 25 5 8 45 2 8 5 25 25 5 5 27 0 21 48 5 5 29 5 0 0 5 8 0 13 5 44 27 39 0 25 25 13 25 5 0 25 21 20 27 28 0 5 5 0 0 25 25 27 13 28 25 25 25 27 27 0 27 27 25 5 5 45 5 5 27 27 25 27 5 30 25 27 20 30 21 27 3 25 25 20 5 0 20 0 25 5 25 12 27 5 27 5 0 20 25 29 0 22 5 45 20 27 27 5 5 5 0 25
split_gain=1878.53 1571.95 939.296 792.122 613.203 596.083 1352.44 995.083 869.547 843.687 1385.1 543.65 540.793 533.61 583.071 481.536 5641.35 594.36 502.182 480.57 479.073 520.543 468.584 451.297 445.209 522.732 439.727 419.281 439.398 412.765 394.75 382.61 377.763 377.511 374.498 561.238 522.381 676.945 362.128 447.776 352.594 350.783 328.007 326.425 387.36 392.304 384.482 718.779 636.901 648.807 395.898 345.671 321.185 304.732 339.295 283.021 279.037 288.439 278.218 1052.58 1046.14 453.846 347.646 1384.78 1227.71 495.745 400.496 437.592 369.747 359.032 360.927 346.474 310.716 284.114 280.523 314.479 378.341 357.746 316.227 277.426 354.292 333.624 309.897 274.105 269.715 593.861 264.135 259.8 256.422 324.584 305.475 255.491 250.165 250.093 275.562 270.115 249.608 249.085 248.976 246.497 242.123 238.748 795.308 587.433 519.08 269.179 233.367 223.175 215.241 354.134 214.445 214.309 209.983 209.724 208.915 204.555 203.658 203.094 199.408 217.273 198.023 194.803 193.624 189.573 372.632 358.02
threshold=13030.000000000002 0 1 7.849999427795411 2 3 4 5 6 0.059944719076156623 325.00000000000006 17.144999504089359 56.250000000000007 1410.0000000000002 1280.0000000000002 475.00000000000006 425.00000000000006 125.00000000000001 7 3.5000000000000004 21.48499965667725 8 6.5000000000000009 9 85.500000000000014 77.500000000000014 10 11 0.064750330522656455 1560.0000000000002 0.032727185636758811 1.6499999761581423 12 13 0.11490825563669206 14 90.000000000000014 45.000000000000007 15 10.500000000000002 1225.0000000000002 24.500000000000004 16 0.073499999940395369 0.055219287052750594 8.50000047683716 1225.0000000000002 97.500000000000014 53.500000000000007 24.500000000000004 103.50000000000001 17 6250.0000000000009 65.500000000000014 0.066131956875324263 78.500000000000014 0.10038758814334871 0.11483956873416902 615.00000000000011 18 19 550.00000000000011 715.00000000000011 74.500000000000014 75.500000000000014 0.092709075659513487 45.500000000000007 0.14285538345575335 42.500000000000007 26.500000000000004 38.500000000000007 0.10945477336645128 0.089248880743980422 325.00000000000006 0.064750330522656455 0.058047603815793998 64.500000000000014 20 21 26.134999275207523 22 23 0.11368945986032487 0.07936600968241693 52.500000000000007 0.051913643255829818 24 0.086849529296159758 20.500000000000004 0.053263295441865928 78.500000000000014 0.17592313140630725 0.1341296583414078 0.07936600968241693 25 15.500000000000002 47.500000000000007 88.500000000000014 26 1560.0000000000002 82.500000000000014 325.00000000000006 155.00000000000003 27 140.50000000000003 0.020426410250365738 0.049178216606378562 28 0.058846931904554374 29 950.00000000000011 39.500000000000007 49.000000000000007 0.11905520036816598 90.000000000000014 0.132152795791626 30 25.884999275207523 46.500000000000007 0.12240357697010042 0.051913643255829818 31 32 33 950.00000000000011 155.00000000000003
decision_type=2 9 9 2 9 9 9 9 9 2 2 2 2 2 2 2 2 2 9 2 2 9 2 9 2 2 9 9 2 2 8 2 9 9 8 9 2 2 9 2 2 2 9 2 2 2 2 2 2 2 2 9 2 2 8 2 2 8 2 9 9 2 2 2 2 2 2 10 2 2 2 2 2 2 2 2 2 9 9 2 9 9 2 2 2 2 9 8 2 2 2 10 10 2 1 2 2 2 9 2 2 2 2 9 2 2 2 9 2 9 2 2 2 10 2 10 9 2 2 2 2 9 9 9 2 2
left_child=1 13 12 4 20 8 19 79 9 10 24 107 -2 14 26 16 27 18 -17 -7 21 42 91 93 25 108 83 -11 -29 34 -15 122 -31 -5 -9 -36 37 -37 -23 87 -21 -42 -3 44 45 -38 51 48 49 118 100 -45 99 84 -55 -14 57 -33 60 62 73 74 63 68 66 72 67 69 -60 -64 -71 -68 -65 -10 75 76 78 -77 -62 81 -81 -8 86 -1 120 -86 -82 114 89 -80 -91 -20 -83 94 -22 -95 -46 -69 -13 -32 -49 102 -78 115 105 -105 -107 -4 109 -6 121 -41 -98 -44 -40 -103 -58 -27 -48 -120 -12 -96 -28 -61 125 -125
right_child=2 3 11 33 5 6 7 29 58 15 53 98 55 30 -16 17 -18 -19 22 40 23 38 -24 -25 -26 117 31 28 -30 32 52 56 -34 -35 35 36 43 -39 39 111 41 -43 113 46 96 -47 47 50 -50 -51 -52 -53 -54 54 -56 -57 116 -59 59 123 61 -63 64 65 -66 -67 71 97 -70 70 -72 -73 -74 -75 -76 77 101 -79 88 80 82 92 -84 -85 85 -87 -88 -89 -90 90 -92 -93 -94 95 110 -97 112 -99 -100 -101 -102 103 -104 104 -106 106 -108 -109 -110 -111 -112 -113 -114 -115 -116 -117 -118 -119 119 -121 -122 -123 -124 124 -126 -127
leaf_value=0.012478620604394247 -0.078073865862623326 -0.019549981904560001 -0.041527420635966039 -0.001105958280002771 0.011883668529240402 -0.012963605989703074 0.012627886448451104 -0.00083744433666780769 0.0019202029867746093 0.007282260136564158 -0.011115714988648606 0.044222636039526211 0.015261483525528627 -0.071840270887507066 0.062530568167567246 0.0070599119076003502 -0.14706638718989207 0.0052417938200872496 -0.013242060366796803 -0.074209811202315401 -0.031437328441610783 -0.0050776870530115231 -0.0041802896316849763 0.0019866377889708429 0.0059489166702644293 -0.032076383224809608 0.0074350071976177663 -0.023165011407911457 -0.0024012944666947705 0.020199447403801862 -0.031232739039755694 0.0038673485566180668 -0.010047031400611901 0.0050005028936453439 -0.0054930245612395357 -0.013983245712793406 -0.098870682954788208 -0.10412794925616338 0.01444573765666716 -0.056011958943441686 -0.066323297368910378 -0.0023177351121005068 -0.0031545372059643248 -0.0003839241222636036 -0.042966430924509857 -0.018833959290842847 -0.094151261817171886 -0.10940919846738918 -0.0065070927824302524 -0.010748298824586847 -0.027721619445537266 -0.016550079937794056 -0.06163683594976152 -0.0044758184460961543 0.012353895682289373 -0.048757238993654022 0.014183070993865524 -0.0013568584224732756 -0.0022268433960297876 0.0040932880070231699 -0.016175790487755453 -0.04807410004366304 -0.020200498537912327 -0.017036293039802242 0.0083937087058898689 -0.030529722569171636 -0.04199401704243004 -0.0029781808229208499 0.012035911113592273 0.01758136002544344 -0.0049356451577019364 -0.00085050355070072305 0.0036948768027498529 0.011904279852299606 -0.0093596463205338678 0.0056724236141419719 0.0073452921643283736 -0.0026543603802683482 -0.0066276399707481054 0.0031754094687097322 -0.0071312915901381247 7.787550202086609e-05 -0.0010852017532236595 -0.00085605621261567952 0.023311472949357585 -0.01405815906087465 -0.023727631293388004 -0.0050948570819248605 -0.0016250971769171901 -0.063797958084930453 -0.003965428762661277 0.00044038564438587203 -0.014396419822789403 0.0083532124147669209 0.010851471997605821 -0.01220388265401106 0.016730149649687713 -0.060616598025560964 -0.0033811841710551897 -0.0016808150817379144 -0.049655523745388515 -0.00062530461949933077 -0.011379256213966673 0.015698751340516737 0.018308000060778699 -0.011357276979416586 -0.029011569436348247 -0.0023974626870101015 0.0010809643869270111 -0.01584792530963941 0.021794455667143529 -0.016923642318235243 -0.018480053212882042 0.013049088298305108 -0.01621881481283111 0.020040889350021986 0.0029964940927726209 0.011419864293387426 -0.033312222898084588 -0.082728049650920177 0.0082869612992911013 -0.0065344195193039285 0.0021657408797134126 0.01741945804158606 0.0036149833227246452 0.0016787302340507354
leaf_weight=5591 464 1076 485 17308 473 451 1867 6492 4216 1313 539 131 101 100 143 2360 273 4614 11165 343 227 15097 17958 15913 1445 1281 12594 1779 1893 936 315 11781 605 19227 19816 178 119 129 211 128 135 178 32873 3990 309 103 105 100 4018 578 536 1688 104 1258 7520 159 1646 49360 4537 11328 3106 193 941 2081 8781 1775 570 102 2557 855 2546 272 946 6552 4391 9521 7374 9047 734 2748 1760 43330 2185 1845 477 1920 1743 8601 5091 213 120 1380 1101 644 870 5340 184 199 327 1296 163 6070 2822 188 379 1194 1552 192 1602 3079 452 6378 869 734 3590 463 12842 104 285 112 3844 1687 12559 5724 5652 1683
leaf_count=5591 464 1076 485 17308 473 451 1867 6492 4216 1313 539 131 101 100 143 2360 273 4614 11165 343 227 15097 17958 15913 1445 1281 12594 1779 1893 936 315 11781 605 19227 19816 178 119 129 211 128 135 178 32873 3990 309 103 105 100 4018 578 536 1688 104 1258 7520 159 1646 49360 4537 11328 3106 193 941 2081 8781 1775 570 102 2557 855 2546 272 946 6552 4391 9521 7374 9047 734 2748 1760 43330 2185 1845 477 1920 1743 8601 5091 213 120 1380 1101 644 870 5340 184 199 327 1296 163 6070 2822 188 379 1194 1552 192 1602 3079 452 6378 869 734 3590 463 12842 104 285 112 3844 1687 12559 5724 5652 1683
internal_value=-0.00135455 -0.00124643 -0.0314496 -0.00210587 -0.00252094 -0.00181118 -0.00370492 -0.00332264 -0.000789161 -0.00352043 0.00103939 -0.0139158 -0.0578896 0.00193284 0.00220327 -0.00603315 -0.0145344 -0.00484008 -0.0062557 -0.0365139 -0.0046173 -0.00591452 -0.00728605 -0.00107377 -0.00911789 -0.0124478 0.00212298 -0.00724831 -0.0124306 -0.00683683 -0.0141945 0.00160275 0.00839164 0.00210876 -0.00742875 -0.00871439 -0.01344 -0.0520767 -0.00855187 -0.0113212 -0.0532162 -0.0300473 -0.00332513 -0.0125449 -0.0253157 -0.0619875 -0.0107953 -0.0161599 -0.0120084 -0.0324504 -0.0426004 -0.00522181 -0.0107934 0.00625211 0.00994175 -0.0239252 0.000536884 -0.000350181 0.000802066 0.00246125 -0.000524339 -0.00227293 -0.00171881 -0.00550633 0.00143845 -0.0179453 -0.0096958 -0.00624039 0.00291507 -0.0038108 0.000728558 -0.0287198 -0.0105583 0.00798833 -0.00210332 -0.00143759 -0.00337295 0.00161701 -0.00838627 -0.000669181 -0.00567252 0.00024244 -0.00993508 0.00915807 0.00147442 -0.00661503 -0.0154817 -0.00798236 -0.00442193 -0.0177939 -0.0423131 -0.011737 -0.00028105 -0.00635069 0.000361409 -0.0099905 -0.0192973 -0.0411592 0.0111912 -0.00747491 -0.0727039 -0.00105534 0.00216219 -0.00438713 -0.0146519 -0.0189642 -0.0213422 -0.0310978 -0.00804764 -0.0121639 0.00276996 -0.0177012 -0.0123174 -0.00279943 -0.0145132 0.000840885 0.00428016 -0.0288044 -0.057367 -0.047426 0.00589892 -0.000600194 0.00480805 0.0069433 0.00941001 0.0138436
internal_weight=519599 517740 1859 407564 371029 277208 97156 96049 180052 66277 23542 1135 724 110176 108361 42735 5258 37477 32863 1107 93821 68688 30503 25133 7984 6539 108218 4985 3672 41315 1815 100782 1541 36535 39774 33282 13466 307 34005 18908 656 313 34683 13159 1584 222 11575 5897 5098 1080 799 5678 1715 15558 8778 260 75629 61141 113775 50549 63226 52458 26162 11896 14266 4802 5485 4643 7094 4342 3401 842 3027 10768 52265 47874 29306 18568 9264 54734 8436 46298 5688 7436 6780 2397 3503 12402 6158 1067 333 12545 44431 9220 3236 5984 1362 301 458 1611 263 20042 10196 9846 3313 2934 2746 677 5154 3552 3009 6506 1053 33607 3801 6533 14488 1385 502 397 4383 2557 25153 24387 13059 7407
internal_count=519599 517740 1859 407564 371029 277208 97156 96049 180052 66277 23542 1135 724 110176 108361 42735 5258 37477 32863 1107 93821 68688 30503 25133 7984 6539 108218 4985 3672 41315 1815 100782 1541 36535 39774 33282 13466 307 34005 18908 656 313 34683 13159 1584 222 11575 5897 5098 1080 799 5678 1715 15558 8778 260 75629 61141 113775 50549 63226 52458 26162 11896 14266 4802 5485 4643 7094 4342 3401 842 3027 10768 52265 47874 29306 18568 9264 54734 8436 46298 5688 7436 6780 2397 3503 12402 6158 1067 333 12545 44431 9220 3236 5984 1362 301 458 1611 263 20042 10196 9846 3313 2934 2746 677 5154 3552 3009 6506 1053 33607 3801 6533 14488 1385 502 397 4383 2557 25153 24387 13059 7407
cat_boundaries=0 2 4 6 7 8 10 12 14 15 17 19 21 23 25 26 27 28 30 32 33 35 37 39 40 42 43 45 47 49 50 51 52 54 56
cat_threshold=419698774 42 269484034 8192 574505 2128 6 131072 112197760 9349 112197632 8197 0 1 10 49152 64 16 2 68157440 8196 2147492352 4096 82363009 453 3762356736 49161 33 8192 16640 2684485760 1024 2688688256 512 5632 512 384 68157568 9216 69206016 2097152 1 2 0 16388 0 17536 34078720 4 67108864 6 32768 17039364 8 73728 4608
is_linear=0
shrinkage=0.03


Tree=53
num_leaves=127
num_cat=32
split_feature=0 5 5 5 40 5 0 21 11 5 0 5 25 12 5 0 4 0 25 0 5 27 5 48 5 3 25 30 0 25 27 30 11 46 27 25 5 11 27 8 27 0 25 5 0 0 0 47 0 27 5 0 5 0 27 5 27 5 30 13 25 23 0 0 0 25 25 25 27 0 21 11 0 0 5 0 27 0 5 21 25 0 20 0 5 0 27 0 5 0 25 48 25 25 3 0 25 25 25 0 0 27 0 25 5 5 25 0 29 27 5 5 0 5 5 5 0 27 27 0 21 25 5 0 22 5
split_gain=1996.99 1508.7 973.194 753.181 681.222 499.529 499.541 484.156 496.715 845.362 450.231 2299.92 475.261 439.817 683.607 488.469 466.237 1514.24 911.319 401.853 398.773 422.948 424.295 367.778 345.143 318.209 307.089 303.459 295.059 473.808 292.917 289.75 285.089 267.49 267.343 255.748 251.783 370.308 669.301 333.629 274.635 248.022 583.909 456.098 520.342 367.894 601.852 318.834 269.023 296.063 291.126 247.972 235.759 437.824 563.556 232.834 594.535 230.282 228.161 225.458 220.055 216.862 215.854 810.67 214.891 308.019 214.621 211.596 210.607 208.61 207.636 442.657 373.509 351.577 787.503 361.411 354 263.156 261.98 260.016 252.457 251.155 221.387 212.059 205.383 204.738 196.01 374.901 533.643 420.584 350.529 678.078 245.653 219.344 208 192.752 192.733 218.559 190.088 189.445 187.902 250.946 404.89 673.276 228.452 185.102 184.602 184.011 180.639 176.894 369.442 194.716 236.683 989.594 781.545 298.273 462.673 1642.03 303.04 244.331 212.558 191.069 176.577 267.008 202.919 174.454
threshold=13030.000000000002 0 1 2 37.95000076293946 3 61.500000000000007 0.10669478774070741 0.24372619390487674 4 110.00000000000001 5 11.500000000000002 -0.11692317575216292 6 325.00000000000006 7 950.00000000000011 17.500000000000004 1940.0000000000002 8 0.051913643255829818 9 0.7500000298023225 10 11 51.500000000000007 0.19606986641883853 1280.0000000000002 102.50000000000001 0.084925193339586272 0.16091169416904452 -0.5917624533176421 1.7285713553428652 0.08212983608245851 11.500000000000002 12 -0.72101011872291554 0.1575826704502106 7.5000000000000009 0.15550526976585391 225.00000000000003 18.500000000000004 13 90.000000000000014 325.00000000000006 950.00000000000011 14.13499975204468 90.000000000000014 0.069445703178644194 14 325.00000000000006 15 1225.0000000000002 0.12240357697010042 16 0.086274277418851866 17 0.058018375188112266 45.500000000000007 36.500000000000007 0.051437802612781532 90.000000000000014 45.000000000000007 615.00000000000011 16.500000000000004 103.50000000000001 15.500000000000002 0.059944719076156623 225.00000000000003 0.12444807216525079 0.24372619390487674 1410.0000000000002 325.00000000000006 18 155.00000000000003 0.053855204954743392 90.000000000000014 19 0.04543250426650048 69.500000000000014 90.000000000000014 82.500000000000014 225.00000000000003 20 225.00000000000003 0.086274277418851866 950.00000000000011 21 615.00000000000011 57.500000000000007 0.25000000745058065 59.500000000000007 66.500000000000014 22 155.00000000000003 15.500000000000002 52.500000000000007 15.500000000000002 90.000000000000014 325.00000000000006 0.07936600968241693 225.00000000000003 77.500000000000014 23 24 73.500000000000014 325.00000000000006 0.11905520036816598 0.16058247536420825 25 26 615.00000000000011 27 28 29 850.00000000000011 0.089248880743980422 0.095947422087192549 1560.0000000000002 0.11757665500044824 77.500000000000014 30 45.000000000000007 -0.11946358904242514 31
decision_type=2 9 9 9 2 9 2 8 2 9 2 9 2 2 9 2 9 2 2 2 9 2 9 2 9 1 2 10 2 2 2 10 2 2 2 2 9 2 2 2 2 2 2 9 2 2 2 2 2 2 9 2 9 2 2 9 2 9 8 2 2 8 2 2 2 2 2 2 2 2 8 2 2 2 9 2 2 2 9 10 2 2 2 2 9 2 2 2 9 2 2 2 2 2 1 2 2 2 2 2 2 2 2 2 9 9 2 2 10 2 9 9 2 9 9 9 2 2 2 2 8 2 9 2 8 9
left_child=1 5 36 13 7 34 122 57 10 28 11 -9 69 14 -3 25 17 18 98 23 21 22 -14 105 62 -16 -24 41 60 -30 -27 55 33 52 -1 -26 37 40 39 -39 -2 43 45 48 58 67 47 64 49 -15 95 -28 53 66 -55 56 -11 -5 -45 106 -10 -44 63 -13 65 -47 85 -43 -35 -12 72 77 78 74 75 76 -73 -72 -25 -74 83 -80 -82 -77 107 -22 87 88 -18 92 96 -92 -90 -94 -91 -50 -88 -98 -17 -32 101 102 -54 -104 -103 -8 -4 -6 -31 111 -111 -57 113 120 -114 116 117 -116 121 -117 -113 -118 124 -124 -7 -75
right_child=2 3 59 4 84 6 19 8 9 31 12 24 20 27 15 16 86 -19 -20 -21 32 -23 26 70 35 30 51 -29 29 108 99 -33 -34 68 -36 -37 -38 38 -40 -41 -42 42 61 44 -46 46 -48 -49 50 -51 -52 -53 100 54 -56 109 -58 -59 -60 -61 -62 -63 -64 -65 -66 -67 -68 -69 -70 -71 71 73 79 125 -76 80 -78 -79 81 -81 82 -83 -84 -85 -86 -87 90 -89 89 94 91 -93 93 -95 -96 -97 97 -99 -100 -101 -102 104 103 -105 -106 -107 -108 -109 -110 110 -112 112 114 -115 115 119 118 -119 -120 -121 -122 -123 123 -125 -126 -127
leaf_value=0.012317251493417638 -0.036135697150602934 0.0044221360377527533 -0.0089632669892348027 -0.0014252165445889601 -0.0054143044084678186 -0.0074913984240713308 0.0013055769619424479 -0.06634920121571132 0.0079127977097544402 0.0021671511509563199 -0.052209422597785791 0.017522890319024941 0.0080058748846324537 -0.024587952484795297 0.017771144370636531 -0.11448381217320759 0.01588678184836622 0.02515054004989108 -0.00057887641576732083 -0.032160121048697816 0.0048017727594448535 0.0023407744494186446 -0.059979047597326494 0.010506426934266479 0.026732809009893249 0.0023377036343939987 -0.0035161939524893438 0.0060044308169266356 0.012817336851730943 -0.027359886991514547 0.0054570166979867373 -0.00095360123819479949 -0.00038335103806517523 0.0053339108011911688 -0.0014583100811767695 -0.0035540492212806493 -0.071253479769211689 -0.090748299195298116 0.02483763623851187 -0.024872990703260576 -0.09885337318108213 -0.036105074470617775 0.010457802840452553 0.045494754506418336 -0.017215745673368432 -0.0037656809993692349 -0.00048511332520730121 -0.019849650368535067 0.0047572954184668037 0.00083040236845120503 -0.0036966352372606718 -0.025484003401028368 0.011109757841893751 -0.097792228013277055 -0.015037176487677651 -0.004457074778599036 -0.04107996724772417 0.0023230736351932536 -0.00069623885654645416 -0.044471219488020457 -0.00095861685579992997 -0.0048054982005521982 -0.012885210812624852 -0.088127973030728016 -0.085415769718469134 -0.064505133960208225 0.0010556014779405608 -0.003380743744736907 -0.0020943417874298774 -0.01232642525036989 0.035108259529448474 -0.028876315666398464 -0.0672948480798648 0.015204781003189937 0.00040073460185495588 0.0084612685991036947 -0.086499634191587363 0.001285580399892151 0.041109115980109391 -0.010302081299382792 -0.050891091339973681 0.0017023072976438693 -0.014847530473074683 -0.020290552720943392 0.0060182042165759821 -0.012301335150506054 0.0075385183767547014 0.015896232788171254 -0.015905804544687398 -0.081155669482530279 -0.061220830901320702 -0.012641339186899615 0.019618535639331948 -0.013417232335057287 -0.026493315964563648 0.031378902411327785 -0.0083435154141674878 0.020271311346106231 -0.068904176273588413 -0.041514855199206023 -0.0026779130160936018 -0.04167322818897972 -0.0024311109073046444 -0.032862331384343982 -0.010752417532181462 0.006894312961518264 0.026783705091464421 0.0024600558214748439 -0.077381654254653875 -0.020599502277130238 0.0024586742706822246 -0.020114853467158213 0.014756764988753409 -0.015680237878152176 -0.13626749527286475 -0.013703951467583473 0.024651489508588139 -0.0094622983375407792 -0.026883446673203987 0.017997947719516811 0.0075720704892607467 -0.011708806712296606 0.023053680069527582 -0.012824344053965693 -0.064650605171918868 -0.0024501604761364773
leaf_weight=5804 127 10682 431 28021 3369 103 8169 554 2935 506 224 111 854 857 1103 134 764 293 163 316 706 35910 140 4266 256 2737 967 1787 183 147 113 4728 52947 4048 1622 10632 382 111 169 184 127 210 856 103 7493 110 385 278 582 794 2134 886 981 111 220 5752 657 31128 1290 111 17609 37525 711 157 188 237 1881 1133 22657 250 207 259 103 514 2305 370 153 44633 146 236 326 14888 291 611 11870 5809 906 930 1367 105 294 2104 424 314 157 422 6189 249 235 242 27926 352 2363 904 590 15455 185 12874 118 779 2995 270 799 4836 141 7031 163 261 1606 225 3159 628 205 1998 122 12544
leaf_count=5804 127 10682 431 28021 3369 103 8169 554 2935 506 224 111 854 857 1103 134 764 293 163 316 706 35910 140 4266 256 2737 967 1787 183 147 113 4728 52947 4048 1622 10632 382 111 169 184 127 210 856 103 7493 110 385 278 582 794 2134 886 981 111 220 5752 657 31128 1290 111 17609 37525 711 157 188 237 1881 1133 22657 250 207 259 103 514 2305 370 153 44633 146 236 326 14888 291 611 11870 5809 906 930 1367 105 294 2104 424 314 157 422 6189 249 235 242 27926 352 2363 904 590 15455 185 12874 118 779 2995 270 799 4836 141 7031 163 261 1606 225 3159 628 205 1998 122 12544
internal_value=-0.00135524 -0.00124467 -0.0326561 -0.00211365 -0.00143633 0.00177474 0.00125774 -0.00187174 -0.00249751 -0.00496647 -0.00170569 -0.00720843 -0.0012804 -0.00460463 -0.0016374 -0.00507588 -0.00766649 -0.029561 -0.0596841 0.00156669 -0.00119157 0.00145789 -0.00966993 0.00166803 -0.00438254 0.00394518 -0.0171981 -0.00615811 -0.000216567 -0.0242746 -0.000991069 -0.00785117 -0.00203671 -0.00331406 0.00929606 -0.00283695 -0.0502467 -0.0381639 -0.0226729 -0.0498828 -0.0677592 -0.0065563 -0.00538719 -0.0100542 -0.0140702 -0.019312 -0.0313921 -0.0460096 -0.00256642 -0.0123706 0.00258601 -0.014028 -0.00481117 -0.00919721 -0.0429998 -0.00894779 -0.0220885 0.000547532 0.00274936 -0.00524545 0.000309113 -0.00446482 -0.0213494 -0.0444671 -0.0595407 -0.0453167 -0.00787058 -0.00852078 -0.000968194 -0.0312443 0.000716309 -0.000132645 0.00340552 -0.00419797 -0.011621 -0.0252768 -0.0504329 0.0014425 0.00395444 -0.0277655 -0.0189215 0.00208632 -0.0339431 -0.00944877 0.00302089 -0.0104475 -0.00635582 -0.000818436 -0.00578668 -0.012799 -0.00866379 -0.0186203 -0.00837972 0.00556353 -0.0486253 0.0158096 -0.00541063 -0.00723381 -0.0857208 -0.0265899 -0.0036512 -0.00889373 -0.00578437 -0.0108591 -0.0228946 0.00496538 0.00179844 0.000826074 -0.0498409 -0.00840288 -0.00235307 -0.00932414 -0.0107801 -0.00695929 -0.0136986 -0.0159598 -0.0243248 -0.0541665 -0.019401 -0.0127011 0.00537111 -0.00419444 -0.0121935 -0.00943397 -0.0369963 -0.00174433
internal_weight=519299 517472 1827 401826 315937 115646 108220 287824 228675 55528 173147 12421 160726 85889 29505 18823 14628 825 532 105792 160252 38757 2847 105476 11867 4195 1993 56384 20992 448 3092 34536 121495 68548 7426 10888 1100 718 464 295 254 54597 40922 13675 8886 2541 1198 813 4789 1651 3138 1853 41843 8727 331 29808 1163 59149 1393 727 20544 38381 979 268 535 347 8396 1343 26705 474 81852 62213 19639 17373 4315 2010 412 44840 19300 339 1598 15034 617 981 28113 6515 13803 4061 3131 2367 9742 2398 2105 738 262 1004 7344 6438 369 355 33116 5190 4248 3267 942 23624 616 16243 265 28645 3774 24871 19119 8265 10854 10055 2799 402 2397 7256 3429 791 2428 2203 225 13058
internal_count=519299 517472 1827 401826 315937 115646 108220 287824 228675 55528 173147 12421 160726 85889 29505 18823 14628 825 532 105792 160252 38757 2847 105476 11867 4195 1993 56384 20992 448 3092 34536 121495 68548 7426 10888 1100 718 464 295 254 54597 40922 13675 8886 2541 1198 813 4789 1651 3138 1853 41843 8727 331 29808 1163 59149 1393 727 20544 38381 979 268 535 347 8396 1343 26705 474 81852 62213 19639 17373 4315 2010 412 44840 19300 339 1598 15034 617 981 28113 6515 13803 4061 3131 2367 9742 2398 2105 738 262 1004 7344 6438 369 355 33116 5190 4248 3267 942 23624 616 16243 265 28645 3774 24871 19119 8265 10854 10055 2799 402 2397 7256 3429 791 2428 2203 225 13058
cat_boundaries=0 2 4 6 8 10 12 14 15 17 18 20 21 23 24 25 27 28 30 31 32 34 35 36 38 40 42 44 46 48 50 51 52
cat_threshold=423897174 42 303038466 8196 574505 2112 16 2 2686455936 17424 131072 512 1057 2048 1 1174540928 4608 1140985984 0 16400 2 34603008 4 33801 32769 2097152 16400 131072 3221295232 21524 16779270 406849600 614470272 901 32768 2 8388608 1024 406857728 32 1073741824 4736 1140850688 4224 9437184 8708 66048 1 8388608 512 8192 2052
is_linear=0
shrinkage=0.03


Tree=54
num_leaves=127
num_cat=15
split_feature=0 40 21 11 4 22 25 4 22 25 25 25 20 46 20 13 0 25 25 0 27 30 32 2 4 27 32 25 11 2 0 36 30 2 27 44 20 25 25 4 11 12 0 27 25 25 25 44 27 27 0 11 22 0 25 0 31 27 26 4 4 0 47 27 27 4 25 27 47 27 28 0 31 44 4 25 25 25 20 25 25 4 27 25 25 25 0 0 24 20 25 27 12 40 4 25 32 25 25 0 0 25 25 25 4 25 27 25 6 25 20 2 0 25 25 0 27 25 27 0 0 0 25 25 25 0
split_gain=1844.34 1145.86 837.973 391.923 344.883 301.894 290.817 280.763 314.566 299.804 321.92 350.44 293.746 268.617 233.448 407.144 216.33 430.845 351.889 221.804 317.868 200.414 200.08 189.696 202.449 256.425 328.657 357.167 184.571 185.895 181.32 179.354 175.644 177.428 165.914 165.573 156.515 152.283 272.529 397.487 424.334 154.026 151.567 212.303 264.473 358.153 966.058 212.014 174.673 149.151 195.859 262.505 146.342 262.645 230.566 205.637 273.514 144.429 208.256 140.219 138.124 244.764 152.159 143.109 259.741 171.343 135.347 212.778 177.558 135.173 158.319 229.785 149.025 132.161 131.517 157.445 257.821 188.594 183.667 178.913 164.834 163.275 147.212 240.502 176.863 156.814 140.86 180.394 129.487 125.88 124.333 150.498 124.263 122.729 121.91 470.266 120.687 120.261 310.544 116.949 116.894 345.086 212.04 114.11 111.226 182.397 148.018 136.55 109.76 109.419 106.557 108.877 106.532 106.375 105.834 158.479 250.665 237.311 209.578 662.639 166.77 154.205 136.736 156.114 131.615 126.163
threshold=13030.000000000002 32.95000076293946 0.090277068316936507 0.2603727281093598 0 -0.081030964851379381 7.5000000000000009 1 0.10266805812716485 29.500000000000004 50.500000000000007 71.500000000000014 107.50000000000001 8.9428572654724139 59.500000000000007 39.500000000000007 325.00000000000006 23.500000000000004 10.500000000000002 155.00000000000003 0.07936600968241693 0.086054746061563506 0.16537029296159747 2 3 0.16058247536420825 0.1994869261980057 75.500000000000014 0.24372619390487674 4 45.000000000000007 8.7500000000000018 0.064753670245409026 5 0.08212983608245851 0.284500002861023 27.500000000000004 20.500000000000004 15.500000000000002 6 -0.87395131587982167 -0.26867066323757166 1560.0000000000002 0.10038758814334871 44.500000000000007 18.500000000000004 30.500000000000004 0.11050000041723253 0.12240357697010042 0.095947422087192549 950.00000000000011 -0.62588816881179798 -0.16066887229681012 90.000000000000014 71.500000000000014 1225.0000000000002 0.036420231685042388 0.08212983608245851 0.35431678593158727 7 8 61.500000000000007 26.720000267028812 0.07936600968241693 0.064750330522656455 9 76.500000000000014 0.084925193339586272 10.355000019073488 0.051913643255829818 0.053543105721473701 325.00000000000006 0.026395862922072414 0.11250000074505807 10 46.500000000000007 26.500000000000004 25.500000000000004 28.500000000000004 36.500000000000007 40.500000000000007 11 0.089248880743980422 57.500000000000007 85.500000000000014 89.500000000000014 325.00000000000006 615.00000000000011 1.0204795598983767 82.500000000000014 63.500000000000007 0.055219287052750594 -0.11692317575216292 11.84999990463257 12 22.500000000000004 0.17084141820669177 67.500000000000014 66.500000000000014 1715.0000000000002 155.00000000000003 18.500000000000004 15.500000000000002 143.00000000000003 13 73.500000000000014 0.064750330522656455 73.500000000000014 1.0000000180025095e-35 24.500000000000004 90.500000000000014 14 325.00000000000006 13.500000000000002 69.500000000000014 850.00000000000011 0.1321084722876549 64.500000000000014 0.10945477336645128 1225.0000000000002 1280.0000000000002 1410.0000000000002 65.500000000000014 67.500000000000014 42.500000000000007 2375.0000000000005
decision_type=2 2 8 2 9 10 2 9 8 2 2 2 2 2 2 2 2 2 2 2 2 10 10 9 9 2 10 2 2 9 2 2 10 9 2 2 2 2 2 9 2 2 2 2 2 2 2 2 2 2 2 2 10 2 2 2 10 2 10 9 9 2 2 2 2 9 2 2 2 2 10 2 10 2 9 2 2 2 2 2 2 9 2 2 2 2 2 2 2 2 2 2 2 2 9 2 10 2 2 2 2 2 2 2 9 2 2 2 2 2 2 9 2 2 2 2 2 2 2 2 2 2 2 2 2 2
left_child=1 2 4 16 34 23 -2 -8 -9 -10 35 -12 14 28 -13 -16 17 18 19 59 -21 32 57 74 25 26 27 -25 99 -30 -19 37 33 -6 -1 -11 -26 38 -18 40 -40 -39 43 90 45 -45 -47 -48 -46 -41 51 -51 53 54 -35 -55 -57 69 -59 -4 -20 62 -62 64 65 -63 67 104 -68 70 71 -23 -71 89 -5 76 77 113 -77 81 86 -78 85 -84 -85 -80 -81 -88 -29 -31 94 -92 -86 -70 95 -38 110 98 109 -3 101 -66 -102 -74 107 -106 -107 -32 114 -69 -24 -112 -54 -76 115 116 -43 120 -119 122 -117 -122 -120 -124 -123 -116
right_child=6 13 3 5 21 -7 7 8 9 10 11 12 -14 -15 15 -17 31 30 60 20 -22 22 96 24 36 -27 -28 88 29 73 66 -33 -34 52 -36 -37 42 41 39 49 -42 108 -44 44 48 46 47 -49 -50 50 -52 -53 112 55 -56 56 -58 58 -60 -61 61 63 -64 -65 100 -67 68 97 93 72 -72 -73 103 -75 75 78 79 -79 82 80 -82 -83 83 84 92 -87 87 -89 -90 -91 91 -93 -94 -95 -96 -97 -98 -99 -100 -101 102 -103 -104 -105 105 106 -108 -109 -110 -111 111 -113 -114 -115 125 117 -118 118 119 -121 121 124 123 -125 -126 -127
leaf_value=0.0091568843807329752 0.0072442844712565626 0.0012864485052167375 -0.026341131551907822 -0.0018371948221567911 0.00591657432227536 -0.0023079736691592025 -0.011061150422029556 -0.0057907500855394244 -0.081741433513791942 0.017713365870363571 -0.091733118177249731 -0.014683345698677332 0.0020026130942987792 0.0041637257898150901 -0.029539143667645651 -0.10021032941262453 -0.00016805567572393152 0.015690075057430256 0.010333690640935117 -0.011816494557781205 -0.055349934689817012 0.0074255564649485127 -0.0012389914943762789 -0.0050163534058483648 -0.040139429332357063 0.00073352727101121899 0.0057339045017574244 -0.019996249585405686 0.0029923902135504609 -0.010748185029765572 -0.004116298652331072 0.0010924033839196951 -0.0050721609982193085 0.061690321992901927 -0.0015477746413287451 -0.030606969532213712 -0.042221283872041326 0.0012101507233263011 -0.050690780344539048 -0.00040956230703276643 -0.012492539800054124 -0.0022277745689947091 0.010136301990095346 -0.0051922259080198476 -0.031262327987490492 -0.12753429321110796 -0.053161478442478587 -0.0090867912283509357 -0.0016481676283256923 -0.046298674671843495 -0.0051559180568490704 0.0023299175880703272 0.00021718348805973054 -0.0030879759555767932 0.0023567620520111468 0.0081302909582676684 -0.043394437526643966 0.011986393355912426 -0.029712223433333126 0.0087136347286197475 -0.043017226373940183 0.030600923770499007 -0.002800253023904577 0.011387618485826227 -0.0025822248500739927 0.0032286116628219021 -0.0035710084628394231 -0.033151598073042632 -0.023173861468263949 0.0079552919900999514 0.0073565383302891703 -0.027627667289402261 0.00047835948652287871 8.0432965753043405e-05 0.00059543634235103833 0.018861512994895968 0.023086596010158441 -0.031978264692057244 -0.012359865186056881 -0.03484889270737767 0.0066858797442131213 0.0023930669199928073 -0.019414556748427503 0.0021921984156561807 -0.020094895727726856 -0.0020064716501073513 0.014318896306058627 -0.0092225524194771268 -0.040085273001669912 -0.0021471602341306519 -0.024436773238000396 -0.0057482446718600524 0.0092907873707061463 -0.0084572123033700881 -0.0059462952770626904 0.0048102116701193151 -1.258363782607289e-05 0.0054661577980416693 -0.058041311122869955 -0.014756596830544354 -0.038856229727715255 -0.066286818450790333 -0.0010507881075783572 -0.0093968139489513207 -0.0029857642849803038 0.020173207950599951 -0.0016757907077821124 -0.038164698552277131 -0.0099180267417744317 -0.0089882525351349437 -0.0083815175923965986 -0.031043455351790157 0.013252434985340062 -0.0097172216553323594 -0.00078408264723693665 -0.0042937426817591775 0.0079187392012619474 -0.0018722088423843693 -0.066951390702197591 -0.0030782122975045304 0.040802217485490913 -0.01970636746551124 -0.023131729582351133 -0.06160683261356982 0.011174368463922184 -0.021380252810117191
leaf_weight=6069 161 82103 129 11474 3561 40072 352 193 189 101 150 112 118 25017 145 150 4341 405 2173 619 199 386 1130 1373 162 3961 857 826 3860 3833 265 23848 9819 102 1659 170 381 16711 403 2044 746 22479 310 264 246 108 164 244 654 290 883 152 1554 9610 138 144 258 2367 112 488 170 213 168 1480 218 5400 9753 178 538 2248 6354 297 11527 3302 1336 228 591 275 7317 150 1303 817 756 3162 606 1606 361 1536 447 2551 936 663 164 9616 5978 383 17809 386 127 410 149 117 1216 1158 36750 561 554 176 1512 2976 744 260 885 2758 54251 17435 2427 813 174 807 120 160 302 139 543 268
leaf_count=6069 161 82103 129 11474 3561 40072 352 193 189 101 150 112 118 25017 145 150 4341 405 2173 619 199 386 1130 1373 162 3961 857 826 3860 3833 265 23848 9819 102 1659 170 381 16711 403 2044 746 22479 310 264 246 108 164 244 654 290 883 152 1554 9610 138 144 258 2367 112 488 170 213 168 1480 218 5400 9753 178 538 2248 6354 297 11527 3302 1336 228 591 275 7317 150 1303 817 756 3162 606 1606 361 1536 447 2551 936 663 164 9616 5978 383 17809 386 127 410 149 117 1216 1158 36750 561 554 176 1512 2976 744 260 885 2758 54251 17435 2427 813 174 807 120 160 302 139 543 268
internal_value=-0.00126621 -0.00115957 -0.00193954 -0.00262302 0.000843145 -0.00426818 -0.031232 -0.0349215 -0.0412328 -0.0472491 -0.0402789 -0.0513566 -0.039668 0.00139487 -0.0517247 -0.0656908 -0.0019495 -0.00326598 0.00176087 -0.0122281 -0.0224618 0.000183274 0.00140938 -0.00576723 -0.00826897 -0.00449587 -0.0104075 -0.0156357 0.000673732 -0.0025717 -0.00429412 -0.00129473 -0.00190443 9.61486e-06 0.00685897 -0.0125994 -0.0109601 -0.00174299 -0.0055364 -0.0106933 -0.0259226 -0.00145849 -0.0104987 -0.011138 -0.0208664 -0.0336429 -0.0481608 -0.0268898 -0.00976842 -0.00549312 -0.013329 -0.0296082 -0.00165153 -0.00322414 0.0277249 -0.00396872 -0.0249634 0.00322834 0.0100912 0.00135375 0.00353764 0.00191936 -0.023095 0.00288342 0.00116102 0.00427259 -0.00442517 -0.00345878 -0.00646249 0.00245353 0.00588114 -0.00783531 0.000838025 -0.0047873 -0.00445892 -0.00577056 -0.00271147 -0.00797248 -0.00778773 0.00212006 -0.00165187 0.0110893 -0.00823548 -0.00392995 -0.000948563 -0.0104969 -0.00695987 -0.00473742 -0.0270762 -0.00731215 -0.00917626 -0.0166963 -0.0138322 -0.00923917 -0.00739052 -0.0186685 -0.00082061 -0.0103615 -0.0122247 0.00120655 -0.00910911 -0.0249624 -0.00520296 -0.000423804 -0.00279773 -0.002623 0.00932552 -0.0177604 -0.00189817 -0.010362 -0.00756071 -0.0146675 0.00495056 -0.00635256 -0.00177671 -0.00284665 -0.00123876 -0.00480063 -0.0140257 -0.0209681 -0.00367066 0.00951845 -0.0443999 -0.0353707 0.00412803 -0.000885718
internal_weight=519449 517608 396532 318341 78191 92469 1841 1680 1328 1135 946 675 525 121076 407 295 225872 75024 12739 1435 818 70463 44392 52397 17957 7464 3503 2646 96059 13546 62285 150848 26071 16252 7728 271 10493 127000 8859 4518 1149 118141 10331 10021 1680 780 516 408 900 3369 1325 442 12691 10252 240 10012 402 24449 2479 617 11304 9131 338 8793 7313 5613 61880 41973 19907 21970 7037 683 14933 9686 34440 22966 9127 4369 13839 4758 3350 1408 13611 4688 3932 8923 2047 1897 1273 6384 8341 1599 770 10154 6742 764 19943 3667 3281 82513 1700 335 1365 12685 38306 37865 1115 441 101430 3154 2134 1004 2439 4094 99918 45399 24906 20493 2235 1422 18258 823 615 441 703 54519
internal_count=519449 517608 396532 318341 78191 92469 1841 1680 1328 1135 946 675 525 121076 407 295 225872 75024 12739 1435 818 70463 44392 52397 17957 7464 3503 2646 96059 13546 62285 150848 26071 16252 7728 271 10493 127000 8859 4518 1149 118141 10331 10021 1680 780 516 408 900 3369 1325 442 12691 10252 240 10012 402 24449 2479 617 11304 9131 338 8793 7313 5613 61880 41973 19907 21970 7037 683 14933 9686 34440 22966 9127 4369 13839 4758 3350 1408 13611 4688 3932 8923 2047 1897 1273 6384 8341 1599 770 10154 6742 764 19943 3667 3281 82513 1700 335 1365 12685 38306 37865 1115 441 101430 3154 2134 1004 2439 4094 99918 45399 24906 20493 2235 1422 18258 823 615 441 703 54519
cat_boundaries=0 1 2 3 4 5 6 7 8 9 10 11 12 13 14 15
cat_threshold=2 1 6 4 2 4 1 1 2 4 1 4 2 4 5
is_linear=0
shrinkage=0.03


Tree=55
num_leaves=127
num_cat=7
split_feature=0 33 30 11 13 28 27 26 44 20 23 32 0 26 13 0 26 26 2 3 27 30 23 0 30 2 45 28 26 0 3 12 0 20 20 36 22 27 0 26 0 22 32 22 30 0 44 27 0 0 0 20 44 0 27 44 39 44 27 24 22 22 23 24 44 27 0 24 0 30 22 22 0 32 20 47 23 28 3 0 0 26 0 29 48 32 39 27 22 22 30 0 29 30 26 26 0 20 32 12 0 48 0 11 3 24 27 26 0 27 39 44 44 29 32 27 0 0 20 20 44 23 0 2 0 26
split_gain=1572.16 945.323 512.123 502.007 500.357 325.654 321.61 349.74 304.282 378.38 346.38 258.844 327.247 518.452 223.852 215.251 207.779 189.481 159.235 179.385 158.079 204.762 157.502 243.253 155.539 151.202 189.435 140.482 266.295 139.178 178.687 159.885 159.017 155.542 144.837 135.25 131.846 129.62 128.354 126.71 125.342 229.736 251.352 187.225 143.408 128.148 125.206 125.547 125.011 124.962 352.823 124.666 122.408 209.181 119.975 178.978 138.186 127.846 112.967 110.456 109.64 134.598 120.455 109.211 109.108 107.08 146.56 130.176 106.807 254.144 103.634 103.028 531.731 105.886 102.532 124.387 101.889 101.847 101.112 241.283 158.831 158.954 100.454 115.564 99.8723 99.8198 106.713 90.8488 135.557 90.4156 90.3215 230.629 189.049 108.834 114.768 90.9623 105.535 89.7144 86.9881 104.889 86.6827 131.338 239.189 120.368 120.238 93.8964 86.022 156.651 85.9196 85.1479 84.9157 84.7354 83.6936 82.7751 81.539 81.3196 273.616 134.968 113.509 90.0853 78.8951 76.2293 75.8419 93.9989 169.135 87.0229
threshold=13030.000000000002 7.349999427795411 0.16192837059497836 0.35846313834190374 37.500000000000007 0.1174035742878914 0.089248880743980422 0.35431678593158727 0.1094999983906746 92.500000000000014 0.10078860074281694 0.17597246170043948 950.00000000000011 0.25383376330137258 39.500000000000007 27950.000000000004 0.14566303044557574 0.070062026381492629 0 1 0.055219287052750594 0.085353039205074324 0.064333807677030577 325.00000000000006 0.12866307049989703 2 29.045000076293949 0.11498869955539705 0.07760068774223329 325.00000000000006 3 0.93158200383186351 45.000000000000007 70.500000000000014 76.500000000000014 3.2500000000000004 -0.06435342505574225 0.084925193339586272 27950.000000000004 1.0000000180025095e-35 225.00000000000003 -0.36799480020999903 0.18604856729507449 -0.46683321893215174 0.28044858574867254 71.500000000000014 0.079500000923872008 0.16058247536420825 27950.000000000004 90.000000000000014 155.00000000000003 74.500000000000014 0.052500000223517425 155.00000000000003 0.058047603815793998 0.27850000560283666 8.7999997138977069 0.20850000530481341 0.11368945986032487 1.0151333808898928 0.075262714177370085 -0.38187441229820246 0.10777157172560693 0.95768195390701305 0.10649999976158143 0.059944719076156623 325.00000000000006 0.94226425886154186 90.000000000000014 0.064753670245409026 -2.3023446202278133 -0.10275281593203543 1225.0000000000002 0.22682374715805056 104.50000000000001 20.884999275207523 0.038110742345452316 0.0392222497612238 4 1225.0000000000002 1560.0000000000002 0.091656714677810683 90.000000000000014 0.040852611884474761 1.0000000180025095e-35 0.2216104865074158 17.099999427795414 0.049178216606378562 -0.10472935810685156 0.057254392653703697 0.33917973935604101 715.00000000000011 0.14472704380750659 0.19365485012531283 0.16847313195466998 0.35343860089778906 425.00000000000006 31.500000000000004 0.24194665253162387 0.054805127903819091 475.00000000000006 0.65000000596046459 225.00000000000003 -0.31799228489398951 5 1.017574727535248 0.08212983608245851 0.23505314439535144 1280.0000000000002 0.16352472454309466 6.4000010490417489 0.1094999983906746 0.086500000208616271 0.048529487103223808 0.27253690361976629 0.08212983608245851 715.00000000000011 615.00000000000011 35.500000000000007 34.500000000000007 0.10150000080466272 0.097788050770759596 325.00000000000006 6 715.00000000000011 0.058766001835465438
decision_type=2 2 10 2 2 8 2 10 2 2 10 10 2 10 2 2 10 10 9 1 2 8 10 2 8 9 2 10 10 2 1 2 2 2 2 2 8 2 2 10 2 10 10 10 10 2 2 2 2 2 2 2 2 2 2 2 2 2 2 2 10 10 10 2 2 2 2 2 2 10 10 10 2 10 2 2 10 10 1 2 2 10 2 10 2 10 2 2 10 10 10 2 10 10 10 10 2 2 8 2 2 2 2 2 1 2 2 10 2 2 2 2 2 10 10 2 2 2 2 2 2 10 2 9 2 10
left_child=1 2 3 4 25 39 16 11 9 48 14 -8 13 -13 17 -11 49 35 19 24 21 -20 23 40 -7 27 -27 84 -29 32 31 34 -6 -33 115 -10 -26 74 -19 82 41 42 70 -44 45 -43 47 58 -2 -4 -51 -16 53 -23 55 56 -32 -58 -22 -36 61 62 68 -21 -28 66 111 -67 69 -41 -18 -14 -73 -74 -34 120 -62 -70 108 87 81 -81 -5 -84 110 86 -38 -80 -89 -86 93 92 95 94 -24 96 -92 -65 -54 -100 101 -69 -103 -102 -104 -105 -95 -108 -63 112 -1 -3 -56 -78 -48 118 117 -117 -31 -119 -76 -30 -115 -124 125 -125
right_child=8 65 6 5 29 18 7 -9 10 15 -12 12 71 -15 51 -17 22 38 20 63 46 52 90 -25 36 26 64 28 121 30 54 33 37 -35 59 -37 85 -39 -40 60 -42 44 43 -45 -46 -47 114 -49 -50 50 -52 -53 98 -55 109 -57 57 -59 -60 -61 76 78 -64 97 -66 67 -68 100 77 -71 -72 72 73 -75 75 -77 113 -79 79 80 -82 -83 83 -85 89 -87 -88 88 -90 -91 91 -93 -94 106 -96 -97 -98 -99 99 -101 103 102 104 105 -106 -107 107 -109 -110 -111 -112 -113 -114 122 -116 116 -118 119 -120 -121 -122 -123 123 124 -126 -127
leaf_value=0.010886513152942567 -0.051308749102312944 -0.0016867131859076962 0.04269277274608612 -0.01075720989919178 0.014950705258058009 -0.0057267710260397731 0.013470184369204828 -0.050237549471102004 -0.0016924732448250508 -0.05374959385283639 -0.072176650903474915 -0.080142619468398013 0.0019946195053515935 -0.011887582344148934 -0.017447237332971179 0.00087692535650658323 0.021874111176608767 -0.048275192452513646 -0.035763099703651206 0.013873372213660048 -0.0091645054340591375 -0.0024240932977660349 0.0047373511248748638 -0.027049975670164539 0.029955019993441443 -0.00014244164047794982 -0.0080204590108288697 -0.0080982609774399618 0.015604547404661035 0.012218455988121669 -0.033026720595643211 0.0036102340249049175 -0.0038298233156775765 -0.0016769198003562693 -0.0025000168605975176 0.038244252740451602 -0.0012194612966833489 -0.0084536429844636798 -0.0062801352755299635 0.049307050809860233 0.010713478311287425 0.032548486105947488 -0.012732019057059082 -0.046243391322544819 0.03483690818299108 0.0011809469020395138 -0.0038422269860194278 -0.0016915340190995077 -0.089885371029376979 -0.024753872227210264 0.019518908092318727 -0.048622672964464604 0.009810306304134429 -0.05095175654552906 -0.0079754472620368264 0.0039908409623710369 -0.026779541646916736 0.0018871974591819734 -0.029610999146243558 0.0012626053389310575 -0.016588420402416138 -0.0028411627911307624 0.0075427087881196116 0.017229965370945417 -0.0015744471972269653 -0.0084449822789856178 0.0070669858373849509 0.00069766975485116654 -0.012525384036184915 0.00059075667367259395 -0.0045811848894374051 -0.033008660838640458 0.0040889432100359932 -0.005536739692212125 -0.015740126905390832 0.0047831618523546211 0.019819476117107382 -0.00088960181216561499 0.0051390323008087815 -0.023215853557123668 0.00073619771699421103 -0.066844867277546086 0.027968507589226088 0.0046479449300495038 0.00071493475448444527 0.01047552853976352 0.013851609237887577 -0.010004582296976688 0.00098284535867754707 0.0081752544298327109 -0.0062564658274887981 0.0072241994953480115 -0.037027882180955943 0.0089149108041809439 -0.0033305890944165125 0.0065765335758790752 -0.036526836176485486 -0.011108028676470054 -0.0079728078109691826 -0.034491691153333351 0.0041955675699960164 -0.0026398260467635818 -0.051718112650205907 0.002026112371076937 -0.011224449316382799 -0.0033685906872309144 -0.028883359250396416 0.0042179547820023989 0.019580595304798935 -0.011058698792496022 0.0029753372522748063 0.0042842374194891741 0.0022803043868346784 -0.003011657255575752 -0.011683556003949675 -0.040679933078532668 -0.0035387900732927499 -0.032743300284667577 -0.0027274753442469413 -0.009792608704913084 -0.0018192187930778875 0.0012699743376948906 0.0092866834114476351 -0.001755104767330988 0.0066933070058632542 -0.025069001256914462
leaf_weight=1363 173 3852 133 342 421 5559 870 137 312 106 106 117 3514 666 256 165 145 114 259 178 7155 159 5350 314 132 32968 4969 4153 362 484 286 7320 43926 15848 33532 100 12214 4459 153 124 841 123 450 225 133 2145 33431 2195 143 194 959 212 241 160 745 750 211 412 251 8881 254 20343 1746 103 4507 1121 9195 4955 745 421 1528 532 1879 2270 380 2821 245 7324 651 209 124 118 207 2385 57856 762 437 3449 1429 1499 636 1532 195 6864 2255 392 123 3149 6908 136 17737 812 160 10233 113 4053 135 2389 154 469 11675 4808 17913 1777 1237 136 18061 158 8019 5034 9581 4166 1806 282 1006 294
leaf_count=1363 173 3852 133 342 421 5559 870 137 312 106 106 117 3514 666 256 165 145 114 259 178 7155 159 5350 314 132 32968 4969 4153 362 484 286 7320 43926 15848 33532 100 12214 4459 153 124 841 123 450 225 133 2145 33431 2195 143 194 959 212 241 160 745 750 211 412 251 8881 254 20343 1746 103 4507 1121 9195 4955 745 421 1528 532 1879 2270 380 2821 245 7324 651 209 124 118 207 2385 57856 762 437 3449 1429 1499 636 1532 195 6864 2255 392 123 3149 6908 136 17737 812 160 10233 113 4053 135 2389 154 469 11675 4808 17913 1777 1237 136 18061 158 8019 5034 9581 4166 1806 282 1006 294
internal_value=-0.00123761 -0.00113916 -0.0015904 -0.0018863 -0.00123638 -0.00352793 0.00179198 -0.00280947 -0.0289116 -0.0467293 -0.0205338 -0.00214464 -0.0036591 -0.0221758 -0.0157025 -0.020609 0.00348987 -0.00468509 -0.00474651 -0.00263507 -0.00565752 -0.00957844 0.00290234 -0.00139978 -0.00150184 0.000233785 -0.00121671 0.000993184 -0.00261273 -0.00224607 -0.00164379 -0.00218229 -0.00340251 -6.34376e-06 -0.00286073 0.00807004 0.000232403 -0.00352908 -0.0243238 -0.00152529 4.56198e-05 -0.00184541 -0.00851603 -0.0239544 0.0046788 0.00289569 -0.00496217 -0.00799394 -0.0689944 0.0152541 0.0120547 -0.031643 -0.00868198 -0.0268471 0.00088145 -0.00685506 -0.0157984 -0.00784912 -0.00986137 -0.00171214 -0.00194157 -0.00253905 0.000359958 -0.00895221 -0.00495508 0.00250389 0.00442944 0.00162639 -0.00109664 0.0117448 -0.00227659 -0.00188741 -0.00480144 -0.00117752 -0.00314171 -0.000776865 0.00194401 -0.00196534 -0.00367336 -0.00710542 -0.0281811 -0.0391155 0.00450348 0.00652042 0.00142575 -6.23145e-05 -0.000697812 -0.0053815 -0.0067863 0.000903478 0.00418058 -0.000733896 -0.00979034 0.00501291 0.00234496 -0.00514767 -0.0112035 -0.0102055 -0.00788298 -0.00848964 0.00192321 -0.00137307 -0.0108217 0.00254496 -0.0350591 0.000495483 0.00717368 0.00243674 -0.00267175 0.00155281 0.00380315 0.00162845 0.00187039 0.00281702 -0.00412234 -0.00438815 -0.00530153 -0.0112751 -0.0018754 -0.0104972 -0.00235181 0.00241917 0.00200683 0.00463913 -0.000723095 -0.0136777
internal_weight=519391 517551 460512 423466 303365 120101 37046 9985 1840 587 1253 9848 8978 783 1147 271 27061 679 74666 22534 52132 7863 25775 5904 19104 123518 42444 81074 8681 179847 118259 97473 61588 23168 74305 412 13545 61167 267 45435 5590 4749 2348 675 2401 2268 44269 9601 316 1286 1153 468 7604 319 20786 1659 909 623 7406 42413 42501 36837 10360 3430 9476 57039 17855 39184 8614 545 1673 8195 4681 4149 56708 12782 5664 8069 26477 5980 451 327 2934 2592 72393 13413 12651 5529 4878 59355 19871 2878 1346 16993 7605 1151 759 3252 7285 7044 38063 6040 1085 32023 273 14286 9388 2524 20497 19127 13038 8660 18658 5410 34668 31892 23389 5328 8503 5192 9961 4528 5165 3388 1582 576
internal_count=519391 517551 460512 423466 303365 120101 37046 9985 1840 587 1253 9848 8978 783 1147 271 27061 679 74666 22534 52132 7863 25775 5904 19104 123518 42444 81074 8681 179847 118259 97473 61588 23168 74305 412 13545 61167 267 45435 5590 4749 2348 675 2401 2268 44269 9601 316 1286 1153 468 7604 319 20786 1659 909 623 7406 42413 42501 36837 10360 3430 9476 57039 17855 39184 8614 545 1673 8195 4681 4149 56708 12782 5664 8069 26477 5980 451 327 2934 2592 72393 13413 12651 5529 4878 59355 19871 2878 1346 16993 7605 1151 759 3252 7285 7044 38063 6040 1085 32023 273 14286 9388 2524 20497 19127 13038 8660 18658 5410 34668 31892 23389 5328 8503 5192 9961 4528 5165 3388 1582 576
cat_boundaries=0 1 2 3 4 5 6 7
cat_threshold=2 2 6 2 2 2 10
is_linear=0
shrinkage=0.03


Tree=56
num_leaves=127
num_cat=35
split_feature=0 5 5 5 40 27 37 45 5 0 4 25 13 0 5 0 27 5 5 0 5 0 27 5 27 29 5 25 25 0 5 25 0 0 5 5 27 0 5 5 25 27 25 25 25 4 25 13 0 0 5 5 0 5 46 12 36 25 27 0 25 0 5 5 27 25 29 29 5 0 0 0 5 5 25 12 25 20 45 30 25 30 0 0 5 27 27 25 25 0 27 3 0 25 47 20 27 5 0 25 25 29 0 5 29 25 27 24 12 27 31 31 0 13 5 25 5 0 2 5 0 27 13 5 0 5
split_gain=1715.38 1332.56 953.337 712.325 541.904 486.365 442.039 425.987 535.638 546.063 442.956 1343.63 558.344 649.561 425.057 380.271 504.62 812.695 701.79 705.424 805.166 660.873 499.324 487.91 469.339 729.56 420.592 500.861 377.291 334.735 330.216 328.203 316.951 1494.32 939.514 564.004 490.403 544.537 1575.38 623.604 397.103 380.831 1261.99 677.166 590.655 485.41 400.015 353.952 338.343 321.035 289.113 280.275 510.475 1113.22 277.91 331.84 274.023 347.568 265.068 397.42 345.137 282.233 297.841 267.111 260.011 305.481 435.217 257.166 256.612 255.48 1109.44 253.802 994.429 334.724 288.717 253.653 253.589 249.725 248.157 245.975 368.329 244.642 240.477 239.607 234.274 460.953 223.712 454.398 221.421 968.185 221.222 368.603 354.337 331.478 548.461 351.036 323.243 278.433 275.388 215.639 215.404 212.688 208.649 1168.37 242.265 208.057 206.844 202.19 200.938 323.448 200.759 237.005 198.834 220.3 197.876 196.582 193.554 191.83 189.691 272.897 188.613 254.486 230.31 187.494 211.875 186.705
threshold=13030.000000000002 0 1 2 37.95000076293946 0.14952706545591357 10.050000190734865 21.48499965667725 3 325.00000000000006 4 15.500000000000002 27.500000000000004 950.00000000000011 5 325.00000000000006 0.064750330522656455 6 7 615.00000000000011 8 950.00000000000011 0.058047603815793998 9 0.058846931904554374 0.1178257428109646 10 117.50000000000001 99.000000000000014 1940.0000000000002 11 19.500000000000004 950.00000000000011 850.00000000000011 12 13 0.05270845256745816 325.00000000000006 14 15 59.500000000000007 0.064750330522656455 40.500000000000007 60.500000000000007 38.500000000000007 16 49.000000000000007 39.500000000000007 61.500000000000007 90.000000000000014 17 18 180.00000000000003 19 3.0285714864730839 -0.21862536668777463 2.9499998092651372 37.500000000000007 0.064750330522656455 90.000000000000014 77.500000000000014 110.00000000000001 20 21 0.08212983608245851 67.500000000000014 0.11490825563669206 0.062489351257681854 22 950.00000000000011 715.00000000000011 110.00000000000001 23 24 77.500000000000014 0.6174544394016267 87.500000000000014 41.500000000000007 17.144999504089359 0.075847711414098754 66.500000000000014 0.058018375188112266 225.00000000000003 90.000000000000014 25 0.098019190132617964 0.08212983608245851 78.500000000000014 17.500000000000004 325.00000000000006 0.086274277418851866 26 950.00000000000011 57.500000000000007 49.489999771118171 67.500000000000014 0.059393314644694335 27 615.00000000000011 77.500000000000014 86.500000000000014 0.15188796073198321 1280.0000000000002 28 0.13093881309032443 3.5000000000000004 0.092709075659513487 0.9599609673023225 0.48126256465911871 0.084925193339586272 0.053237415850162513 0.048095963895320899 950.00000000000011 28.500000000000004 29 52.500000000000007 30 61.500000000000007 31 32 1560.0000000000002 0.14242830872535708 23.500000000000004 33 225.00000000000003 34
decision_type=2 9 9 9 2 2 2 2 9 2 9 2 2 2 9 2 2 9 9 2 9 2 2 9 2 8 9 2 2 2 9 2 2 2 9 9 2 2 9 9 2 2 2 2 2 9 2 2 2 2 9 9 2 9 2 2 2 2 2 2 2 2 9 9 2 2 8 8 9 2 2 2 9 9 2 2 2 2 2 10 2 8 2 2 9 2 2 2 2 2 2 1 2 2 2 2 2 9 2 2 2 10 2 9 8 2 2 2 2 2 10 10 2 2 9 2 9 2 9 9 2 2 2 9 2 9
left_child=1 14 56 7 6 -4 102 32 -9 -10 11 -11 -13 -14 105 23 17 22 19 20 -18 116 26 71 25 -25 -17 31 58 54 -19 -28 33 35 -34 49 88 39 41 110 115 -39 44 46 45 75 106 -35 81 -3 -24 52 53 78 55 -16 -2 -58 61 -60 63 62 -26 -61 77 -66 76 -50 -33 70 84 72 74 -73 -8 -43 -67 -36 -27 80 -40 -42 -30 -55 85 -57 -51 -88 89 -37 91 92 98 112 -95 -96 97 -93 -12 -82 -63 -68 125 104 -104 -1 -44 -20 109 -69 111 -38 113 -92 -23 -41 -21 -107 119 -86 121 -116 -123 124 -6 -5
right_child=2 3 5 4 123 -7 15 8 9 10 90 12 13 -15 29 16 18 30 107 21 -22 114 50 24 28 51 27 -29 82 -31 -32 68 34 47 64 36 37 38 79 40 48 42 43 -45 -46 -47 -48 -49 67 86 -52 -53 -54 83 -56 69 57 -59 59 60 -62 100 -64 -65 65 66 101 108 -70 -71 -72 73 -74 -75 -76 -77 -78 -79 -80 -81 99 -83 -84 -85 118 -87 87 -89 -90 -91 93 96 -94 94 95 -97 -98 -99 -100 -101 -102 -103 103 -105 -106 117 -108 -109 -110 -111 -112 -113 -114 -115 120 -117 -118 -119 -120 -121 -122 122 -124 -125 -126 -127
leaf_value=0.032460707381833341 -0.07101577849287119 -0.016062521673562681 -0.030778155282582386 0.0035370941067566571 -0.009334800886401047 0.008986008319346343 -0.025132479861816936 0.0031373047551510268 0.0064903345460892862 -0.11021876737771445 -0.020210597943333745 0.038779247072851582 -0.061278167164703294 0.020156234943745088 -0.005552392841392184 0.0010598898984417603 -0.048727567616794532 0.019329399988581023 -0.0079625280571988498 0.017636624440716422 -0.0037163001675366699 0.0060628612484385537 0.0086074449961120406 -6.7204228108433146e-05 -0.049302878037139952 -0.042552107387984338 -0.053321005500962623 0.014750683502185389 -0.0047177776790374801 -0.030327608060268053 0.0050126805571279014 -0.0078671775709785018 0.014783582779618503 -0.11769995835355737 -0.060798165320168039 0.0032000260627687519 0.00051378403802785581 -0.020682957463529831 1.0807711396088408e-06 -0.0074473116515105381 0.043167552565215921 -0.057333346518186425 0.017486595220811595 -0.045966242935744146 -0.12710926289181057 -0.10498810524671849 0.025665211757312394 -0.048181232393957496 -0.010473862608681122 0.012004387938573608 -0.0018187330299391587 -0.019458984733479658 -0.0030684681279350549 0.029131989913122332 0.0032926793632564876 -0.0057237979799106813 -0.071651458740234375 0.0018468393289412443 0.024022525824391495 -0.0040092920305648443 0.011494713244715078 0.0059557366476452617 -0.0054516420062887799 -0.018567212651790978 -0.010192681348385992 -0.038784117206525991 0.0046977783201278059 -0.0079937615027151597 -0.020773420193909244 0.0030554848919061438 -0.075233091929879134 0.0052207921609512768 -0.0040294181181767834 -0.0024768690882292586 -0.07796712223952415 -0.0064702676865789621 0.0005561445131048666 -0.01287391457334534 -0.096707191329976017 0.010413774142735388 -0.02838042997430567 -0.0042824667141121318 -0.043665284353454611 -0.014976717999444316 -0.0014250052893931967 -0.057935927779879423 0.0069224593006262667 -0.033122223202347541 -0.0028374896144273036 -0.083066567057913002 -0.028705520750972425 0.017929195805941479 0.0087766889627201583 -0.009964329367180582 -0.067019221046916586 -0.01783062776072894 0.010650777883123779 -0.014328674131353072 -0.09035137900769119 -0.0097605780636213883 -0.015462840163002211 -0.017831435346342642 -0.04384636217998019 0.0097208944529591033 -0.10417445754245766 -0.0034381160779297102 -0.029822022101449078 -0.0030331709876592764 -0.028354657754414744 -0.060112931646657083 0.016600638371424621 -0.041296293263006954 -0.0029139154442745238 -0.0053610803284111315 -0.00078347050657075537 0.0055823853371582081 0.0069027632813294295 0.0062042062343478522 -0.0017591256547703682 0.0087855624245089473 0.015136935914763144 -0.046381370879141716 -0.01013351232557699 0.0058602004100452047 0.0018902477736439949 -0.00022105037779252877
leaf_weight=255 477 633 605 17148 1676 509 169 13757 3014 150 102 156 220 146 8965 3653 458 1592 8125 3176 1534 3942 3920 4115 155 131 186 590 253 308 15641 3604 2587 109 103 403 5121 2438 2827 4641 108 259 106 576 138 141 279 171 2503 2647 6116 5739 3407 121 30338 3123 104 129 350 2136 650 5618 926 2457 3665 374 5484 1083 2294 22975 180 7087 7808 17908 210 134 243 1687 190 791 819 950 327 1218 4758 159 1038 337 18503 164 641 292 126 1340 304 230 1934 1193 100 1770 456 404 144 571 105 2061 376 95604 2267 118 701 124 4839 841 6777 1343 2970 18701 15632 4655 539 181 1193 10653 15510 38802
leaf_count=255 477 633 605 17148 1676 509 169 13757 3014 150 102 156 220 146 8965 3653 458 1592 8125 3176 1534 3942 3920 4115 155 131 186 590 253 308 15641 3604 2587 109 103 403 5121 2438 2827 4641 108 259 106 576 138 141 279 171 2503 2647 6116 5739 3407 121 30338 3123 104 129 350 2136 650 5618 926 2457 3665 374 5484 1083 2294 22975 180 7087 7808 17908 210 134 243 1687 190 791 819 950 327 1218 4758 159 1038 337 18503 164 641 292 126 1340 304 230 1934 1193 100 1770 456 404 144 571 105 2061 376 95604 2267 118 701 124 4839 841 6777 1343 2970 18701 15632 4655 539 181 1193 10653 15510 38802
internal_value=-0.00126608 -0.00116374 -0.0303 -0.00196376 -0.00125635 -0.0125055 -0.00165288 -0.00419791 -0.00117886 -0.00497708 -0.00772135 -0.031403 -0.00858732 -0.028827 0.00173124 -0.00225327 -0.0014915 0.00155447 -0.00241133 0.0026216 -0.0143477 0.00442379 -0.00250319 -0.00426325 -0.00716011 -0.0108172 -0.00713522 -0.0116045 -0.00307083 0.000843618 0.00634676 -0.0141814 -0.00549995 -0.00656548 -0.00157242 -0.00620184 -0.00715491 -0.0095726 -0.0149993 -0.00652244 -0.0101957 -0.0286026 -0.0383407 -0.021456 -0.0718524 -0.0573616 -0.00286821 -0.0755664 -0.0150385 0.0037722 0.00226088 -0.0149104 -0.00969827 -0.0233537 0.000949796 -0.000226119 -0.0571829 -0.0311253 -0.00199314 -0.00688539 -0.00895286 0.00183151 -0.0122851 -0.0118485 -0.00511931 -0.00326705 0.000635911 -0.0178087 -0.0129382 0.00070148 -0.00119575 -0.00179422 -0.0063788 -0.00029308 -0.0531374 -0.0400512 -0.0233145 -0.015664 -0.0725541 -0.00519575 -0.00748659 0.000597391 -0.0267135 -0.0108908 -0.000722653 -0.00824503 0.00690647 -0.00290907 -0.00340402 -0.0218542 -0.00638623 -0.000347509 -0.0306764 -0.00914693 -0.020225 -0.0459061 0.0025702 -0.00795369 -0.0552078 -0.0156594 0.00434548 0.00314919 0.000711115 -0.0143029 -0.0669239 0.00557598 -0.0194034 -0.00341903 -0.023098 -0.0131603 0.00153151 -0.000482355 -0.00585991 -0.0154707 0.000497843 -0.00452259 0.0124915 0.00524691 0.000266586 0.00362878 -0.00203163 -0.00317115 -0.0149388 0.00273557 0.000794625 0.000931411
internal_weight=519619 517795 1824 405685 308135 1114 280296 97550 29385 15628 12614 672 522 366 112110 223526 162095 37596 124499 20770 1992 18778 20363 61431 28249 14921 10327 6674 13328 91093 17233 6084 68165 53618 14547 53338 48683 29613 10654 18959 13013 4447 2009 1337 672 534 761 280 7029 4655 10036 10806 5067 1660 90785 60447 710 233 12748 5593 5243 7155 1081 4593 11960 10170 6505 5971 5898 51482 28507 33182 8187 24995 379 393 617 1790 321 6207 5416 1058 580 1339 28327 3282 4022 1375 19070 567 11942 3747 328 8195 1874 534 3419 1485 202 2589 6074 5888 56770 820 249 21017 482 103729 3468 1201 5946 5245 6321 1482 12632 5984 6146 20762 25045 9413 8690 8151 1374 27839 17186 55950
internal_count=519619 517795 1824 405685 308135 1114 280296 97550 29385 15628 12614 672 522 366 112110 223526 162095 37596 124499 20770 1992 18778 20363 61431 28249 14921 10327 6674 13328 91093 17233 6084 68165 53618 14547 53338 48683 29613 10654 18959 13013 4447 2009 1337 672 534 761 280 7029 4655 10036 10806 5067 1660 90785 60447 710 233 12748 5593 5243 7155 1081 4593 11960 10170 6505 5971 5898 51482 28507 33182 8187 24995 379 393 617 1790 321 6207 5416 1058 580 1339 28327 3282 4022 1375 19070 567 11942 3747 328 8195 1874 534 3419 1485 202 2589 6074 5888 56770 820 249 21017 482 103729 3468 1201 5946 5245 6321 1482 12632 5984 6146 20762 25045 9413 8690 8151 1374 27839 17186 55950
cat_boundaries=0 2 4 6 8 9 11 13 15 17 19 21 23 25 27 28 29 30 32 34 36 38 39 41 43 45 46 47 48 49 51 53 54 56 58 60
cat_threshold=419704918 42 269484034 8192 2671657 2112 2098216 2048 1 84 2 1140918784 21376 4262400 4481 2048 128 1140852864 18304 67174400 16384 2147483648 4 2621472 64 32768 64 2622464 2621441 1 1073742336 4608 12714496 4096 131072 4096 131072 16 37814784 1073743872 4608 2048 512 1140850816 512 16777216 2 32768 536872960 66048 1 2560 128 2 4096 8 2697003648 901 616630272 4224
is_linear=0
shrinkage=0.03


Tree=57
num_leaves=127
num_cat=35
split_feature=0 5 5 0 0 5 47 0 5 0 5 5 30 0 40 5 2 2 25 0 0 0 0 5 0 5 5 5 0 29 4 5 0 0 4 33 12 11 29 11 5 40 29 31 5 32 0 5 5 29 25 0 25 25 0 0 5 5 0 0 5 25 30 4 11 0 39 12 0 0 0 5 29 5 0 29 4 5 25 26 25 25 25 25 11 0 0 3 0 0 31 29 29 0 5 21 29 0 12 4 5 32 12 22 25 11 2 25 44 0 4 11 0 31 22 25 21 48 0 0 25 25 25 0 5 0
split_gain=1359.99 1333.68 1102.04 905.241 617.016 603.228 600.841 587.589 540.42 469.061 557.618 457.584 428.251 417.808 1060.36 454.819 697.866 397.169 367.001 384.361 1131.65 367.752 490.923 402.646 352.71 357.382 342.194 341.313 464.997 761.617 488.13 314.409 444.085 305.311 908.33 298.707 290.626 479.501 287.281 268.28 509.239 395.555 313.47 319.16 258.389 255.113 252.418 310.661 289.916 252.406 235.93 234.362 610.994 490.266 1032.62 684.887 341.86 315.818 372.139 337.396 1344.5 521.936 321.199 310.749 322.116 231.79 223.511 221.636 221.467 218.472 218.351 217.87 211.772 282.349 462.13 548.666 286.479 206.179 205.593 204.147 203.075 201.253 1375.3 264.887 207.887 249.818 198.362 709.537 529.643 320.792 237.738 197.072 313.148 240.465 244.448 192.528 212.547 189.651 187.692 218.139 187.141 184.853 184.295 183.565 177.081 176.68 363.824 168.116 166.578 161.155 639.467 170.011 161.058 227.749 271.246 168.426 160.316 227.766 217.984 170.321 159.543 242.5 472.398 164.34 157.311 227.7
threshold=1715.0000000000002 0 1 2375.0000000000005 1560.0000000000002 2 42.954999923706062 13030.000000000002 3 325.00000000000006 4 5 0.19365485012531283 1255.0000000000002 15.750000000000002 6 7 8 97.500000000000014 61.500000000000007 45.000000000000007 155.00000000000003 90.000000000000014 9 17950.000000000004 10 11 12 950.00000000000011 0.060821082442998893 13 14 325.00000000000006 325.00000000000006 15 7.849999427795411 0.17435361444950107 -0.13398594409227368 0.064788181334733977 -0.33425341546535486 16 23.550000190734867 0.092688262462615981 0.058152329176664359 17 0.22560109943151477 325.00000000000006 18 19 0.069317996501922621 85.500000000000014 1225.0000000000002 59.500000000000007 113.00000000000001 850.00000000000011 950.00000000000011 20 21 850.00000000000011 615.00000000000011 22 103.50000000000001 0.12221781164407731 23 0.79383251070976268 61.500000000000007 14.599998950958254 0.48126256465911871 90.000000000000014 715.00000000000011 90.000000000000014 24 0.1178257428109646 25 1225.0000000000002 0.11490825563669206 26 27 69.500000000000014 0.14629344642162326 3.5000000000000004 38.500000000000007 49.000000000000007 32.500000000000007 0.1510155871510506 155.00000000000003 1410.0000000000002 28 1280.0000000000002 1560.0000000000002 0.063124977052211775 0.09549861773848535 0.041942948475480087 135.00000000000003 29 0.12031875923275949 0.060821082442998893 61.500000000000007 0.69521084427833568 30 31 0.16314425319433215 -0.15101602673530576 -0.64485630393028248 123.00000000000001 0.24372619390487674 32 71.500000000000014 0.093499999493360533 155.00000000000003 33 -0.25205527991056437 180.00000000000003 0.05318147316575051 0.048048257827758796 96.500000000000014 0.048563200980424888 0.7500000298023225 90.000000000000014 325.00000000000006 61.500000000000007 29.500000000000004 39.500000000000007 1225.0000000000002 34 155.00000000000003
decision_type=2 9 9 2 2 9 2 2 9 2 9 9 10 2 2 9 9 9 2 2 2 2 2 9 2 9 9 9 2 10 9 9 2 2 9 2 2 2 10 2 9 2 10 10 9 8 2 9 9 8 2 2 2 2 2 2 9 9 2 2 9 2 10 9 2 2 2 2 2 2 2 9 10 9 2 8 9 9 2 10 2 2 2 2 2 2 2 1 2 2 8 8 10 2 9 10 10 2 2 9 9 10 2 10 2 2 9 2 2 2 9 2 2 10 8 2 10 2 2 2 2 2 2 2 9 2
left_child=1 5 3 -2 6 80 12 -5 17 10 36 49 13 15 45 51 31 26 21 20 -20 22 65 -24 25 -4 -8 28 29 70 -30 32 67 -28 -35 86 37 -7 -14 40 -26 -42 -41 -44 -25 -15 47 -10 -48 -11 66 53 63 55 -55 57 -57 58 -3 61 -61 91 69 64 -53 -12 101 -17 -49 -62 -18 -6 73 74 -33 -76 -77 -29 -39 98 -1 83 -83 -72 -84 -86 88 89 90 -88 -13 92 -59 94 -94 -95 -97 -82 99 -21 -92 -23 -32 105 -54 -51 -107 -80 -90 110 -19 -111 -38 115 -115 -114 117 -99 -119 -118 121 -108 -123 -122 125 -93
right_child=2 4 24 7 71 9 8 -9 46 11 18 35 38 14 -16 16 27 109 19 79 -22 50 23 44 39 -27 33 77 30 -31 102 72 -34 34 -36 -37 112 78 -40 42 41 -43 43 -45 -46 -47 48 68 -50 103 -52 52 104 54 -56 56 -58 59 -60 60 62 -63 -64 -65 -66 -67 -68 -69 -70 -71 81 -73 -74 -75 75 76 -78 -79 107 -81 97 82 84 -85 85 -87 87 -89 108 -91 100 124 93 95 -96 96 -98 116 -100 -101 -102 -103 -104 -105 -106 106 120 -109 -110 111 -112 -113 113 114 -116 -117 119 118 -120 -121 123 122 -124 -125 -126 -127
leaf_value=0.031766678831358065 -0.12559928840301077 0.01361871261599521 -0.020755009573180296 -0.0060269992029448969 0.024668616203028824 -0.004176784258085803 0.012237724469368785 -0.06125804448188258 0.0047004050238458831 -0.016161834612406743 0.0058817821239408215 0.0033107532426427701 -0.02575507168362658 -0.040597578855447992 0.034693746045948222 -0.040885215163856861 0.02654360292838254 -0.07301438241271499 0.0088794871848601273 -0.0064373658747413735 -0.10098785856791904 0.00052670693546893153 0.022907152844089451 -0.040637001239474696 -0.089836175876724378 0.0069093226735424014 0.010431538512951585 0.011284701947950976 0.025538774059249317 -0.060855685842835246 -0.034951877555659198 0.0073668383862130378 -0.053345411719591444 -0.064687139903152335 -0.0028128394006591462 0.0046665735322706297 -0.0057915922008080741 -0.013963517566552813 0.0053524670343469876 0.0072499390906555867 -0.038501428888748156 0.029986967799418111 -0.0028133159064454953 -0.07307678484602978 -0.0060390311497190612 -0.10138655569553374 0.026734848067231243 -0.03207121177332669 0.0023943273879093998 0.0067125798424274548 0.017188954221579952 -0.024231295065760404 -0.0042285093256123809 0.018375741731765823 -0.025879604494663443 -0.0013829218241900808 0.0068475653547958506 -0.011906799592931802 -0.044699601343699859 0.0086966066073841143 -0.020820487949870781 0.020907405239394113 -0.00293613393400763 0.00056161298372144639 -0.071754319344101272 0.037553938984870909 0.0080925464867231209 0.0053102423010393971 -0.0042603026309339809 0.0093217278302273835 -0.016538102441845268 0.0061456463164178791 -0.0095356537831448578 -0.0033239978937357286 -0.042556461670975779 -0.038716792070508349 -0.00069071288329091666 -0.0070617403156431812 -0.038681081421235573 0.0071037190008703425 -0.0035128018585155337 -0.090322364244209835 0.026193376956714524 0.0076161723238514752 0.012075167914344072 -0.029936008387411089 -0.031818715198658427 -0.087519464128225755 0.0017291736689586084 0.0050131092330525867 0.0011843949704438139 -0.0087430687462951989 0.0080712702145574709 0.012878643347111248 -0.01548526970123097 0.017162789769736782 -0.039599160094113246 0.011327779198185516 -0.0013780630726479351 -0.026306198858559865 -0.0016544145689087169 0.012538550837535547 -0.0028259866353553 0.016054248878271823 0.0098777773258233083 0.0068322841926821186 0.011105820069739805 -0.009096589751046609 0.046260434096176875 -0.0028282697612811054 -0.0070452636261288861 -0.0090446308100189474 -0.0011457410417841814 -0.040492884753452189 0.0054125190612330275 0.010069359391155558 0.016928255039239313 -0.037779521731769336 0.0030389242838659582 0.0040167481239320709 -0.014681083419065551 -0.0811560452019605 -0.016477647165290862 0.01239090763021349 -0.0047825521931267696 0.00086008619264817219
leaf_weight=260 121 1592 622 310 711 6102 2119 393 4256 476 2757 16197 278 128 129 121 108 160 212 5705 139 16446 420 188 125 1241 1013 551 477 359 240 6852 262 238 2005 13642 6684 3160 6320 368 297 101 119 113 9863 124 435 264 36814 13766 1113 1148 16833 636 1861 7254 12138 1084 104 2867 4840 870 1336 404 144 224 5945 399 9403 226 2727 2874 3322 28908 313 183 5766 39849 624 1591 2055 241 134 480 195 364 292 102 102 777 32609 2712 791 2908 775 104 136 3539 8838 544 58165 1239 483 1487 840 2475 168 240 292 8329 742 7549 3386 247 217 1870 2225 118 11228 1568 432 126 513 377 24419 12282
leaf_count=260 121 1592 622 310 711 6102 2119 393 4256 476 2757 16197 278 128 129 121 108 160 212 5705 139 16446 420 188 125 1241 1013 551 477 359 240 6852 262 238 2005 13642 6684 3160 6320 368 297 101 119 113 9863 124 435 264 36814 13766 1113 1148 16833 636 1861 7254 12138 1084 104 2867 4840 870 1336 404 144 224 5945 399 9403 226 2727 2874 3322 28908 313 183 5766 39849 624 1591 2055 241 134 480 195 364 292 102 102 777 32609 2712 791 2908 775 104 136 3539 8838 544 58165 1239 483 1487 840 2475 168 240 292 8329 742 7549 3386 247 217 1870 2225 118 11228 1568 432 126 513 377 24419 12282
internal_value=-0.00115439 -0.00102233 -0.0190098 -0.0495008 -0.00245154 0.000607519 -0.00261524 -0.0369461 -0.00029602 0.000143254 -0.00172978 0.00116889 -0.0034758 -0.00373536 -0.0350791 -0.00367253 -0.00518452 -0.00420893 -0.000106478 -0.00376906 -0.0347925 0.00152649 -0.00246574 -0.0055236 -0.0103814 -0.00240743 0.00288547 -0.00779056 -0.0145958 -0.0189519 0.00201195 -0.00257261 -0.0213036 -0.00322167 -0.00940409 0.000482667 -0.00570594 -0.00947937 0.00403808 -0.0236883 -0.039375 -0.020574 -0.00997192 -0.0372032 -0.00672989 -0.0707921 0.00139868 -0.00204727 0.00268711 0.0053958 0.00369695 -0.00225157 -0.00520879 -0.00152616 -0.0146047 -0.00109874 0.00377168 -0.00275441 0.00995967 -0.00314539 -0.00836815 -0.00209537 -0.015999 -0.0224035 -0.0295794 0.0082735 0.00306076 -0.00549693 -0.00501785 -0.0194742 -0.0153979 0.00991102 -0.00224449 -0.00166841 0.00198209 -0.00390707 -0.00186676 -0.00680852 -0.0175172 -0.0031141 0.00546477 -0.0164979 -0.0287506 -0.0129216 -0.00723891 -0.0152856 -4.3206e-05 -0.0123184 9.07898e-05 -0.00506793 -3.72497e-05 -0.00253847 0.00262525 0.00596876 -0.00363642 0.0107466 -0.0150332 0.00513605 -0.00419202 -0.00817096 -0.000634671 0.00136891 -0.0135237 0.00592987 -0.00355751 0.00508593 -0.00038796 -0.0304832 0.0347656 -0.00648183 -0.018815 -0.00578415 -0.00262958 0.00106569 -0.0190587 0.00284557 0.00608776 0.00468418 0.00261111 0.0115932 -0.0114152 -0.0209152 -0.029338 -0.00206561 -0.00329815 -0.000876742
internal_weight=519084 515274 3810 824 274529 240745 270944 703 73327 219752 77754 141998 197617 191019 381 190638 92334 22155 55224 17029 351 38195 13452 10471 2986 1863 5375 46208 5808 4608 1200 46126 782 3256 2243 122178 22530 10126 6598 1123 523 398 600 232 10051 252 51172 13923 37249 19820 24743 98304 19369 78935 2497 76438 19392 57046 1696 55350 9269 46081 6402 1696 1292 2981 23630 520 9667 5066 4249 3585 45344 42022 13114 6262 5949 40400 4024 16678 20993 4141 934 3207 693 559 108536 1171 107365 1069 106971 45211 5798 4714 1566 3148 240 20733 15087 6249 90774 17685 723 19344 17673 17857 4091 864 394 16780 902 15878 12404 5720 464 5256 18678 14885 11346 3793 1616 807 639 809 39413 14994
internal_count=519084 515274 3810 824 274529 240745 270944 703 73327 219752 77754 141998 197617 191019 381 190638 92334 22155 55224 17029 351 38195 13452 10471 2986 1863 5375 46208 5808 4608 1200 46126 782 3256 2243 122178 22530 10126 6598 1123 523 398 600 232 10051 252 51172 13923 37249 19820 24743 98304 19369 78935 2497 76438 19392 57046 1696 55350 9269 46081 6402 1696 1292 2981 23630 520 9667 5066 4249 3585 45344 42022 13114 6262 5949 40400 4024 16678 20993 4141 934 3207 693 559 108536 1171 107365 1069 106971 45211 5798 4714 1566 3148 240 20733 15087 6249 90774 17685 723 19344 17673 17857 4091 864 394 16780 902 15878 12404 5720 464 5256 18678 14885 11346 3793 1616 807 639 809 39413 14994
cat_boundaries=0 2 4 6 8 9 10 12 13 14 16 18 20 21 22 23 24 25 26 28 29 31 33 35 36 38 40 41 42 43 45 46 48 49 50 52
cat_threshold=2579774166 17578 276824066 8192 84 2 67813384 68 20980226 4203010 1713438728 4869 10 2 0 16384 687865856 2048 163840 4 656384 1 1 1 1048576 2048 1073742881 2048 1056 1073741824 4100 0 4 1073741832 4353 1 524288 4096 1212448 8256 2 1 2 2097160 1 1 151259264 1024 4 2 1711276040 512
is_linear=0
shrinkage=0.03


Tree=58
num_leaves=127
num_cat=37
split_feature=0 5 5 40 21 5 2 5 5 2 0 43 25 5 0 0 23 5 13 8 27 0 0 5 0 5 5 27 0 0 0 5 5 27 0 5 27 27 27 5 25 25 11 0 5 8 0 25 5 2 0 4 0 5 25 25 25 44 27 25 27 5 0 0 0 25 0 25 0 4 29 27 0 25 5 25 25 5 5 27 5 27 44 0 5 8 23 11 0 5 44 5 23 5 25 27 25 28 25 11 5 25 25 5 0 5 5 0 11 21 11 25 25 25 43 11 44 25 25 25 25 5 5 27 23 32
split_gain=1407.16 1244.91 640.364 593.277 457.958 434 725.895 920.128 706.612 604.057 496.89 430.399 428.623 995.472 464.365 2056.74 668.563 577.964 498.618 419.61 681.583 401.704 383.41 371.84 357.549 1027.85 976.376 1691.43 3644.7 974.687 595.455 1104.93 765.348 509.861 452.628 448.807 398.361 365.817 358.316 691.003 402.878 350.263 344.209 343.32 313.127 538.21 307.373 307.054 305.155 337.762 306.56 620.307 297.871 758.043 319.079 288.27 366.163 288.166 284.582 282.991 412.246 510.322 360.247 865.153 862.762 334.46 467.908 311.769 307.265 297.529 281.426 280.502 366.31 674.31 504.083 419.832 364.938 321.677 280.043 271.092 483.518 270.753 264.48 264.216 321.128 262.468 260.119 434.755 259.788 257.763 253.611 252.388 445.134 248.991 242.653 238.276 521.251 238.169 237.653 230.673 479.788 227.976 230.847 226.867 225.36 610.223 348.422 307.813 269.149 223.432 264.214 220.099 318.419 486.903 733.758 232.148 325.453 219.517 403.62 261.159 919.041 218.46 216.469 214.847 213.365 326.723
threshold=13030.000000000002 0 1 37.95000076293946 0.091295003890991225 2 3 4 5 6 1715.0000000000002 2.8349999189376835 58.500000000000007 7 950.00000000000011 850.00000000000011 0.12481230497360231 8 39.500000000000007 10.500000000000002 0.089248880743980422 155.00000000000003 6250.0000000000009 9 715.00000000000011 10 11 0.086274277418851866 475.00000000000006 325.00000000000006 615.00000000000011 12 13 0.049178216606378562 425.00000000000006 14 0.064750330522656455 0.08212983608245851 0.058846931904554374 15 99.000000000000014 86.500000000000014 0.35846313834190374 1560.0000000000002 16 9.5000000000000018 1560.0000000000002 88.500000000000014 17 18 325.00000000000006 19 325.00000000000006 20 114.50000000000001 49.000000000000007 38.500000000000007 0.071499999612569823 0.092709075659513487 68.500000000000014 0.092709075659513487 21 850.00000000000011 615.00000000000011 950.00000000000011 64.500000000000014 61.500000000000007 75.500000000000014 155.00000000000003 22 0.052709037438035018 0.058047603815793998 325.00000000000006 117.50000000000001 23 155.00000000000003 64.500000000000014 24 25 0.069445703178644194 26 0.086274277418851866 0.081500001251697554 950.00000000000011 27 5.5000000000000009 0.032954851165413863 0.022575936280190948 155.00000000000003 28 0.090500000864267363 29 0.07194120436906816 30 12.500000000000002 0.16058247536420825 69.500000000000014 0.14512951672077182 52.500000000000007 -0.74441730976104725 31 113.00000000000001 110.00000000000001 32 950.00000000000011 33 34 155.00000000000003 -0.2603763341903686 0.067938569933176055 0.45273815095424658 107.50000000000001 54.500000000000007 40.500000000000007 2.6750000715255742 1.0000000180025095e-35 0.093499999493360533 59.500000000000007 99.000000000000014 69.500000000000014 73.500000000000014 35 36 0.089248880743980422 0.081555202603340163 0.12430509924888612
decision_type=2 9 9 2 10 9 9 9 9 9 2 2 2 9 2 2 10 9 2 2 2 2 2 9 2 9 9 2 2 2 2 9 9 2 2 9 2 2 2 9 2 2 2 2 9 2 2 2 9 9 2 9 2 9 2 2 2 2 2 2 2 9 2 2 2 2 2 2 2 9 10 2 2 2 9 2 2 9 9 2 9 2 2 2 9 2 10 2 2 9 2 9 8 9 2 2 2 10 2 2 9 2 2 9 2 9 9 2 2 10 2 2 2 2 2 2 2 2 2 2 2 9 9 2 8 8
left_child=1 22 4 5 99 9 24 21 10 12 88 121 13 14 15 16 19 -16 -17 -3 55 -8 23 -1 26 97 27 29 -29 33 32 -32 -28 -7 109 82 71 89 39 -35 -40 -12 -19 44 45 -11 57 -47 49 -5 -51 -52 53 54 86 56 -21 79 -37 65 61 -61 63 68 -64 69 -67 -65 70 -14 -63 72 75 74 90 76 122 -73 -48 80 -10 -53 -30 -27 117 -38 87 -25 -9 -36 -74 95 -93 111 -83 -54 -97 -26 -15 -2 -101 102 -66 -75 106 -106 107 -68 -108 110 -31 112 113 115 -115 -33 -117 -85 119 -119 -121 -4 -34 -118 -59 -126
right_child=2 3 11 48 -6 6 7 8 46 43 41 -13 59 98 17 18 -18 42 -20 20 -22 -23 -24 52 25 83 30 28 35 34 31 93 36 38 37 58 85 -39 40 -41 -42 -43 -44 -45 -46 47 78 -49 -50 50 51 81 91 -55 -56 -57 -58 124 -60 60 -62 62 64 67 101 66 104 -69 -70 -71 -72 77 73 103 -76 -77 -78 -79 -80 -81 -82 94 -84 84 -86 -87 -88 -89 -90 -91 -92 92 -94 -95 -96 96 -98 -99 -100 100 -102 -103 -104 -105 105 -107 108 -109 -110 -111 -112 -113 -114 114 -116 116 123 118 -120 120 -122 -123 -124 -125 125 -127
leaf_value=0.0052964586918184909 -0.092746650642818881 -0.0045749789396910528 -0.055628598128992415 0.010557206631298565 -0.0045255091167845816 0.011124193507281166 -0.054326516996286121 -0.004049280926886091 -0.085906105857175674 -0.0020541844336343291 -0.075728944293868089 0.01007151289745317 0.0052717118193758043 -0.00032948888156483411 0.0090677717706603034 -0.12387450121573226 -0.083231902614367748 -0.0043949890489367411 -0.049927243488640576 -0.010404687635544382 -0.065516801397730445 -0.017143607799318918 -0.056518977354554571 -0.003900943432686575 -0.0046473978135882698 0.024822010936289531 0.0093569237628786956 -0.1405798700120714 -0.022367766259803926 0.0054705452494569181 0.015400015735212194 0.0032982556685283437 -0.028359770898308073 0.0020632515608081437 -0.032824221134543322 -0.010435547504896336 -0.05144234973451365 0.0031984388989985194 -0.0022773549219329706 -0.026215912892264357 -0.037123204724373596 -0.012079443719549275 -0.021535777498337624 0.0080284192918802771 -0.0011163403993738306 -0.016306100188242741 0.017797580149001201 0.025915372296300084 0.0028569347460325988 0.00966626945018236 -0.072326150590074273 -0.0028797773701304558 0.0065919407365338974 0.0024429008751352191 -0.041733611900521356 0.02784319961005274 -0.060399217419502028 -0.00048114489606643229 -0.027524537815610053 -0.0030168890278725285 -0.00032314310755902632 0.0050825693937858688 -0.10077917385538783 -0.015564877484651171 -0.015576522708980682 0.036760841533647511 -0.03212557506911895 0.010622994786219456 -0.028236305416017318 -0.011069676284343345 -0.046060809010568145 0.0055713794515521321 -0.043070240863598883 -0.00077868722664783377 -0.014612535033379212 -0.010144476239957819 0.0069338867688178161 -0.0025339095653957406 -0.0089312274788913484 -0.012697405376445578 -0.012522018975634916 0.004452251715018697 0.0014522440729372323 0.0099643280636123183 0.0074501508789541534 -0.0093867309449072057 0.0036361457365499256 -0.016258651320162007 0.0012773792234530399 -0.0077608217760266086 0.0033628694125210691 -0.038302027596510017 0.0013547951138815702 0.0046418711442899269 -0.035019457477635955 -0.060037111496861251 0.012017656895395827 -0.031387008151525925 0.0075322095448349434 0.00080622864257303068 -0.07083988669009357 -0.023520692439948865 0.00048663564328486447 0.014808041895698263 -0.015312531562996199 -0.059541161863878207 -0.036931685231599266 0.020453471288691811 -0.013642949787119406 0.013405131723110609 -0.0058200407565899386 -0.022953975739387365 0.010716110077172703 -0.015754154597122507 -0.10544996032472884 -0.051376906218007203 0.0012095131904845584 -8.517968846406361e-05 0.0045479429661769962 -0.095841769820329645 -0.010182361566575275 -0.016383051592089675 -0.0023739045149035382 -0.020762843506778993 -0.040292245305296202 -0.0069896931061334423
leaf_weight=20964 161 3976 178 781 158 890 414 11795 123 9260 129 447 1280 11792 2128 169 112 3481 163 776 280 711 101 8055 11303 603 5913 215 557 8350 6450 2661 304 1055 635 1363 137 1315 3054 2996 330 195 1512 3154 57753 4264 860 160 30675 482 166 1162 12337 19482 229 135 158 4860 2468 8939 7886 561 108 509 3358 131 135 2069 1443 4620 116 9299 110 2930 7461 2739 7233 8360 586 2484 236 183 1690 2055 16820 4212 2095 3757 27338 914 2288 255 51807 6120 595 153 218 307 4897 128 278 2217 1059 1168 833 433 660 380 1384 2218 2401 493 1360 441 100 159 1118 2148 5602 118 2148 499 3512 623 267 25236
leaf_count=20964 161 3976 178 781 158 890 414 11795 123 9260 129 447 1280 11792 2128 169 112 3481 163 776 280 711 101 8055 11303 603 5913 215 557 8350 6450 2661 304 1055 635 1363 137 1315 3054 2996 330 195 1512 3154 57753 4264 860 160 30675 482 166 1162 12337 19482 229 135 158 4860 2468 8939 7886 561 108 509 3358 131 135 2069 1443 4620 116 9299 110 2930 7461 2739 7233 8360 586 2484 236 183 1690 2055 16820 4212 2095 3757 27338 914 2288 255 51807 6120 595 153 218 307 4897 128 278 2217 1059 1168 833 433 660 380 1384 2218 2401 493 1360 441 100 159 1118 2148 5602 118 2148 499 3512 623 267 25236
internal_value=-0.00115933 -0.00106601 -0.0272769 -0.00187156 -0.0490559 -0.00222556 -0.00139628 -0.00379202 -0.00338072 -0.00351891 -0.000634828 -0.0126494 -0.00557069 -0.00286146 -0.00911938 -0.015452 -0.0110172 -0.00400042 -0.087828 -0.00948294 -0.0239344 -0.0305913 0.00162012 0.00166993 -0.000167826 0.00220614 -0.00109153 -0.00562246 -0.0194762 -0.00201534 0.00074411 0.00525184 -0.000836922 -0.0103249 0.00235422 -0.0151699 -0.00205006 -0.00843772 -0.0128936 -0.0189121 -0.00568541 -0.0375764 -0.00956974 -0.00165614 -0.00208406 -0.00616261 -0.00650618 -0.0147736 0.00191564 -0.00664199 -0.011855 -0.0168391 0.000896529 -0.00139457 -0.0066801 -0.0129918 -0.0189176 -0.0070977 -0.0213931 -0.00767418 -0.00614745 -0.00840113 -0.012594 -0.00622567 -0.0170487 -0.0120515 -0.0187999 0.00544843 -0.0204177 -0.00752413 -0.00373556 -0.00121956 -0.00310071 -0.00652669 -0.0107777 0.000367487 0.00297404 0.00173602 0.00702816 -0.0162298 -0.0405677 -0.0120564 -0.00443998 0.00518165 0.00477268 -0.0107231 -0.00610473 -0.00783256 -0.000328181 -0.0183117 0.0012108 0.00208583 0.0011596 0.000232919 -0.0257412 0.00587448 -0.0177792 -0.0053525 0.00197647 -0.0622986 -0.0500262 -0.0156706 -0.0117261 0.00370055 -0.0207119 -0.0310656 -0.0155795 0.00650892 -0.0210741 0.00473792 0.00294873 -0.00364791 -0.00217733 -0.00561566 -0.0324978 -0.00242063 -0.0104276 0.00103449 -0.000797444 -0.007581 -0.0146833 -0.0278306 -0.00453146 -0.00666049 -0.00624213 -0.00733992
internal_weight=519617 517768 1849 398315 725 364271 221980 75234 74109 142291 39457 1124 67700 29579 12890 5769 5437 7121 332 5325 1349 1125 119453 119352 146746 41104 105642 30451 6293 24158 75191 19525 55666 8325 15833 6078 49753 2864 7435 4051 3384 324 4993 74591 71437 13684 34652 4424 34044 3369 2588 2106 98388 33618 14136 1069 934 33206 3831 38121 28265 20379 11440 4698 6742 9856 3956 2578 2120 5900 677 45404 27745 13957 9859 13788 11049 17659 1446 2843 359 1940 2247 29494 28891 4349 13907 11812 39133 1549 2398 64770 52062 13075 778 12708 371 11610 16689 567 406 6634 4417 4098 3825 1266 2559 515 2044 12969 10751 6955 6462 5102 541 4561 1900 12071 10016 4414 2266 677 3816 1741 30363 25503
internal_count=519617 517768 1849 398315 725 364271 221980 75234 74109 142291 39457 1124 67700 29579 12890 5769 5437 7121 332 5325 1349 1125 119453 119352 146746 41104 105642 30451 6293 24158 75191 19525 55666 8325 15833 6078 49753 2864 7435 4051 3384 324 4993 74591 71437 13684 34652 4424 34044 3369 2588 2106 98388 33618 14136 1069 934 33206 3831 38121 28265 20379 11440 4698 6742 9856 3956 2578 2120 5900 677 45404 27745 13957 9859 13788 11049 17659 1446 2843 359 1940 2247 29494 28891 4349 13907 11812 39133 1549 2398 64770 52062 13075 778 12708 371 11610 16689 567 406 6634 4417 4098 3825 1266 2559 515 2044 12969 10751 6955 6462 5102 541 4561 1900 12071 10016 4414 2266 677 3816 1741 30363 25503
cat_boundaries=0 2 4 6 7 8 10 11 13 15 17 19 21 23 25 27 28 29 31 32 33 34 36 37 39 41 43 45 47 48 49 51 52 54 56 58 60 61
cat_threshold=423901270 42 269484034 8192 3720233 2132 6 131072 1182793856 9345 5 1606656 64 525312 64 84 2 3221356544 9344 645988352 1 3221225984 384 2147614848 8192 8388608 1 75497472 2113545 540681 64 9 1 20979714 2670592 16 1 1073741824 17408 512 5632 2147484160 4096 0 4096 8389120 4096 75497472 4202498 131072 9728 1048576 0 16384 16384 2048 0 16 0 4 512
is_linear=0
shrinkage=0.03


Tree=59
num_leaves=127
num_cat=32
split_feature=5 0 48 5 0 5 30 5 5 33 48 5 12 0 5 0 25 0 0 4 27 5 0 4 5 27 43 12 5 27 23 5 27 25 0 23 30 27 22 5 11 0 5 5 27 25 0 12 27 26 11 5 8 20 23 0 0 5 5 27 0 5 25 5 0 5 25 25 5 5 25 25 27 25 0 25 5 5 48 5 27 0 25 0 25 27 0 3 0 0 26 27 5 0 25 25 30 25 11 29 0 25 24 27 0 31 0 27 25 4 27 25 25 25 25 25 5 25 27 25 25 25 5 0 0 0
split_gain=1252.38 1097.27 576.76 531.361 517.347 519.866 509.368 449.285 417.829 337.283 314.101 307.392 456.657 438.265 661.474 335.827 578.814 285.762 367.43 1189.36 281.366 810.476 338.406 472.616 298.297 664.046 477.533 322.262 321.957 293.507 280.69 326.218 361.123 282.506 277.638 275.548 267.728 266.663 495.459 381.315 291.023 266.194 942.574 365.208 468.938 364.988 327.981 264.818 585.103 256.265 237.884 553.956 502.648 314.787 296.414 237.101 236.159 315.194 304.72 234.246 410.512 371.933 350.279 310.635 611.142 1183.28 419.055 319.214 288.483 258.765 231.925 225.52 254.401 345.363 470.993 797.542 567.978 471.621 280.818 266.141 302.492 1497.83 225.353 225.022 259.145 225.007 222.994 637.296 450.864 239.604 213.607 212.517 226.787 213.564 299.341 221.797 211.606 205.891 201.157 198.619 196.923 196.887 196.203 196.08 1159.76 196.023 202.146 240.415 193.819 402.157 305.962 276.224 193.37 261.549 235.308 206.165 192.616 303.725 750.608 191.528 189.915 198.583 187.618 227.343 187.004 205.98
threshold=0 16530.000000000004 4.0499999523162851 1 325.00000000000006 2 0.19365485012531283 3 4 7.349999427795411 0.15000000223517421 5 0.80798786878585827 225.00000000000003 6 155.00000000000003 38.500000000000007 1225.0000000000002 325.00000000000006 7 0.072961069643497481 8 155.00000000000003 9 10 0.10038758814334871 3.0749999284744267 -0.048362832516431802 11 0.069445703178644194 0.051437802612781532 12 0.15358696132898333 57.500000000000007 155.00000000000003 0.058227287605404861 0.049045160412788398 0.053263295441865928 -0.42448458075523371 13 0.29342973232269293 950.00000000000011 14 15 0.092709075659513487 25.500000000000004 850.00000000000011 0.15738975256681445 0.056865874677896507 0.073492310941219344 -0.33425341546535486 16 9.5000000000000018 76.500000000000014 0.10007642209529878 90.000000000000014 325.00000000000006 17 18 0.07936600968241693 325.00000000000006 19 99.000000000000014 20 850.00000000000011 21 76.500000000000014 80.500000000000014 22 23 17.500000000000004 88.500000000000014 0.10038758814334871 59.500000000000007 325.00000000000006 24.500000000000004 24 25 116.14999771118165 26 0.089248880743980422 950.00000000000011 21.500000000000004 715.00000000000011 77.500000000000014 0.11874964460730554 1410.0000000000002 27 1280.0000000000002 1560.0000000000002 0.0081315145362168568 0.058047603815793998 28 155.00000000000003 67.500000000000014 55.500000000000007 0.047738326713442809 74.500000000000014 0.24372619390487674 0.09687442705035211 90.000000000000014 97.500000000000014 0.94639766216278087 0.092709075659513487 615.00000000000011 0.046168554574251182 90.000000000000014 0.05270845256745816 57.500000000000007 29 0.16352472454309466 58.500000000000007 47.500000000000007 45.500000000000007 56.500000000000007 19.500000000000004 30 26.500000000000004 0.11874964460730554 69.500000000000014 21.500000000000004 59.500000000000007 31 1280.0000000000002 225.00000000000003 155.00000000000003
decision_type=9 2 2 9 2 9 10 9 9 2 2 9 2 2 9 2 2 2 2 9 2 9 2 9 9 2 2 2 9 2 8 9 2 2 2 10 10 2 10 9 2 2 9 9 2 2 2 2 2 10 2 9 2 2 10 2 2 9 9 2 2 9 2 9 2 9 2 2 9 9 2 2 2 2 2 2 9 9 2 9 2 2 2 2 2 2 2 1 2 2 10 2 9 2 2 2 8 2 2 10 2 2 2 2 2 10 2 2 2 9 2 2 2 2 2 2 9 2 2 2 2 2 9 2 2 2
left_child=3 2 7 102 5 47 11 17 -3 30 101 13 20 14 -4 35 -17 18 34 70 21 22 23 -13 27 26 -26 -22 85 49 -6 32 37 -34 -2 36 120 38 39 -32 -41 42 46 44 -44 -43 -28 48 119 56 51 -10 -53 -54 -52 97 57 -23 -58 60 62 -62 69 -61 65 103 108 -68 -67 91 -20 72 73 74 77 78 -77 -15 -76 80 -78 -82 -80 -63 -85 -27 88 89 90 -88 -33 92 -9 95 -95 -93 -18 -14 -47 -57 -29 -7 -1 -65 -105 106 107 -104 110 -110 -66 -111 113 115 -114 -60 117 118 -74 -5 -16 -122 -101 -124 125 -94
right_child=1 8 6 4 9 10 -8 59 50 -11 -12 12 55 71 15 16 96 -19 19 -21 24 29 -24 -25 25 28 41 100 -30 -31 31 86 33 -35 -36 -37 -38 -39 -40 40 -42 45 43 -45 -46 98 -48 -49 -50 -51 54 52 53 -55 -56 99 58 -59 112 63 61 83 -64 64 66 68 67 -69 -70 -71 -72 -73 116 -75 75 76 79 -79 82 -81 81 -83 -84 84 -86 -87 87 -89 -90 -91 -92 93 124 94 -96 -97 -98 -99 -100 122 -102 -103 105 104 -106 -107 -108 -109 109 111 -112 -113 114 -115 -116 -117 -118 -119 -120 -121 121 -123 123 -125 -126 -127
leaf_value=0.018171762473768095 -0.017242726381068146 -0.061490033197402955 -0.062873776644189777 -0.015235642183614872 -0.019469713945918884 0.0075641202459542679 0.0023356218997865 -0.022702647381958745 -0.087777798796693479 0.0057792116189287809 -0.0010392054297582588 -0.075094007073708294 -0.019792640111024995 -0.0092360583758056575 -0.020557580765542271 0.0017995960347203387 -0.004473862605766773 0.0097870885710436249 -0.071324041969755766 -0.0087043566926839171 0.0027891170953628897 -0.0044285166911130578 0.0062066477507725102 -0.0041403490830988193 -0.0054773321020913325 -0.021517790530712053 0.015868455023116526 0.021122084133639873 -0.0014759358091896914 0.010792336019591651 -0.026327354935316249 -0.00056429801109811296 -0.054377449488121211 -0.0054465499461060097 0.011543164071259826 -0.047393722119997803 0.01134408672652977 0.006946003325069363 0.02085058164494678 0.017112681166787123 -0.017623979243464344 0.0043622187857602504 -0.10617642820670904 -0.028340706232824583 -0.036076359609073468 -0.0039228933725211079 -0.042109282408441813 -0.0026850204892126346 -0.0034687429810790092 0.0011207369624205953 0.00048704759595697669 0.024239126105220561 -0.018350262077955096 -0.083375217552902628 -0.053022027418420124 0.0012355608594962126 0.0036383935118872121 -0.014027832286348732 -0.037352459190963166 0.0022347452832511077 0.0086461054913143359 0.002942383601242016 -0.045013831185585843 -0.014096563078391284 0.0010284563781568572 0.010046840821642783 0.011387637917585557 9.3121430941518681e-05 -0.0077189904790484383 0.003970928798400491 -0.022457710113845952 0.00079279734372729482 -0.0041770801929136119 -0.010343231310887147 -0.015585093208614165 0.035439839402187083 -0.0084889345629662848 0.0082495577629802513 -0.060240319804484105 -0.0009337938207816122 -0.11906289806516152 0.018448268367003282 -0.008393034107450929 3.5040023561165392e-05 -0.022608382637581425 -0.0041870659621179446 -0.031130807518160768 -0.082925457445163178 0.033334203725380283 -0.0005727286060759982 0.0032469281014839472 -0.041656981829111858 0.013023111479615808 0.0027892201853697714 -0.012496736010735199 -0.0033097091388984397 -0.021938770387509757 0.02305171097579755 -0.016958654846815555 -0.0052261447303612969 -0.0054303217635901877 -0.0093391316863657564 -0.034819518024367939 -0.13285741148018601 -0.027813898610748802 0.016129937113486471 0.0048930165257972174 -0.0015178767668091366 -0.046645493905639872 -0.044636505117329459 -0.038555946338080585 -0.0065312015132494078 -0.024656771385472225 0.02710084401603256 -0.0055030733285717824 -0.0024124674893670883 0.0054062126132227951 0.021931233432775685 -0.098212927367427552 -0.03261308061260694 0.0067584735385621828 -0.0086721509085091585 0.0012008789449465464 -0.031693876339749967 0.0066617963389406986 -0.035492102882691924
leaf_weight=996 420 264 203 3166 609 6140 14851 996 124 14068 45771 105 890 1976 679 1553 738 766 350 4203 7308 5970 10339 417 8829 1313 536 255 17855 1050 838 63471 152 348 1062 126 985 14469 542 495 385 1015 150 1151 203 1280 104 12498 6123 4468 580 165 194 102 110 32259 3626 6419 165 16405 11428 7687 163 586 3184 1349 2840 10865 2071 5974 118 7432 314 10301 3639 339 1558 4603 237 7349 126 162 111 1207 729 1386 279 102 371 1318 16721 235 115 5720 1443 320 4075 113 6374 10916 14038 689 216 100 1518 1231 16694 1935 264 179 185 3526 1041 251 1296 1803 3114 156 100 697 1171 2087 9336 192 677 246
leaf_count=996 420 264 203 3166 609 6140 14851 996 124 14068 45771 105 890 1976 679 1553 738 766 350 4203 7308 5970 10339 417 8829 1313 536 255 17855 1050 838 63471 152 348 1062 126 985 14469 542 495 385 1015 150 1151 203 1280 104 12498 6123 4468 580 165 194 102 110 32259 3626 6419 165 16405 11428 7687 163 586 3184 1349 2840 10865 2071 5974 118 7432 314 10301 3639 339 1558 4603 237 7349 126 162 111 1207 729 1386 279 102 371 1318 16721 235 115 5720 1443 320 4075 113 6374 10916 14038 689 216 100 1518 1231 16694 1935 264 179 185 3526 1041 251 1296 1803 3114 156 100 697 1171 2087 9336 192 677 246
internal_value=-0.00112453 -0.00234021 -0.00221372 0.000661069 0.000157781 -0.00177635 -0.0030298 -0.00014432 -0.0276003 0.0014298 -0.000143682 -0.00341739 -0.00273189 -0.00538263 -0.0105342 -0.00953448 -0.0141247 -0.00747221 -0.00963424 -0.0137629 -0.00394293 -0.0018719 0.0050116 -0.0185289 -0.0051812 -0.0067089 -0.0106549 -0.00233404 -0.00294093 -0.00473773 0.000818488 0.00094287 0.00469507 -0.0204004 0.00337909 -0.003763 -0.00263669 0.00544911 -0.00413314 -0.0120226 0.00189117 -0.0148815 -0.024347 -0.0371776 -0.0642643 -0.012538 0.00629783 -0.00559315 -0.00923779 -0.00539128 -0.0199026 -0.0341165 -0.0172505 -0.0409628 -0.00810777 -0.00050568 -0.00680566 -0.00941775 -0.00284983 0.000490314 0.00224313 0.0049906 -0.00139702 -0.00101286 -0.00301044 -0.0117955 -0.000663506 0.00243427 -0.000701613 -0.000942096 -0.0590772 -0.00394222 -0.00497466 -0.00587687 -0.00358751 -0.0067907 -0.00207834 0.00299566 -0.0180559 -0.00349999 -0.0136501 -0.0419167 -0.0437743 0.000639325 -0.0084986 -0.0125763 0.000156369 -0.0105961 0.000383277 -0.00592744 0.000230419 -0.0039519 -0.0125802 -0.00168178 -0.000291479 -0.0195926 -0.0192623 -0.0149476 -0.0147794 -0.000230556 -0.00495516 0.00585758 0.00517876 -0.028868 -0.0343841 0.00453586 0.0037777 -0.0048766 -0.00644869 -0.0109398 -0.00115602 -0.00838373 -0.00800373 -0.00167711 -0.0140418 -0.00535937 0.0024701 -0.0134115 -0.027073 -0.0183787 -0.00613654 -0.00312566 -0.00254392 0.000534195 -0.00261122 -0.0200438
internal_weight=519232 308908 307369 210324 189252 75084 220438 86931 1539 114168 52600 205587 152453 53134 11617 11414 6366 6919 6153 4671 98747 36950 10861 522 61797 40196 19642 21601 20554 26089 100100 99491 17229 500 1482 5048 4922 16729 2260 1718 880 10813 2144 1504 353 8669 640 22484 9986 25039 1275 585 461 296 690 53706 20571 12389 8182 80012 36940 21051 15889 43072 26667 5624 21043 13705 3420 15726 468 41517 34085 30401 20100 13521 9534 6579 3987 9195 1846 288 348 9623 1936 2699 82262 1699 80563 1597 80192 9752 2034 7718 7163 555 4813 1003 7654 52703 14293 6829 21072 2204 1618 20076 18845 2151 7338 3969 3369 3705 4556 2219 2337 1968 3684 570 414 3863 3937 3258 20444 9528 1038 361
internal_count=519232 308908 307369 210324 189252 75084 220438 86931 1539 114168 52600 205587 152453 53134 11617 11414 6366 6919 6153 4671 98747 36950 10861 522 61797 40196 19642 21601 20554 26089 100100 99491 17229 500 1482 5048 4922 16729 2260 1718 880 10813 2144 1504 353 8669 640 22484 9986 25039 1275 585 461 296 690 53706 20571 12389 8182 80012 36940 21051 15889 43072 26667 5624 21043 13705 3420 15726 468 41517 34085 30401 20100 13521 9534 6579 3987 9195 1846 288 348 9623 1936 2699 82262 1699 80563 1597 80192 9752 2034 7718 7163 555 4813 1003 7654 52703 14293 6829 21072 2204 1618 20076 18845 2151 7338 3969 3369 3705 4556 2219 2337 1968 3684 570 414 3863 3937 3258 20444 9528 1038 361
cat_boundaries=0 2 4 5 7 9 11 12 13 15 16 18 20 21 22 24 26 27 29 31 33 35 36 38 40 41 42 43 44 46 47 48 50
cat_threshold=2302950102 17578 84 2 20980226 540672 64 268435456 8192 34227233 2048 131072 1 873496576 8772 1 539033608 4369 1140883456 64 4203010 512 1074790400 4 0 8704 1048576 1075838984 4352 8388616 17 1654817824 8209 1376976897 14849 547356672 8 276 270664705 4881 1056 33555457 524288 2 131073 17 1 131072 3244032 8964
is_linear=0
shrinkage=0.03


Tree=60
num_leaves=127
num_cat=37
split_feature=0 5 5 0 0 40 0 5 2 2 5 5 27 25 0 5 27 0 5 0 5 5 25 27 23 5 27 0 0 44 13 5 5 5 25 23 25 13 27 5 0 5 44 32 0 25 25 5 0 0 5 0 0 25 25 5 25 27 5 5 4 28 23 5 25 0 0 0 5 27 0 25 0 5 25 2 20 25 5 25 0 27 0 25 5 5 4 0 25 25 48 20 25 25 25 33 27 0 0 21 5 27 27 25 5 0 25 25 25 3 27 25 0 45 27 22 20 5 48 5 47 27 25 25 4 28
split_gain=1224.94 1201.85 1162.09 889.704 590.919 564.744 472.693 457.317 559.004 398.379 1322.52 793.404 673.908 591.318 480.791 1057.52 1394.91 1034.28 1021.27 568.856 1250.18 654.087 517.006 453.893 447.941 404.63 401.271 1971.61 347.71 341.2 396.828 322.898 322.333 319.873 310.3 380.445 298.641 461.168 290.81 324.317 281.416 328.398 281.032 280.301 1104.2 276.62 320.492 261.048 484.602 257.593 256.694 542.975 1875.13 356.59 284.36 551.386 329.768 349.107 558.755 291.9 276.008 256.045 237.85 237.71 237.441 231.684 227.975 299.074 262.732 299.904 227.911 224.8 222.148 285.03 222.021 219.82 219.451 217.869 445.805 262.316 214.63 434.518 212.19 210.974 209.975 205.289 205.018 606.269 204.973 369.398 203.819 201.58 313.389 200.082 642.332 198.303 197.232 195.068 191.679 190.688 190.497 734.546 228.705 316.865 421.284 212.622 190.176 381.017 189.923 187.97 479.353 303.418 196.271 201.359 221.859 184.474 277.737 421.242 333.422 445.726 179.426 178.934 255.034 200.325 178.231 177.178
threshold=1715.0000000000002 0 1 2375.0000000000005 13030.000000000002 37.149999618530281 1560.0000000000002 2 3 4 5 6 0.05270845256745816 47.500000000000007 715.00000000000011 7 0.059944719076156623 325.00000000000006 8 615.00000000000011 9 10 85.500000000000014 0.058846931904554374 0.058227287605404861 11 0.092709075659513487 475.00000000000006 550.00000000000011 0.076499998569488539 26.500000000000004 12 13 14 113.00000000000001 0.12977331131696704 26.500000000000004 24.500000000000004 0.095947422087192549 15 17950.000000000004 16 0.091499999165534987 0.22828145325183871 615.00000000000011 19.500000000000004 107.50000000000001 17 325.00000000000006 155.00000000000003 18 950.00000000000011 615.00000000000011 18.500000000000004 58.500000000000007 19 74.500000000000014 0.08212983608245851 20 21 22 0.14512951672077182 0.081555202603340163 23 180.00000000000003 135.00000000000003 61.500000000000007 90.000000000000014 24 0.055219287052750594 325.00000000000006 100.50000000000001 950.00000000000011 25 15.500000000000002 26 87.500000000000014 54.500000000000007 27 32.500000000000007 1225.0000000000002 0.16058247536420825 325.00000000000006 155.00000000000003 28 29 30 950.00000000000011 59.500000000000007 99.000000000000014 87.549999237060561 105.50000000000001 89.500000000000014 69.500000000000014 73.500000000000014 4.4499998092651376 0.053263295441865928 155.00000000000003 850.00000000000011 0.15616496652364734 31 0.059944719076156623 0.10038758814334871 90.500000000000014 32 325.00000000000006 103.50000000000001 149.50000000000003 49.000000000000007 33 0.055219287052750594 18.500000000000004 90.000000000000014 22.525000572204593 0.056865874677896507 0.15231326222419742 75.500000000000014 34 56.250000000000007 35 13.094999790191652 0.098019190132617964 46.500000000000007 43.500000000000007 36 0.13341145217418673
decision_type=2 9 9 2 2 2 2 9 9 9 9 9 2 2 2 9 2 2 9 2 9 9 2 2 10 9 2 2 2 2 2 9 9 9 2 8 2 2 2 9 2 9 2 8 2 2 2 9 2 2 9 2 2 2 2 9 2 2 9 9 9 10 8 9 2 2 2 2 9 2 2 2 2 9 2 9 2 2 9 2 2 2 2 2 9 9 9 2 2 2 2 2 2 2 2 2 2 2 2 10 9 2 2 2 9 2 2 2 2 1 2 2 2 2 2 8 2 9 2 9 2 2 2 2 9 10
left_child=1 32 3 -2 -5 6 7 8 47 14 49 12 -12 24 15 16 17 22 61 21 45 124 23 33 80 36 29 -28 84 30 -27 -7 75 -9 50 65 37 42 -29 -40 41 -4 -18 44 -31 -21 77 48 74 -11 51 52 -10 -54 55 -52 59 58 -58 97 -60 121 -13 -51 -64 -36 68 -68 -34 -70 -38 -45 -20 88 -3 -1 -63 78 79 -47 -14 -82 -73 -22 125 -8 87 -59 -74 93 -48 115 -93 -90 -95 -69 -50 -56 -37 100 101 -49 103 104 105 -103 -19 -108 -15 110 111 -77 -112 114 -114 -42 118 -118 -117 -120 -100 -16 123 -123 -17 -23
right_child=2 5 40 4 -6 31 85 9 34 10 11 62 13 108 18 19 25 106 72 20 83 28 -24 -25 -26 26 27 38 -30 43 -32 -33 66 -35 35 98 70 -39 39 -41 91 -43 -44 71 -46 46 90 99 96 63 54 -53 53 -55 56 -57 57 86 60 -61 -62 76 64 -65 -66 -67 67 95 69 -71 -72 82 73 -75 -76 109 -78 -79 -80 -81 81 -83 -84 -85 -86 -87 -88 -89 89 -91 -92 92 -94 94 -96 -97 -98 -99 120 -101 -102 102 -104 -105 -106 -107 107 -109 -110 -111 112 -113 113 -115 -116 116 117 -119 119 -121 -122 122 -124 -125 -126 -127
leaf_value=0.0084893340129730665 -0.12372329964753119 -0.040129892739230712 -0.019413399934667151 -0.0053132067851825553 -0.060219970085271975 -0.0019336638948275085 0.023566834980822463 -0.0095413003511481565 -0.0067217272519369646 -0.0031881968778924175 -0.086234722773430583 3.088980357555787e-05 -0.060550757355394232 0.019132041572011073 -0.0018545185897341574 0.027616195189213003 -0.095718504891676062 0.0025771587777326226 0.023342548270714539 -0.021598128222699183 0.013267390479020324 0.0026103476681706059 0.0063264361367709188 0.0010397032716879626 0.0059900867768583142 -0.072472484982930685 -0.12679807941118876 -0.039116935892033231 -0.041535773004591464 -0.10767718694493418 -0.018322332087574767 0.0035020616986719765 -0.00071856982211964868 -0.026091180800225655 0.015630845811405999 0.0052877073159272019 -0.01556028538667468 -0.0027413312855767147 -0.0038016991478357623 -0.02492295879737912 0.0073096602762287317 0.0069150114759027369 -0.030016338606955299 -0.013418613096672681 -0.013377054094949282 -0.017529646608630253 -0.062763326236834893 0.012641573590157605 -0.072651771432864734 0.012877255689400546 0.0034822510176088337 0.01394256899345803 -0.10342180024681752 -0.051286984997727263 -0.050815997460090058 -0.0061589385149282867 0.0096475977685886796 0.013392529253700195 -0.039422897083337231 -0.0083954573749355898 -0.013353620496088386 0.0032880712192341248 -0.0069922166265407757 0.0013150304825767355 -0.039492340138291608 -0.010831548372433771 0.028852142239920792 0.00034776099855215553 -0.045741654948679905 -0.0075205173509582356 0.00017278901907135611 -0.041629154443178537 0.0097765112844177375 0.0071763159295818012 0.0061952443174712983 -0.047701881676324102 -0.05093058990983991 0.010027309584287191 -0.00051330683197698453 -0.066932208538055413 -0.0042610372426024274 -0.059947750229833396 0.0017461619888519111 0.0018044899330108908 -0.00303001915270408 0.0052172695531909384 0.00048045746578863173 -0.026642877180036363 -0.0009435208827901333 0.0043728026223756279 -0.015727421764570933 0.025549811947522528 -0.036644239461710373 -0.084352928596120827 -0.010128703797545199 0.0034095367926945822 -0.020147091390057045 -0.018537581093180471 -0.04024685354951444 -0.020891420255864317 -0.0024906579537820324 -0.02901992658459826 -0.00041858028466965384 0.022159009867984997 -0.030981106363590739 0.0052571458266590116 0.017322846509815398 -0.0082977697048937111 -0.012183705938012315 -0.00082759781174665786 0.039391166219181976 0.0024546816942876016 0.032302814620684406 0.032561315483002513 0.00063669215872320191 -0.05993109150343582 -0.091566112158345231 -0.017540136923684793 0.043296050055027006 -0.03105474463777046 -0.0086884819741169222 -0.010956679840763175 -0.044597099451399641 0.0087853836612517208 0.0074261701830581886 -0.0072652841163666328
leaf_weight=9615 123 115 634 310 409 15420 681 1987 2482 12302 138 4795 426 191 7160 428 101 9467 590 764 9191 11997 1450 1412 187 168 161 562 199 121 440 27125 1389 2327 326 131 1075 316 1217 1441 109 1248 141 2095 1337 352 103 3960 160 1694 9482 571 172 388 203 12193 931 546 417 13634 2936 101 25242 26226 203 3343 351 72674 307 463 3605 105 2034 17564 471 189 199 1346 4296 133 258 246 2392 1715 39088 2759 10853 901 2077 5517 415 176 123 110 1931 25795 109 986 745 451 41551 205 13948 227 826 777 2235 681 1900 6271 267 253 243 332 1083 118 142 159 114 162 208 3234 180 539 4785 1892
leaf_count=9615 123 115 634 310 409 15420 681 1987 2482 12302 138 4795 426 191 7160 428 101 9467 590 764 9191 11997 1450 1412 187 168 161 562 199 121 440 27125 1389 2327 326 131 1075 316 1217 1441 109 1248 141 2095 1337 352 103 3960 160 1694 9482 571 172 388 203 12193 931 546 417 13634 2936 101 25242 26226 203 3343 351 72674 307 463 3605 105 2034 17564 471 189 199 1346 4296 133 258 246 2392 1715 39088 2759 10853 901 2077 5517 415 176 123 110 1931 25795 109 986 745 451 41551 205 13948 227 826 777 2235 681 1900 6271 267 253 243 332 1083 118 142 159 114 162 208 3234 180 539 4785 1892
internal_value=-0.00106532 -0.000939893 -0.0179731 -0.0488679 -0.0365869 -0.00173347 -0.00212571 -0.00223423 -0.0036969 -0.00143194 -0.00324162 -0.00763542 -0.0214818 -0.0187372 -0.000557491 -0.00158081 -0.00591438 -0.00061046 0.00221033 0.000388109 0.00500092 -0.0010588 -0.009672 -0.0137237 -0.0363504 -0.0127083 -0.0162332 -0.0246661 -0.00205336 -0.0119722 -0.0333793 0.00153231 0.00170121 -0.018555 -0.00573124 -0.0130945 -0.00590863 -0.0266451 -0.0195217 -0.0153654 -0.00905102 -0.00202636 -0.0577185 -0.00981568 -0.0212715 -0.00450855 -0.00254753 -0.00170569 -0.0180647 0.00042835 -0.00511473 -0.012847 -0.0179207 -0.0674556 -0.00458492 -0.00194255 -0.00640985 -0.00350326 -0.0108776 -0.0096613 -0.0165572 -0.00541875 -0.00609609 0.00202207 -0.00725304 -0.00847668 0.00103771 0.00124854 -0.00860368 -0.022507 -0.00344366 -0.00617451 0.00513009 0.00476348 -0.00294874 0.00536901 -0.0327267 -0.000630044 -0.00363189 -0.0305582 -0.0448613 -0.0315063 -9.37249e-05 0.0114546 -0.00190466 0.00893929 -0.000934174 -0.0115374 0.0011243 -0.000701883 -0.025183 -0.0211062 -7.18966e-05 -0.00749999 -0.0141684 0.00114985 -0.0515301 -0.0238859 -0.0287024 -0.00147673 -0.00133424 0.00107585 -0.00178965 -0.0111822 -0.0153782 -0.00190135 0.0046411 0.0113386 -0.00931543 0.00188938 0.00909288 -0.0190516 0.0155617 0.0117028 0.00645973 -0.0289188 -0.034603 -0.056263 -0.0179551 0.000142727 -0.0333753 -0.00468356 -0.00980598 -0.0081348 0.0090714 0.00126372
internal_weight=519876 516049 3827 842 719 396817 354272 350832 124248 226584 73808 33586 3346 3208 152776 111540 34836 19559 41236 76704 18315 58389 7176 5726 1117 15277 10039 3381 53176 6658 608 42545 119232 4314 61448 4753 5238 558 3220 2658 2985 1882 242 6050 1458 7409 6645 62800 855 40222 56695 3613 3042 560 53082 21675 31407 16584 4284 14823 3353 11413 30240 27920 25445 3669 100979 98820 2159 770 4680 4592 29823 29233 586 18253 300 6127 4781 485 930 504 2497 10906 52977 3440 12300 1447 11669 9635 518 1103 299 4118 2041 98469 269 1189 1084 61945 61494 19943 15983 2035 1808 982 12383 2916 2091 8638 2367 442 1925 1658 1326 804 695 301 394 276 953 11113 3953 3773 5213 13889
internal_count=519876 516049 3827 842 719 396817 354272 350832 124248 226584 73808 33586 3346 3208 152776 111540 34836 19559 41236 76704 18315 58389 7176 5726 1117 15277 10039 3381 53176 6658 608 42545 119232 4314 61448 4753 5238 558 3220 2658 2985 1882 242 6050 1458 7409 6645 62800 855 40222 56695 3613 3042 560 53082 21675 31407 16584 4284 14823 3353 11413 30240 27920 25445 3669 100979 98820 2159 770 4680 4592 29823 29233 586 18253 300 6127 4781 485 930 504 2497 10906 52977 3440 12300 1447 11669 9635 518 1103 299 4118 2041 98469 269 1189 1084 61945 61494 19943 15983 2035 1808 982 12383 2916 2091 8638 2367 442 1925 1658 1326 804 695 301 394 276 953 11113 3953 3773 5213 13889
cat_boundaries=0 2 4 6 7 8 10 12 14 16 18 19 21 23 25 26 27 29 30 31 33 35 36 37 38 39 41 42 44 46 48 49 51 52 53 54 55 56
cat_threshold=423901270 42 276824066 8192 1623081 2132 10 6 1184891008 9345 131072 4096 580911104 8193 3221356544 9344 67305600 1536 2147614848 33554432 8193 2671113 453 20 2 10485760 10485760 687865856 2048 1 525312 16417 2064 32768 16 16384 1 35651584 4160 8389120 4096 6 67108864 512 67108864 1536 524288 4096 1 1048608 68 1048608 2 672137216 672137216 4
is_linear=0
shrinkage=0.03


Tree=61
num_leaves=127
num_cat=39
split_feature=1 5 5 1 1 5 1 2 5 5 27 1 1 5 13 27 5 1 5 27 27 5 1 12 1 22 33 5 36 27 48 27 44 1 5 11 27 27 44 28 48 5 1 1 5 27 38 48 26 27 1 27 5 27 48 5 5 1 27 1 5 27 27 4 44 30 5 27 27 1 11 5 12 22 47 5 1 20 27 23 27 5 21 27 27 1 44 5 1 27 21 27 2 3 3 24 1 27 5 1 5 5 28 27 1 5 1 27 27 5 21 21 5 36 5 27 5 27 2 27 11 5 1 4 1 5
split_gain=1145.36 1083.35 942.313 783.132 532.996 507.26 488.792 446.06 2050.02 773.255 588.409 869 1580.92 1090.45 724.179 633.656 582.459 427.876 945.033 380.828 374.156 363.797 357.748 625.237 342.901 328.148 313.995 304.06 300.259 441.484 470.744 490.49 427.457 297.724 288.234 786.002 529.905 296.025 287.997 283.59 274.979 345.03 471.061 272.851 317.207 267.112 264.961 256.41 273.033 258.816 250.902 248.21 240.459 224.08 218.366 353.411 217.744 216.089 213.86 268.461 806.171 209.889 205.001 204.561 202.481 198.453 250.262 210.727 489.192 243.691 193.663 428.636 327.491 273.192 189.074 186.924 219.496 183.238 181.161 288.572 197.387 179.697 182.237 194.329 217.083 234.113 179.366 177.982 318.982 446.451 211.118 184.159 177.343 366.79 347.711 228.802 175.036 299.674 417.734 291.245 224.175 171.428 170.352 168.15 197.425 265.151 203.033 167.579 246.411 163.515 161.347 154.883 151.837 151.248 146.9 146.228 142.384 155.162 142.204 140.375 138.328 302.142 672.632 329.807 171.102 733.967
threshold=7.4465231895446786 0 1 7.7717878818511972 7.3527534008026132 2 9.461545944213869 3 4 5 0.098654624074697508 6.8561301231384286 6.744683265686036 6 17.500000000000004 0.095947422087192549 7 4.1348783969879159 8 0.10945477336645128 0.05270845256745816 9 4.9065351486206064 0.30778898298740393 5.0493419170379648 -0.037008950486779206 7.849999427795411 10 0.25000000000000006 0.061421869322657592 35.349998474121101 0.089248880743980422 0.083499997854232802 4.5047848224639901 11 0.022575936280190948 0.16352472454309466 0.11874964460730554 0.072499997913837447 0.10990795493125917 6.1499998569488534 12 5.0493419170379648 9.7953972816467303 13 0.098019190132617964 14.949999809265138 4.0499999523162851 0.012954398989677431 0.059393314644694335 4.9065351486206064 0.059944719076156623 14 0.069445703178644194 6.9500000476837167 15 16 4.5047848224639901 0.055219287052750594 3.822698831558228 17 0.084925193339586272 0.053855204954743392 18 0.11649999767541887 0.19365485012531283 19 0.056865874677896507 0.055219287052750594 5.0493419170379648 -0.32614396512508387 20 0.20812153071165088 0.18643188476562503 42.254999160766609 21 5.759707212448121 76.500000000000014 0.08212983608245851 0.035104382783174522 0.098019190132617964 22 0.089673124253749861 0.061421869322657592 0.07936600968241693 6.4229502677917489 0.06450000032782556 23 5.759707212448121 0.052256155759096153 0.064643450081348433 0.059393314644694335 24 25 26 0.94639766216278087 6.4229502677917489 0.064750330522656455 27 5.759707212448121 28 29 0.11849759146571161 0.12240357697010042 7.1113042831420907 30 6.8561301231384286 0.089248880743980422 0.092709075659513487 31 0.098479028791189208 0.10989969968795778 32 1.6500005722045901 33 0.05270845256745816 34 0.07936600968241693 35 0.08212983608245851 -0.40614700317382807 36 5.759707212448121 37 5.759707212448121 38
decision_type=2 9 9 2 2 9 2 9 9 9 2 2 2 9 2 2 9 2 9 2 2 9 2 2 2 8 2 9 2 2 2 2 2 2 9 2 2 2 2 8 2 9 2 2 9 2 2 2 10 2 2 2 9 2 2 9 9 2 2 2 9 2 2 9 2 10 9 2 2 2 2 9 2 10 2 9 2 2 2 8 2 9 8 2 2 2 2 9 2 2 8 2 9 1 1 2 2 2 9 2 9 9 10 2 2 9 2 2 2 9 8 10 9 2 9 2 9 2 9 2 2 9 2 9 2 9
left_child=1 5 3 -2 7 92 -5 8 101 19 11 12 13 14 50 -14 107 18 -7 40 109 24 23 -16 52 -20 33 47 29 32 38 -32 -24 -19 35 36 37 -21 -31 -18 41 42 64 44 -4 -30 114 49 110 -10 -11 -51 62 -44 55 -48 -6 -54 115 -60 -61 -40 -22 -52 -9 66 67 68 -42 -70 71 -45 -73 112 87 76 -28 -74 79 -23 111 -26 -83 -84 -85 -86 -68 88 -29 -90 -89 -91 94 -94 119 -95 97 100 -99 -100 -57 -3 -67 -36 105 -105 -107 -13 -109 -15 -49 -80 -72 -56 -35 -27 -62 -118 -55 -1 121 122 123 -92 125 -122
right_child=2 4 43 6 56 17 -8 9 27 10 -12 16 15 20 22 -17 39 26 25 34 21 78 28 -25 81 58 75 74 45 30 31 -33 -34 46 103 -37 -38 -39 61 -41 65 -43 53 70 -46 -47 54 48 -50 51 63 -53 57 118 113 96 -58 -59 59 60 116 -63 -64 -65 -66 102 86 -69 69 -71 73 72 77 -75 -76 -77 -78 -79 80 -81 -82 82 83 84 85 -87 -88 90 89 91 120 -93 93 95 -96 -97 -98 98 99 -101 -102 -103 -104 104 -106 106 -108 108 -110 -111 -112 -113 -114 -115 -116 -117 117 -119 -120 -121 124 -123 -124 -125 -126 -127
leaf_value=0.018785905258486526 -0.1180831452516409 0.017820289693204851 -0.019572177768137633 -0.0056180349318764181 0.015927822997843295 0.0097582698989461675 -0.055749598991344955 -0.023077046116720883 -0.0096218069780589499 -0.036181492567062372 -0.004755110882921596 -0.0037795030362076519 -0.10346335699791527 -0.004384202450741676 0.0070674224256879027 -0.018204312951407498 -0.0045809381692381449 0.027840949173930079 -0.0011133148864077786 -0.012196734332717151 0.0073606410145823078 -0.0076246675282170585 -0.10084656238334916 -0.087611172369548254 0.013995909760670168 -0.018742663174674941 -0.0075892450234339558 0.0090698229512109329 0.001713714740078497 0.0090433077342259669 -0.080666026665670118 -0.017075516853828802 -0.029741140600431024 0.0046935098090667079 0.0036132435542571891 -0.056461812507045468 -0.052452095453289972 0.0046239030252670857 -0.0048573066721841387 0.0073267989420168116 -0.0025965955192460435 0.0005308466850350291 0.02725024412354005 -0.081044790405366149 0.006559443070394794 -0.022540659726088003 0.0038128990175554057 -0.028729734860109879 -0.0012638652158612287 0.010908755011079997 0.011221913130904515 -0.005187733726766181 0.029003190729036284 -0.0054980441324844901 -0.0026933578188256565 0.010836704272606325 0.001175292987204179 -0.0036372192882881864 0.01939954872209184 -0.089733286512309107 -0.0040968670810055076 -0.025815464035430537 -0.036946216485209085 -0.0060225114564115842 -0.064860993071838666 0.003779261908162699 -0.015347766288263297 -0.010920207870297932 -0.021215853135681199 -0.065115103852003808 0.024226607149138168 0.028237678409346097 -0.015458054153079336 -0.046256037994902181 0.0012824650012880935 0.0063885972512643056 0.0031676386485212289 -0.065712560866560257 -0.0080515153993307824 0.0032462616910501917 0.011245329844612403 0.017413829995252195 -0.0046659513713909247 0.018428307207588021 -0.012375161096745899 0.010895224219112539 -0.0062964470695598468 0.0053062578370027796 -0.013909074766710373 0.014333639415668144 0.011209787213169039 -0.002912525135585224 0.011096526721583642 0.017274792085452371 0.020365047956039384 -0.00028028417183262116 0.0012486210689463893 -0.0026867302007704385 -0.013876315206205071 -0.042471851711002886 -0.0032291083421964622 0.0078807228925764413 -0.016263813435060542 0.012091822867062842 -0.00056692002550756085 -0.029687119544555308 -0.0086910656572268437 -0.044213100760437857 -0.0088315935329897188 -0.021901118933817115 -0.010599002195160381 -0.042476571163193123 -0.010959185247331679 -0.00042127521543375507 0.00088360088622916645 -0.047806593733868141 -0.012002728484554349 -0.044853869703071543 -0.020271418201944374 -0.0050794758065978111 0.0063965324775225969 -0.0029535761560718944 -0.022561415151577387 -0.013977835209253645 -0.0005879037359856539 -0.011187998133370387
leaf_weight=282 116 1760 623 307 1962 1534 407 299 1972 154 30158 1029 190 1169 100 134 1980 343 666 1751 131 2888 117 167 3352 231 2204 3024 1156 437 204 235 218 11948 5937 294 206 2035 685 19734 421 9317 173 124 1218 631 21314 467 3156 1995 1323 1517 208 4825 48331 1194 1673 1441 150 134 615 1157 329 1162 161 2171 2108 10047 195 277 159 102 175 140 14230 11467 7562 104 3336 9183 480 907 1887 1061 681 905 30120 2303 2015 1096 1124 1132 4564 716 1818 9814 9767 1898 856 513 6628 14533 462 440 11127 521 2021 287 462 824 8006 121 304 58026 38280 490 307 224 663 1025 3091 7495 2653 800 13906 6874
leaf_count=282 116 1760 623 307 1962 1534 407 299 1972 154 30158 1029 190 1169 100 134 1980 343 666 1751 131 2888 117 167 3352 231 2204 3024 1156 437 204 235 218 11948 5937 294 206 2035 685 19734 421 9317 173 124 1218 631 21314 467 3156 1995 1323 1517 208 4825 48331 1194 1673 1441 150 134 615 1157 329 1162 161 2171 2108 10047 195 277 159 102 175 140 14230 11467 7562 104 3336 9183 480 907 1887 1061 681 905 30120 2303 2015 1096 1124 1132 4564 716 1818 9814 9767 1898 856 513 6628 14533 462 440 11127 521 2021 287 462 824 8006 121 304 58026 38280 490 307 224 663 1025 3091 7495 2653 800 13906 6874
internal_value=-0.00104585 -0.000925283 -0.0174994 -0.0455314 -0.00222206 0.000532139 -0.0342324 -0.00237615 -0.000696756 -0.00326377 -0.00133215 0.000374937 -0.00249184 -0.00190762 -0.0118947 -0.0683664 0.00488674 0.000141631 -0.00917348 -0.005309 0.000773088 0.00170242 -0.0185029 -0.052257 0.00592586 -0.0194482 0.000325629 -0.00274613 -0.0166304 -0.0223461 -0.0183273 -0.0467417 -0.0548012 -4.42217e-05 -0.00213447 -0.00918507 -0.005713 -0.0031567 -0.0128357 0.00623795 -0.00657114 -0.00310828 -0.00863348 -0.00941079 -0.00236005 -0.00685846 -9.24842e-05 -0.00627112 -0.00879637 -0.000927061 0.000850568 0.00395642 -0.00493073 -0.00627162 -0.000729461 0.00109732 0.00918724 0.000492046 -0.0252123 -0.0184735 -0.0229234 -0.0180284 -0.023823 0.00315914 -0.0378104 -0.00773826 -0.00822595 -0.0121525 -0.0261254 -0.047062 -0.0211981 -0.0348874 -0.0171223 -0.0096949 -0.00173545 0.00379349 0.00073873 -0.0343587 -0.00117704 0.000644964 -0.00676512 0.00853682 0.00513656 0.00268859 0.0079313 0.000901836 -0.00688681 -0.00267941 0.00162402 -0.00367969 -0.00349663 0.00557385 0.00534501 0.00399144 0.0118459 0.000914921 -0.00167896 -0.00425891 -0.0118885 -0.0244366 -0.00107118 0.00896571 0.000257559 -0.00062172 -0.00240434 -0.00925799 -0.0129534 -0.0115793 -0.0224299 -0.0117657 -0.0116016 -0.00926838 0.00143616 -0.00145378 0.00179107 -0.0385337 -0.0141345 -0.0254409 -0.00733312 8.01751e-05 -0.00406176 -0.00667877 -0.0127426 0.000734943 -0.00273807 -0.00573824
internal_weight=519658 515879 3779 830 272978 242901 714 269343 93149 176194 90623 60465 36973 36649 7746 324 23492 224682 4351 85571 28903 26910 5107 267 10902 2817 220331 76856 4840 3053 2718 439 335 199098 24332 4286 3992 3786 2279 21714 61239 15438 6121 2949 1841 1787 198755 17113 11629 5484 2639 3512 2109 5661 148527 42170 3635 1649 2151 1430 1280 1842 460 2485 460 45801 43168 10940 893 472 1108 505 381 603 59743 21233 9766 279 16008 12071 3937 8793 5441 4534 2647 1586 32228 45513 7267 4243 38246 2228 18219 15094 3125 10530 20856 11089 3267 1369 7822 16293 2633 20046 14109 2982 2542 1778 749 1993 8473 3457 463 106357 50228 721 1146 531 5488 1307 35943 12072 4577 1924 23871 9965
internal_count=519658 515879 3779 830 272978 242901 714 269343 93149 176194 90623 60465 36973 36649 7746 324 23492 224682 4351 85571 28903 26910 5107 267 10902 2817 220331 76856 4840 3053 2718 439 335 199098 24332 4286 3992 3786 2279 21714 61239 15438 6121 2949 1841 1787 198755 17113 11629 5484 2639 3512 2109 5661 148527 42170 3635 1649 2151 1430 1280 1842 460 2485 460 45801 43168 10940 893 472 1108 505 381 603 59743 21233 9766 279 16008 12071 3937 8793 5441 4534 2647 1586 32228 45513 7267 4243 38246 2228 18219 15094 3125 10530 20856 11089 3267 1369 7822 16293 2633 20046 14109 2982 2542 1778 749 1993 8473 3457 463 106357 50228 721 1146 531 5488 1307 35943 12072 4577 1924 23871 9965
cat_boundaries=0 2 4 6 7 9 11 13 15 16 18 20 21 23 25 27 29 31 33 34 35 36 38 40 42 43 44 45 47 49 51 53 55 56 58 60 61 62 63 65
cat_threshold=3687070294 17578 276824066 8192 20 2 2 538083488 8196 68863008 2052 536870912 4608 0 16 4608 1 337 16385 257 67272704 67256320 4 687865856 2048 0 16 3406045250 8 1572864 4100 0 16384 1 1704960 1048576 415248896 160 1 80 67108864 576 4 2 2 4198912 16384 0 1056 0 4 32 2048 2097280 272 135266304 1480597568 160 33554434 1024 4 2621448 1 524288 4096
is_linear=0
shrinkage=0.03


Tree=62
num_leaves=127
num_cat=17
split_feature=0 40 31 27 4 27 11 26 31 44 25 11 25 29 21 0 22 25 44 48 25 27 27 25 4 25 0 47 33 0 0 20 25 3 0 25 20 3 0 27 0 30 22 0 4 25 25 0 11 25 25 25 25 0 4 25 25 25 27 44 27 25 20 47 6 25 20 25 22 0 0 25 25 0 48 25 25 25 0 30 0 25 25 4 25 4 27 27 44 4 44 0 25 3 4 0 25 27 4 25 3 27 4 25 48 0 0 25 25 20 44 4 27 28 27 27 25 4 0 0 0 4 25 25 0 25
split_gain=1152.39 801.812 583.749 311.177 305.262 300.272 277.879 284.654 275.907 314.117 310.168 274.273 219.902 206.109 279.173 184.423 508.308 172.443 171.81 171.168 153.982 166.715 158.125 143.058 140.517 140.16 221.354 139.521 130.487 126.728 122.353 120.509 115.55 284.078 186.219 167.235 126.797 174.877 120.615 126.771 112.728 146.394 130.261 110.603 256.662 258.552 197.383 109.74 108.749 108.031 146.72 178.997 115.649 104.522 158.3 333.392 287.245 306.831 919.55 155.465 142.31 180.885 137.315 103.581 106.748 103.308 102.771 101.417 100.786 99.2646 97.4599 127.047 293.5 465.245 106.734 97.1791 108.072 96.9689 95.087 91.8863 100.132 107.835 252.493 194.703 156.502 155.171 321.943 114 138.045 112.589 118.442 112.107 173.711 120.446 110.299 143.395 103.918 91.796 224.349 91.7348 255.9 97.3366 150.995 161.562 140.979 91.1577 173.32 100.101 90.9212 90.8325 90.3136 87.9118 131.129 87.7893 87.5185 86.343 106.71 266.073 583.495 454.407 219.216 269.861 187.048 299.396 317.84 115.146
threshold=13030.000000000002 32.95000076293946 0.062716279178857817 0.17337424308061603 0 0.1575826704502106 0.24372619390487674 0.080585796386003508 0.056429935619235046 0.1094999983906746 71.500000000000014 0.24372619390487674 16.500000000000004 0.041942948475480087 0.061439437791705138 1560.0000000000002 -2.3023446202278133 107.50000000000001 0.10850000008940698 1.0000000180025095e-35 81.500000000000014 0.16058247536420825 0.11368945986032487 76.500000000000014 1 19.500000000000004 325.00000000000006 11.704999923706056 9.0500001907348651 1255.0000000000002 475.00000000000006 39.500000000000007 22.500000000000004 2 325.00000000000006 61.500000000000007 61.500000000000007 3 1225.0000000000002 0.10945477336645128 615.00000000000011 0.16563932597637179 0.058213453739881522 110.00000000000001 4 68.500000000000014 29.500000000000004 615.00000000000011 0.86975130438804638 39.500000000000007 59.500000000000007 60.500000000000007 29.500000000000004 1225.0000000000002 5 42.500000000000007 18.500000000000004 30.500000000000004 0.16058247536420825 0.10150000080466272 0.16058247536420825 75.500000000000014 40.500000000000007 34.885000228881843 1.0000000180025095e-35 7.5000000000000009 50.500000000000007 60.500000000000007 -1.8127432465553281 45.000000000000007 155.00000000000003 19.500000000000004 15.500000000000002 325.00000000000006 54.250000000000007 67.500000000000014 51.500000000000007 10.500000000000002 225.00000000000003 0.10556088760495187 325.00000000000006 26.500000000000004 37.500000000000007 6 25.500000000000004 7 0.095947422087192549 0.086274277418851866 0.092500001192092909 8 0.093499999493360533 850.00000000000011 57.500000000000007 9 10 950.00000000000011 12.500000000000002 0.055219287052750594 11 69.500000000000014 12 0.053855204954743392 13 49.000000000000007 38.45000076293946 950.00000000000011 325.00000000000006 18.500000000000004 57.500000000000007 86.500000000000014 0.11150000244379045 14 0.058047603815793998 0.094471801072359099 0.10945477336645128 0.10038758814334871 97.500000000000014 15 1225.0000000000002 850.00000000000011 850.00000000000011 16 69.500000000000014 64.500000000000014 1225.0000000000002 106.00000000000001
decision_type=2 2 8 2 9 2 2 10 10 2 2 2 2 10 10 2 10 2 2 2 2 2 2 2 9 2 2 2 2 2 2 2 2 1 2 2 2 1 2 2 2 10 10 2 9 2 2 2 2 2 2 2 2 2 9 2 2 2 2 2 2 2 2 2 2 2 2 2 10 2 2 2 2 2 2 2 2 2 2 10 2 2 2 9 2 9 2 2 2 9 2 2 2 1 9 2 2 2 9 2 1 2 9 2 2 2 2 2 2 2 2 9 2 10 2 2 2 9 2 2 2 9 2 2 2 2
left_child=1 2 4 5 40 8 19 20 9 10 24 28 -6 68 15 30 -17 23 -13 -4 29 22 31 65 -2 26 -16 32 -3 43 -15 -22 33 77 49 36 67 38 39 -38 -1 42 -42 44 46 -46 -8 -28 -27 52 111 -52 -34 79 60 56 -56 58 -58 -59 61 -55 -57 64 69 -11 -66 -36 -14 -29 74 72 78 -74 -35 76 -64 -21 -72 80 99 84 83 -83 85 86 -82 88 -87 -84 91 93 -93 -91 95 -89 -96 -54 -99 101 -101 -45 103 104 -103 106 -81 -107 -104 -30 -111 112 -51 -32 -39 -71 120 118 -118 125 121 -117 123 -122 -125 -119
right_child=3 11 6 -5 12 -7 7 -9 -10 17 -12 18 13 14 25 16 -18 -19 -20 27 21 -23 -24 -25 -26 48 47 63 109 -31 113 -33 34 70 35 -37 37 114 -40 -41 41 -43 -44 53 45 -47 -48 -49 -50 50 51 -53 97 54 55 62 57 59 -60 -61 -62 -63 75 -65 66 -67 -68 -69 -70 115 71 -73 73 -75 -76 -77 -78 -79 -80 105 81 82 89 -85 -86 87 -88 94 -90 90 -92 92 -94 -95 96 -97 -98 98 -100 100 -102 102 108 -105 -106 107 -108 -109 -110 110 -112 -113 -114 -115 -116 116 117 119 -120 -121 122 -123 -124 124 -126 -127
leaf_value=0.0074796404006357009 -0.074399291145801544 0.0011104470243210437 0.0022156900768106097 -0.075661813477602077 0.0090774160167774853 0.0074304132490522331 -0.043222120806017769 -0.0013243875668728345 -0.067439502056526102 0.0090089540648676282 -0.0063627291440963747 -0.0058716944396489789 0.020210646000771739 0.0024725872932069098 -0.0018679809408099161 -0.074606205260399544 0.0062152055520706658 -0.045646795155638353 0.00092642168977769251 -0.015626832816682486 0.015624004915064457 0.007627721309895725 -0.046354292937750487 0.019385949346530987 -0.03379674703112015 -3.9890578745739855e-05 -0.061777711076164012 0.016828185684242995 0.0051433224231085886 0.0073309269478863646 0.012642546348273276 -0.011453035375672221 -0.0046675862151581348 -0.038553071396388847 0.0054696616404726226 0.0009901752249641565 -0.007266424830539 0.013480570384802727 0.0020316558868294114 -0.032592698636934252 -0.0010010576071522669 0.0070127380654687425 -0.021028824542301431 -0.0066414027567633883 -0.0043621810698937814 -0.033765772252562914 0.0024177365725298818 -0.019926299889868295 -0.0033853743143070262 0.017063220296865168 -0.017708204492514444 -0.003175144646229745 -0.008957274737586448 -0.0055626455294056753 -0.0035704150143803515 -0.034849613825208507 -0.016005953882467346 -0.044384331166636877 -0.12776589524429458 -0.0075760457472323055 -0.00029103363072412918 -0.026473970865763495 0.0055620077492588059 -0.00091416119687637071 -0.0051680266035435008 -0.020289845351160817 -0.020444715554149732 -0.016979754338040946 -0.0056782035304015358 -0.0034066409290751634 -0.017757732151541857 0.0047452669445487844 -0.0028902261940809558 -0.054601145711082683 -0.005443446118438589 0.011465790248636542 -0.012986824912334336 0.0076964676482063508 0.0098342991042415315 0.0011219033114612102 0.00085165371228616664 -0.0031986293370127065 0.00072086167657296741 0.016845006131392032 -0.028558771092715301 -0.036700661378457164 -0.029072249594699732 -0.029163940055858366 -0.0042871024584585976 0.0035747327309352075 -0.0019114008999958963 -0.020202451394563805 -0.0050658563271333609 -0.015472482905340606 -0.0049095317656964602 0.0028596066693878834 0.022216181471618975 -0.064111807766104381 -0.01468586237648151 -0.0038000184591983109 -0.036280970302220709 -0.053955236796889669 0.010018445367905054 -0.00056027981816018208 -0.012115930704957586 -0.016360330960936677 -0.034300273641248602 0.012709198170827557 -0.015246356017887593 0.00014458728003046038 0.0061412658183084565 -0.0028906425477653883 0.001640799724859843 0.0039930115394174858 -0.0040192774348502035 -0.0088352399093039047 0.011356469579734541 -0.041509032821216763 -0.060016250474923427 -0.001315464796445075 -0.0030030817621656599 0.0075780116781972258 0.0013242218109238992 -0.035660869124174599 -0.0030419675394156563 -0.014621612328708499
leaf_weight=7110 199 81248 9843 101 2279 269 320 29989 137 142 149 7463 137 11129 430 100 228 117 6064 165 152 451 113 151 129 42654 100 232 14412 809 2187 4608 2056 152 1919 33413 6482 649 1298 182 1436 1801 366 6997 3313 292 116 131 10999 700 804 14554 538 1651 336 127 161 166 112 272 3221 480 435 32231 1241 449 582 199 7123 67232 139 1100 394 259 206 347 804 4863 570 199 672 703 6755 1147 273 136 623 148 867 1108 7794 1215 1557 408 180 809 429 111 319 670 323 103 1174 888 242 220 330 205 143 9168 2999 1624 1699 2044 425 1111 187 306 228 7471 11273 4765 8558 544 531 272
leaf_count=7110 199 81248 9843 101 2279 269 320 29989 137 142 149 7463 137 11129 430 100 228 117 6064 165 152 451 113 151 129 42654 100 232 14412 809 2187 4608 2056 152 1919 33413 6482 649 1298 182 1436 1801 366 6997 3313 292 116 131 10999 700 804 14554 538 1651 336 127 161 166 112 272 3221 480 435 32231 1241 449 582 199 7123 67232 139 1100 394 259 206 347 804 4863 570 199 672 703 6755 1147 273 136 623 148 867 1108 7794 1215 1557 408 180 809 429 111 319 670 323 103 1174 888 242 220 330 205 143 9168 2999 1624 1699 2044 425 1111 187 306 228 7471 11273 4765 8558 544 531 272
internal_value=-0.00101574 -0.000931404 -0.0015848 -0.0246896 0.000535401 -0.0216925 -0.00221011 -0.0036727 -0.0270124 -0.0228195 -0.0423177 0.00120222 -0.000104925 -0.000375891 0.000123137 0.00364813 -0.0185773 -0.0119556 -0.00282433 -0.00165133 -0.00496236 -0.00980906 -0.0114241 -0.00658881 -0.0585819 -0.000895067 -0.0146147 -0.00183124 0.00170738 -0.00443855 0.00412392 -0.0105853 -0.000789685 0.0026541 -0.00119327 -7.16187e-05 -0.00325214 -0.00480064 -0.00633349 -0.0079629 0.00528921 0.000965831 -0.00507826 -0.00463514 -0.00938671 -0.00675253 -0.0311017 -0.038232 -0.000725773 -0.00342431 -0.00260117 -0.00393706 -0.00869725 -0.00420277 -0.00728157 -0.0131163 -0.0264448 -0.0372345 -0.0621551 -0.0215955 -0.00427072 -0.0102831 -0.00495917 -0.00240104 -0.00285948 -0.0132469 -0.0100537 0.00335337 -0.00518695 -0.00273169 -0.00496615 -0.00283561 -0.00895718 -0.0234525 -0.0195694 -0.00254522 -0.00647529 0.00692813 0.00440747 -0.00351491 -0.00326683 -0.00222649 -0.00134211 0.00923081 -0.00664742 -0.00509235 -0.0135555 -0.000822571 -0.00871434 -0.00238093 -0.00411504 -0.00811906 -0.0117053 -0.00155825 0.00423432 -0.00211811 0.0142038 -0.0172425 -0.0275638 -0.00571661 -0.0143912 -0.00481294 0.000204858 -0.00733679 -0.0247269 -0.012698 -0.0209981 -0.00234164 0.0072657 0.00353199 0.00162307 0.00249836 0.00614612 0.00846588 0.00655829 -0.00277614 -0.00157338 -0.00450949 -0.0279055 -0.00329989 -0.000645343 0.00447371 -0.00208429 -0.00444653 -0.0195665 -0.0289032
internal_weight=519471 517628 396274 1843 90254 1742 306020 84593 1473 1336 477 121354 79541 77262 70002 15688 328 859 13527 221427 54604 5324 4873 742 328 54314 661 211584 107827 49280 15360 4760 74820 7848 66972 44567 11154 9036 7962 6664 10713 3603 1802 48471 4041 3605 436 231 53653 22405 19381 15358 3024 44430 8112 2760 1047 711 273 438 5352 2131 1713 136764 104533 591 1823 2118 7260 102710 2820 2462 1362 653 358 1586 1239 5028 709 36318 35364 24824 20687 1850 4137 3864 1295 2569 1003 18837 12082 4288 2772 1516 1566 957 609 968 430 10540 993 9547 2550 1233 345 954 529 425 1317 26579 12167 4023 2399 4231 1074 102478 35246 8464 415 8049 26782 5876 20906 12348 1075 578
internal_count=519471 517628 396274 1843 90254 1742 306020 84593 1473 1336 477 121354 79541 77262 70002 15688 328 859 13527 221427 54604 5324 4873 742 328 54314 661 211584 107827 49280 15360 4760 74820 7848 66972 44567 11154 9036 7962 6664 10713 3603 1802 48471 4041 3605 436 231 53653 22405 19381 15358 3024 44430 8112 2760 1047 711 273 438 5352 2131 1713 136764 104533 591 1823 2118 7260 102710 2820 2462 1362 653 358 1586 1239 5028 709 36318 35364 24824 20687 1850 4137 3864 1295 2569 1003 18837 12082 4288 2772 1516 1566 957 609 968 430 10540 993 9547 2550 1233 345 954 529 425 1317 26579 12167 4023 2399 4231 1074 102478 35246 8464 415 8049 26782 5876 20906 12348 1075 578
cat_boundaries=0 1 2 3 4 5 6 7 8 9 10 11 12 13 14 15 16 17
cat_threshold=2 4 2 2 2 4 1 2 1 2 4 1 2 1 1 1 2
is_linear=0
shrinkage=0.03


Tree=63
num_leaves=127
num_cat=28
split_feature=0 5 5 0 0 0 5 0 5 37 0 40 5 27 23 30 2 5 5 27 27 5 27 5 2 5 0 23 4 12 27 25 23 47 25 0 5 25 27 5 0 0 5 25 0 4 25 25 0 0 27 25 0 23 25 5 27 0 23 0 25 11 5 47 29 0 20 27 27 0 31 21 25 25 5 27 20 31 27 27 0 0 5 25 5 12 11 12 5 0 27 5 0 5 25 25 0 27 11 25 25 0 0 5 27 27 4 27 27 25 12 4 11 25 25 25 11 48 12 27 0 31 25 25 0 25
split_gain=1022.39 952.411 852.383 800.784 582.596 450.922 435.078 479.5 412.01 402.051 561.989 930.087 513.068 408.378 363.4 359.116 354.134 362.272 351.157 429.371 314.979 573.677 326.204 264.956 508.741 261.274 451.251 651.549 385.706 248.833 516.028 243.238 242.9 241.134 270.587 349.257 378.214 310.425 268.755 234.674 429.264 232.766 299.898 232.351 668.047 409.192 236.256 228.513 223.439 517.335 221.812 536.093 1044.28 502.971 396.362 254.57 421.303 228.154 220.756 218.02 212.248 210.817 443.764 335.527 269.483 207.126 204.159 203.904 331.435 221.639 203.365 202.504 246.167 373.646 329.195 287.305 225.442 201.035 451.241 603.998 977.831 4578.09 393.837 370.041 355.308 312.001 232.337 397.278 516.634 471.85 1326.88 309.603 247.16 569.958 210.276 208.718 1161.73 387.006 724.941 310.164 700.56 327.093 1212.63 308.3 208.04 237.306 234.718 207.758 291.152 373.501 253.341 207.41 233.009 192.892 338.817 351.783 234.701 191.501 255.658 190.536 189.747 216.522 253.848 189.725 508.969 346.891
threshold=1715.0000000000002 0 1 2375.0000000000005 1560.0000000000002 13030.000000000002 2 325.00000000000006 3 24.349999427795414 1280.0000000000002 15.750000000000002 4 0.1045757830142975 0.07194120436906816 0.19365485012531283 5 6 7 0.064750330522656455 0.058047603815793998 8 0.07936600968241693 9 10 11 950.00000000000011 0.099415287375450148 12 0.15738975256681445 0.056865874677896507 21.500000000000004 0.051437802612781532 62.68499946594239 99.000000000000014 155.00000000000003 13 72.500000000000014 0.059944719076156623 14 325.00000000000006 17950.000000000004 15 16.500000000000004 325.00000000000006 16 15.500000000000002 84.500000000000014 1410.0000000000002 1280.0000000000002 0.098654624074697508 113.00000000000001 850.00000000000011 0.081555202603340163 89.500000000000014 17 0.1321084722876549 1225.0000000000002 0.058227287605404861 55.000000000000007 3.5000000000000004 -0.30983471870422358 18 18.204999923706058 0.079769685864448561 90.000000000000014 76.500000000000014 0.056865874677896507 0.055219287052750594 155.00000000000003 0.058152329176664359 0.10694084689021112 64.500000000000014 73.500000000000014 19 0.055219287052750594 34.500000000000007 0.062716279178857817 0.051913643255829818 0.059944719076156623 475.00000000000006 425.00000000000006 20 40.500000000000007 21 -0.21862536668777463 0.24372619390487674 -0.16799793392419812 22 850.00000000000011 0.095947422087192549 23 950.00000000000011 24 80.500000000000014 97.500000000000014 1225.0000000000002 0.14242830872535708 -0.48314717411994929 77.500000000000014 76.500000000000014 1225.0000000000002 1100.0000000000002 25 0.11368945986032487 0.095947422087192549 26 0.1321084722876549 0.089248880743980422 61.500000000000007 -0.95242238044738758 27 0.78325453400611889 26.500000000000004 77.500000000000014 95.000000000000014 -0.8337765336036681 18.19999980926514 1.0000000180025095e-35 0.10945477336645128 180.00000000000003 0.05318147316575051 114.50000000000001 19.500000000000004 615.00000000000011 18.500000000000004
decision_type=2 9 9 2 2 2 9 2 9 2 2 2 9 2 8 10 9 9 9 2 2 9 2 9 9 9 2 10 9 2 2 2 8 2 2 2 9 2 2 9 2 2 9 2 2 9 2 2 2 2 2 2 2 8 2 9 2 2 10 2 2 2 9 2 10 2 2 2 2 2 10 8 2 2 9 2 2 8 2 2 2 2 9 2 9 2 2 2 9 2 2 9 2 9 2 2 2 2 2 2 2 2 2 9 2 2 9 2 2 2 2 9 2 2 2 2 2 2 2 2 2 10 2 2 2 2
left_child=1 6 3 -2 9 -5 48 18 32 10 15 13 16 -12 -10 23 17 -11 29 33 21 -14 -22 50 39 26 27 65 -28 30 -8 -16 -9 34 35 36 37 59 -36 40 -25 42 -4 44 46 -46 -19 -37 49 60 51 54 -53 -52 -3 56 -55 -58 -17 -20 -1 62 -43 66 -63 -26 -64 68 -67 -70 -66 -27 74 -74 -73 -75 -77 -33 82 84 81 83 94 85 -80 -81 91 88 -88 90 -90 -82 93 -93 -79 99 -97 98 -98 100 101 102 103 -94 105 106 -91 108 -105 110 -110 112 -107 116 -115 -116 -38 -34 -119 -112 -31 -122 -123 124 -69 -126
right_child=2 4 41 5 -6 -7 7 8 14 12 11 -13 20 -15 31 58 -18 43 19 -21 22 -23 -24 24 25 71 28 -29 -30 120 -32 77 117 -35 38 47 113 -39 -40 -41 -42 61 -44 -45 45 -47 -48 -49 -50 -51 53 52 -54 55 -56 -57 57 -59 -60 -61 -62 64 63 -65 70 67 -68 123 69 -71 -72 72 73 75 -76 76 -78 78 79 80 86 -83 -84 -85 -86 -87 87 -89 89 104 -92 92 95 -95 -96 96 97 -99 -100 -101 -102 -103 -104 107 -106 111 -108 -109 109 -111 119 -113 -114 114 115 -117 -118 118 -120 -121 121 122 -124 -125 125 -127
leaf_value=0.02987405591559681 -0.11399161252763963 -0.0019200607433978553 -0.018513077594016471 -0.0042513731441210607 0.010151727950370618 -0.052490107742222868 -0.0173082989507925 -0.017502868111323878 -0.0345270300957808 0.011880040027530249 -0.033704978671184806 0.033435770942726067 0.0066191714645994059 -0.11016823430856068 0.0091451285948961208 -0.022425946646048266 -0.0055093847310137998 -0.0061570384582702179 0.0076760657374423148 -0.0065027081408444362 0.0056167964570190757 -0.011643853866592571 0.00011715591302105312 -0.002970692170427783 0.025838058557022703 -0.00092578614467273229 0.023912993208673582 -0.066463413788326861 -0.010758099965482895 -0.0058823378258267356 -0.0033449897275783283 0.0028998529622135715 0.0061618806656444152 -0.022496125813404797 -0.0014838769155335353 0.0039818715421996945 -0.0029710261195500208 0.025762043687021497 -0.019957129982022318 -0.0020010851366264095 -0.050602125534787774 -0.079640049046703743 0.0063428273443004576 0.00067222404307078936 -0.064823489086072245 -0.013159359389058859 0.033030017622759644 0.016253442682337083 -0.016579432388170692 0.057426439497289775 -0.037357149081599476 0.017935689604740606 -0.026628793326563146 -0.029437647702271277 0.0041021565485186186 -0.0033370048912236506 0.017076766139122884 -0.030530426818877455 0.0050386902208425259 -0.005509870040412479 0.0028981865421183512 0.01024942381057603 -0.014049908216111361 0.030915732008248275 -0.0020677274693956687 -0.0065979743595151151 -0.066553259214874608 -0.0070796294330897989 -0.019865745147804682 -0.062424496708242683 -0.054469525053367746 0.0042886221748592865 -0.019408480410293586 -0.03021217355093813 -0.0070233062855075091 -0.047988410899415607 -0.0055237399110052727 -0.033105630603210666 0.00061270884445765767 -0.079288101303665079 0.0028925019270717102 -0.13151397029977094 -0.0032213983423459479 -0.0041854307287936387 0.010823431797325997 -0.019326846239124056 -0.0014584123364601502 0.0010547966027949988 -0.10452429501860412 0.02483527813859554 -0.0091816395171917965 -0.0042514743527323987 -0.033522758398725726 0.013667546031781044 -0.0079631087138303247 0.005361268210818111 -0.1352332977099078 -0.029294318664391743 -0.023816269597794749 0.02285603842733315 -0.071581808258201526 0.0023726805575277712 -0.10184817280651123 0.0026882622160108042 -0.0013906106206561272 -0.029497841718968829 -0.013468842628318324 0.0098434649376887527 0.0063124594335333579 0.0017715821433492162 -0.029730274004480813 -0.016229783299314474 -0.080403092227732897 0.010414372466394286 -0.052039838149104005 -0.0044297262727438155 -0.059627685709518465 -0.0040293252215862635 0.0034573710127924003 -0.0095195537962932137 0.0031988827044594232 0.0016806476912884704 -0.043211297243833539 -0.0076406799418492436 -0.095334592521737468 -0.032573632617982531
leaf_weight=263 123 54442 664 312 3418 395 3904 497 276 2280 128 107 2513 125 2486 274 22135 395 1609 9311 17203 4001 22273 509 109 5607 483 231 715 6730 6109 14449 15942 399 12613 16273 102 401 750 40779 255 129 1229 5213 265 288 212 1490 517 157 416 638 1825 862 12004 22087 369 119 6252 3773 46724 337 191 100 125 332 102 684 182 283 142 3053 3022 466 9516 113 8776 875 6262 101 23255 284 1986 3744 6015 338 4741 8351 196 192 395 4233 336 2552 456 870 111 290 100 395 136 5086 120 1948 1130 377 566 798 304 1181 1290 922 103 379 257 305 185 5109 20875 624 5374 255 203 2245 108 298
leaf_count=263 123 54442 664 312 3418 395 3904 497 276 2280 128 107 2513 125 2486 274 22135 395 1609 9311 17203 4001 22273 509 109 5607 483 231 715 6730 6109 14449 15942 399 12613 16273 102 401 750 40779 255 129 1229 5213 265 288 212 1490 517 157 416 638 1825 862 12004 22087 369 119 6252 3773 46724 337 191 100 125 332 102 684 182 283 142 3053 3022 466 9516 113 8776 875 6262 101 23255 284 1986 3744 6015 338 4741 8351 196 192 395 4233 336 2552 456 870 111 290 100 395 136 5086 120 1948 1130 377 566 798 304 1181 1290 922 103 379 257 305 185 5109 20875 624 5374 255 203 2245 108 298
internal_value=-0.00097381 -0.000858886 -0.0163761 -0.0431055 -0.00214964 -0.0312384 0.000428092 -0.000157427 0.000856462 -0.00231518 -0.00310006 -0.0404933 -0.000501505 -0.0717683 -0.000214014 -0.0030238 -0.00349809 0.00164742 -0.00217733 -0.000721358 0.00150502 -0.00460604 0.00251389 -0.00328811 -0.00457974 -0.00717847 -0.0130978 -0.0175005 0.0032286 -0.00526041 -0.00879037 -0.000116649 0.00332537 0.000675467 0.000918478 0.00277434 -0.00289511 0.000331474 -0.00252211 -0.0023125 -0.0186699 -0.00884366 -0.00244521 -0.00202756 -0.0141679 -0.0379894 0.00756119 0.0050121 0.00301623 0.00323211 -0.00220452 -0.00134162 -0.0150825 -0.00469812 -0.000832054 -0.00411686 -0.0167156 0.00542894 0.0038823 -0.00156712 0.00304981 -0.0196673 -0.0336132 -0.015916 -0.00757912 -0.0148186 -0.0324917 -0.0158971 -0.0295252 -0.0458455 -0.0300361 -0.00607564 -0.00723551 -0.0102386 -0.0042777 -0.00727465 -0.0060689 -0.000358823 -0.000942572 -0.000477831 -0.00162939 -0.0151735 -0.011776 -0.00724513 0.00562514 -0.0332709 -0.000630814 -0.00360884 -0.0081255 -0.0162219 -0.0409244 0.000527786 -0.00217168 0.00250319 -0.0243217 -0.00450746 -0.0156024 -0.0519447 -0.0827904 -0.00326129 -0.00413572 -0.0033448 -0.00774975 -0.00599201 -0.0118227 -0.0172771 -0.00374654 -0.00441973 -0.00655811 -0.0118565 -0.0191105 -0.0245846 -0.0405657 -0.0179347 -0.0114908 -0.0262554 -0.0395721 0.00357348 0.00198523 -0.0231496 -0.00245044 0.00151022 -0.0182677 -0.0126323 -0.0228969 -0.0494619
internal_weight=519839 515990 3849 830 257610 707 258380 210719 140297 254192 177414 360 76778 253 97874 177054 30788 8653 70422 47847 45990 6514 39476 170528 77766 36223 5670 4472 1198 22575 10013 97598 42423 38536 38137 24774 7011 5783 13363 41543 764 3019 1893 6373 1160 553 607 17763 47661 47144 92762 68909 2463 23853 66446 23437 1350 488 6526 5382 46987 1126 522 393 604 4241 293 4132 797 465 267 30553 24946 12377 12569 9355 8889 95112 80663 77346 65069 4467 3317 4183 12277 439 60602 16973 8622 3881 591 43629 20374 6785 1331 13589 1371 501 211 12218 11823 11687 6601 6481 3290 2160 758 6145 5347 3399 2218 1402 480 1228 941 562 287 41926 25984 1914 12562 5832 458 3335 1090 406
internal_count=519839 515990 3849 830 257610 707 258380 210719 140297 254192 177414 360 76778 253 97874 177054 30788 8653 70422 47847 45990 6514 39476 170528 77766 36223 5670 4472 1198 22575 10013 97598 42423 38536 38137 24774 7011 5783 13363 41543 764 3019 1893 6373 1160 553 607 17763 47661 47144 92762 68909 2463 23853 66446 23437 1350 488 6526 5382 46987 1126 522 393 604 4241 293 4132 797 465 267 30553 24946 12377 12569 9355 8889 95112 80663 77346 65069 4467 3317 4183 12277 439 60602 16973 8622 3881 591 43629 20374 6785 1331 13589 1371 501 211 12218 11823 11687 6601 6481 3290 2160 758 6145 5347 3399 2218 1402 480 1228 941 562 287 41926 25984 1914 12562 5832 458 3335 1090 406
cat_boundaries=0 2 4 6 7 9 10 12 13 15 17 18 19 20 22 23 25 26 28 29 31 33 35 37 39 41 43 44 45
cat_threshold=2579774166 18090 276824066 8192 402915412 10 20980226 69910537 324 2 163840 4 20980226 537920544 10240 1713471496 4357 10 656384 1 4224 16416 1 687865856 2048 1 1142947840 256 1048576 1 2064 0 640 2048 16512 2147483648 16544 8388736 640 0 1056 0 1024 1 1
is_linear=0
shrinkage=0.03


Tree=64
num_leaves=127
num_cat=39
split_feature=0 5 2 5 5 4 5 0 5 0 0 0 0 25 25 27 48 27 0 5 0 0 0 5 0 5 27 5 0 5 8 0 25 0 48 5 0 4 27 0 5 45 5 5 0 0 5 12 5 0 5 27 5 25 25 29 27 4 25 0 0 4 27 0 25 5 25 26 25 0 31 27 5 0 12 30 5 5 20 48 27 5 29 26 5 27 31 25 25 13 5 20 27 25 5 0 0 5 25 5 27 48 5 25 25 25 27 27 4 29 31 20 13 27 5 5 25 27 27 5 27 26 27 20 5 40
split_gain=1073.39 1007.04 825.502 1545.09 776.007 760.926 729.908 732.089 800.815 1776.72 4210.7 780.556 702.399 652.865 624.527 667.552 1670.06 554.107 481.663 477.239 465.37 383.46 382.525 510.843 368.562 1558.39 411.12 625.899 475.379 428.356 353.447 349.592 332.241 326.372 363.669 323.195 353.81 296.654 285.403 283.466 297.415 265.506 422.027 275.343 501.29 2245.94 558.77 423.977 366.284 317.617 425.65 347.183 1289.02 468.293 316.515 305.228 326.635 505.899 348.973 305.098 699.318 480.192 884.485 409.117 354.59 342.053 338.881 316.236 359.098 293.76 282.559 257.976 256.571 450.377 679.892 252.94 244.765 238.586 469.034 599.743 235.342 294.414 234.971 225.172 221.588 212.887 268.081 247.89 376.104 355.229 211.201 222.54 210.966 208.392 451.384 207.588 201.988 558.426 446.729 302.484 291.022 215.976 209.457 203.833 231.811 457.912 201.629 201.1 201.094 195.077 244.96 227.321 308.781 506.442 191.187 186.946 185.761 235.959 282.904 197.476 193.584 181.049 179.958 178.676 205.578 176.661
threshold=1715.0000000000002 0 1 2 3 4 5 850.00000000000011 6 425.00000000000006 475.00000000000006 325.00000000000006 2375.0000000000005 102.50000000000001 78.500000000000014 0.089248880743980422 18.19999980926514 0.059944719076156623 950.00000000000011 7 13030.000000000002 1560.0000000000002 155.00000000000003 8 615.00000000000011 9 0.064750330522656455 10 325.00000000000006 11 3.5000000000000004 1560.0000000000002 155.00000000000003 1225.0000000000002 37.849998474121101 12 90.000000000000014 13 0.055219287052750594 17950.000000000004 14 21.48499965667725 15 16 850.00000000000011 950.00000000000011 17 0.86869874596595775 18 715.00000000000011 19 0.089248880743980422 20 38.500000000000007 66.500000000000014 0.11490825563669206 0.08212983608245851 21 64.500000000000014 225.00000000000003 325.00000000000006 22 0.051913643255829818 155.00000000000003 24.500000000000004 23 22.500000000000004 0.099273119121789946 77.500000000000014 1225.0000000000002 0.052924888208508498 0.084925193339586272 24 1225.0000000000002 0.49626980721950537 0.13269115239381793 25 26 90.500000000000014 77.049999237060561 0.1321084722876549 27 0.040852611884474761 0.10922185331583024 28 0.051913643255829818 0.08413130417466165 86.500000000000014 85.500000000000014 41.500000000000007 29 45.500000000000007 0.10945477336645128 21.500000000000004 30 1410.0000000000002 950.00000000000011 31 58.500000000000007 32 0.086274277418851866 127.1999969482422 33 46.500000000000007 27.500000000000004 38.500000000000007 0.1321084722876549 0.053855204954743392 34 0.08521361276507379 0.058152329176664359 105.50000000000001 20.500000000000004 0.15550526976585391 35 36 107.50000000000001 0.095947422087192549 0.10945477336645128 37 0.092709075659513487 0.081941056996583952 0.10038758814334871 76.500000000000014 38 36.95000076293946
decision_type=2 9 9 9 9 9 9 2 9 2 2 2 2 2 2 2 2 2 2 9 2 2 2 9 2 9 2 9 2 9 2 2 2 2 2 9 2 9 2 2 9 2 9 9 2 2 9 2 9 2 9 2 9 2 2 8 2 9 2 2 2 9 2 2 2 9 2 10 2 2 8 2 9 2 2 10 9 9 2 2 2 9 8 8 9 2 10 2 2 2 9 2 2 2 9 2 2 9 2 9 2 2 9 2 2 2 2 2 9 8 10 2 2 2 9 9 2 2 2 9 2 8 2 2 9 2
left_child=1 21 6 22 12 30 80 8 9 11 -11 17 -2 14 -12 16 -16 83 -9 75 -14 41 35 -24 26 114 29 28 37 -10 -5 72 84 -32 -35 36 38 -28 -4 40 -6 43 -43 49 46 47 -45 -46 -47 51 -51 -1 54 -54 -53 -50 -57 58 -58 63 65 62 -62 82 107 -61 -67 68 70 -60 -68 -66 73 74 -7 77 -29 78 -20 -80 96 -82 -48 -8 -27 86 -13 88 -87 -90 91 -17 -92 94 -37 -74 99 98 100 -3 -98 -100 -99 104 -102 -106 -15 -65 -56 -41 111 112 -111 123 -26 -33 117 119 -119 -116 -121 -38 -75 124 -114 -101
right_child=4 2 3 5 39 31 7 18 24 10 13 85 20 106 15 90 -18 -19 19 -21 -22 -23 23 -25 25 32 27 76 -30 -31 33 115 -34 34 -36 93 121 -39 -40 109 -42 42 -44 44 45 48 59 -49 55 50 -52 52 53 -55 108 56 57 -59 69 60 61 -63 -64 64 71 66 67 -69 -70 -71 -72 -73 95 122 -76 -77 -78 -79 79 -81 81 -83 -84 -85 -86 87 -88 -89 89 -91 92 -93 -94 -95 -96 -97 97 102 101 125 103 -103 -104 -105 105 -107 -108 -109 -110 110 -112 -113 113 -115 116 -117 -118 118 -120 120 -122 -123 -124 -125 -126 -127
leaf_value=-0.0057384098722562428 -0.10961526870234939 0.00065970349431939931 -0.011618121366996269 -0.0093513846783813501 -0.019040792413943904 -0.093621810009402603 -0.027660817831687046 0.033000363911783182 0.006469755740105736 -0.12764158270796952 -0.0090942697418009734 -0.0074854675229622594 -0.0044625255164350858 -0.00057542245305964689 -0.02035897956352041 -0.05434525049793032 -0.14098912679924155 -0.033846931156139994 0.0040249584749173575 0.0058452786518812302 -0.053235251774289165 0.0087687782623617726 0.017629056841097092 0.0022538760815375993 -0.021617054934871264 0.0053821116557094427 0.0057046092325896258 0.0073459953887230634 -0.041463630591255116 -0.0010419943796309333 -0.063384832126850421 0.015714265581004035 0.00049823790782626111 0.023559147078129981 -0.042780603448161855 -0.066005931304560755 0.029037091762872367 -0.035901741856231101 0.034841397460092328 0.015108385009028143 0.0061442082597382543 -0.0038173940761254584 0.0010138615396588823 0.013898829949841337 -0.053631048897850211 0.0055854641029325436 -0.01833936205982728 -0.12035258433924322 -0.032176874333378326 -0.0020274953676145974 0.022441970674589657 0.0054849036693469799 -0.043971815249562611 -0.11292924423287384 -0.032822756424580733 -0.013967550187563724 -0.00441132960296493 -0.0028031933641379366 -0.040870662729169567 0.014557789037104587 0.011894495606837066 0.0028561130099139494 -0.01743169855254649 -0.028980022366823895 0.015979989924846134 0.017331158999144902 -0.038757023998175037 0.00078323388215861855 -0.025775314039477804 -0.0032043484260747394 -0.008181216737063594 -0.010459705843880285 -0.004823491526242985 0.016997807279010031 -0.0094855923521771062 0.007921739708000029 -0.0077654415978425824 -0.00089404157180074644 -0.0053491922473121014 -0.10584656075826872 -0.0061913389637214466 0.017265619801749614 -5.3117292591254791e-07 -0.0025512403320349267 0.017797512032918971 0.0063704780145637276 0.024307218685001134 0.013414522073619184 -0.0011410371773820866 -0.046781601956912444 -0.026229294583447631 -0.0081242347471695807 -0.061544442766266277 -0.0027768643241364551 -0.0091674233507625883 -0.028451070331855059 0.009345096708620786 0.010350452940613233 -0.024417115822224542 0.0057587106973020922 -0.025107434277918853 -0.072712248701602214 0.0009821134594365274 -0.04040830126229944 0.015486044858480735 -0.013021752121494401 -0.020384273322797353 0.0012844767459013954 -0.0078877291228304086 0.012670506261177916 -0.065790448346413843 0.0082583898778645515 -0.03080566935100645 -0.088728597137663096 0.013147613966053339 -0.0063146543487251532 -0.020446609647666609 -0.01741670951299781 0.00035076254597474367 -0.0055520598060156056 0.016871935560782553 0.00026679456257775949 -0.012875577219288746 -0.049030442026754217 0.019020505727444608 0.014267524833870553
leaf_weight=35509 120 11244 153 470 626 154 357 486 7882 293 2756 1808 320 3495 296 103 158 729 266 25172 391 2644 2033 40431 603 1688 485 1466 778 50829 351 1091 1714 107 239 124 204 225 528 117 1241 30058 35462 2375 238 3047 756 136 375 6002 705 915 258 136 485 3245 778 25134 733 471 1335 15472 3013 251 3619 347 293 1247 2116 250 3658 365 49167 203 196 3005 2775 18904 107 106 604 2340 3713 3149 6004 3884 274 3540 411 244 990 958 180 13340 2075 336 1000 3722 415 26522 534 104 5080 178 776 1459 532 915 728 133 120 196 148 134 1069 502 582 1652 1575 2236 409 4956 1652 143 131 2394
leaf_count=35509 120 11244 153 470 626 154 357 486 7882 293 2756 1808 320 3495 296 103 158 729 266 25172 391 2644 2033 40431 603 1688 485 1466 778 50829 351 1091 1714 107 239 124 204 225 528 117 1241 30058 35462 2375 238 3047 756 136 375 6002 705 915 258 136 485 3245 778 25134 733 471 1335 15472 3013 251 3619 347 293 1247 2116 250 3658 365 49167 203 196 3005 2775 18904 107 106 604 2340 3713 3149 6004 3884 274 3540 411 244 990 958 180 13340 2075 336 1000 3722 415 26522 534 104 5080 178 776 1459 532 915 728 133 120 196 148 134 1069 502 582 1652 1575 2236 409 4956 1652 143 131 2394
internal_value=-0.000931053 -0.00081366 0.000185532 -0.00181947 -0.016773 -0.00553069 0.00131223 0.000244038 -0.00114689 -0.00594593 -0.0158283 0.000751168 -0.0422377 -0.012355 -0.0191313 -0.0294265 -0.062558 -0.0100678 0.00331646 0.00301245 -0.0313212 -0.00257274 0.00134714 0.00299506 0.000268131 0.00412465 -0.000781105 -0.00845131 -0.0251111 -3.25183e-05 -0.0294854 -0.00500671 0.0124297 -0.0430293 -0.0222564 -0.00192522 0.00408698 -0.00751245 0.0244016 -0.00950849 -0.00237497 -0.00273578 -0.00120298 -0.0035824 -0.00245647 -0.00513778 -0.000179117 -0.0781497 -0.00432187 -0.00543994 0.000577985 -0.00650265 -0.0172564 -0.066321 -0.00779703 -0.00531138 -0.00497783 -0.0038927 -0.0194323 -0.0010728 -0.00265896 0.000380634 -0.00842679 0.00353514 0.00929779 -0.0100664 -0.0115859 -0.0129759 -0.0158036 -0.0313042 -0.0104579 0.0135557 -0.0054332 -0.0154313 -0.0466668 -0.000175306 -0.00253633 -0.00143105 -0.0220992 -0.0556229 0.00423307 0.0124903 -0.00310623 -0.00511519 0.0151042 0.00526095 -0.00329175 0.00746516 0.00282328 -0.0181884 -0.0226594 -0.0125402 -0.0314418 -0.00418522 -0.0127427 -0.00498343 0.00377865 0.000569421 -0.00805953 0.00483887 -0.00463278 -0.034216 0.00495157 -0.00937743 -0.0073688 -0.00312124 -0.00319675 -0.00524969 -0.0178765 -0.0214506 -0.0257175 -0.0202158 -0.0283161 -0.0381256 -0.00549752 0.00883168 -0.00417579 -0.00281476 -0.00874753 0.00234104 -0.00207171 0.00140963 -0.00959902 -0.0218855 -0.00784711 0.0064614
internal_weight=519463 515643 328859 118312 3820 54468 210547 154175 106129 24157 9761 14396 831 9468 5441 2685 454 4235 48046 47560 711 186784 63844 42464 81972 17532 64440 5729 1488 58711 1167 53301 9406 697 346 21380 5841 710 681 2989 1867 184140 65520 118620 73882 33936 39946 374 33562 44738 6707 38031 2522 394 2128 30515 30140 26895 1761 37571 27952 19820 4348 9619 5150 8132 7661 7314 6067 983 3951 3984 51708 2205 350 22388 4241 19383 479 213 56372 2944 4469 3506 7692 10161 2082 8079 4539 655 2231 1061 1170 15539 2199 49503 53428 13268 4466 40160 3947 519 8802 2947 2769 2235 4027 1166 1213 1122 1005 885 689 556 8126 1593 7523 6941 3227 3714 2645 5160 1855 422 279 28916
internal_count=519463 515643 328859 118312 3820 54468 210547 154175 106129 24157 9761 14396 831 9468 5441 2685 454 4235 48046 47560 711 186784 63844 42464 81972 17532 64440 5729 1488 58711 1167 53301 9406 697 346 21380 5841 710 681 2989 1867 184140 65520 118620 73882 33936 39946 374 33562 44738 6707 38031 2522 394 2128 30515 30140 26895 1761 37571 27952 19820 4348 9619 5150 8132 7661 7314 6067 983 3951 3984 51708 2205 350 22388 4241 19383 479 213 56372 2944 4469 3506 7692 10161 2082 8079 4539 655 2231 1061 1170 15539 2199 49503 53428 13268 4466 40160 3947 519 8802 2947 2769 2235 4027 1166 1213 1122 1005 885 689 556 8126 1593 7523 6941 3227 3714 2645 5160 1855 422 279 28916
cat_boundaries=0 2 3 5 7 8 10 11 13 15 17 19 21 23 24 26 28 30 32 34 36 38 39 40 41 43 45 47 48 50 51 52 53 55 57 58 59 61 63 65
cat_threshold=3720233 10581 6 126097604 1194 276824066 8192 2 2286035094 514 595595264 1350828032 5280 33558592 2 335609920 1056 2048 1184 268697600 1056 75497472 42 1 687865856 2048 49152 69 541729 2048 0 68 2097152 65 17408 2048 16385 2048 1 2 32768 0 4096 1140850752 8 0 1024 8320 0 4096 25165824 2048 2147614720 8192 512 8196 512 1 67108864 134226432 4096 268435456 1024 33554432 4
is_linear=0
shrinkage=0.03


Tree=65
num_leaves=127
num_cat=42
split_feature=0 5 5 0 2 5 5 0 5 0 0 0 5 0 27 0 5 27 5 0 5 0 2 5 5 27 0 5 0 5 23 26 5 0 13 47 27 44 5 5 0 27 11 40 0 27 5 48 0 5 5 0 5 5 22 27 12 0 5 26 27 27 48 12 5 0 27 27 5 31 27 0 0 21 5 44 26 5 0 0 5 0 5 27 27 26 21 12 5 5 5 20 28 27 27 5 0 5 13 5 5 27 5 27 45 27 27 48 21 48 0 5 26 27 26 5 27 27 21 38 27 5 8 24 38 5
split_gain=950.452 873.802 825.15 706.12 566.267 1273.4 727.693 559.973 704.081 1622.38 4098.93 703.486 512.089 718.071 491.18 428.281 1257.96 458.849 531.856 483.263 453.277 413.509 346.069 858.746 585.984 528.628 333.343 451.475 327.413 317.368 307.76 303.188 292.823 618.132 654.299 441.385 569.792 351.008 290.315 280.723 341.069 308.202 279.547 279.2 422.982 723.728 269.09 243.966 242.178 422.246 478.871 381.618 1028.33 517.399 317.567 309.403 254.806 241.07 497.917 238.532 233.393 244.348 230.203 366.939 442.295 221.661 274.313 270.835 259.227 237.465 208.742 206.42 205.465 232.547 204.188 482.75 197.289 195.549 344.589 3436.78 1084.13 854.633 660.027 785.168 401.332 324.999 289.03 202.772 353.618 193.172 192.684 192.441 191.255 188.372 290.249 588.337 343.959 520.5 193.64 258.044 198.355 188.041 1213.31 1495.81 318.331 243.338 331.951 207.858 187.192 274.153 262.412 543.961 214.779 186.994 186.31 184.889 184.554 272.284 181.819 180.101 179.535 303.773 178.883 178.879 177.336 175.55
threshold=1715.0000000000002 0 1 2375.0000000000005 2 3 4 850.00000000000011 5 425.00000000000006 475.00000000000006 325.00000000000006 6 950.00000000000011 0.059944719076156623 615.00000000000011 7 0.064750330522656455 8 325.00000000000006 9 13030.000000000002 10 11 12 0.059944719076156623 155.00000000000003 13 1560.0000000000002 14 0.043235365301370628 0.10922185331583024 15 135.00000000000003 40.500000000000007 21.635000228881839 0.061421869322657592 0.088500000536441817 16 17 90.000000000000014 0.055219287052750594 0.81428062915802013 16.349999427795414 715.00000000000011 0.089248880743980422 18 1.6499999761581423 155.00000000000003 19 20 90.000000000000014 21 22 -0.037008950486779206 0.053855204954743392 0.34033495187759405 45.000000000000007 23 0.15855667740106585 0.053855204954743392 0.061421869322657592 15.250000000000002 -0.048362832516431802 24 17950.000000000004 0.17337424308061603 0.1575826704502106 25 0.058152329176664359 0.084925193339586272 1410.0000000000002 1560.0000000000002 0.13533534109592441 26 0.12550000101327899 0.072340067476034178 27 850.00000000000011 950.00000000000011 28 155.00000000000003 29 0.10945477336645128 0.095947422087192549 0.044606909155845649 0.10898869484663011 0.56901594996452343 30 31 32 79.500000000000014 0.1632550731301308 0.058047603815793998 0.053263295441865928 33 325.00000000000006 34 33.500000000000007 35 36 0.11368945986032487 37 0.12240357697010042 25.964999198913578 0.14242830872535708 0.16352472454309466 0.15000000223517421 0.063850197941064848 19.649999618530277 325.00000000000006 38 0.087897893041372313 0.059393314644694335 0.081941056996583952 39 0.07936600968241693 0.098019190132617964 0.055930461734533317 35.049999237060554 0.1321084722876549 40 10.500000000000002 0.99342072010040294 34.350000381469734 41
decision_type=2 9 9 2 9 9 9 2 9 2 2 2 9 2 2 2 9 2 9 2 9 2 9 9 9 2 2 9 2 9 8 8 9 2 2 2 2 2 9 9 2 2 2 2 2 2 9 2 2 9 9 2 9 9 8 2 2 2 9 10 2 2 2 2 9 2 2 2 9 10 2 2 2 10 9 2 8 9 2 2 9 2 9 2 2 10 8 2 9 9 9 2 8 2 2 9 2 9 2 9 9 2 9 2 2 2 2 2 8 2 2 9 10 2 8 9 2 2 8 2 2 9 2 2 2 9
left_child=1 22 3 -2 6 26 120 8 9 11 -11 14 13 -9 31 17 62 20 19 46 -10 -5 24 30 25 29 39 -28 32 -1 -24 -8 33 34 92 70 37 -37 124 40 41 -6 -38 44 -12 -46 -19 -14 51 71 55 52 -34 -53 -54 -51 -55 123 -59 -15 -52 -62 -17 64 -64 68 67 69 -4 74 -35 76 73 -27 122 -76 -50 118 80 84 81 -79 83 -81 91 86 -84 88 -82 108 -30 -80 -7 94 -22 -96 125 -98 99 -95 -100 107 -103 104 -104 -105 -107 -57 -26 -110 -111 -112 -113 -13 -42 -20 -90 -118 -25 -99 -3 -122 -67 -56 -18 -97
right_child=2 4 65 21 5 28 7 12 15 10 43 113 47 59 -16 16 38 18 115 -21 93 -23 23 77 89 72 27 -29 90 -31 -32 -33 48 35 -36 36 42 -39 -40 -41 114 -43 -44 -45 45 -47 -48 -49 49 50 60 53 54 56 57 101 -58 58 -60 -61 61 -63 63 -65 -66 66 -68 -69 -70 -71 -72 -73 -74 -75 75 -77 -78 78 79 82 87 -83 85 -85 -86 -87 -88 -89 116 -91 -92 -93 -94 98 95 96 97 119 100 -101 -102 102 103 105 -106 106 -108 -109 109 110 111 112 -114 -115 -116 -117 117 -119 -120 -121 121 -123 -124 -125 -126 -127
leaf_value=0.01815119714849181 -0.10781577778714044 0.003942563299281927 -0.017484005327936047 -0.0042768650129134085 -0.013955959057485734 -0.035387250510129059 -0.031165279350164356 0.046839193114092653 0.010596653921907851 -0.12421566360592842 -0.0031003064129497908 0.0027058561228394343 0.0099613481846742968 -0.0023426481021471767 -0.031717239160064151 0.0030974958643926287 0.0051154136040272415 0.0054940081212018956 0.0048739507099343615 -0.040866902274165368 -0.0012299245159363788 -0.050330021928236317 0.01699224919085315 0.0032963019841063313 0.0045273566759567608 -0.0009279135825344631 0.016650130325414389 0.0021082747296569198 0.017532922303989503 0.0048842395514164302 0.0015002175057534921 -0.001858156389897502 0.017178334051622959 0.010311951315182822 -0.085991078984313796 -0.091126875777665831 -0.009577762980641889 -0.02896043412747883 0.01715850524752615 -0.0038889343334597534 0.029494902160235374 0.035291785709559917 -0.04202373772902393 -0.016047851243621295 -0.093505216816702152 0.0063805077965770948 -0.034326269023426594 0.0037153879933062768 0.012127938751800097 0.0032536839466261037 -0.053726909845894157 -0.0037298175818275547 0.00036959248522724854 0.018206264381429194 0.020615321656927293 0.0090425661141173338 0.0023806667947144939 -0.087687589626807658 -0.02789972288303991 0.0066053951449269359 -0.0092439005326309474 -0.039267135536458962 -0.070647481107398089 -0.0036343017572732037 -0.014742665596857437 0.037987736750323811 -0.065532761661751746 0.018854293494141135 0.00585621007336467 -0.060252392103603065 -0.0057998500757452916 -0.026951518689975439 0.012493870676415973 -0.021495566018443751 -0.082991335262553395 -0.010347462759053992 -0.0035802046353017158 -0.022995547528088384 -0.075267713196485869 -0.011266570679521803 0.0014093434445435413 0.014552120860662869 0.012020423985875543 -0.054294173115274791 -0.049826164168091554 -0.011086939392895789 -0.0028809770051568648 -0.0078504208694212003 -0.00048773259113274177 -0.0019676935528946922 -0.0034552874630654571 -0.12194675921122816 0.019329085085979279 -0.0104083365493831 -0.038564103818807878 0.015413033249665328 0.0019313561711731349 -0.037699705934772891 0.0031124229438460205 0.0089348644081976691 -0.0034390367587905624 0.012415020122179174 -0.15246554378235694 -0.050296976763841719 -0.077391212662415845 0.020379098978964373 -0.03359469221017071 -0.010474368365352678 -0.0016223276054994262 -0.016265018426764404 -0.048704219386901379 -0.0042504845463260561 0.025090018054703251 0.012057944335847889 0.00010787360279190784 -0.0083729242121732619 -0.01775272392033439 0.0014328879553598287 -0.0085038891308953264 -0.0080684056421887352 -0.0072189670183371336 0.017222846189817342 -0.016641243013468657 -0.032405142470588455 0.030533958068899521 -0.0064557840794117914
leaf_weight=1914 125 44922 635 306 147 131 352 283 3318 299 3804 7626 7709 20182 736 3027 4341 500 1491 781 27721 411 1257 1260 1388 20480 2000 43537 898 10563 13975 3178 791 991 196 132 2853 216 4771 15581 201 507 260 5399 127 133 208 20854 744 1687 257 5390 373 1975 128 540 1707 143 971 3091 590 416 141 5056 929 105 102 183 1261 120 2675 329 999 506 103 397 21144 615 165 1769 8710 4777 1247 486 273 4251 19107 10150 1700 50890 694 169 101 710 546 791 991 674 8057 4569 8574 570 100 171 111 196 213 5349 5037 3782 232 3487 239 2573 5005 2572 2478 910 17359 255 582 2093 109 102 261 556
leaf_count=1914 125 44922 635 306 147 131 352 283 3318 299 3804 7626 7709 20182 736 3027 4341 500 1491 781 27721 411 1257 1260 1388 20480 2000 43537 898 10563 13975 3178 791 991 196 132 2853 216 4771 15581 201 507 260 5399 127 133 208 20854 744 1687 257 5390 373 1975 128 540 1707 143 971 3091 590 416 141 5056 929 105 102 183 1261 120 2675 329 999 506 103 397 21144 615 165 1769 8710 4777 1247 486 273 4251 19107 10150 1700 50890 694 169 101 710 546 791 991 674 8057 4569 8574 570 100 171 111 196 213 5349 5037 3782 232 3487 239 2573 5005 2572 2478 910 17359 255 582 2093 109 102 261 556
internal_value=-0.000873682 -0.000762566 -0.0157086 -0.0417746 0.000182806 -0.00145239 0.00114201 0.000157816 -0.00110331 -0.00558803 -0.0150398 0.000787411 0.00270013 -0.000575188 -0.00944083 0.000241432 0.00424607 -0.000949162 -0.00917964 -0.0244453 -0.000143976 -0.0307089 -0.00237757 -0.00371842 -0.0011558 0.00200673 0.001299 0.00275143 -0.00491954 0.00693917 0.00277788 -0.00478856 -0.00533431 -0.0107901 -0.0457804 -0.00869786 -0.01638 -0.0527344 0.0119632 -0.00178507 0.00380867 0.0242179 -0.0123003 -0.0115774 -0.005636 -0.0425811 -0.00664318 0.00539954 -0.00439379 -0.00572504 -0.0107758 -0.000670711 -0.0110261 0.00219299 -0.0239824 -0.00830722 0.0108426 -0.0309143 -0.0366829 -0.00115398 -0.0280213 -0.0216857 -0.00366608 -0.00701407 -0.0229659 -0.00825182 -0.0188611 -0.0141204 -0.00202718 -0.0213698 -0.00144285 -0.00339941 -0.000791821 -0.00142483 -0.0147598 -0.0249499 -0.00304574 -0.00503054 -0.00415393 -0.00656949 -0.00189384 0.010247 -0.00497275 -0.0204691 -0.0771016 -0.003542 -0.00196749 -0.00463008 -0.00226411 -0.00283116 0.00847549 -0.0991803 -0.0115861 -0.00081281 -0.00229754 -0.0100569 -0.0051485 -0.0133147 0.00132373 0.00632903 -0.000265338 -0.0110089 -0.0210568 -0.0447537 -0.113523 -0.020354 -0.00774288 -0.0086835 -0.00592936 -0.0070702 -0.0106149 -0.00521324 -0.00235592 0.00506615 0.00124793 -0.00351168 -0.00853761 -0.0126007 -0.00770107 -0.029269 0.00439144 0.0119417 0.00976073 -0.00293659 0.00654911 0.00645462
internal_weight=518937 515080 3857 842 324905 120122 204783 157186 105067 24227 9762 14465 52119 23556 4266 80840 18526 62314 5552 1489 56762 717 190175 90658 99517 34462 66978 45537 53144 12477 15232 3530 51552 7555 428 7127 3461 348 9373 21441 5860 654 3113 9463 4064 260 708 28563 43997 32417 10200 11580 2508 9072 1717 8937 3682 1344 1114 23273 1263 1006 9153 6126 1070 3015 1119 1017 1896 834 3666 22217 21985 20986 714 500 21888 75426 56807 27467 29340 5392 26860 2255 607 24605 20354 23948 13798 65055 1592 334 232 53444 31534 3813 3267 1920 21910 5279 16631 7250 1361 791 211 580 409 5889 14165 12777 7740 3958 3726 10199 5206 4063 5088 3388 18619 929 47597 2675 214 230 4602 1347
internal_count=518937 515080 3857 842 324905 120122 204783 157186 105067 24227 9762 14465 52119 23556 4266 80840 18526 62314 5552 1489 56762 717 190175 90658 99517 34462 66978 45537 53144 12477 15232 3530 51552 7555 428 7127 3461 348 9373 21441 5860 654 3113 9463 4064 260 708 28563 43997 32417 10200 11580 2508 9072 1717 8937 3682 1344 1114 23273 1263 1006 9153 6126 1070 3015 1119 1017 1896 834 3666 22217 21985 20986 714 500 21888 75426 56807 27467 29340 5392 26860 2255 607 24605 20354 23948 13798 65055 1592 334 232 53444 31534 3813 3267 1920 21910 5279 16631 7250 1361 791 211 580 409 5889 14165 12777 7740 3958 3726 10199 5206 4063 5088 3388 18619 929 47597 2675 214 230 4602 1347
cat_boundaries=0 2 4 5 7 9 10 12 14 16 18 19 21 23 25 27 29 31 33 35 36 38 39 40 42 44 46 48 49 51 53 55 57 59 60 62 64 66 67 68 70 71 73
cat_threshold=70960169 2389 276824066 8192 6 58988740 9386 2285904022 514 595595264 1350828032 9376 268501056 9248 2048 1184 268697600 8224 10 2097153 257 68289568 68 33558592 2 32 4 0 4608 0 20480 8388608 42 0 1152 3892322816 18 16384 528 272638466 0 16384 0 8192 687865856 2048 134217728 4 68813824 0 84 0 16 40 2048 9 257 8704 4096 66048 0 17536 64 128 512 5248 2 1 1073807424 8200 8320 0 20488
is_linear=0
shrinkage=0.03


Tree=66
num_leaves=127
num_cat=42
split_feature=5 1 2 5 5 47 48 5 30 5 5 1 4 1 5 27 1 5 27 13 27 5 11 48 1 2 5 5 27 5 11 12 5 5 1 4 27 1 27 11 5 1 5 5 5 47 5 2 21 27 1 21 23 27 44 27 5 27 5 5 1 5 5 27 1 1 1 5 1 1 5 1 1 1 4 27 27 1 1 8 11 5 8 23 20 30 21 1 31 5 1 27 27 2 5 27 1 27 27 1 1 28 11 5 27 27 5 12 1 5 5 5 11 21 22 11 13 21 5 1 27 1 22 22 30 38
split_gain=874.144 706.283 457.263 1014.14 817.256 455.618 391.465 415.042 348.828 309.731 289.8 283.697 391.438 814.604 280.022 237.763 1456.75 1072.77 1585 308.856 292.287 282.764 232.832 227.349 226.955 218.241 1533.74 716.803 674.906 436.346 805.467 358.227 667.066 664.217 409.067 902.233 443.369 584.819 1255.87 392.703 372.572 339.568 320.393 317.349 315.046 306.155 282.42 277.474 270.873 264.984 450.158 229.609 228.188 210.138 349.759 204.695 291.35 455.9 248.733 225.089 326.152 803.301 451.437 355.057 943.213 278.234 245.387 220.052 401.776 210.457 208.517 204.021 202.917 196.985 232.556 209.36 214.822 202.902 185.892 194.983 183.032 372.117 413.352 271.861 219.409 178.968 178.449 254.091 286.149 176.898 176.426 175.924 240.337 202.209 174.781 307.116 174.402 176.266 255.585 169.332 197.254 168.348 167.807 166.422 165.895 231.831 164.809 164.684 301.137 283.787 164.186 161.635 173.386 158.568 158.173 154.9 153.03 152.22 151.83 196.674 520.418 149.722 415.337 325.653 178.685 149.267
threshold=0 9.7095470428466815 1 2 3 24.550000190734867 6.1499998569488534 4 0.19365485012531283 5 6 5.759707212448121 7 6.8561301231384286 8 0.11368945986032487 7.1113042831420907 9 0.14242830872535708 33.500000000000007 0.16352472454309466 10 -0.90529522299766529 1.0000000180025095e-35 6.4229502677917489 11 12 13 0.10038758814334871 14 0.14250627160072329 -0.048362832516431802 15 16 5.0493419170379648 17 0.072961069643497481 6.1640367507934579 0.084925193339586272 -0.15951316058635709 18 7.3527534008026132 19 20 21 35.305000305175788 22 23 0.12412916123867036 0.056865874677896507 5.0493419170379648 0.1341296583414078 0.043235365301370628 0.11874964460730554 0.071499999612569823 0.064750330522656455 24 0.058047603815793998 25 26 6.5665833950042733 27 28 0.086274277418851866 6.1640367507934579 7.3527534008026132 6.8561301231384286 29 5.759707212448121 6.8561301231384286 30 7.5704805850982675 5.0493419170379648 5.759707212448121 31 0.049178216606378562 0.064750330522656455 8.5174431800842303 4.5047848224639901 8.5000000000000018 -0.26866367459297175 32 9.5000000000000018 0.10007642209529878 76.500000000000014 0.14076403528451922 0.11839113011956216 5.759707212448121 0.086168900132179274 33 7.5704805850982675 0.061421869322657592 0.060448419302701957 34 35 0.055219287052750594 7.1552743911743173 0.08212983608245851 0.1321084722876549 7.1113042831420907 7.1552743911743173 0.053543105721473701 0.24372619390487674 36 0.16352472454309466 0.11874964460730554 37 0.91511079668998729 5.759707212448121 38 39 40 0.51297098398208629 0.098880052566528334 -0.11594646796584128 0.24372619390487674 44.500000000000007 0.063850197941064848 41 7.1113042831420907 0.10945477336645128 6.8561301231384286 0.040643317624926574 -0.081829313188791261 0.11219527199864389 37.45000076293946
decision_type=9 2 9 9 9 2 2 9 10 9 9 2 9 2 9 2 2 9 2 2 2 9 2 2 2 9 9 9 2 9 2 2 9 9 2 9 2 2 2 2 9 2 9 9 9 2 9 9 10 2 2 10 8 2 2 2 9 2 9 9 2 9 9 2 2 2 2 9 2 2 9 2 2 2 9 2 2 2 2 2 2 9 2 10 2 8 8 2 10 9 2 2 2 9 9 2 2 2 2 2 2 8 2 9 2 2 9 2 2 9 9 9 2 10 8 2 2 8 9 2 2 2 10 10 10 2
left_child=2 6 3 5 91 89 7 11 25 23 24 72 13 22 -3 21 -17 18 19 -18 -20 99 -13 -6 -5 26 43 44 31 30 104 32 -29 49 35 39 -36 38 40 -35 -38 -32 45 -8 48 -34 113 -46 52 50 94 103 -27 54 -19 56 57 58 -9 -57 61 63 65 -61 -65 69 -64 68 -63 -62 -59 -55 -2 74 75 -25 -77 101 79 -51 81 -16 -83 111 -84 121 87 -45 -89 -1 -67 92 -4 -93 -33 -96 97 -71 -99 -11 -101 -75 -47 -31 105 -30 -100 -48 109 -109 -110 112 -82 117 -37 -26 -12 -28 119 120 -68 122 124 -123 -39 -23
right_child=1 14 4 10 9 -7 8 55 -10 15 116 12 -14 -15 80 16 17 53 20 -21 -22 125 -24 73 115 27 46 28 29 51 41 33 42 34 36 114 37 85 -40 -41 -42 -43 -44 86 47 102 107 -49 -50 78 -52 -53 -54 71 -56 59 -58 70 -60 60 62 67 66 64 -66 90 118 -69 -70 96 -72 -73 -74 77 -76 76 -78 -79 -80 -81 83 82 84 -85 -86 -87 -88 88 -90 -91 -92 93 -94 -95 95 -97 -98 98 106 100 -102 -103 -104 -105 -106 -107 -108 108 110 -111 -112 -113 -114 -115 -116 -117 -118 -119 -120 -121 -122 123 -124 -125 -126 -127
leaf_value=0.017184921601015219 -0.013909755385027507 -0.049165263352259778 0.0083905602759070941 -0.027588131969058235 0.0059199053920693419 0.021394417195922645 0.013832213639863733 0.002658289566365581 0.0020140262880475731 0.026469021740119707 -0.00027630675019548471 -0.032676615693308562 -0.0073115157633474427 0.018971382982458974 -0.070771018046353551 -0.10620156395526333 -0.05758235310865141 -0.06283897642791271 0.020840310670475391 -0.11071925981196365 -0.025100597201910494 -0.0025689523391643752 -0.074951179891694572 -0.037679616003489687 0.0049703272335628323 0.016092694271051755 0.0010322949323939895 0.0041433096621170352 -0.012619354875110889 0.025285963401101626 -0.052683456877089939 0.0091979180273154514 -0.053061217927053796 -0.094031616810829416 0.017704768715368538 -0.022582834946348312 0.024185816669885656 -0.02357598427269194 -0.11910158823697994 -0.029297689464357304 -0.035520924882774044 0.0052691242913715537 -0.012410322340336524 0.0070397491880669228 0.00011956421240748235 -0.0016541131041995292 -0.0042404851574591781 -0.0043916381582016096 -0.031825166754424573 0.040819033274458627 -0.026930244308520486 -0.014739932228011782 0.00258325766594054 0.0012109545607248133 -0.0082811134255169755 0.0019010452765195244 0.0062274366744084278 -0.0026531469154705079 -0.015069391919238099 -0.0064244557193550147 0.030566732276881933 -0.026289018105757057 -0.048478180706031417 -0.11799723281579859 -0.023703788915431418 -0.054797901772969476 -0.0064629836820267279 -0.0044854858529548743 0.013466605511802305 0.012624750853888379 0.005504299934852944 -0.019000361813599421 0.011187502987159755 -0.017573623960701428 -0.00084780292796766499 -0.0026083620826618139 -0.029933960931957698 -0.037632579685826055 -0.0088468964250389328 -0.00034005101497018505 0.053191178870101517 0.021101447620605295 -0.016257529467344281 -0.045848938789171706 -0.067766757422142609 0.0023670129091949801 0.0049450730142594351 -0.0076194089302576273 -0.049264049339030988 0.0051169441983515999 -0.0074602086533030318 -0.015457356461260542 0.04029484434839372 0.0041873510792753438 -0.050515102294153402 0.0043472065910303151 0.035796514264005701 -0.0017760867637610373 0.00056604132237210946 -0.00084776481560095958 0.034984399782368003 0.0028780638781778791 -0.025935685066824997 -0.000290070076622 -0.039666233713887319 0.0052093077655038234 0.012478974828774506 0.0077082416648700204 -0.0043365258037367628 -0.0090183091898609 0.0067607228039041675 -0.0096735641181684741 0.00070049278046756692 0.00063559401236800296 0.0033313508806992824 0.00016943283160527633 -0.0066471209541727611 -0.010824346386026938 -0.0030273132694499504 0.0070829912430929896 -0.063722185155123803 -0.012701682545945345 -0.050834395704695425 0.013102326682528189 0.0077218463075367245 0.0022799034845998475
leaf_weight=1348 395 273 8559 214 6352 2980 3453 1018 14835 452 16410 246 4731 200 129 130 240 119 267 172 232 51251 228 241 18002 1268 1089 1982 1275 220 521 564 319 154 1241 281 179 269 116 188 176 110 8948 868 25781 326 27097 23412 191 117 1800 995 9942 6665 895 21077 11587 4346 2372 934 268 268 112 101 1516 110 457 5817 1531 1608 8002 481 1082 368 33031 1358 319 113 16878 848 100 184 204 118 117 8506 15083 830 180 5792 197 508 217 5188 150 234 150 6506 1776 911 162 19805 1197 26105 118 1351 2557 1162 1556 4150 5166 317 129 1577 853 9109 4277 9256 10583 244 207 1006 233 781 418 6430
leaf_count=1348 395 273 8559 214 6352 2980 3453 1018 14835 452 16410 246 4731 200 129 130 240 119 267 172 232 51251 228 241 18002 1268 1089 1982 1275 220 521 564 319 154 1241 281 179 269 116 188 176 110 8948 868 25781 326 27097 23412 191 117 1800 995 9942 6665 895 21077 11587 4346 2372 934 268 268 112 101 1516 110 457 5817 1531 1608 8002 481 1082 368 33031 1358 319 113 16878 848 100 184 204 118 117 8506 15083 830 180 5792 197 508 217 5188 150 234 150 6506 1776 911 162 19805 1197 26105 118 1351 2557 1162 1556 4150 5166 317 129 1577 853 9109 4277 9256 10583 244 207 1006 233 781 418 6430
internal_value=-0.000880151 -0.00186344 0.000659183 0.00290571 -0.000244955 0.0115314 -0.00176358 -9.3717e-05 -0.00243214 -0.000998004 0.00108536 -0.00716843 -0.0103625 -0.0317358 -0.0219224 -0.00238733 -0.00687393 -0.00543888 -0.0361117 -0.0799801 -0.000526472 -0.00169038 -0.0531262 0.000545319 0.00311285 -0.00274546 -0.00139742 -0.00343794 -0.00533081 -0.00186053 -0.0120187 -0.00756197 -0.0118624 -0.00599204 -0.0010451 -0.0160024 0.000663285 -0.00114811 -0.0338602 -0.058636 -0.0057503 -0.0425884 -0.0147927 0.00555081 -0.00098647 -0.0262231 -0.00417633 -0.00202792 0.00350478 -0.00944654 -0.0181225 -0.000600614 0.00411265 -0.00196384 -0.0147395 0.000491346 0.00262011 -3.99255e-05 -0.00978324 -0.000546962 -0.00202358 -0.00654834 -0.000167361 -0.0210778 -0.0296628 0.00363209 -0.00447979 -0.00164971 0.00749121 0.00430915 0.00263553 -0.000151945 0.00447077 -7.27528e-05 -0.00143767 -0.0115905 -0.007821 0.00227871 -0.00811471 0.00468731 -0.0156601 -0.0272968 -0.0143905 -0.00476027 -0.0351841 0.000228847 0.00385697 -0.00485949 -0.0150826 0.00742864 -0.0245444 0.00651489 0.00918394 0.00241314 -0.00138818 -0.0167245 0.00374814 0.00335907 0.00198344 0.0110155 0.00458966 0.00250413 -0.0207427 -6.58821e-05 -0.00501989 -0.00344854 0.00762749 -0.0029428 -2.31401e-05 -0.00536108 0.00419529 0.00418728 0.0227641 -0.00821862 -0.0031043 0.00335734 -0.00159295 -0.00957624 -0.00405067 -0.0157551 -0.0243823 -0.00648814 -0.0163141 -0.00142314 -0.00454951 -0.00202804
internal_weight=519750 317152 202598 58132 144466 10120 315581 90226 225355 129994 48012 6882 5405 674 1571 68407 9201 9071 911 412 499 59206 474 61587 27325 210520 71467 139053 78459 30695 3375 47764 12772 34992 14401 1476 12925 11684 471 342 355 631 10790 20414 60594 1842 51053 49193 11401 20591 2748 27320 11210 8160 1014 83344 27325 15738 3390 56019 34942 10167 24775 2551 1617 13172 11603 7616 1799 12865 12348 7146 1477 55235 34949 1918 1677 20286 17843 965 1298 634 505 664 321 11213 16961 1878 1010 7140 307 14472 8776 5696 948 384 12597 12447 10839 1525 1073 20173 1523 26325 2744 2626 4333 39131 12034 5312 6722 546 229 11922 1134 27111 20687 10345 11491 908 664 2707 920 1787 687 57681
internal_count=519750 317152 202598 58132 144466 10120 315581 90226 225355 129994 48012 6882 5405 674 1571 68407 9201 9071 911 412 499 59206 474 61587 27325 210520 71467 139053 78459 30695 3375 47764 12772 34992 14401 1476 12925 11684 471 342 355 631 10790 20414 60594 1842 51053 49193 11401 20591 2748 27320 11210 8160 1014 83344 27325 15738 3390 56019 34942 10167 24775 2551 1617 13172 11603 7616 1799 12865 12348 7146 1477 55235 34949 1918 1677 20286 17843 965 1298 634 505 664 321 11213 16961 1878 1010 7140 307 14472 8776 5696 948 384 12597 12447 10839 1525 1073 20173 1523 26325 2744 2626 4333 39131 12034 5312 6722 546 229 11922 1134 27111 20687 10345 11491 908 664 2707 920 1787 687 57681
cat_boundaries=0 2 3 5 7 9 11 13 14 16 18 19 20 22 24 25 27 29 30 32 34 36 38 40 41 43 45 47 48 49 51 53 54 55 56 57 58 59 60 61 62 63 65
cat_threshold=2302949974 17578 4 2564 16384 262224 34 540672 64 20983812 1032 151003202 128 1 268435456 8192 2048 16384 2147483648 2 882016416 8772 1914781833 4369 67272704 525344 2112 1704992 2052 1 32768 512 131072 512 268468224 68 2097153 257 33570817 257 4 337838089 4881 69206016 512 1108475905 15105 545259520 547422240 0 20 337641472 768 4 1048576 2052 2 524320 524288 536936448 524288 524288 537919488 8 16
is_linear=0
shrinkage=0.03


Tree=67
num_leaves=127
num_cat=29
split_feature=5 0 0 40 36 5 0 27 5 12 23 5 5 25 0 5 25 5 25 27 25 27 0 0 4 26 0 25 0 0 5 5 22 27 11 23 5 5 27 5 5 0 5 25 5 27 25 5 25 25 27 32 0 27 0 30 22 12 26 0 32 5 48 27 0 0 5 32 27 5 3 28 27 0 27 27 25 0 0 27 11 27 28 0 29 5 22 48 5 25 0 25 0 27 0 4 25 25 25 12 0 5 0 25 25 0 28 25 0 3 0 25 0 3 11 11 11 0 5 27 0 12 0 5 25 27
split_gain=826.509 689.62 572.344 454.015 485.791 413.924 388.423 331.311 1116.09 458.784 373.197 304.063 301.18 330.308 288.971 283.673 276.578 627.178 619.079 402.757 400.28 380.377 397.624 1685.99 514.146 625.93 373.358 2092.69 371.833 835.255 681.547 660.354 407.314 297.789 249.835 529.583 826.43 351.271 331.627 357.258 253.293 259.456 301.261 244.443 241.896 241.272 481.917 275.701 594.08 379.178 380.152 238.969 238.686 237.609 459.628 236.156 235.878 231.587 231.045 228.687 223.644 218.664 211.035 259.594 205.328 202.918 746.995 264.91 199.837 198.761 198.087 196.314 188.333 187.423 525.9 206.44 199.701 186.542 210.826 185.314 182.748 191.204 203.068 180.959 203.458 451.877 191.128 178.93 175.462 174.482 353.419 785.312 377.585 301.526 296.162 282.819 289.202 201.776 188.256 172.421 172.211 169.714 332.25 369.355 223.234 384.515 293.488 268.035 234.868 380.887 283.508 179.271 408.966 334.084 174.16 167.485 167.473 524.79 278.863 319.73 688.04 164.568 164.369 246.247 162.846 161.66
threshold=0 16530.000000000004 1715.0000000000002 36.149999618530281 8.1500000953674334 1 1560.0000000000002 0.069445703178644194 2 -0.048362832516431802 0.081555202603340163 3 4 53.500000000000007 1225.0000000000002 5 58.500000000000007 6 69.500000000000014 0.092709075659513487 64.500000000000014 0.095947422087192549 950.00000000000011 850.00000000000011 7 0.22268813848495486 615.00000000000011 49.000000000000007 850.00000000000011 950.00000000000011 8 9 -0.11594646796584128 0.086274277418851866 0.24372619390487674 0.0301526477560401 10 11 0.058047603815793998 12 13 90.000000000000014 14 77.500000000000014 15 0.10038758814334871 75.500000000000014 16 58.500000000000007 57.500000000000007 0.16352472454309466 0.24404924362897876 325.00000000000006 0.086274277418851866 225.00000000000003 0.086054746061563506 0.20159854739904406 -0.84774214029312123 0.027486208826303486 90.000000000000014 0.17203700542449954 17 14.900000095367433 0.086274277418851866 155.00000000000003 1280.0000000000002 18 0.19848506897687915 0.08212983608245851 19 20 0.11963634565472604 0.092709075659513487 155.00000000000003 0.061421869322657592 0.058846931904554374 64.500000000000014 2375.0000000000005 6250.0000000000009 0.095947422087192549 -0.92923668026924122 0.1575826704502106 0.10205337032675744 135.00000000000003 0.069317996501922621 21 -0.10985771566629408 26.250000000000004 22 97.500000000000014 1225.0000000000002 100.50000000000001 715.00000000000011 0.10945477336645128 90.000000000000014 23 106.00000000000001 102.50000000000001 89.500000000000014 -0.099822327494621263 325.00000000000006 24 155.00000000000003 88.500000000000014 81.500000000000014 325.00000000000006 0.12783630937337878 49.000000000000007 325.00000000000006 25 90.000000000000014 38.500000000000007 225.00000000000003 26 0.77244481444358837 0.3903625756502152 -0.49064628779888148 325.00000000000006 27 0.058846931904554374 325.00000000000006 0.41985447704792028 135.00000000000003 28 97.500000000000014 0.064750330522656455
decision_type=9 2 2 2 2 9 2 2 9 2 8 9 9 2 2 9 2 9 2 2 2 2 2 2 9 8 2 2 2 2 9 9 8 2 2 10 9 9 2 9 9 2 9 2 9 2 2 9 2 2 2 10 2 2 2 10 10 2 10 2 10 9 2 2 2 2 9 8 2 9 1 10 2 2 2 2 2 2 2 2 2 2 10 2 10 9 10 2 9 2 2 2 2 2 2 9 2 2 2 2 2 9 2 2 2 2 8 2 2 1 2 2 2 1 2 2 2 2 9 2 2 2 2 9 2 2
left_child=1 6 3 4 34 77 7 8 59 12 58 124 -10 116 16 -16 17 -12 20 28 57 22 23 24 62 -26 -27 -28 30 -30 -20 32 -31 -29 37 36 -36 38 39 100 53 42 -42 70 -6 46 -17 48 49 50 -47 -49 88 54 -38 56 101 -18 -9 -1 64 -37 -19 -64 -45 122 67 -67 -66 115 -32 -34 -35 74 -15 -75 -77 -4 -79 -21 -3 82 -82 -57 85 -85 -87 -40 -13 98 92 -92 93 94 -91 -95 -97 -96 -39 -80 -2 102 -11 -104 107 106 -106 108 110 125 -103 113 -113 -112 -107 -24 117 -14 119 -118 -121 -93 123 -46 -5 -110
right_child=2 80 5 11 44 -7 -8 10 9 55 14 52 13 73 15 45 18 21 19 79 -22 -23 69 -25 25 26 27 33 29 31 43 -33 71 72 35 61 40 89 87 -41 41 -43 -44 60 65 47 -48 51 -50 -51 -52 -53 -54 -55 -56 83 -58 -59 -60 -61 -62 -63 63 -65 68 66 -68 -69 -70 -71 -72 -73 -74 75 -76 76 -78 78 99 -81 81 -83 -84 84 -86 86 -88 -89 -90 90 91 121 -94 95 97 96 -98 -99 -100 -101 -102 104 103 -105 105 114 -108 -109 109 -111 111 112 -114 -115 -116 -117 118 -119 -120 120 -122 -123 -124 -125 -126 -127
leaf_value=-0.014690506550761111 -0.0017150448684610429 -0.065327026523076565 -0.054500810866011308 0.0061791413170170506 0.0090746589476121166 -0.0014669936128431952 0.0074456074296304917 -0.00079345293378407539 0.0044565629191171121 0.0050445263479010037 0.0030289081765262136 -0.010327823060571357 0.0051864116471476126 0.022212966586534794 0.014886412134243479 0.0009696509558743962 -0.040164045038463297 0.018856152698710764 0.012097559568075634 0.013822376728068016 -0.02209920275570755 -0.011581467917562288 -0.0043424453364604831 -0.095767119791434721 -0.085684533119201656 -0.0021310882406894386 -0.113123567469266 0.016514780246349569 -0.08564729817097004 -0.012856370074692447 -0.010721452004329675 -0.013823785323930648 0.013665819327789996 -0.036931103236291424 0.00060772002309995149 0.0034369611496209299 -0.045223760781724243 -0.0013148761427083839 0.0030398112140960693 -0.0096083465329099907 0.017626137089236337 -0.0072509164429637642 -0.033121949484757066 -0.0019536797007277413 -0.030474954581599347 0.0027304007556872454 -0.024638438089858258 0.0011151793280344715 0.013026432768608393 -0.063407579036516559 -0.043695593536781367 -0.011053844182728345 0.0023603768744938159 -0.035240103100874769 0.0077601920402107331 0.012098320309697151 0.0074479285981173494 -0.0075085566606887914 -0.043972578511706419 0.0097886481382706454 -0.0022640824726563764 -0.0014418962176609117 0.0082902206688350213 -0.02994970699674205 -0.055207204289706664 -0.028373565496739875 0.0093347687577015701 -0.090650894266107812 -0.022812848376631039 0.0035516655405639624 0.014530208928141096 -0.011681427905784436 -0.006921087436971579 -0.020756199161082543 -0.062212745300768056 0.011159356123383559 -0.0035096664999442625 -0.003856576455795712 -0.053015127965241424 -0.00047787391173815191 -0.023871606928442712 0.00032948979116105413 -0.06870600532130762 0.0094103537780564489 -0.00069998164775670246 -0.057683117180333837 -0.019449672417848663 7.5540312159137486e-05 -0.00048810752565310096 -0.041041184862159075 -0.069122215491053046 -0.016525680720981425 0.0054984934557384107 0.0098733645451388186 -0.009095462859189855 -0.06292554056306042 -0.019035484686184927 8.0513260599573028e-05 0.010020629403185504 -0.019170451957104616 0.010622757641286035 -0.02284530556405984 -0.014356624256565099 0.023963131532508959 -0.0048487654601734494 0.0062598720544182604 -0.028263258289678721 0.00049196494364217743 -0.017739725206280709 0.01418981903160136 0.013845150723210986 -0.05566605085367337 0.00071535089673668882 -0.0052366029062850305 -0.014345320045837872 -0.032890105415135623 0.023917698386649134 -0.035039645731497919 -0.0084760050408477401 0.015004926943277687 -0.077215943049926017 -0.0030534747998666534 0.0021219327833867912 -0.0015419166001305205 -0.0090072934279157458 -0.047678076899584441
leaf_weight=357 3981 103 203 18693 3907 985 3488 167 11005 1073 10907 2506 518 129 957 1523 202 808 2222 916 3166 6948 1742 195 101 2051 195 337 129 1062 661 7864 1824 279 14013 11287 217 51861 40004 5185 122 19953 635 228 264 368 1168 19381 474 213 278 1569 21906 615 454 863 1119 5309 335 8542 503 30814 533 227 268 135 432 114 480 6547 483 323 576 262 135 2744 1200 336 241 7373 540 230 109 542 11178 137 818 33821 4650 188 210 1543 3972 188 3308 190 467 6194 1352 312 1367 613 6258 234 743 1090 1372 7667 1797 333 1261 169 363 2388 557 206 567 667 3700 242 103 1732 56688 7212 657 178
leaf_count=357 3981 103 203 18693 3907 985 3488 167 11005 1073 10907 2506 518 129 957 1523 202 808 2222 916 3166 6948 1742 195 101 2051 195 337 129 1062 661 7864 1824 279 14013 11287 217 51861 40004 5185 122 19953 635 228 264 368 1168 19381 474 213 278 1569 21906 615 454 863 1119 5309 335 8542 503 30814 533 227 268 135 432 114 480 6547 483 323 576 262 135 2744 1200 336 241 7373 540 230 109 542 11178 137 818 33821 4650 188 210 1543 3972 188 3308 190 467 6194 1352 312 1367 613 6258 234 743 1090 1372 7667 1797 333 1261 169 363 2388 557 206 567 667 3700 242 103 1732 56688 7212 657 178
internal_value=-0.000864589 -0.00260683 -4.25831e-05 5.03945e-05 -0.000381397 -0.0157406 -0.00245818 -0.00267143 -0.00113392 -0.00255962 -0.00386842 0.00274771 0.00101116 -0.00268369 -0.0037253 -0.00104966 -0.00479821 -0.00279436 -0.00671931 -0.00426591 -0.013599 -0.00585467 -0.00297433 -0.00942004 -0.00610496 -0.0124399 -0.0102639 -0.0222798 -0.00703956 -0.0100426 -9.56124e-05 -0.00915417 0.00232578 -0.00733628 -0.00103359 -0.00241792 -0.00508888 -0.000338489 0.000971212 -0.0040082 -0.00871419 -0.007902 -0.0251352 -0.0104317 0.00183524 -0.0016662 -0.0101503 -0.000641956 -0.0138134 -0.0287823 -0.0172852 0.000203228 0.000806197 -0.0216159 -0.00941651 -0.00442409 -0.00603474 -0.00871258 -0.0296383 0.0087952 -0.0185218 -0.000133382 0.00819189 -0.00315579 -0.0268896 0.00139731 -0.0148803 -0.0549371 -0.0344776 0.00104928 -5.67512e-05 0.00984885 -0.0167455 0.00344111 -0.0210311 0.0049818 0.00669641 -0.0283299 -0.0226176 0.00110389 -0.0276603 -0.0231774 -0.0314957 -0.00118604 -0.00209141 -0.0124737 -0.0247304 0.00168183 -0.00395001 -0.00188998 -0.00444411 -0.0130213 -0.00238287 -0.00535461 -0.0038546 -0.0225311 -0.0318045 -0.00311461 -0.00102669 -0.0339892 0.00143732 -0.00661314 -0.0104024 -0.0129719 -0.0050574 -0.0115833 -0.0200439 -0.00339784 -0.00759658 -0.0154573 -0.0038097 -0.00101399 -0.0172661 0.00135954 -0.000713087 -0.00733902 -0.00741087 -0.0174661 -0.00482408 0.00996857 -0.0126713 -0.00940394 0.00157052 -0.00261039 0.00566015 -0.0204607
internal_weight=519406 166492 352914 350837 302425 2077 165510 162022 70924 62025 91098 48412 21272 10267 90596 25931 64665 31652 33013 24336 8677 20745 13797 5302 5107 3539 3438 1387 16047 11202 4845 11073 3209 1192 233673 78110 36009 155563 84358 10533 21996 20710 757 2623 68752 24974 2691 22283 1333 859 646 20950 29062 1286 671 40753 27215 5511 502 8899 1479 42101 1568 760 976 64845 681 249 748 8495 1144 2147 855 4470 264 4206 3944 1092 889 8289 982 879 649 13538 12675 1497 955 73825 7156 71205 17992 3485 14507 10535 9690 845 657 9502 53213 553 5348 26096 7565 6492 18531 3762 2115 14769 7102 2308 4794 4181 532 3649 1647 1948 5797 1185 4612 912 345 3275 64164 7476 19350 1975
internal_count=519406 166492 352914 350837 302425 2077 165510 162022 70924 62025 91098 48412 21272 10267 90596 25931 64665 31652 33013 24336 8677 20745 13797 5302 5107 3539 3438 1387 16047 11202 4845 11073 3209 1192 233673 78110 36009 155563 84358 10533 21996 20710 757 2623 68752 24974 2691 22283 1333 859 646 20950 29062 1286 671 40753 27215 5511 502 8899 1479 42101 1568 760 976 64845 681 249 748 8495 1144 2147 855 4470 264 4206 3944 1092 889 8289 982 879 649 13538 12675 1497 955 73825 7156 71205 17992 3485 14507 10535 9690 845 657 9502 53213 553 5348 26096 7565 6492 18531 3762 2115 14769 7102 2308 4794 4181 532 3649 1647 1948 5797 1185 4612 912 345 3275 64164 7476 19350 1975
cat_boundaries=0 2 3 5 7 9 11 13 14 16 17 19 21 23 25 26 28 29 31 32 33 34 36 38 39 40 41 42 43 45
cat_threshold=3720233 10324 327155714 1081344 8196 1191454806 17418 2098216 2048 524288 16 2113545 2064 4 0 2068 573440 2818840784 17704 1267081862 4618 1082523778 10 131072 2 1073742336 268435520 2 32776 406987280 170 536872962 1048576 2 2098176 16 4325888 384 1 2113569 2 2 524288 133120 512
is_linear=0
shrinkage=0.03


Tree=68
num_leaves=127
num_cat=39
split_feature=0 5 5 0 40 0 36 0 48 5 0 5 47 5 5 36 11 5 5 0 5 0 5 27 27 5 22 5 0 5 0 29 26 0 5 13 0 0 5 5 23 0 47 27 0 5 27 32 27 26 26 11 27 0 5 13 5 0 0 5 5 32 26 27 26 29 23 22 0 5 13 0 4 5 32 20 11 0 5 26 27 5 27 5 5 0 27 0 4 27 0 27 5 13 0 5 27 4 5 26 0 5 0 22 26 45 27 26 27 5 0 0 5 27 27 0 13 0 0 5 5 20 4 27 27 27
split_gain=883.86 728.472 664.694 633.246 472.44 398.238 367.969 300.42 272.575 312.572 243.654 236.081 231.496 252.979 219.413 209.327 284.194 713.944 324.43 217.565 675.212 208.712 910.349 208.231 282.582 204.397 191.946 191.162 183.024 245.116 244.615 173.854 221.867 241.745 178.521 229.478 180.07 1465.3 750.397 617.839 455.358 278.906 224.129 215.778 214.058 376.184 520.379 201.962 192.07 184.104 182.997 176.993 167.965 165.902 396.847 181.141 444.474 268.752 185.408 490.554 222.357 269.999 216.894 225.099 191.665 190.799 171.294 169.256 162.562 158.57 156.844 147.021 144.309 143.583 141.238 140.918 139.129 139.045 242.407 135.87 132.565 131.558 322.768 398.96 235.736 270.242 198.642 453.186 213.492 130.986 130.755 128.022 183.09 127.78 130.032 279.393 127.617 137.818 126.13 125.218 157.926 332.865 288.072 216.965 184.832 133.627 124.736 124.138 121.322 119.435 148.396 235.719 166.155 370.555 246.09 146.904 118.595 115.542 115.333 612.365 417.815 243.538 142.375 233.42 142.613 113.421
threshold=1715.0000000000002 0 1 2375.0000000000005 37.95000076293946 13030.000000000002 8.1500000953674334 1560.0000000000002 0.7500000298023225 2 17950.000000000004 3 42.954999923706062 4 5 3.4499998092651372 0.24372619390487674 6 7 155.00000000000003 8 1280.0000000000002 9 0.17337424308061603 0.1575826704502106 10 0.18643188476562503 11 180.00000000000003 12 55.000000000000007 0.15539915859699252 0.16209227591753009 950.00000000000011 13 46.500000000000007 715.00000000000011 950.00000000000011 14 15 0.081555202603340163 90.000000000000014 14.240000247955324 0.08212983608245851 1225.0000000000002 16 0.10945477336645128 0.16802810132503512 0.1321084722876549 0.044606909155845649 0.098714631050825133 0.056951373815536506 0.1045757830142975 225.00000000000003 17 37.500000000000007 18 325.00000000000006 325.00000000000006 19 20 0.22759647667407992 0.099273119121789946 0.058846931904554374 0.099273119121789946 0.12422404438257219 0.043235365301370628 0.075262714177370085 615.00000000000011 21 44.500000000000007 1410.0000000000002 22 23 0.20935109257698062 42.500000000000007 -0.57078385353088368 90.000000000000014 24 0.040561126545071609 0.10945477336645128 25 0.095947422087192549 26 27 950.00000000000011 0.08212983608245851 950.00000000000011 28 0.084925193339586272 325.00000000000006 0.10038758814334871 29 26.500000000000004 90.000000000000014 30 0.060448419302701957 31 32 0.013495144899934532 325.00000000000006 33 615.00000000000011 -0.10472935810685156 0.04991115257143975 16.414999961853031 0.16058247536420825 0.17467451840639117 0.052256155759096153 34 155.00000000000003 61.500000000000007 35 0.053855204954743392 0.056865874677896507 45.000000000000007 39.500000000000007 225.00000000000003 325.00000000000006 36 37 86.500000000000014 38 0.10945477336645128 0.064750330522656455 0.059393314644694335
decision_type=2 9 9 2 2 2 2 2 2 9 2 9 2 9 9 2 2 9 9 2 9 2 9 2 2 9 10 9 2 9 2 10 10 2 9 2 2 2 9 9 8 2 2 2 2 9 2 8 2 8 8 2 2 2 9 2 9 2 2 9 9 10 10 2 10 10 8 10 2 9 2 2 9 9 10 2 2 2 9 10 2 9 2 9 9 2 2 2 9 2 2 2 9 2 2 9 2 9 9 8 2 9 2 8 8 2 2 10 2 9 2 2 9 2 2 2 2 2 2 9 9 2 9 2 2 2
left_child=1 7 3 -2 6 -5 8 12 9 125 14 -8 31 -14 -4 16 18 69 -10 20 -19 28 -23 24 26 -6 -12 71 29 30 -13 34 -33 -34 35 74 39 42 98 41 79 89 -38 -43 45 46 70 -47 53 -45 -46 80 -37 54 66 58 57 75 59 -55 -60 64 63 -61 65 -62 -41 -67 -63 -18 -42 -17 -32 -30 99 -57 118 78 -22 -40 -49 106 84 -84 86 -86 -83 -88 -89 -36 -76 92 -52 -20 95 -95 109 -98 -39 -1 105 102 -102 -103 -105 -101 -21 -31 -15 -56 111 115 -112 -114 -115 -111 -44 -27 120 -120 -58 -122 124 -124 -121 -3
right_child=2 4 10 5 25 -7 11 -9 15 -11 23 21 13 108 -16 27 17 19 93 81 77 22 -24 -25 -26 117 -28 -29 73 107 72 32 33 -35 36 52 37 38 40 48 44 43 116 49 50 47 -48 51 -50 -51 91 -53 -54 55 96 56 76 -59 60 62 61 68 -64 -65 -66 67 -68 -69 -70 -71 -72 -73 -74 -75 90 -77 -78 -79 -80 -81 -82 82 83 -85 85 -87 87 88 -90 -91 -92 -93 -94 94 -96 -97 97 -99 -100 100 101 103 -104 104 -106 -107 -108 -109 -110 110 112 -113 113 114 -116 -117 -118 -119 119 122 121 -123 123 -125 -126 -127
leaf_value=-0.0079116360834436544 -0.10183806573190997 -0.0016539101958261678 -0.016073377359062866 -0.0032478118346090305 0.006721816599471909 -0.048505848949522617 0.0089036933023555129 0.0074111333970059944 0.00062536053818728384 -0.00049282435925133798 -0.016919858810046769 0.0089799249796877634 0.0016507735125111079 -0.015023371072110317 0.0054832787567914111 0.0038178745981148413 0.0062709630096602839 -0.04636418481373427 0.0015734799302761489 -0.0062472334848256471 0.014608913194289074 -0.068408952957332722 0.0085161801949293781 -0.060661068812455282 0.01965533452584993 -0.0051528980186271072 -0.0587735246435592 -0.00073868949603915512 0.00086698232716431775 0.0015787482282106009 -0.0015532869313210106 -0.0063570735370986498 -0.064214515413452924 -0.016426414102315903 -0.018534422819737835 -0.010240934439610759 -0.093761894913084468 0.019516436757965303 -0.014822181079920161 0.015974046913235077 -0.0028413299109010014 0.0096464921045777436 -0.064253398776054377 -0.024402137788528778 -0.018184482223388542 0.013475825828383189 -0.05229401060572219 -0.00016217246012002442 0.015290991689295643 0.0023656107286860314 -0.029150173347443343 -0.010839739064782935 0.0066861767018159659 0.0068602963862059328 0.0041573684651354127 -0.041247731452667205 0.010828098588963315 0.0062956685983683843 -0.0052751439415269323 -0.016463649141549158 0.0096678848673370007 -0.0078177678030439211 0.00081779920336613027 0.00015340677632982381 -0.0025728247169060988 0.015071295963313715 0.0032546895782646834 -0.032894961559748068 -0.046146603226661684 -0.0012453301118789037 -0.029316263390357773 -0.027006396567250821 -0.011373295141098855 0.0042491036711031823 -0.024718261383891795 -0.005724789237891369 -0.0058065553362038197 0.0012490641532145099 -0.033389703906488294 -0.049493727324100636 -0.0077332318092250924 0.0060755265779267546 0.019873486027402215 -0.023013701107904187 -0.018022810278122185 0.0092902855105379198 -0.068012294515379157 -0.03490342286841891 0.015615930899764388 0.017840322174131867 -0.0051888321872775121 -0.00057469320941419219 0.0063296849607179561 -0.043540403365513285 -0.0038079676354351635 -0.0007181178411260231 0.021492513390367521 -0.0015423823854920043 0.0052328008115345619 -0.0072092467442044774 0.033498901886370114 -0.034408795275447664 -0.013479955881644207 0.0071546029300195296 -0.0023195792368617624 0.00032286275173134393 0.0051797937244241633 0.021502618091180918 -0.0023459397873610956 0.015344501413064328 -0.0033582619537465058 0.0028489400277485941 -0.0009419018647328773 -0.063349912459145508 -0.024647498197259015 -0.020398733576416576 -0.02240233048007054 0.0025343656132675004 0.0046685391918175421 -0.024679726380258268 -0.025651104544762701 -0.0031697889809626152 -0.012465873901749641 -0.044615186901763082 -0.04823909246033023 0.0055979612479623679
leaf_weight=3767 123 2251 634 317 12217 390 3918 2857 42152 32432 746 895 23190 698 1236 11388 3107 530 4091 9163 130 191 438 100 171 2001 113 67809 24847 6600 2100 2907 122 428 593 7649 133 623 169 1179 676 6741 134 248 597 477 377 4452 533 3243 325 4995 566 2121 690 105 762 3247 4002 3606 4747 478 1300 921 2089 103 4956 182 125 13297 286 140 3756 20733 516 1955 4766 811 311 259 3908 1701 208 2224 1712 402 113 106 253 104 767 12247 214 222 27428 345 254 2806 4882 6689 469 170 156 2335 8967 3103 948 293 24274 117 639 1514 433 210 503 854 114 14542 961 842 983 776 1339 239 321 14078
leaf_count=3767 123 2251 634 317 12217 390 3918 2857 42152 32432 746 895 23190 698 1236 11388 3107 530 4091 9163 130 191 438 100 171 2001 113 67809 24847 6600 2100 2907 122 428 593 7649 133 623 169 1179 676 6741 134 248 597 477 377 4452 533 3243 325 4995 566 2121 690 105 762 3247 4002 3606 4747 478 1300 921 2089 103 4956 182 125 13297 286 140 3756 20733 516 1955 4766 811 311 259 3908 1701 208 2224 1712 402 113 106 253 104 767 12247 214 222 27428 345 254 2806 4882 6689 469 170 156 2335 8967 3103 948 293 24274 117 639 1514 433 210 503 854 114 14542 961 842 983 776 1339 239 321 14078
internal_value=-0.000846131 -0.000739534 -0.0152027 -0.0387949 0.000107123 -0.0282466 -0.000243741 -0.00224033 -0.00078733 0.00121202 -0.00850716 0.00177945 -0.00239098 -0.000605225 -0.00188652 -0.00130427 -0.00215598 -0.00438381 -0.00110513 -0.00840294 -0.0183738 0.00131124 -0.0158648 -0.0195273 -0.0154788 0.00378066 -0.0224876 -0.000131388 0.00149415 -0.00155396 -0.00561179 -0.00302774 -0.00966793 -0.027124 -0.00285325 -0.00468363 -0.00218539 -0.0039083 -0.00326095 -0.00121026 -0.00518888 0.00525579 -0.0623418 0.00651173 -0.00472958 -0.00716911 -0.0222996 -0.00568267 -0.00260585 0.000457591 -0.0019638 -0.00637217 -0.00907401 -0.00279698 -4.56794e-05 -0.00387964 -0.00621876 0.000917334 -0.00194194 -0.00547903 0.000455804 0.00342784 -0.00996557 -0.0130837 0.00506509 0.00823579 0.00569197 -0.0155677 -0.0158265 0.000181542 -0.0107345 0.00343824 -0.00785264 0.00240659 -0.00334624 -0.00755456 -0.00965686 -0.00607869 -0.0196643 -0.0358698 -0.00370187 -0.00735117 -0.0106082 -0.019352 -0.00566935 -0.0127666 0.00129072 -0.0159019 0.000643834 -0.0130891 -0.0130564 -0.00120506 -0.0155005 -0.00337759 -0.00410235 -0.0183109 -0.0044365 0.000376061 0.00688497 -0.00286017 -0.00199051 0.000302149 0.0214279 -0.000868478 -0.000361748 -0.0048226 -0.00517032 0.00242513 -0.0026998 -0.00741396 -0.00927235 -0.00455114 -0.0158907 -0.022643 -0.0361193 -0.0160805 -0.0451826 0.00160331 -0.0126198 -0.0159903 -0.00766594 -0.0156518 -0.0231649 -0.0173603 -0.0312182 0.00459542
internal_weight=519798 515968 3830 830 329883 707 301123 186085 237352 48761 3000 63771 183228 48162 1870 188591 109254 35016 74238 18612 1782 59853 629 1130 1030 28760 859 79337 59224 13644 6751 135066 3457 550 131609 35154 96455 34868 34487 61587 28982 10929 381 10232 28554 15171 1339 13832 50658 3491 13383 13355 8215 50125 14155 35970 16296 5307 19674 7948 11726 7724 5827 4527 7121 5032 6135 285 603 16404 962 11528 5856 45580 26939 2060 10989 1252 441 428 8360 16830 6719 2432 4287 2114 2173 472 359 697 1283 12786 539 32086 27995 567 8020 3060 5505 25656 21889 12097 625 11472 11302 9792 10111 6893 24972 4960 4270 2485 1785 1146 713 971 248 16543 6223 3702 2521 1759 2741 1578 1163 16329
internal_count=519798 515968 3830 830 329883 707 301123 186085 237352 48761 3000 63771 183228 48162 1870 188591 109254 35016 74238 18612 1782 59853 629 1130 1030 28760 859 79337 59224 13644 6751 135066 3457 550 131609 35154 96455 34868 34487 61587 28982 10929 381 10232 28554 15171 1339 13832 50658 3491 13383 13355 8215 50125 14155 35970 16296 5307 19674 7948 11726 7724 5827 4527 7121 5032 6135 285 603 16404 962 11528 5856 45580 26939 2060 10989 1252 441 428 8360 16830 6719 2432 4287 2114 2173 472 359 697 1283 12786 539 32086 27995 567 8020 3060 5505 25656 21889 12097 625 11472 11302 9792 10111 6893 24972 4960 4270 2485 1785 1146 713 971 248 16543 6223 3702 2521 1759 2741 1578 1163 16329
cat_boundaries=0 2 4 6 8 10 12 14 16 18 19 21 23 25 27 29 31 33 35 37 38 40 42 43 45 46 48 49 51 52 54 56 57 58 59 61 62 64 65 66
cat_threshold=37340201 2389 276824066 8192 1090781190 4106 268435520 2 36766752 2064 687865856 2048 2818838736 21544 159787718 552 133122 2 536872960 3238266900 25610 406849680 130 1078067858 5632 17441 2048 36241408 65 1081344 68 0 16 2097152 257 65536 272 524296 34078720 256 266256 17408 1 2240025088 25096 1073742336 92276742 130 512 268574720 512 2 0 4 1073741824 16384 2 524288 1056 0 16 33554440 8 1 524288 1
is_linear=0
shrinkage=0.03


Tree=69
num_leaves=127
num_cat=37
split_feature=0 5 5 0 0 33 26 0 5 2 5 5 5 27 5 0 5 25 13 5 0 5 5 0 25 0 0 5 25 5 0 5 5 0 5 25 5 25 25 25 25 21 0 5 0 27 5 5 0 3 25 27 20 8 25 0 13 25 25 27 5 23 8 0 25 21 20 27 25 26 33 30 28 0 30 25 5 0 0 3 22 26 0 27 25 20 0 0 20 5 27 5 25 25 5 0 0 27 25 5 0 5 23 29 5 48 5 25 25 25 5 5 27 27 5 0 27 25 8 22 20 48 5 5 47 44
split_gain=768.402 653.046 608.782 632.514 372.893 350.303 322.685 318.33 270.552 253.067 1088.85 775.275 697.422 605.837 671.893 336.293 827.744 579.14 556.357 324.132 559.519 638.947 452.175 439.513 357.41 329.46 1602.23 1157.77 413.969 323.691 320.474 535.116 534.605 372.169 1208.3 593.842 347.362 320.348 546.764 312.224 293.434 289.769 315.987 521.891 283.61 280.878 535.185 366.929 379.195 510.014 662.95 486.118 362.973 311.785 279.284 278.393 275.147 266.807 337.275 578.258 265.862 257.133 242.16 241.019 391.831 240.63 234.988 317.408 230.967 223.942 223.507 220.69 216.377 288.009 215.487 222.124 214.547 213.37 280.839 885.828 258.294 212.49 252.845 210.766 274.211 208.391 206.632 203.681 231.154 211.73 202.155 465.423 435.816 533.583 218.376 282.307 787.94 256.37 427.635 309.609 207.241 201.004 260.621 189.405 186.989 183.573 180.422 175.599 290.716 172.57 172.417 171.067 169.076 375.291 167.542 167.354 164.99 218.064 200.86 163.115 233.895 247.85 342.476 247.022 162.617 160.786
threshold=1715.0000000000002 0 1 2375.0000000000005 1560.0000000000002 7.4499998092651376 0.13882523775100711 13030.000000000002 2 3 4 5 6 0.059944719076156623 7 155.00000000000003 8 10.500000000000002 40.500000000000007 9 715.00000000000011 10 11 950.00000000000011 50.500000000000007 425.00000000000006 475.00000000000006 12 18.500000000000004 13 615.00000000000011 14 15 715.00000000000011 16 68.500000000000014 17 85.500000000000014 60.500000000000007 46.500000000000007 20.500000000000004 0.13533534109592441 155.00000000000003 18 550.00000000000011 0.059393314644694335 19 20 325.00000000000006 21 88.500000000000014 0.051913643255829818 34.500000000000007 11.500000000000002 63.500000000000007 1225.0000000000002 24.500000000000004 52.500000000000007 47.500000000000007 0.1321084722876549 22 0.058227287605404861 9.5000000000000018 950.00000000000011 155.00000000000003 0.10722555592656137 81.500000000000014 0.08212983608245851 107.50000000000001 0.041585111990571029 4.9499998092651376 0.076130148023366942 0.11498869955539705 1410.0000000000002 0.096469961106777205 95.000000000000014 23 61.500000000000007 45.000000000000007 24 -0.11594646796584128 0.1366594657301903 325.00000000000006 0.092709075659513487 77.500000000000014 92.500000000000014 850.00000000000011 17950.000000000004 108.50000000000001 25 0.058846931904554374 26 86.500000000000014 69.500000000000014 27 950.00000000000011 715.00000000000011 0.095947422087192549 85.500000000000014 28 90.000000000000014 29 0.12977331131696704 0.04237759672105313 30 84.75000381469728 31 66.500000000000014 52.500000000000007 15.500000000000002 32 33 0.07936600968241693 0.053855204954743392 34 325.00000000000006 0.095947422087192549 26.500000000000004 7.5000000000000009 0.15231326222419742 75.500000000000014 54.750000000000007 35 36 21.635000228881839 0.079500000923872008
decision_type=2 9 9 2 2 2 10 2 9 9 9 9 9 2 9 2 9 2 2 9 2 9 9 2 2 2 2 9 2 9 2 9 9 2 9 2 9 2 2 2 2 10 2 9 2 2 9 9 2 1 2 2 2 2 2 2 2 2 2 2 9 10 2 2 2 8 2 2 2 10 2 10 8 2 8 2 9 2 2 1 8 10 2 2 2 2 2 2 2 9 2 9 2 2 9 2 2 2 2 9 2 9 10 8 9 2 9 2 2 2 9 9 2 2 9 2 2 2 2 8 2 2 9 9 2 2
left_child=1 70 3 -2 5 6 9 -5 -7 12 41 55 30 14 -14 16 18 112 -13 20 21 68 -22 86 -25 -23 -27 37 -29 107 32 63 81 34 40 -36 39 38 57 116 -33 42 76 -44 -34 47 -47 48 51 -50 53 -16 -53 69 -54 -12 -57 58 -28 -60 77 62 109 64 -32 -38 67 -40 -15 -51 72 125 73 106 -26 -76 -11 78 -18 -80 -81 -3 -83 -37 -85 -30 -24 89 119 -4 91 92 93 100 -92 96 97 115 99 -99 -74 -8 -103 -45 -79 -70 -1 108 -19 -62 -6 -93 113 -17 -72 -96 -35 -118 -119 -89 121 -121 -123 -122 -49 -31
right_child=2 4 87 7 110 8 101 -9 -10 10 11 15 13 19 45 17 60 29 -20 -21 22 25 23 24 74 26 27 28 85 71 31 33 44 36 35 83 65 -39 66 -41 -42 -43 43 103 -46 46 -48 124 49 50 -52 52 54 -55 -56 56 -58 -59 59 -61 61 -63 -64 -65 -66 -67 -68 -69 105 -71 114 -73 90 -75 75 -77 -78 104 79 80 -82 82 -84 84 -86 -87 -88 88 -90 -91 94 111 -94 -95 95 -97 -98 98 -100 -101 -102 102 -104 -105 -106 -107 -108 -109 -110 -111 -112 -113 -114 -115 -116 -117 117 118 -120 120 123 122 -124 -125 -126 -127
leaf_value=0.001569609160773526 -0.098417983263037925 0.0051915793516856597 -0.015729977477438421 -0.0030421395744105765 0.021013674995759162 -0.0030244646092684514 0.012123778312357848 -0.044036127319631649 0.0026113701871856927 -0.022131119764200007 -0.058395514138563781 0.0011269356399227718 0.0079425120672349057 -0.0010144745912975739 0.0025664442865484405 -0.063915793815627703 0.013169089304148566 -0.01927878295891983 -0.085081234624265964 -0.0032522990060950547 0.011206251488159218 -0.010949539174988527 0.0053525713216492814 -0.02138097435475951 -0.045624931124821959 -0.11153075455287316 0.0060602283573069141 -0.09499375288399102 -0.056641608224724818 -0.010093429509268993 0.014922647650585159 -0.020206898246794495 -0.0024402209935593397 -0.01272531497659918 -0.075238949656859039 -0.0076564580106233222 -0.0078758744663116245 -0.0002057398435225469 -0.036265034338519457 -0.028943635766466073 0.0063620773779741908 -0.020587305009043343 0.013887288118910334 -0.011243165248185395 -0.038800848421362256 -0.042109625752503051 0.0082639366208274029 -0.0016472777303313318 0.003996659193914418 -0.011859666061511023 0.017249586228561167 -0.07122885235019516 -0.0085376722453865701 -0.044335576783865689 -0.023149826787008072 -0.050380605914363899 0.0058044742989775272 0.021819143640046768 -0.045916099151889211 0.030627318413129871 0.034186948461887925 -0.037159434455088694 -0.001935162088845436 0.0028524957057641997 -0.0014452733146858999 0.0060807682825869177 -0.024222698441960594 -0.09863599511884874 -0.058560780251380236 -0.057852751146448715 0.0076977560753571832 -0.012751390882944216 -0.030962518375185058 -0.02913194572685528 -0.0080684891608572059 0.0022575080094742366 -0.0024997774791918428 -0.013496772091245859 -0.086705733325383436 -0.032638269079876825 -0.0048862856001819759 0.014380143175954404 -0.042497744254031022 0.0015353852014231961 -0.026655307675068757 -0.01097556161329798 0.043964335521062214 0.0055167258750233386 0.0076939867419004437 0.0054448349377876305 0.0036805406744236861 -0.0017368989862235143 -0.0019024967370043749 -0.028249193080571732 -0.0052014476462833902 0.0012497119449763423 -0.063842504446951415 0.018929508285919674 -0.059886292640071406 -0.012264975598741743 -0.00053577401005387953 0.0014362776065398367 -0.0096664505985921585 0.0013069309332983019 0.0027709335908722636 -0.013468106462139088 0.0079046634493287696 -0.025973797908979839 -0.004839443880563535 0.0087171594074120715 0.0048702921537553887 0.006124935723436576 -0.062794672110887795 6.0388091346479505e-05 0.0022752242498366897 0.0030924214149373607 -0.018943843805145268 0.022858843023340927 0.00016498600508349997 -0.051957319039241251 -0.021133982544792266 0.036455515179418981 -0.026877521169218387 -0.075031201933791647 0.0041170256395342761 -0.0038867283874015304
leaf_weight=10444 128 11850 633 305 732 10128 1439 386 31438 508 328 108 7384 4045 1586 139 362 2182 178 47212 1730 3311 296 1315 112 178 399 190 264 4326 5725 401 40224 917 149 2049 1214 1241 185 454 5398 600 3027 1124 193 189 3828 23645 4776 1712 548 106 2535 379 2200 139 178 219 432 111 259 129 2310 5446 1709 13107 307 123 100 100 6929 3383 232 238 4638 3146 14930 765 145 371 1603 114 181 383 1638 137 215 134 249 1240 16139 6953 3965 1729 4150 26146 196 318 153 2292 1489 28292 2039 28504 3512 421 6612 814 2954 3052 3122 3868 172 201 19775 4633 346 509 1126 115 193 122 171 158 5412 28516
leaf_count=10444 128 11850 633 305 732 10128 1439 386 31438 508 328 108 7384 4045 1586 139 362 2182 178 47212 1730 3311 296 1315 112 178 399 190 264 4326 5725 401 40224 917 149 2049 1214 1241 185 454 5398 600 3027 1124 193 189 3828 23645 4776 1712 548 106 2535 379 2200 139 178 219 432 111 259 129 2310 5446 1709 13107 307 123 100 100 6929 3383 232 238 4638 3146 14930 765 145 371 1603 114 181 383 1638 137 215 134 249 1240 16139 6953 3965 1729 4150 26146 196 318 153 2292 1489 28292 2039 28504 3512 421 6612 814 2954 3052 3122 3868 172 201 19775 4633 346 509 1126 115 193 122 171 158 5412 28516
internal_value=-0.000801109 -0.000701697 -0.0141802 -0.0369504 -0.00127708 -0.0013675 -0.00167305 -0.0259724 0.001238 -0.00195707 -0.0031683 -0.006016 -0.00137409 -0.00284075 -0.000463685 -0.00563133 -0.0013659 -0.00691101 -0.0508643 -0.00467986 -0.00759066 -0.0122187 -0.00288328 -0.00539734 -0.00690603 -0.0178414 -0.0239112 -0.0195588 -0.0575888 -0.00652546 0.000590214 0.00259331 -0.000955819 0.000241947 -0.00437712 -0.0165674 0.00286052 -0.0118624 -0.0200697 -0.00582241 0.00451389 0.000114711 0.000373432 0.00204542 -0.00261416 -0.00178535 0.00579973 -0.00249449 -0.00649301 -0.00192179 -0.0122395 -0.0118471 -0.0165687 -0.0196196 -0.0153303 -0.0384549 -0.0189128 -0.00794071 -0.0148752 -0.0302416 -0.000189311 0.00454768 0.00551938 0.00764201 0.0111601 0.00489377 -0.0429168 -0.0614115 -0.00343079 -0.0144284 0.00127728 -0.00545487 0.000559105 0.00357331 -0.00449297 -0.00389536 -0.00316311 -0.00422059 -0.0112239 -0.0153953 -0.010116 0.00456108 -0.0205435 -0.0144422 -0.0213148 -0.0411061 0.0216524 -0.00783613 -0.0178421 -0.00177087 -0.000162294 -0.00289335 -0.00867613 -0.0164832 0.000759571 -0.00048557 -0.00434973 -0.00333436 -0.0113028 -0.00843295 -0.00465306 0.00121169 0.000689376 0.000830173 -0.000166315 -0.0222187 0.00403136 -0.0130104 -0.0109765 0.0107192 0.00800825 0.0010767 -0.0385955 -0.0262053 0.0036862 -0.000826608 -0.00221159 0.00265915 0.00723958 -0.0249631 -0.0303444 -0.0148415 -0.000146685 -0.0482716 -0.000573348 -0.00470457
internal_weight=519964 516130 3834 819 399869 396015 354449 691 41566 322679 104819 56126 217860 124727 54400 55481 12794 42687 286 70327 23115 11663 11452 9722 9211 7097 3786 3608 591 42175 93133 40571 52562 27691 10018 4219 17673 3017 1776 3352 5799 48693 48093 32655 40417 47016 4017 42999 13942 7515 2739 6427 4841 2191 4735 645 317 1161 942 543 12508 5750 5621 12880 7434 14321 615 308 4566 1812 116261 36225 89557 17294 7896 7784 15438 6758 2481 2119 1974 12145 295 4070 2021 401 511 3015 1142 1873 72263 18236 7415 3450 54027 37888 11742 11546 2763 2610 1721 31770 30331 29628 4277 521 17056 5950 5136 3311 3854 10821 512 340 26704 8783 2898 1981 1635 893 759 408 293 351 29057 32842
internal_count=519964 516130 3834 819 399869 396015 354449 691 41566 322679 104819 56126 217860 124727 54400 55481 12794 42687 286 70327 23115 11663 11452 9722 9211 7097 3786 3608 591 42175 93133 40571 52562 27691 10018 4219 17673 3017 1776 3352 5799 48693 48093 32655 40417 47016 4017 42999 13942 7515 2739 6427 4841 2191 4735 645 317 1161 942 543 12508 5750 5621 12880 7434 14321 615 308 4566 1812 116261 36225 89557 17294 7896 7784 15438 6758 2481 2119 1974 12145 295 4070 2021 401 511 3015 1142 1873 72263 18236 7415 3450 54027 37888 11742 11546 2763 2610 1721 31770 30331 29628 4277 521 17056 5950 5136 3311 3854 10821 512 340 26704 8783 2898 1981 1635 893 759 408 293 351 29057 32842
cat_boundaries=0 2 4 6 7 9 10 12 14 16 18 20 21 22 24 26 28 30 31 33 34 36 37 39 41 42 44 45 47 48 50 51 53 55 57 59 60 62
cat_threshold=419706966 42 276824066 8192 71843969 452 6 1185941121 9425 131072 3762487976 21376 9469952 8196 0 512 12059649 1024 1048576 1024 2622464 10485761 65568 4096 1073742376 16768 2688680096 512 2147614848 4096 2147614720 35651585 16 524288 16385 17 2 4243464 16384 0 16 2 687865856 2048 16777222 6 10 134219776 4194304 1088 16384 12294 40 524288 4096 10304 8 262164 10 672137216 34078720 4
is_linear=0
shrinkage=0.03


Tree=70
num_leaves=127
num_cat=35
split_feature=0 5 5 0 0 5 2 5 5 0 28 0 5 0 5 2 25 5 0 48 25 30 25 23 30 0 5 5 21 48 5 0 25 0 25 20 0 5 13 0 5 3 12 25 5 5 25 25 5 0 5 25 8 0 0 25 45 0 5 25 25 11 25 8 5 11 5 11 0 5 0 0 5 11 0 47 25 25 5 25 0 4 25 25 0 0 0 5 20 25 11 25 21 0 0 5 43 30 0 8 30 5 0 30 5 5 25 25 25 5 13 21 25 48 23 32 5 25 0 0 31 0 25 5 0 0
split_gain=700.418 697.491 591.959 524.061 416.983 369.333 442.691 1012.69 651.04 573.432 806.578 572.487 1007.28 434.889 424.946 416.096 416.048 352.682 325.842 258.82 243.436 229.791 264.904 246.435 218.194 244.508 536.42 217.164 216.906 307.198 208.585 1076.87 467.827 455.19 375.89 331.777 307.027 506.719 286.495 242.133 235.863 213.7 264.686 211.587 208.4 205.36 249.073 220.514 201.471 200.38 196.172 193.04 377.393 208.946 192.832 281.513 184.071 182.439 530.034 516.396 312.827 218.914 217.52 221.828 204.134 193.334 175.56 172.299 163.709 497.164 491.458 243.243 162.014 486.237 420.107 161.921 158.452 188.205 277.634 408.189 296.458 386.999 266.838 233.765 166.926 157.555 157.477 226.873 188.704 216.875 191.74 155.158 178.733 153.127 152.259 146.895 300.952 146.798 235.239 155.515 146.561 145.707 144 409.05 166.327 143.671 448.065 218.067 240.873 152.608 248.248 205.498 159.724 202.513 143.199 328.043 187.194 268.685 492.772 414.931 335.794 332.282 514.452 468.522 284.093 525.165
threshold=1715.0000000000002 0 1 2375.0000000000005 1560.0000000000002 2 3 4 5 1225.0000000000002 0.12256495654582979 325.00000000000006 6 155.00000000000003 7 8 155.00000000000003 9 13030.000000000002 0.65000000596046459 86.500000000000014 0.14875506609678271 128.00000000000003 0.075415529310703291 0.14076403528451922 1225.0000000000002 10 11 0.066131956875324263 23.44999980926514 12 325.00000000000006 17.500000000000004 1225.0000000000002 14.500000000000002 83.500000000000014 1225.0000000000002 13 37.500000000000007 325.00000000000006 14 15 0.80798786878585827 88.500000000000014 16 17 55.500000000000007 15.500000000000002 18 90.000000000000014 19 113.00000000000001 11.500000000000002 135.00000000000003 325.00000000000006 61.500000000000007 23.945000648498539 950.00000000000011 20 38.500000000000007 58.500000000000007 0.36648264527320867 41.500000000000007 10.500000000000002 21 -0.72101011872291554 22 0.8522624969482423 1410.0000000000002 23 1280.0000000000002 1560.0000000000002 24 0.24372619390487674 615.00000000000011 47.475000381469734 16.500000000000004 38.500000000000007 25 24.500000000000004 1225.0000000000002 26 32.500000000000007 19.500000000000004 1225.0000000000002 1225.0000000000002 17950.000000000004 27 106.50000000000001 89.500000000000014 0.66527691483497631 107.50000000000001 0.10776028409600259 325.00000000000006 615.00000000000011 28 2.4050000905990605 0.14076403528451922 615.00000000000011 2.5000000000000004 0.28044858574867254 29 715.00000000000011 0.32627181708812719 30 31 67.500000000000014 80.500000000000014 89.500000000000014 32 27.500000000000004 0.065887007862329497 74.500000000000014 17.649999618530277 0.081555202603340163 0.12430509924888612 33 93.500000000000014 1280.0000000000002 1280.0000000000002 0.092846259474754347 155.00000000000003 17.500000000000004 34 90.000000000000014 45.000000000000007
decision_type=2 9 9 2 2 9 9 9 9 2 8 2 9 2 9 9 2 9 2 2 2 10 2 8 8 2 9 9 8 2 9 2 2 2 2 2 2 9 2 2 9 1 2 2 9 9 2 2 9 2 9 2 2 2 2 2 2 2 9 2 2 2 2 2 9 2 9 2 2 9 2 2 9 2 2 2 2 2 9 2 2 9 2 2 2 2 2 9 2 2 2 2 10 2 2 9 2 10 2 2 8 9 2 10 9 9 2 2 2 9 2 10 2 2 8 8 9 2 2 2 8 2 2 9 2 2
left_child=1 27 3 -2 5 15 7 13 9 10 -9 12 16 45 20 24 100 -15 -5 50 57 22 23 -21 25 -3 -27 75 -14 -30 31 34 33 41 35 -26 37 39 -34 -32 -41 -33 -43 85 -31 46 -7 49 -6 -47 -16 91 53 -53 55 -39 -12 64 59 -59 62 -62 65 -64 -13 -61 -28 -11 70 -70 -29 -71 73 -25 -75 -1 -19 78 80 83 -78 -82 84 -80 -81 -40 87 -4 90 -90 95 92 105 -77 -22 96 -88 -74 99 -99 101 -8 103 104 -23 106 -17 109 -109 112 111 -111 113 -107 -10 -116 -117 119 124 121 -120 123 -123 -118 125 -119
right_child=2 4 86 18 48 6 11 8 114 67 56 14 28 17 19 51 -18 76 -20 21 94 102 -24 72 30 26 66 68 29 44 36 32 38 -35 -36 -37 -38 54 43 40 -42 42 -44 -45 -46 47 -48 -49 -50 -51 -52 52 -54 -55 -56 -57 -58 58 -60 60 61 -63 63 -65 -66 -67 -68 -69 69 71 -72 -73 97 74 -76 93 77 -79 79 82 81 -83 -84 -85 -86 -87 88 -89 89 -91 -92 -93 -94 -95 -96 -97 -98 98 -100 -101 -102 -103 -104 -105 -106 107 -108 108 -110 110 -112 -113 -114 -115 115 116 117 118 120 -121 -122 122 -124 -125 -126 -127
leaf_value=0.0031123540597010977 -0.09437276306003331 -0.0028462017196746762 -0.015048830015021834 -0.0036871028662260092 0.021199005316543944 -0.042023221752656402 0.015746633481447975 -0.0037234757543692337 -0.00074249271869761952 -0.0076653900676500316 -0.043863736840983415 0.013691949587260681 0.0049639968034224102 0.0098882684375878431 0.0065078696128209211 0.0052559467699065266 -0.010274566906922945 0.021701762620470862 -0.044735890879198104 -0.022460028530566001 -0.0027465617541849205 -0.0069892484639950255 0.010977836029954835 -0.001000602035795258 0.011323576511661812 -0.047697875675716775 -0.015589404848817568 0.00087394387793937947 -0.0041312745938146813 -0.018152137158108071 0.00014145801718785432 -0.05997012259302343 -0.0016646370029770811 0.019739921022115685 0.011195820873081866 -0.054724512185019093 -0.001426264116183908 0.00028868097378059862 -0.016661074244712332 0.043437872954181861 0.014491085844446902 0.0053964663554063952 -0.054446562528610229 0.026403846046767935 -0.0092108275243082509 -0.045715232177665738 -0.0032310709925629545 -0.0022429261968601021 0.0047797963711083266 -0.0083624585765227685 0.0007935609041241498 0.015207023692053619 -0.037200619118431227 -0.0095603976255969423 0.0034695478026390619 -0.01911214317442406 -0.076257458863822555 0.014214188646143209 0.010163285586238739 -0.053444124505151319 -0.023345501837817015 -0.072797887660836905 0.0047391485117684951 -0.022006506841598439 0.0056019760307529079 -0.013662227043380116 0.005849140583756564 -0.042502450899166218 -0.069076842847077741 -0.026694508473074023 0.055402092261602406 0.0031760196549449403 -0.00030384674200001843 0.00024909806923199552 -0.01760582161792076 0.0063218291507950806 0.021459747502393094 0.0022372530473669609 -0.012769709779193516 -0.042049839219813673 -0.030907077620324401 0.00087253019486303277 -0.0069460917655723509 0.029972233223725123 -0.0076508250534322786 0.004071979632655702 -0.013606512056718959 0.0062605039186546443 0.026163485144087346 -0.028176850115392948 0.015562041002208166 0.0039557838621410444 -0.010366721478986707 0.021003859165941424 0.004363436756198596 -0.01876693620097699 -0.085369836241006844 -0.047671895649322525 0.0036564245899582369 -0.012759918857905034 0.00073180858407354216 0.003800357704490658 0.0067618184958073407 -0.014584230660397974 0.0057152053908101526 -0.0015072260060389083 -0.016160218655156929 0.008270300086530083 -0.0054538101509675118 -0.0011683914388682457 -0.011153826201787238 -0.024314158870813476 0.0031088081029988688 -0.0070978483122714816 -0.038810899458230672 -0.0093718768771118271 -0.0022187068331373399 0.016236391768731477 -0.083869078015127496 0.02358790828005362 -0.019189598883756182 -0.031510744228650092 -0.003935890416050824 0.017533305959478673 -0.0059589383982992482 -0.068498982506990422
leaf_weight=15078 119 10408 721 314 855 278 1143 425 7040 2133 416 3855 1041 4946 8532 4228 2753 334 390 505 6242 1113 1539 15538 124 348 790 92648 6735 3644 982 327 3782 122 3988 151 19219 2437 3309 275 2933 137 128 116 6861 197 320 12060 3113 374 14758 331 427 4016 8117 929 261 892 3664 130 393 101 1278 356 10502 693 597 135 104 322 148 1020 49189 1797 3487 2160 527 21450 212 569 387 3102 566 250 164 366 100 1156 172 106 102 2104 4100 908 4790 556 111 193 428 284 18655 4638 5355 1358 5346 10552 1109 2425 2189 4972 7878 370 2697 13036 262 7518 3600 105 123 556 175 641 11831 1533 8653 174
leaf_count=15078 119 10408 721 314 855 278 1143 425 7040 2133 416 3855 1041 4946 8532 4228 2753 334 390 505 6242 1113 1539 15538 124 348 790 92648 6735 3644 982 327 3782 122 3988 151 19219 2437 3309 275 2933 137 128 116 6861 197 320 12060 3113 374 14758 331 427 4016 8117 929 261 892 3664 130 393 101 1278 356 10502 693 597 135 104 322 148 1020 49189 1797 3487 2160 527 21450 212 569 387 3102 566 250 164 366 100 1156 172 106 102 2104 4100 908 4790 556 111 193 428 284 18655 4638 5355 1358 5346 10552 1109 2425 2189 4972 7878 370 2697 13036 262 7518 3600 105 123 556 175 641 11831 1533 8653 174
internal_value=-0.00080079 -0.000705599 -0.0135525 -0.0359447 -0.00128828 -0.00138453 -0.000785984 -0.00249921 -0.00566337 -0.0183363 -0.0361349 4.72158e-05 -0.00288322 0.000654831 0.000983493 -0.00277613 0.000779263 0.00252115 -0.0264584 8.44587e-05 0.00397263 -0.000674239 -0.00133264 -0.00159806 -0.000996701 -0.00458502 -0.0150083 0.00138424 -0.00832597 -0.00913353 -7.83867e-05 -0.00339348 -0.00969871 -0.0328966 0.00885494 -0.0250097 0.0011147 0.00423117 -0.0075075 0.0131455 0.0171658 -0.043759 -0.0236049 -0.0133345 -0.0123399 -0.00393055 -0.0209551 -0.0031039 0.00838761 -0.0213069 0.00289025 -0.00453006 -0.0103198 -0.00767143 0.000965312 -0.00506994 -0.0564464 0.00580694 0.0020168 -0.00576231 -0.0118229 -0.0335829 -0.00743601 -0.00109783 0.00778846 -0.0200034 -0.00638829 -0.00975684 0.000805295 -0.00920763 0.000961507 -0.00397606 -0.00144919 -0.00367252 -0.0115348 0.00438867 0.00119475 0.000942832 -0.00386291 -0.0137506 0.000508136 -0.00266031 -0.0224379 0.0103738 -0.0343744 -0.0145957 -0.00730544 -0.00197537 -0.0160821 0.00541706 -0.0229582 -0.00403411 -0.00434806 0.0106725 0.000340654 -0.0280944 -0.0492598 -0.00052415 -0.0124904 -0.0269559 0.00202529 0.00619846 0.0029725 0.000376115 0.00352329 -0.00384891 0.000802086 -0.00441072 0.00175946 -0.00513251 -0.00776298 -0.00277577 -0.00380487 -0.00459708 -0.00464709 -0.00542993 -0.00517829 -0.00402209 -0.0081911 -0.00190514 -0.0460774 -0.00271156 -0.00535552 0.00371244 -0.00692208 -0.0366652
internal_weight=519327 515480 3847 823 403092 399124 279105 91317 45581 3370 1102 187788 45470 45736 142318 120019 27189 32507 704 109422 32896 86132 72960 71421 59585 12143 1735 112388 18281 17240 47442 12550 8287 714 4263 275 34892 15673 7573 4190 3208 592 265 3791 10505 13229 598 12631 3968 571 23290 60434 4774 4347 11483 3366 677 21864 7507 3843 2951 494 2457 1634 14357 823 1387 2268 94242 1446 92796 1342 70916 20822 5284 18146 27561 27227 5777 1761 4016 3489 1299 462 733 3675 3024 1877 1147 278 869 55660 53556 3068 11032 767 211 50094 905 477 24436 5781 13172 7817 6459 49456 5337 44119 4614 39505 13220 5342 26285 23588 42211 35171 34909 27391 9230 18161 298 17605 12472 5133 8932 279
internal_count=519327 515480 3847 823 403092 399124 279105 91317 45581 3370 1102 187788 45470 45736 142318 120019 27189 32507 704 109422 32896 86132 72960 71421 59585 12143 1735 112388 18281 17240 47442 12550 8287 714 4263 275 34892 15673 7573 4190 3208 592 265 3791 10505 13229 598 12631 3968 571 23290 60434 4774 4347 11483 3366 677 21864 7507 3843 2951 494 2457 1634 14357 823 1387 2268 94242 1446 92796 1342 70916 20822 5284 18146 27561 27227 5777 1761 4016 3489 1299 462 733 3675 3024 1877 1147 278 869 55660 53556 3068 11032 767 211 50094 905 477 24436 5781 13172 7817 6459 49456 5337 44119 4614 39505 13220 5342 26285 23588 42211 35171 34909 27391 9230 18161 298 17605 12472 5133 8932 279
cat_boundaries=0 2 4 6 7 9 11 13 15 16 18 19 21 22 24 25 26 28 30 32 34 35 36 37 38 40 42 43 45 46 48 50 52 54 56 57
cat_threshold=423893078 42 276824066 8192 1623073 2116 9 1184891008 9361 131072 4096 67240576 22400 3221299208 16385 10 102760576 16 32768 20 2 540673 32800 4 32 2 33619976 1 0 16 532480 4096 131584 5888 3221225472 3221225480 1048576 2048 75628544 9216 1073741824 8192 1 687865856 2560 1048576 67239936 16384 0 512 1 2048 1081376 64 8192 768 520
is_linear=0
shrinkage=0.03


Tree=71
num_leaves=127
num_cat=32
split_feature=1 5 5 1 40 5 26 1 1 48 5 2 5 2 1 5 1 5 5 1 5 27 5 25 11 25 25 1 5 5 47 5 27 27 4 25 27 5 23 47 25 28 27 27 48 25 25 11 5 5 25 1 25 11 26 31 1 5 27 27 25 27 25 5 5 25 20 1 23 13 28 25 47 25 27 5 25 1 25 5 1 1 1 27 5 27 25 5 25 25 5 27 1 27 25 5 1 11 20 20 1 5 20 25 11 27 4 27 1 25 25 25 11 27 23 31 27 5 25 11 1 25 26 23 1 5
split_gain=660.974 640.712 600.827 554.085 346.025 343.738 313.909 284.21 266.479 234.172 228.206 348.16 491.912 213.975 2084.09 895.066 442.25 946.799 625.758 410.109 305.471 406.506 567.561 372.568 500.878 297.218 374.56 292.065 855.264 291.448 226.379 239.229 243.363 376.262 225.721 224.544 200.809 197.273 202.226 197.117 365.406 192.07 242.599 188.712 265.621 188.168 295.532 236.53 183.83 182.387 179.02 184.035 222.723 201.379 184.946 177.112 207.702 174.753 172.513 306.645 251.762 191.484 172.928 171.482 166.012 165.294 284.834 162.938 159.546 158.339 153.849 153.844 153.951 233.775 230.922 422.935 228.44 342.495 269.699 195.632 189.879 183.25 899.633 164.617 182.873 155.39 152.153 151.57 149.216 462.776 149.116 148.357 175.038 491.546 393.265 147.871 361.177 166.024 144.677 142.046 141.807 224.177 195.804 219.031 172.584 236.657 141.187 421.697 217.654 140.92 172.767 140.311 135.83 135.598 377.274 158.009 168.746 135.009 199.203 306.112 134.35 225.738 134.346 132.891 237.371 158.661
threshold=7.4465231895446786 0 1 7.7717878818511972 33.95000076293946 2 0.13882523775100711 9.461545944213869 7.3527534008026132 0.7500000298023225 3 4 5 6 6.1640367507934579 7 6.5665833950042733 8 9 6.4229502677917489 10 0.084925193339586272 11 99.000000000000014 -0.27694603800773615 31.500000000000004 28.500000000000004 7.1113042831420907 12 13 37.555000305175788 14 0.10945477336645128 0.1321084722876549 15 106.00000000000001 0.089248880743980422 16 0.12977331131696704 12.440000057220461 61.500000000000007 0.11498869955539705 0.10038758814334871 0.095947422087192549 35.349998474121101 123.00000000000001 113.00000000000001 0.54219430685043346 17 18 85.500000000000014 5.759707212448121 99.000000000000014 -0.62588816881179798 0.0081315145362168568 0.0743275322020054 5.0493419170379648 19 0.056865874677896507 0.055219287052750594 19.500000000000004 0.12240357697010042 27.500000000000004 20 21 128.00000000000003 82.500000000000014 7.3527534008026132 0.039356207475066192 49.500000000000007 0.12542224675416949 3.5000000000000004 12.554999828338625 68.500000000000014 0.058846931904554374 22 69.500000000000014 5.0493419170379648 86.500000000000014 23 4.5047848224639901 6.8561301231384286 6.5665833950042733 0.059944719076156623 24 0.072961069643497481 46.500000000000007 25 72.500000000000014 67.500000000000014 26 0.061421869322657592 6.8561301231384286 0.098019190132617964 85.500000000000014 27 5.759707212448121 -0.7386675477027892 87.500000000000014 98.500000000000014 9.7953972816467303 28 104.50000000000001 89.500000000000014 0.63920241594314586 0.15550526976585391 29 0.098019190132617964 6.8561301231384286 103.50000000000001 74.500000000000014 17.500000000000004 -0.72696319222450245 0.069445703178644194 0.081555202603340163 0.047392372041940696 0.14242830872535708 30 53.500000000000007 0.79383251070976268 4.0213496685028085 18.500000000000004 0.10159557685256006 0.07194120436906816 5.759707212448121 31
decision_type=2 9 9 2 2 9 10 2 2 2 9 9 9 9 2 9 2 9 9 2 9 2 9 2 2 2 2 2 9 9 2 9 2 2 9 2 2 9 10 2 2 8 2 2 2 2 2 2 9 9 2 2 2 2 10 10 2 9 2 2 2 2 2 9 9 2 2 2 10 2 8 2 2 2 2 9 2 2 2 9 2 2 2 2 9 2 2 9 2 2 9 2 2 2 2 9 2 2 2 2 2 9 2 2 2 2 9 2 2 2 2 2 2 2 8 8 2 9 2 2 2 2 10 10 2 9
left_child=1 9 3 -2 6 67 8 -5 10 64 11 12 -3 14 -12 16 17 86 -18 -17 50 34 27 25 -25 26 -24 28 -23 -29 31 36 70 -34 109 -35 65 -8 68 40 -20 -11 71 44 -32 46 47 48 -42 -10 120 52 -52 -54 -53 -36 -57 58 59 -13 106 -62 -61 -21 -1 66 -19 -6 -39 -48 -33 -43 73 85 75 76 77 79 -78 80 -74 82 -75 -76 -85 87 -16 -73 89 -88 -40 -86 93 -93 -95 96 97 -14 -98 -71 101 -4 104 -104 105 -102 108 111 -60 110 -22 -108 -112 -59 122 -116 -117 -31 119 -119 121 -15 -115 124 125 -70
right_child=2 4 100 7 5 -7 37 -9 49 41 13 57 95 20 15 19 18 30 39 63 21 22 23 24 -26 -27 -28 29 -30 117 43 32 33 35 55 -37 -38 38 90 -41 45 42 -44 -45 -46 -47 69 -49 -50 -51 51 54 53 -55 -56 56 -58 113 60 62 61 -63 -64 -65 -66 -67 -68 -69 123 99 -72 72 74 81 83 -77 78 -79 -80 -81 -82 -83 -84 84 91 -87 88 -89 -90 -91 -92 92 -94 94 -96 -97 98 -99 -100 -101 102 -103 103 -105 -106 -107 107 -109 -110 -111 112 -113 -114 114 115 116 -118 118 -120 -121 -122 -123 -124 -125 -126 -127
leaf_value=0.0076655314525964652 -0.095210143630774541 0.0058150856723234922 -0.01465944981932199 -0.003921020351883367 -0.002761185175966293 0.001778877122823884 0.011930713025398946 -0.042412092563376497 0.014107947919875314 0.0038695225581088593 -0.11172861599922179 -0.0044271589468805059 -0.036762792167856412 -0.036678751888019695 0.019206323952454588 -0.037371719797209997 0.0055274891182899039 -0.074483950580869401 -0.03347875899428468 0.022111418571541325 0.024188534200723682 -0.0086455468304166699 -0.016697604528464007 -0.081080751989158942 -0.02201951281436499 0.00042976567103319719 -0.06827386332777044 0.017589291803538798 -0.090152075705320939 -0.00033102848792812046 -0.024284830801407035 -0.026762968069202156 -0.048131792134026422 0.023353017751317824 -0.0021689418279402625 -0.0246821092541709 0.0010691009860456483 0.019404270168836717 0.00055182973692957432 -0.0021460396337045682 -0.011416674421235919 0.028223897722196873 0.0032519440428512474 -0.011158535070789302 -0.067132742539712575 0.0063821714653515176 -0.010602944891028311 -0.04561735775251434 0.010205313502352938 -0.00068049207545016011 0.012181066280028593 0.0028578014593573274 -0.023081234124820518 -0.0028131723183589179 0.015331451968014911 -0.047565344495773314 -0.0080203862719127224 9.7874173855383762e-05 -0.015134324504002447 -0.013956891157910885 -0.0052106294063263506 0.019649217624475461 -0.058775738446284892 0.0048452397881651559 0.0022548130626998189 -0.0054476211979238784 -0.011413153629507539 0.013162756469268354 0.007685288015248563 -0.050504036780012855 -0.0088765106877901033 0.017061126262159425 -0.027886920332622498 -0.0024744292502743219 0.0086437917981065319 0.00023012337326209115 -0.02971964087801747 0.00075121499045232047 -0.0068647329653575891 -0.042536799689756384 0.010910367629871579 0.0038566821010355338 -0.078363120101678826 0.0013844929998986814 0.011786421276441203 0.0011654738474843852 0.0044583625213813561 0.0026865164837795896 0.010120826840382471 -0.028376028043554002 -0.015686999368395911 -0.0063791867058044854 -0.0021107865299856334 -0.023673934325710622 -0.090707726027189836 -0.0026941960942903206 -0.025432042436648723 0.005646020913596398 -0.071229917229832823 -0.018207734375992237 -0.018805868876074855 0.0063130049319513951 0.026710977180529449 -0.025537696773888636 0.013764771375768254 -0.060112728757990723 -0.0054908437337909356 -0.068724031287890203 0.021351305221260518 0.021635881374549828 0.012050361973624534 -0.026947401304359873 -0.0098409813290693763 -0.022988913252634708 0.0034738879572679868 -0.0057662378126868696 0.00090177550999910757 -0.013618570458428342 -0.0052482245273678231 -0.068458100157124654 -0.0020546149926147675 0.0068574785202690251 -0.061698726493621542 0.0015165372460990208 -0.032640066874519376 -0.010703493783292464
leaf_weight=7796 121 7492 744 303 25055 57870 1438 401 1533 13829 149 372 101 111 551 204 9942 104 522 521 279 770 1575 182 444 900 137 544 127 4691 781 501 443 136 76788 242 2141 428 923 9947 614 160 15472 735 156 780 435 105 805 1467 807 11857 488 4518 1175 124 2766 5616 619 118 3501 302 229 22338 14829 402 168 591 763 263 3160 1623 257 8349 1531 4120 1193 1629 762 291 202 4285 142 9987 495 2770 1898 1133 1398 484 1135 3276 6671 303 106 18218 145 447 110 232 552 1159 176 121 100 161 562 155 192 502 392 536 726 339 2075 31491 3831 726 9546 104 35478 2501 106 27284 270 920
leaf_count=7796 121 7492 744 303 25055 57870 1438 401 1533 13829 149 372 101 111 551 204 9942 104 522 521 279 770 1575 182 444 900 137 544 127 4691 781 501 443 136 76788 242 2141 428 923 9947 614 160 15472 735 156 780 435 105 805 1467 807 11857 488 4518 1175 124 2766 5616 619 118 3501 302 229 22338 14829 402 168 591 763 263 3160 1623 257 8349 1531 4120 1193 1629 762 291 202 4285 142 9987 495 2770 1898 1133 1398 484 1135 3276 6671 303 106 18218 145 447 110 232 552 1159 176 121 100 161 562 155 192 502 392 536 726 339 2075 31491 3831 726 9546 104 35478 2501 106 27284 270 920
internal_value=-0.000797813 -0.000705516 -0.0131999 -0.0357145 -0.00122785 0.000497758 -0.00166311 -0.0258747 -0.00197125 0.00143439 -0.00206173 -0.0034712 -0.000690767 -0.00156745 -4.43277e-05 0.000234835 -0.00265982 -0.00703675 -0.000198778 0.00487078 -0.00214638 -0.00313438 -0.00699689 -0.0184631 -0.0392926 -0.0135285 -0.0208624 -0.0047328 -0.0213732 -0.00377838 -0.0125903 -0.0103203 -0.0146144 -0.0294026 -0.00219976 -0.00738361 -0.00341649 0.00110569 0.000610678 -0.00435434 -0.010212 0.000660237 -2.51616e-05 -0.0225602 -0.0314825 -0.00644736 -0.0105261 -0.00238907 0.000839517 0.00692333 -0.000387838 0.00200363 -0.00243501 -0.00479318 0.00398355 -0.00244342 -0.00973299 -0.00494379 -0.00949978 -0.0233759 -0.00781177 -0.00323184 -0.0436186 0.00525151 0.00412385 -0.0176963 -0.035713 -0.00239279 0.00124186 -0.0238436 -0.0113309 -0.00105399 -0.00114992 0.00102951 -0.002444 -0.00666754 -0.0131933 -0.00697548 -0.0208196 -0.0237365 -0.0105958 -0.00120041 -0.00375264 -0.000847557 -0.00154528 0.00618433 0.00448295 0.0112264 0.00234411 -0.00222238 -0.00848076 -0.00423903 -0.00501017 -0.010257 -0.0412259 -0.00325517 -0.0157739 -0.00222293 -0.0453891 -0.0354344 -0.00688396 -0.00193365 -0.0154234 0.00541021 -0.0230315 -0.0282044 -0.0162448 -0.0225543 -0.00648089 0.00801949 0.00311458 -0.0159801 -0.0021614 -0.0042511 -0.00489763 -0.00457038 -0.00504302 -0.00455963 -0.00646901 -0.0205641 -0.00157114 0.00499403 -0.0323273 0.000975331 -0.00658239 -0.00238512
internal_weight=519698 515860 3838 825 414649 83516 331133 704 297972 101211 294972 76557 26513 218415 60157 60008 36945 13300 23645 23063 158258 101323 19746 3238 626 2612 1712 16508 897 15611 8969 7297 4482 821 81577 378 2815 33161 31723 13703 3756 78586 64757 1672 937 3234 2454 1524 1419 3000 56935 18845 5813 5006 13032 79678 2890 50044 6586 719 5867 3803 347 22859 22625 674 272 25646 29665 930 3661 49285 49125 18302 30823 8454 4334 2379 1955 750 459 12776 8491 22369 20838 5526 4331 2756 3780 2382 2058 10851 10356 3685 409 19021 803 548 255 495 3013 1903 1110 297 813 713 2064 1253 811 1899 1397 1098 1118 43458 37842 37397 35322 15067 10376 830 38090 2612 445 29237 1953 1683
internal_count=519698 515860 3838 825 414649 83516 331133 704 297972 101211 294972 76557 26513 218415 60157 60008 36945 13300 23645 23063 158258 101323 19746 3238 626 2612 1712 16508 897 15611 8969 7297 4482 821 81577 378 2815 33161 31723 13703 3756 78586 64757 1672 937 3234 2454 1524 1419 3000 56935 18845 5813 5006 13032 79678 2890 50044 6586 719 5867 3803 347 22859 22625 674 272 25646 29665 930 3661 49285 49125 18302 30823 8454 4334 2379 1955 750 459 12776 8491 22369 20838 5526 4331 2756 3780 2382 2058 10851 10356 3685 409 19021 803 548 255 495 3013 1903 1110 297 813 713 2064 1253 811 1899 1397 1098 1118 43458 37842 37397 35322 15067 10376 830 38090 2612 445 29237 1953 1683
cat_boundaries=0 2 4 6 8 9 11 12 14 16 18 20 22 24 25 27 28 30 32 34 35 36 38 40 41 43 45 47 48 50 51 53 55
cat_threshold=419692630 42 276824066 8192 71877129 452 1754145 8272 2 1212448 8192 4 2795503616 3588 2147483648 2052 639631360 512 115347584 1156 2684355072 6657 512 2049 512 8388608 1536 4 4194304 1088 0 2048 1581056 4100 656384 2056 262164 10 16777222 2 4 134217798 8 268697600 34 8390656 8192 1 687865856 2560 1 2147483648 2049 41945088 512
is_linear=0
shrinkage=0.03


Tree=72
num_leaves=127
num_cat=37
split_feature=5 0 0 5 46 5 0 5 5 26 48 5 0 28 28 8 29 24 5 26 24 33 2 5 5 11 5 0 5 5 0 12 5 5 8 5 0 0 20 26 0 21 5 5 5 0 29 22 0 8 0 20 26 0 5 5 29 5 3 0 48 28 0 0 26 36 5 11 5 8 20 29 22 0 0 20 20 32 21 21 11 21 0 3 20 28 26 5 0 11 20 0 28 43 12 5 5 0 0 2 5 38 11 2 0 5 5 11 11 0 0 0 48 24 29 22 0 5 33 12 0 5 5 20 20 22
split_gain=611.757 457.004 407.282 312.971 302.627 295.184 289.876 406.361 309.308 251.726 235.456 228.656 201.515 199.164 198.692 322.366 242.841 189.666 170.477 170.291 168.338 171.729 167.088 908.31 611.996 268.508 656.585 303.926 845.632 784.653 443.678 428.725 271.566 266.456 273.923 239.106 238.325 233.36 219.759 214.152 216.036 212.552 180.482 171.069 161.855 1227.48 161.581 161.534 187.076 158.287 156.541 149.52 142.156 142.025 182.47 140.152 136.022 193.403 135.523 135.146 134.115 147.898 137.116 161.045 133.686 131.916 130.257 125.853 312.485 307.305 214.245 190.757 124.92 123.812 219.217 152.237 130.324 123.668 122.456 147.317 141.671 121.474 120.386 118.882 158.175 116.881 116.814 115.973 116.045 141.266 150.96 109.483 205.921 108.457 164.685 177.125 154.971 108.258 107.883 107.853 138.632 105.269 104.665 270.792 120.858 104.495 104.114 113.396 103.798 102.781 101.841 207.916 164.619 125.375 100.541 108.67 236.889 108.1 99.4194 136.494 270.195 314.473 119.66 114.028 99.0731 98.8974
threshold=0 1615.0000000000002 16530.000000000004 1 4.549999713897706 2 325.00000000000006 3 4 0.13882523775100711 0.15000000223517421 5 1560.0000000000002 0.11363204941153528 0.075017169117927565 7.5000000000000009 0.056686626747250564 0.99111813306808483 6 0.1111494228243828 0.97656825184822094 7.4499998092651376 7 8 9 0.3824331015348435 10 950.00000000000011 11 12 850.00000000000011 0.88117334246635448 13 14 10.500000000000002 15 1225.0000000000002 155.00000000000003 84.500000000000014 0.1366594657301903 325.00000000000006 0.12412916123867036 16 17 18 155.00000000000003 0.069317996501922621 0.27405072748661047 1280.0000000000002 10.500000000000002 1410.0000000000002 86.500000000000014 0.17467451840639117 325.00000000000006 19 20 0.15539915859699252 21 22 90.000000000000014 0.25000000745058065 0.090328950434923186 61.500000000000007 45.000000000000007 0.10056356340646745 9.9499998092651385 23 -0.32614396512508387 24 9.5000000000000018 75.500000000000014 0.10751387476921083 -0.64485630393028248 155.00000000000003 615.00000000000011 61.500000000000007 92.500000000000014 0.12919126451015475 0.063850197941064848 0.098880052566528334 -0.67803022265434254 0.077213127166032805 1255.0000000000002 25 61.500000000000007 0.14032624661922458 0.011177331674844028 26 1225.0000000000002 0.18492960184812549 67.500000000000014 155.00000000000003 0.11849759146571161 9.2349996566772479 -0.70900321006774891 27 28 90.000000000000014 155.00000000000003 29 30 22.150000572204593 0.46039463579654699 31 950.00000000000011 32 33 0.51297098398208629 0.86975130438804638 1560.0000000000002 2375.0000000000005 6250.0000000000009 64.549999237060561 1.002159118652344 0.12146130576729776 0.075262714177370085 950.00000000000011 34 1.1500005722045901 0.92191100120544445 325.00000000000006 35 36 69.500000000000014 43.500000000000007 -0.055368006229400628
decision_type=9 2 2 9 2 9 2 9 9 10 2 9 2 10 8 2 10 2 9 10 2 2 9 9 9 2 9 2 9 9 2 2 9 9 2 9 2 2 2 10 2 10 9 9 9 2 8 8 2 2 2 2 10 2 9 9 10 9 1 2 2 10 2 2 10 2 9 2 9 2 2 10 10 2 2 2 2 8 8 10 2 10 2 1 2 10 10 9 2 2 2 2 10 2 2 9 9 2 2 9 9 2 2 9 2 9 9 2 2 2 2 2 2 2 8 10 2 9 2 2 2 9 9 2 2 10
left_child=1 3 4 60 9 110 7 14 46 12 -9 17 22 52 -5 16 -16 -6 -4 64 50 65 23 39 41 27 51 29 36 33 44 42 47 37 98 -30 -29 -26 -38 -2 -41 59 -32 78 45 -31 81 48 -28 87 82 108 93 -13 -55 -14 91 -58 -39 -24 -1 62 63 -62 -18 -22 -51 68 -20 -70 -71 106 102 83 75 -75 -76 -45 -25 80 -80 -8 -10 84 -36 -66 97 88 125 90 -90 92 -11 94 96 -96 -12 -46 -35 100 -19 -44 -48 104 -104 -78 107 -69 -27 -101 113 -112 -113 -3 117 -116 -117 -61 119 -79 121 -121 123 -122 -110 -37
right_child=2 5 18 6 11 -7 8 10 20 56 13 53 55 -15 15 -17 19 99 67 -21 21 -23 24 43 25 26 32 28 35 30 31 -33 -34 34 73 49 38 58 -40 40 -42 -43 101 77 86 -47 72 -49 -50 66 -52 -53 -54 54 -56 -57 57 -59 -60 114 61 -63 -64 -65 85 -67 -68 71 69 70 -72 -73 -74 74 76 -77 105 118 79 -81 -82 -83 -84 -85 -86 -87 -88 -89 89 -91 -92 -93 -94 -95 95 -97 -98 -99 -100 109 -102 -103 103 -105 -106 -107 -108 -109 124 -111 111 112 -114 -115 115 116 -118 -119 -120 120 122 -123 -124 -125 -126 -127
leaf_value=0.012202171853811847 0.0055062499977372248 -0.020246244052025891 -0.051520360511118968 0.002853551264836674 -0.0060163339205901827 0.0028567888200057481 -0.020409656701716954 0.0048458652462821609 -0.0021413089390621594 0.0048603921032391809 -0.015550543527379557 -0.0018221675647487195 0.018187368666994032 0.010911880887097422 -0.012586887286203031 -0.0022796072772402962 -0.0025632052038915367 0.012315972872845523 -0.064640992625671273 0.009136157916774126 -5.4489132478765201e-05 0.0039677478134506937 0.019340282558691631 0.0032988659886974991 -0.0033084896430714984 -0.023452260875586443 -0.0049486467068919331 -0.035732253038498397 0.010406075369157121 -0.050076044435669001 0.0059158250618548619 -0.096291622056229279 -0.0086050238067753564 0.0054235340902454845 -0.016244365241792465 -0.0074485316775831749 0.017681272429578444 0.019333642733701265 -0.038020151827265238 0.012096857657799354 -0.039932813816529543 -0.029979683254634477 -0.021142439333557642 0.013863212198810539 0.0087246504866291055 0.0015613109266871738 0.0051446948625318576 0.00058297287909588383 -0.043131587107976273 0.0042097616080931221 -0.027059911423923232 -0.0097941825821312879 0.010641076519100545 0.0087119210616352517 0.0016181741290220329 0.0019265736071918001 -0.016267151722265165 0.0018232269693697323 0.0053074407928137696 -0.0079302993386929088 0.021341028519492735 0.013122452666768591 0.0034491117955958587 -0.007990625271966402 -0.010304043757879805 0.0034251861295954804 -0.0011553789400677447 0.038043571849807334 0.019704016444603588 -0.012295925736878857 -0.065944146143464263 -0.04150578301374775 0.013198883089909536 -0.039522790944621224 -0.012766112117550178 -0.016372784867753089 0.012335977787817899 -0.0043400202030498686 -0.0040634530229678939 0.0016971929983972932 -0.011148850251356958 0.013913146546263185 0.027054211063732507 -0.0074577711769772429 0.028049070523252215 -0.049837849328392428 -0.0020026536940649865 -0.002137149885403047 0.012647500936901824 -0.041786494690083692 -0.022418168033825146 0.002077933063998871 -0.043632464623318379 -0.016116986777856689 0.003758500960830261 -0.0025093448403737269 0.0042757686685070233 -0.015818074178865268 -0.0028907881818549539 -0.0022270030684262755 0.00010520160913173646 -0.064662116338389322 -0.00069587823356248091 -0.012707495963973785 0.015064210596817723 -0.0095289905829089028 -0.0091472723501046065 -0.0037846086499018546 -0.066852378105887997 0.011266602156101726 -0.0024148784817027095 -0.046133574148670566 -0.0019249952365370357 -0.065794240153973546 0.0017199953091043497 -0.024426632761821276 0.020676640961319208 0.010471484815635304 0.0017420795604962765 0.010015971826216058 0.0061247718257387883 -0.0094616757419453447 0.0060341034507363344 -0.013163448917159258 -0.032090905103156243 0.013821241475054867
leaf_weight=1634 14757 104 116 2736 7813 470 389 7841 18420 187 365 9067 569 1287 7022 10840 859 1231 125 879 80155 13746 427 1094 2482 1094 9034 818 1649 480 115 100 13088 1963 107 1941 169 833 101 116 186 180 101 417 166 2988 15097 7141 116 6456 225 550 920 3673 28769 2735 944 1202 2421 329 186 1276 16226 1702 166 11171 10993 116 171 197 101 110 1484 347 1252 976 440 23868 4149 1479 6554 121 127 906 221 113 686 16311 162 185 343 18208 135 437 4545 37243 6464 5563 4930 12269 2576 101 1005 1102 775 339 334 116 103 529 307 304 101 116 11181 385 143 2015 4330 921 484 3772 4828 639 271 218
leaf_count=1634 14757 104 116 2736 7813 470 389 7841 18420 187 365 9067 569 1287 7022 10840 859 1231 125 879 80155 13746 427 1094 2482 1094 9034 818 1649 480 115 100 13088 1963 107 1941 169 833 101 116 186 180 101 417 166 2988 15097 7141 116 6456 225 550 920 3673 28769 2735 944 1202 2421 329 186 1276 16226 1702 166 11171 10993 116 171 197 101 110 1484 347 1252 976 440 23868 4149 1479 6554 121 127 906 221 113 686 16311 162 185 343 18208 135 437 4545 37243 6464 5563 4930 12269 2576 101 1005 1102 775 339 334 116 103 529 307 304 101 116 11181 385 143 2015 4330 921 484 3772 4828 639 271 218
internal_value=-0.000725884 0.000351702 -0.00170888 0.000448868 -0.00162576 -0.0167217 0.000122428 -0.00130438 0.000933155 -0.00219559 4.67181e-06 0.00014175 -0.0025486 -0.000735927 -0.00472322 -0.0057685 -0.00995183 -0.00216125 -0.0179241 -0.000776426 0.000374192 0.000841731 -0.00268299 -0.0015025 -0.00338918 -0.0042423 -0.00653128 -0.00316801 -0.00147649 -0.00558655 -0.012131 -0.0424214 -0.00538656 -0.00166288 -0.00429969 -0.000730579 -0.0274222 0.003613 -0.00321859 0.00499065 -0.0199739 0.00232786 -0.0251782 -0.0033644 -0.010861 -0.00558201 0.00439646 -0.00279682 -0.00543738 -0.00123519 -0.00224246 -0.0230449 -0.00103611 0.00149668 0.00242474 0.00479245 0.000942751 -0.00620566 0.00890288 0.00273312 0.00394863 0.00325454 0.00255873 -0.00509119 -0.00843428 0.000371178 0.000831561 -0.0142995 -0.0244756 -0.0120246 -0.0306384 -0.00554602 0.00483566 -0.00998244 -0.012971 -0.0224699 -0.00677537 -0.00236735 -0.00630842 -0.00717657 -0.00840284 -0.0122551 -0.00193995 -0.00185562 0.0135942 -0.0264368 -0.0136836 -0.00311797 -0.00869258 -0.0194249 -0.0111666 0.00177091 -0.0155426 -0.00125533 -0.00112141 -0.00182726 0.00319745 -0.0151055 -0.000522578 -0.000348394 0.00407768 -0.0410895 0.00414466 -0.00109388 0.00613611 0.0028569 0.00150351 0.0164951 -0.0281563 -0.00166711 -0.0263358 -0.0210531 -0.0351406 -0.0444515 0.00222717 0.00109152 -0.0121952 0.0078972 -0.00254256 -0.00308016 -0.000254927 -0.00563669 0.0039894 -0.00480961 -0.041817 -0.00529546
internal_weight=519767 247960 271807 246558 270421 1402 225534 81717 143817 204494 59102 65927 183818 51261 22615 19879 9039 24418 1386 2017 123844 105072 180514 67594 112920 98260 31397 66863 39346 27517 10300 417 29379 17217 11481 38258 1088 5736 270 15059 302 14660 317 52535 9883 3468 19973 16291 9150 36609 18772 2018 49974 41509 32442 3304 20676 2146 3254 14480 21024 19390 18114 1888 1138 91326 17449 1270 594 469 298 676 19463 4588 3354 1323 2031 39259 13276 12182 10703 510 18547 1234 328 279 6415 19160 2849 690 505 18530 322 49054 48617 41788 6829 5729 6893 16605 3807 202 17979 2882 1780 779 566 232 1468 12798 932 712 405 220 14053 11709 528 2344 38842 34512 10644 4693 5951 1123 374 2159
internal_count=519767 247960 271807 246558 270421 1402 225534 81717 143817 204494 59102 65927 183818 51261 22615 19879 9039 24418 1386 2017 123844 105072 180514 67594 112920 98260 31397 66863 39346 27517 10300 417 29379 17217 11481 38258 1088 5736 270 15059 302 14660 317 52535 9883 3468 19973 16291 9150 36609 18772 2018 49974 41509 32442 3304 20676 2146 3254 14480 21024 19390 18114 1888 1138 91326 17449 1270 594 469 298 676 19463 4588 3354 1323 2031 39259 13276 12182 10703 510 18547 1234 328 279 6415 19160 2849 690 505 18530 322 49054 48617 41788 6829 5729 6893 16605 3807 202 17979 2882 1780 779 566 232 1468 12798 932 712 405 220 14053 11709 528 2344 38842 34512 10644 4693 5951 1123 374 2159
cat_boundaries=0 2 4 5 6 7 9 11 12 14 16 18 20 22 24 26 28 29 31 33 35 37 39 40 41 42 43 44 46 48 49 51 52 54 55 56 58 59
cat_threshold=3653515990 17578 84 2 293601282 20980226 4203010 69779465 324 0 8192 2 605192224 8708 2162689 257 67239936 512 0 16 34635816 14352 537411616 6224 32776 16 101187616 64 536870912 16385 257 67239936 580 132128 4097 524288 4096 524288 4 2 536920064 1048576 2 163848 268697600 128 0 128 2 557056 4 4 1048576 2048 537919488 65536 524288 64 524288
is_linear=0
shrinkage=0.03


end of trees

feature_importances:
static_ilce_key=1644
static_guc=1635
grp_n_transformers=1353
grp_zero_rate_bucket=929
static_log_guc=349
static_bolge=277
cal_doy_sin=263
grp_lf_med_il_bucket_ay=234
grp_zero_rate_ilce_ay=190
static_guc_bucket=189
grp_lf_med_ilce_ay=181
grp_seasonal_ilce_ay=167
wx_precip_30d=163
cal_doy_cos=147
grp_zero_rate_ilce_ay_hi=146
cal_horizon_days=129
static_il=126
wx_soil_moist=125
grp_lf_nz_p25_ilce_ay=116
grp_lf_nz_med_il_bucket_ay=115
grp_lf_nz_p75_ilce_ay=95
wx_et0_sum7=89
grp_lf_nz_med_ilce_ay_hi=87
cal_hafta=72
wx_cdd_ma7=52
cal_ay=50
wx_cdd=45
wx_apparent_max=45
grp_dow_ratio_ilce=42
wx_hdd=34
wx_radiation=32
wx_t_range=22
wx_t_mean=16
wx_t_max=13
wx_et0=12
wx_cdd2=4
static_is_first_day=3
wx_humidity=3
cal_dow=2
cal_days_since_holiday=1
wx_cdd3=1

parameters:
[boosting: gbdt]
[objective: regression]
[metric: l2]
[tree_learner: serial]
[device_type: cpu]
[data_sample_strategy: bagging]
[data: ]
[valid: ]
[num_iterations: 73]
[learning_rate: 0.03]
[num_leaves: 127]
[num_threads: 0]
[seed: 44]
[deterministic: 0]
[force_col_wise: 0]
[force_row_wise: 0]
[histogram_pool_size: -1]
[max_depth: -1]
[min_data_in_leaf: 100]
[min_sum_hessian_in_leaf: 0.001]
[bagging_fraction: 0.8]
[pos_bagging_fraction: 1]
[neg_bagging_fraction: 1]
[bagging_freq: 1]
[bagging_seed: 44]
[bagging_by_query: 0]
[feature_fraction: 0.8]
[feature_fraction_bynode: 1]
[feature_fraction_seed: 44]
[extra_trees: 0]
[extra_seed: 20733]
[early_stopping_round: 0]
[early_stopping_min_delta: 0]
[first_metric_only: 0]
[max_delta_step: 0]
[lambda_l1: 0]
[lambda_l2: 1]
[linear_lambda: 0]
[min_gain_to_split: 0]
[drop_rate: 0.1]
[max_drop: 50]
[skip_drop: 0.5]
[xgboost_dart_mode: 0]
[uniform_drop: 0]
[drop_seed: 20829]
[top_rate: 0.2]
[other_rate: 0.1]
[min_data_per_group: 100]
[max_cat_threshold: 32]
[cat_l2: 10]
[cat_smooth: 10]
[max_cat_to_onehot: 4]
[top_k: 20]
[monotone_constraints: ]
[monotone_constraints_method: basic]
[monotone_penalty: 0]
[feature_contri: ]
[forcedsplits_filename: ]
[refit_decay_rate: 0.9]
[cegb_tradeoff: 1]
[cegb_penalty_split: 0]
[cegb_penalty_feature_lazy: ]
[cegb_penalty_feature_coupled: ]
[path_smooth: 0]
[interaction_constraints: ]
[verbosity: -1]
[saved_feature_importance_type: 0]
[use_quantized_grad: 0]
[num_grad_quant_bins: 4]
[quant_train_renew_leaf: 0]
[stochastic_rounding: 1]
[linear_tree: 0]
[max_bin: 255]
[max_bin_by_feature: ]
[min_data_in_bin: 3]
[bin_construct_sample_cnt: 200000]
[data_random_seed: 182]
[is_enable_sparse: 1]
[enable_bundle: 1]
[use_missing: 1]
[zero_as_missing: 0]
[feature_pre_filter: 1]
[pre_partition: 0]
[two_round: 0]
[header: 0]
[label_column: ]
[weight_column: ]
[group_column: ]
[ignore_column: ]
[categorical_feature: 2,3,4,5,15]
[forcedbins_filename: ]
[precise_float_parser: 0]
[parser_config_file: ]
[objective_seed: 3944]
[num_class: 1]
[is_unbalance: 0]
[scale_pos_weight: 1]
[sigmoid: 1]
[boost_from_average: 1]
[reg_sqrt: 0]
[alpha: 0.9]
[fair_c: 1]
[poisson_max_delta_step: 0.7]
[tweedie_variance_power: 1.5]
[lambdarank_truncation_level: 30]
[lambdarank_norm: 1]
[label_gain: ]
[lambdarank_position_bias_regularization: 0]
[eval_at: ]
[multi_error_top_k: 1]
[auc_mu_weights: ]
[num_machines: 1]
[local_listen_port: 12400]
[time_out: 120]
[machine_list_filename: ]
[machines: ]
[gpu_platform_id: -1]
[gpu_device_id: -1]
[gpu_device_id_list: ]
[gpu_use_dp: 0]
[num_gpu: 1]

end of parameters

pandas_categorical:[["<=160", "250-400", "630-1000", "1250-1600", ">1600"], ["MAN\u0130SA", "\u0130ZM\u0130R"], ["G\u00dcNEY B\u00d6LGE", "KUZEY B\u00d6LGE", "METROPOL"], ["MAN\u0130SA>AHMETL\u0130", "MAN\u0130SA>AKH\u0130SAR", "MAN\u0130SA>ALA\u015eEH\u0130R", "MAN\u0130SA>DEM\u0130RC\u0130", "MAN\u0130SA>G\u00d6LMARMARA", "MAN\u0130SA>G\u00d6RDES", "MAN\u0130SA>KIRKA\u011eA\u00c7", "MAN\u0130SA>KULA", "MAN\u0130SA>K\u00d6PR\u00dcBA\u015eI", "MAN\u0130SA>SAL\u0130HL\u0130", "MAN\u0130SA>SARIG\u00d6L", "MAN\u0130SA>SARUHANLI", "MAN\u0130SA>SELEND\u0130", "MAN\u0130SA>SOMA", "MAN\u0130SA>TURGUTLU", "MAN\u0130SA>YUNUSEMRE", "MAN\u0130SA>\u015eEHZADELER", "\u0130ZM\u0130R>AL\u0130A\u011eA", "\u0130ZM\u0130R>BAL\u00c7OVA", "\u0130ZM\u0130R>BAYINDIR", "\u0130ZM\u0130R>BAYRAKLI", "\u0130ZM\u0130R>BERGAMA", "\u0130ZM\u0130R>BEYDA\u011e", "\u0130ZM\u0130R>BORNOVA", "\u0130ZM\u0130R>BUCA", "\u0130ZM\u0130R>D\u0130K\u0130L\u0130", "\u0130ZM\u0130R>FO\u00c7A", "\u0130ZM\u0130R>GAZ\u0130EM\u0130R", "\u0130ZM\u0130R>G\u00dcZELBAH\u00c7E", "\u0130ZM\u0130R>KARABA\u011eLAR", "\u0130ZM\u0130R>KARABURUN", "\u0130ZM\u0130R>KAR\u015eIYAKA", "\u0130ZM\u0130R>KEMALPA\u015eA", "\u0130ZM\u0130R>KINIK", "\u0130ZM\u0130R>KONAK", "\u0130ZM\u0130R>K\u0130RAZ", "\u0130ZM\u0130R>MENDERES", "\u0130ZM\u0130R>MENEMEN", "\u0130ZM\u0130R>NARLIDERE", "\u0130ZM\u0130R>SEFER\u0130H\u0130SAR", "\u0130ZM\u0130R>SEL\u00c7UK", "\u0130ZM\u0130R>TORBALI", "\u0130ZM\u0130R>T\u0130RE", "\u0130ZM\u0130R>URLA", "\u0130ZM\u0130R>\u00c7E\u015eME", "\u0130ZM\u0130R>\u00c7\u0130\u011eL\u0130", "\u0130ZM\u0130R>\u00d6DEM\u0130\u015e"], ["Atat\u00fcrk'\u00fc Anma, Gen\u00e7lik ve Spor Bayram\u0131", "Cumhuriyet Bayram\u0131", "Demokrasi ve Mill\u00ee Birlik G\u00fcn\u00fc", "Emek ve Dayan\u0131\u015fma G\u00fcn\u00fc", "Kurban Bayram\u0131", "Ramazan Bayram\u0131", "Ulusal Egemenlik ve \u00c7ocuk Bayram\u0131", "Y\u0131lba\u015f\u0131", "Zafer Bayram\u0131", "yok"]]
