tree
version=v4
num_class=1
num_tree_per_iteration=1
label_index=0
max_feature_idx=49
objective=regression
feature_names=static_guc static_log_guc static_guc_bucket static_il static_bolge static_ilce_key static_is_first_day static_has_bad_rows cal_ay cal_dow cal_is_weekend cal_doy_sin cal_doy_cos cal_hafta cal_is_holiday cal_holiday_name cal_days_to_holiday cal_days_since_holiday cal_is_bridge_day cal_is_ramadan cal_horizon_days grp_lf_med_ilce_ay grp_seasonal_ilce_ay grp_lf_med_il_bucket_ay grp_dow_ratio_ilce grp_n_transformers grp_zero_rate_ilce_ay grp_zero_rate_bucket grp_lf_nz_med_ilce_ay_hi grp_lf_nz_med_il_bucket_ay grp_zero_rate_ilce_ay_hi grp_lf_nz_p25_ilce_ay grp_lf_nz_p75_ilce_ay wx_cdd wx_cdd2 wx_cdd3 wx_hdd wx_t_mean wx_t_max wx_t_range wx_apparent_max wx_humidity wx_precip wx_et0 wx_soil_moist wx_radiation wx_cdd_ma7 wx_et0_sum7 wx_precip_30d wx_t_anom7
feature_infos=[40:35800] [3.7135720252990723:10.48573112487793] -1:1:2:0:3 -1:1:0 -1:0:2:1 -1:23:46:29:34:24:43:20:41:32:15:9:39:36:42:1:35:14:37:44:19:21:31:2:45:17:7:5:27:13:33:30:40:16:3:11:25:12:26:10:28:6:18:38:22:0:4 [0:1] none [1:12] [0:6] [0:1] [-0.99999940395355225:0.99998557567596436] [-0.99997919797897339:0.99999076128005981] [1:52] [0:1] -1:9:4:5:1:8:7:2:0:3 [0:15] [0:15] [0:1] [0:1] [1:122] [0.021004168316721916:0.17018429934978485] [-3.0580000877380371:0.45058715343475342] [0.027560446411371231:0.14103648066520691] [0.66369223594665527:1.1153295040130615] [3:204] [0:0.40224474668502808] [0.046757176518440247:0.1889137476682663] [0.025602547451853752:0.19439192116260529] [0.038412842899560928:0.15901920199394226] [0.030927138403058052:0.3837563693523407] [0.011197119019925594:0.10827727615833282] [0.073968023061752319:0.30800497531890869] [0:14.400001525878906] [0:207.36004638671875] [0:2985.98486328125] [0:23.5] [-5.5:36.400001525878906] [-2.7999999523162842:45.5] [0.89999961853027344:21.900001525878906] [-8.3999996185302734:45.099998474121094] [15:97] [0:108.30000305175781] [0.28999999165534973:12.140000343322754] [0.0099999997764825821:0.43200001120567322] [1.0399999618530273:31.889999389648438] [0:12.885714530944824] [5.2199997901916504:76.400001525878906] [0:583.29998779296875] [-13.057143211364746:11.314285278320312]
tree_sizes=11718 11637 11707 11753 11660 11758 11754 11730 11630 11734 11812 11699 11725 11823 11709 11689 11676 11674 11673 11775 11816 11745 11711 11720 11742 11727 11787 11767 11722 11768 11838 11709 11813 11734 11836 11747 11836 11708 11757 11789 11788 11743 11807 11831 11835 11840 11767 11790 11746 11848 11869 11729 11820 11909 11769 11843 11823 11783 11880 11879 11778 11802 11814 11828 11742 11782 11747 11772 11853 11775 11899 11826 11760

Tree=0
num_leaves=127
num_cat=41
split_feature=0 48 5 5 30 5 5 5 5 23 11 5 45 0 5 36 0 5 25 5 5 31 0 0 5 0 26 29 31 5 5 5 27 0 25 25 0 0 47 5 4 27 0 26 5 2 5 0 5 5 0 5 0 0 4 11 0 47 31 28 0 27 27 0 5 20 25 5 0 5 27 25 0 5 2 0 27 0 2 23 31 0 5 11 5 23 0 0 0 23 4 0 0 26 0 5 27 25 27 0 0 0 5 0 4 5 27 25 5 27 0 25 0 27 43 0 27 26 5 48 25 0 25 2 2 25
split_gain=39405.1 17467.9 15596.7 13697.1 9832.41 6519.78 5937.19 4610.51 4205.55 3773.62 3265.95 7410.72 3147.52 2588.97 2359.58 2039.95 1953.08 1940.47 1731.53 1564.56 1527.26 1521.24 2550.03 1371.41 3802.3 1289.87 4104.39 1362.5 1452.29 1287.91 1200.9 1184.75 1162.39 1154.36 1786.27 1596.28 2000.59 3415.03 4422.95 1142.87 1109.98 2674.96 993.795 929.863 928.736 924.59 1215.15 1154.76 2673.36 1560.26 1571.11 909.983 907.465 1074.28 6581.38 1539.82 849.705 841.07 826.34 1111.48 1671.81 821.215 905.016 785.327 774.442 756.238 746.518 772.745 741.469 2500.76 737.998 902.353 727.055 712.03 1432.25 2038.63 1859.67 688.602 639.03 614.951 843.457 602.836 1695.68 584.294 799.346 584.125 578.53 575.754 554.119 546.634 543.686 539.842 536.643 527.339 511.807 625.207 504.936 718.141 501.877 486.792 479.12 3727.32 532.442 546.304 1163.58 619.592 1085.05 1205.44 566.907 502.585 491.66 1158.46 1334.76 546.65 476.02 475.802 467.215 466.078 541.413 462.477 460.619 453.615 1653.78 541.876 453.584 448.483
threshold=13030.000000000002 6.9500000476837167 0 1 0.085353039205074324 2 3 4 5 0.064333807677030577 0.3744682669639588 6 23.105000495910648 225.00000000000003 7 5.6500000953674325 17950.000000000004 8 50.500000000000007 9 10 0.072578333318233504 325.00000000000006 180.00000000000003 11 1410.0000000000002 0.33979515731334692 0.048529487103223808 0.05297991260886193 12 13 14 0.15550526976585391 225.00000000000003 59.500000000000007 19.500000000000004 950.00000000000011 325.00000000000006 18.445000648498539 15 16 0.086274277418851866 1560.0000000000002 0.22268813848495486 17 18 19 715.00000000000011 20 21 1615.0000000000002 22 1225.0000000000002 325.00000000000006 23 -0.91246706247329701 155.00000000000003 51.57500076293946 0.047392372041940696 0.1071726903319359 1225.0000000000002 0.08212983608245851 0.052256155759096153 1615.0000000000002 24 88.500000000000014 76.500000000000014 25 475.00000000000006 26 0.11368945986032487 76.500000000000014 325.00000000000006 27 28 950.00000000000011 0.089248880743980422 155.00000000000003 29 0.081555202603340163 0.05539060756564141 155.00000000000003 30 -0.5917624533176421 31 0.056448934599757201 155.00000000000003 1280.0000000000002 325.00000000000006 0.11144557595252992 32 1225.0000000000002 225.00000000000003 0.015936902258545164 715.00000000000011 33 0.086274277418851866 15.500000000000002 0.059944719076156623 155.00000000000003 1280.0000000000002 1560.0000000000002 34 850.00000000000011 35 36 0.098019190132617964 113.00000000000001 37 0.1045757830142975 325.00000000000006 89.500000000000014 225.00000000000003 0.052256155759096153 8.4449996948242205 325.00000000000006 0.08212983608245851 0.072340067476034178 38 76.350002288818374 100.50000000000001 135.00000000000003 77.500000000000014 39 40 93.500000000000014
decision_type=2 2 9 9 10 9 9 9 9 8 2 9 2 2 9 2 2 9 2 9 9 10 2 2 9 2 8 10 10 9 9 9 2 2 2 2 2 2 2 9 9 2 2 10 9 9 9 2 9 9 2 9 2 2 9 2 2 2 8 8 2 2 2 2 9 2 2 9 2 9 2 2 2 9 9 2 2 2 9 10 10 2 9 2 9 10 2 2 2 10 9 2 2 10 2 9 2 2 2 2 2 2 9 2 9 9 2 2 9 2 2 2 2 2 2 2 2 8 9 2 2 2 2 9 9 2
left_child=1 6 4 7 10 -6 19 9 21 -2 14 13 44 17 90 57 -5 99 -11 52 79 33 -23 24 -16 27 -27 31 -29 70 -25 -22 119 34 -4 36 37 -35 61 -26 41 -15 -42 73 -8 46 -21 48 68 -49 120 86 53 77 55 -55 -53 66 93 60 -60 62 -39 83 -13 -52 67 87 69 -47 -14 -72 125 74 115 76 85 -1 -69 80 -7 82 -68 84 124 -76 -36 -10 -31 -66 116 -43 -92 -37 -90 -96 -56 -98 -74 -12 102 109 110 104 -104 -105 107 -107 -108 -102 111 112 -75 -112 -85 -17 -3 -61 -119 -20 -51 122 -106 -123 -32 -48
right_child=3 2 8 16 5 20 12 -9 15 18 11 64 29 40 23 43 -18 -19 32 45 25 22 -24 30 39 26 -28 28 -30 88 63 -33 -34 35 51 58 -38 38 -40 -41 42 91 -44 -45 -46 47 72 49 -50 50 65 56 -54 54 96 -57 -58 -59 59 117 -62 -63 -64 -65 89 -67 81 78 -70 -71 71 -73 98 100 75 -77 -78 -79 -80 -81 -82 -83 -84 114 -86 -87 -88 -89 94 -91 92 -93 -94 -95 95 -97 97 -99 -100 -101 101 -103 103 105 121 106 108 -109 -110 -111 113 -113 -114 -115 -116 -117 -118 118 -120 -121 -122 123 -124 -125 -126 -127
leaf_value=-0.032382397661299016 0.0073102315344980781 0.032484322279221364 -0.017928713756827898 0.013569137101161937 0.049884422478320416 0.010453716608221657 0.0052195460434039118 -0.2960497371511287 -0.016270426950924274 -0.11769381952747493 -0.14969966692491013 -0.017863212018494643 0.023214862367140206 0.0049465314979785877 -0.14893095623341299 0.000723299795199077 -0.085433078830059558 -0.048423612028945108 -0.13439224923629378 0.01912077815238792 -0.024597735548020961 -0.076070073295018234 -0.021301715005405692 0.0095016398965845333 -0.00216042464835915 -0.0035413846753714288 -0.21049586961713601 0.01616548540367083 0.0017444514665425272 0.0038397167950323156 -0.0059018120793131049 0.0096142119902953346 -0.28279352561999738 -0.020574138440405839 -0.025604369088485211 -0.021590279812410584 -0.0060663902156370113 -0.14078639230475976 -0.022999299316948937 -0.018590537168754705 -0.025330759453680518 -0.090082243430996078 -0.11268745203467551 0.010197244728332677 -0.0060711559326264352 -0.0077366336155102067 -0.0077325924125261339 -0.0096296504391416571 -0.0044604508033465814 0.0087233486589123714 -0.020735591787037315 -0.031458683435155878 0.012876252030127471 -0.079959334391130107 -0.0072105901645680547 -0.18857561023835437 -0.054622364501370146 -0.006343429324372634 -0.026508628996226274 -0.027539262666182431 -0.092641603315393589 -0.17128593643447931 -0.041391538440034945 -0.05423814602100252 -0.0069973600406367641 -0.1234447440279632 -0.0022499544987194366 -0.019688267158358728 -0.026732352165728598 -0.11403249303123179 0.018934148765228864 -0.063564054146502166 0.012594638025029166 -0.0039453140170027934 -0.034950266343303941 0.02241822844630444 -0.14739898150364592 0.012975003383644334 -0.030819932739611818 0.023515703100479988 -0.058065916879650424 -0.012110881517505832 -0.12575248840844858 -0.0021071438735769271 -0.0061529929467520903 -0.088242165553937393 0.031388527335865155 0.017592774052051684 0.015475814831999737 0.0086227141420960676 -0.0044296691542807095 -0.16579185206781732 0.0128605358598405 0.00584635259507297 0.014373650111862854 0.0040528728641588902 0.0015791477702640671 -0.038993424324104069 -0.0078173559652072837 -0.094344862159867079 -0.090738604218941032 0.00086367275417373725 0.01311114240101233 -0.003765273122492046 -0.013915737686475867 -0.020279395245896118 -0.023315063736976699 -0.057374676660828641 -0.0023585646254390097 -0.17959778211478677 0.01161827358347391 0.016555497706887072 -0.044951158709098486 -0.0037427112251842329 -0.018487437812456171 -0.018266444296321873 0.0038489964785104348 0.011860297235156081 -0.01570526957200875 -0.22307778028991412 -0.0070364810772692767 -0.011200501168588773 -0.098507519863612406 0.00085300432383573729 -0.025491846642558283 -0.049840659402310847
leaf_weight=415 104 1494 6536 324 3146 3310 12163 404 23399 212 274 5620 9611 311 175 2079 400 1037 117 3549 2673 1252 1968 5189 6105 463 105 8436 24641 11546 1567 1375 177 1490 563 876 1310 233 535 10181 5218 409 119 2271 14200 425 4442 10999 11700 12522 142 2586 771 237 2286 237 3191 7318 2266 2980 405 339 129 295 19065 118 282 13670 2860 378 295 199 3596 1591 1023 356 181 1091 7231 5031 169 23440 148 35926 22254 226 223 460 15746 2254 2765 109 3884 2242 9087 12664 540 1437 1551 318 126 881 2287 3195 2922 2615 1835 1129 3159 111 2560 903 1296 11218 1670 2768 781 654 24551 109 1925 10801 223 4874 3455 239
leaf_count=415 104 1494 6536 324 3146 3310 12163 404 23399 212 274 5620 9611 311 175 2079 400 1037 117 3549 2673 1252 1968 5189 6105 463 105 8436 24641 11546 1567 1375 177 1490 563 876 1310 233 535 10181 5218 409 119 2271 14200 425 4442 10999 11700 12522 142 2586 771 237 2286 237 3191 7318 2266 2980 405 339 129 295 19065 118 282 13670 2860 378 295 199 3596 1591 1023 356 181 1091 7231 5031 169 23440 148 35926 22254 226 223 460 15746 2254 2765 109 3884 2242 9087 12664 540 1437 1551 318 126 881 2287 3195 2922 2615 1835 1129 3159 111 2560 903 1296 11218 1670 2768 781 654 24551 109 1925 10801 223 4874 3455 239
internal_value=-0.00659917 -0.00610553 -0.0095752 -0.144883 -0.00323434 0.00817186 0.00264662 -0.209785 -0.0155469 -0.157583 -0.00754873 -0.0154288 0.00775795 -0.0411687 -0.0046898 -0.0127358 -0.0406105 -0.0748536 -0.187992 -0.00446546 0.00531865 -0.0226098 -0.0426137 -0.00619956 -0.0139952 0.00272449 -0.0421015 0.00341216 0.00542279 0.0116014 -0.00437634 -0.0130143 -0.224589 -0.0213531 -0.0290342 -0.0187053 -0.0365417 -0.0511792 -0.0880273 -0.0124371 -0.0323255 -0.0646115 -0.0272993 -0.00863299 -0.000862329 -0.00274554 0.00410238 -0.00497655 -0.0114846 -0.0010887 0.00530202 -0.0400896 -0.017791 -0.0216083 -0.0286239 -0.13455 -0.0441842 -0.0160126 -0.0165854 -0.0180727 -0.0365672 -0.137553 -0.105578 -0.00548213 -0.00796123 -0.0676441 -0.0170436 -0.0193287 -0.0338087 -0.0593679 0.0213556 -0.0143602 -0.00133624 -0.00936592 -0.0186211 -0.0415378 -0.0577545 0.000462924 -0.0235536 0.0167905 0.0071095 -0.012758 -0.0479208 -0.00526043 -0.00860301 -0.044656 -0.00929716 -0.0156103 0.00958488 -0.00534306 0.00999269 -0.106302 0.00567078 -0.0018664 0.0113563 0.00837356 -0.0168173 -0.0279162 0.00644335 -0.118181 -0.00817358 -0.0275934 -0.00774565 -0.00998905 -0.00709096 -0.0151225 -0.019248 -0.0314778 -0.0101134 -0.132936 -0.00351849 -0.013088 -0.0223624 -0.000887951 -0.00283522 -0.010102 0.0226599 -0.0163187 -0.0149911 -0.17796 0.00662308 -0.00954648 -0.0199432 -0.00745936 -0.0194055 -0.00989271
internal_weight=519549 517702 370731 1847 179824 49349 146971 1123 190907 719 130475 34734 85511 7795 95741 136578 724 1629 615 61460 46203 54329 3220 86817 16461 37693 568 37125 33077 59148 70356 4048 403 51109 13099 38010 4036 2726 1236 16286 6166 829 5337 60630 26363 54446 13377 41069 15363 25706 14707 6563 7014 6243 4737 474 5777 75948 33974 30856 2671 701 362 65167 26939 260 68630 44760 3663 803 10105 494 9828 58359 6633 1786 1430 1506 20901 8510 3479 23870 430 64872 27276 1249 786 23859 49043 21319 8924 518 6649 3118 37497 21751 4263 1977 5147 592 51726 1118 50608 33040 21107 11933 8738 3744 4994 237 17568 3790 2887 13778 37596 4847 2275 28185 25205 226 14447 18820 3145 15675 5022 4681
internal_count=519549 517702 370731 1847 179824 49349 146971 1123 190907 719 130475 34734 85511 7795 95741 136578 724 1629 615 61460 46203 54329 3220 86817 16461 37693 568 37125 33077 59148 70356 4048 403 51109 13099 38010 4036 2726 1236 16286 6166 829 5337 60630 26363 54446 13377 41069 15363 25706 14707 6563 7014 6243 4737 474 5777 75948 33974 30856 2671 701 362 65167 26939 260 68630 44760 3663 803 10105 494 9828 58359 6633 1786 1430 1506 20901 8510 3479 23870 430 64872 27276 1249 786 23859 49043 21319 8924 518 6649 3118 37497 21751 4263 1977 5147 592 51726 1118 50608 33040 21107 11933 8738 3744 4994 237 17568 3790 2887 13778 37596 4847 2275 28185 25205 226 14447 18820 3145 15675 5022 4681
cat_boundaries=0 2 4 6 8 10 12 14 16 17 19 20 21 23 24 26 28 29 31 32 34 35 37 38 39 41 43 44 45 46 47 49 51 52 54 56 57 59 61 63 64 65
cat_threshold=2647013974 17578 303038466 8196 16 2 552260233 197 34603008 4 33604649 2112 281158146 2 262228 2 131074 540672 64 272760900 131072 263188 16394 4202498 514 1024 67115008 168 2 1526997078 4618 2 541229184 4 547487744 32776 132 32768 1 83888132 1024 540016768 12544 2097152 524288 10 6 524288 1 2147487744 16384 2 50405410 5632 536936448 8193 4 2097152 4608 1074790400 256 32 64 2 4
is_linear=0
shrinkage=0.03


Tree=1
num_leaves=127
num_cat=45
split_feature=0 48 5 5 30 5 5 5 5 12 5 12 2 5 5 23 0 38 5 25 5 22 26 12 5 29 0 26 31 0 25 5 11 12 0 5 2 0 0 4 11 2 0 5 0 5 0 5 26 25 25 11 5 0 3 3 5 5 25 0 0 12 0 3 0 25 0 4 20 0 0 0 5 5 2 0 25 0 2 5 5 20 31 0 26 2 0 5 2 32 5 23 0 26 21 0 0 29 0 25 0 5 12 12 0 0 0 5 25 0 25 0 30 0 0 5 5 0 47 5 5 0 5 0 0 29
split_gain=37573.6 16023.2 14189.2 13258.1 9335.95 6014.53 5810.74 4311.92 3971.88 3272.89 5748.64 3023.36 2805.19 3709.19 2731.15 2359.75 1963.49 1894.72 1766.08 1650.41 1575.73 1489.95 1413.79 1295.05 1258.29 1197.42 1192.6 2881.27 1351.19 1151.78 1864.3 1029.46 1025.65 1013.48 990.385 958.878 945.588 921.634 1156.78 6296.11 1422.04 921.459 1157.76 2746.91 3139.86 1521.52 1537.98 1057.6 904.833 895.226 884.276 860.648 826.413 1787.66 1777.76 1180.16 806.157 795.576 775.89 1276.14 2342.42 949.132 1968.44 765.708 751.47 1043.88 738.591 1209.68 702.355 699.197 694.157 676.213 663.047 642.918 661.05 640.053 627.956 619.147 614.951 778.961 763.329 655.414 614.833 2113.53 613.789 802.358 602.262 1680.28 591.03 622.64 580.421 598.324 582.802 1184.99 575.933 568.963 546.782 541.512 513.292 512.895 508.244 576.593 497.973 630.259 494.318 501.207 493.39 526.085 485.525 1660.74 471.937 450.381 442.222 440.916 437.842 427.111 421.297 405.015 401.725 394.115 393.328 486.102 391.295 696.262 3412.47 583.077
threshold=13030.000000000002 6.9500000476837167 0 1 0.085353039205074324 2 3 4 5 -0.065537083894014345 6 -0.42958799004554743 7 8 9 0.093464292585849776 17950.000000000004 17.150000572204593 10 50.500000000000007 11 0.20459871739149096 0.10922185331583024 -0.9711191952228545 12 0.048529487103223808 1410.0000000000002 0.33701615035533911 0.048250820487737663 225.00000000000003 59.500000000000007 13 0.24372619390487674 -0.9711191952228545 325.00000000000006 14 15 1225.0000000000002 325.00000000000006 16 -0.90529522299766529 17 715.00000000000011 18 475.00000000000006 19 1615.0000000000002 20 0.22268813848495486 80.500000000000014 76.500000000000014 0.24372619390487674 21 615.00000000000011 22 23 24 25 19.500000000000004 950.00000000000011 850.00000000000011 0.020426410250365738 615.00000000000011 26 1225.0000000000002 76.500000000000014 425.00000000000006 27 88.500000000000014 90.000000000000014 1560.0000000000002 325.00000000000006 28 29 30 325.00000000000006 85.500000000000014 155.00000000000003 31 32 33 79.500000000000014 0.072578333318233504 325.00000000000006 0.21817176789045337 34 155.00000000000003 35 36 0.17437541484832766 37 0.12056355178356172 1225.0000000000002 0.032988865859806545 0.10610681027173997 2375.0000000000005 950.00000000000011 0.08521361276507379 325.00000000000006 100.50000000000001 715.00000000000011 38 0.65071284770965587 0.92843842506408703 950.00000000000011 1225.0000000000002 615.00000000000011 39 64.500000000000014 615.00000000000011 97.500000000000014 850.00000000000011 0.10479542613029481 155.00000000000003 615.00000000000011 40 41 225.00000000000003 9.8849997520446795 42 43 110.00000000000001 44 1280.0000000000002 1560.0000000000002 0.10751387476921083
decision_type=2 2 9 9 10 9 9 9 9 2 9 2 9 9 9 8 2 2 9 2 9 8 10 2 9 10 2 10 10 2 2 9 2 2 2 9 9 2 2 9 2 9 2 9 2 9 2 9 10 2 2 2 9 2 1 1 9 9 2 2 2 2 2 1 2 2 2 9 2 2 2 2 9 9 9 2 2 2 9 9 9 2 10 2 10 9 2 9 9 10 9 10 2 10 8 2 2 10 2 2 2 9 2 2 2 2 2 9 2 2 2 2 10 2 2 9 9 2 2 9 9 2 9 2 2 8
left_child=1 6 4 7 9 112 18 15 21 10 12 24 51 32 34 -2 -5 48 37 -17 88 22 82 -12 64 31 28 -28 -27 30 -23 -22 -14 -19 116 114 106 38 77 40 -40 47 43 44 66 -44 99 -20 84 -21 72 -3 75 55 111 -54 -13 -32 59 60 61 -31 -63 -34 110 -66 67 -43 -48 -65 76 -49 -35 -25 -75 -53 -15 -1 80 -80 -74 104 90 117 122 -86 87 -52 -7 -90 91 97 -92 -94 -60 -36 -93 -4 115 -47 -100 -102 -18 -104 108 -106 -37 -108 109 -81 -8 -55 -6 -59 -16 -26 -11 -84 -118 -73 -45 -122 -10 125 -125 -124
right_child=3 2 8 16 5 20 11 -9 17 14 23 56 13 70 35 19 102 33 41 49 25 29 -24 73 98 26 27 -29 -30 58 57 -33 63 50 95 36 -38 -39 39 -41 -42 42 45 120 -46 46 68 71 -50 -51 86 52 53 54 -56 -57 -58 113 94 -61 -62 62 -64 69 65 -67 -68 -69 -70 -71 -72 119 78 74 -76 -77 -78 -79 79 81 -82 -83 83 -85 85 -87 -88 -89 89 -91 92 96 93 -95 -96 -97 -98 -99 100 -101 101 -103 103 -105 105 -107 107 -109 -110 -111 -112 -113 -114 -115 -116 -117 118 -119 -120 -121 121 -123 123 124 -126 -127
leaf_value=-0.030439055379401128 -0.037235241885781284 2.5768789817232224e-05 -0.02856560143177863 0.014035975908007316 0.034814660969977332 0.022036610093145462 0.024035156011064842 -0.2885584915110555 -0.01207460594070827 -0.0082447174158114239 0.011703207873733639 0.004538669174713246 -0.021247417605475195 -0.035331887259978233 0.030359922136242803 -0.10726479783881683 -0.041005650427285587 -0.0026217936317234859 0.018184996337515094 -0.27461905899624162 -0.018767901087016911 -0.015664463923211368 0.010788260811476016 -0.01661196283210338 -0.0011931868927038838 0.016868620993984475 -0.003331118487713287 -0.16921980598242953 0.0020892645122793764 -0.008013296058379589 0.0028421114496603702 0.0239698789757559 -0.15772235006093979 -0.015176280105385695 -0.0050229775313515215 -0.043757381979992842 -0.0022076526231090614 0.012483137914175869 -0.079958511321347653 -0.018266930807792042 -0.18406125810411242 -0.021163178527361302 -0.0095635896753738115 -0.015393759178395788 -0.025938037220258604 0.0087328639168595453 -0.021659471321851014 -0.0091990911761577442 0.0093855776588703411 -0.1800412464232812 -0.0029528856781253126 -0.04286439054590814 0.0054251957389310551 -0.083932168786786276 0.019120003116008838 -0.045951700990976743 -0.0063875759879271129 -0.036406513821105851 0.0059699477320184586 -0.0054530958727269955 -0.14845124450780575 -0.037605706832871406 -0.16613440154012571 -0.13551570373133193 0.018282813830867318 -0.069325404671522275 -0.1865299628815561 -0.14812090883587861 -0.12137419432906782 -0.077243619907153338 -0.092391581879577259 0.010567003974364903 0.0029025114557343743 0.0025697136297517863 -0.013553720806346524 -0.0076391849367546776 -0.0014161825036986867 0.012493188981188201 -0.019903459282634366 -0.044967384698778659 -0.02039751291071076 -0.021720765877289383 -0.10337209344247715 -0.023183967632247966 -0.016470576788644296 -0.082049598746194413 -0.011184529260275584 -0.11993150799691332 0.011102341253856503 -0.029659169164144589 -0.03140217545019839 -0.082340754301282751 -0.0072650586740319097 -0.094920600762349219 -0.01482701565172112 -0.060674036927970056 -0.020941788561440092 -0.0089080815453282062 0.01486862284271606 -0.0079503716363489921 0.013535160352885147 0.003812962419239565 -0.16731864205391431 -0.069502388724254377 -0.019795053310592555 -0.044757251483329659 -0.013211444923722818 0.013465637769233917 -0.023978914558457586 -0.14784287536228746 -0.00754503928618693 -0.052352608430185903 0.059285707388235589 -0.057489861191315154 0.0015310308174819928 0.010203002762209534 -0.010915647261454069 -0.063744132356802055 -0.020826120502718325 -0.010266369874205284 -0.010173522370036157 0.0033532882173136934 0.0021321928838612674 -0.13319063934428396 0.00033974833716236954 -0.0080121331995020306
leaf_weight=419 124 1465 2296 333 1064 6011 9252 405 21446 11071 3412 11154 169 2258 1566 189 149 5076 3506 150 3515 4919 758 5784 6861 7074 439 119 26128 744 316 584 179 21014 42201 150 20395 757 235 4298 242 121 10956 2824 2369 12473 139 4708 2456 257 319 560 1209 563 283 602 13328 1710 1261 1237 176 955 120 241 328 194 105 153 117 836 158 4169 1541 5683 3819 2696 628 1078 7597 525 7154 2384 326 1822 675 221 23352 162 2210 397 6930 259 221 373 23967 165 264 2800 16196 1912 9478 13095 103 144 1138 2001 727 7129 248 193 446 1503 1797 1888 680 5195 7139 843 7609 1008 4315 5360 6065 228 695 32018
leaf_count=419 124 1465 2296 333 1064 6011 9252 405 21446 11071 3412 11154 169 2258 1566 189 149 5076 3506 150 3515 4919 758 5784 6861 7074 439 119 26128 744 316 584 179 21014 42201 150 20395 757 235 4298 242 121 10956 2824 2369 12473 139 4708 2456 257 319 560 1209 563 283 602 13328 1710 1261 1237 176 955 120 241 328 194 105 153 117 836 158 4169 1541 5683 3819 2696 628 1078 7597 525 7154 2384 326 1822 675 221 23352 162 2210 397 6930 259 221 373 23967 165 264 2800 16196 1912 9478 13095 103 144 1138 2001 727 7129 248 193 446 1503 1797 1888 680 5195 7139 843 7609 1008 4315 5360 6065 228 695 32018
internal_value=-0.00642828 -0.00594534 -0.00926559 -0.141205 -0.00322905 0.00789175 0.00244426 -0.2051 -0.0149695 -0.00742155 -0.0157524 0.00749543 -0.0307797 -0.0501887 -0.00471998 -0.154518 -0.0391106 -0.0122391 -0.00460786 -0.181404 0.00528518 -0.0218445 -0.0292408 -0.00500305 0.0110683 0.00264722 0.00450709 -0.0389482 0.00523856 -0.0184995 -0.0279635 -0.0126618 -0.0901461 -0.015551 -0.0080627 0.00271885 0.00122265 -0.0187455 -0.022546 -0.0297585 -0.133048 -0.00277215 -0.00501101 -0.0115563 -0.0386509 -0.0011139 0.00521227 0.00405512 -0.00846688 -0.215486 -0.0165214 -0.0209629 -0.0251369 -0.0339943 -0.0513387 -0.0116691 -0.00141035 -0.0434126 -0.0155613 -0.0293999 -0.044238 -0.0340787 -0.0520942 -0.10011 0.0206745 -0.0143469 -0.118854 -0.0923365 -0.0675272 -0.0903968 -0.0312261 -0.000971087 -0.0190522 -0.00873586 -0.00391872 -0.0136669 -0.0279548 0.000464451 -0.0226101 -0.0265081 -0.0162696 -0.0341938 -0.031122 -0.0434048 -0.00918173 -0.0338175 -0.0118702 -0.0450676 0.0168556 0.00486743 -0.0283237 -0.0208748 -0.0338104 -0.062375 -0.0137873 -0.00524114 -0.0514469 -0.0177686 0.00913038 0.00651499 0.0108134 0.00790324 -0.0847099 -0.110802 -0.0415138 -0.0357167 0.00995226 0.0109959 -0.0602948 -0.0727877 0.0225822 -0.0609947 0.0500255 -0.047351 0.0215404 0.00372541 -0.0126953 -0.0748741 -0.016019 0.00650997 -0.00556141 -0.00267726 -0.00881603 -0.00701927 -0.0327535 -0.00639656
internal_weight=519556 517702 370911 1854 180218 49338 146791 1125 190693 130880 32048 85527 13350 4469 98832 720 729 136508 61264 596 46477 54185 16892 18698 61045 37859 33760 558 33202 37293 8833 4099 1425 72704 68185 30647 28401 7029 6272 4775 477 54235 40844 15247 2748 25597 14641 13391 63804 407 67628 8881 7416 4160 2349 1811 24482 3914 28460 3232 1995 1819 1075 1256 10220 522 379 274 256 1077 3044 9885 43795 15286 9502 3256 2886 1497 22781 14086 8695 6489 16134 2991 61348 896 23833 481 8618 2607 13143 5619 7524 594 25228 42366 523 5096 50825 14385 38769 22573 396 247 4105 3139 8006 7856 966 718 9698 2066 2861 3598 2246 12056 25819 1169 14748 5177 12499 9675 60452 39006 923 38083
internal_count=519556 517702 370911 1854 180218 49338 146791 1125 190693 130880 32048 85527 13350 4469 98832 720 729 136508 61264 596 46477 54185 16892 18698 61045 37859 33760 558 33202 37293 8833 4099 1425 72704 68185 30647 28401 7029 6272 4775 477 54235 40844 15247 2748 25597 14641 13391 63804 407 67628 8881 7416 4160 2349 1811 24482 3914 28460 3232 1995 1819 1075 1256 10220 522 379 274 256 1077 3044 9885 43795 15286 9502 3256 2886 1497 22781 14086 8695 6489 16134 2991 61348 896 23833 481 8618 2607 13143 5619 7524 594 25228 42366 523 5096 50825 14385 38769 22573 396 247 4105 3139 8006 7856 966 718 9698 2066 2861 3598 2246 12056 25819 1169 14748 5177 12499 9675 60452 39006 923 38083
cat_boundaries=0 2 4 6 8 10 12 14 15 16 18 20 21 23 25 27 28 29 30 31 33 35 37 38 39 41 42 43 44 46 48 49 50 52 54 55 57 58 60 62 63 65 67 69 70 72
cat_threshold=2647013974 17578 303038466 8196 0 2 552260233 197 34603008 4 33604649 2112 348267010 130 6 139266 2445414912 17448 540672 64 272760916 263188 16394 8706 1024 0 2 4 1 2 545390592 32776 132 541229184 4 71311362 128 2 2 520364118 4618 32768 2 4 540082304 4352 16779264 32 6 2 1073741824 8209 0 8708 2 524288 1 6 1032 2048 50405410 5632 67371008 285286402 4880 268439552 1064 10486272 1 6324224 1075314816 272
is_linear=0
shrinkage=0.03


Tree=2
num_leaves=127
num_cat=44
split_feature=0 48 5 5 5 30 5 5 11 5 5 12 0 23 5 23 36 0 5 5 22 25 27 26 29 5 0 25 5 5 0 21 2 4 0 5 12 25 0 27 0 4 27 12 0 0 12 5 0 0 0 0 4 11 25 26 27 5 44 25 0 5 5 25 5 2 5 0 5 5 2 0 27 0 0 5 5 0 21 0 23 0 30 22 23 29 21 32 0 0 0 0 12 5 25 5 0 25 27 2 5 0 21 27 2 5 12 12 5 2 0 0 26 0 0 25 5 27 25 0 5 0 5 5 5 5
split_gain=35396.1 15298.7 13877.9 11595.3 8524.1 6086.8 5357.3 4048.74 3629.77 5093.84 3581.3 2755.1 2316.65 2123.16 1905.83 1871.73 1828.38 1780.24 1708 1584.13 1495.84 1413.08 1577.42 1318.85 1269.28 1240.88 1178.54 1757.75 1173.28 1170.49 1609.12 2565.27 1042.46 2799.84 938.933 2858.11 929.31 922.441 1253.17 2570.38 914.66 1004.61 2505.23 859.084 1476.32 842.901 842.877 838.151 836.355 828.921 818.238 1057.26 5839.41 1494.11 802.024 798.178 795.717 769.701 763.658 758.655 913.274 710.418 697.6 684.032 751.649 700.721 661.041 654.718 1518.94 610.167 1443.98 1921.21 1572.79 608.12 602.914 1023.01 602.768 601.996 577.233 564.094 560.061 548.548 532.599 596.283 664.329 1747.54 1018.2 887.356 877.459 628.838 530.076 3726.08 525.609 517 506.109 730.447 616.958 779.495 585.304 500.554 803.737 491.955 491.954 489.024 476.975 476.308 471.629 572.511 471.603 564.523 468.532 461.873 436.025 427.279 427.083 1428.13 782.629 1040.16 1171.63 556.089 690.735 610.08 1155.01 948.179 543.56 498.316
threshold=13030.000000000002 6.9500000476837167 0 1 2 0.049045160412788398 3 4 0.35846313834190374 5 6 -0.42958799004554743 225.00000000000003 0.093464292585849776 7 0.038110742345452316 5.6500000953674325 17950.000000000004 8 9 0.20459871739149096 50.500000000000007 0.15550526976585391 0.10922185331583024 0.048529487103223808 10 225.00000000000003 59.500000000000007 11 12 1560.0000000000002 0.11037978157401086 13 14 110.00000000000001 15 -0.9711191952228545 19.500000000000004 950.00000000000011 0.098019190132617964 1560.0000000000002 16 0.086274277418851866 0.73136293888092052 325.00000000000006 1940.0000000000002 -0.41399101912975306 17 1225.0000000000002 1615.0000000000002 1225.0000000000002 325.00000000000006 18 -0.90529522299766529 97.500000000000014 0.22268813848495486 0.049178216606378562 19 0.26350000500679022 96.500000000000014 1225.0000000000002 20 21 76.500000000000014 22 23 24 155.00000000000003 25 26 27 950.00000000000011 0.089248880743980422 155.00000000000003 615.00000000000011 28 29 155.00000000000003 0.10610681027173997 1280.0000000000002 0.056448934599757201 1225.0000000000002 0.075847711414098754 -0.36799480020999903 0.086187265813350691 0.062489351257681854 0.084427561610937132 0.15307497978210452 325.00000000000006 850.00000000000011 1280.0000000000002 1560.0000000000002 -0.9711191952228545 30 75.500000000000014 31 155.00000000000003 60.500000000000007 0.14952706545591357 32 33 325.00000000000006 0.056888267397880561 0.15550526976585391 34 35 0.7074720859527589 0.93469110131263744 36 37 155.00000000000003 155.00000000000003 0.079892899841070189 1225.0000000000002 850.00000000000011 89.500000000000014 38 0.098019190132617964 113.00000000000001 325.00000000000006 39 225.00000000000003 40 41 42 43
decision_type=2 2 9 9 9 10 9 9 2 9 9 2 2 8 9 10 2 2 9 9 8 2 2 10 10 9 2 2 9 9 2 10 9 9 2 9 2 2 2 2 2 9 2 2 2 2 2 9 2 2 2 2 9 2 2 10 2 9 2 2 2 9 9 2 9 9 9 2 9 9 9 2 2 2 2 9 9 2 8 2 10 2 10 10 10 10 10 10 2 2 2 2 2 9 2 9 2 2 2 9 9 2 10 2 9 9 2 2 9 9 2 2 10 2 2 2 9 2 2 2 9 2 9 9 9 9
left_child=1 6 4 7 15 8 19 13 25 12 20 28 14 -2 111 -3 36 -5 -7 50 23 -15 58 56 47 32 27 -22 54 102 -31 -32 92 48 35 -21 -12 38 39 43 41 42 -14 -28 -45 74 49 -20 -34 57 51 73 53 -53 -8 69 -4 -36 -23 93 -61 -29 77 64 79 -66 -35 68 -65 70 101 72 80 -1 76 -76 -27 -11 -39 -38 -72 -44 -58 -84 85 -85 -87 -86 -89 -90 108 -92 -6 -13 95 -67 -97 -98 -96 -30 -101 -18 -26 -51 105 -64 -19 -108 109 -71 -63 -10 -49 -91 115 119 117 118 -116 121 -121 123 -123 -110 -119 -124
right_child=3 2 10 17 5 18 11 -9 9 62 16 59 40 21 -16 -17 55 106 24 34 26 22 -24 -25 29 45 37 61 99 30 31 -33 33 66 46 -37 63 78 -40 -41 -42 -43 81 44 -46 -47 -48 112 -50 103 -52 52 -54 -55 -56 -57 82 -59 -60 60 -62 110 104 67 65 94 -68 -69 -70 90 71 -73 -74 -75 75 -77 -78 -79 -80 -81 -82 -83 83 84 87 86 -88 88 89 113 91 -93 -94 -95 98 96 97 -99 -100 100 -102 -103 -104 -105 -106 -107 107 -109 114 -111 -112 -113 -114 -115 116 -117 -118 124 -120 120 -122 122 125 -125 -126 -127
leaf_value=-0.030703816772299584 -0.032729423585636866 0.015450540374802674 -0.013343641997121706 0.012865357152365434 0.011333675400411672 0.013101946874281341 0.022176798319439705 -0.28000928556122401 -0.1403647298373257 -0.084910016286940795 -0.0027263775180152421 0.0060887641481322885 0.0043185610660381171 -0.1069972133774354 -0.040993386279499201 0.048350335524890022 0.0021540343387721401 -0.043268716187837224 -0.02396767057787132 -0.13506457383956824 -0.015435433056228022 -0.10249562802796179 -0.27223587593979598 0.010679269863767714 0.016713028064339074 -0.011196859918464228 -0.019008182633252317 0.0022312904249256835 0.011227789344677976 -0.0013401890200581549 -0.17946725050507881 0.0025717020548946231 -0.15137933119972488 -0.0072209640398135308 -0.0048477388990532718 -0.010304809398199014 -0.015207298904924246 0.0065976129050729602 -0.0058823823401466767 -0.14502363883826916 -0.11067636666297913 -0.023691406447113299 -0.084041979967747704 -0.02123162493442423 -0.11989523659603228 -0.085637558163883534 -0.0077701178018724547 -0.0060325164400408257 -0.05001632169984719 -0.097361078764600997 0.012330494386187541 -0.072781954704478555 -0.016714213079780407 -0.17850331713513631 -0.01671589610672396 0.0092687047526644733 -0.026753520683265572 0.0042129093325004958 -0.21309171611070632 -0.012599071035412685 -0.09434871688313208 -0.03476003645843375 0.0091824985228266369 -0.0049670174608870254 -0.018267618524869213 -0.018618188781381651 -0.019624593216008925 -0.011252409067295188 -0.12329178689764096 0.003519491701427816 -0.034726273313966785 0.022649718990613674 -0.14001693863294679 0.012360496943753614 0.017606816232489234 -0.0005537234208445569 -0.0010372803307684714 -0.018362997199256655 -0.013980415286941368 0.017907447328443748 -0.086678159713224553 -0.16213855473434222 -0.0014456109516322612 -0.035241576954950844 -0.12098567217877768 -0.038503560709456597 -0.11264858353425042 -0.059628262177266605 -0.011277842631843117 -0.041856168916377987 -0.13063387846273761 0.0016343499036566437 -0.0062581734221062767 -0.003361793741639839 -0.065649820411551082 -0.013242172017977174 -0.069101465799731934 -0.031920824383193255 -0.0019807251224463638 -0.0063188698515401435 0.0088408463440820158 -0.017113571388618218 0.0053507616796915451 -0.017337315606868318 -0.010268398629129495 -0.0092250639923944621 -0.16352354335372599 -0.067886281215251629 0.0047725536690769073 -0.011707932470096735 -0.056383030970047987 -0.088153565935337616 0.027842253766992217 -0.0038316383353767755 -0.019319461131959974 0.014762405574191638 -0.00396540127787682 -0.0017665837034516573 -0.055677541934352377 -0.0090240477822795713 0.0066795450377461424 0.004294375643232342 -0.045997663469445144 -0.017403684095963681 -0.022338686952970813 -0.021984676221142009
leaf_weight=401 115 3195 2142 311 1617 13545 9768 393 300 125 5076 9170 348 199 849 3036 2080 161 2849 160 4940 129 180 736 4523 8179 1227 306 32202 19412 118 168 163 8224 12222 5172 24734 1292 1204 205 124 5268 432 316 240 106 12987 1559 135 115 742 240 4288 245 501 2279 6549 27195 104 2295 129 1734 2776 276 14144 3953 7363 23727 145 6742 1033 347 175 1109 3327 17060 14694 4327 24126 471 228 101 371 1589 102 242 545 836 1583 1810 247 844 27681 12034 626 640 850 1266 164 4322 11521 2794 14184 170 11120 2306 102 130 3179 3233 1897 328 437 312 2631 2575 5451 3113 1145 7904 3691 1269 1091 3805 1835 3008
leaf_count=401 115 3195 2142 311 1617 13545 9768 393 300 125 5076 9170 348 199 849 3036 2080 161 2849 160 4940 129 180 736 4523 8179 1227 306 32202 19412 118 168 163 8224 12222 5172 24734 1292 1204 205 124 5268 432 316 240 106 12987 1559 135 115 742 240 4288 245 501 2279 6549 27195 104 2295 129 1734 2776 276 14144 3953 7363 23727 145 6742 1033 347 175 1109 3327 17060 14694 4327 24126 471 228 101 371 1589 102 242 545 836 1583 1810 247 844 27681 12034 626 640 850 1266 164 4322 11521 2794 14184 170 11120 2306 102 130 3179 3233 1897 328 437 312 2631 2575 5451 3113 1145 7904 3691 1269 1091 3805 1835 3008
internal_value=-0.00620825 -0.00574362 -0.00898841 -0.138096 -0.00300969 -0.00424688 0.00244749 -0.19743 -0.00816006 -0.0174915 -0.014619 0.00754973 -0.0382157 -0.149282 -0.0720613 0.0314354 -0.0120284 -0.040184 0.00381044 -0.00398065 -0.02114 -0.173529 -0.205251 -0.0285783 0.000897063 -0.00516663 -0.017808 -0.0273578 0.0110522 0.00272278 -0.00238161 -0.0728989 -0.00864508 -0.0148342 -0.00234989 -0.0143457 -0.0151276 -0.0148441 -0.030044 -0.0446667 -0.0302974 -0.0286587 -0.0583006 -0.0330534 -0.063959 -0.00153998 -0.00113613 -0.0135706 -0.105781 0.00103406 -0.0174248 -0.0209679 -0.0278885 -0.126445 0.0202581 -0.0081459 -0.0303756 0.00140327 -0.15256 -0.00109123 -0.0169867 -0.0423099 -0.0096905 -0.0160142 -0.0181286 -0.022241 -0.0130983 -0.0119117 -0.0489551 -0.00882541 -0.0173766 -0.040422 -0.0559494 0.000911461 -0.0013323 0.00241902 -0.00467585 -0.0202047 -0.0129342 -0.014582 -0.0441809 -0.0991167 -0.0329918 -0.0385157 -0.0404746 -0.0533852 -0.089927 -0.0338577 -0.0318745 -0.0255977 -0.00772052 -0.0284031 -0.0052851 0.000726628 -0.0296976 -0.0270551 -0.0389365 -0.0468819 -0.0524517 0.00907803 0.00470373 -0.00887408 0.00809436 -0.0498551 -0.00678964 0.000828029 -0.0831106 -0.110455 -0.00727618 -0.00142333 -0.0459428 -0.111506 0.00138724 -0.0362698 -0.00870818 -0.00646315 -0.0129141 -0.0184787 -0.0303562 -0.00874603 -0.00402705 -0.0131751 -0.0207794 -0.00732828 -0.00944757 -0.028482
internal_weight=519866 518042 371054 1824 179979 173748 146988 1120 116953 28404 191075 81942 7750 727 1477 6231 136771 704 56795 65046 54304 612 413 16817 43250 88549 37487 8877 58314 38405 19698 286 45183 15885 58021 5332 76072 28610 3192 1988 6273 6149 881 1783 556 43366 52689 4845 298 39702 7025 6283 4773 485 10269 60699 16081 39417 233 23628 2424 3937 20654 70996 46848 21643 15587 24148 421 58420 6657 1783 1436 1510 43260 20387 22873 4452 25418 25205 1261 533 13939 7390 7019 2376 787 4643 4541 3705 51763 1091 29298 21204 7499 6709 2756 2116 790 48045 15843 4874 18707 285 16202 5082 393 232 50672 9975 3631 628 1996 2122 40697 26522 14175 8724 3776 23947 11595 12352 5368 6984 4948 4099
internal_count=519866 518042 371054 1824 179979 173748 146988 1120 116953 28404 191075 81942 7750 727 1477 6231 136771 704 56795 65046 54304 612 413 16817 43250 88549 37487 8877 58314 38405 19698 286 45183 15885 58021 5332 76072 28610 3192 1988 6273 6149 881 1783 556 43366 52689 4845 298 39702 7025 6283 4773 485 10269 60699 16081 39417 233 23628 2424 3937 20654 70996 46848 21643 15587 24148 421 58420 6657 1783 1436 1510 43260 20387 22873 4452 25418 25205 1261 533 13939 7390 7019 2376 787 4643 4541 3705 51763 1091 29298 21204 7499 6709 2756 2116 790 48045 15843 4874 18707 285 16202 5082 393 232 50672 9975 3631 628 1996 2122 40697 26522 14175 8724 3776 23947 11595 12352 5368 6984 4948 4099
cat_boundaries=0 2 4 6 8 10 11 13 14 16 18 20 22 24 25 26 27 28 30 31 33 34 36 38 39 41 43 44 45 46 48 50 52 53 55 56 58 59 60 62 64 66 68 70 72
cat_threshold=2647013974 17578 303038466 8196 16 2 619371145 453 34603008 4 281158146 33604649 2112 131074 406978628 8 540672 64 2160202240 17408 263188 16394 8397314 128 6 2 131072 2 514 1024 1 32776 132 32768 83888128 128 540016768 12544 6 8392704 1024 524288 1 524288 10 2118 16777218 128 436469830 21002 1074266112 20 6 134283266 4608 4 2147483652 16384 536936448 6 1074790400 276 2097152 4880 128 4608 2097152 273 0 20 0 1
is_linear=0
shrinkage=0.03


Tree=3
num_leaves=127
num_cat=36
split_feature=1 48 5 5 5 12 5 5 5 23 2 5 5 5 12 28 1 23 25 1 26 5 5 2 5 22 26 26 5 5 12 27 5 1 25 27 28 5 29 25 5 4 5 1 5 27 1 12 27 25 1 27 1 1 4 11 2 11 11 12 1 5 3 1 5 1 26 5 27 5 25 5 25 25 11 2 1 1 5 1 25 1 48 1 33 29 40 29 5 20 27 1 1 38 1 12 12 5 27 1 47 22 25 22 25 1 1 27 25 1 5 11 3 25 25 30 22 23 23 1 1 25 1 1 1 27
split_gain=33437.3 14363.7 12938.9 11501.7 7405.13 5783.97 5073.48 4176.79 3617.71 2986.48 2713.7 3918.9 3120.86 2692.53 2622.01 2414.53 1796.14 1757.59 1680.97 1679.93 3060.72 1549.53 1524.07 1478.45 2248.25 1332.62 1231.89 1228.67 1161.73 1137.83 1110.91 1929.37 4021.29 1007.73 1634.41 1002.22 956.464 948.155 943.422 1372.62 1012.68 953.523 883.636 852.487 2568.28 895.814 968.394 830.232 1818.2 803.539 1153.5 2479.67 800.957 1009.27 6121.39 1075.24 800.716 795.107 749.181 738.733 1378.19 709.694 702.548 700.579 2873.36 697.431 817.398 690.008 685.455 684.447 682.527 665.669 660.067 899.798 1041.34 644.905 623.875 1016.82 745.598 1275.66 2360.55 611.212 606.209 599.72 589.5 639.909 583.923 578.944 577.06 934.051 655.811 576.399 2088.64 699.946 545.738 531.203 666.967 530.774 525.671 1940.89 516.713 516.625 507.405 493.614 489.532 483.854 501.257 475.551 686.821 473.676 571.195 461.572 725.331 449.453 1815.45 444.364 520.823 612.203 2150.47 1016.07 537.033 1038.29 548.197 440.561 438.319 434.949
threshold=9.461545944213869 6.9500000476837167 0 1 2 -0.048362832516431802 3 4 5 0.076926078647375121 6 7 8 9 -0.41399101912975306 0.14471603184938434 9.7953972816467303 0.038110742345452316 50.500000000000007 7.2490057945251474 0.10766546800732614 10 11 12 13 0.20459871739149096 0.22268813848495486 0.10922185331583024 14 15 0.43540433049201971 0.055219287052750594 16 5.4143788814544687 59.500000000000007 0.15550526976585391 0.1353646665811539 17 0.1178257428109646 113.00000000000001 18 19 20 4.7054555416107187 21 0.059944719076156623 5.759707212448121 0.020426410250365738 0.053263295441865928 19.500000000000004 6.8561301231384286 0.098019190132617964 7.1113042831420907 5.759707212448121 22 -0.90529522299766529 23 0.2603727281093598 0.24372619390487674 0.73136293888092052 5.759707212448121 24 25 5.1923544406890878 26 7.1552743911743173 0.1366594657301903 27 0.049178216606378562 28 97.500000000000014 29 77.500000000000014 75.500000000000014 0.24372619390487674 30 7.3876662254333505 7.7717878818511972 31 6.5665833950042733 78.500000000000014 7.5704805850982675 76.350002288818374 5.0493419170379648 7.349999427795411 0.11966999620199205 16.750000000000004 0.052709037438035018 32 38.500000000000007 0.069445703178644194 7.3527534008026132 7.1552743911743173 15.250000000000002 6.4229502677917489 0.68274390697479259 0.92843842506408703 33 0.092709075659513487 6.4229502677917489 49.164999008178718 0.30304028093814855 89.500000000000014 -0.18733168393373487 12.500000000000002 7.4465231895446786 5.759707212448121 0.086274277418851866 15.500000000000002 6.5665833950042733 34 0.42958675324916845 35 49.000000000000007 38.500000000000007 0.075847711414098754 -0.36799480020999903 0.07194120436906816 0.058227287605404861 5.759707212448121 5.759707212448121 18.500000000000004 6.744683265686036 5.0493419170379648 7.3527534008026132 0.086274277418851866
decision_type=2 2 9 9 9 2 9 9 9 8 9 9 9 9 2 8 2 10 2 2 10 9 9 9 9 8 10 10 9 9 2 2 9 2 2 2 8 9 8 2 9 9 9 2 9 2 2 2 2 2 2 2 2 2 9 2 9 2 2 2 2 9 1 2 9 2 8 9 2 9 2 9 2 2 2 9 2 2 9 2 2 2 2 2 2 10 2 10 9 2 2 2 2 2 2 2 2 9 2 2 2 8 2 10 2 2 2 2 2 2 9 2 1 2 2 10 10 10 10 2 2 2 2 2 2 2
left_child=1 6 4 8 17 13 21 25 9 -2 12 28 36 23 29 19 -5 111 -11 22 -21 52 123 42 75 27 38 68 47 70 31 32 -14 34 -27 82 62 94 41 40 100 -13 -6 44 -23 46 -45 48 -12 50 51 59 53 83 55 -55 -41 -39 -15 -35 -61 -36 -9 64 -17 66 -38 -65 -4 -66 -8 -16 73 -68 -75 -25 78 -78 -47 80 -80 -69 -20 -1 85 -30 -42 -24 102 -90 -91 92 113 -94 -26 -18 -97 -48 -82 -100 -40 -51 -33 -89 -34 106 -31 -56 -109 -108 -111 -3 -113 114 -32 -70 -117 118 119 -118 -119 -122 -123 -7 -92 -81
right_child=3 2 7 16 5 15 14 10 -10 18 11 26 30 58 71 63 95 -19 35 20 -22 43 87 24 37 33 -28 -29 84 105 91 88 104 49 61 -37 65 57 39 56 86 -43 -44 45 -46 76 97 -49 -50 101 -52 -53 -54 54 107 -57 -58 -59 -60 60 -62 -63 -64 67 69 -67 72 81 115 -71 -72 -73 -74 74 -76 -77 77 -79 79 125 98 -83 -84 -85 -86 -87 -88 103 89 90 124 -93 93 -95 -96 96 -98 -99 99 -101 -102 -103 -104 -105 -106 -107 109 108 -110 110 -112 112 -114 -115 -116 116 117 120 -120 -121 121 122 -124 -125 -126 -127
leaf_value=-0.030176120017165853 0.0015656226954203756 0.018186414501934423 -0.013402835481304764 0.013757089131237573 -0.030633800024970834 0.00023204255817562224 0.021690199259371348 0.0077286511251734502 -0.27222752181259363 -0.10639153230883595 -0.088330367002218552 0.017819179516040975 -0.10876827631295068 0.007844675588435962 0.0042174445757336412 -0.1381554115563631 -0.038563813265667567 0.046503942950297056 -0.12203180991658351 -0.0095945208774147819 -0.19803165038660317 -0.13270738646669206 -0.0071018931990030317 -0.063945000890120507 -0.031145131086335327 -0.014614520055533564 0.0099177497580277083 0.010043383877985413 -0.006118064041319626 0.0035248629725905881 -0.021126097990097199 -0.0099039202667929923 -0.076491885540032542 -0.018396587467144402 0.0023018935946220692 -0.26852390342498622 -0.033703448609864579 -0.010024721418680252 -0.018915701175685053 -0.04063060042165606 -0.0034501532145845945 -0.00910563735424684 0.00060792784578281745 -0.0032424292332246625 -0.010174259073559811 -0.0086002867856141332 -0.0011592138065072484 0.015465170844653878 0.0031332560113268128 0.00078545232159959815 -0.005714114615257013 -0.14037508837860879 0.01170625880081114 -0.082463610030123563 -0.0071242187991575551 -0.17338418999181585 0.018413811272057965 -0.044089472823296824 -0.010723047055260088 -0.02034860926609925 -0.11584709020781106 -0.044370154833970755 -0.017330604910646689 0.0099930142063197301 -0.0017145000057586692 0.013905026011481131 -0.012757925072437802 -0.0030211106969701062 -0.02594523907941218 -0.015870195327968878 -0.013895966934064745 -0.0060102879492655702 -0.0037116030719273147 -0.015182744462197598 -0.068615419184589369 -0.13128847548973213 -0.1225656573562061 -0.012238802024997615 -0.00028129179227993927 0.018219930391974705 -0.018654751319490688 -0.058554256954672618 -0.22244934669080771 0.012361581098270737 0.01888918241640403 0.0032868099521988249 -0.013560344127857853 0.0081517070325074666 -0.12273722748647363 -0.00090088584080237795 -0.039159662587989801 0.0084509009384479365 -0.14581631004810333 -0.043474909768385049 -0.0017370372949287675 -0.1674978168019392 -0.06623454970782737 0.019019009162159144 -0.17212227448676395 -0.036356852808534415 -0.0027562118728325126 -0.014092509937969585 -0.030543515443604476 6.0916959163505881e-05 -0.013685426233476451 -0.029453718742346327 0.014589289086026249 0.0019193324176975288 -0.038317051710337238 0.013362155396738025 0.0036762131282205945 -0.073597289406417202 0.023832556315264181 -0.016319872557345339 -0.099991222584146569 -0.0018960778068417942 -0.03043625045932102 -0.052395812721924541 -0.11081789793038943 -0.12026093476864158 -0.10567221114221885 -0.010997832636542684 -0.034355164325627234 0.017957236868686055 0.0021085613316474149 0.0035642968275086478
leaf_weight=412 101 2897 2144 320 1307 1456 9333 4193 396 215 222 1335 809 2392 10427 145 160 3074 122 335 100 148 4713 668 958 4919 2041 751 34354 11933 2410 2836 125 1255 327 165 1611 756 27837 2555 8946 10392 2142 5433 5118 13910 1565 5199 1592 2312 1236 208 755 229 2302 246 223 3362 10707 330 231 3593 1324 3815 6390 894 14236 51217 6563 5932 511 12681 6709 753 582 195 101 287 8061 2122 1064 178 105 1073 1006 8033 12091 14204 102 554 3135 670 152 101 1393 102 141 4739 102 1204 1903 22954 1724 12995 991 297 15595 525 1398 9515 12964 130 144 13365 294 368 1629 976 441 121 146 1585 2109 9473 250 12883
leaf_count=412 101 2897 2144 320 1307 1456 9333 4193 396 215 222 1335 809 2392 10427 145 160 3074 122 335 100 148 4713 668 958 4919 2041 751 34354 11933 2410 2836 125 1255 327 165 1611 756 27837 2555 8946 10392 2142 5433 5118 13910 1565 5199 1592 2312 1236 208 755 229 2302 246 223 3362 10707 330 231 3593 1324 3815 6390 894 14236 51217 6563 5932 511 12681 6709 753 582 195 101 287 8061 2122 1064 178 105 1073 1006 8033 12091 14204 102 554 3135 670 152 101 1393 102 141 4739 102 1204 1903 22954 1724 12995 991 297 15595 525 1398 9515 12964 130 144 13365 294 368 1629 976 441 121 146 1585 2109 9473 250 12883
internal_value=-0.0060726 -0.00562039 -0.00876571 -0.134153 -0.00161382 -0.00309402 0.00231769 -0.0131567 -0.194423 -0.147407 -0.0109074 -0.00829145 -0.0162312 -0.0164872 0.00719241 -0.000211603 -0.0387607 0.0302939 -0.174581 0.00532265 -0.0532682 -0.0040564 0.0059188 -0.0275836 -0.0352193 -0.0204386 -0.0130274 -0.0274517 -0.00196453 0.0104931 -0.0235477 -0.0312156 -0.0583613 -0.0172841 -0.0261352 -0.211615 -0.00958084 -0.0290357 -0.0137469 -0.0154345 -0.0143106 -0.00603926 -0.0112909 -0.00241791 -0.0139139 -0.00124198 0.0060397 0.00935542 -0.0081027 -0.0145407 -0.0285571 -0.042497 -0.0174266 -0.0210123 -0.0278229 -0.129816 -0.0359659 -0.037748 -0.00732647 -0.0312152 -0.0598077 -0.0405845 0.00171274 -0.0037505 -0.0101735 -0.0120986 -0.0130722 -0.00229996 -0.0292031 -0.00853735 0.0198216 -0.00139603 -0.0115789 -0.0149682 -0.0385109 -0.0806225 -0.00339301 -0.0411992 -0.00301916 3.65319e-05 -0.00802087 -0.00321395 -0.169252 0.00054751 -0.00379593 -0.00433566 -0.00925695 0.0026034 -0.025134 -0.0334199 -0.0311613 -0.01881 -0.0199294 -0.105293 -0.0136705 -0.0813524 -0.109252 0.0140386 -0.034334 -0.0470839 -0.0178758 -0.0127311 -0.0176734 0.00428627 -0.020598 0.00866163 0.00889032 -0.0163282 -0.0273368 0.0105718 0.00778411 0.0146654 -0.0224928 -0.018579 -0.0297347 -0.0316325 -0.0366893 -0.0385161 -0.0516717 -0.0367121 -0.0325216 -0.0274579 -0.0243388 0.0155818 -0.0361121 0.00563797
internal_weight=519585 517758 370825 1827 141078 134833 146933 229747 1104 708 175549 117729 57820 23880 83256 110953 723 6245 607 43276 435 63677 42841 10781 7332 54198 67323 16833 50406 60148 27518 10526 1925 37365 8839 392 30302 6469 65282 53555 50777 11727 3449 56737 5266 51471 11737 7013 1814 28526 3260 2024 6940 6185 4700 475 2778 4118 13099 1816 561 3920 5517 67677 12467 24785 23891 55210 16082 12322 9844 23108 22280 15571 1335 863 39734 388 39346 25436 10431 51395 227 1485 43393 42387 21037 31912 8601 4041 3939 16992 16322 253 2351 403 243 6304 2370 1306 29740 25266 4560 27199 1116 50304 50007 4225 1923 38074 22479 3171 274 16069 2704 13938 7375 7007 2191 1750 4816 3840 3694 10929 3385 15005
internal_count=519585 517758 370825 1827 141078 134833 146933 229747 1104 708 175549 117729 57820 23880 83256 110953 723 6245 607 43276 435 63677 42841 10781 7332 54198 67323 16833 50406 60148 27518 10526 1925 37365 8839 392 30302 6469 65282 53555 50777 11727 3449 56737 5266 51471 11737 7013 1814 28526 3260 2024 6940 6185 4700 475 2778 4118 13099 1816 561 3920 5517 67677 12467 24785 23891 55210 16082 12322 9844 23108 22280 15571 1335 863 39734 388 39346 25436 10431 51395 227 1485 43393 42387 21037 31912 8601 4041 3939 16992 16322 253 2351 403 243 6304 2370 1306 29740 25266 4560 27199 1116 50304 50007 4225 1923 38074 22479 3171 274 16069 2704 13938 7375 7007 2191 1750 4816 3840 3694 10929 3385 15005
cat_boundaries=0 2 4 6 8 10 12 13 15 17 19 21 22 23 24 25 27 29 31 33 34 36 37 38 39 40 41 42 43 45 47 48 50 51 53 55 56
cat_threshold=499530324 1194 303038466 8196 16 2 619371145 197 33604649 2112 34603008 4 9 2684420226 16896 2150629504 8469 348267008 128 540672 64 406980676 2 131072 130 262164 16394 2 4096 268435968 128 3670016 17 4 512 128 131072 1 4 32768 2 131072 4202564 75499524 168 453255254 4618 4 2129928 4 537460738 67110921 128 50405410 5632 2
is_linear=0
shrinkage=0.03


Tree=4
num_leaves=127
num_cat=45
split_feature=0 46 5 5 23 11 5 5 5 5 5 23 5 2 5 2 5 0 25 37 0 21 5 0 5 0 46 2 4 5 12 0 0 5 25 25 0 25 48 5 0 44 5 25 0 5 26 0 5 0 0 11 3 0 2 5 0 5 26 0 44 29 31 0 0 26 23 11 0 0 5 32 0 5 0 25 25 0 29 5 2 5 25 25 0 5 0 0 11 30 23 5 26 5 23 5 0 0 5 30 44 0 0 2 5 25 0 4 3 25 5 2 4 0 4 0 11 11 25 25 11 5 11 25 23 47
split_gain=30114.5 13502.8 12772.7 11599.6 7387.18 5522.82 5443.98 5156.51 4743.68 3140.71 3103.1 2201.14 2024.29 1991.12 1830.58 1774.65 1659.09 2531.44 1596.58 1501.11 1471.93 2661.29 1448.83 1421.4 1251.58 1977.98 1233.77 1170.03 1257.38 1049.91 2851.36 2438.13 4554.13 1675.27 1264.11 3273.38 1283.61 1187.04 990.134 953.506 2802.07 1826.54 929.788 827.863 1243.76 2762.81 803.847 766.07 2587.19 820.135 757.075 719.777 715.892 708.916 1490.76 1895.15 892.542 1300.46 693.972 692.952 697.814 662.499 802.99 629.496 1070.94 693.447 653.082 800.442 625.89 624.837 941.826 656.639 646.663 1026.8 1484.31 1166.37 993.602 754.195 686.547 616.096 609.913 1481.57 1118.77 609.469 606.862 740.81 605.499 2334.77 601.43 598.951 700.129 885.447 593.138 591.798 1274.31 569.175 563.425 562.36 560.031 559.909 549.886 2308.59 1717.16 660.339 1026.58 545.452 691.485 1778.41 970.02 930.739 535.967 1311.79 754.044 599.89 634.199 1124.37 591.017 535.939 535.542 529.625 524.15 608.022 523.405 510.369 507.858 502.923
threshold=13030.000000000002 4.4285719394683847 0 1 0.035104382783174522 0.24372619390487674 2 3 4 5 6 0.093464292585849776 7 8 9 10 11 325.00000000000006 50.500000000000007 12.34999990463257 1410.0000000000002 0.080284364521503462 12 17950.000000000004 13 1615.0000000000002 7.2214286327362069 14 15 16 1.0000000180025095e-35 950.00000000000011 850.00000000000011 17 49.000000000000007 38.500000000000007 615.00000000000011 59.500000000000007 0.25000000745058065 18 615.00000000000011 0.15650000423192981 19 19.500000000000004 615.00000000000011 20 0.24214403331279757 155.00000000000003 21 90.000000000000014 1560.0000000000002 0.24372619390487674 22 715.00000000000011 23 24 475.00000000000006 25 0.10922185331583024 2375.0000000000005 0.078500002622604384 0.09687442705035211 0.05539060756564141 155.00000000000003 615.00000000000011 0.051265493035316474 0.058227287605404861 -0.022576250135898587 2375.0000000000005 1225.0000000000002 26 0.12430509924888612 325.00000000000006 27 615.00000000000011 113.00000000000001 68.500000000000014 850.00000000000011 0.075850013643503203 28 29 30 53.500000000000007 80.500000000000014 325.00000000000006 31 1280.0000000000002 1560.0000000000002 -0.4218058288097381 0.086054746061563506 0.054210091009736068 32 0.099273119121789946 33 0.07194120436906816 34 1560.0000000000002 1225.0000000000002 35 0.075147990137338652 0.12650000303983691 325.00000000000006 950.00000000000011 36 37 85.500000000000014 1225.0000000000002 38 39 69.500000000000014 40 41 42 715.00000000000011 43 615.00000000000011 0.36648264527320867 0.24372619390487674 17.500000000000004 77.500000000000014 0.40614137053489691 44 0.24372619390487674 71.500000000000014 0.043235365301370628 48.545000076293952
decision_type=2 2 9 9 10 2 9 9 9 9 9 8 9 9 9 9 9 2 2 2 2 10 9 2 9 2 2 9 9 9 2 2 2 9 2 2 2 2 2 9 2 2 9 2 2 9 10 2 9 2 2 2 1 2 9 9 2 9 10 2 2 10 10 2 2 10 8 2 2 2 9 8 2 9 2 2 2 2 8 9 9 9 2 2 2 9 2 2 2 8 10 9 10 9 8 9 2 2 9 10 2 2 2 9 9 2 2 9 1 2 9 9 9 2 9 2 2 2 2 2 2 9 2 2 8 2
left_child=1 2 4 9 5 14 24 -6 15 11 19 -2 61 16 27 105 17 -12 -13 69 79 -22 99 -5 50 51 42 -1 -29 58 118 32 34 -33 35 43 -37 -36 -21 40 41 -17 -8 44 -32 -46 89 48 -16 -50 100 53 -47 54 -26 56 57 -56 120 60 -27 62 -9 66 123 -66 -39 -68 -49 72 -71 -72 78 74 76 -76 -74 -77 98 -14 81 82 97 -20 85 119 -73 -88 -34 90 -18 -92 -80 94 -91 -28 -84 -40 -4 -10 103 -102 125 104 -3 106 108 -108 -7 -110 111 116 -113 114 115 -112 -86 -44 -31 -82 -15 -122 -105 -65 -125 -103
right_child=3 6 10 23 7 8 26 12 22 -11 13 18 20 29 47 39 46 -19 83 38 21 -23 -24 -25 25 59 95 28 -30 30 31 33 88 -35 37 36 -38 63 80 -41 -42 -43 117 -45 45 52 -48 68 49 -51 -52 -53 -54 -55 55 -57 -58 -59 -60 -61 -62 -63 -64 64 65 -67 67 -69 -70 70 71 86 73 -75 75 77 -78 -79 92 -81 84 -83 96 -85 110 -87 87 -89 -90 93 91 -93 -94 -95 -96 -97 -98 -99 -100 -101 101 102 -104 122 -106 -107 107 -109 109 -111 113 112 -114 -115 -116 -117 -118 -119 -120 -121 121 -123 -124 124 -126 -127
leaf_value=0.011198957728746168 -0.024379394837638495 0.022721614393613098 0.014494246909782214 0.014268244198680132 0.044720514719454242 0.0074459635815439891 0.01165205069479479 0.0076592158532754412 -0.0052209982135974636 -0.26407746299413531 -0.017713799134702831 -0.099862081014843132 0.0051747187615046042 -0.016007647218842319 -0.12865653841214816 -0.099817132792408322 0.00032615564575514739 -0.1319804056336541 -0.25233391368004582 -0.0016468261874730431 -0.17391781032085418 -0.009866970113915241 -0.017274683778697845 -0.070243194688656627 0.0066794775945079026 -0.15784879489479778 0.017770927038167437 0.02745281795900759 -0.0065935841220845521 -0.027625186588685513 -0.035261505134634087 -0.032300753006321056 -0.11467124320921444 0.0099740063189269739 -0.0068460596667678534 -0.095056788461157796 -0.2080436265117982 -0.0065060404377566749 -0.12166205895925634 -0.065740137112349786 0.0048768384135602152 -0.037119949330006577 0.0036234388753492597 -0.013504622064972664 -0.19641998426823673 -0.079539925633296663 0.010890784618382188 -0.0037433134365199897 0.0072283359804511645 -0.015728697852324371 0.021343023043286981 -0.014867725848513296 0.015139630073468194 0.0065209386170236826 -0.10224314649144425 0.00025961614419899324 -0.022284902379998875 -0.012489657144372661 0.0012488613542580502 -0.021139202965572531 -0.049820277552519519 0.018573698403442019 -0.060290317733118437 -0.039387854599417974 -0.037308199144849744 0.00088216148716376409 -0.030875553125973766 -0.11703997473631586 -0.057440869574035915 -0.0017191997141821729 -0.070405474286193828 -0.015088325713107042 -0.012979811814881269 0.0011522919338143559 -0.012830623846011505 0.0031231168066946468 0.016643438137236601 -0.054863229925623952 -0.016023689656260311 -0.0028908429959466687 -0.023361298565176193 -0.013703984228937755 -0.029128494666561391 -0.1738559870286826 -0.015249782973788619 -0.011127046783498871 -0.11861495220437947 -0.0031658637756987922 -0.20802264928817749 -0.04870989557273224 -0.080206330475108376 -0.022977247540831563 0.0074290510378995575 -0.012736202489386526 0.0044218681397186644 0.0095333196623172411 0.0096905649291187685 -0.053437705964461686 -0.0075809720927944328 0.013333194427610422 0.0083715287469298891 -0.087456776663636812 0.018887479769495816 -0.010045577473815985 -0.0085312083935404192 0.0012631019978770908 -0.15103786864832267 -0.024351959528804947 6.9419053307658913e-05 -0.08985781907280789 0.0029234377220752048 0.0092684199936671798 -0.01568596910352495 -0.0013461074652331621 -0.008370821624971856 -0.040079372178081822 -0.030404397799295817 -0.0084371275161316296 0.0010527159207445764 -0.052444760218918827 -0.035551725610105757 -0.017923198207623982 -0.028227795867985159 -0.051461445793643153 -0.084950679748713967 -0.16403150768812036
leaf_weight=11866 111 1376 1547 320 3083 676 12918 5638 6386 379 512 200 18751 14966 161 648 1106 264 154 6365 119 345 12036 405 7718 106 13483 1098 8741 719 1045 1621 125 1741 1485 282 135 1105 133 2005 917 1182 21737 702 147 159 1339 60144 1756 6908 710 2480 130 15223 326 4567 2463 277 1597 163 111 9780 160 1527 1219 659 1311 104 195 4151 223 5948 1890 21202 4112 245 2209 1143 10480 15611 3897 17794 4535 250 6188 5554 246 436 134 451 250 4826 1069 27742 4014 17401 363 603 3066 1898 586 230 116 15865 2964 851 133 392 184 236 835 2573 1889 8947 11584 1586 3705 3912 3150 659 3235 4059 1565 1200 624 120
leaf_count=11866 111 1376 1547 320 3083 676 12918 5638 6386 379 512 200 18751 14966 161 648 1106 264 154 6365 119 345 12036 405 7718 106 13483 1098 8741 719 1045 1621 125 1741 1485 282 135 1105 133 2005 917 1182 21737 702 147 159 1339 60144 1756 6908 710 2480 130 15223 326 4567 2463 277 1597 163 111 9780 160 1527 1219 659 1311 104 195 4151 223 5948 1890 21202 4112 245 2209 1143 10480 15611 3897 17794 4535 250 6188 5554 246 436 134 451 250 4826 1069 27742 4014 17401 363 603 3066 1898 586 230 116 15865 2964 851 133 392 184 236 835 2573 1889 8947 11584 1586 3705 3912 3150 659 3235 4059 1565 1200 624 120
internal_value=-0.00591921 -0.00549051 -0.00824765 -0.127737 -0.00212702 -0.00630685 0.00303196 0.00712611 -0.0180744 -0.188726 -0.0130542 -0.145389 0.00481595 -0.0175962 -0.00273972 -0.0389392 -0.0128079 -0.0559873 -0.169954 -0.0102412 0.000793502 -0.0522239 -0.0106308 -0.0325253 -0.00384194 -0.00011055 0.00866943 0.00485999 -0.00278888 -0.0220832 -0.0273018 -0.0330814 -0.0393638 -0.0104788 -0.0366315 -0.0551133 -0.132045 -0.0314223 -0.0129812 -0.0497059 -0.0377873 -0.0593633 0.00509234 -0.0403639 -0.0530776 -0.0956006 -0.0119492 -0.00512466 -0.0133807 -0.0110628 -0.00914093 0.000672793 -0.0358103 0.0019338 -0.00261521 -0.0120061 -0.0302122 -0.0630016 -0.0178456 -0.0680749 -0.103072 0.0138016 0.00577403 -0.0361305 -0.0420684 -0.0239137 -0.0237975 -0.0372867 -0.0039178 -0.0065932 -0.0130275 -0.0198445 -0.00508531 -0.00253512 -0.0106691 -0.020863 0.00298468 -0.044633 -0.00994492 0.00151114 -0.0139995 -0.0179691 -0.0313868 -0.20432 -0.0120315 -0.0185538 -0.0181634 -0.0449215 -0.163583 -0.0127493 -0.0213026 -0.0260143 -0.0138524 -0.0111069 -0.000952429 0.0131389 -0.0262502 -0.0659146 -0.000161382 -0.000967665 -0.0100942 -0.0312691 -0.0810289 -0.00906956 0.00140991 -0.0181135 -0.0283921 -0.0566719 -0.0148063 -0.0505545 -0.0102668 -0.0148162 -0.00129434 -0.00741118 -0.0112907 -0.0252527 -0.0209067 0.001783 -0.00428244 -0.0275183 -0.0192235 -0.0258188 -0.0116729 -0.0522327 -0.0629586 -0.114103
internal_weight=518998 517179 390762 1819 171900 118413 126417 53487 27544 1094 218862 715 50404 83685 90869 7224 40504 776 604 135177 34826 464 20320 725 56966 33434 69451 21705 9839 43181 19324 15455 12093 3362 11834 2600 417 9234 77210 4752 2747 1830 38567 2183 1481 436 39728 69164 8825 8664 23532 33054 289 30574 15351 7633 3066 603 23857 380 217 15578 5798 7749 5229 1878 2520 1415 60339 57967 11004 6853 46963 30801 9599 5500 4099 1388 16162 34362 70845 23428 5634 404 47417 10110 6630 682 259 38389 6182 5076 11549 32207 4465 30884 4898 736 4613 8284 22822 1052 466 21770 4340 2472 1621 525 1096 420 37307 14355 4462 22952 14005 2421 9893 25649 3869 4556 22260 7294 17430 3351 1824 350
internal_count=518998 517179 390762 1819 171900 118413 126417 53487 27544 1094 218862 715 50404 83685 90869 7224 40504 776 604 135177 34826 464 20320 725 56966 33434 69451 21705 9839 43181 19324 15455 12093 3362 11834 2600 417 9234 77210 4752 2747 1830 38567 2183 1481 436 39728 69164 8825 8664 23532 33054 289 30574 15351 7633 3066 603 23857 380 217 15578 5798 7749 5229 1878 2520 1415 60339 57967 11004 6853 46963 30801 9599 5500 4099 1388 16162 34362 70845 23428 5634 404 47417 10110 6630 682 259 38389 6182 5076 11549 32207 4465 30884 4898 736 4613 8284 22822 1052 466 21770 4340 2472 1621 525 1096 420 37307 14355 4462 22952 14005 2421 9893 25649 3869 4556 22260 7294 17430 3351 1824 350
cat_boundaries=0 2 4 6 8 10 12 14 16 17 19 20 21 23 25 26 27 29 31 32 34 35 36 37 38 39 40 42 44 46 47 49 51 52 54 56 58 59 61 62 63 65 66 67 68 69
cat_threshold=2647014102 1194 303038466 8196 1022083721 452 16 2 12713986 2 34603008 4 1613824000 29445 272761542 8 10 134488150 2 10 1 2281969748 8 4767744 196 6 2 33603593 16 0 2048 4194306 1074013302 6154 1024 131072 2 2 614596608 8519680 65536 12293 3145728 260 142616576 160 9 0 20992 2162688 257 32768 33587232 64 1090784276 19466 2097152 1 2 4227072 4 2 2 1076887552 8196 4 4 4 33587200
is_linear=0
shrinkage=0.03


Tree=5
num_leaves=127
num_cat=49
split_feature=1 46 5 5 29 5 5 11 5 5 5 23 5 5 36 22 2 5 27 5 1 21 48 11 33 13 5 1 1 2 5 27 11 5 1 26 3 5 26 5 2 1 23 22 48 27 1 5 1 27 1 5 5 27 1 27 5 37 23 31 27 27 11 5 27 1 5 5 27 5 1 5 1 5 5 29 32 5 5 1 29 1 5 1 27 5 5 5 1 1 32 27 5 11 5 1 5 1 5 1 1 2 5 48 27 27 1 5 1 1 5 27 1 32 23 23 22 1 5 5 26 5 1 1 5 1
split_gain=31197.4 13086.8 11952.2 10526.8 6885.75 5099.06 4888.69 4590.65 4469.95 4257.65 3067.09 2298.46 1873.74 1694.78 1663.76 1612.54 1576.81 1445.55 1431.53 2235.51 1407.56 2506.16 1303.65 1239.02 1168.96 1161.88 1466.99 1179.21 1871.34 1140.17 1239.36 1021.7 1439.39 969.512 1610.64 953.882 877.318 872.58 832.865 895.621 882.021 1146.94 1540.73 815.392 802.834 736.151 698.922 2419.41 754.829 692.58 681.683 1350.68 1012.59 795.362 785.052 1088.89 719.466 672.428 666.352 749.447 651.251 630.964 625.81 1478.38 1228.1 611.05 603.099 589.87 588.524 1015.51 748.146 1077.52 1339.03 894.554 811.798 730.17 709.77 581.304 580.216 1118.83 579.951 577.632 577.045 576.754 954.223 1694.5 576.458 573.644 555.935 547.103 539.73 529.7 524.018 522.416 477.084 510.268 465.571 462.158 461.119 3878.5 2995.13 813.713 855.369 717.558 452.076 445.782 441.078 1486.97 433.138 2358.58 430.054 563.209 421.341 420.872 716.106 589.759 414.877 409.567 1272.55 408.114 401.092 421.966 1118.5 562.782 536.059 391.691
threshold=9.461545944213869 4.4000003337860116 0 1 0.048529487103223808 2 3 0.24372619390487674 4 5 6 0.064333807677030577 7 8 5.0500001907348642 0.20459871739149096 9 10 0.055219287052750594 11 7.2490057945251474 0.080284364521503462 13.900000095367433 0.24372619390487674 7.4499998092651376 39.500000000000007 12 6.8561301231384286 6.744683265686036 13 14 0.15550526976585391 -0.62588816881179798 15 7.3876662254333505 0.10922185331583024 16 17 0.22268813848495486 18 19 6.8561301231384286 0.056448934599757201 -0.71979761123657215 89.200000762939467 0.086274277418851866 5.0493419170379648 20 4.5047848224639901 0.089248880743980422 5.759707212448121 21 22 0.086274277418851866 6.8561301231384286 0.064750330522656455 23 19.849999427795414 0.077383715659379973 0.072036866098642363 0.084925193339586272 0.051913643255829818 0.41398981213569647 24 0.10038758814334871 7.7717878818511972 25 26 0.098654624074697508 27 5.759707212448121 28 6.744683265686036 29 30 0.075850013643503203 0.12430509924888612 31 32 6.8561301231384286 0.056686626747250564 7.3527534008026132 33 6.5665833950042733 0.086274277418851866 34 35 36 7.7717878818511972 5.759707212448121 0.22759647667407992 0.07936600968241693 37 0.24372619390487674 38 5.0493419170379648 39 6.4229502677917489 40 5.759707212448121 6.8561301231384286 41 42 0.95000001788139354 0.051913643255829818 0.10945477336645128 5.0493419170379648 43 7.1552743911743173 7.3527534008026132 44 0.16058247536420825 7.1113042831420907 0.20792126655578616 0.10648350790143014 0.058227287605404861 -1.026416480541229 5.0493419170379648 45 46 0.099273119121789946 47 5.4143788814544687 4.9065351486206064 48 6.4229502677917489
decision_type=2 2 9 9 10 9 9 2 9 9 9 8 9 9 2 8 9 9 2 9 2 8 2 2 2 2 9 2 2 9 9 2 2 9 2 10 1 9 10 9 9 2 10 8 2 2 2 9 2 2 2 9 9 2 2 2 9 2 10 10 2 2 2 9 2 2 9 9 2 9 2 9 2 9 9 8 8 9 9 2 8 2 9 2 2 9 9 9 2 2 10 2 9 2 9 2 9 2 9 2 2 9 9 2 2 2 2 9 2 2 9 2 2 10 10 10 8 2 9 9 10 9 2 2 9 2
left_child=1 2 4 -2 7 23 11 13 -6 16 15 -5 58 29 22 35 110 43 44 125 67 -22 92 33 37 60 91 28 36 -1 -31 57 -33 81 83 61 -28 -7 39 40 -16 42 49 -11 94 -21 47 -15 -49 -42 51 117 54 56 55 -52 -54 -13 59 -10 80 -4 78 64 -64 -36 -25 -14 70 76 75 72 74 -74 97 82 -70 -45 79 -55 -17 98 -41 84 89 -86 -62 -8 -48 -35 -76 -27 -12 -39 -18 -96 -26 -72 99 -3 103 102 -100 -101 119 -81 107 -103 -78 -110 111 -9 -85 -63 115 -115 -19 118 -24 -73 121 123 -123 124 -77 -20
right_child=3 5 10 6 8 24 87 9 12 17 14 31 20 46 38 25 18 116 19 45 21 -23 50 66 96 26 27 -29 -30 30 -32 32 -34 34 65 -37 -38 93 -40 68 41 -43 -44 77 -46 -47 88 48 -50 -51 52 -53 53 62 -56 -57 -58 -59 -60 -61 86 113 63 -65 -66 -67 -68 -69 69 -71 71 104 73 -75 90 120 108 -79 -80 105 -82 -83 -84 112 85 -87 -88 -89 -90 -91 -92 -93 -94 -95 95 -97 -98 -99 101 100 -102 106 -104 -105 -106 -107 -108 -109 109 -111 -112 -113 -114 114 -116 -117 -118 -119 -120 -121 -122 122 -124 -125 -126 -127
leaf_value=0.010903458266019649 -0.26152596590906807 0.019245448476673997 -0.01731897599259781 0.0025861909227962252 0.043433851413804216 0.011655361452652739 -0.045846011216441787 -0.024316707080619591 0.0085745942015503507 0.034124569253986194 0.0027736307321579055 -0.13071316279539738 0.005921231360586858 -0.12465032130479813 -0.0087423584579687259 -0.036053525470197197 -0.040614693547799209 0.013459751984557589 -0.014134056560476036 -0.032158516987692565 -0.17491879745109659 -0.010586507622136084 -0.11389653547243637 -0.029050049123241446 0.017512381861850682 0.01181489964679552 -0.018695498322771054 -0.0083614792283715558 -0.12985422034634322 0.027387798031387346 -0.0067371037569936305 -0.24794568727998173 -0.10045635216157225 -0.0040618492662381905 -0.096711938525691168 0.010722928183476895 -0.034977875073306117 0.0039208914078431283 0.0096397082335210743 0.013836954268341198 -0.023570753274758965 0.022582411774637875 -0.099723416765530898 -0.05458868695441197 -0.029954485823674236 0.0086930531288378615 -0.0036842834534948523 0.0066972504748008714 -0.015090622306556238 -0.085293677921168667 -0.031371521156428349 -0.027188464272164207 -0.012792761382711198 0.0066909528599288347 0.01980836070738122 -0.096633954954107731 0.00050177842274400379 -0.046164398594657971 0.021180153401296618 -0.073961374859998721 -0.029003125252144143 -0.029482164280863074 -0.042001736318513158 -0.0082196246289483257 -0.016429087849067263 -0.019630858824503692 -0.0075307103758540071 -0.0016903463232789304 -0.068835138428518003 -0.0021167381860083376 0.022886665110339877 0.012164532874685921 -0.0026226038198653183 -0.026634228220454172 -0.0041411668250118869 -0.10118860307023733 -0.015452233554438559 -0.0017728728938201375 -0.010951742595007254 -0.020158015205706582 -0.0032528691297225021 0.020780927145770782 -0.0073473346882498803 0.011208261682572137 -0.03768186924736474 0.011944192272191501 -0.010070484896266342 0.028075031775574792 -0.055492174038912524 0.0084220746244354928 -0.030900889176936334 -0.011519451055144372 -0.0092558116583944302 -0.0080529141132544991 -0.13046195413811537 -0.079073110679233505 0.009783783915596235 -0.0028294475521227075 0.019379317631028244 -0.16632192331322271 0.029370113254236659 -0.12463407521601766 -0.0066821166860513495 -0.077775587710110755 0.0041438308268111944 -0.058930367732978037 -0.0083893703938483898 -0.014423311579141578 -0.11440848026247251 -0.0021450825062960528 -0.006447532222011873 -0.094510324247952165 0.001138043449522897 -0.032114887786122551 -0.036767615548883394 -0.11902721973975705 -0.017333160876165724 -0.0070728037116953935 -0.015651192543966106 -0.010766710084618557 -0.00078620823003565973 -0.0013999456370143465 -0.032794356267706909 -0.0091956248757730542 -0.023967716509611832 -0.064563885230684778
leaf_weight=11783 407 714 3431 118 2858 13139 133 925 5053 568 4277 608 18757 160 5679 510 203 406 152 768 110 338 121 2315 12771 1118 5329 3064 163 1066 8660 152 101 7212 197 576 6764 23322 2452 1629 3434 383 278 181 271 820 59877 1798 7002 171 985 10840 8655 535 182 300 6354 100 6988 100 2337 9598 3643 4747 3156 175 2413 17901 254 4936 1569 848 2035 4523 6610 100 6633 8208 19445 409 9595 665 3921 7696 1589 1007 3883 264 186 5621 755 4025 13675 3815 316 404 15843 1049 1994 232 138 117 2600 132 15315 775 15816 861 251 508 1438 115 7273 112 1519 192 12401 5971 1308 3777 1804 1486 3266 6881 391 1653
leaf_count=11783 407 714 3431 118 2858 13139 133 925 5053 568 4277 608 18757 160 5679 510 203 406 152 768 110 338 121 2315 12771 1118 5329 3064 163 1066 8660 152 101 7212 197 576 6764 23322 2452 1629 3434 383 278 181 271 820 59877 1798 7002 171 985 10840 8655 535 182 300 6354 100 6988 100 2337 9598 3643 4747 3156 175 2413 17901 254 4936 1569 848 2035 4523 6610 100 6633 8208 19445 409 9595 665 3921 7696 1589 1007 3883 264 186 5621 755 4025 13675 3815 316 404 15843 1049 1994 232 138 117 2600 132 15315 775 15816 861 251 508 1438 115 7273 112 1519 192 12401 5971 1308 3777 1804 1486 3266 6881 391 1653
internal_value=-0.00571208 -0.00526857 -0.0079976 -0.127569 -0.002068 0.00306873 -0.088112 -0.00604017 0.00703092 -0.0164658 -0.0126494 -0.121231 0.00490766 -0.00272007 -0.0106561 -0.0189948 -0.0366856 -0.00987936 -0.0471432 -0.0372846 0.00155851 -0.0512357 -0.0135783 -0.00342292 0.00860569 -0.0155836 -0.0203456 -0.0249949 -0.0291726 0.00463172 -0.00297019 -0.137681 -0.189694 -0.00213485 0.00136003 -0.0271397 -0.0278049 0.00531283 -0.00757486 -0.00811278 -0.0165258 -0.0268383 -0.0317865 -0.000628389 -0.0754981 -0.0110024 -0.00501102 -0.0128274 -0.0106266 -0.0265214 -0.0154911 -0.0204451 -0.0136536 -0.0128888 -0.0381558 -0.0466712 -0.0071731 -0.118853 0.0151328 0.00695885 -0.0096136 -0.0286088 -0.0155151 -0.0211336 -0.0300912 -0.0606005 -0.0181486 0.00220552 -0.00688844 -0.0127519 -0.0055711 -0.00303631 -0.00869397 -0.0192294 -0.00178057 -0.0103182 -0.0195881 -0.00298597 -0.0124491 -0.0291378 -0.00491172 -0.00675389 -0.0011164 0.0021207 -0.00194952 -0.0185336 -0.0172503 0.00274218 -0.00384564 0.00140648 -0.00687884 -0.00643315 -0.00639346 0.00223652 -0.0888232 -0.100384 0.0132432 0.0125375 -0.00756782 -0.0254721 -0.0894925 -0.00653378 0.00464897 -0.134513 0.00166067 -0.0455652 -0.00959387 -0.0291423 -0.0179133 -0.0393721 -0.0172049 -0.0318558 0.00631584 -0.0319985 -0.0452237 -0.0872172 -0.0163432 -0.0105137 -0.0249498 -0.00655749 -0.0139846 -0.0159482 -0.0229311 -0.011398 -0.0424125 -0.0599951
internal_weight=519538 517655 389998 1883 171466 127657 1476 119361 52105 28829 218532 1079 49247 90532 166316 52216 7065 21764 4587 3393 37106 448 85378 58767 68890 36788 20463 15320 12256 21509 9726 961 253 54039 30770 15428 12093 40276 80938 78486 9945 4266 3883 8957 1194 1588 69023 8960 8800 3605 67426 18240 49186 47719 1467 1285 15009 708 12141 5153 16325 14852 32710 11546 6799 372 4728 36658 68541 12582 55959 36481 16541 6558 9983 19478 7646 8389 21164 1719 10105 23269 5550 30398 15429 2596 6220 397 60063 12833 7365 5143 17952 27137 923 720 28614 2618 22604 1216 502 21388 4594 364 19940 1184 16794 978 7392 759 2478 1040 14969 11421 1823 304 12807 7400 1429 4625 13928 12124 4752 7372 491 1805
internal_count=519538 517655 389998 1883 171466 127657 1476 119361 52105 28829 218532 1079 49247 90532 166316 52216 7065 21764 4587 3393 37106 448 85378 58767 68890 36788 20463 15320 12256 21509 9726 961 253 54039 30770 15428 12093 40276 80938 78486 9945 4266 3883 8957 1194 1588 69023 8960 8800 3605 67426 18240 49186 47719 1467 1285 15009 708 12141 5153 16325 14852 32710 11546 6799 372 4728 36658 68541 12582 55959 36481 16541 6558 9983 19478 7646 8389 21164 1719 10105 23269 5550 30398 15429 2596 6220 397 60063 12833 7365 5143 17952 27137 923 720 28614 2618 22604 1216 502 21388 4594 364 19940 1184 16794 978 7392 759 2478 1040 14969 11421 1823 304 12807 7400 1429 4625 13928 12124 4752 7372 491 1805
cat_boundaries=0 2 4 6 8 10 11 13 14 16 17 19 20 21 22 24 26 27 29 30 31 32 34 35 37 39 41 43 45 47 49 51 53 55 57 58 59 61 63 64 66 67 68 70 71 72 74 75 77 79
cat_threshold=2647014102 1194 268435458 8192 1022087817 452 571998208 4 16 2 12713986 50209 2112 272761542 134488150 2 10 2281969748 10 8519680 32768 6 0 2 4898824 196 2 1074013302 6154 524296 10 131072 1076363272 768 524288 1075904520 20737 1108344832 8708 12681216 4 142616576 136 1613758464 17152 3145728 12564 2097152 12544 1048576 4 0 2 1073741824 16400 2097152 1 547356672 33792 134217728 2048 1107296256 4608 4194304 17042516 19466 524288 2 4358144 4 131072 131074 0 512 536936448 1073741824 21248 0 512
is_linear=0
shrinkage=0.03


Tree=6
num_leaves=127
num_cat=14
split_feature=0 48 21 4 25 4 0 11 23 12 25 23 21 0 0 0 21 25 32 25 27 0 25 23 32 0 4 0 27 25 37 12 33 0 3 28 25 44 27 0 0 21 40 25 22 3 25 25 27 25 23 28 0 23 25 25 0 23 23 4 48 23 4 3 27 22 22 27 25 46 21 0 22 21 22 25 0 4 25 25 25 44 27 25 0 4 4 22 44 21 27 0 25 24 21 0 25 0 4 25 25 44 0 28 22 48 25 25 47 21 27 27 4 39 25 25 25 25 0 27 25 27 4 0 0 23
split_gain=28421.7 12233.5 9587.11 4726.8 4339.59 3625.67 3801.87 3183.74 2895.48 2612.09 1858.12 1848.72 2078.51 1693.49 1663.72 1486.86 2614.99 1460.77 1363.13 1299.38 1204.31 1078.56 1004.51 1787.62 926.537 1068.55 915.099 853.539 826.703 789.151 761.127 974.004 747.019 742.117 721.88 1271.14 642.996 632.488 616.732 603.557 590.924 590.737 557.036 540.223 536.517 526.972 533.432 512.352 510.663 579.445 498.948 486.682 548.385 468.705 466.029 449.942 509.78 438.549 436.087 419.524 413.54 399.839 397.772 395.843 376.068 370.133 365.798 361.083 536.492 443.355 357.638 666.225 435.677 488.206 391.045 357.487 357.42 354.701 1905.49 936.202 443.142 366.783 472.923 651.155 439.687 415.6 410.759 352.794 345.127 337.097 336.615 336.943 385.079 383.074 331.228 330.255 1001.49 1339.62 894.161 379.055 342.847 324.641 325.361 319.452 334.189 309.829 308.682 304.126 754.213 630.301 355.532 298.547 533.205 298.067 291.167 671.472 634.548 291.163 339.881 465.466 331.333 286.557 300.87 285.216 276.113 274.922
threshold=13030.000000000002 6.9500000476837167 0.090277068316936507 0 7.5000000000000009 1 19050.000000000004 0.3903625756502152 0.064333807677030577 -0.42958799004554743 29.500000000000004 0.038110742345452316 0.062427528202533729 225.00000000000003 325.00000000000006 1560.0000000000002 0.04543250426650048 22.500000000000004 0.15983111411333087 50.500000000000007 0.15550526976585391 1715.0000000000002 69.500000000000014 0.058227287605404861 0.18351718783378604 1715.0000000000002 2 1940.0000000000002 0.061421869322657592 107.50000000000001 10.84999990463257 -0.9711191952228545 6.7500000000000009 17950.000000000004 3 0.1424134969711304 17.500000000000004 0.13149999827146533 0.055219287052750594 27950.000000000004 550.00000000000011 0.062923286110162749 35.549999237060554 93.500000000000014 -0.046293048188090317 4 53.500000000000007 68.500000000000014 0.059944719076156623 71.500000000000014 0.093464292585849776 0.11849759146571161 225.00000000000003 0.081555202603340163 15.500000000000002 10.500000000000002 155.00000000000003 0.093464292585849776 0.048478709533810622 5 1.0000000180025095e-35 0.10777157172560693 6 7 0.058846931904554374 -2.3023446202278133 -0.46350057423114771 0.059944719076156623 64.500000000000014 5.9000003337860116 0.032727185636758811 90.000000000000014 -0.42448458075523371 0.038412688300013549 -0.19049859046936032 74.500000000000014 950.00000000000011 8 38.500000000000007 18.500000000000004 20.500000000000004 0.086500000208616271 0.16058247536420825 82.500000000000014 950.00000000000011 9 10 -0.31518119573593134 0.052500000223517425 0.083078928291797652 0.064750330522656455 715.00000000000011 78.500000000000014 0.99213126301765453 0.068480294197797789 950.00000000000011 20.500000000000004 850.00000000000011 11 18.500000000000004 97.500000000000014 0.13650000095367434 950.00000000000011 0.10316013172268869 -0.76414203643798817 35.349998474121101 77.500000000000014 77.500000000000014 10.164999961853029 0.119902141392231 0.084925193339586272 0.051913643255829818 12 14.799999713897707 65.500000000000014 72.500000000000014 64.500000000000014 102.50000000000001 475.00000000000006 0.064750330522656455 114.50000000000001 0.098019190132617964 13 155.00000000000003 325.00000000000006 0.12977331131696704
decision_type=2 2 8 9 2 9 2 2 8 2 2 10 10 2 2 2 10 2 10 2 2 2 2 8 10 2 9 2 2 2 2 2 2 2 1 8 2 2 2 2 2 10 2 2 8 1 2 2 2 2 10 10 2 8 2 2 2 10 8 9 2 10 9 1 2 10 10 2 2 2 10 2 10 10 10 2 2 9 2 2 2 2 2 2 2 9 9 10 2 10 2 2 2 2 10 2 2 2 9 2 2 2 2 10 10 2 2 2 2 10 2 2 9 2 2 2 2 2 2 2 2 2 9 2 2 10
left_child=1 9 3 18 -2 33 -7 14 -8 21 -10 36 15 22 17 61 -17 26 -3 39 29 32 38 -24 25 40 37 -23 62 -21 44 -32 -1 -6 35 -25 -5 123 47 -12 45 -14 107 60 57 59 124 54 49 64 -43 89 -53 -42 -9 56 -30 -16 -48 113 -11 -13 -28 67 -34 -38 76 68 111 95 71 -67 73 -72 -74 -50 -52 78 79 -55 -79 82 83 86 -85 -84 -82 -63 105 94 -77 -92 93 -93 -20 96 97 98 99 -69 -98 -65 -103 104 -75 -56 -71 110 -109 -110 -19 112 -33 -15 116 -116 -83 121 119 -119 -120 -102 -123 -4 -47 -54
right_child=4 2 7 11 5 6 8 13 10 43 19 12 41 24 30 16 -18 42 51 20 -22 27 23 34 -26 -27 28 -29 55 -31 31 63 48 -35 -36 -37 65 -39 -40 -41 53 50 -44 -45 -46 46 58 -49 75 -51 66 52 125 77 88 -57 -58 -59 -60 -61 -62 87 -64 101 -66 70 -68 69 -70 106 72 -73 74 103 -76 90 -78 80 -80 -81 81 114 85 84 -86 -87 -88 -89 -90 -91 91 92 -94 -95 -96 -97 100 -99 -100 -101 117 102 -104 -105 -106 -107 -108 108 109 -111 -112 -113 -114 -115 115 -117 -118 118 120 -121 -122 122 -124 -125 -126 -127
leaf_value=0.001901648722237299 0.025292492700377252 0.049649041673515248 -0.052952233438656938 0.014703087664282126 -0.0018823655802183428 -0.26343172587454317 0.001965104841738939 -0.042951969533362992 -0.24919068125650184 0.0043607109144932201 -0.12323595485869486 0.0082449885317098029 -0.054393868695831661 -0.014811664588874422 -0.046204806007096699 -0.17634458394765079 0.0059801540321835845 -0.012648047694337416 0.016891051140204744 -0.08640050917242964 -0.22482363445836989 -0.10872267463268377 -0.020241827067521208 -0.11194340041996735 -0.0099250166249685075 -0.090062715830595302 0.037818878604543381 -0.017813150539447011 -0.018138766458841285 -0.1789384646636325 0.001529324230900145 -0.03362453555259879 0.0025501124275425354 -0.0891617078651296 -0.10007535426111996 -0.02296147865104424 0.032965031924262034 0.023486094143142976 0.0052685322440029787 -0.036859903612153994 -0.062766566067321658 -0.0071526754894929174 0.0012104855860753886 -0.012876315499238374 -0.0026957989510042885 -0.022044434479833605 0.013776519248882929 -0.090108872924532207 0.0070359363373867787 0.021551073665637424 -0.013626251784670184 -0.070165165951475497 0.033130710808438567 -0.029429375594222193 -0.092471829475065978 -0.01400659288543812 -0.077193704684491923 -0.011020577586237645 -0.041288209124097371 -0.0002630211084251154 -0.0043996482559079866 0.025085700600327186 -0.0016833629639780153 -0.012248596829520376 0.012372464032209615 0.039673140923781644 0.0012143461526879196 -0.016947846008418206 0.001005257504780819 -0.016341737930739633 0.012772280711347764 -0.035458268044389674 -0.030251338678068521 0.014770969322458674 -0.011096109045759609 0.026149029054762917 0.0088990687970048922 -0.004191914639178969 -0.010036036902869938 -0.089632834615712018 -0.000656195323746134 -0.017032250287147919 -0.053562228197088606 -0.093297755445596278 -0.040273273605493508 -0.0078300508319570777 -0.025941348923807575 0.0061949351633679359 -0.0184996056159882 0.0032019522783761053 -0.010807911790073304 -0.023125616707934133 0.0073174097405697899 -0.00023093959633864556 0.033146253495937354 -0.008703002931340376 -0.0095568165370468333 -0.12258748347723955 -0.0095559692524626767 -0.084819374710778439 -0.017133796966723486 0.0028911562726924886 -0.0081057801287511902 -0.031307442976440024 -0.011886093020650964 -0.025942942934001192 -0.037675053659068737 -0.012470474125345347 -0.02289841376649784 -0.059872775345494511 -0.025246584801095071 -0.0077421643274963583 0.0054068062302005818 0.00021249126268667993 0.01075202825628397 -0.015295281446269448 -0.049485431410997323 -0.0073841095831367201 -0.017303089347508984 -0.078857093282348037 0.010806630351479331 0.0058724047546061349 -0.047624128868870255 0.0032491846917822921 0.0011079556769446324 -0.011010988641820815
leaf_weight=44395 163 1471 147 728 155 255 124 933 150 5838 156 13212 197 7476 427 105 213 34074 2741 188 182 116 1350 211 31094 177 238 455 296 153 8536 1125 5834 201 465 456 145 1665 699 138 218 13636 1985 5712 41408 1041 143 104 29818 3840 2973 103 198 416 108 2378 237 1254 1322 3582 28627 2760 5723 3468 8801 115 24061 103 6215 2542 924 1281 1861 501 1982 465 805 2044 1687 530 647 6385 194 166 929 2167 5443 1314 5519 865 2094 795 6058 3787 1922 40284 14524 151 782 268 979 5928 4092 615 2701 152 804 9558 7725 438 2143 5169 437 1413 1070 5297 592 186 901 146 648 108 751 180 835 350
leaf_count=44395 163 1471 147 728 155 255 124 933 150 5838 156 13212 197 7476 427 105 213 34074 2741 188 182 116 1350 211 31094 177 238 455 296 153 8536 1125 5834 201 465 456 145 1665 699 138 218 13636 1985 5712 41408 1041 143 104 29818 3840 2973 103 198 416 108 2378 237 1254 1322 3582 28627 2760 5723 3468 8801 115 24061 103 6215 2542 924 1281 1861 501 1982 465 805 2044 1687 530 647 6385 194 166 929 2167 5443 1314 5519 865 2094 795 6058 3787 1922 40284 14524 151 782 268 979 5928 4092 615 2701 152 804 9558 7725 438 2143 5169 437 1413 1070 5297 592 186 901 146 648 108 751 180 835 350
internal_value=-0.00557091 -0.00514933 -0.00805101 0.00131149 -0.122442 -0.136597 -0.15911 -0.0105373 -0.134508 0.00218561 -0.151992 -0.00113125 0.000953034 -0.0154343 -0.00853945 0.00959592 -0.0545855 -0.012441 0.0237018 -0.133864 -0.162269 0.00464539 -0.0270318 -0.0435792 -0.0138854 -0.0166983 -0.00237449 -0.0364394 -0.00650038 -0.128322 -0.00669444 -0.00815366 0.00486728 -0.0512726 -0.0713685 -0.0512356 -0.0125141 0.0159955 -0.0215616 -0.0829545 -0.0163984 -0.00269823 -0.0143965 -0.00433206 -0.00337055 -0.0117671 -0.0223473 -0.0243135 0.00700829 0.0111799 -0.00245138 0.0175177 -0.0070077 -0.0190334 -0.0232807 -0.019602 -0.0444931 -0.0199801 -0.0359076 -0.00893111 -0.00291565 0.0107797 -0.00010011 -0.00907603 0.00845739 -0.0144723 -0.000148428 -0.00991535 -0.00535038 -0.0108507 -0.0151647 -0.0292451 -0.0128717 -0.00678453 -0.0203776 0.00521644 -0.00882557 -0.0186853 -0.0291602 -0.0632176 -0.0175781 -0.0187732 -0.0232644 -0.0270922 -0.0483895 -0.0116089 -0.0232556 0.0189958 -0.020098 0.0204067 0.00110578 0.000189307 0.00235442 -0.00420746 0.0235968 -0.010256 -0.013456 -0.0388464 -0.0277828 -0.0660725 -0.0116391 -0.00433877 -0.00160017 -0.0115208 -0.00771189 -0.0538264 -0.0214776 -0.0149709 -0.0181922 -0.0248894 -0.0133942 -0.0112181 -0.0227083 -0.0124237 -0.0155588 -0.0109169 -0.0197926 -0.0197664 -0.0114595 -0.0389574 -0.00554444 -0.0282569 -0.0408991 -0.0221001 -0.0117443 0.00496932
internal_weight=519167 517302 370667 77779 1865 1702 1346 292888 1091 146635 967 70129 59276 84865 208023 17604 318 66787 7650 817 523 106458 9997 2482 74868 43774 10864 571 8872 341 141236 98147 105887 356 1132 667 10853 1992 7515 294 43597 41672 55923 40177 43089 15812 3341 6816 61492 18475 41475 6179 651 27785 6712 2911 533 1681 1465 12471 34465 17286 5961 89611 14635 10125 27839 76123 12946 63177 9980 1396 8584 4741 3843 43017 3778 27567 2633 946 24934 22890 9546 7185 1095 2361 6090 4074 5779 5528 13199 12734 10640 4582 4663 59831 19547 1304 1153 371 18243 13488 10020 3817 3202 260 3346 53938 17721 8163 36217 6731 1562 8889 13344 6367 6977 3719 1881 332 1549 1838 859 327 1876 548
internal_count=519167 517302 370667 77779 1865 1702 1346 292888 1091 146635 967 70129 59276 84865 208023 17604 318 66787 7650 817 523 106458 9997 2482 74868 43774 10864 571 8872 341 141236 98147 105887 356 1132 667 10853 1992 7515 294 43597 41672 55923 40177 43089 15812 3341 6816 61492 18475 41475 6179 651 27785 6712 2911 533 1681 1465 12471 34465 17286 5961 89611 14635 10125 27839 76123 12946 63177 9980 1396 8584 4741 3843 43017 3778 27567 2633 946 24934 22890 9546 7185 1095 2361 6090 4074 5779 5528 13199 12734 10640 4582 4663 59831 19547 1304 1153 371 18243 13488 10020 3817 3202 260 3346 53938 17721 8163 36217 6731 1562 8889 13344 6367 6977 3719 1881 332 1549 1838 859 327 1876 548
cat_boundaries=0 1 2 3 4 5 6 7 8 9 10 11 12 13 14
cat_threshold=2 1 2 2 2 1 4 2 2 1 1 1 1 1
is_linear=0
shrinkage=0.03


Tree=7
num_leaves=127
num_cat=43
split_feature=0 48 5 5 30 5 5 5 5 5 11 5 0 23 47 5 25 36 0 5 5 5 27 0 5 5 22 26 5 5 23 5 0 28 5 0 25 5 0 33 0 25 0 0 5 25 26 25 8 0 0 0 25 47 25 5 25 0 5 44 27 25 0 47 36 27 2 5 5 0 5 32 5 2 25 0 25 0 0 0 21 11 5 2 25 0 5 0 30 23 23 0 0 5 0 27 0 5 25 2 0 25 0 0 5 0 5 5 5 22 5 0 5 2 25 0 25 21 0 5 0 5 27 0 0 27
split_gain=26239.5 11464.2 10035.7 9345.58 6526.52 4198.67 4149.01 3046.15 2980.39 2288.91 2089.8 4770.38 2581.21 1961.35 1815.5 1409.84 1376.78 1347.67 1285.73 2825.32 1208.32 1109.05 1084.92 1080.16 1183.23 1062.84 1031.78 1050.43 1017.53 889.856 865.425 882.931 1189.39 2382.7 826.537 824.231 1414.76 764.854 764.594 761.473 747.138 720.691 702.135 831.318 4645.1 1250.08 701.62 635.96 985.252 1162.62 2621.06 635.218 873.117 632.895 692.474 616.658 615.311 615.076 607.754 592.753 588.715 588.681 966.715 578.719 578.582 561.093 542.874 922.196 540.99 534.172 529.656 529.312 524.205 1234.11 987.17 1316.87 1658.34 824.424 2502.25 511.084 510.929 509.564 552.654 541.489 855.1 493.172 561.245 490.903 487.085 543.972 2081.19 948.935 483.036 473.839 469.803 772.571 462.689 458.421 456.762 2059.17 866.341 622.797 761.732 521.529 748.312 546.987 1168.75 938.258 460.517 455.117 454.655 451.248 448.749 446.83 439.844 438.81 1076.58 511.104 436.925 432.379 535.921 425.881 519.77 410.72 409.11 407.087
threshold=13030.000000000002 6.9500000476837167 0 1 0.085353039205074324 2 3 4 5 6 0.24372619390487674 7 225.00000000000003 0.093464292585849776 41.305000305175788 8 50.500000000000007 4.8499999046325692 615.00000000000011 9 10 11 0.15550526976585391 325.00000000000006 12 13 0.20459871739149096 0.10922185331583024 14 15 0.035104382783174522 16 1410.0000000000002 0.099524557590484633 17 225.00000000000003 59.500000000000007 18 1225.0000000000002 6.0500001907348642 1225.0000000000002 69.500000000000014 1225.0000000000002 325.00000000000006 19 17.500000000000004 0.22268813848495486 19.500000000000004 9.5000000000000018 950.00000000000011 615.00000000000011 1225.0000000000002 76.500000000000014 49.475000381469734 76.500000000000014 20 46.500000000000007 155.00000000000003 21 0.2465000003576279 0.049178216606378562 95.000000000000014 1225.0000000000002 14.045000076293947 3.7500000000000004 0.064750330522656455 22 23 24 155.00000000000003 25 0.12430509924888612 26 27 49.000000000000007 950.00000000000011 38.500000000000007 1280.0000000000002 1560.0000000000002 1615.0000000000002 0.10610681027173997 -0.35846811532974238 28 29 99.000000000000014 90.000000000000014 30 90.000000000000014 0.075847711414098754 0.07194120436906816 0.058227287605404861 325.00000000000006 110.00000000000001 31 850.00000000000011 0.095947422087192549 155.00000000000003 32 113.00000000000001 33 850.00000000000011 89.500000000000014 615.00000000000011 325.00000000000006 34 225.00000000000003 35 36 37 -0.13275501132011411 38 90.000000000000014 39 40 52.500000000000007 325.00000000000006 18.500000000000004 0.09852414578199388 1280.0000000000002 41 90.000000000000014 42 0.095947422087192549 1280.0000000000002 61.500000000000007 0.086274277418851866
decision_type=2 2 9 9 10 9 9 9 9 9 2 9 2 8 2 9 2 2 2 9 9 9 2 2 9 9 8 10 9 9 8 9 2 10 9 2 2 9 2 2 2 2 2 2 9 2 10 2 2 2 2 2 2 2 2 9 2 2 9 2 2 2 2 2 2 2 9 9 9 2 9 8 9 9 2 2 2 2 2 2 8 2 9 9 2 2 9 2 10 10 10 2 2 9 2 2 2 9 2 9 2 2 2 2 9 2 9 9 9 10 9 2 9 9 2 2 2 10 2 9 2 9 2 2 2 2
left_child=1 5 4 7 9 15 -6 13 26 64 23 12 29 -2 61 42 -15 53 34 -20 -5 51 59 55 -25 96 27 60 40 -12 56 -32 109 -34 41 36 -28 38 -13 -17 -21 -14 43 57 125 -46 72 48 -37 50 -50 -16 -53 54 70 -11 87 114 -38 -18 -4 110 -63 -52 85 -57 121 -68 -66 -31 118 -40 73 74 75 76 -19 98 -79 92 -49 82 83 84 -26 -3 -87 -27 -62 90 91 111 93 -41 95 -30 -8 -22 101 -100 -101 103 -103 105 -105 107 -107 -74 -108 -33 -7 -90 -94 -72 -1 117 -117 -91 -10 120 -67 -23 -123 -111 -60 -45
right_child=3 2 8 20 6 14 25 -9 17 10 11 37 18 16 21 39 22 46 19 28 97 66 -24 24 81 30 35 -29 94 69 31 32 33 -35 -36 47 58 -39 71 79 -42 -43 -44 44 45 -47 -48 80 49 -51 63 52 -54 -55 -56 65 -58 -59 124 -61 88 62 -64 -65 68 119 67 -69 -70 -71 113 -73 77 -75 -76 -77 -78 78 -80 -81 -82 -83 -84 -85 -86 86 -88 -89 89 115 -92 -93 112 -95 -96 -97 -98 -99 99 100 -102 102 -104 104 -106 106 108 -109 -110 123 -112 -113 -114 -115 -116 116 -118 -119 -120 -121 -122 122 -124 -125 -126 -127
leaf_value=0.0042712813872174266 -0.024161954044830052 -0.027818573652835531 -0.011749709067428024 -0.072999344655719695 0.041546591822837244 0.0075837904549374635 -0.0023463483690833158 -0.24297223568887036 -0.013811905757852414 -0.0017795413366606388 -0.040652158918968409 -0.0029644888470509857 -0.000346749274659965 -0.089993898369945008 0.019872361922799772 -0.005835736718552813 -0.091172746092872278 -0.031572767714599395 0.0072391109048371306 -0.066120131499549775 -0.039069104045629501 0.012219982735066302 -0.24254603992808946 0.013824178739165152 -0.023898776032792061 -0.045565260029289609 -0.012974766211401889 0.0098658638053431124 -0.13834894980083812 -0.12441328497502549 0.01580720080118889 0.0069828410050430138 -0.16958153453441935 -0.001391979948040098 0.003446078137894801 -0.0084545294106411328 0.0030396582055572333 -0.015979059881117308 -0.067150241621509066 -0.062128272891566624 -0.1422893076249071 -0.081632604760092653 0.010894040546804068 -0.0072526392732718964 -0.14545788507791166 -0.036129739709511284 0.0083382925667802848 0.0066500711247196864 -0.032723402949017114 0.0024519033479465384 -0.17640495366465889 0.015235634439193109 -0.066093093664410282 -0.0055284652580460721 -0.0097080963101974609 -0.0089290679750113483 -0.020395582568544148 0.011514847079316201 -0.021699256166306059 -0.18758273652621676 -0.022599096870565424 -0.010616433451183085 -0.094070325971327043 -0.089207862110010222 0.022510003879622258 -0.087389711569229214 -0.0070248327012981575 0.0077466709710126945 0.0038422769432664735 -0.073329151480995489 -0.016710196839702336 -0.017567129527873263 0.0054964812029387562 -0.0069560479470930688 -0.018939407814124988 0.0033059109676077123 -0.12619761801999191 -0.1113381146689256 -0.0022282303339951795 -0.04267617692387312 -0.012674429077774409 0.00028371439360883152 -0.0041343605942852236 -0.0092962024506994222 -0.10788185305204712 0.0075768243371705287 -0.0061260285146869315 0.017634337629896361 -0.055424371586701313 -0.0006119970063629903 -0.10324987769813129 -0.11171133887288826 -0.0023972711131314546 -0.0079270686234505904 -0.035433695481578181 -0.044227398089083485 0.016851293372729174 0.027669836929466615 0.0061526027606577981 0.0048444281954057363 -0.050138884111526574 0.014208703137877412 -0.0033964973296601972 0.0076028471240620109 -0.0070383948961059237 0.0046381134358876031 -0.042708436695032062 -0.015418276293816155 -0.020380415637356725 -0.0010622455288139105 -0.0027298122665712684 -0.018850417345402395 0.0056964461750178526 -0.026399387793268631 -0.058266939095742362 -0.10325402441681648 -0.020494931628563123 -0.055044649684994382 0.017169676923848083 -0.01497429737833369 -0.027437986195692637 0.0078149064807127664 -0.0077605066862775664 0.049465193274902966 -0.046072430871654933 -0.025743596646870006
leaf_weight=177 127 675 2176 323 2868 5629 1335 392 21044 6072 523 17103 176 207 9531 26610 112 351 1071 559 130 20248 175 3696 1332 128 4882 757 109 331 4639 11745 108 249 1541 1531 319 7915 223 146 147 221 755 2316 348 130 2525 1297 988 406 151 325 186 8632 20493 12469 2394 1093 798 125 6616 2341 131 132 1574 145 5698 11394 11937 431 12549 1448 3351 8461 2882 256 318 269 632 236 24124 16078 19192 4201 118 4060 7922 776 384 189 455 125 9792 2103 2515 280 7345 260 1791 316 1398 2810 10377 3876 16423 1492 1127 4534 3503 17448 12089 1447 16620 6700 235 146 3816 869 417 5164 1704 14425 2225 145 2819 1995
leaf_count=177 127 675 2176 323 2868 5629 1335 392 21044 6072 523 17103 176 207 9531 26610 112 351 1071 559 130 20248 175 3696 1332 128 4882 757 109 331 4639 11745 108 249 1541 1531 319 7915 223 146 147 221 755 2316 348 130 2525 1297 988 406 151 325 186 8632 20493 12469 2394 1093 798 125 6616 2341 131 132 1574 145 5698 11394 11937 431 12549 1448 3351 8461 2882 256 318 269 632 236 24124 16078 19192 4201 118 4060 7922 776 384 189 455 125 9792 2103 2515 280 7345 260 1791 316 1398 2810 10377 3876 16423 1492 1127 4534 3503 17448 12089 1447 16620 6700 235 146 3816 869 417 5164 1704 14425 2225 145 2819 1995
internal_value=-0.00539354 -0.0049904 -0.00779776 -0.118114 -0.00271712 0.00210682 0.00660057 -0.170892 -0.0125891 -0.00621722 -0.00819916 -0.0142345 -0.0346908 -0.130036 0.00647923 -0.00378039 -0.153782 -0.0102205 -0.0271732 -0.0356794 -0.0309282 0.00895326 -0.185535 -0.00522484 -0.00240788 0.00442566 -0.0185274 -0.0246654 -0.048297 -0.0736327 0.00224092 0.00365162 0.00174628 -0.0526044 -0.00661965 -0.0157485 -0.0237685 -0.00815922 -0.00485499 -0.00217378 -0.0810127 -0.0445682 -0.0164085 -0.0197109 -0.0258218 -0.113492 -0.007171 -0.0132775 -0.0258635 -0.0417424 -0.0558503 0.0181071 -0.0144387 -0.013134 -0.0142066 -0.0101429 -0.0124351 -0.000261266 -0.0371498 -0.142596 -0.0262772 -0.00136393 -0.0150752 -0.136191 0.00172 -0.0127419 0.00724567 0.00282091 0.00603803 -0.0944158 -0.0164708 -0.0242203 -0.00778142 -0.0133606 -0.0275336 -0.0545584 -0.0766726 -0.00645855 -0.0348911 0.00119769 -0.0116883 -0.0038767 -0.00657071 -0.0148094 -0.0305921 -0.00288813 -0.00148148 0.00864526 -0.0285266 -0.0338003 -0.0455188 -0.0320436 0.00156043 -0.0117831 -0.0400677 -0.0708879 0.0138827 0.00496205 -0.00595681 -0.0164066 -0.0397731 -0.00518528 0.000355764 -0.00731517 -0.0042422 -0.0117679 -0.0184955 -0.00654285 -0.0259037 0.00241001 0.000549797 -0.0265468 0.00269705 -0.0200959 -0.0314545 -0.0281642 -0.0235699 -0.0453306 -0.013203 -0.019537 -0.0320111 0.00929387 0.00572973 -0.000643015 -0.0405904 -0.0157771
internal_weight=519695 517844 371066 1851 180112 146778 49180 1138 190954 130932 104764 34593 7904 746 84222 62556 619 136527 6619 4681 713 64032 412 70171 44617 46312 54427 16980 3610 1285 37632 34334 29695 357 1938 37447 8818 26689 18774 55507 706 397 7049 6294 4789 478 66692 28629 3208 1677 1271 10042 511 69835 61203 25554 3298 1505 3936 237 16223 20190 2472 283 26168 19482 53990 17092 13511 762 40710 1671 64167 12268 3807 925 669 51899 901 28897 25421 40921 24843 5651 1450 12657 11982 904 14047 7431 2411 1956 28661 2249 2904 389 8680 390 50998 3505 1714 47493 13187 34306 20299 14007 6122 7885 4630 29338 17718 1831 26412 19249 412 5020 3962 1058 21461 7013 1849 36898 16650 17593 3617 4311
internal_count=519695 517844 371066 1851 180112 146778 49180 1138 190954 130932 104764 34593 7904 746 84222 62556 619 136527 6619 4681 713 64032 412 70171 44617 46312 54427 16980 3610 1285 37632 34334 29695 357 1938 37447 8818 26689 18774 55507 706 397 7049 6294 4789 478 66692 28629 3208 1677 1271 10042 511 69835 61203 25554 3298 1505 3936 237 16223 20190 2472 283 26168 19482 53990 17092 13511 762 40710 1671 64167 12268 3807 925 669 51899 901 28897 25421 40921 24843 5651 1450 12657 11982 904 14047 7431 2411 1956 28661 2249 2904 389 8680 390 50998 3505 1714 47493 13187 34306 20299 14007 6122 7885 4630 29338 17718 1831 26412 19249 412 5020 3962 1058 21461 7013 1849 36898 16650 17593 3617 4311
cat_boundaries=0 2 4 6 8 10 12 14 15 17 18 19 21 22 23 24 25 26 27 29 31 33 34 35 37 39 41 42 43 45 46 47 49 51 52 54 56 58 60 62 64 65 67 69
cat_threshold=2647013974 17578 303038466 8196 552262281 197 0 2 34603008 4 33604649 2112 134479956 130 281157634 540672 64 2 537395200 263188 16394 4202498 272760916 131072 4202496 514 2 2147487744 16424 16384 64 335546368 40 32768 6 134283266 6912 0 2 540016768 12544 1572864 5 2415919104 16384 8 262228 131072 1 134217728 2048 10 1073807488 1 128 4608 2097152 273 0 1 302252102 16394 4227072 132 6 25296896 16384 2332098594 7680
is_linear=0
shrinkage=0.03


Tree=8
num_leaves=127
num_cat=48
split_feature=1 46 5 5 29 5 5 5 12 5 5 23 5 1 5 5 2 36 5 1 5 1 46 1 21 1 25 5 1 5 1 1 47 1 5 5 1 25 25 1 5 13 12 1 5 1 1 21 5 5 5 1 48 4 2 25 25 2 5 25 1 4 1 5 1 5 25 1 22 25 22 5 29 3 1 29 31 29 5 1 2 5 1 25 25 13 1 4 5 1 44 25 1 4 8 5 1 23 38 1 1 2 5 25 5 1 1 1 5 4 4 1 1 25 12 25 25 1 5 5 32 5 43 5 1 25
split_gain=24663.6 10515.8 10581.1 8432.83 6020.06 4936.48 3948.37 3857.95 3319.74 2662.95 2398.5 2079.14 1967.76 1682.72 2190.12 1636.39 1554.43 1433.59 1394.87 2028.73 1343.93 1552.61 1299.92 1258.51 2198.12 1248.86 1185.84 1042.99 1006.3 969.559 2184.14 4168.35 1889.56 1081.91 1065.22 1003.95 1789.84 1896.15 1714.95 1238.89 961.35 803.596 790.853 753.555 743.001 1984.79 1178.76 721.795 701.079 661.38 632.697 770.355 629.406 623.664 708.599 617.6 1439.87 594.146 1782.14 1143.44 3772.83 1251.81 582.15 787.582 605.177 860.222 1085.33 1406.87 580.952 573.482 573.345 728.648 1188.97 702.047 807.425 573.001 634.08 547.712 733.463 540.824 798.982 1767.78 607.345 540.621 588.936 528.316 531.177 1706.93 521.832 512.988 560.27 505.388 504.791 493.952 476.758 505.684 518.239 484.528 472.775 448.698 442.552 656.237 1594.16 1179.79 668.041 632.975 598.441 920.731 718.125 637.76 534.252 732.85 486.808 484.983 460.08 458.416 439.918 1039.13 433.512 432.831 432.744 422.913 420.221 420.214 417.985 416.052
threshold=9.461545944213869 3.3857145309448247 0 1 0.048529487103223808 2 3 4 -0.25206183642148966 5 6 0.064333807677030577 7 5.1923544406890878 8 9 10 5.6500000953674325 11 5.759707212448121 12 7.3876662254333505 7.2214286327362069 7.2490057945251474 0.080284364521503462 5.4143788814544687 50.500000000000007 13 4.0213496685028085 14 6.8561301231384286 6.744683265686036 21.615000724792484 5.0493419170379648 15 16 6.4229502677917489 15.500000000000002 49.000000000000007 6.4229502677917489 17 24.500000000000004 0.93158200383186351 7.1356794834136972 18 6.4229502677917489 6.4229502677917489 0.06530440598726274 19 20 21 4.5047848224639901 20.050000190734867 22 23 18.500000000000004 38.500000000000007 24 25 17.500000000000004 5.759707212448121 26 7.1113042831420907 27 5.759707212448121 28 113.00000000000001 6.744683265686036 -0.03051067795604467 14.500000000000002 -0.10472935810685156 29 0.09549861773848535 30 7.3527534008026132 0.09549861773848535 0.05539060756564141 0.056686626747250564 31 6.5665833950042733 32 33 5.759707212448121 14.500000000000002 71.500000000000014 25.500000000000004 5.0493419170379648 34 35 7.7717878818511972 0.078500002622604384 16.500000000000004 7.1113042831420907 36 6.5000000000000009 37 4.5047848224639901 0.10007642209529878 19.250000000000004 7.5704805850982675 7.1552743911743173 38 39 53.500000000000007 40 6.5665833950042733 5.759707212448121 6.4229502677917489 41 42 43 6.4229502677917489 4.5047848224639901 77.500000000000014 -0.23537842929363248 113.00000000000001 26.500000000000004 6.8561301231384286 44 45 0.12430509924888612 46 3.7549999952316289 47 6.744683265686036 58.500000000000007
decision_type=2 2 9 9 10 9 9 9 2 9 9 8 9 2 9 9 9 2 9 2 9 2 2 2 10 2 2 9 2 9 2 2 2 2 9 9 2 2 2 2 9 2 2 2 9 2 2 8 9 9 9 2 2 9 9 2 2 9 9 2 2 9 2 9 2 9 2 2 10 2 8 9 10 1 2 10 10 8 9 2 9 9 2 2 2 2 2 9 9 2 2 2 2 9 2 9 2 8 2 2 2 9 9 2 9 2 2 2 9 9 9 2 2 2 2 2 2 2 9 9 8 9 2 9 2 2
left_child=1 2 4 -2 8 20 11 -6 10 17 25 -5 93 14 -14 75 18 100 19 -11 43 52 41 119 -25 48 122 -16 -29 68 31 32 33 -31 98 39 83 -38 55 -35 -15 121 -28 57 45 -27 -46 -20 -1 -43 51 -12 79 54 -47 -39 -57 58 -3 60 -60 -62 64 -64 77 -66 -67 -68 94 -34 -49 72 -72 -74 -75 76 -9 78 -19 80 82 -82 -22 -37 -85 -59 87 -87 -8 90 -23 -21 -81 -10 95 96 -18 -98 -32 -42 101 104 103 -103 106 110 113 108 -108 -109 -106 114 -105 -4 -112 116 117 -111 -24 -17 -65 -7 -13 -96 -117 -89
right_child=3 5 9 6 7 22 88 15 12 16 50 26 13 40 27 23 29 62 47 91 21 89 118 24 -26 44 42 28 -30 30 34 -33 69 35 -36 36 37 38 -40 -41 99 49 -44 -45 46 53 -48 70 -50 -51 -52 -53 -54 -55 -56 56 -58 85 59 -61 61 -63 63 120 65 66 67 -69 -70 -71 71 -73 73 74 -76 -77 -78 -79 -80 92 81 -83 -84 84 -86 86 -88 125 -90 -91 -92 -93 -94 -95 123 -97 97 -99 -100 -101 -102 102 -104 112 105 -107 107 109 -110 115 111 -113 -114 -115 -116 124 -118 -119 -120 -121 -122 -123 -124 -125 -126 -127
leaf_value=-0.03588351411342864 -0.23637548191395086 0.018437071084559331 -0.020141261815000304 0.0046893953565694388 0.040408449810192877 0.0059857212259138235 -0.044555467425825744 0.0076633412751181884 0.019525392703005823 -0.016895109946084164 -0.070267302076604241 -0.10902124825033169 -0.099083351801301164 0.0084925952490383181 -0.0026797026424610804 0.0053955196934802017 -0.071651845822373023 0.020821174732214263 0.0015118785552480105 -0.067523459019456902 -0.0047814401963809051 -0.13977576550928134 0.008131297423371809 -0.1579992421120405 -0.0091263851018888592 0.0040772903582272941 -0.1780773147153113 0.0054718838277835694 -0.019459418560190355 -0.019730801543514184 -0.029680435550101927 -0.14816209819889889 -0.053877264836078714 -0.04866745184795588 0.0094830922153243801 -0.10423860302415945 0.013639454905660106 -0.19885893419607359 -0.035847057497247738 -0.012347886036657756 -0.0035337509662369468 0.016138220698467449 -0.08251303974100771 0.02014919266201317 -0.037521431646759376 -0.016558826725236592 0.0026936328291754215 -0.028642878956252289 -0.079488350350257642 0.0042514009456037193 -0.0025103834290587956 -0.01381091506072973 -0.016413447058429703 -0.079428498432396411 -0.057469505531168898 -0.065183012016483993 -0.19533462321580344 -0.02323579401247388 0.028336070811271853 -0.0064666262403146541 -0.14404250278117808 -0.027741008162498471 -0.0016640772529250589 -0.058986361179074381 0.0025195963594719303 -0.0044706550138801163 0.01839552331311969 -0.047557629731800832 -0.003615360619788593 -0.003062028718498427 0.0077464035072054111 -0.013111133599929383 0.021433936592883771 -0.097197116032756603 -0.00080263991691485173 0.018969180998230962 -0.050704423834543134 -0.011297792506459247 -0.012323087057931361 0.010034674675349693 -0.027017473960701061 0.00010533197280795305 0.01044887428856499 -0.031592675690352505 -0.05812024323722885 -0.12875853981660759 -0.0086459975568493035 -0.0062949323415369641 0.026394111250081786 -0.018881285752444337 -0.046029247147823443 -0.15211468455709376 -0.00018061240971894554 0.0047082968847314693 -0.021582957335513752 -0.016858913127188176 0.0050137352130629797 -0.03284555151749774 0.0083765981390823297 -0.045622117099022759 0.002862911444028316 -0.068635148092185794 -0.012186115067119856 -0.081072911364193867 -0.0079242518746151583 -0.00019133442595704745 0.012178348257067935 0.001336379733205557 -0.0099508567242840001 -0.12998815819477808 -0.032749620958712325 -0.037143316154612957 -0.024046822055929434 -0.048246646068605369 0.0011199690123015488 0.0051728341212496157 -0.016182804928684378 -0.018118837026361405 0.015476392687456613 -0.0011276646979433706 -0.016841265404644909 -0.012751331996638575 -0.044224045476840654 -0.0094379727627296964 -0.050089881863727342 -0.054060130060846118
leaf_weight=846 396 2451 3506 124 2876 1561 130 3917 2504 515 225 308 247 6531 8217 18791 276 1191 3702 109 4032 102 12789 119 349 849 385 1667 11548 3398 1464 266 215 1448 2047 117 129 133 187 2031 50931 4776 101 787 1071 673 1690 1857 625 35439 6697 5856 1903 501 964 182 133 3227 321 3227 281 119 4177 226 17600 11687 387 1168 2926 2681 3164 28444 112 231 118 8014 174 13752 1192 9073 3049 7385 5668 2738 1042 137 16362 794 265 172 133 161 8369 10571 4087 4631 340 2872 367 228 1741 656 17219 138 14991 8005 2042 1532 3686 103 502 1456 4607 656 1278 149 9037 267 16929 17840 6604 3513 130 7039 705 206
leaf_count=846 396 2451 3506 124 2876 1561 130 3917 2504 515 225 308 247 6531 8217 18791 276 1191 3702 109 4032 102 12789 119 349 849 385 1667 11548 3398 1464 266 215 1448 2047 117 129 133 187 2031 50931 4776 101 787 1071 673 1690 1857 625 35439 6697 5856 1903 501 964 182 133 3227 321 3227 281 119 4177 226 17600 11687 387 1168 2926 2681 3164 28444 112 231 118 8014 174 13752 1192 9073 3049 7385 5668 2738 1042 137 16362 794 265 172 133 161 8369 10571 4087 4631 340 2872 367 228 1741 656 17219 138 14991 8005 2042 1532 3686 103 502 1456 4607 656 1278 149 9037 267 16929 17840 6604 3513 130 7039 705 206
internal_value=-0.0051705 -0.00478009 -0.00742476 -0.11481 -0.00173064 0.00214511 -0.0791241 0.00670132 -0.0056363 -0.0118974 -0.0167193 -0.109583 -0.00323873 -0.00501501 -0.0121412 0.00472117 -0.0162386 -0.00925796 -0.0118986 -0.0512413 -0.00372156 -0.000187555 0.00744742 0.00159425 -0.047237 -0.0305313 -0.126092 -0.0110833 -0.016302 -0.0203254 -0.0253987 -0.0306954 -0.0285205 -0.0339582 -0.00538362 -0.0398942 -0.0490515 -0.0911327 -0.112405 -0.0273954 -0.0023378 0.00424905 -0.158427 -0.00876956 -0.0242537 -0.0346119 -0.0128673 -0.0110631 -0.0552356 0.00566854 -0.00888346 -0.0158849 0.000414093 -0.0501319 -0.0411227 -0.14421 -0.12058 -0.00961255 -0.00160794 -0.0140689 -0.0482336 -0.109598 -0.00574475 -0.0119545 -0.00428954 -0.0018266 -0.00759907 -0.0311423 -0.0160639 -0.00685186 -0.0124385 -0.0114993 0.00118101 -0.0437732 -0.0647007 0.0142943 0.00516904 -0.00899704 0.00427952 0.00126672 -0.0020831 -0.00784054 0.00411401 -0.0409061 -0.0389187 -0.0120771 -0.010025 -0.029845 0.0024691 -0.05841 -0.0871391 -0.11834 0.00513346 0.00754144 -0.0179646 -0.0234929 -0.0321529 -0.0288377 -0.0219323 -0.00372149 -0.0120776 -0.0124464 -0.0166646 -0.0308888 -0.0104491 -0.00722062 -0.0143493 -0.0119256 -0.00205728 -0.0167181 -0.0103115 -0.021365 -0.0257221 -0.0245817 -0.00844504 -0.0194136 -0.0174994 -0.0495273 0.0123238 0.00221982 -0.0182176 -0.00700022 -0.0899337 -0.0139287 -0.0404533 -0.0161787
internal_weight=518587 516748 373943 1839 164521 142805 1443 52080 112441 209422 19997 1048 92444 79369 21679 49204 79162 130260 38413 785 67798 39886 75007 37099 468 7219 924 21432 13215 40749 18578 14700 14434 11538 3878 8140 4661 764 635 3479 57690 45289 486 27912 5748 2987 2761 37628 1471 40215 12778 6081 39479 2138 1637 448 315 27125 6399 3948 721 400 57984 11007 46977 30842 13242 1555 22171 2896 33926 32069 3625 461 349 12105 4091 16135 2383 37576 20134 10434 9700 3897 3780 20726 17499 1137 395 407 235 270 17442 13075 19245 8119 3488 3212 1831 51159 72276 70535 22620 5401 47915 26232 21683 17521 5728 11793 18227 3236 4745 4162 1780 10261 9407 370 29718 36631 6830 5074 438 11126 854 1000
internal_count=518587 516748 373943 1839 164521 142805 1443 52080 112441 209422 19997 1048 92444 79369 21679 49204 79162 130260 38413 785 67798 39886 75007 37099 468 7219 924 21432 13215 40749 18578 14700 14434 11538 3878 8140 4661 764 635 3479 57690 45289 486 27912 5748 2987 2761 37628 1471 40215 12778 6081 39479 2138 1637 448 315 27125 6399 3948 721 400 57984 11007 46977 30842 13242 1555 22171 2896 33926 32069 3625 461 349 12105 4091 16135 2383 37576 20134 10434 9700 3897 3780 20726 17499 1137 395 407 235 270 17442 13075 19245 8119 3488 3212 1831 51159 72276 70535 22620 5401 47915 26232 21683 17521 5728 11793 18227 3236 4745 4162 1780 10261 9407 370 29718 36631 6830 5074 438 11126 854 1000
cat_boundaries=0 2 4 6 8 10 12 14 16 17 18 19 20 22 24 26 28 30 31 32 34 36 38 39 40 41 43 44 46 48 50 51 53 54 55 56 58 59 60 61 63 65 67 68 69 71 73 75 77
cat_threshold=2647014102 1194 268435458 8192 1022087817 453 571998208 4 16 2 1613824000 29445 281149954 130 264260 2 131072 272761542 10 1 4898816 196 343945216 168 33603593 16 0 2048 0 2112 4202642 8519680 4194816 130 262228 10 83896324 32 4 8 2 4358144 4 1 65536 12293 1610678272 24577 32800 64 2 2097152 769 2 614465536 2 134217728 2048 2 33587200 6 0 20992 1076887552 8197 1048576 4 1 1 2182094848 4656 142616576 136 263188 19496 16384 16
is_linear=0
shrinkage=0.03


Tree=9
num_leaves=127
num_cat=37
split_feature=0 46 5 5 29 5 5 8 5 45 27 5 5 5 5 26 0 22 47 0 5 0 25 25 36 5 0 25 13 5 0 0 31 25 26 28 22 5 0 27 47 4 22 0 0 3 0 4 27 25 0 5 0 5 13 0 5 0 0 0 0 27 5 5 25 25 13 27 0 25 23 31 36 5 0 5 0 0 25 0 0 5 0 0 0 4 12 0 0 0 46 12 5 30 23 0 5 27 5 0 5 27 25 5 0 0 23 26 5 5 5 25 27 5 25 3 12 20 23 0 23 0 28 30 5 5
split_gain=22736.9 10340.5 10255.1 7907.53 5705.08 4285.37 3587.99 3291.83 3441.62 3192.05 2487.67 2406.63 1493.88 1412.96 1364.21 1235.95 1204.2 1413.55 1139.82 1117.62 1645.01 1492.09 1139.39 1115.45 1102.16 1067.02 1050.64 1063.87 1043.83 1030.01 1105.14 1022.78 1828.85 978.039 1055.17 1009.11 968.565 914.542 2470.18 1433.5 842.705 819.206 812.247 782.075 720.051 1160.88 718.003 692.625 1086.39 687.992 633.183 2157.03 673.4 627.415 612.222 588.493 572.492 1895.54 3413.68 1773.9 697.355 1140.98 639.702 592.33 570.973 855.324 556.132 554.773 552.868 547.513 545.909 772.851 533.052 524.846 520.514 705 567.358 1998.18 512.589 1178.51 506.146 508.918 3252.4 2555.17 577.436 1441.4 571.038 515.517 1247.08 502.228 496.948 612.904 1019.42 485.935 472.285 466.698 769.824 464.689 1056.12 463.572 663.461 1060.51 988.346 594.287 490.317 457.321 450.804 486.032 453.041 437.632 436.83 432.014 615.907 2662.62 976.805 426.491 423.782 422.296 421.723 666.223 897.795 632.927 518.992 419.384 408.227 408.192
threshold=13030.000000000002 4.4285719394683847 0 1 0.048529487103223808 2 3 6.5000000000000009 4 16.964999198913578 0.1575826704502106 5 6 7 8 0.24214403331279757 225.00000000000003 -2.3023446202278133 42.254999160766609 225.00000000000003 9 155.00000000000003 14.500000000000002 66.500000000000014 6.3499999046325692 10 1225.0000000000002 76.500000000000014 25.500000000000004 11 1715.0000000000002 1410.0000000000002 0.055561197921633727 88.500000000000014 0.10766546800732614 0.069924898445606246 0.15231326222419742 12 615.00000000000011 0.053263295441865928 14.25500011444092 13 -0.92867749929428089 325.00000000000006 225.00000000000003 14 155.00000000000003 15 0.16058247536420825 87.500000000000014 155.00000000000003 16 90.000000000000014 17 19.500000000000004 1225.0000000000002 18 325.00000000000006 950.00000000000011 850.00000000000011 325.00000000000006 0.08212983608245851 19 20 17.500000000000004 15.500000000000002 25.500000000000004 0.14500886201858523 2375.0000000000005 97.500000000000014 0.077383715659379973 0.072036866098642363 1.6500005722045901 21 1225.0000000000002 22 1280.0000000000002 1560.0000000000002 18.500000000000004 325.00000000000006 1560.0000000000002 23 325.00000000000006 950.00000000000011 155.00000000000003 24 -0.42958799004554743 715.00000000000011 950.00000000000011 155.00000000000003 2.8142856359481816 -0.38243420422077173 25 0.11563878506422044 0.054210091009736068 90.000000000000014 26 0.058846931904554374 27 325.00000000000006 28 0.051913643255829818 113.00000000000001 29 850.00000000000011 2375.0000000000005 0.06534933298826219 0.099273119121789946 30 31 32 87.500000000000014 0.064750330522656455 33 38.500000000000007 34 -0.72102889418601979 76.500000000000014 0.086187265813350691 325.00000000000006 0.1168753318488598 325.00000000000006 0.10931993275880815 0.075147990137338652 35 36
decision_type=2 2 9 9 10 9 9 2 9 2 2 9 9 9 9 10 2 10 2 2 9 2 2 2 2 9 2 2 2 9 2 2 10 2 8 10 8 9 2 2 2 9 8 2 2 1 2 9 2 2 2 9 2 9 2 2 9 2 2 2 2 2 9 9 2 2 2 2 2 2 10 10 2 9 2 9 2 2 2 2 2 9 2 2 2 9 2 2 2 2 2 2 9 8 10 2 9 2 9 2 9 2 2 9 2 2 8 10 9 9 9 2 2 9 2 1 2 2 10 2 10 2 10 10 9 9
left_child=1 2 4 10 7 28 -6 8 16 36 40 24 44 70 123 18 17 41 19 20 46 -22 -23 72 90 26 69 -28 -3 80 -31 109 -33 34 35 -21 -5 38 -18 -39 -2 -1 -16 97 45 -9 -13 48 -40 -25 51 -14 -53 -11 -12 -49 57 73 59 64 62 63 -58 -62 65 -59 -45 -29 -52 -7 71 -8 -24 -36 99 -76 93 -78 79 -37 81 82 -30 86 85 -83 -84 125 -89 -43 91 92 -4 -77 -80 96 -93 98 -27 106 101 -101 103 -103 -104 -32 108 -108 -26 -15 -48 112 -66 -114 -115 -35 -68 -38 121 -120 -121 -96 -123 -10 -20 -86
right_child=3 5 11 9 6 25 13 12 14 53 54 15 50 31 42 -17 37 -19 124 33 21 22 23 49 74 43 27 67 29 30 105 32 -34 115 56 78 117 39 47 -41 -42 89 -44 66 -46 -47 110 55 -50 -51 68 52 -54 -55 -56 -57 60 58 -60 -61 61 -63 -64 -65 111 -67 116 -69 -70 -71 -72 -73 -74 -75 75 76 77 -79 94 -81 -82 84 83 -85 87 -87 -88 88 -90 -91 -92 95 -94 -95 118 -97 -98 -99 -100 100 -102 102 104 -105 -106 -107 107 -109 -110 -111 -112 -113 113 114 -116 -117 -118 -119 119 120 -122 122 -124 -125 -126 -127
leaf_value=-0.03143392063253727 -0.15966160824405959 -0.013176148440475453 -0.0059395134935254822 -0.03529041713531713 0.03911736455542178 0.018308183921106131 0.0078502163217092132 0.027395853692808086 -0.0026547964605914153 -0.04991249789436944 -0.059010293162075664 -0.018693498475778055 -0.11837528122952704 -0.0015821766612080666 0.020430685451161418 0.0094903424939603818 0.0066077634294175545 -0.024946955027731789 0.0044592463710811233 0.0042331336304008349 -0.017562759992378257 -0.10106830004972354 -0.0093479814047848324 -0.065322030591759866 0.013024300006665246 0.0084182377606245411 0.0077678875202865554 -0.10783321537556392 0.016364078183837647 0.0025382408850396906 -0.08801904221974223 -0.1488331958007168 -0.0085566808576347398 -0.008486958373951782 0.0062784921204019212 -0.01778020209135258 -0.090189873914659754 -0.065781037633986045 -0.049484545408409193 0.0065155035330757352 -0.25214666832799781 -0.11366967279827449 -0.014717775463150258 -0.0028490713996574941 0.0088931123605807856 -0.0080574087409729066 0.022435122981686921 -0.057613365035280369 0.0019140023285390418 -0.034569125436061665 -0.0031571764094937404 0.0074555160404005828 -0.014356122765503278 0.026367323130299769 -0.16045327407593774 -0.12438878123892232 0.016492884436600935 -0.011596818261332959 -0.0029970541070092126 -0.12697401347584092 0.020836343272339918 -0.014539881526383129 -0.023489958652795486 -0.0032088179202719317 -0.024724022677359497 -0.09005667160599691 0.011572949800079967 -0.023609173754230141 -0.05337205880519115 -0.006809667458326501 0.019007283715132064 -0.07399861496433896 -0.034118744551263333 -0.017949441937667662 -0.001103635617219909 -0.041126525973486865 -0.11595463279979344 -0.0025925728108268232 0.016960134004694146 -0.099872980749221157 0.020592998542527823 -0.12618205475807187 -0.15198570088561311 0.028347826264225516 0.013008379119227365 -0.014832867010705407 -0.067648152786500326 -0.097042292467728775 -0.0078937139253866303 -0.066880500904232781 -0.0042617437734287934 -0.058646367464352533 -0.022699064513910783 -0.011869855530204624 0.0042124370160436598 -0.010251680647940114 0.024498500811296637 0.0028963685394519231 -0.025850242041660514 0.01164963347623957 0.0014982532946218176 0.0040404803030702485 0.0029094170658853979 -0.017029602411373704 -0.049740249704305906 -0.016233272438403216 -0.014004581033777169 0.0078177477846374799 -0.0074680400774208722 0.0050800463370950476 -0.0063490144027908996 -0.068745912033114198 -0.017678210586020045 -0.076008946628455656 -0.16498268040743741 0.0090578188233541874 0.0043041175333204717 -0.14520587514330272 -0.043513912324579337 -0.0064903252306818529 -0.029349472663621631 -0.065510143318972591 -0.029077130466567923 0.011649483829388806 -0.012424286935640804 -0.0029340265471111972
leaf_weight=331 127 7818 4866 160 2878 13635 5079 967 6361 128 118 4299 158 15018 616 1750 1108 1153 3110 997 4691 261 1142 1502 1509 1477 487 139 663 31784 165 110 340 5834 2675 364 242 294 1540 1511 364 368 14528 3748 13502 5882 664 613 487 1168 58941 1592 6364 311 100 148 382 185 3748 199 1054 12496 5275 6858 3785 387 23391 143 197 828 7042 105 2485 1138 3475 573 226 365 228 277 605 119 250 129 1907 820 105 142 11436 486 8732 394 10087 4672 244 61104 130 9021 1773 1768 18494 1927 193 3201 905 155 9024 1022 2677 21672 1588 293 1045 414 153 1585 10443 280 1271 2674 3668 737 678 2597 2186 5857
leaf_count=331 127 7818 4866 160 2878 13635 5079 967 6361 128 118 4299 158 15018 616 1750 1108 1153 3110 997 4691 261 1142 1502 1509 1477 487 139 663 31784 165 110 340 5834 2675 364 242 294 1540 1511 364 368 14528 3748 13502 5882 664 613 487 1168 58941 1592 6364 311 100 148 382 185 3748 199 1054 12496 5275 6858 3785 387 23391 143 197 828 7042 105 2485 1138 3475 573 226 365 228 277 605 119 250 129 1907 820 105 142 11436 486 8732 394 10087 4672 244 61104 130 9021 1773 1768 18494 1927 193 3201 905 155 9024 1022 2677 21672 1588 293 1045 414 153 1585 10443 280 1271 2674 3668 737 678 2597 2186 5857
internal_value=-0.00509047 -0.00471734 -0.00713428 -0.110621 -0.00165213 0.00271804 0.00661972 -0.00526128 -0.013473 -0.0590533 -0.18847 -0.0114422 -0.00224833 0.0047155 -0.00779054 -0.0154495 -0.0304591 -0.0486275 -0.0159855 -0.0169179 -0.0235026 -0.0304599 -0.0397277 -0.0371696 -0.00896919 0.00809306 0.0150429 -0.0190982 -0.00292939 -0.00144997 0.00197834 0.00180167 -0.0431005 -0.0149189 -0.0163933 -0.0245622 -0.100148 -0.0230544 -0.031201 -0.00526099 -0.228598 -0.0716281 -0.013278 0.00596675 0.00487188 -0.00304855 -0.0114889 -0.0463357 -0.0371409 -0.0518871 -0.00440307 -0.0122619 -0.00997867 0.00352827 -0.106064 -0.0707461 -0.0141231 -0.0190213 -0.0257753 -0.0389863 -0.0114758 -0.00889586 -0.0208 1.88721e-05 -0.0361703 -0.0647452 0.00811498 -0.0653582 -0.00332535 0.0168698 0.0135575 0.00617845 -0.0263241 -0.00098581 -0.0054345 -0.0118334 -0.018188 -0.0460652 -0.0273933 -0.0533559 -0.00644314 -0.00721042 -0.0265701 -0.0858431 -0.00609816 -0.0290634 -0.127301 -0.00498497 -0.00899538 -0.0871519 -0.011043 -0.0118162 -0.0172651 -0.0150733 -0.0256361 -0.0104939 -0.0386619 -0.000607844 -0.0103324 -0.00397108 -0.00162466 -0.00883956 -0.014673 -0.00913797 -0.0404916 -0.0534067 -0.00833773 -0.011784 -6.61943e-05 0.00235404 0.00221555 -0.0332869 -0.0313495 -0.0468811 -0.0985312 -0.00473797 0.00932959 -0.119922 -0.0266853 -0.0236925 -0.0197138 -0.0403963 -0.0480861 0.00149131 -0.00252574 0.000995905
internal_weight=519692 517862 390822 1830 171988 127040 52244 119744 32141 1121 709 218834 87603 49366 24102 83490 8039 2338 81740 76444 17800 11249 6558 6297 135344 65085 15232 769 61955 54137 32104 37140 450 58644 51225 11138 682 5701 3896 1805 491 1185 15144 49853 20351 6849 6551 2788 2027 2670 67252 8114 7956 439 218 761 40087 14022 10209 6461 26065 20408 5657 7912 6262 572 37582 282 59138 14463 12226 5184 3627 3813 50031 9311 5836 591 10141 641 22033 21428 1147 484 20281 939 355 19342 11578 854 85313 76581 14953 5245 9500 61628 524 12271 3250 40720 26488 7994 6226 5128 1098 320 14232 10046 4186 36690 2252 5690 5397 1612 567 7419 33834 522 9272 7613 6342 1659 1415 8958 5296 7764
internal_count=519692 517862 390822 1830 171988 127040 52244 119744 32141 1121 709 218834 87603 49366 24102 83490 8039 2338 81740 76444 17800 11249 6558 6297 135344 65085 15232 769 61955 54137 32104 37140 450 58644 51225 11138 682 5701 3896 1805 491 1185 15144 49853 20351 6849 6551 2788 2027 2670 67252 8114 7956 439 218 761 40087 14022 10209 6461 26065 20408 5657 7912 6262 572 37582 282 59138 14463 12226 5184 3627 3813 50031 9311 5836 591 10141 641 22033 21428 1147 484 20281 939 355 19342 11578 854 85313 76581 14953 5245 9500 61628 524 12271 3250 40720 26488 7994 6226 5128 1098 320 14232 10046 4186 36690 2252 5690 5397 1612 567 7419 33834 522 9272 7613 6342 1659 1415 8958 5296 7764
cat_boundaries=0 2 4 6 8 9 11 13 14 16 18 20 22 23 24 25 26 27 29 31 32 33 35 37 38 39 41 43 45 47 49 51 53 54 56 57 59 61
cat_threshold=2647014102 1194 269484034 8192 3169571465 452 16 2 281149442 1613824000 29445 134488150 2 272761542 2147752020 8 33587209 16 1074005076 16394 4898816 196 276955136 1 2 4 131072 524288 2048 541697 64 32768 32800 540672 64 65536 12293 524288 2 538968064 16640 1073741824 16384 2082 3616 3145728 260 0 260 2097152 1 2231631872 1024 33587201 16384 64 2 525345 2112 131072 4
is_linear=0
shrinkage=0.03


Tree=10
num_leaves=127
num_cat=13
split_feature=1 48 21 4 25 4 1 22 12 1 25 30 8 12 31 12 27 25 27 23 44 1 1 25 21 31 26 29 25 1 22 31 22 27 27 1 4 22 3 27 30 25 1 31 41 44 23 1 25 4 44 1 47 1 1 25 25 3 4 32 25 27 33 12 44 4 8 27 1 4 27 25 25 3 25 32 1 27 25 43 27 20 22 48 21 1 22 1 20 4 1 25 26 1 25 27 23 24 27 31 31 26 4 25 25 1 25 20 1 25 1 25 25 25 1 1 21 25 3 25 26 25 30 25 27 25
split_gain=22557.4 9587.67 7784.98 3479.46 3456.46 2826.64 3112.05 2324.79 2189.75 2156.7 2047.52 1709.65 1389.16 1608.86 1241.01 1111.61 1063.9 1049.88 1129.14 947.776 899.292 876.456 799.661 776.791 767.273 731.218 1543.17 709.27 869.924 655.021 2118.9 619.045 679.587 607.991 785.941 607.447 607.109 629.296 996.083 780.452 727.685 567.107 537.893 529.335 514.101 603.844 504.299 496.985 460.677 692.642 763.738 1234.92 505.973 456.002 453.103 544.198 444.907 442.619 427.937 426.075 387.128 390.848 386.876 382.372 472.472 856.882 571.705 379.647 379.219 522.507 495.881 377.667 639.314 453.846 375.591 369.81 365.199 363.601 351.122 349.224 803.071 562.161 343.082 338.582 336.966 359.608 331.865 330.045 328.904 323.404 317.621 313.641 580.604 773.68 614.655 431.554 304.37 304.045 338.911 302.208 296.812 296.635 292.745 1889.83 784.455 730.61 430.006 311.854 291.646 289.734 494.721 311.908 768.624 343.93 289.332 2587.97 4467.71 1121.73 604.077 606.199 532.353 474.394 366.65 401.019 797.194 826.369
threshold=9.461545944213869 6.9500000476837167 0.090277068316936507 0 7.5000000000000009 1 9.8533535003662127 0.10266805812716485 -0.42958799004554743 5.1923544406890878 29.500000000000004 0.092384941875934615 11.500000000000002 -0.9711191952228545 0.048018604516983039 -0.18493013828992841 0.086274277418851866 77.500000000000014 0.16058247536420825 0.038110742345452316 0.10750000178813936 7.4465231895446786 7.5704805850982675 38.500000000000007 0.070677299052476897 0.075905904173851027 0.070062026381492629 0.0429714322090149 89.500000000000014 7.3527534008026132 -1.542850613594055 0.050817217677831657 -0.12572928518056867 0.060448419302701957 0.058846931904554374 9.7953972816467303 2 -0.044815719127655022 3 0.058047603815793998 0.1299802511930466 50.500000000000007 7.1356794834136972 0.046168554574251182 44.500000000000007 0.052500000223517425 0.10777157172560693 5.759707212448121 31.500000000000004 4 0.12350000068545343 5.759707212448121 49.475000381469734 5.759707212448121 5.759707212448121 114.50000000000001 93.500000000000014 5 6 0.22439286112785342 74.500000000000014 0.064750330522656455 6.6500005722045907 -0.9711191952228545 0.3184999972581864 7 5.5000000000000009 0.059393314644694335 6.5665833950042733 8 0.092709075659513487 68.500000000000014 72.500000000000014 9 78.500000000000014 0.27253690361976629 5.0493419170379648 0.055219287052750594 15.500000000000002 2.0349999666213994 0.15550526976585391 83.500000000000014 -0.21072954684495923 1.0000000180025095e-35 0.082081876695156111 5.759707212448121 0.17266365140676501 10.197127819061281 91.500000000000014 10 5.0493419170379648 81.500000000000014 0.054673291742801673 5.759707212448121 103.50000000000001 0.11874964460730554 0.10777157172560693 0.99213126301765453 0.11874964460730554 0.037088859826326377 0.028578094206750396 0.065306846052408232 11 38.500000000000007 18.500000000000004 7.1113042831420907 20.500000000000004 62.500000000000007 6.4229502677917489 40.500000000000007 5.759707212448121 20.500000000000004 18.500000000000004 38.500000000000007 6.8561301231384286 6.5665833950042733 0.13503363728523257 76.500000000000014 12 46.500000000000007 0.080585796386003508 27.500000000000004 0.10479542613029481 55.500000000000007 0.098019190132617964 85.500000000000014
decision_type=2 2 8 9 2 9 2 8 2 2 2 10 2 2 10 2 2 2 2 10 2 2 2 2 10 10 10 10 2 2 10 10 10 2 2 2 9 8 1 2 10 2 2 10 2 2 10 2 2 9 2 2 2 2 2 2 2 1 9 8 2 2 2 2 2 9 2 2 2 9 2 2 2 1 2 10 2 2 2 2 2 2 10 2 10 2 10 2 2 9 2 2 10 2 2 2 10 2 2 8 10 10 9 2 2 2 2 2 2 2 2 2 2 2 2 2 8 2 1 2 10 2 10 2 2 2
left_child=1 8 3 14 -2 35 -7 -8 21 20 -9 19 13 -11 43 16 53 102 -19 82 23 33 -23 -4 27 63 -27 28 76 57 -31 32 77 34 47 -6 91 38 -38 40 54 87 60 -3 -25 -46 86 -1 49 50 -36 -52 -53 -15 55 99 83 -29 -14 -56 62 -62 -35 -22 66 -66 71 -50 69 70 -63 78 73 -73 97 114 -13 -26 89 81 -81 -43 -5 -10 -33 -86 -21 -12 -85 -65 -34 109 93 94 -93 -95 -59 98 -70 -39 -78 -87 103 104 -18 -106 -104 -108 -103 110 -17 112 -112 -113 115 118 -117 -118 119 -41 122 -120 123 -121 -125 -126
right_child=4 2 9 11 5 6 7 10 56 12 41 24 58 15 -16 36 17 18 -20 46 25 22 -24 44 31 26 -28 29 -30 30 -32 84 90 42 48 -37 37 39 -40 75 -42 79 -44 -45 45 -47 -48 -49 67 -51 51 52 -54 -55 59 -57 -58 96 -60 -61 61 68 -64 64 65 -67 -68 -69 74 -71 -72 72 -74 -75 -76 -77 100 -79 -80 80 -82 -83 -84 88 85 101 -88 -89 -90 -91 -92 92 -94 95 -96 -97 -98 -99 -100 -101 -102 108 106 -105 105 -107 107 -109 -110 -111 111 113 -114 -115 -116 116 117 -119 121 120 -122 -123 -124 124 125 -127
leaf_value=-0.0035627525896586342 0.021562736513912228 0.024655095120272686 -0.014477188609146364 -0.024409821614342832 -0.0018030035818458361 -0.23472313639782227 -0.0074051283473429612 -0.25053100299931336 0.0038781355280413602 0.0021213966890016238 -0.11047140076116549 -0.0035167431443209893 -0.0071819079543911065 -0.013976024939836877 0.0089993713873970354 -0.0043525340222186062 -0.026108939467124483 -0.047091720166422053 0.0020338032226243472 -0.0071777998141474859 -0.00059453699979042677 -0.10434389268402504 -0.015168364780808734 -0.027989641434527542 -0.013195663827736903 -0.093547001304741237 -0.010106082234961891 0.0054578970734533491 -0.018864518340015214 -0.13526456462758138 0.01176977774848236 0.011792926080437815 -0.021926742708465827 0.0011116637017937296 -0.00031813788738885935 -0.081421072223643559 -0.0074364835419865822 -0.041009154517228738 -0.027599535641996732 -0.0027386103422020239 0.021425633711526025 -0.055843586393765042 0.021945044035151177 0.048495478526040831 -0.13203886939664777 -0.05357645791650327 0.0049904915455957185 0.010068076912025043 0.0092065474421083333 0.011092318307969858 0.017163477204630479 -0.051582275914493943 -0.13584094616499814 -0.0042979263445125371 0.015186026854449223 -0.058012807390099078 -0.01176819113574953 0.010116256722650411 -0.0015771290053748182 -0.0036597286846830803 0.024284561005135236 -0.008417230763740095 0.0061727909498693447 -0.073927625399921093 0.011657917958877474 -0.012400063853579802 -0.014347762880128567 0.01853235021186669 -0.027905628267659299 0.0053314735308974473 -0.037599447199552966 -0.025827602250924838 -0.021540241080408237 -0.094426529218474609 0.0042280215614829125 -0.021862683824747223 0.021950746740074051 -0.040755014600869083 -0.017873758082370513 -0.097740661397576326 -0.20001366958779804 -0.14903160318084385 -0.0077450611018632714 -0.0067193716081351456 -0.011816011871208822 -0.029870086901747018 0.010849701323847159 -0.042807444254202499 -0.00015608431195032949 -0.026939737108550247 0.0019119463892362683 -0.04362247564854721 -0.0087057814437871087 -0.011596404737409343 -0.0043222206661968294 -0.046385307053951066 0.022125743419627707 -0.0025594034684688414 0.022668102124183298 -0.0041631586560221976 -0.013632131787716864 0.020932757641116281 -0.0018035611969747119 -0.0068988441238384346 -0.062689913492477323 -0.14546738793719405 -0.020123231654662052 -0.012879424497909898 0.00099436648318749999 -0.0085142415897098336 0.0034801885854870884 -0.013961641101395705 -0.059066593519992758 -0.042062189395027545 -0.0056595892019248237 -0.22177994388733466 -0.10193575998244341 0.0025937492824009453 -0.014112420332165667 -0.030862266805891998 -0.0013911389364091847 0.0014291580399120804 -0.058141830441817428 -0.0073237972969686545 -0.0060724385323642043 -0.04517242862168877
leaf_weight=6835 165 2364 1184 3167 156 262 145 123 5824 10414 162 1853 20329 7384 4022 2281 426 1910 540 17214 1918 112 457 657 882 321 525 14864 2157 120 325 2256 636 24921 1262 192 6361 221 3375 4428 1473 104 1317 1302 102 651 4510 3715 7898 3578 169 159 109 10777 1805 211 5692 5921 30890 2684 527 1390 29905 199 1568 8842 25578 7824 847 1168 841 131 549 262 8566 1547 1303 844 3544 119 176 137 1715 16954 2102 225 970 111 11555 393 2391 1806 6090 4151 447 347 2798 4946 138 2057 251 853 2131 1890 485 120 9221 12762 2911 26608 263 2932 538 452 47082 136 127 332 2329 1771 1829 7323 212 4273 793 1259
leaf_count=6835 165 2364 1184 3167 156 262 145 123 5824 10414 162 1853 20329 7384 4022 2281 426 1910 540 17214 1918 112 457 657 882 321 525 14864 2157 120 325 2256 636 24921 1262 192 6361 221 3375 4428 1473 104 1317 1302 102 651 4510 3715 7898 3578 169 159 109 10777 1805 211 5692 5921 30890 2684 527 1390 29905 199 1568 8842 25578 7824 847 1168 841 131 549 262 8566 1547 1303 844 3544 119 176 137 1715 16954 2102 225 970 111 11555 393 2391 1806 6090 4151 447 347 2798 4946 138 2057 251 853 2131 1890 485 120 9221 12762 2911 26608 263 2932 538 452 47082 136 127 332 2329 1771 1829 7323 212 4273 793 1259
internal_value=-0.00488368 -0.00450984 -0.00707593 0.00135033 -0.109368 -0.12218 -0.141971 -0.119211 0.00198288 -0.00931596 -0.136579 -0.000746208 -0.00820011 -0.0093518 0.0205103 -0.00999699 -0.0139462 -0.0174645 -0.0362676 -0.0065685 -0.0152483 0.00422782 -0.0328736 -0.0324102 0.00301464 -0.0142318 -0.0418394 0.00569049 -0.00396068 0.00792542 -0.0280943 -0.00302989 -0.011671 0.00442707 0.00791809 -0.0458376 -0.00862888 -0.00721781 -0.0144282 -0.00636042 0.00227289 -0.118966 0.00294992 0.0331331 -0.0474479 -0.0643659 -0.00398848 0.00123761 0.0112742 0.00360359 -0.0121645 -0.0462965 -0.0862292 -0.00823345 -0.00177259 -0.0120364 -0.00400082 0.00860626 -0.00380178 0.00391973 0.0026081 -0.00115422 0.00387233 -0.0136875 -0.014299 -0.00877557 -0.0161743 0.0138484 -0.00190466 -0.0109219 -0.0194297 -0.0253697 -0.0425138 -0.0716838 0.000210166 -0.00735389 0.00547783 -0.0266878 -0.0214557 -0.136986 -0.159227 -0.109215 -0.0185584 -0.00271278 0.00189136 -0.00177734 -0.0062156 -0.0832163 -0.0040593 -0.0428327 -0.00310236 -0.0114446 -0.0154243 -0.0214829 -0.0358306 -0.0142899 0.0139723 -0.00559246 -0.0208044 -0.0077542 0.0161984 0.00351417 -0.0157592 -0.0247307 -0.0573812 -0.0793215 -0.0146714 -0.0159187 0.00551718 -0.00989901 -0.0155952 -0.0217204 -0.0385513 -0.0177263 -0.00704139 -0.0096631 -0.0714227 -0.0264871 -0.00814282 -0.0119997 -0.0160444 -0.00232205 -0.0192698 -0.0182449 -0.0147077 -0.0300725
internal_weight=519763 517911 371202 77956 1852 1687 1339 1077 146709 293246 932 70268 246822 195603 7688 185189 47646 29485 2450 27576 46424 106684 569 2594 42692 43830 846 29592 5564 24028 445 13100 4753 106115 31549 348 137543 91628 9736 81892 8451 809 74566 3666 1410 753 22694 10550 20999 5277 1699 437 268 18161 6978 2489 40025 23583 51219 4489 73249 18423 54826 42984 41066 10410 30656 15722 17896 3399 2231 5078 942 393 14497 73441 3407 1726 4136 536 295 241 4882 34333 8347 6091 18184 273 28509 592 3027 45915 12841 6751 2253 4498 8719 5931 985 2278 1554 3989 27035 2921 1031 605 24114 21983 3764 33074 6466 4185 801 3384 71894 24812 595 459 24217 14565 10137 9652 8308 8096 6325 2052
internal_count=519763 517911 371202 77956 1852 1687 1339 1077 146709 293246 932 70268 246822 195603 7688 185189 47646 29485 2450 27576 46424 106684 569 2594 42692 43830 846 29592 5564 24028 445 13100 4753 106115 31549 348 137543 91628 9736 81892 8451 809 74566 3666 1410 753 22694 10550 20999 5277 1699 437 268 18161 6978 2489 40025 23583 51219 4489 73249 18423 54826 42984 41066 10410 30656 15722 17896 3399 2231 5078 942 393 14497 73441 3407 1726 4136 536 295 241 4882 34333 8347 6091 18184 273 28509 592 3027 45915 12841 6751 2253 4498 8719 5931 985 2278 1554 3989 27035 2921 1031 605 24114 21983 3764 33074 6466 4185 801 3384 71894 24812 595 459 24217 14565 10137 9652 8308 8096 6325 2052
cat_boundaries=0 1 2 3 4 5 6 7 8 9 10 11 12 13
cat_threshold=2 1 1 2 1 2 1 2 4 2 2 2 2
is_linear=0
shrinkage=0.03


Tree=11
num_leaves=127
num_cat=41
split_feature=0 5 46 5 30 5 5 5 5 0 5 5 2 23 0 0 0 5 23 25 25 5 0 38 5 46 31 0 26 27 2 30 27 5 27 5 27 5 5 27 5 25 25 0 5 5 0 0 4 0 46 12 5 5 0 23 30 5 0 0 5 0 0 2 25 0 5 25 23 21 27 5 27 4 27 25 0 25 25 0 4 0 13 21 0 21 0 5 13 27 44 0 0 4 25 5 12 13 0 20 33 27 25 31 2 5 0 5 27 5 25 25 27 25 27 25 25 5 0 0 27 5 27 5 5 23
split_gain=20072.8 9083.02 7812.07 7145.06 4539.26 4475.94 3345.75 3291.95 2470.64 2434 3156.69 2445.97 1922.88 1551.51 1539.59 1518.13 4188.22 1595.33 1958.71 1925.13 1485.14 1418.13 2083.15 1270.04 1215.63 1196.89 1159.15 1260.19 1609.22 1201.04 1154.33 986.803 932.564 860.79 837.364 1474.1 800.586 726.093 721.437 702.925 692.304 649.122 1655.18 649.111 1179.68 644.198 635.61 610.076 1639.4 2755.42 603.963 666.784 1532.19 639.052 602.723 1242.39 599.459 558.322 570.216 534.903 524.747 1789.21 810.896 702.681 1322.43 668.23 565.082 549.4 519.182 511.538 504.036 807.058 502.929 863.019 733.991 601.487 1432.05 642 1898.11 908.24 824.877 600.243 501.162 489.317 482.153 481.59 567.711 541.498 479.248 465.049 464.689 461.693 450.65 516.682 450.17 445.952 445.275 441.553 440.634 452.351 433.768 431.336 457.742 428.743 415.049 782.943 1194.95 774.826 579.029 413.17 511.698 521.072 473.809 410.19 410.038 406.164 405.574 400.569 395.74 458.832 391.044 447.504 389.379 809.717 562.479 1191.03
threshold=13030.000000000002 0 4.4928569793701181 1 0.19365485012531283 2 3 4 5 180.00000000000003 6 7 8 0.076926078647375121 1940.0000000000002 950.00000000000011 850.00000000000011 9 0.12056355178356172 59.500000000000007 50.500000000000007 10 325.00000000000006 16.94999980926514 11 6.5428574085235605 0.063124977052211775 1410.0000000000002 0.087743796408176436 0.058047603815793998 12 0.10479542613029481 0.098654624074697508 13 0.055219287052750594 14 0.053855204954743392 15 16 0.15550526976585391 17 77.500000000000014 88.500000000000014 135.00000000000003 18 19 325.00000000000006 325.00000000000006 20 1225.0000000000002 1.8071429133415224 -0.39827153086662287 21 22 475.00000000000006 0.058227287605404861 0.075847711414098754 23 155.00000000000003 155.00000000000003 24 1280.0000000000002 1560.0000000000002 25 113.00000000000001 850.00000000000011 26 68.500000000000014 0.051437802612781532 0.11373248696327211 0.058846931904554374 27 0.056865874677896507 28 0.055219287052750594 19.500000000000004 615.00000000000011 38.500000000000007 130.50000000000003 155.00000000000003 29 155.00000000000003 24.500000000000004 0.063850197941064848 90.000000000000014 0.096113115549087538 325.00000000000006 30 24.500000000000004 0.051913643255829818 0.2584999948740006 950.00000000000011 1225.0000000000002 31 97.500000000000014 32 0.071972697973251357 39.500000000000007 1615.0000000000002 88.500000000000014 6.2500000000000009 0.098019190132617964 72.500000000000014 0.062614444643259062 33 34 950.00000000000011 35 0.095947422087192549 36 80.500000000000014 59.500000000000007 0.086274277418851866 75.500000000000014 0.1045757830142975 18.500000000000004 89.500000000000014 37 61.500000000000007 45.000000000000007 0.086274277418851866 38 0.16058247536420825 39 40 0.07194120436906816
decision_type=2 9 2 9 10 9 9 9 9 2 9 9 9 8 2 2 2 9 10 2 2 9 2 2 9 2 8 2 10 2 9 10 2 9 2 9 2 9 9 2 9 2 2 2 9 9 2 2 9 2 2 2 9 9 2 10 10 9 2 2 9 2 2 9 2 2 9 2 8 10 2 9 2 9 2 2 2 2 2 2 9 2 2 8 2 8 2 9 2 2 2 2 2 9 2 9 2 2 2 2 2 2 2 10 9 9 2 9 2 9 2 2 2 2 2 2 2 9 2 2 2 9 2 9 9 8
left_child=1 5 4 -2 6 31 12 13 30 10 34 100 21 -5 25 16 17 18 72 95 96 22 -3 43 -17 26 27 -13 -29 40 45 -1 37 -34 35 36 -7 94 -9 90 -28 122 68 44 -8 -4 70 -47 49 -49 51 52 -25 -53 55 57 101 59 -59 -21 63 -62 114 64 66 -66 -45 -65 -43 -26 71 -39 73 -14 -75 76 -74 79 -79 80 -77 -80 117 -12 -54 -70 87 -87 -32 -88 -22 -90 93 -69 -10 -19 -15 -18 109 -100 -11 102 -56 -6 107 113 108 -86 -107 110 111 112 -93 -106 -63 -78 -36 -52 119 -85 -48 -122 124 -124 125 -23
right_child=3 2 8 7 103 9 23 38 32 11 83 14 15 20 -16 24 97 19 -20 54 39 41 -24 50 69 -27 29 28 -30 -31 88 -33 33 -35 116 -37 -38 46 -40 -41 -42 42 -44 60 -46 47 120 48 -50 -51 82 53 84 -55 56 -57 -58 58 -60 -61 61 62 -64 67 65 -67 -68 92 85 -71 -72 -73 75 74 -76 77 115 78 81 -81 -82 -83 -84 118 104 86 89 -89 91 -91 -92 98 -94 -95 -96 -97 -98 -99 99 -101 -102 -103 -104 -105 105 106 -108 -109 -110 -111 -112 -113 -114 -115 -116 -117 -118 -119 -120 -121 121 -123 123 -125 -126 -127
leaf_value=0.018000167981862804 -0.21646164377629018 -0.015938493499399006 0.007510139311074005 0.0041991079125839933 0.0110189046087834 -0.034015219184027994 -0.087888874849106402 -0.044649497083877859 0.013761556259645064 0.010643313390087963 0.012721039720068187 0.0095788862328194738 -0.13405975682170768 -0.033589597430668382 -0.06470770187629675 -0.020382512597731814 -0.18863617578068295 -0.018299901145984183 -0.15150427532892158 -0.021310328402510955 -0.083223024000887005 -0.040204256536356731 -0.11936267368056061 -0.0051547896820462995 0.0013292943705522191 0.0093336748884857417 -0.019146546805772748 -0.0022455007730762368 -0.14957721762797413 -0.0003605859438532884 -0.031970656846431578 0.042715039927563994 -0.040772772098683963 -0.00090208225750011228 -0.0087838955641938998 -0.017662342916775757 -0.083213286863636604 0.0035738807905851704 0.025873337414122538 -0.20599541480962544 -0.002566555368196069 0.014961765065677464 -0.0039982544418188399 -0.0010506047448656823 -0.011730608770777329 0.017081398092778786 0.010707926044128844 -0.11493599106661807 -0.0045604901520531456 0.031462248134548246 -0.026136067055863677 -0.0073118478499875515 -0.087824908424826223 -0.012843645642493785 -0.057101924717768697 -0.090936001021306487 0.0022956793698216253 -0.022523212541771705 -0.040552472025979711 0.03211637691417827 -0.0020071818430965525 -0.063568080075409095 -0.023096835468717394 -0.0094027263425291562 0.0026378883117788724 -0.048995596267004442 -0.017109053046214913 0.021823707484436929 -0.056237389242110365 -0.032164825904566818 0.0021622290767654801 -0.027078412845103515 -0.021738100320340195 -0.011597549748524888 -0.07152921606813159 -0.013933987041278708 -0.12497109737992287 -0.16142100652423472 0.0078281073412432775 -0.0031103148689339403 -0.12135743072210264 -0.048333519227457364 -0.0027568811206789144 0.031237415075302127 -0.027534606475850744 -0.051137110880040318 -0.042846782255740394 -0.0013373476004053372 -0.018423670231182795 -0.014242666972987251 -0.16981523696942763 0.017923012942531596 -0.005265176129730713 7.5940717962159974e-05 -0.0096664430800244006 -0.00014831618800197505 -0.10029851152628355 -0.10951926966292594 -0.0060009270932491268 -0.074944927506422732 0.022816367669843511 -0.011444426539599008 -0.023505744555495034 0.001421193530762855 -0.013686809650998564 -0.092969913060005543 -0.027614949244400798 -0.0017174453353343544 -0.041267204862955854 0.00043696506439254613 0.0034817495437537722 -0.027949426144168083 -0.027290373291573366 -0.039136088376994102 -0.14695381016685413 -0.067925793616027061 -0.023392642174281837 -0.0079051356955739394 0.00051860287816999555 -0.024371136125035015 0.013615293014187565 -0.0021228564789105911 -0.066911417827086234 -0.0029861240875660887 -0.0090818036033807319 0.0065123651953482679
leaf_weight=5509 392 515 5773 103 7548 621 177 242 12448 15489 2818 11852 113 132 321 7567 110 1747 136 584 121 542 265 6981 4770 13239 5282 193 101 54634 1021 1976 494 13982 6188 2961 575 1533 260 175 3987 249 5434 3747 8040 976 11995 312 7580 183 1593 37316 101 38132 543 308 1018 2860 3538 236 44969 114 234 10031 274 1273 4172 1534 537 448 8872 1550 742 328 419 138 169 108 275 1428 120 452 14520 152 2073 1125 629 249 4625 2733 109 522 5187 2735 784 3978 292 166 173 169 3175 1302 1118 9412 3625 430 2753 2117 361 4818 1250 1997 346 676 103 351 2364 3455 14607 1055 2229 5927 282 471 14510 5144
leaf_count=5509 392 515 5773 103 7548 621 177 242 12448 15489 2818 11852 113 132 321 7567 110 1747 136 584 121 542 265 6981 4770 13239 5282 193 101 54634 1021 1976 494 13982 6188 2961 575 1533 260 175 3987 249 5434 3747 8040 976 11995 312 7580 183 1593 37316 101 38132 543 308 1018 2860 3538 236 44969 114 234 10031 274 1273 4172 1534 537 448 8872 1550 742 328 419 138 169 108 275 1428 120 452 14520 152 2073 1125 629 249 4625 2733 109 522 5187 2735 784 3978 292 166 173 169 3175 1302 1118 9412 3625 430 2753 2117 361 4818 1250 1997 346 676 103 351 2364 3455 14607 1055 2229 5927 282 471 14510 5144
internal_value=-0.00474518 -0.00439513 -0.00689623 -0.104009 -0.00935213 0.00191322 -0.0103169 -0.0711356 0.000820721 0.000700628 -0.00666161 0.00283183 -0.0160671 -0.10446 0.000773082 -0.0209502 -0.0256836 -0.0242235 -0.0395821 -0.0199275 -0.119208 -0.0108221 -0.050537 -0.0083351 -0.0127138 0.0010093 -0.000439952 0.00805516 -0.0531949 -0.00205471 -0.00624384 0.0244969 0.00433423 -0.0022942 -0.0181814 -0.0292402 -0.0572397 0.00645159 -0.00835214 -0.160315 -0.0120392 -0.00983407 -0.0157541 -0.00550178 -0.0135028 -0.000312222 0.00400969 -0.00530462 -0.0080187 -0.0608587 -0.010386 -0.0113788 -0.0163836 -0.0101105 -0.0270114 -0.0320059 -0.0175638 -0.029479 -0.0324472 -0.00584231 -0.00461763 -0.0026036 -0.061994 -0.00777334 -0.0144782 -0.0398546 -0.00953477 -0.00451004 -0.0273199 -0.00154904 -0.00146921 -0.0119168 -0.0363571 -0.057074 -0.0452645 -0.0316336 -0.0485403 -0.0231543 -0.0446524 -0.0124871 -0.064174 -0.0271079 -0.00558813 0.0012058 -0.0228187 -0.0293189 -0.0262555 -0.0425014 -0.0121323 -0.0196054 -0.124818 -0.0106817 0.000675841 0.00789395 0.0123635 -0.00572177 -0.0796585 -0.141619 -0.00681953 -0.0401889 0.0127084 -0.0243854 -0.0345165 0.00569303 -0.0222849 -0.0263727 -0.0368665 -0.0145291 -0.0694555 -0.00553763 -0.012502 -0.0195181 -0.000110499 -0.0176539 -0.10364 -0.0866698 -0.0128244 -0.0137297 -0.000846086 -0.0173482 0.00726206 0.00219354 -0.00674205 -0.0279103 -0.00595146 0.00204936
internal_weight=519924 518098 370999 1826 281440 147099 264480 1434 89559 139614 31341 108273 67757 932 89609 35072 22287 22011 4779 17232 829 32685 780 196723 12785 89288 76049 12146 294 63903 29745 7485 59814 14476 12709 4157 1196 45338 502 405 9269 31905 10956 82590 8217 14824 32106 9051 8075 495 114133 94565 19117 75448 11507 7526 3981 7218 6398 820 74373 45420 451 28953 9466 1547 7919 19487 5522 5218 11955 3083 4643 860 747 3783 1262 2521 835 1686 258 727 19568 18632 12136 5273 4736 1374 14921 3362 230 13900 9456 4269 13232 5725 424 276 9275 342 18664 2963 1661 16960 12035 7845 3544 4190 791 8933 4115 2865 868 4301 217 520 8552 5048 15814 1207 20151 8156 20949 753 20196 5686
internal_count=519924 518098 370999 1826 281440 147099 264480 1434 89559 139614 31341 108273 67757 932 89609 35072 22287 22011 4779 17232 829 32685 780 196723 12785 89288 76049 12146 294 63903 29745 7485 59814 14476 12709 4157 1196 45338 502 405 9269 31905 10956 82590 8217 14824 32106 9051 8075 495 114133 94565 19117 75448 11507 7526 3981 7218 6398 820 74373 45420 451 28953 9466 1547 7919 19487 5522 5218 11955 3083 4643 860 747 3783 1262 2521 835 1686 258 727 19568 18632 12136 5273 4736 1374 14921 3362 230 13900 9456 4269 13232 5725 424 276 9275 342 18664 2963 1661 16960 12035 7845 3544 4190 791 8933 4115 2865 868 4301 217 520 8552 5048 15814 1207 20151 8156 20949 753 20196 5686
cat_boundaries=0 2 4 6 8 10 12 13 14 15 16 17 19 20 22 23 25 27 29 31 32 33 35 37 38 40 41 43 45 46 47 49 50 51 52 54 56 58 60 62 63 65
cat_threshold=423897686 170 268435458 8192 16 2 705569 2112 35127296 4 9093120 68 4203010 4194374 10 656384 1 163840 2048 10 1073741952 16384 2 1073742880 30720 671088640 2048 16777728 128 0 512 8519680 1 2686455944 17664 2256605312 5636 32768 2184183816 4372 4 33554440 4356 69210240 1792 2 1 0 2048 4 49152 2 1074855936 21 1073807360 17 16384 4 8454144 8708 65544 1809 163840 163872 64
is_linear=0
shrinkage=0.03


Tree=12
num_leaves=127
num_cat=44
split_feature=0 48 5 5 30 5 5 11 5 5 5 2 5 5 23 26 47 5 5 5 2 13 2 31 5 0 25 2 5 47 5 0 27 0 0 27 27 37 48 27 0 25 0 25 27 27 25 5 27 0 5 0 0 5 5 5 5 5 27 2 0 44 0 44 0 5 25 25 0 0 5 47 25 29 27 0 27 5 27 0 21 33 0 5 0 25 5 27 0 3 3 25 22 13 31 47 5 27 5 47 23 5 0 5 25 25 5 27 25 25 25 23 21 0 5 5 5 0 5 27 5 23 27 0 11 20
split_gain=20140.4 8600.29 8123.1 6702.92 4670.43 3016.55 3016.03 2543.43 4376.05 2157.34 1961.64 1782.97 2146.34 1441.32 1336.42 1102.44 1177.1 1025.82 1002.47 997.237 939.907 930.88 926.778 1368.1 1312.59 1127.19 906.447 882.34 1365.42 1431.33 992.58 1779.44 857.114 843.495 821.481 4294.92 972 764.725 813.146 761.403 741.143 1168.87 4392.32 1022.59 952.777 829.579 1219.75 802.657 735.292 829.171 712.22 697.499 1164.86 1138.46 684.88 667.523 659.44 648.401 628.189 586.074 802.551 3738.36 540.071 534.313 522.896 1653.95 517.018 512.66 910.676 508.972 895.389 559.918 516.489 503.222 490.88 490.26 537.385 528.643 510.453 735.935 535.927 477.872 495.322 459.955 453.177 1450.67 449.294 903.277 774.461 1142.28 724.378 563.438 430.036 429.697 428.611 422.475 1228.88 889.472 421.545 420.348 418.75 417.236 416.82 415.022 438.958 565.779 475.812 433.031 413.942 413.237 1463.04 465.26 444.779 706.529 590.624 490.586 403.088 398.921 1068.87 393.361 388.549 1025.14 620.711 415.391 407.702 388.116
threshold=13030.000000000002 0.84999999403953563 0 1 0.085353039205074324 2 3 0.3744682669639588 4 5 6 7 8 9 0.093464292585849776 0.24214403331279757 43.414999008178718 10 11 12 13 33.500000000000007 14 0.060780476778745658 15 1560.0000000000002 50.500000000000007 16 17 21.615000724792484 18 325.00000000000006 0.15550526976585391 1715.0000000000002 615.00000000000011 0.098019190132617964 0.064750330522656455 12.34999990463257 15.250000000000002 0.16058247536420825 715.00000000000011 49.000000000000007 615.00000000000011 38.500000000000007 0.098019190132617964 0.055219287052750594 81.500000000000014 19 0.16058247536420825 155.00000000000003 20 325.00000000000006 615.00000000000011 21 22 23 24 25 0.11368945986032487 26 325.00000000000006 0.11749999970197679 90.000000000000014 0.24450000375509265 155.00000000000003 27 69.500000000000014 97.500000000000014 1225.0000000000002 90.000000000000014 28 13.295000076293947 16.500000000000004 0.059876527637243278 0.058846931904554374 155.00000000000003 0.095947422087192549 29 0.084925193339586272 615.00000000000011 0.066236898303031935 6.7500000000000009 1715.0000000000002 30 155.00000000000003 77.500000000000014 31 0.053263295441865928 615.00000000000011 32 33 69.500000000000014 -0.018764594569802281 44.500000000000007 0.050722325220704086 25.765000343322757 34 0.10945477336645128 35 41.764999389648445 0.11144557595252992 36 90.000000000000014 37 81.500000000000014 95.000000000000014 38 0.059944719076156623 99.000000000000014 88.500000000000014 77.500000000000014 0.051437802612781532 0.096113115549087538 325.00000000000006 39 40 41 110.00000000000001 42 0.05270845256745816 43 0.07194120436906816 0.16352472454309466 1225.0000000000002 -0.48314717411994929 88.500000000000014
decision_type=2 2 9 9 10 9 9 2 9 9 9 9 9 9 8 10 2 9 9 9 9 2 9 10 9 2 2 9 9 2 9 2 2 2 2 2 2 2 2 2 2 2 2 2 2 2 2 9 2 2 9 2 2 9 9 9 9 9 2 9 2 2 2 2 2 9 2 2 2 2 9 2 2 8 2 2 2 9 2 2 8 2 2 9 2 2 9 2 2 1 1 2 8 2 10 2 9 2 9 2 10 9 2 9 2 2 9 2 2 2 2 8 8 2 9 9 9 2 9 2 9 8 2 2 2 2
left_child=1 6 4 9 7 -6 19 13 11 14 37 86 39 20 -2 16 27 -8 93 59 -3 -19 24 -24 25 -7 -16 30 29 40 31 -12 63 34 35 36 103 73 -39 58 41 42 43 -29 -44 46 -43 -42 49 -14 -22 55 53 -53 62 84 -36 -54 -13 99 -61 -62 -38 -28 65 -21 -51 -23 -69 72 -71 94 -30 -4 -57 77 78 -47 79 -77 -81 -66 -83 -18 85 -40 87 91 90 -90 -88 -9 -74 -5 -72 -59 -97 -98 -10 -1 -100 -55 -56 -15 106 -106 -105 -107 -35 110 120 -112 -113 115 -115 -114 -20 118 -75 -73 121 123 -123 -32 -122 -84
right_child=3 2 10 18 5 22 17 8 98 -11 15 12 48 33 26 -17 83 21 116 64 50 67 23 -25 -26 -27 32 28 69 -31 109 -33 -34 108 56 -37 54 38 51 -41 47 45 44 -45 -46 75 -48 -49 -50 66 -52 52 57 101 102 74 -58 95 -60 60 61 -63 -64 -65 81 -67 -68 68 -70 70 71 119 92 117 -76 76 -78 -79 -80 80 -82 82 125 -85 -86 -87 88 -89 89 -91 -92 -93 -94 -95 -96 96 97 -99 100 -101 -102 -103 -104 104 105 107 -108 -109 -110 -111 111 112 113 114 -116 -117 -118 -119 -120 -121 124 122 -124 -125 -126 -127
leaf_value=-0.026713491796622753 -0.02330874072342384 0.0086123625898894829 0.011213016830543342 -0.045445514646772704 0.036026134134665593 -0.015981850623983551 0.017271105519350276 -0.012068313590010036 -0.013343578965774872 -0.20757377110529637 -0.013363129315631729 -0.032666804371091533 -0.093994862595739095 0.0054220611892965773 -0.078394113235514262 0.0092400131341823528 0.0058742713851320212 0.0088887466955887007 -0.037518048369464402 -0.1104962115225039 0.016533631488672859 0.0024467143365850268 0.013131187984369588 -0.00046339483984937489 0.0021720669015428263 -0.095439949629968296 -0.072937253393044993 -0.019060625750150134 -0.092222693000523576 -0.0019685210213654537 -0.012018753838317933 -0.10969273795391443 -0.20780857667105934 -0.092077009327761777 0.0045484457444244942 -0.18734516371104676 -0.07883043588853321 -0.0024986080355400087 0.0056282509787562336 0.0030067933167607246 -0.025220496120293333 -0.029111105182116119 -0.18173964157910413 -0.081851790607396779 -0.094482892534397539 0.0090804133564725224 -0.094123981890838537 0.01367776278089795 -0.13902093676624783 -0.015276118769813133 -0.0065617423133731215 -0.011355573234833877 -0.0040749235359480301 0.025563636501601178 0.008582649482774778 -0.02791461626738442 -0.0037558199298764502 -0.011415492690741262 -0.10731826998754941 0.018048139647580681 -0.017768564603662784 -0.14348167931669142 -0.022705531627214129 -0.16238155139047045 -0.0038060740701827303 -0.0083868704268140696 -0.071617088116891686 -0.0082359139092406733 -0.090286406362852581 0.0063076282454113102 -0.0051757989773495014 -0.06987791805714369 -0.047454648310498844 -0.083124182069843469 -0.012073220363135019 -0.036784010689410555 -0.00021039276775803876 -0.022078843999567825 -0.059140244358375726 -0.066163079122535315 0.0018253516633932414 0.0031585947251778416 -0.0034854239853816704 -0.0092256398981840158 -0.0047652429184626473 -0.1154985594559223 0.00539733481109104 0.0043243078505381081 -0.048200303173008892 0.019700141342270164 -0.03601659729499191 -0.085892264182152955 -0.01753671549735096 -0.12037742382982403 -0.019817143191045605 -0.0074238927516816168 -0.034588232697518762 -0.013010743714648757 -0.0053748516683620956 0.01460115362689747 0.0080732012470499173 0.0039083279629522853 -0.011566923216333286 0.016701970609693407 -0.023531633873020482 -0.0045993233757016744 -0.0032040362676478023 -0.025714851743344588 -0.01823373893261852 -0.0039757844986729601 0.014753470690104529 -0.054747537644030626 -0.051526625806056284 -0.0053124951376598561 -0.030969532942203979 -0.0017206593128740628 0.025088993716571067 -0.0054874443664166108 -0.0074169133207015693 -0.019194753985134781 -0.016729988424997511 0.012515282574706738 -0.041559988592825198 -0.068250178212815135 -0.0072647110468767656 -0.085120935582501042
leaf_weight=304 122 15160 1602 215 2853 2270 7763 189 5317 403 503 1020 616 3967 197 1761 2851 34349 130 141 1390 23448 16563 11145 14747 172 118 1339 104 1914 239 262 176 142 13687 117 162 10966 241 545 1733 738 212 282 249 673 401 652 156 288 8459 5671 7391 932 1040 5489 23143 22749 112 407 3035 228 2967 128 20342 2458 299 1571 131 1973 6176 139 557 209 2595 2912 492 1767 594 118 847 20287 108 4964 3752 140 972 1326 1660 257 623 183 1933 102 2539 5456 4495 2787 19114 810 2338 5399 8235 1133 2065 10101 19601 956 132 5483 230 533 1149 1636 1614 222 259 47633 739 9528 6875 2346 207 234 10136 101
leaf_count=304 122 15160 1602 215 2853 2270 7763 189 5317 403 503 1020 616 3967 197 1761 2851 34349 130 141 1390 23448 16563 11145 14747 172 118 1339 104 1914 239 262 176 142 13687 117 162 10966 241 545 1733 738 212 282 249 673 401 652 156 288 8459 5671 7391 932 1040 5489 23143 22749 112 407 3035 228 2967 128 20342 2458 299 1571 131 1973 6176 139 557 209 2595 2912 492 1767 594 118 847 20287 108 4964 3752 140 972 1326 1660 257 623 183 1933 102 2539 5456 4495 2787 19114 810 2338 5399 8235 1133 2065 10101 19601 956 132 5483 230 533 1149 1636 1614 222 259 47633 739 9528 6875 2346 207 234 10136 101
internal_value=-0.00465652 -0.00430357 -0.00637378 -0.103438 -0.0019814 0.00617303 0.00291336 -0.00462188 -0.0116824 -0.147821 -0.0105084 -0.0307762 -0.0490841 -0.00242341 -0.112763 -0.0142249 -0.014761 0.00701771 -0.0289137 -0.00281256 0.00392661 0.00567698 0.00426627 0.00766045 -0.00120643 -0.0215271 -0.132147 -0.0160016 -0.0190969 -0.0261744 -0.0122896 -0.0458559 -0.156995 -0.00423943 -0.00407438 -0.00656522 -0.00614039 -0.00821455 -0.0100726 -0.0259704 -0.0297554 -0.0331484 -0.0533061 -0.0300279 -0.134916 -0.0282296 -0.0520622 -0.0146338 -0.0771686 -0.06968 -0.00328746 -0.0113104 -0.00986691 -0.00160558 -0.0134277 -0.0177935 -0.000669481 -0.0121793 -0.040141 -0.0157967 -0.0215808 -0.026594 -0.0255539 -0.119946 -0.0013789 -0.0144241 -0.0440475 0.00129253 -0.0146005 -0.0144844 -0.0128946 -0.0149511 -0.0270054 -0.00532569 -0.0228034 -0.0245563 -0.0299697 -0.0135376 -0.0332437 -0.0292618 -0.00654815 -0.000548682 0.00268426 -0.00372126 -0.0079168 -0.0390661 -0.0200267 -0.0072316 -0.0261711 -0.0390918 -0.0107912 -0.0485178 -0.0242456 -0.067729 -0.00944315 -0.013862 -0.0182408 -0.0262968 -0.0057861 0.00328348 -0.00390705 0.00713506 -0.00929686 -0.00375025 -0.0048253 -0.00912046 -0.00210902 -0.00642715 -0.0566985 -0.0114426 -0.0130574 -0.0269404 -0.0288035 -0.0257999 -0.0181714 -0.043857 0.00370996 -0.00587129 -0.0251317 -0.0199307 -0.00932589 0.000594533 0.00811625 -0.0399226 -0.0110843 -0.0431536
internal_weight=519918 518068 402585 1850 195222 47750 115483 147472 35015 1144 207363 8246 3036 112457 741 79117 77356 67262 706 48221 25009 59499 44897 27708 17189 2442 619 69541 37872 14923 31669 765 422 87448 87174 50344 50227 128246 78063 1677 13009 10624 2082 1621 461 8542 1139 2385 1359 1203 9849 67097 54880 12002 12404 12217 36830 42878 1132 4784 3670 3263 3129 246 43437 2599 587 25150 1702 22949 20355 18382 2594 50183 8084 7403 4963 2440 4471 3877 965 40838 20496 7815 4133 381 5210 1698 3512 1917 1595 372 2490 317 8715 35487 12738 7282 26769 1114 21452 6331 9275 37823 33856 13122 20734 11057 274 30904 25421 5384 5154 4621 3250 1371 389 48581 948 9667 20037 3026 2553 473 17011 209
internal_count=519918 518068 402585 1850 195222 47750 115483 147472 35015 1144 207363 8246 3036 112457 741 79117 77356 67262 706 48221 25009 59499 44897 27708 17189 2442 619 69541 37872 14923 31669 765 422 87448 87174 50344 50227 128246 78063 1677 13009 10624 2082 1621 461 8542 1139 2385 1359 1203 9849 67097 54880 12002 12404 12217 36830 42878 1132 4784 3670 3263 3129 246 43437 2599 587 25150 1702 22949 20355 18382 2594 50183 8084 7403 4963 2440 4471 3877 965 40838 20496 7815 4133 381 5210 1698 3512 1917 1595 372 2490 317 8715 35487 12738 7282 26769 1114 21452 6331 9275 37823 33856 13122 20734 11057 274 30904 25421 5384 5154 4621 3250 1371 389 48581 948 9667 20037 3026 2553 473 17011 209
cat_boundaries=0 2 4 6 8 10 12 14 15 16 18 20 21 23 24 25 26 27 29 30 32 34 36 38 40 42 44 45 46 47 49 51 52 53 54 56 58 60 62 64 66 68 70 72 74
cat_threshold=499530454 17578 303038466 8196 0 2 887806464 453 281160194 2 34603008 4 2687565824 13077 6 12583424 134490198 2 262164 10 537395200 540672 64 6 9 133250 10 525344 2048 1 0 2048 262144 2 2162688 4353 25296896 16416 2097152 768 16777856 128 2162688 4353 9 131072 1073741825 524288 2048 525345 2048 4204546 2 2 2684354560 16 83886084 1024 2147483648 4 343932928 32 0 16384 32768 2048 0 2048 134217728 2048 0 512 32768 64
is_linear=0
shrinkage=0.03


Tree=13
num_leaves=127
num_cat=41
split_feature=0 5 37 5 5 30 5 5 5 37 28 0 27 36 0 23 11 0 25 5 0 5 25 5 23 21 30 25 0 0 5 29 27 27 5 27 5 0 5 11 5 5 22 27 25 25 11 5 5 29 0 0 5 5 27 27 0 27 5 27 27 27 0 26 5 25 25 0 5 25 5 27 0 5 0 4 5 0 0 4 0 20 27 27 5 5 5 0 5 5 29 21 44 5 11 32 27 8 0 5 5 27 32 5 0 25 23 25 0 5 0 4 27 25 27 0 5 0 0 25 0 4 25 5 25 21
split_gain=18588 8155.7 6742.93 6642.09 3876.66 3652.06 3322.62 2252.5 2243.43 1766.89 1415.3 1959.45 1921.45 1394.15 1388.51 1215.82 1138.66 1110.76 1006.49 993.932 966.302 2501.98 1086.16 1001.01 1048.51 930.924 911.259 861.658 1885.11 2501.98 1303.32 1299.06 1173.69 825.233 823.21 1566.77 813.642 798.102 739.643 728.265 719.23 683.148 714.334 681.333 670.695 757.049 651.909 1058.62 712.816 688.533 700.357 637.963 617.788 611.747 591.844 589.555 542.736 539.875 859.337 531.482 517.603 502.186 497.918 499.843 495.911 479.644 499.289 595.439 775.101 471.916 543.663 730.326 466.931 543.72 466.339 1383.54 596.384 931.017 646.535 1987.29 2893.99 534.435 457.953 912.8 776.779 592.669 451.581 446.848 1190.45 551.22 653.313 484.78 432.786 427.711 417.72 466.928 414.903 475.413 408.723 460.711 405.589 402.467 553.316 407.59 421.038 1737.2 517.249 398.731 384.512 879.184 372.825 1009.15 755.962 362.202 360.419 360.406 358.967 368.916 682.21 793.469 497.948 1394.05 878.403 530.869 440.132 431.216
threshold=13030.000000000002 0 26.050000190734867 1 2 0.19365485012531283 3 4 5 28.550000190734867 0.11491271480917932 1560.0000000000002 0.058047603815793998 5.9499998092651376 90.000000000000014 0.093464292585849776 0.24372619390487674 1940.0000000000002 50.500000000000007 6 225.00000000000003 7 59.500000000000007 8 0.058227287605404861 0.046407744288444526 0.10479542613029481 19.500000000000004 325.00000000000006 950.00000000000011 9 0.067042030394077315 0.098019190132617964 0.098654624074697508 10 0.052256155759096153 11 225.00000000000003 12 0.24372619390487674 13 14 -0.050920834764838212 0.15550526976585391 69.500000000000014 89.500000000000014 0.48314048349857336 15 16 0.12313740327954294 1715.0000000000002 325.00000000000006 17 18 0.052256155759096153 0.058047603815793998 850.00000000000011 0.058846931904554374 19 0.056865874677896507 0.086274277418851866 0.060448419302701957 61.500000000000007 0.010383780114352705 20 88.500000000000014 78.500000000000014 325.00000000000006 21 15.500000000000002 22 0.055219287052750594 325.00000000000006 23 155.00000000000003 24 25 1715.0000000000002 325.00000000000006 26 950.00000000000011 88.500000000000014 0.10038758814334871 0.086274277418851866 27 28 29 135.00000000000003 30 31 0.04237759672105313 0.059908211231231696 0.26250000298023229 32 0.3903625756502152 0.18351718783378604 0.084925193339586272 10.500000000000002 325.00000000000006 33 34 0.10038758814334871 0.12430509924888612 35 1280.0000000000002 102.50000000000001 0.10130250453948976 39.500000000000007 850.00000000000011 36 1100.0000000000002 37 0.14242830872535708 43.500000000000007 0.064750330522656455 1560.0000000000002 38 225.00000000000003 325.00000000000006 89.500000000000014 850.00000000000011 39 113.00000000000001 40 155.00000000000003 0.10722555592656137
decision_type=2 9 2 9 9 10 9 9 9 2 8 2 2 2 2 8 2 2 2 9 2 9 2 9 10 10 10 2 2 2 9 10 2 2 9 2 9 2 9 2 9 9 8 2 2 2 2 9 9 8 2 2 9 9 2 2 2 2 9 2 2 2 2 8 9 2 2 2 9 2 9 2 2 9 2 9 9 2 2 9 2 2 2 2 9 9 9 2 9 9 8 8 2 9 2 10 2 2 2 9 9 2 8 9 2 2 8 2 2 9 2 9 2 2 2 2 9 2 2 2 2 9 2 9 2 10
left_child=1 4 5 8 26 6 20 16 15 10 11 107 14 46 39 -2 74 36 -17 -5 21 -3 52 59 62 -13 114 28 53 31 -31 32 54 40 35 -16 37 -14 -35 -12 -9 42 -29 92 -37 -46 48 -48 -8 -49 82 57 -23 -22 -30 -56 72 58 -42 -24 -53 69 63 -25 -11 66 -44 68 -68 -54 71 -71 -43 -74 75 -4 77 -76 -78 80 -80 -79 83 84 -51 -85 -36 88 -15 101 -91 -92 -20 108 -38 -96 97 -64 -50 110 -34 116 -103 -104 -105 -106 -107 -6 109 -62 -100 112 -112 -113 -1 -81 -89 -118 119 -119 123 122 -122 -120 -121 -125
right_child=3 2 7 19 9 -7 13 33 -10 64 12 25 17 87 34 18 -18 -19 43 -21 27 22 23 24 -26 -27 -28 41 29 30 -32 -33 100 38 86 44 94 -39 -40 -41 51 56 65 -45 45 -47 47 49 98 50 -52 60 61 -55 55 -57 -58 -59 -60 -61 93 -63 96 -65 -66 -67 67 -69 -70 70 -72 -73 73 -75 76 -77 78 81 79 115 -82 -83 -84 85 -86 -87 -88 89 -90 90 91 -93 -94 -95 95 -97 -98 -99 99 -101 -102 102 103 104 105 106 -108 -109 -110 -111 111 113 -114 -115 -116 -117 117 118 120 124 121 -123 -124 125 -126 -127
leaf_value=0.023033278575813831 -0.019684946760535241 -0.11822413328635334 -0.12035951826424725 -0.058619187236108511 0.016729476088486062 0.0049642688169492175 -0.0050714464431392192 0.011536032307959789 -0.20545931820753141 -0.00015601707258688268 -0.012910393009137409 -0.14739724360406398 -0.0038237290380293658 -0.083910285226887246 0.0076629373423072094 -0.071082490770891307 -0.020316282041492072 -0.072481003498274174 -0.07875904155940544 0.012188393885583876 0.010499554020812851 -0.0010326128074421806 0.014034891649166378 0.052335297282379449 -0.086727411282470246 -0.022243267293212868 0.040791962933169224 -0.023349281993038755 -0.093755939967252983 -0.066326885240415884 0.0021478389739282649 -0.13928946727631139 -0.05301429305523634 -0.037245237190223164 0.008428127716057842 0.007706495749950408 9.7904731027741599e-05 0.012321812082682519 -0.000967069284794031 -0.073605244869531669 0.0046603849398097284 -0.0085541820147462602 -0.010984487988419301 -0.19748107634057274 -0.070825873097637659 -0.028747132708596291 -0.0075458654011965401 -0.00093852755463308553 -0.014968872745433046 0.002678534507049986 -0.094726783854839125 0.010690557446855055 -0.067366855933385747 -0.016525851844609037 0.015024038885471573 -0.040297311444745562 -0.017690406056552744 0.0021022285065646499 -0.024804736329925189 -0.018624338144615459 -0.031638542359034273 -0.0086184827553455433 -0.025763547451615791 -0.017822200024055143 0.012066527658044503 -0.0044462287500946626 -0.049167574811193146 -0.015364526962859478 -0.0032415115468888344 0.00049813731553706713 -0.017550921719653764 -0.08356886318444344 0.031167344718202445 0.0022381578349255651 0.0037764387066156241 -0.011616220750193232 0.014006601636893389 -0.012523492720079132 -0.11996262963723253 -0.0069510822167783712 0.031568345232520785 -0.10883908257177731 -0.010817122448748225 0.0044045301451201297 -0.023273829453446609 -0.038083708892551596 -0.0082574206051985646 0.0032839793597514433 -0.009079604126171913 -0.024505528911866987 0.013068133905360912 -0.00035499198265640295 -0.16252138872941332 0.011764228662845265 -0.012463091006250272 -0.00032554172117372083 -0.083280989307205414 -0.045057646027537632 -0.0089225770336996309 -0.0041550379152857373 -0.12518086993211025 -0.058330271245481465 -0.0025406016866179734 -0.012276125918559661 0.013151967718122189 -0.052703721235538348 -0.13050064021432903 0.005877269713869919 0.0017714235051725005 0.010398871576456402 -0.12080681440748399 -0.0039969525479696538 -0.030358029075843444 -0.02021191743226004 0.0071395653849565116 0.017625794019274693 0.0033103037156451123 -0.028018340685747756 0.012860834898373599 0.0036216658184150458 -0.012480297926267772 0.009536759202819876 -0.044166267470439002 -0.0015005251381036073 -0.015757934596921725 -0.027515533549966841
leaf_weight=3400 113 222 112 380 3886 16793 39317 14275 399 3755 286 103 4033 186 905 199 4168 188 122 327 1393 3040 642 100 306 111 1979 5015 164 286 1589 152 189 514 1656 224 45673 8695 13878 472 1606 1970 30900 182 703 854 14260 1637 13497 1470 116 12092 220 1619 194 1594 1544 8772 1989 1482 1094 3211 3425 963 14751 7435 1119 6881 482 140 3069 276 803 2099 11238 1551 1302 105 323 14316 174 102 3020 326 3546 3779 11926 5299 7247 925 2732 21243 107 2368 5634 5777 147 1735 14302 12256 211 216 3895 4351 297 173 141 14113 4181 749 141 1863 203 3709 2065 557 3970 2520 2303 1968 3110 2085 1054 9571 2271 609
leaf_count=3400 113 222 112 380 3886 16793 39317 14275 399 3755 286 103 4033 186 905 199 4168 188 122 327 1393 3040 642 100 306 111 1979 5015 164 286 1589 152 189 514 1656 224 45673 8695 13878 472 1606 1970 30900 182 703 854 14260 1637 13497 1470 116 12092 220 1619 194 1594 1544 8772 1989 1482 1094 3211 3425 963 14751 7435 1119 6881 482 140 3069 276 803 2099 11238 1551 1302 105 323 14316 174 102 3020 326 3546 3779 11926 5299 7247 925 2732 21243 107 2368 5634 5777 147 1735 14302 12256 211 216 3895 4351 297 173 141 14113 4181 749 141 1863 203 3709 2065 557 3970 2520 2303 1968 3110 2085 1054 9571 2271 609
internal_value=-0.00449003 -0.00415263 -0.00634638 -0.0999334 0.00231049 -0.00861611 -0.00944776 0.000572008 -0.144817 0.00104465 -0.00045854 0.00714608 -0.00205012 -0.00724034 -0.0110885 -0.108773 -0.00563027 0.000148396 -0.126997 -0.0261844 -0.0143914 -0.0203556 -0.0191178 -0.0268068 -0.0325006 -0.0828863 0.0233205 -0.0126689 -0.0223183 -0.0348815 -0.00866873 -0.0544984 -0.0489619 0.00399497 -0.00923737 -0.024384 0.000345018 0.00720037 -0.00229177 -0.0507517 0.00591575 -0.0114441 -0.0125863 -0.153832 -0.0408004 -0.0477793 -0.00934857 -0.0133069 -0.00804176 -0.0191996 -0.0216538 0.00346868 -0.0123387 -0.00404771 -0.0393314 -0.0342898 -0.00219375 -0.00191064 -0.0117001 -0.00870982 0.00671802 -0.017281 -0.0299335 -0.0111793 0.00959305 -0.0114356 -0.0127549 -0.0192027 -0.0356788 -0.0248309 -0.0221271 -0.0540476 0.00271546 0.0103661 -0.0035761 -0.0190078 -0.00266274 0.00261046 -0.00628042 -0.00800383 -0.0669547 -0.0602784 -0.0209479 -0.0243007 -0.0157102 -0.0347913 -0.00621784 -0.00410119 -0.0110883 -0.00334543 0.000220049 0.00117508 -0.118433 0.000993417 -0.00118467 -0.00631883 -0.0336872 -0.0322585 -0.0105786 -0.00875669 -0.0957432 -0.00536965 -0.0109973 -0.00983648 -0.0155254 -0.0388599 -0.0879414 0.00822107 -0.0032559 -0.0146732 -0.0115381 -0.017878 -0.0676742 -0.0147921 0.0170301 -0.00602954 -0.003902 -0.00519393 -0.0065205 -0.0146901 -0.00357206 -0.0104845 -0.0205094 -0.000111145 -0.00676202 -0.00305637
internal_weight=519502 517673 386484 1829 131189 291018 274225 95466 1122 123745 105239 18213 87026 189608 17026 723 33948 70000 610 707 84617 18978 18756 8800 6676 214 7444 65639 7391 4379 1875 2504 2352 61518 16268 2686 69812 12728 14392 758 47126 58248 51832 411 1781 1557 113442 28154 85288 13894 12257 32851 9956 3012 1952 1788 6416 12367 3595 2124 20484 6916 6370 1063 18506 46817 39382 8482 1601 3705 3485 416 4872 2902 29780 1663 28117 11445 16672 15370 497 207 12141 9121 5016 4105 13582 76166 7433 68733 24900 23975 229 8392 57084 11411 5307 5160 45971 32474 400 43833 9073 8857 4962 611 314 17999 6024 1843 20218 5916 344 5572 5465 14873 34760 29461 25491 6759 18732 6249 4164 12483 4239 10180
internal_count=519502 517673 386484 1829 131189 291018 274225 95466 1122 123745 105239 18213 87026 189608 17026 723 33948 70000 610 707 84617 18978 18756 8800 6676 214 7444 65639 7391 4379 1875 2504 2352 61518 16268 2686 69812 12728 14392 758 47126 58248 51832 411 1781 1557 113442 28154 85288 13894 12257 32851 9956 3012 1952 1788 6416 12367 3595 2124 20484 6916 6370 1063 18506 46817 39382 8482 1601 3705 3485 416 4872 2902 29780 1663 28117 11445 16672 15370 497 207 12141 9121 5016 4105 13582 76166 7433 68733 24900 23975 229 8392 57084 11411 5307 5160 45971 32474 400 43833 9073 8857 4962 611 314 17999 6024 1843 20218 5916 344 5572 5465 14873 34760 29461 25491 6759 18732 6249 4164 12483 4239 10180
cat_boundaries=0 2 4 6 8 10 12 14 15 17 18 19 20 22 24 26 28 30 32 33 35 37 39 40 41 42 43 44 46 48 50 52 54 55 57 58 60 61 62 63 64 66
cat_threshold=423897174 170 303038466 8196 16 2 34260009 2128 9093640 68 34603008 4 537395200 2048 131072 557056 16 131072 2 6 1073741952 16384 1073742880 30720 34127872 2064 2686456448 21760 1141969536 4612 16417 2048 34209792 69210240 1536 406847488 128 0 2048 524288 1064 2 8520200 1 8388608 8704 1073807360 1 268697664 32 0 512 2687500288 24837 2788163585 2686451712 24576 524289 2147483648 8197 572522496 1 536870912 4 2148532224 4
is_linear=0
shrinkage=0.03


Tree=14
num_leaves=127
num_cat=43
split_feature=0 48 5 5 29 11 5 5 5 5 5 2 23 5 26 5 25 5 0 22 5 43 0 5 0 0 25 25 37 46 25 5 25 27 0 0 25 27 5 5 0 3 0 27 25 2 0 26 43 11 5 23 2 5 0 5 5 0 48 27 4 5 0 5 11 2 4 0 0 5 0 27 13 5 25 5 5 44 0 45 5 27 5 25 0 27 27 0 5 0 27 20 5 0 5 5 27 0 32 22 25 27 28 0 25 27 44 5 25 30 29 8 0 27 5 0 25 46 25 11 4 28 5 2 27 27
split_gain=16909.7 7747.46 7295.32 6000.12 4385.87 3464.42 3113.51 2708.88 2679.97 2606.7 2073.2 1446.96 1420.25 1278.37 1039.56 990.08 980.384 1250.66 1010.9 964.627 1041.22 902.318 1007.16 1570.78 1428.86 1018.71 930.971 883.36 823.192 880.215 820.704 817.056 811.522 1065 798.597 1861.71 1444.09 780.787 1682.49 691.108 667.689 788.166 661.906 767.43 658.59 648.178 635.076 1581.85 579.207 574.274 561.522 553.024 537.918 715.575 687.558 1683.42 753.557 816.041 533.208 531.016 527.18 525.803 645.386 763.335 638.327 507.781 778.278 3459.23 493.64 603.53 522.431 481.973 476.69 472.752 510.256 470.083 467.476 463.409 456.659 451.954 446.434 436.545 885.453 436.295 1295.42 434.146 428.81 419.239 418.904 413.14 448.151 412.566 404.568 398.295 1435.67 450.72 425.2 397.168 396.747 488.18 390.527 511.1 387.87 387.55 861.607 495.858 537.891 377.148 373.621 373.052 701.16 481.258 393.587 369.696 881.81 354.015 373.211 995.599 353.057 349.92 348.828 346.629 341.534 847.358 600.115 338.411
threshold=13030.000000000002 0.84999999403953563 0 1 0.048529487103223808 0.23537775129079822 2 3 4 5 6 7 0.064333807677030577 8 0.24214403331279757 9 97.500000000000014 10 1225.0000000000002 -0.71979761123657215 11 5.4049999713897714 225.00000000000003 12 155.00000000000003 90.000000000000014 14.500000000000002 66.500000000000014 10.750000000000002 3.4714288711547856 18.500000000000004 13 50.500000000000007 0.15550526976585391 950.00000000000011 325.00000000000006 14.500000000000002 0.055219287052750594 14 15 225.00000000000003 16 325.00000000000006 0.086274277418851866 87.500000000000014 17 1410.0000000000002 0.23996973782777789 1.8550000190734866 -0.70898476243019093 18 0.051437802612781532 19 20 715.00000000000011 21 22 1615.0000000000002 89.200000762939467 0.095947422087192549 23 24 950.00000000000011 25 -0.17647087574005124 26 27 325.00000000000006 325.00000000000006 28 1940.0000000000002 0.058846931904554374 15.500000000000002 29 76.500000000000014 30 31 0.28650000691413885 225.00000000000003 20.015000343322757 32 0.10038758814334871 33 26.500000000000004 950.00000000000011 0.059393314644694335 0.051726119592785842 155.00000000000003 34 615.00000000000011 0.052256155759096153 81.500000000000014 35 110.00000000000001 36 37 0.069445703178644194 1225.0000000000002 0.1805144548416138 0.210432343184948 85.500000000000014 0.16058247536420825 0.11849759146571161 155.00000000000003 40.500000000000007 0.092709075659513487 0.11649999767541887 38 100.50000000000001 0.074335586279630675 0.11832415685057641 2.5000000000000004 950.00000000000011 0.058846931904554374 39 850.00000000000011 59.500000000000007 6.7071428298950204 51.500000000000007 0.24372619390487674 40 0.075703911483287825 41 42 0.060448419302701957 0.051913643255829818
decision_type=2 2 9 9 10 2 9 9 9 9 9 9 8 9 10 9 2 9 2 8 9 2 2 9 2 2 2 2 2 2 2 9 2 2 2 2 2 2 9 9 2 1 2 2 2 9 2 10 2 2 9 8 9 9 2 9 9 2 2 2 9 9 2 9 2 9 9 2 2 9 2 2 2 9 2 9 9 2 2 2 9 2 9 2 2 2 2 2 9 2 2 2 9 2 9 9 2 2 10 10 2 2 10 2 2 2 2 9 2 8 10 2 2 2 9 2 2 2 2 2 9 10 9 9 2 2
left_child=1 8 4 -2 5 13 11 15 31 12 28 100 -5 40 21 -6 17 -10 -18 -8 -21 22 23 25 -25 -12 -26 121 -4 42 34 65 79 77 35 -24 -37 58 -39 -23 41 -3 50 61 -29 107 88 -48 89 -19 93 -32 53 -33 55 103 -56 108 60 -40 -13 64 75 -64 120 -1 67 -67 69 86 -70 72 -52 -45 81 -63 119 -34 102 -14 -11 82 83 84 -75 -50 -15 -62 -9 90 -38 -59 -27 94 -30 -95 -96 -84 109 125 101 -7 -17 104 -54 -105 -107 -31 -58 110 -53 -111 -112 114 -51 -68 -117 -118 -99 -47 -44 -28 123 -22 -125 -100
right_child=3 2 10 9 7 6 19 46 16 80 14 37 32 68 -16 78 18 49 -20 20 122 39 30 24 26 92 27 44 29 45 51 52 33 -35 -36 36 48 38 59 -41 -42 -43 43 73 -46 76 47 -49 85 113 71 98 54 -55 56 -57 57 91 -60 -61 87 62 63 -65 -66 66 115 -69 70 -71 -72 -73 -74 74 -76 -77 -78 -79 -80 -81 -82 -83 97 -85 -86 -87 -88 -89 -90 -91 -92 -93 -94 95 96 -97 -98 118 99 -101 -102 -103 -104 105 -106 106 -108 -109 -110 111 112 -113 -114 -115 -116 116 117 -119 -120 -121 -122 -123 -124 124 -126 -127
leaf_value=0.0032687024864806696 -0.19893064328559915 0.025090649781874596 -0.0039932776310474833 0.0079818285205240907 0.033671970492245282 -0.016510471651714355 0.021495440367848499 0.0053310804341231196 0.016214770536184558 -0.041433962826065866 -0.025751924515545543 -0.031774121124744412 -0.093449998319149005 0.004048845039266352 0.0090392214575094314 -0.0011226826620457523 -0.0082944790598133335 0.0017598688837659777 -0.090229539683430782 -0.0022638153848748357 0.0030530401781380225 0.0031583849687518641 -0.015071018166532033 -0.015698920247148154 -0.096953352740905829 0.0081555798438484924 -0.023796838380958592 -0.062065090370970667 -0.10093430973016299 0.014693439321694745 0.011660009643609267 0.014706198392196633 -0.070424417494706668 -0.19228486972131642 -0.0029537639777394626 0.0055221058493864581 -0.10949303662265414 -0.049183068476730499 -0.021795323415767308 -0.011866281699321376 0.0085826106733489296 -0.0056122924271304374 -0.014279824626239751 -0.0039505947180547771 -0.031970493083446586 -0.0067027678995881888 -0.0044246271364536049 -0.13048757937337668 -0.015370334688566387 -0.019456633807104717 -0.010764566725031285 -0.05127152998820645 -0.11195817658345993 -0.0013938454919236497 -0.0066756562037533955 -0.0014285842753159596 0.0073880213088287081 -0.012518483841660639 -0.021654710312955138 0.013881764862624567 -0.10729351148541484 0.021066389380232937 -0.025504629492724043 0.0024047299430168772 -0.0042050965280787857 0.023916575842893417 -0.0051948775940498914 -0.1375947777666944 -0.0015140384921892144 -0.0050280780615847859 -0.04246650071101303 -0.011364229937853909 -0.029873473773738536 -0.12464225960445814 -0.0097345878367107626 0.00076497364268156124 -0.0022138407415175599 -0.14491542737503518 0.015077638856401831 -0.026042398418371492 0.023496723017385538 -0.011667550363790163 -0.027582685356678068 -0.0062156455990331214 -0.010549512359007154 -0.077486238341582442 -0.023151086756111709 -0.061508488911712456 -0.0008639915231953276 -0.14114140733725886 -0.035025742344367193 -0.098196707412157899 -0.010491432413127638 0.0046869420308116427 0.0012066566338728227 -0.011298340707463168 -0.040882861882396704 -0.004394930617474928 -0.012023632027104433 -0.0048839576003850988 0.0024862080655001376 -0.082589202305035928 -0.06700447560536979 -0.012087664256657636 -0.0052873011671959657 -0.043081342304538243 0.017892688558533276 -0.002053514100416997 -0.0082884569304137456 -0.00099915436452959285 -0.033478928457878018 -0.011801240165765517 0.0064978628642077506 0.00928630647140395 0.0095387024078361395 -0.015311958768768959 -0.018910436832381611 -0.11696944423229959 -0.059753585899954977 -0.028409853187887388 -0.035560109243910822 -0.078980805426836012 -0.013173677712235586 -0.039182441115125269 -0.11668301025648335 -0.026044877350203787
leaf_weight=1123 390 842 42346 115 2886 1800 980 21694 11544 136 2387 249 299 633 1789 395 1740 23131 146 11352 442 4270 1779 4367 232 2083 3254 1477 184 2586 865 3908 207 165 977 217 200 2204 1029 7752 14225 7008 2988 6786 1182 1375 448 111 158 1417 1574 586 145 6789 9597 6834 10941 102 265 590 335 1139 1791 1731 7365 242 1707 234 48175 21636 281 3697 4651 115 20699 9587 6226 121 8521 129 260 6290 2658 2649 394 284 2957 402 17946 169 116 100 2084 1993 702 7751 311 122 2251 1983 1035 111 100 1413 128 1312 144 2268 1563 4276 366 28150 559 26983 2774 1029 313 132 696 1301 903 105 11364 646 104 4988
leaf_count=1123 390 842 42346 115 2886 1800 980 21694 11544 136 2387 249 299 633 1789 395 1740 23131 146 11352 442 4270 1779 4367 232 2083 3254 1477 184 2586 865 3908 207 165 977 217 200 2204 1029 7752 14225 7008 2988 6786 1182 1375 448 111 158 1417 1574 586 145 6789 9597 6834 10941 102 265 590 335 1139 1791 1731 7365 242 1707 234 48175 21636 281 3697 4651 115 20699 9587 6226 121 8521 129 260 6290 2658 2649 394 284 2957 402 17946 169 116 100 2084 1993 702 7751 311 122 2251 1983 1035 111 100 1413 128 1312 144 2268 1563 4276 366 28150 559 26983 2774 1029 313 132 696 1301 903 105 11364 646 104 4988
internal_value=-0.00436855 -0.00404758 -0.00601267 -0.0955767 -0.00153882 -0.00451251 -0.0129097 0.00580443 0.00280183 -0.0654643 -0.00965858 -0.0291542 -0.0904889 -0.00162662 -0.0135629 0.0183688 0.00663846 0.00725032 -0.0146817 -0.00765922 -0.00885834 -0.0140891 -0.0154837 -0.0217182 -0.0288433 -0.0101138 -0.0380698 -0.035784 -0.0075015 -0.00897992 -0.0132495 -0.00264074 -0.103761 -0.130055 -0.0264391 -0.0342853 -0.0641256 -0.0388845 -0.0322138 -0.00653721 0.00470484 -0.00231628 -0.0100976 -0.00862324 -0.0487042 -0.00192931 0.00207896 -0.0296451 -0.0804177 0.00534046 -0.0147548 -0.0120804 -0.00133028 0.00449715 -0.00326232 -0.00980956 -0.000334935 0.00445619 -0.0595385 -0.0087393 -0.069688 -0.00454833 -0.00071546 -0.0118565 -0.00939056 -0.0143927 -0.0198097 -0.0556039 -0.00352371 -0.00692737 -0.0017524 -0.0199286 -0.0250443 -0.0111949 -0.0126519 0.00294291 -0.00673402 -0.0982613 0.0134352 -0.0732413 0.000680146 -0.017333 -0.0227021 -0.0110751 -0.0365207 -0.0553667 -0.0183043 -0.082437 0.0025276 -0.103087 -0.0823537 -0.0552082 -0.00117605 -0.0100342 -0.0263684 -0.00803541 -0.0116281 -0.033132 -0.0125565 -0.0180749 -0.012313 -0.0203898 -0.0145404 -0.0279389 -0.0621458 -0.0247607 -0.0370428 0.00688158 0.00542796 -0.0110565 -0.0256246 -0.0103768 -0.00933905 0.00799881 -0.000290741 -0.0145 -0.0252652 -0.0481946 -0.0515126 -0.0171986 -0.0192263 -0.0255448 -0.0148063 -0.0301078 -0.0494123 -0.0216872
internal_weight=519863 518041 402550 1822 180766 128665 32908 52101 115491 1432 221784 8020 1036 95757 78906 11902 67735 65849 1886 24888 23908 77117 65095 17171 10617 6554 6250 6018 142878 100532 47924 47756 921 493 3900 2923 1144 5074 3823 12022 22075 7850 86776 65913 2659 13756 40199 559 927 54305 20863 44024 42976 10697 32279 9976 22303 12706 1251 1619 986 25504 14248 3522 11256 4780 3657 476 73682 25226 48456 9922 6225 40409 33623 10726 8902 328 9016 428 396 12924 6634 3158 509 442 3590 737 39640 485 316 202 4167 10941 1197 9744 1013 3476 43159 9222 2946 1911 495 3142 273 2869 1456 4854 12504 33937 1511 32426 925 31174 4191 3181 1474 445 818 2676 3891 3359 12556 1192 750 7239
internal_count=519863 518041 402550 1822 180766 128665 32908 52101 115491 1432 221784 8020 1036 95757 78906 11902 67735 65849 1886 24888 23908 77117 65095 17171 10617 6554 6250 6018 142878 100532 47924 47756 921 493 3900 2923 1144 5074 3823 12022 22075 7850 86776 65913 2659 13756 40199 559 927 54305 20863 44024 42976 10697 32279 9976 22303 12706 1251 1619 986 25504 14248 3522 11256 4780 3657 476 73682 25226 48456 9922 6225 40409 33623 10726 8902 328 9016 428 396 12924 6634 3158 509 442 3590 737 39640 485 316 202 4167 10941 1197 9744 1013 3476 43159 9222 2946 1911 495 3142 273 2869 1456 4854 12504 33937 1511 32426 925 31174 4191 3181 1474 445 818 2676 3891 3359 12556 1192 750 7239
cat_boundaries=0 2 4 5 7 9 11 13 14 16 18 20 22 23 25 26 28 29 30 32 33 35 36 38 39 41 43 44 45 46 48 50 52 54 56 58 59 61 63 65 67 68 70 71
cat_threshold=2647014102 1194 268435458 8192 12713986 272761046 2 887804544 453 571998208 4 540082176 29461 10 272470 2 16 2 262164 16394 2281967700 40 1107329033 540672 64 8519680 525345 2048 2 2 2097152 17152 2 545423488 4 614596608 32768 388 1 2097152 20736 1048576 4 9 1 29491200 2162688 4353 0 4 0 4612 134217728 2048 536870912 24592 142617088 136 1073774593 0 512 0 512 3145728 25092 33628161 4112 1 8192 2 6
is_linear=0
shrinkage=0.03


Tree=15
num_leaves=127
num_cat=39
split_feature=0 48 5 5 23 5 5 13 5 5 5 23 2 5 5 27 5 26 5 5 12 43 5 12 21 0 21 0 25 5 2 5 5 0 0 5 5 0 25 0 5 0 25 0 25 0 0 25 0 27 25 12 4 25 25 5 4 27 0 5 27 21 22 27 23 25 25 5 0 0 5 0 33 27 5 4 0 0 40 25 0 5 25 13 13 25 44 0 4 0 0 5 25 25 27 44 27 48 40 25 0 25 0 21 27 0 21 45 25 25 5 27 27 27 27 2 32 2 5 4 5 27 5 27 0 48
split_gain=16008.1 7366.34 6891.6 6113.83 4040.2 2858.13 2506.94 2432.45 2411.17 1956.37 1828.73 1793.89 1342.75 1187.15 1148.33 1080.94 1256.3 953.803 912.468 896.512 866.817 865.8 856.613 843.739 827.7 821.097 1586.48 790.651 788.628 781.529 754.46 1386.35 1306.77 1495.45 1514.68 1913.1 1730.82 1152.03 758.408 742.414 1411.18 1240.23 967.095 926.642 823.31 782.194 1731.39 1394.05 716.785 993.566 1401.78 708.704 704.32 704.086 850.896 672.539 619.258 1054.09 658.106 607.418 563.806 560.393 634.58 551.829 509.442 494.783 573.293 486.694 484.432 485.478 1659.83 603.24 479 478.6 550.82 474.661 469.43 744.85 1720.41 765.9 1273.11 1207.76 1015.74 573.718 529.984 501.463 463.461 463.131 1248.48 2538.92 459.864 452.617 465.77 583.237 452.489 501.219 451.966 443.289 440.9 439.488 444.546 415.457 904.057 415.126 415.074 411.683 490.061 503.146 822.846 634.413 410.04 401.168 396.135 387.986 380.436 371.161 369.113 368.458 481.502 455.235 368.043 366.052 1319.76 1320.8 357.148 460.612
threshold=13030.000000000002 0.84999999403953563 0 1 0.035104382783174522 2 3 24.500000000000004 4 5 6 0.064333807677030577 7 8 9 0.055219287052750594 10 0.24214403331279757 11 12 -0.11692317575216292 5.4549999237060556 13 -0.70900321006774891 0.099092751741409316 1410.0000000000002 0.080284364521503462 225.00000000000003 50.500000000000007 14 15 16 17 325.00000000000006 850.00000000000011 18 19 950.00000000000011 77.500000000000014 225.00000000000003 20 155.00000000000003 14.500000000000002 90.000000000000014 18.500000000000004 950.00000000000011 325.00000000000006 14.500000000000002 715.00000000000011 0.059944719076156623 68.500000000000014 0.58307701349258434 21 38.500000000000007 47.500000000000007 22 23 0.16058247536420825 1225.0000000000002 24 0.089248880743980422 0.068919081240892424 0.20459871739149096 0.051913643255829818 0.076926078647375121 66.500000000000014 87.500000000000014 25 1615.0000000000002 155.00000000000003 26 90.000000000000014 6.6500005722045907 0.058846931904554374 27 28 1560.0000000000002 1280.0000000000002 15.750000000000002 59.500000000000007 110.00000000000001 29 38.500000000000007 19.500000000000004 40.500000000000007 47.500000000000007 0.25249999761581426 325.00000000000006 30 950.00000000000011 1940.0000000000002 31 102.50000000000001 74.500000000000014 0.15550526976585391 0.26549999415874487 0.053263295441865928 26.250000000000004 33.95000076293946 12.500000000000002 155.00000000000003 97.500000000000014 1225.0000000000002 0.10610681027173997 0.069445703178644194 1560.0000000000002 0.13533534109592441 16.285000801086429 75.500000000000014 76.500000000000014 32 0.1045757830142975 0.05270845256745816 0.059393314644694335 0.069445703178644194 33 0.16744302958250049 34 35 36 37 0.11368945986032487 38 0.12240357697010042 615.00000000000011 40.250000000000007
decision_type=2 2 9 9 10 9 9 2 9 9 9 8 9 9 9 2 9 10 9 9 2 2 9 2 8 2 10 2 2 9 9 9 9 2 2 9 9 2 2 2 9 2 2 2 2 2 2 2 2 2 2 2 9 2 2 9 9 2 2 9 2 8 8 2 10 2 2 9 2 2 9 2 2 2 9 9 2 2 2 2 2 9 2 2 2 2 2 2 9 2 2 9 2 2 2 2 2 2 2 2 2 2 2 8 2 2 10 2 2 2 9 2 2 2 2 9 10 9 9 9 9 2 9 2 2 2
left_child=1 6 4 10 7 13 22 8 12 24 11 -2 55 -6 27 86 60 21 -5 -8 56 39 87 -21 117 110 -27 52 -13 112 31 76 48 38 36 37 67 -36 73 40 43 -42 -43 114 45 46 -41 -48 49 98 -51 113 -9 -44 -55 96 58 -58 -18 -23 -17 -46 116 -40 75 -56 -67 -35 69 70 -16 -72 -24 74 -34 -15 77 79 111 82 81 104 -26 -84 -83 -85 99 -1 89 -89 -50 -52 93 -93 95 -30 97 -3 -32 -14 -101 -25 -103 -64 -81 106 107 -33 -109 -110 -7 -79 -10 -49 -11 -112 -63 118 -4 -119 -45 -82 123 -123 125 -53
right_child=3 2 9 18 5 25 19 14 29 17 -12 28 15 64 68 16 20 -19 -20 23 -22 59 72 101 30 26 -28 -29 94 -31 32 105 33 34 35 -37 -38 -39 63 44 41 42 53 120 61 -47 47 51 90 50 91 124 -54 54 65 -57 57 -59 -60 -61 -62 62 103 -65 -66 66 -68 -69 -70 -71 71 -73 -74 -75 -76 -77 -78 78 -80 80 121 84 83 85 -86 -87 -88 88 -90 -91 -92 92 -94 -95 -96 -97 -98 -99 -100 100 -102 102 -104 -105 -106 -107 -108 108 109 -111 115 -113 -114 -115 -116 -117 -118 119 -120 -121 -122 122 -124 -125 -126 -127
leaf_value=0.0032601577881944963 0.012874095957763124 -0.017467224415952127 -0.014720507999294639 -0.059172953763407858 0.033134817992152926 0.0046263453080207162 0.016655518703138101 0.02291802538644773 -0.023247803854725656 -0.035204447496405313 -0.19247464498490777 -0.078131099638720267 -0.035926385028832615 -0.026427341983252781 -0.10896883530616759 -0.018274849501208747 -0.051589469594694327 0.0086352880498843845 0.0081275930819923372 0.008559734215505925 0.0039252841377362298 0.0013129957078600071 -0.0043061916613309319 0.0023513936594220242 -0.016768116914682024 -0.13821799497712742 -0.0071699219528971684 0.0093622119300726999 -0.081158137584433826 -0.00055299771166351442 -0.0020030118787233379 -0.0026101020154317956 -0.0055925706834242927 0.018056753034373811 -0.093597375191748142 -0.00029669258288705691 -0.011576027075277984 -0.019479423833265723 -0.013207922435221188 -0.015133303130848621 -0.014841399286660307 -0.096799990574518838 -0.012592487977909484 0.0079011904034248168 -0.00084083357567516306 -0.0028969725107165193 0.0060769136288789062 -0.009407318497393919 0.0059478126872464527 -0.11493900416803754 0.0039960294513333456 -0.032488066342867113 -0.0070420108564396592 -0.099748963105435268 -0.024531050704628552 0.0078324602033755415 -0.044851329439963214 0.0031272549504994308 -0.12550040934860271 -0.012389128287160218 0.014405796395355842 -0.0088315280111194629 0.0062890432540741639 -0.049440470095889748 0.017559251712491356 -0.057218447557128058 -0.02921098452272447 0.0026202783947131291 -0.039067696449794853 -0.0024351749456838346 0.0073817485360083736 -0.012310501701731365 0.0019284526553611479 -0.0059595942309916489 -0.026410680212425923 0.0077613992899042399 0.0075051474463248592 -0.069428617358207698 0.017033006595733341 0.0021917492188304995 -0.0074440038787739601 -0.055338814302727024 -0.10598849877236749 -0.099093141516049699 -0.13074305696382049 -0.036674403288464892 -0.026371353043652162 -0.13215692636267892 -0.013564187293777178 0.030528814669536504 -0.03733834301739667 0.026233217683205804 -0.0060523171497530543 -0.026443371201524551 -0.18556947251933495 -0.16887984372060233 0.0016739860776714373 -0.098384789056248131 0.014239592697701673 -0.10383031982369721 -0.056117050584622886 -0.0066621982036370779 -0.088685104586104041 -0.011260058033663017 -0.045854989307577587 0.014908845510731841 -0.036092899339175248 -0.0075112425062831166 -0.052212158368645845 -0.014471285138298798 0.0029802582982524852 -0.14665774901390075 -0.0090750374638935705 -0.069898119998532668 -0.011242220338212601 -0.0055359031991438247 -0.021513770969688109 -0.0083108703327401424 0.0040376580767251952 0.0056607134202183908 -0.0097375814145108461 -0.16337177374716666 -0.013820347903605397 -0.039745300265840736 -0.13008715501549081 -0.10609862577118631
leaf_weight=1051 100 112 1394 323 3060 19325 7136 801 2067 1309 382 228 343 394 139 1222 538 1773 397 33320 436 5383 20996 24207 1537 109 341 12157 135 11252 9762 11512 1582 2190 191 6450 9497 11386 560 1772 4363 224 1178 2105 3784 974 220 152 9792 120 1309 120 5912 195 1987 1438 1826 532 136 6336 776 2655 1269 1171 6970 1434 1222 11229 342 64522 1764 6774 23506 2873 4324 4893 620 124 162 312 6314 161 164 134 180 842 409 231 3399 137 225 201 2579 3026 174 108 171 134 1777 319 402 1578 130 27276 335 774 520 6250 730 890 8521 124 12553 257 1097 10002 9332 10858 9978 2601 2132 102 5651 322 216 216
leaf_count=1051 100 112 1394 323 3060 19325 7136 801 2067 1309 382 228 343 394 139 1222 538 1773 397 33320 436 5383 20996 24207 1537 109 341 12157 135 11252 9762 11512 1582 2190 191 6450 9497 11386 560 1772 4363 224 1178 2105 3784 974 220 152 9792 120 1309 120 5912 195 1987 1438 1826 532 136 6336 776 2655 1269 1171 6970 1434 1222 11229 342 64522 1764 6774 23506 2873 4324 4893 620 124 162 312 6314 161 164 134 180 842 409 231 3399 137 225 201 2579 3026 174 108 171 134 1777 319 402 1578 130 27276 335 774 520 6250 730 890 8521 124 12553 257 1097 10002 9332 10858 9978 2601 2132 102 5651 322 216 216
internal_value=-0.00417838 -0.00386405 -0.00578166 -0.0923171 -0.00143194 0.00547418 0.00280763 -0.00434584 -0.0111224 -0.00932445 -0.135461 -0.103852 -0.0246847 0.0164215 -0.00180365 -0.0307525 -0.0246421 -0.0131145 -0.0225003 0.00661386 -0.0355164 -0.0136157 -0.0023154 0.00540128 -0.0072279 0.00109101 -0.0391488 0.00479671 -0.123548 -0.00649974 -0.00827598 -0.0117745 -0.00662728 -0.00949112 -0.00690137 -0.0134069 -0.00178339 -0.0206923 -0.0195872 -0.0149596 -0.0203025 -0.0270912 -0.035696 -0.00940945 -0.0130493 -0.0262142 -0.0339014 -0.0620249 -0.0015076 -0.00496566 -0.0136806 -0.0776054 -0.00346428 -0.0334051 -0.0384691 -0.00193922 -0.0413046 -0.0340299 -0.0666671 -0.00610508 -0.00555343 -0.0118821 -0.0129129 -0.0377332 0.0122229 -0.0358745 -0.0443483 0.00515226 -0.00349746 -0.00333122 -0.00999311 -0.00823194 -0.00101285 -0.0160054 -0.0208903 0.00520906 -0.0181001 -0.0190757 -0.0589645 -0.0180534 -0.01512 -0.0478773 -0.0327004 -0.0541474 -0.0926971 -0.0453368 -0.0536037 -0.0143168 -0.0192584 -0.0716733 0.0049719 -0.0119569 -0.0155338 -0.0231552 -0.148134 -0.120678 -0.0349715 -0.0617641 0.000499358 -0.0640371 -0.0773419 0.00134223 -0.0129534 -0.0104797 -0.0223727 -0.00654101 -0.0073792 -0.00660702 -0.0124525 -0.0314997 0.00157076 -0.108477 -0.0110727 -0.0474952 -0.0242882 -0.00161883 -0.0187058 -0.00224987 0.00172625 -0.00560643 -0.000978933 -0.012504 -0.017761 -0.0681955 -0.0997891 -0.0799836
internal_weight=520046 518199 402508 1847 180692 53615 115691 127077 34666 221816 1127 745 8794 15317 92411 6939 5466 78981 720 66371 3468 77208 49320 59235 142835 38298 450 18870 645 25872 118004 37760 80244 51453 40943 18027 22916 11577 10510 65489 17246 10603 6240 6643 48243 3927 2953 1181 28791 18774 7235 961 6713 6016 4838 1855 3032 2358 674 11719 1998 44316 40532 1731 12257 4643 2656 13419 73541 73199 8677 8538 44502 8779 5906 5287 17084 16464 410 16054 13377 988 2677 1140 341 976 1473 4818 3767 368 10017 7115 5806 3227 417 243 417 246 11539 1064 721 25915 1708 28545 647 20676 19902 19382 7870 1620 37848 248 14620 409 2406 18523 11987 24831 11372 13459 4237 12389 6075 424 552 336
internal_count=520046 518199 402508 1847 180692 53615 115691 127077 34666 221816 1127 745 8794 15317 92411 6939 5466 78981 720 66371 3468 77208 49320 59235 142835 38298 450 18870 645 25872 118004 37760 80244 51453 40943 18027 22916 11577 10510 65489 17246 10603 6240 6643 48243 3927 2953 1181 28791 18774 7235 961 6713 6016 4838 1855 3032 2358 674 11719 1998 44316 40532 1731 12257 4643 2656 13419 73541 73199 8677 8538 44502 8779 5906 5287 17084 16464 410 16054 13377 988 2677 1140 341 976 1473 4818 3767 368 10017 7115 5806 3227 417 243 417 246 11539 1064 721 25915 1708 28545 647 20676 19902 19382 7870 1620 37848 248 14620 409 2406 18523 11987 24831 11372 13459 4237 12389 6075 424 552 336
cat_boundaries=0 2 4 6 8 10 12 14 15 17 19 21 22 24 26 28 29 31 33 35 37 38 39 40 41 43 45 46 48 49 51 52 54 56 57 58 60 61 62 64
cat_threshold=2647014102 1194 303038466 8196 272761558 2 887806593 453 12713986 2 540082176 29461 34603008 4 2 16 2 270422 2 2 2 537395200 20 10 540672 64 352330368 160 9 536936448 21248 536870912 16896 1048576 20 1114112 21 1107329033 2 2 2 525352 2112 0 4 131072 0 4352 2 0 16384 1 0 512 142616576 136 10 5 65536 20 1 1073774593 0 16384
is_linear=0
shrinkage=0.03


Tree=16
num_leaves=127
num_cat=18
split_feature=0 48 30 31 25 11 4 0 22 12 4 30 25 2 3 0 25 31 27 27 0 31 0 25 3 31 36 12 0 8 25 2 26 0 25 22 4 46 32 25 27 27 0 27 3 27 12 0 30 40 25 25 25 0 2 25 27 25 29 29 0 0 29 25 22 31 27 25 0 32 29 27 4 27 25 3 25 27 46 0 0 25 25 27 4 0 31 25 12 4 48 20 25 20 11 25 27 30 25 0 25 25 4 32 0 4 27 0 27 25 29 26 0 26 25 4 0 0 0 4 25 0 27 4 25 0
split_gain=15823.3 6941.14 4380.98 3259.48 2605.75 2220.3 2068.19 1881.05 1960.59 1593.15 1323.52 1194.66 1181.74 1108.17 946.347 941.015 941.534 819.838 794.913 924.514 731.402 721.757 713.49 698.399 697.056 680.517 656.157 691.237 653.213 652.848 624.944 616.648 824.425 1239.7 596.892 555.056 646.585 551.517 495.754 482.631 479.642 467.49 457.301 490.014 418.514 569.13 452.658 415.897 405.613 417.366 391.019 390.499 386.399 382.573 490.279 506.711 387.599 375.383 373.526 619.367 366.647 380.248 367.035 350.775 344.788 319.37 315.663 603.832 310.878 678.758 686.006 615.694 416.113 310.569 475.096 301.369 289.29 339.821 413.663 288.514 343.168 288.608 1515.65 1786.8 286.883 284.115 282.153 280.216 278.564 392.59 270.82 290.413 270.489 352.508 270.128 322.759 269.658 265.965 257.249 603.189 253.179 585.891 252.844 249.885 247.675 247.422 247.175 315.484 244.922 381.893 243.075 242.05 239.216 235.969 234.18 269.106 230.733 227.568 226.712 221.875 791.13 216.414 507.679 556.621 561.434 214.959
threshold=13030.000000000002 6.9500000476837167 0.088881377130746855 0.048095963895320899 7.5000000000000009 0.40614137053489691 0 19050.000000000004 0.10266805812716485 -0.42958799004554743 1 0.17508070915937426 29.500000000000004 2 3 325.00000000000006 22.500000000000004 0.075905904173851027 0.17337424308061603 0.1575826704502106 1715.0000000000002 0.058328395709395416 1715.0000000000002 78.500000000000014 4 0.048193477094173438 7.6500000953674325 -0.9711191952228545 1940.0000000000002 7.5000000000000009 85.500000000000014 5 0.31826256215572363 1560.0000000000002 78.500000000000014 -0.21072954684495923 6 9.021428585052492 0.17878920584917071 66.500000000000014 0.05270845256745816 0.055219287052750594 615.00000000000011 0.052256155759096153 7 0.055219287052750594 0.49626980721950537 17950.000000000004 0.064753670245409026 35.350000381469734 10.500000000000002 93.500000000000014 26.500000000000004 1280.0000000000002 8 12.500000000000002 0.059944719076156623 76.500000000000014 0.062489351257681854 0.11490825563669206 950.00000000000011 61.500000000000007 0.11291518062353136 86.500000000000014 -2.3023446202278133 0.046168554574251182 0.059393314644694335 27.500000000000004 475.00000000000006 0.17597246170043948 0.060821082442998893 0.055219287052750594 9 0.16058247536420825 75.500000000000014 10 69.500000000000014 0.059944719076156623 5.2285716533660898 1225.0000000000002 1560.0000000000002 18.500000000000004 32.500000000000007 0.16058247536420825 11 1280.0000000000002 0.064253315329551711 77.500000000000014 0.80798786878585827 12 1.0000000180025095e-35 91.500000000000014 51.500000000000007 43.500000000000007 -0.32614396512508387 77.500000000000014 0.064750330522656455 0.10003903508186342 10.500000000000002 155.00000000000003 15.500000000000002 18.500000000000004 13 0.1399205029010773 850.00000000000011 14 0.07936600968241693 155.00000000000003 0.086274277418851866 19.500000000000004 0.12953158468008044 0.11405843496322633 225.00000000000003 0.012954398989677431 42.500000000000007 15 155.00000000000003 6250.0000000000009 155.00000000000003 16 38.500000000000007 850.00000000000011 0.092709075659513487 17 78.500000000000014 615.00000000000011
decision_type=2 2 10 10 2 2 9 2 8 2 9 10 2 9 1 2 2 10 2 2 2 8 2 2 1 10 2 2 2 2 2 9 10 2 2 10 9 2 10 2 2 2 2 2 1 2 2 2 8 2 2 2 2 2 9 2 2 2 8 8 2 2 10 2 10 10 2 2 2 10 10 2 9 2 2 1 2 2 2 2 2 2 2 2 9 2 10 2 2 9 2 2 2 2 2 2 2 10 2 2 2 2 9 8 2 9 2 2 2 2 10 10 2 8 2 9 2 2 2 9 2 2 2 9 2 2
left_child=1 9 5 10 -2 15 47 -8 -9 20 38 14 -10 21 -5 16 24 48 19 29 37 -7 30 -23 50 41 27 -17 -22 -14 34 97 111 64 35 36 73 53 65 79 57 -13 43 -25 -41 46 118 -6 -18 -50 -3 90 -16 54 56 105 66 -27 -36 -60 61 -54 -62 84 -34 -4 -1 100 69 -42 72 -72 -71 74 -15 76 85 -78 117 119 81 -81 83 -83 108 -29 -70 -80 112 -90 -11 -92 114 -94 95 -31 -26 -12 99 -98 -68 -102 -99 110 -65 -56 -100 -108 109 -58 -32 -33 -52 -77 115 -84 -48 121 -46 120 -38 122 -79 -124 -125 -104
right_child=4 2 3 11 6 13 7 8 12 51 31 25 18 22 52 26 17 -19 -20 -21 28 23 -24 42 96 40 -28 75 -30 94 103 32 33 -35 58 -37 39 -39 -40 44 68 -43 -44 -45 45 -47 116 -49 49 -51 88 -53 60 -55 55 -57 63 -59 59 -61 62 -63 -64 104 -66 -67 67 -69 86 70 71 -73 -74 -75 -76 113 77 78 87 80 -82 82 92 -85 -86 -87 -88 -89 89 -91 91 -93 93 -95 -96 -97 98 102 106 -101 101 -103 125 -105 -106 -107 107 -109 -110 -111 -112 -113 -114 -115 -116 -117 -118 -119 -120 -121 -122 -123 123 124 -126 -127
leaf_value=0.0045538001531747986 0.018705338155258596 -0.019411309497623399 0.021387577042171105 -0.0055936599545031241 -0.0019577935426250883 -0.0039453857150262769 -0.19700196695916447 -0.0031480537116527554 -0.21140354771363107 0.0037261931023016663 0.00050824960342462429 -0.010632089861971937 -0.17090800027828662 -0.011996601457441745 -0.07229544675988811 0.0021131208768394882 -0.0004152138777194801 -0.046947542977761408 -0.1855899087028596 -0.01563978468646874 -0.091557087222358488 -0.010490499619393048 -0.0745190067792212 -0.02422625629413604 -0.0047484130848607087 0.026480663183813865 -0.0011491548190117862 -0.0096581728960851484 -0.013486834543953842 -0.13865098178386687 -0.012325407124752136 -0.0018941968681658234 0.031251390314018218 -0.10232329073303108 0.0078117173037638788 -0.0041390546074037164 -0.071369961912222835 0.0078600705310811359 0.010404379994950653 -0.017957442440228722 0.0024092834674429987 -0.059074954757665062 -0.034347671489462606 0.0060062664226688415 -0.098014892586847632 0.00658506041646681 -0.0013452671457381143 -0.067447057858757348 -0.011447705904868962 0.0017872623368053407 -0.0066868238646738696 -0.010573871241318252 -0.04689764584002571 0.021039426526832609 -0.02191244251914878 -0.0017997115592840187 -0.053139346642840077 0.00679274554880651 -0.080538657593104801 -0.026876644337859721 -0.075202407993376255 -0.0045760438626786561 -0.026797457586374019 -0.022223128301802723 -0.018904119436911976 0.04129350943912697 0.00742898502947144 0.01654843895213624 0.0088172446742279444 0.045680309453056851 -0.0083985744153752036 -0.093020127717966 -0.023922618844441228 -0.0063276581094053787 -0.04623409224507765 -0.035417638004090882 0.00095392740616784039 -0.0042084884920193018 -0.010697433157489748 -0.0073753512315732428 0.0035328908744961655 -0.027231701981701245 -0.056608536008290307 -0.20511195533415849 0.0013140242608557426 0.010467629470192244 -0.00077452400833219243 -0.032605401298193872 0.005335276150110751 0.029060011978508968 -0.0058454877924898375 0.0003065192185392151 -0.093111101522101697 -0.034121763833514056 -0.051270135850261106 -0.079155504434032631 0.0055542860837543709 -0.0029796662437430489 -0.026499681577886923 -0.071102956445293214 -0.068066023006802423 -0.0032276376485692567 0.0098214199800728801 -0.00015433946845184502 0.000203217019913539 0.021014344848544166 -0.026288520625456238 0.01768084408268902 0.013674260674769881 0.0042198205903156644 -0.05783478950692908 0.0089654187558615584 0.0097571037475387094 -0.0023586029525587979 -0.002359669249038607 -0.0085286573020379938 -0.055485017465276489 -0.0492379789153507 -0.058955035207752818 -0.017495942780217152 -0.0018851088072374662 -0.004423941564309637 0.0047224767517862276 -0.0026249300000634572 -0.037997997337189685 0.019697638343042584
leaf_weight=13360 172 521 1694 44294 151 13688 242 149 113 5883 2781 759 127 1311 139 8604 3527 553 102 110 121 28814 196 1468 3405 1169 33025 38634 463 155 1314 4517 141 157 113 2247 294 23872 1930 512 1428 234 1929 718 245 131 136 206 52778 2235 1551 5759 225 1008 133 25663 107 3422 345 443 164 1238 991 876 942 1274 757 5948 4216 102 118 225 309 3610 505 196 5900 4414 1317 298 234 102 220 101 24691 641 7989 875 1545 1057 16962 11648 106 640 108 187 152 1089 604 234 159 581 8328 2403 896 1246 240 375 3580 3194 114 3124 1634 14319 433 200 147 108 311 7386 295 23443 592 556 1476 2605
leaf_count=13360 172 521 1694 44294 151 13688 242 149 113 5883 2781 759 127 1311 139 8604 3527 553 102 110 121 28814 196 1468 3405 1169 33025 38634 463 155 1314 4517 141 157 113 2247 294 23872 1930 512 1428 234 1929 718 245 131 136 206 52778 2235 1551 5759 225 1008 133 25663 107 3422 345 443 164 1238 991 876 942 1274 757 5948 4216 102 118 225 309 3610 505 196 5900 4414 1317 298 234 102 220 101 24691 641 7989 875 1545 1057 16962 11648 106 640 108 187 152 1089 604 234 159 581 8328 2403 896 1246 240 375 3580 3194 114 3124 1634 14319 433 200 147 108 311 7386 295 23443 592 556 1476 2605
internal_value=-0.00408764 -0.00377715 -0.00596199 -0.00042866 -0.0923171 -0.00788201 -0.103895 -0.121539 -0.103992 0.00174231 0.00805359 -0.00404604 -0.120628 -0.0124524 -0.00665546 -0.00629506 -0.00910345 -0.0106217 -0.107376 -0.0955109 0.00366155 -0.00973349 -0.0176368 -0.0121423 -0.00117645 0.00210168 -0.00482042 -0.00601994 -0.0297912 -0.110684 -0.0171803 0.00511732 -0.00113552 -0.0238163 -0.0192714 -0.0181645 -0.0199946 0.00384601 0.0222478 -0.0239386 0.00336887 -0.0220956 -0.0237028 -0.0142981 -0.0399492 -0.0515268 -0.0605973 -0.03983 -0.0102777 -0.01091 0.00545824 -0.00334303 -0.0237061 0.00268018 0.00245199 -0.000847195 0.00409899 0.0118105 -0.0431364 -0.0504431 -0.0210997 -0.0111124 -0.0337296 0.00209475 -0.0123514 0.0299431 0.0073129 0.0122628 0.000674438 -0.00975266 -0.0327588 -0.0640174 -0.00657995 -0.0114213 -0.0215377 -0.0067767 -0.00751572 -0.00567394 -0.00686683 -0.0216333 -0.0309144 -0.0347526 -0.0392735 -0.116305 0.00282383 -0.00932945 0.00253923 -0.0194535 0.0077002 0.0149803 -0.00213549 -0.0033409 -0.0294274 -0.0426171 -0.0933464 -0.106445 -0.0095295 0.00886329 -0.0196633 -0.0409803 -0.00476494 -0.0172322 0.0108032 -0.00606209 -0.0108897 0.0168613 -0.0128851 0.000507247 0.00824045 0.00234503 -0.0159964 0.00254632 0.00174982 -0.00280742 -0.0178558 -0.033788 -0.0295637 -0.00596427 -0.0763117 -0.0189136 -0.0366307 -0.00580933 -0.0104227 -0.0208704 -0.0283252 0.0121762
internal_weight=519853 518031 371124 95604 1822 275520 1650 1293 1051 146907 28582 67022 902 71009 47051 204511 70411 59093 789 687 106655 46617 24392 32929 11318 19971 134100 101075 584 577 24196 23684 8881 1240 20365 19464 17217 106071 4898 11791 18978 993 4115 2186 1482 970 839 357 58540 55013 6308 40252 2757 82199 81191 27042 54149 4591 901 788 2618 1463 1155 33344 1083 2968 20805 7445 14387 2182 754 343 411 5426 1816 92471 77956 38681 32781 10309 2334 2100 1802 203 31572 39275 12205 2192 5787 2602 34493 28610 1599 746 450 342 5010 14803 1605 386 1497 740 12022 3831 1772 1379 1219 615 6881 3301 1428 7641 3185 14515 853 420 283 30589 556 7975 589 30481 7038 2624 2032 10933
internal_count=519853 518031 371124 95604 1822 275520 1650 1293 1051 146907 28582 67022 902 71009 47051 204511 70411 59093 789 687 106655 46617 24392 32929 11318 19971 134100 101075 584 577 24196 23684 8881 1240 20365 19464 17217 106071 4898 11791 18978 993 4115 2186 1482 970 839 357 58540 55013 6308 40252 2757 82199 81191 27042 54149 4591 901 788 2618 1463 1155 33344 1083 2968 20805 7445 14387 2182 754 343 411 5426 1816 92471 77956 38681 32781 10309 2334 2100 1802 203 31572 39275 12205 2192 5787 2602 34493 28610 1599 746 450 342 5010 14803 1605 386 1497 740 12022 3831 1772 1379 1219 615 6881 3301 1428 7641 3185 14515 853 420 283 30589 556 7975 589 30481 7038 2624 2032 10933
cat_boundaries=0 1 2 3 4 5 6 7 8 9 10 11 12 13 14 15 16 17 18
cat_threshold=1 2 6 2 2 6 4 2 6 4 2 1 1 4 1 1 2 1
is_linear=0
shrinkage=0.03


Tree=17
num_leaves=127
num_cat=42
split_feature=0 5 46 5 30 5 5 5 33 2 0 31 0 37 28 0 11 5 5 0 0 0 5 0 23 27 12 22 2 11 5 25 5 27 4 30 5 5 5 47 25 5 5 12 5 0 5 27 0 27 5 5 0 25 11 47 5 0 27 4 27 25 0 25 25 0 4 4 25 0 5 8 0 29 5 2 23 25 27 0 5 4 27 25 25 25 5 23 11 2 2 5 0 25 27 30 13 0 25 25 0 20 25 26 31 0 25 22 5 0 27 25 31 0 4 4 5 27 5 23 0 5 27 0 5 25
split_gain=14008 6585.5 5494.13 5157.85 3154.82 3045.01 2642.24 1929.97 1454.95 1337.46 1327.25 1300.52 1261.82 1235.93 1105.83 1528.8 1400.43 1070.19 1050.47 1742.06 986.028 940.574 1088.97 890.595 1607.99 885.918 862.844 860.079 815.614 811.702 1362.46 797.651 832.509 964.753 777.87 720.219 704.338 703.147 693.694 634.37 628.312 605.509 601.462 599.275 565.652 562.24 527.127 782.446 525.637 517.314 630.565 596.13 490.578 454.31 452.868 452.153 442.758 559.462 436.629 774.482 550.405 465.536 1101.23 558.795 1566.18 695.429 655.206 549.271 917.965 479.209 435.333 432.579 810.691 429.007 422.361 765.345 635.084 415.025 690.611 499.504 826.744 588.685 2132.07 470.57 411.366 730.127 516.825 463.63 393.208 390.002 385.251 683.503 393.885 1671.43 523.478 495.446 383.652 379.476 410.8 842.107 685.553 667.571 373.299 371.581 369.793 362.917 361.326 361.033 359.334 1716.84 477.459 594.627 358.159 478.012 492.876 483.984 350.906 513.607 640.52 377.643 640.191 601.186 404.158 347.986 846.427 994.562
threshold=13030.000000000002 0 4.4285719394683847 1 0.19365485012531283 2 3 4 6.5500001907348642 5 19050.000000000004 0.086168900132179274 61.500000000000007 13.750000000000002 0.11491271480917932 1410.0000000000002 0.35846313834190374 6 7 325.00000000000006 1940.0000000000002 225.00000000000003 8 950.00000000000011 0.12056355178356172 0.098654624074697508 0.7074720859527589 -1.6134019494056699 9 0.40614137053489691 10 58.500000000000007 11 0.055219287052750594 12 0.10479542613029481 13 14 15 11.835000038146974 81.500000000000014 16 17 0.95178258419036876 18 1715.0000000000002 19 0.055219287052750594 45.000000000000007 0.072961069643497481 20 21 325.00000000000006 69.500000000000014 0.40614137053489691 23.164999961853031 22 615.00000000000011 0.056865874677896507 23 0.055219287052750594 19.500000000000004 615.00000000000011 38.500000000000007 130.50000000000003 155.00000000000003 24 25 18.500000000000004 155.00000000000003 26 2.5000000000000004 155.00000000000003 0.11050672084093095 27 28 0.12228051945567132 58.500000000000007 0.064750330522656455 325.00000000000006 29 30 0.059944719076156623 53.500000000000007 77.500000000000014 88.500000000000014 31 0.051437802612781532 0.45273815095424658 32 33 34 1280.0000000000002 102.50000000000001 0.1045757830142975 0.11563878506422044 39.500000000000007 950.00000000000011 59.500000000000007 80.500000000000014 1615.0000000000002 89.500000000000014 69.500000000000014 0.14566303044557574 0.062614444643259062 1225.0000000000002 39.500000000000007 -0.046293048188090317 35 475.00000000000006 0.092709075659513487 12.500000000000002 0.056653732433915145 325.00000000000006 36 37 38 0.16058247536420825 39 0.07194120436906816 1225.0000000000002 40 0.059393314644694335 325.00000000000006 41 113.00000000000001
decision_type=2 9 2 9 10 9 9 9 2 9 2 8 2 2 8 2 2 9 9 2 2 2 9 2 10 2 2 10 9 2 9 2 9 2 9 10 9 9 9 2 2 9 9 2 9 2 9 2 2 2 9 9 2 2 2 2 9 2 2 9 2 2 2 2 2 2 9 9 2 2 9 2 2 10 9 9 10 2 2 2 9 9 2 2 2 2 9 8 2 9 9 9 2 2 2 8 2 2 2 2 2 2 2 10 10 2 2 8 9 2 2 2 8 2 9 9 9 2 9 8 2 9 2 2 9 2
left_child=1 5 4 10 6 35 9 28 12 17 -2 -12 46 74 15 106 20 23 19 -11 49 22 71 24 58 41 44 -17 42 36 -31 38 39 40 88 -1 -15 -27 -19 107 -34 -9 -4 -28 -5 55 48 -48 -7 50 -16 -51 -43 -41 -40 -32 57 -30 59 -3 -61 62 -60 65 -65 66 -63 -64 -69 -66 89 -18 -73 -23 75 -8 -77 79 -79 80 -44 82 -81 -83 116 86 -86 -88 -25 -10 91 -76 95 -94 -95 -93 -38 108 -99 -100 -101 -102 -74 -56 -6 -85 -14 -33 109 -58 111 -111 -89 115 -115 -114 -20 119 -119 120 -118 122 -121 -92 125 -125
right_child=3 2 7 26 104 8 13 25 70 18 11 -13 14 29 16 27 21 31 84 -21 -22 73 -24 34 -26 37 43 -29 56 30 45 32 33 -35 -36 -37 96 -39 54 53 -42 52 77 -45 -46 -47 47 -49 -50 51 -52 -53 -54 -55 103 -57 97 -59 61 60 -62 63 67 64 69 -67 -68 68 -70 -71 -72 72 102 -75 90 76 -78 78 -80 81 -82 83 -84 105 85 -87 87 112 -90 -91 123 92 93 94 -96 -97 -98 98 99 100 101 -103 -104 -105 -106 -107 -108 -109 -110 110 -112 -113 113 114 -116 -117 117 118 -120 121 -122 -123 -124 124 -126 -127
leaf_value=0.015155804100152862 -0.19124302528522633 -0.12288490379678792 0.0058206200190800764 -0.04598136048491408 0.0098252616338357912 0.03437413489007201 0.0046036205005231734 0.01157618627238915 0.010800100217185511 -0.011114026618550732 -0.024816661291936441 -0.12717204830698886 0.016543339825882908 -0.00366676995554541 0.0055596367038477524 -0.1316559992774019 -0.02407096633318553 -0.0017046567506477119 -0.0098945290040774719 -0.10668495830984169 -0.069280285745859149 -0.0097045465424781992 -0.010405680826320854 -0.014194154945787411 -0.1337771258051966 -0.040358967548117131 -0.12382108777761459 -0.022114390968637807 -0.0078363675236318379 -0.0036121912719881194 -0.0068156119448193166 -0.017507543376895994 -0.033629416615860087 -0.021766092321430328 0.015705616682092759 0.036275283618080953 -0.005332237349367188 -0.0014119812708588227 -0.0095475173434627879 -0.029351101779491958 -0.081093937755708237 -0.00074865614541515756 -0.04428124654695563 -0.028136994479781519 0.021984409474368603 -0.073220555392986011 -0.077916139914266533 -0.016375083048597319 -0.019091624560724302 0.010181773324442802 -0.0046562913941341627 0.0012387091205798798 0.0067359736725999386 -0.0133376670627507 -0.025596732150812623 -0.019891600015627019 -0.090918773668775835 0.024760638907373581 -0.018837870776677965 -0.010880050310742354 -0.063495568902310964 -0.011284900706314997 -0.042841870425511956 -0.14614976194169788 0.0082291145814956182 -0.0015142387833676188 -0.10833481749244359 -0.17495750670163138 -0.059610706952310376 -0.041916424192777392 0.011093841521650069 -0.11989237336317699 -0.00059646666308253769 -0.00014723473873687668 -0.0016750602688004319 -0.0084534812898852882 0.017411270055559036 0.01804425186280827 -0.0064211425438362004 -0.10822105975611644 0.017278399161436895 0.00016590279991806858 0.014363422485450321 -0.014595427586425288 -0.006530597066824486 -0.0041802170000898456 0.017180819767082876 -0.048442710781581008 -0.063880301703349129 -0.0087676189719054949 -0.0071380779409203725 -0.036061125658603289 0.018101866492358717 -0.053406096925126746 -0.13924578142067617 -0.011066604727512586 -0.011738538517396766 -0.00024852771989399816 -0.027185313504146713 -0.0007291871649714631 -0.0058056299627060066 -0.091483563971100981 -0.062212903587504816 0.011592550866048911 0.00091980050264365307 -0.06337932623356958 0.0058766823411665111 -0.0024063355374013807 -0.012144399412346785 -0.09251256555039436 0.0035057405528209325 -0.019779806369115697 -0.046047077610833306 -0.0037392546973822501 -0.02696396359953088 3.5560529171821791e-05 -0.0071737860229541617 0.0021463467608032337 -0.061141361488401894 0.02736920925231133 -0.062876988389882538 -0.0037345158791864089 0.0033141829103026797 -0.0046316916441900037 0.0017292023868027584 -0.026858495040294646
leaf_weight=5445 242 115 7705 153 7529 190 12257 12462 1591 495 133 716 3618 29283 7323 102 339 6294 12262 262 179 10052 1717 459 141 419 104 174 1389 8563 2854 2047 642 7894 686 1983 12065 14104 6160 2768 414 12919 250 136 325 165 333 421 1241 8795 21032 28202 20211 3767 3358 14371 329 718 735 333 387 138 229 107 268 1441 114 105 154 474 14719 179 127 7294 5430 10148 932 1326 4774 274 782 859 238 328 2330 5468 240 544 208 2132 22129 802 225 140 120 6446 27816 3788 2306 3683 175 153 291 260 9480 236 13607 4684 3304 119 669 651 1121 1489 1837 251 932 284 289 994 231 10374 1708 14388 20268 2072
leaf_count=5445 242 115 7705 153 7529 190 12257 12462 1591 495 133 716 3618 29283 7323 102 339 6294 12262 262 179 10052 1717 459 141 419 104 174 1389 8563 2854 2047 642 7894 686 1983 12065 14104 6160 2768 414 12919 250 136 325 165 333 421 1241 8795 21032 28202 20211 3767 3358 14371 329 718 735 333 387 138 229 107 268 1441 114 105 154 474 14719 179 127 7294 5430 10148 932 1326 4774 274 782 859 238 328 2330 5468 240 544 208 2132 22129 802 225 140 120 6446 27816 3788 2306 3683 175 153 291 260 9480 236 13607 4684 3304 119 669 651 1121 1489 1837 251 932 284 289 994 231 10374 1708 14388 20268 2072
internal_value=-0.00397409 -0.0036831 -0.00565087 -0.0872873 -0.00767718 0.00212873 -0.00845004 0.000652601 0.00100722 -0.012832 -0.127931 -0.111186 -0.000355106 -0.00648214 0.000123432 0.00699404 -0.00128248 -0.0164465 -0.00892662 -0.0437119 0.000838216 -0.00823111 -0.0248637 -0.028142 -0.0343138 0.00388484 -0.0233336 -0.0629263 -0.0050525 -0.0089021 -0.0134263 -0.0145775 -0.0182644 -0.0253455 -0.00671384 0.0207701 -0.00720428 -0.00256709 -0.00948945 -0.0134563 -0.0522968 0.00594093 -0.000337724 -0.0699418 -0.000321882 -0.0182458 -0.0229097 -0.0430513 -0.0118907 0.00103133 -0.00201749 0.00336798 0.00381627 -0.0201239 -0.0144832 -0.0177256 -0.00962448 0.00326268 -0.0312366 -0.0508671 -0.0392097 -0.0268707 -0.042078 -0.0195405 -0.0393892 -0.00956944 -0.0554431 -0.0769709 -0.106866 -0.0238179 0.00877976 -0.0506941 -0.0665939 -0.00568593 -0.00406888 -0.000559896 -0.00627082 -0.0055717 -0.00110084 -0.0147789 0.00207586 -0.0237645 -0.0513215 -0.0138203 -0.00826235 -0.0125892 -0.0184738 -0.0234931 -0.0297609 -0.000398299 -0.00520509 -0.00984556 -0.0155722 -0.0417448 -0.0934061 -0.0138369 -0.0097982 -0.0114147 -0.00806004 -0.0127434 -0.00443584 -0.0459278 -0.0435382 -0.0229217 0.00486213 -0.0350846 0.00811798 -0.00700076 -0.0181177 -0.0290345 -0.0150341 -0.0311257 -0.0254031 -0.0227255 -0.0165709 -0.0376226 -0.00614264 -0.00302749 -0.0308523 -0.00190781 -0.0182823 -0.000450153 0.0121254 -0.00416563 -0.00237569 -0.00742657
internal_weight=520042 518233 387147 1809 292976 131086 275967 94171 123658 85493 1091 849 105216 190474 103031 17501 85530 44382 41111 757 65531 19999 2653 6094 4741 60115 718 276 34056 95117 25953 38288 22216 8950 1353 7428 69164 14523 16072 13266 1056 45592 16772 240 478 17390 2185 754 1431 65352 28355 36997 33130 6535 9778 17225 17284 2107 4600 835 720 3765 1223 2542 849 1693 252 488 259 742 18442 936 597 17346 95357 23337 11080 9067 6100 2967 1032 1935 512 1423 40354 13280 7812 5482 667 3723 72020 13163 7733 485 260 7248 39881 15177 10105 6317 4011 328 418 3618 17009 564 17225 6731 5072 1768 1439 770 5242 4698 3326 1372 27074 14812 573 14239 1163 13076 2702 58857 36728 16460
internal_count=520042 518233 387147 1809 292976 131086 275967 94171 123658 85493 1091 849 105216 190474 103031 17501 85530 44382 41111 757 65531 19999 2653 6094 4741 60115 718 276 34056 95117 25953 38288 22216 8950 1353 7428 69164 14523 16072 13266 1056 45592 16772 240 478 17390 2185 754 1431 65352 28355 36997 33130 6535 9778 17225 17284 2107 4600 835 720 3765 1223 2542 849 1693 252 488 259 742 18442 936 597 17346 95357 23337 11080 9067 6100 2967 1032 1935 512 1423 40354 13280 7812 5482 667 3723 72020 13163 7733 485 260 7248 39881 15177 10105 6317 4011 328 418 3618 17009 564 17225 6731 5072 1768 1439 770 5242 4698 3326 1372 27074 14812 573 14239 1163 13076 2702 58857 36728 16460
cat_boundaries=0 2 4 6 8 10 11 12 13 14 15 17 19 20 22 24 26 28 29 31 32 34 36 37 38 39 40 42 44 45 46 47 49 50 51 53 55 56 57 59 61 63 65
cat_threshold=423897174 170 303038466 8196 16 2 34260009 2128 9093640 68 5 656384 1 2050 10 2686455936 17664 49152 16 2 68227712 4612 0 16384 16417 2064 1073742848 30720 8536064 524288 2048 68 268705860 32 2118 8 512 2 1 2 406847488 128 75563520 1024 10 512 1 0 16 4 8 2147483648 12293 8519680 64 1 1 540680 16 33554432 2112 32800 64 2150629376 12548
is_linear=0
shrinkage=0.03


Tree=18
num_leaves=127
num_cat=43
split_feature=0 5 48 5 5 29 11 5 5 5 5 12 5 29 5 0 5 0 0 0 0 5 5 5 32 5 31 0 22 25 30 0 5 5 31 47 25 25 25 11 5 38 22 28 25 0 5 11 5 25 0 26 2 5 4 0 2 5 0 25 48 25 31 5 0 25 44 0 5 2 5 0 29 25 5 12 25 31 2 5 5 20 25 25 28 0 5 0 0 4 25 2 5 5 29 31 5 0 0 0 25 0 0 22 0 24 5 0 28 45 0 0 0 2 5 5 31 25 25 0 0 5 11 30 25 0
split_gain=13366.7 6306.13 6261.13 4567.93 3733.44 3075.88 2108.01 2249.49 2100.72 2046.72 1592.05 1426.92 1283.04 1278.41 1139.75 1483.81 2217.67 865.095 833.835 822.702 817.492 1717.93 780.85 764.833 744.012 715.728 696.21 694.758 888.38 677.167 676.009 673.196 1572.67 1267.56 1178.72 949.087 698.133 726.918 859.429 657.848 657.547 641.844 586.61 1092.1 552.508 893.922 1426.2 711.199 552.288 689.202 548.281 523.431 548.082 1111.66 1003.6 591.915 566.423 1233.97 1286.44 818.154 724.953 645.626 517.745 510.039 508.644 504.968 502.909 489.086 842.445 670.294 718.895 893.786 529.354 820.917 571.706 489.008 487.565 481.172 471.218 1747.6 1107.82 723.81 601.492 579.6 469.449 445.928 441.923 495.983 682.914 3022.12 592.545 443.343 748.016 437.906 403.811 415.36 400.83 394.981 387.603 2068.32 685.953 384.629 376.31 498.476 372.518 370.53 368.744 364.921 425.097 357.435 356.733 348.975 501.377 327.637 1005.39 793.291 388.984 368.417 347.127 325.481 3464.87 864.495 593.454 382.254 325.47 318.279
threshold=13030.000000000002 0 6.9500000476837167 1 2 0.056686626747250564 0.24372619390487674 3 4 5 6 -0.41399101912975306 7 0.08521361276507379 8 1280.0000000000002 9 325.00000000000006 1715.0000000000002 1560.0000000000002 180.00000000000003 10 11 12 0.21750915795564654 13 0.076276220381259932 71.500000000000014 -0.11946358904242514 50.500000000000007 0.10479542613029481 325.00000000000006 14 15 0.075905904173851027 13.175000190734865 59.500000000000007 87.500000000000014 79.500000000000014 -0.5917624533176421 16 33.149999618530281 -0.046293048188090317 0.069924898445606246 77.500000000000014 155.00000000000003 17 -0.15951316058635709 18 107.50000000000001 90.000000000000014 0.080585796386003508 19 20 21 1225.0000000000002 22 23 850.00000000000011 85.500000000000014 89.200000762939467 63.500000000000007 0.047392372041940696 24 1940.0000000000002 15.500000000000002 0.091499999165534987 850.00000000000011 25 26 27 325.00000000000006 0.15539915859699252 113.00000000000001 28 -0.9711191952228545 93.500000000000014 0.051425565034151084 29 30 31 90.500000000000014 68.500000000000014 75.500000000000014 0.13584410399198535 90.000000000000014 32 1225.0000000000002 325.00000000000006 33 17.500000000000004 34 35 36 0.071491584181785597 0.072036866098642363 37 850.00000000000011 950.00000000000011 615.00000000000011 51.500000000000007 155.00000000000003 325.00000000000006 -0.24808008968830106 155.00000000000003 0.99400237202644359 38 61.500000000000007 0.038228357210755355 20.015000343322757 425.00000000000006 61.500000000000007 45.000000000000007 39 40 41 0.072386119514703764 88.500000000000014 87.500000000000014 950.00000000000011 850.00000000000011 42 -0.4218058288097381 0.075847711414098754 19.500000000000004 55.000000000000007
decision_type=2 9 2 9 9 10 2 9 9 9 9 2 9 8 9 2 9 2 2 2 2 9 9 9 8 9 10 2 8 2 10 2 9 9 10 2 2 2 2 2 9 2 8 10 2 2 9 2 9 2 2 8 9 9 9 2 9 9 2 2 2 2 8 9 2 2 2 2 9 9 9 2 10 2 9 2 2 8 9 9 9 2 2 2 10 2 9 2 2 9 2 9 9 9 10 10 9 2 2 2 2 2 2 10 2 2 9 2 8 2 2 2 2 9 9 9 8 2 2 2 2 9 2 10 2 2
left_child=1 10 9 -2 5 6 20 27 13 86 30 17 19 -5 94 -16 26 22 25 24 21 -4 -11 -22 -6 110 -17 28 -8 109 -1 32 50 35 36 -33 65 38 107 63 -35 77 43 -42 75 46 -46 -48 49 -31 -14 -29 53 -53 55 -54 57 -56 59 66 61 -58 -44 -25 -20 85 -59 68 -47 -70 71 -71 74 -74 -69 -26 -13 -12 79 -77 81 82 98 -84 106 -34 87 88 104 90 -90 92 -88 -23 95 102 125 -85 99 -80 -100 -43 -7 -104 -3 -101 -82 108 -38 -15 -19 112 -79 115 -115 117 -117 118 -64 120 123 -121 -122 -116 -45 -9
right_child=3 2 4 8 12 14 7 96 -10 11 41 76 31 29 15 16 -18 18 64 -21 23 93 -24 39 44 -27 -28 51 -30 48 -32 33 34 40 -36 -37 37 -39 -40 -41 42 101 62 124 45 67 47 -49 -50 -51 -52 52 54 -55 56 -57 60 58 -60 -61 -62 -63 113 -65 -66 -67 -68 72 69 70 -72 -73 73 -75 -76 78 -78 111 80 -81 84 -83 83 97 -86 -87 91 -89 89 -91 -92 -93 -94 -95 -96 -97 -98 -99 100 105 -102 -103 103 -105 -106 -107 -108 -109 -110 -111 -112 -113 -114 114 119 116 -118 -119 -120 121 122 -123 -124 -125 -126 -127
leaf_value=0.014772059896400618 -0.17483612399631077 -0.022907836268741724 -0.10201098593709232 0.011213909080252051 -0.0035340089886812969 0.011169288672219816 -0.0072561562501527758 0.0077596791411664034 0.0031704227908395288 -0.0061384012424975333 0.010694419495683232 -0.0011735979648634987 -0.022338422479187745 -0.083364889092364558 0.0003730289705197992 -0.15418501071826271 0.016152603212900331 0.010777434777690572 -0.089597001294477271 0.0095024881059311648 0.0080067791030911453 0.001250619568096597 0.0052159399833342198 -0.010163783797647435 -0.00068478095464950134 0.010701277443037231 -0.065925990030169496 0.0074225178008409838 -0.089182601744452333 -0.041737878117367531 0.035138396469107117 -0.10312433806251906 -0.082467878504391134 0.046341164874248816 -0.049157605363756504 -0.0075702503040252674 0.046927706663900948 -0.010141224480912552 -0.062142386039811023 -0.00056657671907032353 0.021348524289191557 -0.00017540972933560682 0.0081126272193042109 -0.070184906392047802 -0.002074386430904269 0.018452102689232083 -0.13637303721159696 -0.047867498548374958 -0.16262150423601271 -0.13075870757753197 0.0096869587832037352 -0.039625027513200441 -0.0466155056465931 0.0036548539958995607 0.0088525783123506799 -0.11505495378997789 -0.026743502023234229 -0.13088927515826301 -0.018646127083988245 -0.025505320845465911 -0.01713400031290406 -0.068906957044922182 -0.020685795084998789 -0.0027134677805791892 -0.015842856137088534 -0.01059467195356721 -0.051854730740512819 -0.0052365172040121548 0.0081492744160759824 -0.044698412727025683 -0.0034942297016364405 -0.0020764244220495111 0.0046445664215266349 -0.049237376984123039 -0.024975744069496365 0.011581043853272245 -0.011457034504112602 0.030372084718044493 -0.0281172927813352 -0.012682365146035582 -0.0013499916634013272 -0.0093800210668651251 -0.0099099207575305496 0.012700313664413989 -0.023620068752233284 -0.024887258493684172 0.016076200307376873 0.0099035655633332772 -0.11361734392964187 -0.013336161654273546 -0.036124959048189104 -0.0063315805070162223 -0.0098024476520338685 -0.011774214539071605 0.012333250838742526 -0.062039559199972054 -0.0040343499502274293 -0.043692520691636524 0.017099293291612413 -0.15981846941510836 -0.04368303390815876 0.015969776949243012 -0.038213188084218787 0.025216306351054055 0.011057841939100699 -0.092381007604427259 -0.012131831101099808 -0.030103688159831745 -0.01675673158634805 -0.023425533737390095 0.0024681581636667622 0.0013357510300627692 -0.031623855149636407 -0.083355685357045337 -0.016847600868585888 -0.015222735883978301 0.00016266013286505537 0.020837106504722643 -0.057509608740703419 -0.01674052191653385 -0.083346645506098868 0.0020060369711315112 -0.17869195874877597 0.0034999720334121971 -0.024216341811797791 -0.012879044990604712
leaf_weight=5492 394 395 171 119 21275 992 193 716 372 10518 5323 23042 611 294 47420 114 320 5690 108 2336 5604 2898 11292 16925 3393 26473 279 522 311 162 2002 238 136 172 1255 154 105 2115 687 33620 494 1697 1474 143 454 1728 143 193 181 153 2249 786 782 1620 1215 133 589 190 3079 227 1081 739 2058 16212 372 7944 120 11899 2804 991 5158 800 405 683 1478 3118 5060 145 663 18409 3627 1719 1449 124 2569 1061 2279 763 346 4256 121 16555 1783 11788 10215 102 13847 1098 207 134 856 6106 385 156 1091 176 13639 4572 858 130 25429 19968 601 171 4327 1812 8027 170 259 5184 127 3861 114 1028 3951 10914
leaf_count=5492 394 395 171 119 21275 992 193 716 372 10518 5323 23042 611 294 47420 114 320 5690 108 2336 5604 2898 11292 16925 3393 26473 279 522 311 162 2002 238 136 172 1255 154 105 2115 687 33620 494 1697 1474 143 454 1728 143 193 181 153 2249 786 782 1620 1215 133 589 190 3079 227 1081 739 2058 16212 372 7944 120 11899 2804 991 5158 800 405 683 1478 3118 5060 145 663 18409 3627 1719 1449 124 2569 1061 2279 763 346 4256 121 16555 1783 11788 10215 102 13847 1098 207 134 856 6106 385 156 1091 176 13639 4572 858 130 25429 19968 601 171 4327 1812 8027 170 259 5184 127 3861 114 1028 3951 10914
internal_value=-0.00383791 -0.00355388 -0.00452847 -0.085312 -0.00669591 -0.00379934 -0.00649228 -0.0124857 -0.0585548 0.000925248 0.00768563 0.00278841 -0.0100971 -0.0804563 0.00177967 -0.000273235 -0.0431989 0.00483409 0.00674731 -0.00809125 -0.00394521 -0.0103548 -0.000260211 -0.00262908 -0.00850649 0.00707573 -0.0895806 -0.0234405 -0.0578865 -0.0931866 0.0201899 -0.0137735 -0.0179132 -0.0111297 -0.0210703 -0.0640697 -0.0190629 -0.0253414 -0.0305058 -0.0035227 -0.0104836 0.00491085 -0.0107932 -0.0207544 -0.00986415 -0.00636849 -0.0377858 -0.0833545 -0.117029 -0.0826384 0.00282987 -0.0218902 -0.0233396 -0.0106 -0.0270503 -0.0566783 -0.0233359 -0.0172793 -0.02606 -0.0689396 -0.0352516 -0.0502406 -0.00919902 -0.00652286 -0.0325893 -0.0133344 -0.10056 -0.00541048 -0.000787084 -0.00421195 -0.00920484 -0.0255294 -0.00907981 -0.0291944 -0.00744176 -0.0116901 -0.00302556 0.00265026 -0.0124714 -0.0091639 -0.015173 -0.0260075 -0.0321318 -0.0227545 -0.0116504 -0.0314928 -0.00636575 -0.0128934 -0.0157167 -0.0212965 -0.0936591 -0.00415261 0.00472107 -0.009205 0.0101093 -0.00372268 -0.00749055 -0.0379645 -0.0444166 -0.0581076 -0.0318418 0.0124589 0.000195419 -0.0199102 0.00201995 -0.121952 -0.00987495 -0.0265686 -0.00977147 -0.0650856 0.0039865 0.000582688 -0.0195492 -0.0101396 -0.0131487 -0.0065068 -0.00266934 -0.0216098 -0.0248251 -0.0122668 -0.0179619 -0.00875521 -0.129 -0.0129416 -0.0258387 -0.0115979
internal_weight=519862 518057 476723 1805 341150 184265 124282 37064 1411 135573 41334 107984 156885 1039 59983 48133 713 79882 58072 101528 87218 14857 21810 72361 99192 57592 393 11587 504 920 7494 55357 21593 33764 18733 392 17478 8337 6222 66757 33372 33840 33200 4588 77917 26736 790 336 496 315 2860 11083 10561 2406 8155 915 7240 4831 3616 537 2409 1328 28612 33137 480 9141 310 25946 11481 9753 6949 1791 14465 1088 13377 51181 28102 26037 47788 21527 26261 6426 4707 2671 19835 1197 27589 6972 6209 4723 467 20617 4062 14686 11850 1635 25477 1222 2036 973 1063 7803 1533 541 1486 310 17266 5535 963 424 31119 20714 746 27138 14812 12326 9839 2487 2317 14641 5596 9045 241 5355 4094 11630
internal_count=519862 518057 476723 1805 341150 184265 124282 37064 1411 135573 41334 107984 156885 1039 59983 48133 713 79882 58072 101528 87218 14857 21810 72361 99192 57592 393 11587 504 920 7494 55357 21593 33764 18733 392 17478 8337 6222 66757 33372 33840 33200 4588 77917 26736 790 336 496 315 2860 11083 10561 2406 8155 915 7240 4831 3616 537 2409 1328 28612 33137 480 9141 310 25946 11481 9753 6949 1791 14465 1088 13377 51181 28102 26037 47788 21527 26261 6426 4707 2671 19835 1197 27589 6972 6209 4723 467 20617 4062 14686 11850 1635 25477 1222 2036 973 1063 7803 1533 541 1486 310 17266 5535 963 424 31119 20714 746 27138 14812 12326 9839 2487 2317 14641 5596 9045 241 5355 4094 11630
cat_boundaries=0 2 4 6 8 10 12 14 16 17 18 19 21 22 24 26 27 28 30 32 33 34 35 36 37 39 41 42 44 46 47 49 51 53 54 55 57 59 61 63 64 65 66 68
cat_threshold=268697684 10 268435458 8192 2915252866 25760 12787714 8192 571998208 4 4898825 196 16 2 1077411840 4885 138609282 536872960 131072 27272704 4881 4202626 3970959488 2336 32769 64 1 32 0 1 536870912 4 2 65538 2 12 65538 2692749312 24576 0 4 5 0 1 0 517 2 1048576 516 524288 516 540672 64 1 2 4358144 4 75503616 160 83886720 1152 2097152 256 10 1024 16392 32768 2048
is_linear=0
shrinkage=0.03


Tree=19
num_leaves=127
num_cat=41
split_feature=0 5 33 5 5 21 5 5 0 5 11 5 2 5 4 25 27 23 5 5 0 27 0 5 12 5 0 21 23 0 11 40 11 21 0 5 27 30 2 5 5 12 0 0 5 25 27 25 27 25 11 26 0 25 25 27 4 0 5 2 5 25 0 5 5 11 13 5 29 0 4 5 25 5 5 12 25 25 27 23 25 25 5 11 5 26 21 0 21 25 27 23 5 23 0 0 27 5 0 27 5 27 11 5 5 27 22 21 5 0 25 27 25 0 0 5 27 0 45 4 25 27 21 27 5 44
split_gain=12939 5781.15 5602.99 4311.37 3482.33 2556.8 2175.3 1918.77 1837.32 1846.26 1842.44 1793.33 1768.61 1687.09 1496.31 1368.35 1311.79 1158.67 884.118 868.761 1241.18 853.443 4798.63 1393.73 1017.16 937.003 816.407 1191.75 807.127 771.531 739.377 727.543 724.678 688.295 639.955 1043.14 1327.07 636.785 620.345 807.598 618.381 1411.66 1052.09 2969.74 1250.3 1074.23 2369.66 694.481 673.281 651.51 648.979 623.174 735.695 617.862 616.518 639.566 602.746 565.544 2035.95 562.1 550.06 538.761 553.324 1156.38 537.683 536.71 534.372 513.723 597.132 588.154 566.39 510.169 503.004 501.243 481.102 472.546 455.101 447.822 623.308 434.68 430.609 426.123 421.939 440.566 417.885 415.254 403.498 395.788 413.72 395.787 378.754 374.89 374.731 373.525 365.897 363.537 361.724 354.045 342.848 439.371 546.776 341.368 335.13 388.218 328.679 1027.37 947.054 391.223 326.795 313.352 311.036 507.788 497.164 732.212 935.902 322.609 309.644 308.872 307.635 307.37 306.297 953.685 301.143 300.983 1137.72 602.704
threshold=13030.000000000002 0 4.7500000000000009 1 2 0.1056567244231701 3 4 325.00000000000006 5 0.24372619390487674 6 7 8 9 19.500000000000004 0.095947422087192549 0.064333807677030577 10 11 325.00000000000006 0.086274277418851866 475.00000000000006 12 -0.60555642843246449 13 1410.0000000000002 0.04543250426650048 0.038110742345452316 1940.0000000000002 0.24372619390487674 32.95000076293946 0.24372619390487674 0.13383229821920398 950.00000000000011 14 0.092709075659513487 0.10479542613029481 15 16 17 0.020426410250365738 950.00000000000011 850.00000000000011 18 49.000000000000007 0.089248880743980422 38.500000000000007 0.098019190132617964 38.500000000000007 -0.4218058288097381 0.087825521826744093 155.00000000000003 77.500000000000014 50.500000000000007 0.15550526976585391 19 155.00000000000003 20 21 22 88.500000000000014 325.00000000000006 23 24 0.41398981213569647 40.500000000000007 25 0.071491584181785597 325.00000000000006 26 27 107.50000000000001 28 29 -0.13398942351341245 83.500000000000014 58.500000000000007 0.059944719076156623 0.051437802612781532 63.500000000000007 39.500000000000007 30 0.79383251070976268 31 0.10922185331583024 0.1000989116728306 1560.0000000000002 0.096113115549087538 97.500000000000014 0.10945477336645128 0.114736445248127 32 0.058227287605404861 155.00000000000003 1560.0000000000002 0.16058247536420825 33 325.00000000000006 0.058846931904554374 34 0.16058247536420825 0.48314048349857336 35 36 0.059944719076156623 -0.11594646796584128 0.06530440598726274 37 155.00000000000003 53.500000000000007 0.058846931904554374 19.500000000000004 1225.0000000000002 325.00000000000006 38 0.061421869322657592 615.00000000000011 20.015000343322757 39 19.500000000000004 0.08212983608245851 0.09852414578199388 0.11368945986032487 40 0.049499999731779105
decision_type=2 9 2 9 9 8 9 9 2 9 2 9 9 9 9 2 2 8 9 9 2 2 2 9 2 9 2 10 10 2 2 2 2 8 2 9 2 10 9 9 9 2 2 2 9 2 2 2 2 2 2 10 2 2 2 2 9 2 9 9 9 2 2 9 9 2 2 9 10 2 9 9 2 9 9 2 2 2 2 8 2 2 9 2 9 10 8 2 8 2 2 10 9 10 2 2 2 9 2 2 9 2 2 9 9 2 8 8 9 2 2 2 2 2 2 9 2 2 2 9 2 2 10 2 9 2
left_child=1 14 4 -2 12 18 30 17 9 57 -11 15 40 -12 37 16 -10 -5 91 20 -14 23 -23 75 25 34 28 -28 81 65 59 86 38 -25 35 -24 -37 117 60 116 85 56 43 45 -44 46 47 120 51 -48 -45 52 122 104 118 72 -42 58 66 71 -8 62 76 -64 -15 74 -7 -30 69 70 -69 -4 -56 -59 -13 -17 119 95 -79 -65 123 -20 83 -26 -61 97 -16 88 -81 -41 98 -6 -9 -53 -49 110 -36 -3 99 100 -62 -18 -99 -104 107 -106 -107 -21 -34 -33 111 115 113 114 -113 -73 -40 -1 -19 -55 121 -43 -47 -67 125 -125
right_child=3 2 6 7 5 8 32 92 11 10 13 29 19 64 31 21 101 54 26 53 -22 22 24 33 82 -27 27 -29 67 -31 -32 109 108 -35 96 36 -38 -39 39 89 41 42 44 50 -46 48 49 94 -50 -51 -52 93 -54 61 55 -57 -58 73 -60 84 90 -63 63 79 -66 80 -68 68 -70 -71 -72 77 -74 -75 -76 -77 -78 78 -80 87 -82 -83 -84 -85 -86 -87 -88 -89 -90 -91 -92 -93 -94 -95 -96 -97 -98 102 -100 -101 -102 -103 103 -105 105 106 -108 -109 -110 -111 -112 112 -114 -115 -116 -117 -118 -119 -120 -121 -122 -123 -124 124 -126 -127
leaf_value=0.019439725787982084 -0.17110163055864491 0.011366672367766366 0.0088760814066089454 0.0070488600432872771 -0.0046355079045958909 -0.045016239058287416 0.010747631845956097 -0.037825039406212006 -0.009375388938994561 -0.011673476937323563 -0.068537040811655792 0.0087525848714959404 -0.01212266893201789 -0.0056248420678328944 0.0082343106685770859 0.0011722653831160391 -0.056843823735206613 -0.080492077164061648 0.028121422602849847 0.0056966913522343036 -0.092329765148281062 -0.18326000840105908 -0.0044631685416347214 -0.0066676012573924351 0.00035180605305030929 -0.006689917280824304 -0.12558912086255342 -0.0096855793154540185 0.0031928497050236469 -0.072693553106351325 -0.01715950668527965 0.0014638735733503714 0.0080605908934863451 0.0067057511899737401 -0.029243205183963106 -0.18057516581303362 -0.04534918271832996 0.036199116216991768 -0.017981666620897712 0.0067896632017966953 -0.020374293579384858 -0.021355004484553453 -0.020596128253083754 -0.07658161283969879 0.010666828908670647 -0.012234683342416163 -0.082503051235584823 -0.02624409565154244 0.0027624597986191162 -0.16532195585615495 -0.17224300612574039 -0.026679329070145003 -0.034234915761230895 -0.039681384401236051 -0.053460170523206278 -0.16113885291985103 0.0020531788046512026 -0.0067384584530498816 -0.0078292677135568534 -0.00057747296739119362 -0.037319961999914643 -0.0049832958661201838 -0.00051471676898617153 0.024584960972698515 -0.028179283095900776 -0.0074857485889050493 -0.11801580598119829 -0.02707914086302592 0.01427570455217037 -0.032861225888336773 0.016474056645526078 0.034051804764261631 -0.12636350816914013 0.0033464476551016849 0.00020227078752535081 -0.013469917975045029 -0.0007485850594651848 0.019958985388674823 -0.0030165310051137651 -0.061007433821983134 0.00035624766045998647 -0.01217864792574865 -0.0079291342684317083 -0.022412254042771983 -0.010644687500263376 0.0031457491516473754 0.00022464546584768 0.0094325711512066469 -0.027824645126437408 -0.034825934357762905 -0.0086927136191263434 0.0055464574203916272 0.022187533785350794 0.0028296548802452491 -0.09730933322909377 0.02171224035885148 -0.0083085240923578413 -0.011124992349408508 0.0071078388059773534 0.0036203189503920415 0.0056678617788836032 -0.11322126063704489 -0.012288033124518826 -0.02752956623962189 0.013191722216190742 -0.086516360294727868 -0.0050611402372375738 -0.0075372850114563015 -0.0087013048720781128 0.015774609362124055 -0.028935051102921123 0.0090060977547932256 -0.0079686260157345399 0.011857067136885877 -0.094297559135838566 -0.0030794888891200012 -0.003017124055050959 9.9491060569824787e-06 -0.025494480352652699 0.0012642957059585528 -0.0067549338921734101 -0.11306037338671543 -0.05599493229081854 -0.040580062039196493 -0.0078729037023525204 -0.13476589286649548
leaf_weight=3066 388 528 5035 124 22927 182 22582 136 763 25007 858 6988 528 1223 8087 2536 536 307 254 2232 258 140 192 4739 10233 3535 102 356 20246 131 3755 1742 1315 12863 2772 110 161 1809 1474 13034 1542 762 4035 124 1604 2542 243 101 965 135 137 585 4864 1671 178 167 3582 8705 7278 5849 613 6208 3413 135 4612 6510 182 358 9433 479 1068 331 167 9023 38529 9105 411 1420 4214 423 6855 3201 42707 826 10183 1569 18860 202 1696 208 1899 3792 247 1131 188 302 1016 16351 17035 2667 466 119 3348 2825 3600 130 6651 20190 5007 6576 814 112 1851 166 265 550 7966 969 132 183 671 117 149 139 906 110
leaf_count=3066 388 528 5035 124 22927 182 22582 136 763 25007 858 6988 528 1223 8087 2536 536 307 254 2232 258 140 192 4739 10233 3535 102 356 20246 131 3755 1742 1315 12863 2772 110 161 1809 1474 13034 1542 762 4035 124 1604 2542 243 101 965 135 137 585 4864 1671 178 167 3582 8705 7278 5849 613 6208 3413 135 4612 6510 182 358 9433 479 1068 331 167 9023 38529 9105 411 1420 4214 423 6855 3201 42707 826 10183 1569 18860 202 1696 208 1899 3792 247 1131 188 302 1016 16351 17035 2667 466 119 3348 2825 3600 130 6651 20190 5007 6576 814 112 1851 166 265 550 7966 969 132 183 671 117 149 139 906 110
internal_value=-0.00372466 -0.00344207 -0.00437245 -0.0829867 -0.00614349 -0.0044079 0.00159759 -0.0578672 -0.00599333 -0.0105852 -0.0154111 -0.00427511 -0.0110543 -0.0293954 0.00735139 -0.00690042 -0.0361342 -0.0784263 0.000932331 -0.0069718 -0.0380506 -0.00644493 -0.00844587 -0.00222352 -0.00804528 -0.018179 0.00403436 -0.0357155 0.00455609 -0.000244232 -0.00458545 0.00502289 0.00449882 0.0031033 -0.0276484 -0.0609837 -0.0971291 0.0214118 0.00540339 0.00135126 -0.0151201 -0.0186143 -0.0225091 -0.0272927 -0.0117207 -0.0251874 -0.0441196 -0.0300232 -0.0210831 -0.112439 -0.12726 -0.0235651 -0.0272717 -0.0064449 -0.0903909 -0.112807 -0.00469873 -0.00454683 -0.0113702 -0.00306785 0.007432 -0.0116401 -0.0167194 -0.0118551 -0.0234714 -8.49811e-05 -0.0795596 0.00606207 0.0111722 -0.00413643 0.00552863 0.00109531 -0.0890128 -0.00160757 0.00151709 -0.0102715 -0.0293129 -0.00281799 0.00277676 -0.0274938 -0.00510688 -0.00920864 -0.00657748 -0.0013491 -0.00697475 -0.0117814 0.00262862 -0.0306506 -0.0344743 0.00612877 0.00412709 -0.00318912 0.000416505 -0.00723991 -0.0726495 -0.0100019 -0.0236319 -0.0128026 0.00530094 -0.00291569 -0.0190593 -0.0672434 -0.0133688 -0.019331 -0.00417515 0.000240863 -0.00663526 -0.00621694 -0.00521506 0.0127781 -0.0123489 -0.0082189 -0.0153834 -0.040598 -0.0636652 0.011245 -0.00534974 0.0147748 -0.0640507 -0.0356413 -0.0220337 -0.0336761 -0.0146776 -0.00999209 -0.0241001 -0.0793855
internal_weight=519904 518058 476949 1846 367836 271807 109113 1458 209591 57070 31700 152521 96029 6693 41109 92353 1418 1075 62216 47931 786 90935 61692 29243 61552 7786 35497 458 35039 60168 34847 35265 74266 17602 4251 463 271 5844 67944 22682 48098 23477 18353 12714 5639 12453 2217 1839 10236 378 261 9271 7555 47145 951 512 5124 25370 7642 31092 45262 14342 8134 5869 5835 60037 364 31584 11338 1905 1426 15060 345 17728 45517 11641 2265 10025 5634 2456 14520 3455 53766 11059 16032 24621 26947 2321 2119 13242 22680 26719 383 1716 289 4391 3788 23052 20781 3746 1079 655 22524 6173 32803 10381 6781 22422 6322 8318 4089 3275 2394 543 377 881 9440 4035 439 1854 1550 879 2691 7665 1155 249
internal_count=519904 518058 476949 1846 367836 271807 109113 1458 209591 57070 31700 152521 96029 6693 41109 92353 1418 1075 62216 47931 786 90935 61692 29243 61552 7786 35497 458 35039 60168 34847 35265 74266 17602 4251 463 271 5844 67944 22682 48098 23477 18353 12714 5639 12453 2217 1839 10236 378 261 9271 7555 47145 951 512 5124 25370 7642 31092 45262 14342 8134 5869 5835 60037 364 31584 11338 1905 1426 15060 345 17728 45517 11641 2265 10025 5634 2456 14520 3455 53766 11059 16032 24621 26947 2321 2119 13242 22680 26719 383 1716 289 4391 3788 23052 20781 3746 1079 655 22524 6173 32803 10381 6781 22422 6322 8318 4089 3275 2394 543 377 881 9440 4035 439 1854 1550 879 2691 7665 1155 249
cat_boundaries=0 2 4 6 8 10 12 14 15 16 17 19 20 22 24 26 27 29 31 33 34 36 37 39 41 43 45 46 47 49 50 52 54 56 57 59 61 63 65 66 67 69
cat_threshold=268697684 10 268435458 8192 35177513 2128 13287944 196 571998208 4 1142952064 1952 3835822080 25476 5 2 2 3288404096 22276 1 2097152 16768 8519680 8708 131072 4 6 2820734978 4865 33603593 16 1048576 2048 4 0 512 10 2332099618 24320 1048576 2064 8519680 16384 10493952 8353 2 12713984 1075838976 1280 4202626 8388608 128 33288 128 134217728 2048 1 8193 17 16392 16 541704 2064 5121 17440 557056 1 8192 4096
is_linear=0
shrinkage=0.03


Tree=20
num_leaves=127
num_cat=35
split_feature=0 48 5 5 37 5 5 5 5 11 5 37 27 23 12 5 0 5 25 0 5 0 5 5 0 27 0 5 5 0 27 12 25 5 27 20 26 0 25 5 5 27 25 5 0 0 48 26 22 0 0 5 0 0 4 25 40 27 5 0 27 20 25 0 25 5 40 0 5 27 25 4 5 33 23 21 27 0 21 11 25 12 27 0 47 0 5 5 27 27 25 48 20 0 0 5 5 0 5 11 0 0 0 25 0 5 23 22 0 5 0 5 27 46 0 25 26 26 27 0 26 5 11 25 0 5
split_gain=12083.8 5630.24 5120.84 4425.01 3300.44 2643.37 2363.24 1713.4 1308.55 1214.67 1127.41 1102.12 1013.2 964.323 944.856 794.407 739.565 722.718 713.367 700.801 1674.14 662.322 1518.71 1032.01 1416.98 1745.38 1159.01 1746.95 1290.85 1101.27 839.677 798.296 990.083 745.523 1055.83 685.37 661.764 625.889 611.771 586.25 583.454 566.158 565.942 556.838 551.475 543.072 538.68 535.402 648.36 517.602 515.615 1481.86 471.356 576.769 2734.51 566.519 450.65 449.384 420.788 848.17 498.855 419.504 418.893 410.388 827.466 419.684 409.413 404.491 384.678 377.788 431.939 551.687 370.983 365.179 360.393 728.651 356.439 349.592 344.85 343.535 338.992 624.509 343.448 1062.83 636.141 335.757 1403 501.106 338.264 328.308 597.793 381.835 558.351 355.994 457.37 325.047 319.578 372.09 917.826 318.33 313.291 353.86 312.527 307.524 302.138 295.586 417.557 388.45 295.525 333.686 295.281 329.343 295.226 317.417 292.851 290.148 289.997 286.954 286.11 285.516 274.661 272.928 392.385 272.382 310.883 395.044
threshold=13030.000000000002 6.9500000476837167 0 1 14.34999990463257 2 3 4 5 0.24372619390487674 6 10.34999990463257 0.086274277418851866 0.093464292585849776 -0.28519998490810389 7 225.00000000000003 8 27.500000000000004 1410.0000000000002 9 325.00000000000006 10 11 950.00000000000011 0.064750330522656455 850.00000000000011 12 13 950.00000000000011 0.086274277418851866 -0.20180761069059369 69.500000000000014 14 0.089248880743980422 29.500000000000004 0.11644427105784418 1225.0000000000002 50.500000000000007 15 16 0.07936600968241693 11.500000000000002 17 1280.0000000000002 850.00000000000011 23.04999923706055 0.10922185331583024 0.20459871739149096 155.00000000000003 110.00000000000001 18 1225.0000000000002 325.00000000000006 19 17.500000000000004 35.149999618530281 0.15550526976585391 20 715.00000000000011 0.049178216606378562 61.500000000000007 77.500000000000014 225.00000000000003 59.500000000000007 21 31.650000572204593 1225.0000000000002 22 0.14500886201858523 37.500000000000007 23 24 8.5500001907348651 0.038110742345452316 0.061729207634925849 0.049178216606378562 155.00000000000003 0.078457061201334014 -0.34235668182373041 18.500000000000004 1.0000000180025095e-35 0.064750330522656455 950.00000000000011 14.25500011444092 110.00000000000001 25 26 0.069445703178644194 0.086274277418851866 15.500000000000002 0.25000000745058065 60.500000000000007 950.00000000000011 615.00000000000011 27 28 180.00000000000003 29 -0.17647087574005124 615.00000000000011 550.00000000000011 1715.0000000000002 26.500000000000004 325.00000000000006 30 0.090003363788127913 -0.63319256901741017 225.00000000000003 31 225.00000000000003 32 0.092709075659513487 4.9071428775787362 715.00000000000011 16.500000000000004 0.19185426831245425 0.084485240280628218 0.07936600968241693 61.500000000000007 0.28312641382217413 33 0.25206111371517187 100.50000000000001 1280.0000000000002 34
decision_type=2 2 9 9 2 9 9 9 9 2 9 2 2 8 2 9 2 9 2 2 9 2 9 9 2 2 2 9 9 2 2 2 2 9 2 2 10 2 2 9 9 2 2 9 2 2 2 10 8 2 2 9 2 2 9 2 2 2 9 2 2 2 2 2 2 9 2 2 9 2 2 9 9 2 8 8 2 2 8 2 2 2 2 2 2 2 9 9 2 2 2 2 2 2 2 9 9 2 9 2 2 2 2 2 2 9 10 10 2 9 2 9 2 2 2 2 10 8 2 2 10 9 2 2 2 9
left_child=1 6 4 8 5 41 15 47 13 96 12 74 16 -2 39 52 -11 -5 67 36 -21 22 31 24 25 99 27 30 29 -28 68 32 -13 -32 46 -33 40 95 -15 -8 100 -3 49 -29 62 58 -35 48 76 -24 51 -17 53 77 55 -55 -52 -40 59 -42 -60 -27 69 64 121 -66 85 -14 -25 70 71 -31 104 -41 -9 -76 -4 -1 -47 -70 81 -65 -83 84 -84 86 -44 110 -88 93 -91 92 -92 94 -56 -30 -6 98 -98 -23 101 -7 -22 -36 -12 -38 107 -107 109 -89 111 -87 113 115 -102 -45 -109 -82 -51 -67 -108 122 -50 124 125 -39
right_child=3 2 7 17 9 19 14 11 -10 10 72 21 18 38 -16 50 -18 -19 -20 20 102 23 42 26 -26 61 28 43 37 44 33 35 -34 34 103 -37 105 123 57 73 45 -43 66 112 -46 78 -48 -49 63 118 56 -53 -54 54 89 -57 -58 -59 60 -61 -62 -63 -64 80 65 119 -68 -69 79 -71 -72 -73 -74 -75 75 -77 -78 -79 -80 -81 117 82 83 -85 -86 87 88 108 -90 90 91 -93 -94 -95 -96 -97 97 -99 -100 -101 114 -103 -104 -105 -106 106 120 116 -110 -111 -112 -113 -114 -115 -116 -117 -118 -119 -120 -121 -122 -123 -124 -125 -126 -127
leaf_value=-0.022255223473690713 -0.0106844179730477 0.031537394610212578 -0.0067790293973341601 -0.048943126893047327 0.0020509899274070483 0.0027482591539565444 0.01915311206883976 -0.01496993587211513 -0.16379590423940454 -0.035137657661378899 -0.022859410783403668 -0.024843396644880451 -0.051378579723375298 -0.061208773846809686 -0.0014476412536710099 -0.099164222224456505 -0.0001511546652587031 0.010733123547344637 -0.028375029984364107 -0.13273382619023322 0.0015900293056285758 -0.031734131113095213 0.012082778040100748 0.0014491653833282536 0.024380016937523868 -0.13526813912391661 -0.086945539494355517 0.014804797113255271 -0.0050360657220665924 -0.024519861695907991 -0.0038614111435807908 -0.087428491685242776 -0.068047653336189368 -0.041607037967113542 -0.069122104005115786 -0.012980945373806478 0.0036263284111878835 -0.022114271051865621 -0.098283171516198378 0.0046765624491678448 -0.011917177525873917 0.0061482951903067858 -0.090528706742345158 -0.052321931923379993 0.0046758444176086059 0.020853136467761671 -0.11141009475262502 0.010329131466389677 -0.0095545649339558846 -0.037384012310392394 -0.003355199055117674 -0.0074787435081153878 0.010051194521149673 -0.10991937078446327 -0.0057491116731474261 -0.03511263633146882 0.0021381873430943816 -0.16287090356067074 0.010581092108670261 -0.091459830739768225 -0.0041535027966983261 -0.067228875794231008 -0.0092833049273089597 -0.0052510519643302915 0.0057041047009427038 -0.013820232638115248 0.0065935506067930265 -0.11083889273761047 -0.020542074679500998 -0.0083622147043099487 -0.020674743737128805 0.021999725632332264 -0.0029078442178687167 0.0099216187593849578 0.010703654609128985 -0.0034137115367193892 -0.019852103124189276 0.010095436757153355 0.0018738249267966304 -0.0052758608029935573 0.0056890885670243703 -0.019538900133874711 -0.1388492316934862 -0.0051839622952935191 -0.054757748453358061 0.013131679354849164 -0.0039616223167869714 0.0039347977043110239 -0.023181371432247067 0.006004097626709122 -0.088960832446286484 -0.01987861306760344 -0.025664511727040058 0.015584903523011983 -0.051931977299488744 0.0050837336790901921 -0.095303300251605133 -0.0032665950019813124 -0.010573211423633161 -0.010404985865477048 0.020625527499685412 -0.049940495881541022 -0.056067962599272776 -0.020296764924554206 -0.0088954653420550978 0.014464962525977466 0.024767629319989565 -0.00069305389337690946 0.0063342909826265481 -0.021498747305710945 -0.01373345569554432 -0.0083853475172695636 0.0099125297721961089 0.014653088596552503 0.0061142378382459126 -0.0012787093131846749 -0.036160986023023721 -0.008761391397731428 -0.093278529757545109 -0.034311389377911464 0.0095021932631444688 -0.0050451423685823338 -0.053242204868160989 -0.016704593878509366 0.015085650715945384 -0.0031234667038634867
leaf_weight=412 115 3363 2169 380 8049 10408 3234 2143 401 760 1927 4211 455 194 15888 153 1905 341 2509 104 521 1175 135 4287 493 104 179 3343 4638 423 1431 112 538 206 122 7525 12275 1306 233 45325 2113 1034 201 100 1591 912 195 893 555 246 26135 5120 770 333 1526 127 27667 176 2265 127 23665 395 12323 1549 331 785 2067 134 1984 3841 11672 499 6880 16224 3542 46165 14008 1104 15315 4003 1303 832 119 289 257 878 2262 968 1296 521 215 922 302 576 220 7400 108 22767 3986 1359 1872 115 100 2141 5050 1763 2235 1963 3819 880 5958 2280 3062 1166 3777 13120 231 24105 125 2807 2022 4047 277 2983 589 3967
leaf_count=412 115 3363 2169 380 8049 10408 3234 2143 401 760 1927 4211 455 194 15888 153 1905 341 2509 104 521 1175 135 4287 493 104 179 3343 4638 423 1431 112 538 206 122 7525 12275 1306 233 45325 2113 1034 201 100 1591 912 195 893 555 246 26135 5120 770 333 1526 127 27667 176 2265 127 23665 395 12323 1549 331 785 2067 134 1984 3841 11672 499 6880 16224 3542 46165 14008 1104 15315 4003 1303 832 119 289 257 878 2262 968 1296 521 215 922 302 576 220 7400 108 22767 3986 1359 1872 115 100 2141 5050 1763 2235 1963 3819 880 5958 2280 3062 1166 3777 13120 231 24105 125 2807 2022 4047 277 2983 589 3967
internal_value=-0.00358357 -0.0033105 -0.00528051 -0.0803064 -0.000773051 0.00288165 0.00166218 -0.00804041 -0.117244 -0.00654908 -0.0125214 -0.00659781 -0.0236649 -0.0891653 0.00510769 -0.00254305 -0.010138 -0.0209818 -0.0353705 0.00166135 -0.0276822 -0.00813822 -0.0117397 -0.00679894 -0.0226893 -0.0304205 -0.00614815 -0.00195136 -0.00901943 -0.0129498 -0.00999075 -0.0200768 -0.0297512 -0.0214831 -0.0308137 -0.0140841 0.00192434 -0.00326566 -0.105566 0.00671616 0.000347752 0.0255116 -0.00683576 0.00360807 -0.0125148 -0.0014295 -0.0757439 -0.0126971 -0.0130845 -0.0381532 -0.00140758 -0.0103596 -0.0120703 -0.0148127 -0.0199613 -0.0893872 -0.000530307 -0.126406 -0.00394803 -0.0163926 -0.00286496 -0.0816516 -0.013466 -0.0109063 -0.0165677 -0.0268242 -0.00606835 -0.065071 -0.0054182 -0.0166014 -0.0191134 0.000653783 -0.00786284 0.00605829 -0.00292704 -0.00240755 -0.0180998 0.00129469 0.00294173 -0.0103202 -0.0091545 -0.018611 -0.0324223 -0.0484876 -0.0816695 -0.00748013 -0.015485 -0.00544377 -0.0109362 -0.012484 -0.0215225 -0.031486 -0.0521079 -0.00484863 -0.0115947 0.00118472 -0.00319226 -0.00476243 -0.0130897 -0.0203038 0.00522429 0.00216776 -0.00764694 -0.0229583 -0.0127367 0.00658478 0.0109871 0.00398325 0.00156636 -0.00827648 -0.00979231 -0.00238581 0.00145482 -0.000344916 0.0109259 -0.00166874 -0.00444214 -0.00802013 -0.0564165 -0.0297555 0.0175208 -0.00831698 -0.0238596 -0.00932575 -0.00556867 -0.0078782
internal_weight=519098 517258 370484 1840 140710 86180 146774 229774 1119 54530 19620 175448 5763 718 80671 66103 2665 721 3098 81783 725 123598 33501 90097 3526 3033 86571 35160 51411 30528 14369 12386 4749 4095 2664 7637 81058 20883 603 64783 60569 4397 21115 20791 30349 44397 401 54326 53433 506 59075 5273 7028 6258 4742 460 53802 409 28170 2240 25930 499 28758 37256 8802 3923 20609 589 10274 16435 12594 922 13857 61549 51850 49707 16177 1516 16227 5987 28454 3046 1497 665 376 18542 3759 14783 3558 4282 1960 1439 517 2322 1746 12038 34910 26861 4094 2534 16172 10523 621 2263 6977 20489 8214 3957 5667 1848 9116 3158 17448 14386 5649 13220 2194 25408 371 3592 4257 4879 832 8845 5862 5273
internal_count=519098 517258 370484 1840 140710 86180 146774 229774 1119 54530 19620 175448 5763 718 80671 66103 2665 721 3098 81783 725 123598 33501 90097 3526 3033 86571 35160 51411 30528 14369 12386 4749 4095 2664 7637 81058 20883 603 64783 60569 4397 21115 20791 30349 44397 401 54326 53433 506 59075 5273 7028 6258 4742 460 53802 409 28170 2240 25930 499 28758 37256 8802 3923 20609 589 10274 16435 12594 922 13857 61549 51850 49707 16177 1516 16227 5987 28454 3046 1497 665 376 18542 3759 14783 3558 4282 1960 1439 517 2322 1746 12038 34910 26861 4094 2534 16172 10523 621 2263 6977 20489 8214 3957 5667 1848 9116 3158 17448 14386 5649 13220 2194 25408 371 3592 4257 4879 832 8845 5862 5273
cat_boundaries=0 2 4 6 8 10 12 14 16 18 19 21 22 24 26 28 30 32 34 35 36 37 38 40 41 43 45 47 49 51 52 54 56 57 58 60
cat_threshold=499530324 1194 303038466 8196 0 2 887806601 453 33604649 2112 34603008 4 12722176 2 540672 64 537395200 2048 8390656 65538 4113 524288 538968064 13056 3222274048 16916 2097152 4352 20 2 406849620 128 2147483648 4 131072 1 16777216 32768 536870912 8704 1 352324096 128 0 512 1075838976 16640 0 12288 134481940 10 131072 25165824 8 128 512 1075838976 33555456 0 4352
is_linear=0
shrinkage=0.03


Tree=21
num_leaves=127
num_cat=39
split_feature=0 46 5 5 12 5 5 5 5 5 0 5 5 29 5 4 11 2 0 5 0 36 11 0 3 0 11 27 2 25 27 31 0 22 25 27 5 0 5 12 0 0 5 0 25 25 25 27 0 25 11 25 0 2 5 0 5 5 25 0 5 0 27 25 0 5 0 27 5 5 25 25 29 26 27 5 26 5 0 25 0 22 0 27 0 25 0 5 2 0 2 5 25 11 5 0 27 5 0 4 0 5 0 3 28 29 26 27 27 12 0 5 27 45 11 0 25 26 27 25 11 5 8 30 24 36
split_gain=11310.7 5452.64 5358.52 4056.01 2969.4 2855.27 2596.61 1881.14 1401.49 1358.89 1325.67 1892.44 1720.43 1192.98 903.175 872.382 1122.45 859.192 810.044 804.192 1351.81 773.672 756.847 752.401 1829.22 888.683 732.193 687.321 678.759 934.512 705.833 672.799 624.903 615.785 598.531 732.945 553.516 825.983 536.984 1389.64 1281.68 2686.45 1195.16 795.275 661.439 2519.5 730.455 925.132 716.735 611.773 598.066 536.135 525.659 825.894 1656.21 526.611 1164.2 510.607 487.115 477.265 491.222 458.275 450.572 827.439 447.718 445.119 1227.24 637.061 430.643 428.161 450.041 425.203 421.132 417.651 416.431 719.449 404.405 399.296 443.908 442.777 399.187 392.471 392.265 373.013 370.094 361.292 355.817 354.88 501.454 353.876 464.591 1235.5 826.919 385.826 382.892 532.078 499.301 544.397 364.248 408.53 626.81 349.634 630.576 545.05 389.728 747.14 679.173 428.049 348.902 348.103 347.152 346.273 475.574 344.474 343.259 343.167 559.217 335.114 333.689 332.103 324.919 323.246 327.884 306.652 303.746 300.233
threshold=13030.000000000002 3.3142858743667607 0 1 -0.25206183642148966 2 3 4 5 6 180.00000000000003 7 8 0.08521361276507379 9 10 0.12545942142605784 11 225.00000000000003 12 325.00000000000006 4.2500000000000009 0.24372619390487674 1410.0000000000002 13 1280.0000000000002 0.24372619390487674 0.07936600968241693 14 76.500000000000014 0.14500886201858523 0.062716279178857817 325.00000000000006 -0.42448458075523371 50.500000000000007 0.15550526976585391 15 1615.0000000000002 16 1.0000000180025095e-35 950.00000000000011 850.00000000000011 17 155.00000000000003 49.000000000000007 38.500000000000007 18.500000000000004 0.08212983608245851 615.00000000000011 71.500000000000014 -0.4218058288097381 107.50000000000001 715.00000000000011 18 19 475.00000000000006 20 21 130.50000000000003 55.000000000000007 22 1560.0000000000002 0.089248880743980422 67.500000000000014 715.00000000000011 23 615.00000000000011 0.053263295441865928 24 25 64.500000000000014 13.500000000000002 0.064788181334733977 0.17467451840639117 0.098654624074697508 26 0.0042278021574020394 27 155.00000000000003 12.500000000000002 1715.0000000000002 -0.03051067795604467 2375.0000000000005 0.16058247536420825 615.00000000000011 97.500000000000014 1225.0000000000002 28 29 1280.0000000000002 30 31 53.500000000000007 0.79383251070976268 32 325.00000000000006 0.053263295441865928 33 715.00000000000011 34 615.00000000000011 35 110.00000000000001 36 0.11363204941153528 0.12510562688112262 0.07760068774223329 0.05270845256745816 0.07936600968241693 0.46611291170120245 90.000000000000014 37 0.058846931904554374 20.015000343322757 0.41398981213569647 325.00000000000006 99.000000000000014 0.24214403331279757 0.098019190132617964 77.500000000000014 -0.50556187331676472 38 10.500000000000002 0.049045160412788398 1.0205206871032717 6.6500000953674325
decision_type=2 2 9 9 2 9 9 9 9 9 2 9 9 8 9 9 2 9 2 9 2 2 2 2 1 2 2 2 9 2 2 8 2 10 2 2 9 2 9 2 2 2 9 2 2 2 2 2 2 2 2 2 2 9 9 2 9 9 2 2 9 2 2 2 2 9 2 2 9 9 2 2 10 10 2 9 8 9 2 2 2 10 2 2 2 2 2 9 9 2 9 9 2 2 9 2 2 9 2 9 2 9 2 1 8 10 10 2 2 2 2 9 2 2 2 2 2 10 2 2 2 9 2 10 2 2
left_child=1 2 4 -2 8 26 27 13 -1 21 11 73 33 -5 28 16 -13 19 77 20 109 89 32 25 -25 31 36 -6 29 -7 -31 -14 111 57 113 51 61 52 81 -40 41 43 120 72 45 46 47 71 49 -46 -43 -36 53 115 55 56 -55 -12 62 60 -17 -3 -50 -64 -34 66 -20 -67 -61 70 -66 -45 123 -8 101 -76 -77 -10 79 -79 -71 121 -39 -68 -47 -30 -54 88 -28 90 94 92 93 -92 98 119 -97 -98 99 -4 -101 102 103 -23 107 106 118 -103 -70 -11 -94 112 -16 -15 -99 116 -38 -21 -106 -96 -42 -19 -123 -41 -85 -33
right_child=3 5 9 7 6 14 10 -9 18 17 12 15 23 34 22 59 -18 38 65 117 -22 74 -24 24 -26 -27 87 -29 85 30 -32 125 64 -35 35 -37 37 82 39 40 42 50 -44 44 48 84 -48 -49 58 -51 -52 -53 86 54 -56 -57 -58 -59 -60 68 -62 -63 63 -65 69 67 83 -69 108 80 -72 -73 -74 -75 75 76 -78 78 -80 -81 -82 -83 -84 124 -86 -87 -88 -89 -90 -91 91 -93 110 -95 95 96 97 114 -100 100 -102 104 -104 -105 105 -107 -108 -109 -110 -111 -112 -113 -114 -115 -116 -117 -118 -119 -120 -121 -122 122 -124 -125 -126 -127
leaf_value=-0.003461269051019619 -0.16330954270147197 -0.0062710445950488686 -0.0052938067241233063 0.016117894321936985 0.02829947017419826 0.010788596270466478 0.00077579656601974771 0.0030744067852253583 -0.023454032638669482 -0.061215481902696801 0.01039925465196513 -0.10987530082464218 0.004853427136240423 -0.076938332354321196 -0.017431574873049829 0.013957258991284131 -0.020092848733558443 0.011139792078679638 0.0049971501868949783 -0.0081539594803770425 -0.09744140282273292 -0.063175362388607076 -0.0071827451650169558 -0.013539423555044467 -0.14756117325017948 0.050838233300503466 0.0066768991944482388 0.0044633560756760235 0.014424443601098293 -0.10464376029086439 -0.01143036995234119 -0.0041405253583935899 0.010413789411833159 0.016977458325453439 -0.046903305812059218 -0.15794112084941431 -0.0014672238268535053 -0.071418082981869788 -0.00029342125309869379 -0.015638406316675992 0.013395686616063922 -0.072272207877456002 0.0117305622107963 -0.078395800337056121 -0.021734034078058281 -0.092618352912425525 -0.013337373843796929 -0.099712288832118037 0.0079929512824927287 -0.04489930718323356 -0.16397086258445467 -0.12333308364830765 0.0089146859260285701 -0.0088463160678724541 0.0016732896206707519 -0.019336372721722846 -0.085526281929240847 0.0018302152601975287 -0.067052808028001051 -0.018113151875346799 -0.018253910704191117 0.018670955341049206 0.0031185265767549263 -0.049344377101238693 0.0013727482842022856 -0.034245888760069496 -0.042982782066876543 -0.0062078887939041707 -0.003788760703984467 0.0089469751618206778 -0.035904353920232827 -0.0091674728676300679 -0.062779956716888893 0.027970487791073272 -0.0004777081960626979 -0.05129142594015082 -0.01327141785308739 -0.02757854943919099 -0.030867370309528578 -0.092862386800489333 -0.046516994220220438 -0.0010833788643178873 -0.010239876846004543 -0.045579646786868148 -0.15863771635553112 -0.0049261891283535371 9.954869610646944e-05 -0.0058894009893641405 -0.026129123352517252 0.0060236790737959438 -0.047796576077689543 -0.0088609726674516737 -0.071813404746353629 -0.11087501740455627 -0.016596806546316276 0.0082298535184916876 0.0024739332243698055 -0.0094402491400691884 0.0013128598205449902 0.004566728110758987 -0.032517487145583446 -0.0056808737694166792 0.0019455939583532579 -0.0026166899342482028 -0.0073496222341845677 -0.019297443973251217 0.01963117077542486 0.0037623402576918482 -0.021799192978243134 -2.3759446803714843e-05 -0.019954471212664939 0.0040820704509115071 -0.00038792271728827101 -0.017662308173520224 -0.02134888613023584 0.0081220992639433522 -0.06808352129390606 0.0070524325612168386 0.0079612439406740836 -0.041710905154790562 -0.028870779017505285 -0.016143383823642641 -0.0075533064924658911 0.0050328496796566693 0.0060288928302711445 0.00014171577412740638
leaf_weight=9183 387 22685 12516 115 3650 454 15075 393 984 103 10585 185 14040 305 2000 1206 386 487 885 36443 242 252 5107 994 100 297 508 1552 14312 145 147 36803 17528 4855 184 175 3701 206 3213 2544 184 123 1735 106 2317 188 998 248 947 1846 139 152 8763 366 4998 2781 357 15326 129 7897 645 682 607 487 13324 862 1767 4714 4797 11586 297 316 143 525 5517 259 8118 134 430 317 117 2928 174 158 137 924 7779 3185 2413 1396 547 14937 119 104 3714 1564 2706 8458 6501 610 1250 9162 14671 284 15588 3823 976 8173 1212 428 3822 7935 5589 125 2935 5678 116 1352 1395 543 1445 13005 5779 865 289 24574
leaf_count=9183 387 22685 12516 115 3650 454 15075 393 984 103 10585 185 14040 305 2000 1206 386 487 885 36443 242 252 5107 994 100 297 508 1552 14312 145 147 36803 17528 4855 184 175 3701 206 3213 2544 184 123 1735 106 2317 188 998 248 947 1846 139 152 8763 366 4998 2781 357 15326 129 7897 645 682 607 487 13324 862 1767 4714 4797 11586 297 316 143 525 5517 259 8118 134 430 317 117 2928 174 158 137 924 7779 3185 2413 1396 547 14937 119 104 3714 1564 2706 8458 6501 610 1250 9162 14671 284 15588 3823 976 8173 1212 428 3822 7935 5589 125 2935 5678 116 1352 1395 543 1445 13005 5779 865 289 24574
internal_value=-0.00353442 -0.00327074 -0.00518058 -0.0778436 -0.00112679 0.0016925 0.00036156 -0.0534257 -0.0120465 -0.0083629 -0.000415255 -0.00578323 0.00117796 -0.0742677 0.00549666 -0.0129176 -0.049323 -0.0114539 -0.0195037 -0.00823442 -0.0383353 -0.00647135 0.00389033 -0.00122345 -0.0259136 -0.000866519 -0.00300254 0.0211496 0.0118702 -0.0159325 -0.057917 -0.00107081 0.00485983 0.00717104 -0.0861075 -0.108095 -0.00196748 0.000424684 -0.0144855 -0.0182404 -0.0219711 -0.0265114 -0.00558317 -0.0244092 -0.0294795 -0.0445555 -0.0296266 -0.0538343 -0.0247288 -0.0320145 -0.12136 -0.0817421 0.000909373 -0.0026388 -0.00942335 -0.025207 -0.0480784 0.00533577 -0.0107432 -0.0116035 0.00270595 -0.00553994 -0.00715312 -0.0202594 0.00672801 -0.0156627 -0.0247797 -0.0105288 -0.0135083 0.00417658 0.000556952 -0.0267008 -0.0125195 0.00169165 -0.00426984 -0.00890444 -0.0144357 -0.0374566 -0.0521941 -0.0735693 0.00838139 -0.0113122 -0.0435053 -0.0367911 -0.120849 0.013242 0.00476956 -0.0128859 -0.0204201 -0.0089055 -0.00925107 -0.01306 -0.0266648 -0.0580282 -0.0074225 -0.0104 -0.00784819 -0.00963218 -0.00457753 -0.00724433 -0.0203595 -0.00308434 0.00077649 -0.0311529 -0.00458428 -0.00725672 -0.00469263 -0.00122868 -0.00741211 -0.0119861 -0.0215382 -0.00029713 -0.00487488 -0.0597879 -0.0124987 0.00344287 -0.00350902 -0.00760781 -0.00609158 -0.0198093 -0.0239445 -0.0128721 -0.013494 -0.0103933 -0.0122741 -0.00242604
internal_weight=519544 517708 373851 1836 164427 143857 144704 1449 19723 209424 139502 31928 107574 1056 79465 16328 571 79484 10540 38568 773 129940 63483 76808 1094 75714 64392 5202 15982 746 292 75417 58376 30766 941 511 58286 34919 40916 18717 15504 12140 3364 11878 8326 1993 1668 670 6333 4163 262 336 34539 17997 8502 3504 723 25911 2170 15757 1851 23367 2041 1094 42852 8675 3099 5576 13906 25324 13621 422 3552 15600 68218 13894 8377 1865 881 451 11703 22199 380 2214 325 15236 16542 6106 2921 61722 60326 19529 4592 651 40797 19920 15663 14099 20877 14376 1860 54324 15207 536 39117 21782 17959 17335 6009 531 3941 15524 7589 430 11393 9495 3817 37795 16983 4257 1629 19271 18784 3409 447 61377
internal_count=519544 517708 373851 1836 164427 143857 144704 1449 19723 209424 139502 31928 107574 1056 79465 16328 571 79484 10540 38568 773 129940 63483 76808 1094 75714 64392 5202 15982 746 292 75417 58376 30766 941 511 58286 34919 40916 18717 15504 12140 3364 11878 8326 1993 1668 670 6333 4163 262 336 34539 17997 8502 3504 723 25911 2170 15757 1851 23367 2041 1094 42852 8675 3099 5576 13906 25324 13621 422 3552 15600 68218 13894 8377 1865 881 451 11703 22199 380 2214 325 15236 16542 6106 2921 61722 60326 19529 4592 651 40797 19920 15663 14099 20877 14376 1860 54324 15207 536 39117 21782 17959 17335 6009 531 3941 15524 7589 430 11393 9495 3817 37795 16983 4257 1629 19271 18784 3409 447 61377
cat_boundaries=0 2 4 6 8 10 12 14 16 17 19 20 21 22 23 24 26 28 30 31 32 33 34 35 36 37 39 41 43 45 46 47 49 51 53 54 56 57 59 60
cat_threshold=2647014102 1194 268435458 8192 1022085769 452 0 2 571998208 4 2349076692 1064 1613824000 29445 79697988 168 272769750 263252 16394 2 10 1 2 8 4767752 196 33603593 16 0 2048 2 614596608 69206016 214 640 276955136 658 3222274048 10288 65536 12293 20980224 128 12812288 4 2 6 0 20992 536870912 21248 65536 1 1 536936448 8704 2 16785408 4625 1
is_linear=0
shrinkage=0.03


Tree=22
num_leaves=127
num_cat=50
split_feature=0 5 46 5 5 5 29 27 11 11 5 5 31 11 0 5 5 2 5 5 32 5 31 0 0 27 5 0 31 2 5 5 0 27 22 31 2 5 5 2 0 27 0 5 0 0 0 0 0 5 36 22 0 47 0 5 8 8 5 0 27 5 2 5 5 5 27 5 0 5 27 5 27 22 5 0 0 5 2 45 5 23 4 5 3 0 0 29 2 5 5 0 0 0 0 5 5 31 27 8 5 27 27 5 23 38 0 27 29 0 31 21 5 11 8 21 0 5 5 0 11 0 31 20 8 5
split_gain=10896.6 5020.96 4962.34 4044.3 3237.65 2367.63 2362.71 1850.5 1713.93 1505.61 1400.63 1104.73 1019.15 987.56 962.114 2423.4 957.572 849.747 1349.01 830.683 809.989 781.159 630.46 1121.23 610.258 590.903 588.955 577.748 523.815 516.904 571.263 545.932 636.85 477.877 476.78 532.282 502.293 642.697 473.645 625.512 613.894 2695.6 521.725 505.351 532.431 503.101 462.583 447.908 2308.96 706.281 622.25 431.507 421.861 404.56 394.592 1814.53 489.388 430.416 397.8 393.144 562.873 516.298 391.474 438.69 390.657 390.168 380.643 855.928 444.234 420.854 403.972 373.644 372.592 369.871 367.094 464.44 366.814 362.215 553.113 821.865 552.126 460.159 554.622 414.068 394.246 1055.17 355.57 355.035 350.978 571.492 475.831 349.188 347.946 347.677 342.958 525.813 414.816 392.962 538.397 373.76 341.35 332.514 756.593 332.231 462.121 321.902 320.562 309.847 304.744 341.505 498.35 425.797 304.014 527.232 301.255 298.917 298.688 303.599 297.933 1857.4 292.896 292.891 291.967 381.976 319.864 290.614
threshold=13030.000000000002 0 3.1000002622604375 1 2 3 0.052709037438035018 0.14952706545591357 0.23537775129079822 0.12545942142605784 4 5 0.034133037552237518 0.24372619390487674 1280.0000000000002 6 7 8 9 10 0.21750915795564654 11 0.072578333318233504 325.00000000000006 90.000000000000014 0.061421869322657592 12 1560.0000000000002 0.076276220381259932 13 14 15 615.00000000000011 0.095947422087192549 -0.081030964851379381 0.047392372041940696 16 17 18 19 615.00000000000011 0.092709075659513487 90.000000000000014 20 950.00000000000011 850.00000000000011 1940.0000000000002 950.00000000000011 850.00000000000011 21 1.6500005722045901 -0.76414203643798817 950.00000000000011 47.645000457763679 110.00000000000001 22 9.5000000000000018 11.500000000000002 23 325.00000000000006 0.058047603815793998 24 25 26 27 28 0.055219287052750594 29 615.00000000000011 30 0.095947422087192549 31 0.059944719076156623 -0.34829047322273249 32 45.000000000000007 325.00000000000006 33 34 21.474999427795414 35 0.12977331131696704 36 37 38 225.00000000000003 950.00000000000011 0.12510562688112262 39 40 41 1560.0000000000002 1410.0000000000002 850.00000000000011 325.00000000000006 42 43 0.072386119514703764 0.1045757830142975 10.500000000000002 44 0.11368945986032487 0.14242830872535708 45 0.12481230497360231 37.049999237060554 61.500000000000007 0.049178216606378562 0.071491584181785597 325.00000000000006 0.05539060756564141 0.067938569933176055 46 -0.77245554327964772 10.500000000000002 1.0000000180025095e-35 615.00000000000011 47 48 475.00000000000006 0.22700754553079608 155.00000000000003 0.055805873125791557 76.500000000000014 11.500000000000002 49
decision_type=2 9 2 9 9 9 10 2 2 2 9 9 10 2 2 9 9 9 9 9 8 9 10 2 2 2 9 2 10 9 9 9 2 2 8 8 9 9 9 9 2 2 2 9 2 2 2 2 2 9 2 8 2 2 2 9 2 2 9 2 2 9 9 9 9 9 2 9 2 9 2 9 2 10 9 2 2 9 9 2 9 10 9 9 1 2 2 10 9 9 9 2 2 2 2 9 9 8 2 2 9 2 2 9 10 2 2 2 10 2 10 10 9 2 2 10 2 9 9 2 2 2 8 2 2 9
left_child=1 12 4 9 6 13 8 122 38 -2 62 22 24 29 19 28 -11 21 25 108 106 -7 34 -24 74 26 105 54 -16 30 -4 32 -31 59 73 -36 37 -37 39 -3 41 42 -40 44 -42 112 86 48 49 -38 -51 -12 118 -26 55 56 -22 77 -57 60 61 -23 63 -10 -49 -53 69 68 -68 121 -69 -35 -62 76 -1 -76 -6 78 81 80 -80 -56 -83 -81 87 -86 -47 107 90 -90 -44 -32 -17 -73 96 -96 -39 98 -97 -98 -9 -82 -103 104 -52 -19 125 -79 109 110 -8 -111 113 -45 -105 -71 -61 -118 -33 -120 -27 -64 -5 -124 -125 -13
right_child=3 2 5 7 11 17 14 100 10 16 51 20 -14 -15 15 92 -18 18 -20 -21 27 33 23 -25 53 120 -28 -29 -30 31 91 52 -34 71 35 36 47 94 40 -41 43 -43 88 45 -46 46 -48 64 -50 50 103 65 -54 -55 57 58 -58 -59 -60 116 72 -63 66 -65 -66 -67 67 70 -70 115 -72 93 -74 -75 75 -77 -78 84 79 83 101 82 -84 -85 85 -87 -88 -89 89 -91 -92 -93 -94 -95 95 97 99 -99 -100 -101 -102 102 -104 114 -106 -107 -108 -109 -110 111 -112 -113 -114 -115 -116 -117 117 -119 119 -121 -122 -123 123 124 -126 -127
leaf_value=0.022704068052144831 -0.16980429117628137 0.0024688968308678003 0.0075597119855842932 -0.033204956466271987 -0.013204229827550519 0.0088569091110218649 0.013215564491822705 -0.036506400860396006 -0.02660328237052375 -0.026228082934654624 0.01695665199267931 0.0074002686157822609 0.027418784034965237 -0.017498212693495642 -0.14009113942965482 0.044403615579885598 -0.13531531579934869 -0.10902263148128986 0.0044845899304526244 0.00095670829157709658 -0.041567673837909325 -0.03516467136468665 -0.047040405732594257 -0.010938893667106417 0.0082203563966164565 -0.0036220513165661967 -0.016680456854633263 0.0077368479633352742 -0.06353394157772134 -0.0089982411333362402 -0.0045381242892073223 -0.010775344183059138 0.011856978937713652 -0.017569397616468065 0.0053728344661284795 -0.019643575274764732 -0.028186173888181974 0.015461343134447074 0.014588222991236912 -0.0090201279492142777 0.016257588035433809 -0.14460838509768975 0.0059852469260313597 -0.07982704957726558 -0.00092225561476243169 0.049249616658433949 -0.042265596886933675 -0.00045598491096016141 -0.11187912406383434 -0.0027018701416334145 0.0027750373266146044 -0.0028704689738449163 -0.0055365781114990751 0.020532267216253269 -0.0037055270444249708 -0.026816407705283714 -0.11211116080857672 -0.0044517420496086729 -0.0066866233202035755 0.010512526886866469 0.0076124203803900753 0.00078371839981410606 -0.0010280840584687937 -0.0013018645866348312 -0.013525948890894023 -0.011536379003584505 -0.00076014509523401452 -0.019952803374737659 -0.044516012897030131 -0.064908009740677286 0.0088643656277478129 -0.01269094977523629 -0.013520721216231549 -0.022945380084308551 0.032414999625843419 -0.016761930327978212 0.02202182301164915 0.0055449705795035699 -0.0042646536136745983 -0.019053262827140476 -0.013299591300508621 0.0070518548437558497 -0.049281545743110146 -0.045591226031747416 -0.084062207185999493 -0.0025314826834338337 0.001428484351965189 -0.020636806464593795 -0.014235969258899828 -0.00085720160696170738 -0.0048917147577898883 0.01755787291903706 -0.0040637776538169071 0.0082752424266365181 0.034211833110283911 -0.0082148376599095584 -0.0055440084048676841 0.0014528127060520033 -0.057449660170230864 -0.023691326131564421 0.016846177331171931 -0.09382651953178732 -0.020783585881996452 -0.013553643134971666 -0.043396191701996996 -0.038051613025070929 -0.0026759258043655893 -0.010663428026179225 0.011707778638640148 -0.032788924845441277 -0.051353258192539213 0.02459661650073066 -0.0072990236278824873 -0.013766855716572275 -0.027682425892382432 -0.022686641299165783 0.0256893462289382 0.002194956571864322 -0.085924373923184194 -0.011210271005987354 -0.019823476457805914 -0.049762844281747584 -0.057911976665258401 -0.14888998296700026 -0.079068685569869929 -0.031331759263789366
leaf_weight=321 416 5455 6510 123 1713 32336 1219 138 1142 168 625 239 2969 4884 116 169 146 104 20358 39486 155 807 1264 1998 13048 9960 1649 1956 270 2526 12061 3817 2753 1741 1912 2890 3059 480 1317 19539 3768 122 4811 151 2852 140 216 3448 226 4158 1226 7444 9925 2944 22140 1176 211 20549 3557 7329 3031 650 313 1341 5123 12673 244 1078 1449 643 736 1183 997 4979 192 1659 314 1097 6855 1747 1179 247 431 793 240 351 18562 3170 6992 4888 14521 679 617 1784 362 1863 2237 6522 223 1880 381 172 490 2644 231 131 34786 32266 10886 487 117 152 2737 384 2800 199 503 13652 369 1573 1116 171 239 113 133 637
leaf_count=321 416 5455 6510 123 1713 32336 1219 138 1142 168 625 239 2969 4884 116 169 146 104 20358 39486 155 807 1264 1998 13048 9960 1649 1956 270 2526 12061 3817 2753 1741 1912 2890 3059 480 1317 19539 3768 122 4811 151 2852 140 216 3448 226 4158 1226 7444 9925 2944 22140 1176 211 20549 3557 7329 3031 650 313 1341 5123 12673 244 1078 1449 643 736 1183 997 4979 192 1659 314 1097 6855 1747 1179 247 431 793 240 351 18562 3170 6992 4888 14521 679 617 1784 362 1863 2237 6522 223 1880 381 172 490 2644 231 131 34786 32266 10886 487 117 152 2737 384 2800 199 503 13652 369 1573 1116 171 239 113 133 637
internal_value=-0.00345743 -0.00319709 -0.00380674 -0.0759787 -0.00570922 0.000921914 -0.00269025 -0.039034 -0.00512236 -0.130564 -0.0115648 -0.00843598 0.0111208 -0.00475984 0.00251316 -0.0243573 -0.0823471 0.00355462 -0.000331099 0.00311522 -0.00700271 0.00557681 -0.0121716 -0.0249381 0.00846155 -0.00789313 -0.0234269 -0.00840234 -0.0846558 -0.00321351 0.000337333 -0.00647113 0.0018744 0.00222655 -0.0113112 -0.0100827 -0.0108334 -0.00681982 -0.00303144 -0.00651264 -0.00161435 -0.00443094 -0.00390077 0.00157723 0.00884386 -0.000594665 0.00128387 -0.0137065 -0.0169548 -0.0154274 -0.0118598 -0.00757056 -0.00927946 0.010488 -0.00872845 -0.0168512 -0.0802444 -0.00827673 -0.0117388 0.00376683 -0.00340129 -0.0193736 -0.0228449 -0.0130047 -0.00828505 -0.00833715 -0.0278593 -0.0227282 -0.0379897 -0.0416127 -0.00821701 -0.00659086 0.00237954 -0.0185476 -0.00645695 -0.0115836 -0.00773924 -0.00938093 -0.00713774 -0.0125867 -0.00821103 -0.00444982 -0.0287787 -0.0276076 -0.0114334 -0.0357265 0.00178908 -0.0110425 -0.00468137 -0.00873719 -0.00218299 -0.00335656 0.0063202 -8.5553e-05 -0.00407445 -0.00066252 -0.0107393 -0.00217015 -0.0135032 -0.0138011 0.00223894 -0.0227485 -0.0398744 -0.0173936 -0.00453879 -0.066952 -0.00312762 -0.0101303 0.00973339 -0.00110041 0.00752678 -0.0191214 -0.0114548 -0.0319303 -0.020786 -0.0543237 0.00559697 0.00305129 -0.0157439 -0.0253134 -0.00525612 -0.0179435 -0.0748521 -0.0853241 -0.111614 -0.0210409
internal_weight=519446 517589 496456 1857 354028 142428 168032 1127 114513 730 28058 185996 21133 45097 53519 1172 314 97331 33318 52347 134444 64013 51552 3262 18164 12960 1884 98782 386 40213 19250 20963 5279 31677 48290 41284 39372 16457 86455 24994 61461 32651 32529 28810 6620 22190 18918 22915 14344 14118 11059 20742 15684 15992 96826 5099 366 91727 4733 26969 5485 1457 7316 2483 8571 20117 4833 3507 1693 1326 1814 4708 4028 7006 2172 1851 2027 71178 34054 11236 8696 22818 678 2540 37124 591 18702 36533 31212 11880 19332 12740 786 2967 13567 8970 4597 8608 2086 4117 519 1841 662 6901 1457 235 35662 33363 12861 1975 1336 639 3272 535 5444 842 21484 14155 5759 1942 11076 484 608 485 246 876
internal_count=519446 517589 496456 1857 354028 142428 168032 1127 114513 730 28058 185996 21133 45097 53519 1172 314 97331 33318 52347 134444 64013 51552 3262 18164 12960 1884 98782 386 40213 19250 20963 5279 31677 48290 41284 39372 16457 86455 24994 61461 32651 32529 28810 6620 22190 18918 22915 14344 14118 11059 20742 15684 15992 96826 5099 366 91727 4733 26969 5485 1457 7316 2483 8571 20117 4833 3507 1693 1326 1814 4708 4028 7006 2172 1851 2027 71178 34054 11236 8696 22818 678 2540 37124 591 18702 36533 31212 11880 19332 12740 786 2967 13567 8970 4597 8608 2086 4117 519 1841 662 6901 1457 235 35662 33363 12861 1975 1336 639 3272 535 5444 842 21484 14155 5759 1942 11076 484 608 485 246 876
cat_boundaries=0 2 4 6 8 9 11 12 13 14 16 17 19 21 22 23 25 26 27 29 30 32 33 35 37 39 40 41 43 45 46 47 49 51 53 54 56 57 59 60 61 62 64 65 67 69 71 72 74 76 78
cat_threshold=84 2 269484034 8192 3183950466 1192 348897800 196 281214978 33604641 2112 536872960 1048576 6 2820669442 4865 407046786 2298741794 24328 0 4608 10 79822848 268501512 128 10 16385 2684489728 1024 2 2690 128 33571840 0 512 524288 16400 8193 17 10 196610 33570848 64 2818838528 8 8519680 4259840 1048704 8208 16 2 8 20996 6 8 516 1 8 16388 2 2 29368962 340009090 32 1056 32768 64 524288 2048 32769 64 83886080 2048 1 4767744 4 2621440 16385
is_linear=0
shrinkage=0.03


Tree=23
num_leaves=127
num_cat=38
split_feature=0 5 46 5 26 5 5 0 5 5 5 0 2 2 31 5 0 27 46 31 27 0 21 5 23 5 23 0 36 5 5 13 5 25 27 0 5 0 0 5 21 27 0 31 27 5 13 5 23 27 5 27 27 5 27 0 2 26 48 0 25 13 47 0 5 0 0 25 5 8 25 27 5 8 0 5 25 25 0 3 3 23 0 26 5 0 27 25 25 0 3 27 25 27 27 25 27 27 5 0 5 5 0 3 27 25 5 5 23 0 5 26 22 0 44 5 0 0 26 0 13 25 0 43 27 0
split_gain=10594.9 4832.54 4262 3645.13 2463.81 2337.38 1639.64 1600.8 1548.63 1443.22 1243.82 1123.71 1067.14 1001.92 896.349 792.976 1097.9 747.111 746.677 857.117 944.831 733.919 1039.19 706.253 674.161 615.809 987.271 607.52 598.103 595.091 594.355 565.407 683.809 536.512 560.106 519.016 510.853 1752.3 2261.64 640.506 507.146 696.333 590.873 490.225 563.632 475.829 472.907 460.215 453.329 441.714 655.158 430.652 420.106 744.392 1184.47 1428.36 398.31 399.788 388.098 380.722 377.153 421.977 365.569 365.298 359.768 358.293 1018.85 355.642 720.311 643.057 479.223 471.58 623.711 563.23 353.765 403.623 352.874 705.455 510.663 1089.23 535.978 461.987 363.824 374.758 341.159 1415.31 362.396 423.294 337.884 416.312 335.169 335.037 613.828 334.918 328.776 647.848 326.827 324.48 327.783 396.975 785.556 329.471 324.256 319.888 314.255 305.793 303.79 301.895 524.021 503.012 514.567 373.041 322.841 297.988 294.313 293.812 414.765 301.156 288.201 287.74 285.367 282.784 576.345 409.767 286.528 280.14
threshold=13030.000000000002 0 3.6571425199508671 1 0.13882523775100711 2 3 180.00000000000003 4 5 6 1940.0000000000002 7 8 0.03126017842441798 9 325.00000000000006 0.098654624074697508 6.5428574085235605 0.063124977052211775 0.058047603815793998 1410.0000000000002 0.04543250426650048 10 0.093464292585849776 11 0.12977331131696704 325.00000000000006 4.1500000953674325 12 13 45.500000000000007 14 50.500000000000007 0.15550526976585391 90.000000000000014 15 950.00000000000011 850.00000000000011 16 0.10694084689021112 0.049178216606378562 325.00000000000006 0.075905904173851027 0.055219287052750594 17 39.500000000000007 18 0.12056355178356172 0.056865874677896507 19 0.053263295441865928 0.058846931904554374 20 0.059944719076156623 325.00000000000006 21 0.25383376330137258 15.250000000000002 325.00000000000006 89.500000000000014 24.500000000000004 47.645000457763679 950.00000000000011 22 1715.0000000000002 2375.0000000000005 58.500000000000007 23 8.5000000000000018 74.500000000000014 0.08212983608245851 24 9.5000000000000018 45.000000000000007 25 77.500000000000014 88.500000000000014 325.00000000000006 26 27 0.051437802612781532 1560.0000000000002 0.032988865859806545 28 475.00000000000006 0.076740767806768431 21.500000000000004 114.50000000000001 325.00000000000006 29 0.092709075659513487 12.500000000000002 0.064750330522656455 0.1321084722876549 76.500000000000014 0.058846931904554374 0.086274277418851866 30 850.00000000000011 31 32 90.000000000000014 33 0.051913643255829818 11.500000000000002 34 35 0.043235365301370628 135.00000000000003 36 0.099273119121789946 0.053342131897807128 155.00000000000003 0.23849999904632571 37 950.00000000000011 950.00000000000011 0.23779973387718203 950.00000000000011 27.500000000000004 36.500000000000007 90.000000000000014 3.0649999380111699 0.053855204954743392 155.00000000000003
decision_type=2 9 2 9 10 9 9 2 9 9 9 2 9 9 10 9 2 2 2 8 2 2 10 9 8 9 10 2 2 9 9 2 9 2 2 2 9 2 2 9 10 2 2 10 2 9 2 9 10 2 9 2 2 9 2 2 9 10 2 2 2 2 2 2 9 2 2 2 9 2 2 2 9 2 2 9 2 2 2 1 1 8 2 10 9 2 2 2 2 2 1 2 2 2 2 2 2 2 9 2 9 9 2 1 2 2 9 9 8 2 9 10 10 2 2 9 2 2 10 2 2 2 2 2 2 2
left_child=1 5 4 10 6 14 13 9 12 121 24 18 52 15 35 16 -3 27 19 21 29 -9 -23 -22 -2 26 118 45 58 59 94 32 -5 -26 114 74 37 38 48 -39 42 -42 107 67 -45 96 -40 -29 102 50 60 -18 64 54 55 -54 57 -27 -8 -21 61 125 -37 84 -4 -65 -67 68 69 -38 -69 72 -72 -74 -1 -76 -17 78 80 -80 -78 -81 83 -83 86 -86 -14 -88 -31 -90 -75 92 -87 -47 95 -19 106 -49 99 100 -99 -101 -15 -44 -79 -60 -10 108 -30 110 -110 -109 -111 -62 -35 116 -73 -117 -6 -46 -55 123 -123 -7 -125 -11
right_child=3 2 8 31 25 7 28 11 17 49 -12 -13 63 36 -16 76 51 30 -20 20 23 22 -24 -25 33 56 -28 47 40 88 -32 -33 -34 34 -36 62 43 39 46 -41 41 -43 103 44 119 93 -48 97 -50 -51 -52 -53 53 120 -56 -57 -58 -59 105 -61 113 -63 -64 65 -66 66 -68 70 -70 -71 71 115 73 90 75 -77 77 104 79 81 -82 82 -84 -85 85 91 87 -89 89 -91 -92 -93 -94 -95 -96 -97 -98 98 -100 101 -102 -103 -104 -105 -106 -107 -108 111 109 112 -112 -113 -114 -115 -116 117 -118 -119 -120 -121 -122 122 -124 124 -126 -127
leaf_value=0.031941961500702831 -0.014395965812979517 -0.012454723021835088 0.02551795257947986 -0.044879577444358304 -0.0037106984502688085 0.010147986416270335 -0.0039264164905684663 0.008443790981202931 -0.00039552249280979117 -0.084721504128653244 -0.15387544353512952 -0.054186534251406467 0.0056400173908103353 0.025663078872956963 0.025984202096834441 -0.0052290726579794613 -0.11860247747765647 -0.0066459421738426184 0.0080242851390022827 -0.0086972845544447727 0.0079316918021235701 -0.11332552792891017 -0.0035977900468374359 -0.00063148354765466051 -0.055694499369443318 0.015797383903255108 -0.036259130014044461 0.015033821436631461 0.023260964739727788 -0.0026316274660933342 -0.0013402772497313864 -0.083285432611036742 0.019432532290456973 -0.046533552295756793 -0.15654663856318918 0.0079970043399753034 -0.031273557170149055 -0.026134796343090221 -0.16791813966173391 0.00996772493650863 0.017276126349263128 -0.012633931386566157 -0.0017389371825430001 -0.06251628628222948 -0.0018075090710948786 0.0074953073273987423 -0.084728543714511606 0.0087208001624581883 -0.086380802392959588 -0.0090612747206214646 -0.013117773901658495 -0.039127432198866323 0.010438046145439148 -0.0075546309035531677 0.014407002765149576 -0.10543809803014391 -0.0018016863595206323 0.0040466185251948911 -0.033644454020447613 -0.030004134792580777 0.0081582442075619679 -0.014443510296870953 0.01974202719936851 -0.0058883554607415982 -0.00034435689719455187 -0.11299361607076924 -0.0042510866204069717 -0.018611712893523775 -0.0010049469097769723 -0.0054998562826749382 0.021257813703017641 0.011405275961249265 -0.015672306420421896 -0.089559722529710645 0.021628593529732721 -0.015383774094300121 -0.037787010156266371 -0.0069528343471553546 0.0018991944524028228 0.025048414063544907 0.0014013505407525634 -0.029261376948092045 0.010567331002823806 -0.072383580885605134 -0.077239741657990246 -0.088711474475950541 -0.067974837229069732 -0.013479543641127485 -0.057919844235395236 -0.0022862260598556657 -0.035278034667823123 0.00060856706470133757 -0.016576040501356609 -0.0071322720102854186 -0.0096044677012269535 -0.096818793438948114 -0.00061289119119397023 0.010681333146012863 0.0084425032394114755 0.0099488583677710789 -0.030063891151647454 -0.0066957244984507981 -0.027268982683260175 0.0098675495289943273 0.011255809260365323 -0.0087741763959135535 -0.021686846617387966 -0.0091301006181711952 -0.087496019885653545 0.0031274007405203727 -0.008186827656879489 0.0046075626023356613 -0.020431144216596656 -0.0322298272003647 -0.11526352294853755 -0.011885488720362323 -0.040397045067651544 0.0058029727361906197 0.0068875248571862949 -0.037580534714464688 0.0027687895020023154 0.044321783493448806 0.0011466097125087064 0.0022006632863954337 -0.037197862923155162 -0.044349487250362106
leaf_weight=204 110 499 1049 253 11507 449 17455 14440 993 282 400 322 914 106 3009 23720 161 133 15044 1407 10469 105 291 50138 208 3984 778 6089 749 6960 15203 108 332 105 172 12884 1742 602 103 1577 754 9732 39025 376 444 8649 162 14131 114 7407 3702 101 149 3112 298 266 5346 7532 447 1630 222 224 2927 10496 900 108 269 11949 5658 1743 339 213 2828 136 307 1636 1665 4369 2385 146 387 1922 184 200 394 122 134 2613 228 257 417 761 782 1682 278 155 5896 685 3884 2300 1104 1984 4294 2260 1059 68205 1553 22381 115 3026 199 1932 632 629 125 1269 398 2724 2888 371 10669 285 10290 235 565 352
leaf_count=204 110 499 1049 253 11507 449 17455 14440 993 282 400 322 914 106 3009 23720 161 133 15044 1407 10469 105 291 50138 208 3984 778 6089 749 6960 15203 108 332 105 172 12884 1742 602 103 1577 754 9732 39025 376 444 8649 162 14131 114 7407 3702 101 149 3112 298 266 5346 7532 447 1630 222 224 2927 10496 900 108 269 11949 5658 1743 339 213 2828 136 307 1636 1665 4369 2385 146 387 1922 184 200 394 122 134 2613 228 257 417 761 782 1682 278 155 5896 685 3884 2300 1104 1984 4294 2260 1059 68205 1553 22381 115 3026 199 1932 632 629 125 1269 398 2724 2888 371 10669 285 10290 235 565 352
internal_value=-0.00330255 -0.00304907 -0.00487223 -0.0756782 -0.00679521 0.00155641 -0.0078331 1.19626e-05 0.000503655 -0.0068454 -0.10877 0.00168027 -0.00478047 -0.0115389 0.0108279 -0.00801389 -0.0381243 0.00320123 0.00185897 0.000779448 -0.000589378 0.00733799 -0.0329044 0.000848995 -0.0817735 0.00102178 -0.00336213 0.00503116 -0.00618098 -0.00890535 -0.00247717 -0.020257 -0.00884445 -0.0952185 -0.11548 0.00829306 -0.0149885 -0.0223525 -0.0325486 -8.80197e-05 -0.00432745 -0.0104818 -0.00340957 -0.013307 -0.0321753 0.000793717 -0.117572 0.00766714 -0.0275323 -0.0138124 -0.0203387 -0.0882304 0.000637059 -0.00112129 -0.0307715 -0.0639093 0.00496557 0.00810582 -0.00792103 -0.020073 -0.0356784 -0.0499201 0.0101724 -0.0101459 0.0137104 -0.0069224 -0.0356193 -0.0125465 -0.00763327 -0.0183357 -0.0147619 -0.00923385 -0.0171762 -0.0210356 -0.0055452 -0.00949546 -0.0073666 -0.0114883 -0.0178606 -0.0125362 -0.0303991 -0.0265722 -0.0298499 -0.0333579 -0.0162888 -0.0260563 -0.0106894 -0.0161616 -0.00431495 -0.0285051 -0.0487652 -0.0140617 -0.0263984 0.00510837 -0.0323638 -0.0553436 -0.00448711 0.00579579 0.00164997 -0.00270434 -0.0145738 0.00224827 -0.0259883 -0.00110336 -0.00339892 -0.0089366 -0.0134728 -0.00668875 0.000261141 -0.00408004 -0.0404563 -0.00803501 -0.000947328 -0.0216966 -0.0842241 -0.00281415 -0.0219899 0.000179453 -0.0015841 -0.018118 0.000436878 0.000718864 0.00231428 -0.0127744 -0.0256362 -0.0624119
internal_weight=519778 517965 371065 1813 273310 146900 241275 125933 97755 24642 1120 101291 33036 74363 20967 36798 761 64719 100969 85925 71089 14836 396 60607 720 32035 15173 48950 166912 10482 15769 693 585 610 402 17958 37565 6958 4779 2179 80805 10486 70319 30607 1191 18773 265 30177 4514 12818 5411 262 16443 14494 713 415 16862 11516 86107 3037 1709 858 15811 16593 1949 10873 377 29416 9143 3485 20273 8324 3720 3381 2147 1943 36037 12317 6889 4837 2052 2452 2306 2122 5720 2059 3661 2747 7445 485 553 1665 904 10331 566 288 8442 24088 9957 6073 1789 4284 4400 41285 5428 68652 2546 29034 4721 3972 314 24313 3658 851 230 4604 611 3993 14395 815 13781 11824 10575 1249 800 634
internal_count=519778 517965 371065 1813 273310 146900 241275 125933 97755 24642 1120 101291 33036 74363 20967 36798 761 64719 100969 85925 71089 14836 396 60607 720 32035 15173 48950 166912 10482 15769 693 585 610 402 17958 37565 6958 4779 2179 80805 10486 70319 30607 1191 18773 265 30177 4514 12818 5411 262 16443 14494 713 415 16862 11516 86107 3037 1709 858 15811 16593 1949 10873 377 29416 9143 3485 20273 8324 3720 3381 2147 1943 36037 12317 6889 4837 2052 2452 2306 2122 5720 2059 3661 2747 7445 485 553 1665 904 10331 566 288 8442 24088 9957 6073 1789 4284 4400 41285 5428 68652 2546 29034 4721 3972 314 24313 3658 851 230 4604 611 3993 14395 815 13781 11824 10575 1249 800 634
cat_boundaries=0 2 4 6 8 10 12 14 15 16 17 18 20 22 24 26 28 29 31 33 34 35 36 38 39 41 43 44 45 47 48 49 50 51 52 54 56 58 60
cat_threshold=423897686 170 303038466 8196 84 2 34260001 2128 76201992 68 16779264 168 34603008 4 10 10 1 514 2148007936 532 512 128 1073741952 16384 134742016 2048 656384 64 131072 2162688 4881 1073742880 20481 2 524288 6 8945664 4 33587200 32768 16 16 2 2 2 573448 4 2 2721054721 2148532225 570425344 2 2097152 768 77594624 4864 0 512 0 16
is_linear=0
shrinkage=0.03


Tree=24
num_leaves=127
num_cat=43
split_feature=0 48 5 5 23 11 5 5 5 27 11 2 5 5 5 2 0 5 27 5 0 5 27 25 4 0 5 0 30 43 5 5 5 29 5 0 0 40 3 25 0 5 0 0 0 5 44 5 25 0 2 5 43 5 0 0 25 0 27 25 27 25 5 5 27 2 27 25 46 0 5 36 0 0 0 0 25 30 0 0 46 33 2 0 4 4 25 5 22 0 5 25 0 5 5 11 27 5 0 29 27 27 0 27 0 0 0 27 27 25 0 46 0 27 44 5 11 5 0 5 25 5 27 27 4 27
split_gain=9568.23 4587.8 4180.94 3408.2 2425.25 2594.13 1821.8 1764.55 1665.61 1575.06 1299.29 1153.38 1121.33 811.544 693.097 663.406 1897.1 1411.5 779.943 1533.32 691.807 1077.46 1395.19 1153.13 1048.2 631.293 620.41 593.347 577.232 580.956 565.381 563.384 557.321 549.185 590.331 542.309 645.352 1000.53 531.637 530.847 717.848 521.684 1027.4 505.94 497.097 491.451 483.619 481.408 511.536 1001.74 471.356 684.433 997.122 537.271 1166.88 490.936 912.497 2447.58 928.733 662.988 483.299 701.211 474.981 452.05 449.814 448.207 441.846 434.765 415.099 396.946 598.524 513.399 386.256 384.961 441.7 380.524 733.419 407.877 464.962 930.342 380.068 378.79 363.84 515.138 2334.61 355.563 354.411 348.744 347.85 334.658 468.163 334.32 528.374 1675.94 630.924 527.842 336.004 329.674 832.63 1123.36 326.721 338.752 470.767 326.091 323.569 395.247 320.885 468.683 356.451 314.258 746.53 305.215 300.945 477.993 423.307 387.708 299.557 298.654 296.818 703.238 874.404 670.122 907.227 515.66 495.678 440.939
threshold=13030.000000000002 0.84999999403953563 0 1 0.035104382783174522 0.24372619390487674 2 3 4 0.14952706545591357 0.12545942142605784 5 6 7 8 9 1225.0000000000002 10 0.10038758814334871 11 325.00000000000006 12 0.059944719076156623 113.00000000000001 13 850.00000000000011 14 225.00000000000003 0.19606986641883853 6.6250000000000009 15 16 17 0.056686626747250564 18 1560.0000000000002 1280.0000000000002 15.750000000000002 19 97.500000000000014 1225.0000000000002 20 615.00000000000011 325.00000000000006 1715.0000000000002 21 0.14150000363588336 22 26.500000000000004 950.00000000000011 23 24 2.6750000715255742 25 325.00000000000006 715.00000000000011 49.000000000000007 615.00000000000011 0.098019190132617964 38.500000000000007 0.055219287052750594 81.500000000000014 26 27 0.1045757830142975 28 0.05270845256745816 12.500000000000002 6.9785716533660898 90.000000000000014 29 5.5500001907348642 2125.0000000000005 1615.0000000000002 2125.0000000000005 1560.0000000000002 114.50000000000001 0.16289755702018741 950.00000000000011 715.00000000000011 0.092857088893651976 6.7500000000000009 30 325.00000000000006 31 32 15.500000000000002 33 -0.018764594569802281 155.00000000000003 34 64.500000000000014 110.00000000000001 35 36 -0.15951316058635709 0.061421869322657592 37 1225.0000000000002 0.11490825563669206 0.092709075659513487 0.084925193339586272 615.00000000000011 0.053263295441865928 90.000000000000014 155.00000000000003 155.00000000000003 0.056865874677896507 0.053263295441865928 69.500000000000014 1225.0000000000002 3.5357141494750981 225.00000000000003 0.051913643255829818 0.23650000244379046 38 -0.87395131587982167 39 715.00000000000011 40 38.500000000000007 41 0.086274277418851866 0.089248880743980422 42 0.098019190132617964
decision_type=2 2 9 9 10 2 9 9 9 2 2 9 9 9 9 9 2 9 2 9 2 9 2 2 9 2 9 2 10 2 9 9 9 8 9 2 2 2 1 2 2 9 2 2 2 9 2 9 2 2 9 9 2 9 2 2 2 2 2 2 2 2 9 9 2 9 2 2 2 2 9 2 2 2 2 2 2 10 2 2 2 2 9 2 9 9 2 9 8 2 9 2 2 9 9 2 2 9 2 8 2 2 2 2 2 2 2 2 2 2 2 2 2 2 2 9 2 9 2 9 2 9 2 2 9 2
left_child=1 7 4 10 5 14 11 30 85 -5 -2 87 15 -12 27 16 -4 -18 19 80 33 22 24 47 -22 -25 -9 38 29 50 82 106 -20 34 -17 36 -34 64 -3 68 -41 42 46 45 -45 -16 -13 48 49 -24 53 52 55 54 -14 56 57 59 -59 -52 61 -58 -57 75 -38 -43 -33 -67 -28 86 -71 -72 -27 81 -75 77 -77 78 79 -10 -19 -32 116 -84 -85 -6 -53 109 -88 90 -62 96 93 95 -94 -93 -35 98 -55 -100 101 102 -91 -56 -47 -106 -8 108 -108 110 -7 112 -96 -114 -115 -116 -1 -11 121 120 -120 122 -23 124 -124 -125
right_child=3 2 12 9 8 6 31 26 63 117 13 41 28 -15 43 20 17 18 32 -21 21 118 23 25 -26 72 39 -29 -30 -31 73 66 35 91 -36 -37 37 -39 -40 40 -42 65 -44 44 -46 104 -48 -49 -50 -51 51 69 -54 97 103 62 60 58 -60 -61 89 -63 -64 -65 -66 67 -68 -69 -70 70 71 -73 -74 74 -76 76 -78 -79 -80 -81 -82 -83 83 84 -86 -87 88 -89 -90 100 -92 92 94 -95 111 -97 -98 -99 99 -101 -102 -103 -104 -105 105 -107 107 -109 -110 -111 -112 -113 113 114 115 -117 -118 -119 119 -121 -122 -123 123 125 -126 -127
leaf_value=-0.020581595701764203 -0.15944376288963655 0.020156642642649387 -0.12680198358326422 -0.070643657859474462 0.026099664033426274 0.0058921881288124924 -0.0072062878971281292 0.013829960436469255 -0.0074479969375654447 -0.035000888642511871 -0.023478232441764127 -0.058123626241550395 -0.0065958735133509758 -0.12476853954792021 -0.015724382792902607 -0.0097383464542480005 -0.042594746372650337 -0.10070871541433245 -0.0017092836911521919 -0.00049096701883004227 0.015284522980504171 -0.0018421004905670717 -0.092621210390894576 0.0046984056463275957 -0.0051421960430336469 -0.040620534332561319 0.0025468930056712137 0.0082581995844901862 0.0071593953363062882 -0.002298965822584998 -0.003508293032176403 -0.023129911776532404 -0.010594942411509297 -0.015739102921564104 0.019717525022930955 0.011411452873926371 -0.045019748552154945 0.017611801842021404 -0.005245941715928233 -0.0059988185896260992 -0.077086631497937638 -0.036067729165271449 0.00029704538506071428 4.7946612221518156e-05 -0.039977253211191541 0.0079000488518353226 -0.02553595313243455 -0.014325595266986606 -0.0037552702324289622 -0.0084131856472968239 -0.015185722840682985 -0.074044823471558302 -0.0044373302325449856 0.011726525296519456 -0.11408934669384103 -0.018453932097669212 -0.021666503017160881 -0.15211394056889682 -0.063217674740889199 -0.067181303874745857 0.015707128815675424 -0.071523808903589947 0.012317354873296051 0.0044836594105117818 -0.12527100537478922 -0.039631657185619347 -0.0077068625316375518 -0.10710021852973907 0.0075962986139121152 0.0069957102821359227 -0.014578554757776625 -0.0053632737599760821 0.012027026789185281 -0.060629421799228735 0.00048085912768665241 -0.097970073409609726 0.0068029568731055963 0.011917607230676835 0.0024441723028956197 -0.090461101060913457 -0.041526133130491451 0.0021491736400850959 0.015060181952169354 -0.11240525784430565 -0.013439149682366534 0.012504455966584251 -0.04008102100175899 0.00025588599779620896 -0.013089101831043672 -0.027765542181454331 -0.016208180174961288 -0.11879482157008592 0.0072179922042943127 -0.0083470846070756808 -0.002390033099109855 -0.046468336546059807 6.2323422502285768e-05 -0.0088960545013646621 -0.061500359806064511 -0.0032248213366219865 0.0027687780372467404 -0.046391605154229153 -0.001682571297708306 -0.044784360039613655 -0.010923660608985572 -0.0020413610253868873 0.007594114935639132 0.01995894222027295 -0.013766969748026691 -0.049031102106623023 -0.059326743889033515 0.0061953677537417784 -0.0045509538824374824 -0.0095718789760141018 -0.014016543477571227 -0.037918812842688672 0.013249760513252407 0.014663745384004159 0.021794496178881299 0.0064422729159943166 -0.019768025531598121 0.0023084743753225504 -0.1081369142833157 -0.0044556021596035781 -0.033322209812427894 -0.029757725930071859
leaf_weight=335 405 833 122 608 2869 580 2907 7126 6066 141 160 615 485 149 3592 1160 1062 106 13525 1351 3780 7201 173 388 5623 1870 30457 12368 1788 7908 21420 1938 13309 8661 1276 978 130 130 6684 1741 137 1992 1092 45225 280 1947 1235 7831 13294 473 1140 108 3650 2377 150 1539 735 210 217 273 555 388 630 29668 124 161 12150 188 28239 1959 11718 10160 134 207 218 106 137 1824 6345 123 1204 21184 413 230 3016 4374 544 1833 2041 2551 1543 171 3071 1726 4176 197 1408 33176 374 1445 421 571 824 106 6636 14063 1711 1398 1192 275 216 1292 4147 2517 1188 1349 787 374 585 13468 2047 16037 106 1308 319 1178
leaf_count=335 405 833 122 608 2869 580 2907 7126 6066 141 160 615 485 149 3592 1160 1062 106 13525 1351 3780 7201 173 388 5623 1870 30457 12368 1788 7908 21420 1938 13309 8661 1276 978 130 130 6684 1741 137 1992 1092 45225 280 1947 1235 7831 13294 473 1140 108 3650 2377 150 1539 735 210 217 273 555 388 630 29668 124 161 12150 188 28239 1959 11718 10160 134 207 218 106 137 1824 6345 123 1204 21184 413 230 3016 4374 544 1833 2041 2551 1543 171 3071 1726 4176 197 1408 33176 374 1445 421 571 824 106 6636 14063 1711 1398 1192 275 216 1292 4147 2517 1188 1349 787 374 585 13468 2047 16037 106 1308 319 1178
internal_value=-0.0031679 -0.00292541 -0.00443818 -0.0714954 -0.000909834 -0.00322894 -0.010969 0.00234464 0.00454246 -0.0376513 -0.122361 -0.0229884 -0.00708849 -0.0773476 -0.000738344 -0.00541205 -0.00920434 -0.00875378 -0.00757148 -0.0230967 -0.00428775 -0.00272105 -0.00673229 -0.0105496 0.00307008 -0.0303175 0.00546011 0.00421628 -0.00971101 -0.0100558 -0.00206766 -0.00633365 -0.0061082 -0.00796182 0.00573363 -0.010155 -0.0117035 -0.0499982 -0.00242864 0.00447313 -0.0112229 -0.0313464 -0.022703 -0.00211195 -0.000199208 -0.00542992 -0.0363947 -0.00837643 -0.00501973 -0.0310726 -0.0108235 -0.0130278 -0.018102 -0.00840149 -0.0335439 -0.0224177 -0.0253783 -0.0443303 -0.10719 -0.025272 -0.0207774 -0.0389407 -0.00954294 0.00235733 -0.0845351 -0.0420518 -0.00982304 -0.0740619 0.00497628 -0.0101053 -0.00887494 -0.0102948 -0.0370959 -0.000978776 -0.0293559 -0.00196331 -0.0391147 -0.00133323 -0.00326234 -0.00911214 -0.046037 -0.000695245 -0.0118429 -0.0164241 -0.020484 0.0178678 -0.0210256 -0.00772256 -0.0187827 -0.0176169 -0.00776431 -0.00907765 -0.00681693 -0.0210655 -0.00513395 -0.0781885 -0.0135297 -0.00789325 3.80201e-05 -0.0152339 -0.0223474 -0.0250271 -0.0213998 -0.0856787 -0.00378782 -0.00488937 0.0004909 0.00569495 -0.00117867 -0.0212413 -0.0118576 -0.00771985 -0.00906996 -0.0121011 -0.0182942 -0.0269407 0.00311156 0.000630634 0.000467372 0.00367195 -0.0104856 -0.00150558 -0.00754888 -0.0216863 -0.0521919 -0.0164522
internal_weight=519751 517914 402404 1837 172623 121111 29483 115510 51512 1123 714 8187 229781 309 91628 140195 32041 31919 30857 2661 108154 75815 33566 24163 9403 2392 67700 19885 89586 87798 47810 21296 28196 32339 2436 14671 13693 384 7517 60574 1878 5283 2942 71743 45505 26238 1850 21771 13940 646 79890 41777 15247 38113 741 11597 9428 1840 427 1413 7588 1123 2169 44269 254 2341 14088 349 58696 26530 23837 21878 2004 43029 425 14601 243 14358 12534 6189 1310 42604 4781 3659 3246 7243 2693 2904 2585 6465 2098 29903 19834 2094 17740 368 10069 37372 4196 1819 4367 3946 3375 256 22646 20699 7208 4301 2903 1071 796 14669 13377 9201 5054 2537 1122 515 42249 16100 2632 26149 10112 2911 425 2486
internal_count=519751 517914 402404 1837 172623 121111 29483 115510 51512 1123 714 8187 229781 309 91628 140195 32041 31919 30857 2661 108154 75815 33566 24163 9403 2392 67700 19885 89586 87798 47810 21296 28196 32339 2436 14671 13693 384 7517 60574 1878 5283 2942 71743 45505 26238 1850 21771 13940 646 79890 41777 15247 38113 741 11597 9428 1840 427 1413 7588 1123 2169 44269 254 2341 14088 349 58696 26530 23837 21878 2004 43029 425 14601 243 14358 12534 6189 1310 42604 4781 3659 3246 7243 2693 2904 2585 6465 2098 29903 19834 2094 17740 368 10069 37372 4196 1819 4367 3946 3375 256 22646 20699 7208 4301 2903 1071 796 14669 13377 9201 5054 2537 1122 515 42249 16100 2632 26149 10112 2911 425 2486
cat_boundaries=0 2 4 6 8 10 11 13 14 16 17 19 21 23 24 26 28 30 32 34 35 36 37 39 40 42 43 45 47 48 49 50 51 52 53 55 57 59 61 63 65 66 68 69
cat_threshold=499530454 1194 269484034 8192 281149442 2 1022023681 453 272629970 2 10 2687565824 29445 1048576 270422 2 8 0 16640 2147483648 516 3145728 12292 4 20 10 540672 64 268372 1032 2147483648 8197 65536 16384 2 272629762 29491200 0 12292 10 525344 2048 1 0 2048 84150272 1024 4 1073741825 9 1 2 131074 524288 2048 0 512 0 4608 32800 64 0 16384 524288 2048 2147483648 536870912 768 1
is_linear=0
shrinkage=0.03


Tree=25
num_leaves=127
num_cat=38
split_feature=0 5 48 5 5 29 5 45 48 11 5 0 5 31 5 0 5 2 25 0 32 25 5 11 5 0 29 33 5 2 25 29 29 25 25 0 0 0 25 47 25 25 0 5 11 20 12 20 27 5 0 27 5 0 27 0 5 0 5 2 5 0 5 0 0 4 25 22 5 25 25 27 3 0 5 0 0 4 27 0 0 25 25 2 5 5 27 0 0 0 25 27 25 0 5 25 0 0 5 0 5 0 44 26 3 5 48 0 0 27 27 3 20 25 0 27 27 4 0 25 5 0 5 12 0 26
split_gain=8960.23 4258.01 4336.94 3295.62 2622.56 1925.56 1490.12 1418.76 1392.56 1125.92 1712.95 953.942 902.055 850.026 837.399 799.291 1817.76 794.436 751.838 914.816 661.991 588.81 582.5 574.804 576.199 558.368 514.912 510.076 483.59 482.047 890.313 533.962 895.319 615.391 442.845 845.114 1164.67 504.159 1194.72 729.43 500.145 441.35 840.995 1224.27 577.046 432.11 431.113 424.92 424.75 805.328 419.779 859.673 447.247 727.684 739.058 1886.75 585.146 597.038 564.028 489.587 439.853 415.99 415.109 407.595 449.965 2432.69 515.827 393.769 391.714 385.775 784.258 455.997 385.69 384.873 415.238 1438.56 489.224 507.09 472.432 493.497 389.797 376.952 371.527 370.337 1335.04 783.578 721.01 633.165 392.925 769.349 1420.46 1029 447.95 365.701 388.523 349.35 1051.74 339.481 332.896 329.215 326.668 348.486 1213.51 345.008 319.119 316.121 315.81 315.222 311.366 736.294 496.829 316.032 306.685 305.664 305.482 299.302 299.21 295.55 304.147 285.431 282.792 356.529 281.565 273.013 268.005 267.965
threshold=13030.000000000002 0 6.9500000476837167 1 2 0.052709037438035018 3 16.964999198913578 54.95000076293946 0.23537775129079822 4 1560.0000000000002 5 0.046168554574251182 6 1280.0000000000002 7 8 95.000000000000014 1225.0000000000002 0.21750915795564654 103.50000000000001 9 -0.5917624533176421 10 61.500000000000007 0.10938442125916482 6.7500000000000009 11 12 71.500000000000014 0.064788181334733977 0.11905520036816598 87.500000000000014 19.500000000000004 950.00000000000011 850.00000000000011 325.00000000000006 14.500000000000002 13.445000171661379 50.500000000000007 77.500000000000014 155.00000000000003 13 -0.15951316058635709 81.500000000000014 -0.9711191952228545 76.500000000000014 0.055219287052750594 14 325.00000000000006 0.059944719076156623 15 715.00000000000011 0.086274277418851866 615.00000000000011 16 1715.0000000000002 17 18 19 325.00000000000006 20 1225.0000000000002 325.00000000000006 21 17.500000000000004 -0.42448458075523371 22 88.500000000000014 81.500000000000014 0.052256155759096153 23 225.00000000000003 24 325.00000000000006 850.00000000000011 25 0.058047603815793998 325.00000000000006 950.00000000000011 15.500000000000002 50.500000000000007 26 27 28 0.1045757830142975 1225.0000000000002 950.00000000000011 615.00000000000011 64.500000000000014 0.098019190132617964 64.500000000000014 180.00000000000003 29 113.00000000000001 1225.0000000000002 155.00000000000003 30 615.00000000000011 31 475.00000000000006 0.091499999165534987 1.0000000180025095e-35 32 33 89.200000762939467 45.000000000000007 325.00000000000006 0.051913643255829818 0.049178216606378562 34 88.500000000000014 74.500000000000014 1410.0000000000002 0.095947422087192549 0.056865874677896507 35 155.00000000000003 52.500000000000007 36 1715.0000000000002 37 -0.11692317575216292 1560.0000000000002 0.07760068774223329
decision_type=2 9 2 9 9 10 9 2 2 2 9 2 9 10 9 2 9 9 2 2 8 2 9 2 9 2 8 2 9 9 2 10 10 2 2 2 2 2 2 2 2 2 2 9 2 2 2 2 2 9 2 2 9 2 2 2 9 2 9 9 9 2 9 2 2 9 2 10 9 2 2 2 1 2 9 2 2 9 2 2 2 2 2 9 9 9 2 2 2 2 2 2 2 2 9 2 2 2 9 2 9 2 2 8 1 9 2 2 2 2 2 1 2 2 2 2 2 9 2 2 9 2 9 2 2 10
left_child=1 13 6 8 5 9 18 26 -2 23 17 14 67 25 20 -14 21 -11 27 -20 -6 -17 63 24 -4 107 -5 120 -12 34 62 -32 33 -33 35 36 37 -16 -39 -40 61 46 43 -43 -45 -10 -22 -28 106 115 98 60 59 54 -54 -56 124 -58 -57 -53 -52 -36 -31 64 97 66 -66 -7 -9 70 71 113 -63 -44 76 -76 77 78 79 -75 -77 -64 -83 84 -48 86 87 88 89 -85 91 -91 -90 94 -25 -78 -97 119 116 -51 103 102 -102 -87 -71 -41 117 -1 111 110 -110 -72 -59 -42 -18 -50 -24 -19 -119 -8 -3 -122 -95 -88 -55 -103
right_child=3 2 4 7 11 12 22 68 45 10 28 -13 15 -15 29 16 114 48 19 -21 41 -23 50 93 -26 -27 47 -29 -30 30 31 32 -34 -35 40 -37 -38 38 39 105 69 42 73 44 -46 -47 83 -49 49 99 51 52 53 56 55 58 57 112 -60 -61 -62 72 81 -65 65 -67 -68 -69 -70 104 108 -73 -74 74 75 80 95 -79 -80 -81 -82 82 -84 85 -86 100 123 -89 92 90 -92 -93 -94 122 -96 96 -98 -99 -100 -101 101 125 -104 -105 -106 -107 -108 -109 109 -111 -112 -113 -114 -115 -116 -117 -118 118 -120 -121 121 -123 -124 -125 -126 -127
leaf_value=0.030488900858908888 -0.14890545451015039 -0.0009822517099413793 -0.010835063775184494 -0.013951132749276819 -0.0020862907553659518 0.0049522635752085294 0.0069301398341388753 -0.03349934886579644 -0.042439211758776241 -0.0085834784885332471 -0.010132719342861723 0.0081188460608118424 0.00050396577143465226 0.033851666210756068 -0.011656789376875356 -0.13178890657424927 0.041769396324049343 -0.023007941771373153 -0.0067930733414886561 -0.079947864174602853 0.00074956017422899454 -0.052387910665003291 -0.019747109771564287 -0.017088016203545633 -0.0032395059511789036 0.010590032509154454 -0.043805311157718879 0.0075551283998590551 -0.0022793961200625371 -0.0022666560164479451 -0.020776300870440106 -0.072942256512322334 0.0017688516575822995 -0.0046898828895303281 -0.011476186311199961 0.0036942370934213231 -0.094398719633834935 0.0068888650272041557 -0.083385228503805892 0.0076352919559308724 -0.0028596063180676714 -0.00020586141936414175 0.010132127387561193 -0.11756735739963395 -0.041370555606423588 -0.10475696508053671 0.011143021536585685 -0.10911502644286623 -0.018301893742287648 -0.0028760599045164555 -0.002062150776587657 0.011374367953373031 0.001636121197533947 -0.0072194257113070617 -0.14523039911474497 0.003100701148931846 0.0043716352128738865 -0.010951140209654113 -0.022929371833474772 -0.0046273797365563914 0.015014248525949654 0.0012938385261563542 -0.033903797493416515 0.010223608857585664 -0.1015596792776795 -0.010228930120009019 -0.031562217031397034 0.016850822785744984 0.025513848596556435 -0.0068950412421206319 -0.039705301841249548 -0.010061871303988728 0.025801714035418734 0.0063039465407154667 -0.036709947158061883 0.0038154890083753803 -0.0028483733474234268 0.018351770405104648 0.010216590133748801 -0.023690288122345027 -0.013015082825590637 -0.0086691986989378862 -0.021062629844094009 -0.017002507106021143 -0.010082870197958222 -0.042127913804578525 -0.012656929289593744 -0.050706027290332981 0.015552539671742339 -0.14950184686978657 -0.013072640460643079 -0.046650492784663516 -0.020836389212855081 0.0079265362348274106 -0.0025252321971334108 -0.035922044277692931 0.00050434387325703762 0.010305871817147372 -0.00021685246120215892 -0.039365887225461783 -0.12515910047226425 -0.0085885667038293565 -0.018029801733728788 -0.00096816163815725657 0.010263844620729067 -0.046356007225250684 -0.015273532484128001 -0.0099258535086661787 -0.018928539855507655 -0.010700720479499742 -0.06558377180261997 0.0019870550121538597 -0.07867981018749591 0.019955806875968395 -0.006167510524420142 0.0067689170859652767 -0.0062422543564378289 -0.082248065195105094 -0.043305731434461064 -0.043271634103985594 0.0045400906659799553 -0.050339007132521298 -0.00026652552543978764 0.013823640475169936 0.015426704333784678 -0.019441415695427074
leaf_weight=191 456 14178 12730 133 23029 6344 179 135 213 2907 12684 3295 50889 1308 2005 119 175 249 2746 162 3544 290 1796 2168 30636 17665 153 30923 15936 3501 3622 663 277 145 1832 1215 206 399 431 152 1971 435 1678 167 195 192 3091 223 1065 250 1887 4495 2279 9463 104 1006 13150 127 2957 2779 4851 3033 807 773 339 4262 133 4135 323 3120 1137 16449 713 854 1524 2865 9393 1761 1763 1168 2180 6869 3188 1139 19123 190 1622 910 402 179 337 173 1246 4267 6827 1224 1708 1083 7270 2036 100 14260 1661 4539 1418 268 281 1823 410 3317 413 191 114 721 373 716 8291 332 405 235 25266 106 32114 446 494 2391
leaf_count=191 456 14178 12730 133 23029 6344 179 135 213 2907 12684 3295 50889 1308 2005 119 175 249 2746 162 3544 290 1796 2168 30636 17665 153 30923 15936 3501 3622 663 277 145 1832 1215 206 399 431 152 1971 435 1678 167 195 192 3091 223 1065 250 1887 4495 2279 9463 104 1006 13150 127 2957 2779 4851 3033 807 773 339 4262 133 4135 323 3120 1137 16449 713 854 1524 2865 9393 1761 1763 1168 2180 6869 3188 1139 19123 190 1622 910 402 179 337 173 1246 4267 6827 1224 1708 1083 7270 2036 100 14260 1661 4539 1418 268 281 1823 410 3317 413 191 114 721 373 716 8291 332 405 235 25266 106 32114 446 494 2391
internal_value=-0.00303071 -0.0027964 -0.00335598 -0.0693146 -0.00512602 -0.0026943 0.00108607 -0.0300885 -0.11164 -0.00483355 -0.00924062 -0.00786075 0.00161649 0.0104364 -0.00818278 -7.09582e-06 -0.0271553 -0.0212849 0.00405131 -0.0108945 -0.00658169 -0.0739513 -0.00211096 -0.00300289 -0.00547261 0.00888377 -0.0648181 0.00466875 -0.00576244 -0.0110628 -0.0149861 -0.0263167 -0.0447759 -0.0607149 -0.00916012 -0.0178293 -0.0253841 -0.0209887 -0.0359358 -0.0559991 -0.00799491 -0.00784082 -0.00468939 -0.0350273 -0.0746915 -0.0721677 -0.00937307 -0.0827262 -0.0281752 -0.0234923 -0.00117012 0.000397214 -0.00139913 -0.00303204 -0.0120403 -0.0197026 -0.000584478 0.00351003 -0.0163726 0.00526321 0.0102516 0.000235182 -0.0112823 -0.0102987 -0.0128624 -0.017395 -0.0819442 0.00963938 0.00791007 -0.00956989 -0.0110519 -0.00818874 0.00596422 -0.00376232 -0.00471665 -0.0111601 -0.00234014 0.00505747 -0.00113101 -0.0110252 -0.00345832 -0.014172 -0.0125995 -0.0100655 -0.00712531 -0.0122656 -0.0215159 -0.0284334 -0.0225897 -0.0321645 -0.0571682 -0.0992281 -0.0119559 -0.0006425 -0.00605851 -0.00567096 -0.0147094 0.00147322 -0.00511725 -0.0352243 -0.00967665 -0.0114852 -0.0241808 -0.00262487 -0.00153228 -0.0277643 -0.0433989 -0.00607985 -0.0210714 -0.0170095 -0.0423924 -0.0337119 -0.0431815 0.0032562 0.00902462 -0.00817885 -0.00863996 -0.0513908 -0.060936 -0.0216016 0.00241185 0.00430714 0.000696707 -0.00694201 -0.00608833 -0.0101481
internal_weight=519256 517428 496441 1828 354993 187928 141448 967 861 125603 36861 167065 62325 20987 163770 51846 957 8241 73381 2908 105297 409 68067 88742 43366 19679 509 70473 28620 58473 19072 4707 1085 808 39401 4676 3461 3255 1250 851 34725 82268 26915 797 362 405 55353 376 5334 4067 61063 43706 36968 29694 6346 4067 23348 13391 3963 7274 6738 5578 14365 7004 6231 4734 472 10479 458 29147 24609 19141 3746 26118 24440 6569 17871 5546 3785 2022 5045 10864 10057 51809 22214 29595 6454 4386 3476 1828 689 352 1648 45376 8995 12325 2932 1497 17357 2286 23141 18412 1761 4729 4538 420 1267 2014 5468 4140 823 1328 241 2692 548 1781 10087 986 737 414 39550 25372 36381 2068 9957 16651
internal_count=519256 517428 496441 1828 354993 187928 141448 967 861 125603 36861 167065 62325 20987 163770 51846 957 8241 73381 2908 105297 409 68067 88742 43366 19679 509 70473 28620 58473 19072 4707 1085 808 39401 4676 3461 3255 1250 851 34725 82268 26915 797 362 405 55353 376 5334 4067 61063 43706 36968 29694 6346 4067 23348 13391 3963 7274 6738 5578 14365 7004 6231 4734 472 10479 458 29147 24609 19141 3746 26118 24440 6569 17871 5546 3785 2022 5045 10864 10057 51809 22214 29595 6454 4386 3476 1828 689 352 1648 45376 8995 12325 2932 1497 17357 2286 23141 18412 1761 4729 4538 420 1267 2014 5468 4140 823 1328 241 2692 548 1781 10087 986 737 414 39550 25372 36381 2068 9957 16651
cat_boundaries=0 2 4 6 8 9 10 12 13 14 16 18 20 21 23 24 26 28 30 31 33 35 36 38 39 41 42 43 45 47 48 50 52 53 54 55 56 58 59
cat_threshold=84 2 303038466 8192 3183884930 17576 3407094818 32312 281149442 272761474 3735552 13077 536872960 10 540672 64 805310464 17408 83894912 1152 6 0 1 272629762 4393480 385 32768 4 268435585 4 4 335546377 384 32769 2112 1 524288 2048 2 0 516 1 2 1048576 516 524288 516 4325890 12716552 385 2162688 256 2 9 2 1 2148533248 9776 272902274
is_linear=0
shrinkage=0.03


Tree=26
num_leaves=127
num_cat=36
split_feature=0 48 5 5 5 5 0 30 5 23 11 5 5 2 5 5 0 0 5 29 26 25 5 0 27 0 25 23 5 0 2 5 5 0 27 25 27 25 5 25 0 25 27 5 5 12 0 5 5 30 21 12 11 0 25 25 0 5 21 13 25 5 27 27 4 23 11 0 28 0 5 0 0 0 21 5 0 27 5 5 11 27 27 12 5 27 11 0 5 24 5 20 0 0 25 21 5 27 4 12 25 0 4 0 46 25 25 25 27 5 25 0 44 27 0 25 26 5 27 8 27 20 25 26 32 0
split_gain=8533.68 4051.36 3741.48 2874 1951.97 1681.14 1583.67 1287.94 1276.69 1158.34 1805.9 975.76 924.909 848.977 1492.55 961.253 788.334 2719.17 1624.66 1007.78 862.496 782.06 872.685 775.237 2964.07 763.417 716.092 622.696 620.13 727.735 578.472 1464.64 1259.46 1146.4 2168.15 964.386 673.274 811.677 649.607 568.232 583.142 567.045 562.671 552.321 542.377 541.277 537.985 527.149 521.75 519.105 509.694 507.974 502.521 492.18 680.172 560.355 487.794 902.555 782.314 479.527 477.011 472.39 464.176 700.78 538.983 449.402 438.292 437.287 805.574 435.945 435.648 1009.07 434.806 441.181 422.32 413.828 410.563 688.247 426.653 396.973 561.151 391.246 453.877 471.856 384.163 380.178 380.042 378.53 376.771 376.284 375.695 366.627 362.861 472.475 361.422 591.517 354.81 503.842 642.777 352.72 350.727 346.261 893.675 1735.92 335.711 335.019 327.469 324.925 324.556 460.626 322.984 315.599 397.737 629.24 399.419 1317.1 339.278 425.561 619.052 562.929 370.698 334.585 329.038 313.92 310.381 306.878
threshold=13030.000000000002 0.7500000298023225 0 1 2 3 1715.0000000000002 0.19365485012531283 4 0.038110742345452316 0.23537775129079822 5 6 7 8 9 950.00000000000011 850.00000000000011 10 0.11490825563669206 0.21817176789045337 59.500000000000007 11 615.00000000000011 0.092709075659513487 1940.0000000000002 32.500000000000007 0.093464292585849776 12 950.00000000000011 13 14 15 325.00000000000006 0.059944719076156623 113.00000000000001 0.049178216606378562 77.500000000000014 16 97.500000000000014 1225.0000000000002 50.500000000000007 0.058846931904554374 17 18 0.69521084427833568 850.00000000000011 19 20 0.10226471349596979 0.11169846728444101 0.94066718220710765 -0.4218058288097381 715.00000000000011 68.500000000000014 38.500000000000007 325.00000000000006 21 1.0000000180025095e-35 45.500000000000007 15.500000000000002 22 0.086274277418851866 0.10945477336645128 23 0.058227287605404861 0.1510155871510506 1560.0000000000002 0.13125208020210269 1225.0000000000002 24 325.00000000000006 850.00000000000011 950.00000000000011 0.055228207260370261 25 325.00000000000006 0.059944719076156623 26 27 -0.72696319222450245 0.10945477336645128 0.095947422087192549 -0.25206183642148966 28 0.1321084722876549 0.24372619390487674 2125.0000000000005 29 1.0183221697807314 30 86.500000000000014 1715.0000000000002 2375.0000000000005 73.500000000000014 0.14248692989349368 31 0.055219287052750594 32 0.64414587616920482 58.500000000000007 325.00000000000006 33 950.00000000000011 5.8642857074737558 100.50000000000001 76.500000000000014 16.500000000000004 0.060448419302701957 34 25.500000000000004 1560.0000000000002 0.061499999836087234 0.055219287052750594 1280.0000000000002 102.50000000000001 0.004756731679663063 35 0.069445703178644194 4.5000000000000009 0.060448419302701957 73.500000000000014 51.500000000000007 0.21020140498876574 0.11789238825440408 90.000000000000014
decision_type=2 2 9 9 9 9 2 10 9 10 2 9 9 9 9 9 2 2 9 8 10 2 9 2 2 2 2 8 9 2 9 9 9 2 2 2 2 2 9 2 2 2 2 9 9 2 2 9 9 10 8 2 2 2 2 2 2 9 10 2 2 9 2 2 9 10 2 2 10 2 9 2 2 2 8 9 2 2 9 9 2 2 2 2 9 2 2 2 9 2 9 2 2 2 2 8 9 2 9 2 2 2 9 2 2 2 2 2 2 9 2 2 2 2 2 2 10 9 2 2 2 2 2 10 10 2
left_child=1 5 4 11 49 39 9 8 13 10 23 27 124 14 -4 26 17 20 19 -18 21 22 -17 24 106 -8 69 -2 29 -25 31 50 33 36 38 47 -32 42 -35 44 -41 -29 -38 101 -1 88 -37 -36 -11 -3 90 -47 -19 61 55 85 57 58 -14 89 -24 -34 -62 64 91 -9 110 -50 -69 81 71 -16 79 -74 -59 -57 -45 -78 -79 80 -30 82 -15 -84 -20 -55 -71 -48 -5 -43 -10 -64 105 -94 -68 -96 -23 98 -98 100 -77 -7 103 -103 -63 -80 108 -73 -6 -110 -52 112 113 -33 116 -116 117 -114 120 -120 122 -117 -119 -67 -12 -121
right_child=3 2 7 45 6 43 25 65 30 48 12 -13 56 15 70 16 18 52 84 -21 -22 96 60 28 -26 -27 -28 41 72 -31 32 111 53 34 35 46 37 -39 -40 40 -42 59 -44 76 -46 51 87 -49 67 -51 66 -53 -54 54 -56 75 -58 74 -60 -61 62 104 63 -65 -66 123 94 68 -70 86 -72 107 73 -75 -76 99 77 78 92 -81 -82 -83 83 -85 -86 -87 -88 -89 -90 -91 -92 -93 93 -95 95 -97 97 -99 -100 -101 -102 102 -104 -105 -106 -107 -108 -109 109 -111 -112 -113 114 -115 115 121 -118 118 119 125 -122 -123 -124 -125 -126 -127
leaf_value=0.014635572041148327 -0.010947076113799871 0.0098659917498729963 0.0094927432427311127 -0.036188605758878924 0.0017413857598491417 0.0045077900511556928 -0.12606300706664719 -0.032679529771532698 -0.0044453056417499666 0.0094220546060973884 -0.0043420921116578189 -0.13750318563924047 -0.058836012816096753 -0.027758384370398168 -0.0070413890143244439 0.00018624300540665437 -0.062013918192903583 -0.063741014004046997 0.0015972159650560042 -0.01239980175284657 -0.083313790718559169 -0.0060970687474425139 -0.048883402795180095 0.018428336048639925 -0.13360423986728373 -0.035116139570205429 0.0042703017012743786 -0.044728361457141472 -0.074513160988395472 0.00059062877518424226 0.0049226741499007179 -0.084098746353023057 0.014691253833033546 0.016072210598778711 -0.002572340862479444 0.0038529570776902672 -0.021502155163543611 -0.036405472963636838 0.00061527476009312794 -0.0062936802685941481 -0.074592924600527175 -0.15139038133252528 -0.0027656138419575255 -0.0047985332963004475 0.0057461586659358008 -0.10371247967826985 -0.038528467500636786 -0.012067105710360257 0.0017581624880577433 0.02806163750010153 -0.014891931266286965 -0.017391760930138295 -0.14588245669603347 0.01172234092301426 0.0073344648490565045 -0.0022627024050782354 -0.0098878825448003287 0.0024322630928707255 -0.018513461022496801 -0.051842007539489053 -0.0063671978961203201 -0.0041224928636982017 -0.10586996403750994 0.0049585029912108409 -0.027713428711502827 0.020286899656097403 -0.0057656864250120133 -0.10295740952277008 0.0065768572043833759 -0.027717476498733445 -0.008236163447317155 -0.039690583663271557 0.048364396158685069 0.0022149068881493965 -0.01898304615389779 -0.0052245076233293211 0.0094266400403285634 -0.0050559523575852651 0.0030330486939482938 -0.0038184169128451717 -0.012006821398808327 -0.0020227273496259985 -0.04515778431734245 -0.11706068032206252 0.02310702440869598 -0.035266096749068568 -0.10398323259827956 0.011886866033029068 0.020360948932979024 -0.081133889273593288 0.010166040317197591 -0.031605421883218431 -0.061598596005670476 -0.00085400063234852787 -0.0094446938499607395 -0.035958397733832581 -0.068095630224673978 -0.018297820834250519 -0.023175083050976555 -0.037231691561024689 -0.046291204345037494 -0.10781926151083296 -0.010038651262700128 0.026375184548597264 0.0079125432630288688 -0.009428223670172077 -0.0068880300004195028 -0.10512548073282782 -3.7568148430100564e-05 -0.011617998437612125 -0.00063574992220343288 0.006159050331403018 -0.010015067014646389 -0.021664450009227496 0.023390309183583782 -0.042845588696969521 -0.0055366288027592081 -0.056724911047451532 -0.062304490065723535 -0.065423007310380712 0.032583312966402558 -0.11204356118890584 -0.00844006890139333 0.0038252251058681391 0.013401347732035619 -0.021479232364563075
leaf_weight=7390 117 4491 4641 151 17283 1054 107 275 2687 9743 10766 395 889 1778 556 5951 381 126 6690 10463 159 1769 384 4424 155 366 525 200 177 3849 1095 161 1308 3341 8279 384 3973 2064 9081 1217 123 193 2265 12907 37859 106 1859 14531 29407 2058 1603 145 149 2002 11359 2645 9700 1134 846 109 2798 42408 150 498 1147 1220 5320 101 148 102 25508 123 187 22430 3076 1225 7733 12100 26071 4738 474 379 406 103 831 167 141 144 296 113 3834 101 185 303 2275 1135 433 9139 850 718 220 237 3334 136 2193 2097 11559 158 7978 5040 13206 756 10464 1426 172 110 5562 133 350 147 188 152 2456 7141 966 4508
leaf_count=7390 117 4491 4641 151 17283 1054 107 275 2687 9743 10766 395 889 1778 556 5951 381 126 6690 10463 159 1769 384 4424 155 366 525 200 177 3849 1095 161 1308 3341 8279 384 3973 2064 9081 1217 123 193 2265 12907 37859 106 1859 14531 29407 2058 1603 145 149 2002 11359 2645 9700 1134 846 109 2798 42408 150 498 1147 1220 5320 101 148 102 25508 123 187 22430 3076 1225 7733 12100 26071 4738 474 379 406 103 831 167 141 144 296 113 3834 101 185 303 2275 1135 433 9139 850 718 220 237 3334 136 2193 2097 11559 158 7978 5040 13206 756 10464 1426 172 110 5562 133 350 147 188 152 2456 7141 966 4508
internal_value=-0.00299146 -0.00276316 -0.00416312 -0.0677318 -0.00044436 0.0022666 -0.00116579 -0.00639855 -0.00680123 -0.000986985 -0.00262385 -0.0970387 -0.00925596 -0.0100157 -0.0061805 -0.012628 -0.0113738 -0.0149973 -0.0067125 -0.0141355 -0.0138915 -0.0134125 -0.00762306 -0.000304723 -0.00307865 -0.0559123 -0.0278893 -0.0734909 0.00290778 0.0101182 -0.00533689 -0.00780554 -0.00407941 -0.00781021 -0.00547029 -0.010527 -0.0171843 -0.0201004 0.00478694 0.00663111 -0.0126139 -0.0865455 -0.0147005 -0.000807898 0.00720276 -0.0186857 -0.0286667 -0.00862762 0.00340317 0.0155636 -0.00326601 -0.0541128 -0.108614 -0.00134825 0.00280633 -0.00456575 -0.0140277 -0.0208031 -0.0389719 -0.106542 -0.0167406 -0.0030079 -0.0141369 -0.0255935 -0.0364726 0.00498674 -0.00532316 0.00142186 -0.0380868 -0.0337886 -0.00894435 -0.0301399 0.000773632 0.0025986 -0.0131841 -0.0102755 -4.37441e-05 0.00122197 -0.00033497 -0.00688316 -0.0286504 -0.0302603 -0.0349369 -0.0599089 0.00400412 0.00808993 -0.0722152 -0.0348999 0.000866646 -0.125795 0.0041544 -0.0762306 0.00165976 -0.0239611 -0.0106545 -0.0182776 -0.0186491 -0.0207531 -0.0383766 -0.0199656 -0.0115046 -0.0106393 -0.0149748 -0.0589508 -0.00352978 0.00210505 -0.00259215 -0.0767255 -0.000953222 -0.0045305 -0.00217981 -0.012935 -0.0134991 -0.0280473 -0.0125455 -0.0410391 -0.0120244 -0.0140017 -0.0193227 -0.0256495 -0.00798421 -0.0832644 -0.0109415 0.00622938 -0.00287765 -0.0228807
internal_weight=519644 517819 405073 1825 152092 112746 145543 252981 244345 145070 105671 1127 27377 76439 30986 45453 42019 23654 18365 10844 23379 23220 11029 78294 42015 473 3434 732 36279 8273 167906 56645 111261 47016 37619 25197 9397 8302 12422 46589 1340 615 6238 66157 45249 698 2387 22810 39399 6549 30060 251 275 64245 18336 6977 15645 5945 1735 415 5078 45909 4694 1896 1398 8636 23539 29656 249 2909 26345 837 28006 22617 4210 4808 61396 48489 40756 5389 651 2666 2287 509 7521 2169 243 2003 447 306 6521 251 28656 488 8730 3410 12191 10422 1283 2163 1445 4761 3707 373 44601 28168 41860 281 30301 13018 14809 26585 25829 1587 24242 434 23808 18246 7782 5005 2777 262 2589 8361 11732 4655
internal_count=519644 517819 405073 1825 152092 112746 145543 252981 244345 145070 105671 1127 27377 76439 30986 45453 42019 23654 18365 10844 23379 23220 11029 78294 42015 473 3434 732 36279 8273 167906 56645 111261 47016 37619 25197 9397 8302 12422 46589 1340 615 6238 66157 45249 698 2387 22810 39399 6549 30060 251 275 64245 18336 6977 15645 5945 1735 415 5078 45909 4694 1896 1398 8636 23539 29656 249 2909 26345 837 28006 22617 4210 4808 61396 48489 40756 5389 651 2666 2287 509 7521 2169 243 2003 447 306 6521 251 28656 488 8730 3410 12191 10422 1283 2163 1445 4761 3707 373 44601 28168 41860 281 30301 13018 14809 26585 25829 1587 24242 434 23808 18246 7782 5005 2777 262 2589 8361 11732 4655
cat_boundaries=0 2 4 6 8 10 12 14 15 17 18 20 22 24 25 27 29 31 33 35 37 38 39 40 41 42 44 46 47 49 51 53 54 55 56 58 59
cat_threshold=499399382 170 303038466 8196 16 2 3271894134 31786 1108001825 2112 34603008 4 134486212 40 2 163872 64 132096 1073774592 2048 1073741857 2112 2630 128 9 3145728 9493 3145728 8213 1048576 4 540672 64 20 16386 0 5 406848198 2 2147483648 1 1 0 4096 337674369 4 83886080 33570816 64 524288 2048 0 9216 32768 1 1 67117252 8 2684420104
is_linear=0
shrinkage=0.03


Tree=27
num_leaves=127
num_cat=45
split_feature=0 48 5 5 30 5 48 0 5 45 12 5 5 11 0 12 37 0 5 5 4 5 23 20 31 0 22 31 5 0 5 4 0 27 5 27 0 5 5 0 28 0 27 5 0 40 0 5 2 0 5 27 5 0 0 0 4 2 5 5 5 12 20 5 47 27 20 13 27 47 5 0 8 27 0 20 0 27 0 5 26 27 0 26 0 5 0 27 2 5 5 5 12 27 5 12 5 27 4 27 0 0 44 0 5 0 5 11 2 32 20 5 27 5 11 5 27 27 5 48 31 27 5 44 0 0
split_gain=7642.25 4047.84 3484.12 2785.13 2471.28 1523.54 1477 1410.57 1392.12 1186.83 1051.01 937.565 787.916 1298.2 1135.09 754.362 742.834 725.128 658.168 615.547 509.911 467.114 462.534 498.543 442.716 821.389 445.346 458.41 435.907 426.549 1189.08 538.521 582.209 736.148 498.969 494.258 413.949 860.018 754.632 485.174 872.267 409.4 721.966 415.015 393.773 386.568 383.588 371.818 791.722 623.934 723.902 765.535 501.296 590.798 371.514 431.996 2261.34 354.872 949.688 551.921 348.153 341.121 340.924 339.308 332.564 326.739 321.326 670.519 309.628 300.113 435.869 694.474 321.236 298.406 292.035 291.714 289.682 289.329 308.385 287.759 279.807 277.981 272.672 268.085 265.092 270.361 428.874 280.373 255.008 805.057 798.227 492.84 621.122 392.938 750.363 293.988 384.487 264.541 345.825 250.845 381.715 466.324 330.626 246.976 250.518 246.092 373.638 244.248 301.701 240.023 235.285 235.244 234.708 232.697 232.195 231.755 231.37 231.364 526.67 228.631 227.024 225.894 223.015 215.915 215.765 215.524
threshold=13030.000000000002 6.9500000476837167 0 1 0.085353039205074324 2 54.95000076293946 1715.0000000000002 3 16.964999198913578 0.69521084427833568 4 5 0.24372619390487674 225.00000000000003 -0.72102889418601979 11.550000190734865 1940.0000000000002 6 7 8 9 0.10042453557252885 76.500000000000014 0.075905904173851027 325.00000000000006 -0.081030964851379381 0.047392372041940696 10 615.00000000000011 11 12 850.00000000000011 0.095947422087192549 13 0.053263295441865928 225.00000000000003 14 15 1410.0000000000002 0.099524557590484633 325.00000000000006 0.059944719076156623 16 1225.0000000000002 35.850000381469734 1280.0000000000002 17 18 715.00000000000011 19 0.092709075659513487 20 1715.0000000000002 1225.0000000000002 325.00000000000006 21 22 23 24 25 -0.9711191952228545 88.500000000000014 26 43.414999008178718 0.059944719076156623 91.500000000000014 20.500000000000004 0.11368945986032487 46.174999237060554 27 950.00000000000011 9.5000000000000018 0.049178216606378562 155.00000000000003 104.50000000000001 950.00000000000011 0.086274277418851866 1280.0000000000002 28 0.13385654240846637 0.07936600968241693 155.00000000000003 0.17467451840639117 615.00000000000011 29 950.00000000000011 0.095947422087192549 30 31 32 33 -0.048362832516431802 0.053263295441865928 34 -0.26867066323757166 35 0.16058247536420825 36 0.086274277418851866 950.00000000000011 615.00000000000011 0.10350000113248826 325.00000000000006 37 325.00000000000006 38 -0.63921129703521717 39 0.24194665253162387 73.500000000000014 40 0.058846931904554374 41 -0.9193688929080962 42 0.1045757830142975 0.058846931904554374 43 99.950000762939467 0.065425857901573195 0.095947422087192549 44 0.081500001251697554 155.00000000000003 1255.0000000000002
decision_type=2 2 9 9 10 9 2 2 9 2 2 9 9 2 2 2 2 2 9 9 9 9 8 2 10 2 8 8 9 2 9 9 2 2 9 2 2 9 9 2 10 2 2 9 2 2 2 9 9 2 9 2 9 2 2 2 9 9 9 9 9 2 2 9 2 2 2 2 2 2 9 2 2 2 2 2 2 2 2 9 10 2 2 10 2 9 2 2 9 9 9 9 2 2 9 2 9 2 9 2 2 2 2 2 9 2 9 2 9 10 2 9 2 9 2 9 2 2 9 2 10 2 9 2 2 2
left_child=1 5 4 6 7 15 -2 10 80 22 12 24 13 103 20 21 -13 -9 54 -12 82 68 -5 -24 26 -26 73 -28 112 34 121 44 33 -33 35 -16 37 -10 -38 -40 -41 79 43 -43 -32 57 61 48 -44 50 51 -49 53 77 55 74 64 58 -14 -59 81 -18 -55 -11 -57 -30 67 -8 -1 70 71 72 113 -4 -7 -25 -54 -51 -79 -20 -6 -21 -15 -39 -60 -86 87 -87 90 -90 95 -92 -93 94 -91 96 97 98 -63 100 101 -58 114 122 -105 106 -96 -72 -109 -97 -110 -107 -17 -29 -101 -48 -94 118 -23 -95 -113 -31 -3 -88 -22 -78
right_child=3 2 11 9 8 18 66 17 36 63 19 16 45 14 29 28 46 -19 41 60 124 117 23 75 25 -27 27 69 65 30 31 32 -34 -35 -36 -37 38 83 39 40 -42 42 47 -45 -46 -47 115 49 -50 52 -52 -53 76 62 -56 56 99 59 84 -61 -62 88 -64 -65 -66 -67 -68 -69 -70 -71 107 -73 -74 -75 -76 -77 125 78 -80 -81 -82 -83 -84 -85 85 86 123 -89 89 93 91 92 116 119 105 109 -98 -99 -100 102 -102 -103 -104 104 -106 111 -108 108 110 -111 -112 120 -114 -115 -116 -117 -118 -119 -120 -121 -122 -123 -124 -125 -126 -127
leaf_value=0.01669172594009221 -0.14230339274519965 -0.03174958772942886 -0.0033446287871596089 -0.013000738028677758 0.014616398665057293 -0.020075477520904644 0.011641773181526283 -0.12630357517538784 -0.012277729437958721 -0.031524195364543366 -0.0033360312192840334 -0.0030560543430942096 0.01482276547998481 0.002956529655812406 -0.063435603333013471 -0.011805620026955123 -0.00024156630346270602 -0.035214796169743968 -0.0082034030946877522 0.025165150069955799 -0.063520291031855677 -0.015890046164451759 -0.033538170212507247 -0.13801126487938495 -0.0403763742240177 -0.0086888986722101439 0.0037543497135051748 0.0051752818841080475 0.0062876785175954202 -0.014064790781311414 -0.040760027566518177 -0.11978036857884505 -0.016955611571443697 -0.02969081499517363 0.003530627387014981 0.0039399746213640485 0.010515575828981518 0.003611417386560616 0.0015299069878593992 -0.10507924278991089 -7.8576703821974132e-05 -0.0020058921911183182 0.011216794503546103 0.014468708145414497 -0.098237441298899358 0.0052764065428853981 -0.01320357216714064 -0.0059208357022384351 -0.0062063832512696711 0.01606465661714504 -0.00054612478566585187 -0.035352415194704001 -0.05393129633041098 -0.010340742874549636 0.0091076387233187013 -0.052124070906051069 -0.0047729499031021428 -0.011074418847566946 -0.049761252408397606 -0.0030671166666180511 0.0020233366484535549 -0.014111497158729332 -0.080762269254274932 0.024406367154629609 -0.1028529193222992 -0.0034313608040042114 -0.099164234726846989 -0.082443733372186356 -0.020185174589950436 -0.001057316596613707 -0.0033510115711089224 -0.00189768343241067 -0.023364510410133543 -0.019034695068701632 0.0097423210500227411 -0.068419683727351105 -0.005493751177762218 0.0022542332508066472 0.045149927530802929 -0.00045444699359959768 0.029846882389966866 -0.00074900052602432381 -0.037724435124546291 0.026316983634255883 0.0024217479015651447 -0.0035133052329690867 -0.014405353950202388 -0.027607251225875894 -0.002805252010914435 0.016355116372562525 -0.01193571126877933 -0.040573852465203251 -0.025111631148882749 -0.010540849575555837 0.0060337862573539161 -0.0013409061781957303 -0.0022907147040446803 -0.0084417111167620993 -0.043356717728215553 -0.019697996780796104 0.017391131776401038 -0.051629088152110682 -0.030429523665842412 0.0079741649816690401 -0.004251086796019668 -0.011579790508769363 -0.019533253404696697 -0.0061281374880329288 -0.0193388193652731 -0.01836380383467151 -0.0096768845694468995 0.010775484832518254 0.005525107978892144 -0.017776713299673539 0.009534534084062362 0.010299508212382744 -0.0079672036228609407 0.0070120912050418861 0.0064999074376284344 -0.017666865140763148 -0.013959555547531833 0.01259201189920557 -0.0079119130034613853 0.0015714540909215779 -0.037151041343573436 0.014884078657955444
leaf_weight=5520 440 376 1307 144 3668 410 113 106 4500 129 29592 51929 2917 284 223 732 4967 302 9418 1085 674 1353 149 115 1250 1791 2506 676 3843 404 558 115 2449 279 1835 174 11305 3895 21905 107 209 1925 5872 4838 133 4009 479 1558 3898 1731 3118 1625 107 139 777 222 1506 12394 115 20708 26485 754 111 316 253 16373 153 170 212 3466 6831 2500 5946 6613 1052 109 10023 10691 152 7964 1544 567 309 531 3557 653 1016 1301 22563 1312 8252 1449 1398 20333 644 8627 2011 1038 705 515 580 218 991 1971 6309 1451 2537 9232 3981 815 5281 1347 17400 948 464 1653 1438 27978 3071 5064 443 974 4556 3027 487 489
leaf_count=5520 440 376 1307 144 3668 410 113 106 4500 129 29592 51929 2917 284 223 732 4967 302 9418 1085 674 1353 149 115 1250 1791 2506 676 3843 404 558 115 2449 279 1835 174 11305 3895 21905 107 209 1925 5872 4838 133 4009 479 1558 3898 1731 3118 1625 107 139 777 222 1506 12394 115 20708 26485 754 111 316 253 16373 153 170 212 3466 6831 2500 5946 6613 1052 109 10023 10691 152 7964 1544 567 309 531 3557 653 1016 1301 22563 1312 8252 1449 1398 20333 644 8627 2011 1038 705 515 580 218 991 1971 6309 1451 2537 9232 3981 815 5281 1347 17400 948 464 1653 1438 27978 3071 5064 443 974 4556 3027 487 489
internal_value=-0.00294408 -0.00272746 -0.00439674 -0.0639922 -0.00136218 0.00148344 -0.102365 -0.00350548 0.00448065 -0.0276298 -0.00332982 -0.00718109 -0.00575273 -0.0104634 -0.0193255 0.00441713 -0.00590876 -0.059131 -0.00169295 -0.000315993 -0.0409447 0.00740542 -0.0587863 -0.0763802 -0.0106125 -0.021723 -0.00992875 -0.00868057 0.00144655 -0.0140125 -0.0189532 -0.0281235 -0.0224153 -0.0562227 -0.00313593 -0.0331374 0.00268067 -0.00305972 0.00420984 0.00099627 -0.0358519 -0.000732734 0.000741625 0.00979825 -0.0519489 -0.00365398 -0.00756863 -0.000808666 0.00426619 -0.00247629 -0.0108573 -0.0208872 -0.000224349 0.00376635 -0.0104253 -0.0128868 -0.0172759 -0.0044385 -0.000148025 -0.00606788 0.00286039 -0.0078762 -0.0418051 0.00799887 -0.0793032 -0.0015828 -0.0641694 -0.0449673 0.0152979 -0.00948253 -0.0103075 -0.0155924 -0.0201349 -0.0164462 0.00137228 -0.104602 -0.0050424 0.00467866 0.00285966 -0.00465824 0.0190965 0.0161779 -0.0182693 0.00632651 -0.00467621 -0.00413327 -0.00801169 -0.0195613 -0.00833763 -0.00717941 -0.0107659 -0.0162618 -0.024541 -0.0101564 -0.00423828 -0.00581771 -0.0121239 -0.0199501 -0.028263 -0.0103654 -0.00364224 -0.0107244 -0.0182226 -0.00450184 -0.00133584 -0.00845965 -0.0143993 -0.00819612 -0.00998988 -0.00281205 -0.0138165 -0.00265341 0.00482218 -0.00830305 -0.00584756 0.0050017 -0.0164244 0.00600222 -0.000370917 -0.0119624 0.00462372 0.00473792 -0.00981569 -0.00244606 -0.0525008 -0.00454448
internal_weight=520112 518274 371145 1838 177608 147129 876 129944 47664 962 129536 193537 71807 22110 8898 76482 141209 408 70647 57729 1754 38134 517 373 52328 3041 49287 41367 38348 7144 4912 3534 2843 394 2232 397 42452 8926 33526 22221 316 63659 46277 6763 691 49697 89280 39514 9770 29744 6301 3183 23443 12824 6988 6211 4749 45688 12586 33102 28137 87148 250 445 475 20216 436 283 5732 38861 35395 10070 7570 7920 1462 224 10619 12574 10843 17382 5212 1652 593 4426 9669 9554 5997 1954 82181 55694 26487 12537 4285 33131 7734 13950 4508 2497 1459 4274 2304 1724 1970 13212 8280 6422 3181 25325 18494 9442 9262 3241 18132 1624 979 2132 2836 32402 4424 25397 1790 1378 4932 4043 1161 10512
internal_count=520112 518274 371145 1838 177608 147129 876 129944 47664 962 129536 193537 71807 22110 8898 76482 141209 408 70647 57729 1754 38134 517 373 52328 3041 49287 41367 38348 7144 4912 3534 2843 394 2232 397 42452 8926 33526 22221 316 63659 46277 6763 691 49697 89280 39514 9770 29744 6301 3183 23443 12824 6988 6211 4749 45688 12586 33102 28137 87148 250 445 475 20216 436 283 5732 38861 35395 10070 7570 7920 1462 224 10619 12574 10843 17382 5212 1652 593 4426 9669 9554 5997 1954 82181 55694 26487 12537 4285 33131 7734 13950 4508 2497 1459 4274 2304 1724 1970 13212 8280 6422 3181 25325 18494 9442 9262 3241 18132 1624 979 2132 2836 32402 4424 25397 1790 1378 4932 4043 1161 10512
cat_boundaries=0 2 4 6 8 10 12 14 16 17 19 21 23 24 25 27 29 31 33 34 35 36 37 38 40 42 44 46 47 49 51 52 54 56 57 59 61 62 63 64 65 67 68 70 72 73
cat_threshold=499530454 17578 303038466 8192 3272877174 32314 272629840 2 33604649 2048 281157634 1026 540672 64 135808 17448 1 1044 17410 1124343878 6154 2 1024 2 2 131714 1024 131718 1024 335546377 384 138611208 385 4 547356672 614465536 1 4 2564 16384 134220288 16384 0 2 524288 2048 17440 12716544 385 134217920 128 9 2684354560 4864 3145728 8533 3758620672 1048576 68 0 5 1 4202498 524288 10 524288 1 1056 536870912 512 33562624 4112 8388608
is_linear=0
shrinkage=0.03


Tree=28
num_leaves=127
num_cat=38
split_feature=0 40 5 5 31 5 5 5 11 5 2 11 5 5 2 5 0 27 0 21 25 36 5 0 23 0 21 47 5 47 5 25 48 47 5 25 0 0 27 25 25 27 5 0 27 0 27 5 5 26 3 0 25 45 0 0 0 0 3 0 11 0 5 0 0 5 0 2 5 25 11 0 5 27 0 25 0 25 5 27 0 25 48 0 5 27 2 5 27 11 5 25 0 0 0 5 27 3 5 0 3 27 23 0 0 25 5 21 47 21 30 27 25 23 25 5 27 0 0 3 25 27 11 27 27 5
split_gain=7121.62 3643.53 3411.35 2850.84 2197.26 1674.25 1291.88 1217.05 1091.95 1673.42 1408.62 904.555 817.282 773.373 645.696 631.688 1011.22 605.809 676.67 595.397 623.804 590.591 561.429 559.931 519.417 591.077 730.759 502.277 541.983 686.003 479.356 472.439 465.044 455.343 439.83 432.592 826.901 2181.41 798.105 633.23 586.944 671.601 429.374 427.773 715.751 666.757 482.624 479.412 420.401 395.183 393.231 390.898 571.681 380.395 369.86 538.825 364.513 362.626 644.237 356.439 356.17 340.789 1735.97 534.606 334.736 330.735 329.042 326.789 1142.69 865.519 414.668 471.724 363.017 438.654 537.556 450.871 404.861 362.11 358.906 825.278 348.428 323.03 339.782 342.694 336.75 321.103 316.859 441.874 315.477 345.542 310.848 306.962 303.035 1542.08 294.691 294.367 288.128 920.598 645.341 288.005 396.722 287.993 292.59 284.841 280.308 278.368 276.829 276.022 274.462 271.183 269.588 266.938 263.118 438.065 414.3 407.194 420.321 381.677 381.232 848.222 477.977 438.858 432.644 330.699 280.341 260.169
threshold=13030.000000000002 32.95000076293946 0 1 0.063124977052211775 2 3 4 0.2603727281093598 5 6 0.24372619390487674 7 8 9 10 325.00000000000006 0.16058247536420825 155.00000000000003 0.12880711257457736 50.500000000000007 6.5500001907348642 11 1715.0000000000002 0.035104382783174522 1410.0000000000002 0.042006649076938636 40.870000839233406 12 17.214999198913578 13 97.500000000000014 1.0000000180025095e-35 25.765000343322757 14 49.000000000000007 950.00000000000011 615.00000000000011 0.098019190132617964 38.500000000000007 51.500000000000007 0.055219287052750594 15 325.00000000000006 0.086274277418851866 615.00000000000011 0.053855204954743392 16 17 0.10922185331583024 18 1225.0000000000002 76.500000000000014 20.015000343322757 1715.0000000000002 2375.0000000000005 950.00000000000011 225.00000000000003 19 55.000000000000007 0.32613943517208105 155.00000000000003 20 90.000000000000014 155.00000000000003 21 1280.0000000000002 22 23 53.500000000000007 0.79383251070976268 1225.0000000000002 24 0.053263295441865928 325.00000000000006 113.00000000000001 715.00000000000011 75.500000000000014 25 0.086274277418851866 850.00000000000011 95.000000000000014 19.300000190734867 325.00000000000006 26 0.053263295441865928 27 28 0.15550526976585391 -0.24372956901788709 29 36.500000000000007 1280.0000000000002 1560.0000000000002 155.00000000000003 30 0.058846931904554374 31 32 155.00000000000003 33 0.098019190132617964 0.056448934599757201 2375.0000000000005 1560.0000000000002 16.500000000000004 34 0.059908211231231696 13.034999847412111 0.064643450081348433 0.073796268552541747 0.16058247536420825 77.500000000000014 0.07194120436906816 88.500000000000014 35 0.16352472454309466 325.00000000000006 325.00000000000006 36 83.500000000000014 0.051913643255829818 0.16799744963645938 0.058047603815793998 0.059393314644694335 37
decision_type=2 2 9 9 8 9 9 9 2 9 9 2 9 9 9 9 2 2 2 8 2 2 9 2 8 2 10 2 9 2 9 2 2 2 9 2 2 2 2 2 2 2 9 2 2 2 2 9 9 10 1 2 2 2 2 2 2 2 1 2 2 2 9 2 2 9 2 9 9 2 2 2 9 2 2 2 2 2 9 2 2 2 2 2 9 2 9 9 2 2 9 2 2 2 2 9 2 1 9 2 1 2 10 2 2 2 9 10 2 8 10 2 2 8 2 9 2 2 2 1 2 2 2 2 2 9
left_child=1 2 4 -2 7 31 19 65 22 10 96 30 21 -12 15 16 -14 18 -15 -5 53 32 57 33 34 107 -27 28 29 35 104 42 -4 -11 64 36 37 39 -39 -16 -37 50 51 46 -45 -46 47 -32 -13 95 -42 -3 -53 -21 -47 -56 -33 58 -6 -36 -44 62 -24 -64 -9 -1 67 68 69 70 71 -34 73 74 -69 81 78 -78 79 -74 -77 82 -75 -84 -85 -49 87 -50 89 -22 -65 -35 -23 -94 -52 -30 98 -98 -10 100 -43 102 -101 -63 -7 -18 -88 -26 110 -17 -97 -108 113 117 118 116 124 -111 120 -120 -114 122 -121 -123 -115 -8
right_child=3 5 12 6 8 11 125 24 9 23 13 48 14 17 27 109 105 -19 -20 20 88 92 61 -25 25 26 -28 -29 49 -31 43 56 66 91 59 40 -38 38 -40 -41 41 99 60 44 45 54 -48 85 86 -51 94 52 -54 -55 55 -57 -58 -59 -60 -61 -62 103 63 90 -66 -67 -68 72 -70 -71 -72 -73 76 75 -76 80 77 -79 -80 -81 -82 -83 83 84 -86 -87 106 -89 -90 -91 -92 -93 93 -95 -96 108 97 -99 -100 101 -102 -103 -104 -105 -106 -107 111 -109 -110 112 -112 -113 114 115 -116 -117 -118 -119 119 121 -122 123 -124 -125 -126 -127
leaf_value=0.023804077199500312 -0.13149054454833484 0.014294393997852282 0.0026723430925242662 -0.012020694197100751 0.019885521863731638 -0.0039019056707845037 -0.030561806738489503 -0.0041810226902960065 0.0045678895377770281 -0.00047147687594670636 -0.015601832333192725 -0.0013825135859719469 -0.0086137580447293947 -0.070125111177545579 -0.012849752062960067 0.004408627302226853 -0.040719343688688237 -0.11224631014286271 -0.025482587448500203 -0.067492145414435711 -0.044739515834384493 -0.0021617022925467301 -0.090624276979549501 -0.066678028913447637 0.0099589788882233441 -0.097230336921555652 -0.0088442222986220911 -0.00083353747494022828 0.012933213539010046 -0.0047488149635287391 0.0023424722695845916 -0.0067481220355975879 -0.092481890544113404 -0.0016420092241735611 0.010009090560803026 0.011761399874268592 0.0046884079371780569 -0.14252078277477317 -0.060155235124008527 -0.064394641041333939 -0.063853946728306216 0.015222396080068985 0.0065292240607235132 0.0093741511450200071 -0.059110086159613315 0.0016013188774034316 0.00062984305475174084 -0.013174080364809724 -0.02566092279649046 0.0043794722713873325 -0.0017158708985213638 0.011450028329396802 -0.050652924023036443 -0.0015400078769557733 -0.068182871533921482 -0.00078801659888770321 -0.061981962774298155 0.0077146246794283207 -0.0058865625944588872 -0.014790899251696563 -0.0049604893304282397 -0.0011895981077160664 0.010261272946774995 -0.015385659742248084 0.015511723431335143 0.011292036084700887 0.0053050681375798664 -0.017892670217889789 -0.0067416802032586685 -0.017323145777565923 -0.10190773633075878 -0.026810565099789664 0.0021163562437573552 -0.004435470481347464 0.0085456299323828835 0.0057998643125419386 -0.0056661674354363464 0.006211978982113852 -0.0045602702730095316 -0.030135737382634344 -0.034766698199570317 0.00096226688287538579 -0.027670182322517837 0.0017716045538623594 -0.013867431895551287 -0.039320393509039396 -0.0068162502895475641 0.011097569799550653 -0.13143434402505322 -0.11879522968046735 -0.0016062444065168574 -0.011686965562385233 -0.091992883663853914 0.004771112349940548 -0.043475410469248889 -0.004867261719783098 -0.026964743529119855 0.01188803946241852 -0.03353378283891293 -0.027647533103642843 -0.014453870637292345 0.00045073302885457859 -0.013170894848255432 -0.035303253349005262 0.016891941352648206 -0.10314329687660262 -0.027600892273674932 0.0030453113217175079 -0.014176480592766607 0.0090758826890615391 -0.017075171909572105 -0.0036079751820265469 -0.031054597101488654 0.022930061104564498 -0.0027097088453207161 -0.0051828080953904652 -0.031313391521573065 -0.045237824636885818 0.00080136685843483436 -0.073416736499855487 0.0038406376343643172 0.023390804572717139 -0.026137993057016973 -0.01874011685721453 0.003036366154430569 0.01242050980321968
leaf_weight=2873 402 9163 4824 169 1050 20017 187 1873 622 16008 726 3546 546 617 1130 2352 107 148 608 228 134 51792 211 127 8424 104 426 3772 464 3346 1112 910 127 4201 616 585 446 206 222 264 428 548 29042 13242 166 22326 9733 1153 436 1722 256 365 209 120 168 290 121 9987 5152 3380 2649 68393 1544 3452 1326 5854 1948 956 23674 5355 127 433 1281 5401 2500 232 3893 5677 21649 1612 1059 2470 1364 1448 8755 668 1307 851 168 100 2584 7863 202 549 374 7887 923 1351 1120 3155 1550 577 2093 220 600 168 2508 13569 11648 161 2051 501 1821 952 4811 21609 244 417 3083 252 438 189 566 1434 1927 342
leaf_count=2873 402 9163 4824 169 1050 20017 187 1873 622 16008 726 3546 546 617 1130 2352 107 148 608 228 134 51792 211 127 8424 104 426 3772 464 3346 1112 910 127 4201 616 585 446 206 222 264 428 548 29042 13242 166 22326 9733 1153 436 1722 256 365 209 120 168 290 121 9987 5152 3380 2649 68393 1544 3452 1326 5854 1948 956 23674 5355 127 433 1281 5401 2500 232 3893 5677 21649 1612 1059 2470 1364 1448 8755 668 1307 851 168 100 2584 7863 202 549 374 7887 923 1351 1120 3155 1550 577 2093 220 600 168 2508 13569 11648 161 2051 501 1821 952 4811 21609 244 417 3083 252 438 189 566 1434 1927 342
internal_value=-0.00279912 -0.00258904 -0.00398005 -0.0615389 -0.000689783 0.00196575 -0.0408519 0.00559327 -0.00259324 -0.00716439 -0.0213773 -0.000626943 -0.00633362 -0.0412699 -0.00869985 -0.00600977 -0.0318998 -0.0546105 -0.0480067 -0.0622969 -0.0744242 -0.00498714 -0.000899164 -0.00407262 0.00269636 0.00493889 -0.0263384 -0.011284 -0.0122989 -0.0167332 0.000540732 0.00676527 -0.00640167 -0.00378848 -0.00431957 -0.0201352 -0.0319164 -0.0408744 -0.100038 -0.0226506 -0.0173389 -0.0192355 0.00726618 0.00215933 0.00382038 0.000615618 -0.0025852 -0.0132507 -0.00949373 -0.00945566 -0.0416786 0.0127767 -0.0112111 -0.0448196 0.00105334 -0.025604 -0.0132842 0.00417407 -0.00152084 -0.010939 0.00556693 -0.00197444 -0.00792013 -0.00547953 0.0039716 0.0154359 -0.00688827 -0.00715821 -0.00972103 -0.0213614 -0.053078 -0.0418422 -0.00584903 -0.00866183 0.0012292 -0.010315 -0.00385264 0.00137996 -0.0058946 -0.0158043 -0.0274778 -0.0091738 -0.0106493 -0.01355 -0.0116599 -0.0226573 -0.0145974 -0.00146712 -0.0998773 -0.0767581 -0.00951611 -0.00818948 -0.00243627 -0.0213437 -0.0265361 -0.0105406 -0.010896 -0.00388694 -0.0201005 -0.0162337 -0.00669884 -0.0196661 -0.0218776 -0.00129949 -0.00329437 -0.0790902 -0.0184991 0.00569379 -0.0110466 -0.00547319 -0.00738819 -0.0235304 -0.00608791 -0.00432447 -0.00963125 -0.00372044 0.00639269 -0.0301194 -0.0139089 -0.00965992 -0.02429 -0.0228675 -0.0407749 -0.0138225 0.0096203 -0.00308666
internal_weight=519414 517564 396481 1850 165352 121083 1448 38445 126907 34314 6115 78624 231129 2099 83801 41077 821 1373 1225 919 750 147328 92593 28199 29718 22523 530 42724 38952 15180 69475 42459 94785 28072 7195 11834 2268 1822 428 1394 9566 8981 41428 48858 36192 22950 12666 2933 9149 23772 1058 9737 574 348 22784 458 1031 16189 6202 3996 31691 76404 7791 7580 3199 8727 89961 88013 29716 6042 687 560 58297 24185 3456 20729 34112 9570 24542 2893 1291 19438 16968 11567 10203 1821 5603 1287 402 234 6036 12064 52543 751 630 22050 4016 2274 1742 7923 2098 5825 5248 68613 20617 275 4316 21993 21586 40256 9938 3009 37904 25310 12594 24732 3123 578 7783 5524 2259 2441 818 1623 2879 529
internal_count=519414 517564 396481 1850 165352 121083 1448 38445 126907 34314 6115 78624 231129 2099 83801 41077 821 1373 1225 919 750 147328 92593 28199 29718 22523 530 42724 38952 15180 69475 42459 94785 28072 7195 11834 2268 1822 428 1394 9566 8981 41428 48858 36192 22950 12666 2933 9149 23772 1058 9737 574 348 22784 458 1031 16189 6202 3996 31691 76404 7791 7580 3199 8727 89961 88013 29716 6042 687 560 58297 24185 3456 20729 34112 9570 24542 2893 1291 19438 16968 11567 10203 1821 5603 1287 402 234 6036 12064 52543 751 630 22050 4016 2274 1742 7923 2098 5825 5248 68613 20617 275 4316 21993 21586 40256 9938 3009 37904 25310 12594 24732 3123 578 7783 5524 2259 2441 818 1623 2879 529
cat_boundaries=0 2 4 6 8 10 12 13 15 16 17 18 20 22 24 25 27 29 31 32 33 34 36 37 39 41 42 44 45 46 47 48 49 50 51 53 55 56 58
cat_threshold=2647079638 170 268435458 8192 1090792566 31786 35127296 4 272760912 2 272837122 2 6 1613758464 30469 4260352 10 1 262214 2 525344 2048 4898824 196 14340 262164 16386 346034304 512 674762881 337 2 2 131072 0 2 9 0 20992 3145728 8197 536870912 0 1 2 82432 14976 1 2 4333568 2 2147566080 128 32800 64 2 536870912 2048
is_linear=0
shrinkage=0.03


Tree=29
num_leaves=127
num_cat=18
split_feature=0 48 21 4 25 25 45 25 21 8 28 25 4 26 0 25 33 2 0 2 31 25 12 36 48 25 22 0 38 0 0 22 48 0 20 20 29 2 28 31 0 26 23 4 31 0 0 21 22 31 31 48 31 0 0 22 31 0 0 26 22 2 22 31 23 0 25 25 0 4 4 0 0 23 21 0 4 25 48 4 25 25 24 22 12 41 0 25 25 4 0 0 0 0 25 25 25 25 25 23 45 25 4 0 25 25 4 23 23 0 0 4 25 0 25 25 0 25 25 25 0 25 21 4 4 4
split_gain=7130.07 3376.83 2649.59 1217.56 1079.18 930.145 1105.13 1050.16 932.546 911.802 784.907 724.602 797.506 662.999 655.748 669.853 625.186 507.22 474.516 444.35 422.876 389.324 379.795 491.322 427.444 365.643 371.309 357.551 335.153 317.45 418.914 310.981 309.3 294.326 285.908 293.44 276.183 266.592 264.736 303.184 248.445 235.807 811.064 254.325 456.342 530.304 308.252 344.512 252.152 228.269 253.226 215.223 215.131 295.948 212.874 222.844 210.53 203.072 3468.43 279.882 271.439 238.1 232.146 201.541 200.448 193.093 191.867 477.452 191.24 456.899 182.619 207.454 178.645 178.614 175.45 295.286 174.393 530.655 174.042 168.36 262.028 177.638 178.15 164.67 161.479 160.012 530.225 210.787 183.247 218.785 588.64 310.661 1763.7 290.635 300.801 172.699 161.368 165.235 227.842 159.869 159.805 159.621 157.856 284.757 354.892 751.792 156.384 263.42 156.259 155.536 258.155 215.812 717.248 296.229 337.455 289.418 164.326 171.299 405.196 223.815 153.958 152.629 152.555 149.231 148.631 178.067
threshold=13030.000000000002 0.7500000298023225 0.090277068316936507 0 7.5000000000000009 73.500000000000014 17.335000038146976 50.500000000000007 0.13383229821920398 5.5000000000000009 0.10205337032675744 35.500000000000007 1 0.07184594497084619 325.00000000000006 23.500000000000004 6.7500000000000009 2 1715.0000000000002 3 0.048018604516983039 90.500000000000014 -0.9711191952228545 7.1500000953674325 6.9500000476837167 16.500000000000004 -0.049133053049445145 225.00000000000003 30.250000000000004 1715.0000000000002 2125.0000000000005 -0.31997531652450556 68.849998474121108 45.000000000000007 73.500000000000014 106.50000000000001 0.11490825563669206 4 0.07945530861616136 0.052017748355865485 27950.000000000004 0.13882523775100711 0.12977331131696704 5 0.0743275322020054 155.00000000000003 325.00000000000006 0.119902141392231 -0.044815719127655022 0.048095963895320899 0.050817217677831657 470.15000915527349 0.09356460347771646 615.00000000000011 1225.0000000000002 -0.068457558751106248 0.046168554574251182 950.00000000000011 715.00000000000011 0.053841989487409599 0.053342131897807128 6 0.33697864413261419 0.04702571593225003 0.11144557595252992 1255.0000000000002 68.500000000000014 72.500000000000014 950.00000000000011 7 8 155.00000000000003 615.00000000000011 0.086187265813350691 0.050048705190420158 1560.0000000000002 9 38.500000000000007 1.0000000180025095e-35 10 10.500000000000002 22.500000000000004 0.95265766978263866 -2.3023446202278133 -0.9711191952228545 49.500000000000007 550.00000000000011 69.500000000000014 96.500000000000014 11 1225.0000000000002 425.00000000000006 615.00000000000011 715.00000000000011 107.50000000000001 75.500000000000014 99.000000000000014 101.50000000000001 100.50000000000001 0.12977331131696704 21.57499980926514 31.500000000000004 12 325.00000000000006 14.500000000000002 16.500000000000004 13 0.10777157172560693 0.039869789034128196 550.00000000000011 325.00000000000006 14 38.500000000000007 950.00000000000011 40.500000000000007 18.500000000000004 1560.0000000000002 25.500000000000004 30.500000000000004 37.500000000000007 1280.0000000000002 82.500000000000014 0.14783938229084018 15 16 17
decision_type=2 2 8 9 2 2 2 2 8 2 10 2 9 10 2 2 2 9 2 9 10 2 2 2 2 2 10 2 2 2 2 10 2 2 2 2 8 9 10 10 2 10 10 9 10 2 2 10 10 10 10 2 10 2 2 10 10 2 2 10 10 9 10 10 10 2 2 2 2 9 9 2 2 10 10 2 9 2 2 9 2 2 2 10 2 2 2 2 2 9 2 2 2 2 2 2 2 2 2 10 2 2 9 2 2 2 9 10 10 2 2 9 2 2 2 2 2 2 2 2 2 2 10 9 9 9
left_child=1 16 3 20 -2 7 8 11 -7 10 18 12 -6 17 15 32 21 31 27 49 56 78 -16 24 100 -19 -27 66 33 37 -31 -5 79 -17 -10 -36 54 101 -21 63 -13 43 68 44 108 -46 47 -47 64 106 -51 -33 57 122 55 -29 -3 58 59 61 -61 -50 73 74 -45 84 76 123 69 -43 -34 -72 -71 -59 75 83 77 -4 -1 80 -11 82 -81 -40 -39 86 -26 120 -89 90 -90 -91 -93 94 96 -88 -94 98 -98 -22 -24 102 103 -18 -105 -106 -15 -108 -12 110 121 112 115 114 -114 -111 117 -113 -119 -120 -87 -38 -54 -68 -112 -126
right_child=4 2 9 13 5 6 -8 -9 34 14 41 40 -14 19 22 28 29 25 -20 38 99 -23 23 -25 85 26 -28 36 -30 30 -32 51 70 -35 35 -37 109 65 39 -41 -42 42 -44 48 45 46 -48 -49 52 50 -52 -53 53 -55 -56 -57 -58 62 -60 60 -62 -63 -64 -65 -66 -67 67 -69 -70 72 71 -73 -74 -75 -76 -77 -78 -79 -80 81 -82 -83 -84 -85 -86 87 95 88 89 91 -92 92 93 -95 -96 -97 97 -99 -100 -101 -102 -103 -104 104 105 -107 107 -109 -110 111 124 116 113 -115 -116 -117 -118 118 119 -121 -122 -123 -124 -125 125 -127
leaf_value=0.0030733462751616836 0.013251290968147731 0.014550799944497412 -0.061859081591090818 0.010130107512115639 -0.13330984486852374 0.0094139292456496219 0.024192954509535097 -0.14718800289043482 -0.047157977890530861 -0.023605046568020382 -0.024706535138119056 -0.05818875285929867 -0.054491988681256771 -0.0028491578625131769 0.0023046023942080054 0.016749865502889854 0.0066063172036228933 0.012221710785377298 -0.065806465400416139 0.0046669865089592286 0.0075763749137565464 -0.0083184578759475779 -0.0031466744969871831 9.6532465164460583e-05 0.0028035335718995498 -0.0083350056659611434 -0.00023268250750757606 -0.025489010716907116 -0.003286727950512987 -0.06436370364732022 -0.00030304899223504916 -0.0014087574554310805 0.016827204169312059 -0.0088051678724060424 -0.13449143972221789 -0.067051493763923636 -0.011845599372158422 -0.00062276117471577635 0.02271989964655716 4.3994948201810356e-05 -0.0063729051533919657 -0.0035079430025155085 -0.042182309561633859 -0.0073907925894508668 -0.078472966146469106 0.0042505280686438917 -0.0097455272710086308 -0.033131655356200509 0.014621761171603791 -0.00727746843716003 0.0041583380448248167 -0.042448823648272078 0.021017341963090897 -0.011833172807802678 -0.051807164937807744 0.015254249158315362 0.029649741029588367 -0.022882696039353806 -0.15743731086904353 -0.019580022315400295 -0.0026480310751452107 -0.0044757020166451304 -0.016191603679069858 -0.01832287217006234 -0.021566204142070985 0.018836629991454891 -0.020151072760503139 -0.007366719543726908 -0.0034041295089250051 0.024306107104963524 -0.016115341003893932 0.0065501151583748848 0.0070608727570157315 0.0037010739695558007 0.0027837940611721234 -0.056235764902085067 -0.012707710906963966 -0.00035138595415489925 -0.00062730324420391052 0.012231318574087614 0.0062781695051163837 0.017162364632630534 -0.0074015556172595766 -0.01248393876338399 0.0039368718503385641 -0.006264179374987521 -0.0090147507948298896 -0.00095492447151187155 -0.0089785601455909664 0.0088286850143079066 -0.061815794982248914 -0.1197793513033539 0.0043988704424012788 -0.0026112014617120385 0.0071205654258699354 -0.017856397597064953 -0.018187575800931079 -0.020765856416685467 -0.07403698837122237 -0.013610133972062736 0.0028766845344802314 0.0092726429472044184 0.0070515603403338845 0.015595083896673339 -0.094082766946624305 -0.0091031011045993402 0.0065305012338232578 0.017654313559353516 -0.0054980585147468833 -0.021862039607260707 0.0069412512828759413 -0.0010909643884902207 -0.045701213351460358 0.0036031010418085775 0.0047154153653623373 -0.059207060382666314 0.0087916950640863269 -0.037912386754026806 0.0012261192618404514 -0.010925063605824533 0.0081042532943339813 0.020510674787892234 -0.0078631842571453454 -0.05437039706625664 0.011210163230519049 -0.0064584575024551321
leaf_weight=16930 157 2397 253 3567 244 116 173 206 108 293 394 223 223 1085 11983 408 723 1038 139 4335 3703 4842 6975 30482 3087 17287 7215 625 13497 138 271 2765 1192 50790 142 104 4821 9153 136 6233 133 3152 434 5568 124 269 2745 1260 1320 2116 9856 119 412 3960 208 149 1275 233 131 1084 3972 1048 610 1707 1070 692 154 539 8401 926 440 2066 1300 8167 1283 127 4617 251 35252 442 2595 304 6843 943 29581 39308 7368 20298 2172 1567 207 119 164 11777 382 2725 124 813 141 350 9181 12732 2143 169 135 302 8311 2490 10957 337 1372 1886 293 912 201 423 443 475 1498 15257 682 134 273 468 585 4144
leaf_count=16930 157 2397 253 3567 244 116 173 206 108 293 394 223 223 1085 11983 408 723 1038 139 4335 3703 4842 6975 30482 3087 17287 7215 625 13497 138 271 2765 1192 50790 142 104 4821 9153 136 6233 133 3152 434 5568 124 269 2745 1260 1320 2116 9856 119 412 3960 208 149 1275 233 131 1084 3972 1048 610 1707 1070 692 154 539 8401 926 440 2066 1300 8167 1283 127 4617 251 35252 442 2595 304 6843 943 29581 39308 7368 20298 2172 1567 207 119 164 11777 382 2725 124 813 141 350 9181 12732 2143 169 135 302 8311 2490 10957 337 1372 1886 293 912 201 423 443 475 1498 15257 682 134 273 468 585 4144
internal_value=-0.00276297 -0.00255406 -0.00383447 0.00112019 -0.0618751 -0.0689332 -0.0405309 -0.0866245 -0.0643556 -0.00502354 -0.00744434 -0.0713051 -0.0958699 -0.000116933 -0.003985 -0.00619841 0.0020297 -0.00331091 -0.0106647 0.00252869 0.0124271 -0.000181776 -0.00281769 -0.00326388 -0.00422037 -0.00520826 -0.00594926 -0.0104717 -0.00749253 0.00428002 -0.0220219 0.00420206 -0.000291897 -0.0086012 -0.088487 -0.106367 -0.00924838 0.00447379 -0.00156218 -0.00415314 -0.0389027 -0.00520569 -0.00184982 -0.00629967 -0.00934657 -0.0175498 -0.0157643 -0.0265565 -0.00457627 0.00505872 0.00213667 -0.00311628 -0.00297901 -0.00868393 -0.0249193 -0.0176361 0.0198001 -0.00137886 -0.00500594 -0.00229537 -0.00628138 0.00621435 0.00166272 -0.0103863 -0.00967868 0.00313953 -0.0170438 -0.0280561 -0.000576494 0.00384038 0.00716601 0.00256571 0.0142425 0.00296105 -0.00493815 -0.0131486 -0.0145422 -0.0312886 0.000573376 -0.0029247 0.00323927 -0.00527052 -0.00620886 -0.00802983 0.00285942 -0.00501926 -0.00807594 -0.00450103 -0.00289353 -0.00514628 -0.0136 -0.00381243 -0.00527811 -0.00425249 -0.0161459 -0.0114034 -0.0233019 -0.0275163 -0.0480703 0.00574389 0.000276197 0.00771309 0.00201531 -0.00610478 -0.0212559 -0.0355103 0.00800574 0.00909632 -0.00616691 -0.00877819 -0.00588056 -0.0102525 -0.0192373 -0.00653448 -0.0252195 -0.042698 -0.00925655 -0.00967524 -0.0106148 -0.00983866 -0.00601894 -0.0109666 0.00951261 -0.045944 -0.00174874 -0.00427086
internal_weight=519649 517820 404757 78338 1829 1672 643 1029 470 326419 97994 823 467 70613 228425 78870 113063 31991 40184 38622 7725 57024 149555 137572 107090 25540 24502 40045 64695 56039 409 6451 14175 51198 354 246 33763 55630 14764 10429 356 57810 14213 43597 15749 4398 4274 1529 27848 23858 11972 2884 21210 4645 982 774 3672 16565 7555 7424 5056 2368 9010 4196 6638 39426 6282 1161 13779 5378 3698 2506 2226 8400 2489 1206 5121 504 52182 10477 2888 7589 7285 1079 38734 90934 13180 77754 37764 17466 2379 15087 13520 13401 1624 10093 1242 1078 265 4053 16156 16204 3472 1329 606 437 11886 10801 11351 32781 11056 21725 2166 1406 494 760 19559 19116 17230 16755 39990 4955 685 622 6101 4729
internal_count=519649 517820 404757 78338 1829 1672 643 1029 470 326419 97994 823 467 70613 228425 78870 113063 31991 40184 38622 7725 57024 149555 137572 107090 25540 24502 40045 64695 56039 409 6451 14175 51198 354 246 33763 55630 14764 10429 356 57810 14213 43597 15749 4398 4274 1529 27848 23858 11972 2884 21210 4645 982 774 3672 16565 7555 7424 5056 2368 9010 4196 6638 39426 6282 1161 13779 5378 3698 2506 2226 8400 2489 1206 5121 504 52182 10477 2888 7589 7285 1079 38734 90934 13180 77754 37764 17466 2379 15087 13520 13401 1624 10093 1242 1078 265 4053 16156 16204 3472 1329 606 437 11886 10801 11351 32781 11056 21725 2166 1406 494 760 19559 19116 17230 16755 39990 4955 685 622 6101 4729
cat_boundaries=0 1 2 3 4 5 6 7 8 9 10 11 12 13 14 15 16 17 18
cat_threshold=2 4 4 6 2 1 2 1 2 2 1 1 1 4 2 1 4 2
is_linear=0
shrinkage=0.03


Tree=30
num_leaves=127
num_cat=14
split_feature=0 46 30 31 11 44 11 39 3 30 0 27 2 31 4 23 0 0 27 30 0 4 27 36 0 31 33 2 27 27 2 26 0 0 32 27 0 23 26 30 48 29 22 0 27 3 22 27 28 27 27 0 30 27 27 27 27 22 31 31 0 26 32 44 47 4 27 4 27 43 0 32 39 0 27 31 26 33 39 27 36 27 0 0 0 4 45 48 47 3 27 0 0 0 26 31 26 0 31 0 0 48 39 44 48 0 28 29 0 33 23 0 4 27 0 27 4 22 4 27 27 48 27 0 30 22
split_gain=6454.53 3349.21 2241.08 1796.36 1353.2 1064.79 999.097 857.093 663.882 628.443 602.445 594.796 554.349 539.817 531.52 504.396 495.398 668.108 480.62 470.306 465.982 504.983 436.419 433.899 396.598 396.194 333.88 332.348 317.083 306.671 300.99 434.665 511.32 298.75 286.128 279.434 701.693 1151.81 301.466 296.224 273.453 264.325 338.112 261.26 252.358 246.002 237.783 277.833 244.848 234.103 224.163 222.562 258.442 214.46 211.19 207.989 245.18 203.528 200.738 200.063 246.036 197.985 315.213 194.937 187.824 187.089 183.355 180.08 294.183 198.969 196.058 179.876 177.195 168.188 173.959 168.129 164.592 161.876 161.075 159.63 158.82 157.783 173.355 332.573 201.991 167.572 180.839 156.133 228.148 155.457 169.876 154.927 154.072 658.184 152.744 148.128 160.3 146.063 143.225 330.455 377.581 185.057 142.322 141.802 140.962 140.74 201.452 140.017 138.672 137.717 136.027 133.3 249.648 528.672 2271.56 489.887 339.349 200.396 147.069 251.908 358.76 231.127 136.819 129.845 126.902 125.944
threshold=13030.000000000002 3.3142858743667607 0.088881377130746855 0.048095963895320899 0.46800856292247778 0.1094999983906746 0.24372619390487674 12.50000047683716 0 0.065987627953290953 325.00000000000006 0.059944719076156623 1 0.075905904173851027 2 0.10078860074281694 1715.0000000000002 1940.0000000000002 0.058846931904554374 0.19365485012531283 1715.0000000000002 3 0.1575826704502106 7.9499998092651376 1255.0000000000002 0.050979804247617728 6.7500000000000009 4 0.084925193339586272 0.16058247536420825 5 0.31826256215572363 1560.0000000000002 325.00000000000006 0.15983111411333087 0.055219287052750594 475.00000000000006 0.056448934599757201 0.33979515731334692 0.32892858982086187 0.15000000223517421 0.14747717231512072 -0.021180894225835797 1560.0000000000002 0.1045757830142975 6 -0.36799480020999903 0.055219287052750594 0.10869485884904863 0.16058247536420825 0.1688736900687218 1225.0000000000002 0.13557506352663043 0.11368945986032487 0.051913643255829818 0.08212983608245851 0.051913643255829818 -2.3023446202278133 0.027711354196071628 0.0743275322020054 1225.0000000000002 0.049242068082094199 0.12134090811014177 0.10649999976158143 13.445000171661379 7 0.16058247536420825 8 0.060448419302701957 3.7549999952316289 45.000000000000007 0.23425994068384173 8.2000002861022967 950.00000000000011 0.089248880743980422 0.024274144321680072 0.012901313602924349 8.5500001907348651 14.899998664855959 0.08212983608245851 7.4499998092651376 0.059944719076156623 1280.0000000000002 1410.0000000000002 1840.0000000000002 9 17.554999351501468 84.700000762939467 9.5949997901916522 10 0.058846931904554374 61.500000000000007 1280.0000000000002 1410.0000000000002 0.044911826029419906 0.058825369924306876 0.10159557685256006 10450.000000000002 0.072036866098642363 1225.0000000000002 950.00000000000011 123.50000000000001 7.9999997615814218 0.21149999648332599 17.250000000000004 90.000000000000014 0.049131806939840324 0.14372155070304873 225.00000000000003 10.049999237060549 0.0301526477560401 950.00000000000011 11 0.086274277418851866 475.00000000000006 0.10945477336645128 12 -0.03051067795604467 13 0.11368945986032487 0.12240357697010042 55.750000000000007 0.064750330522656455 1255.0000000000002 0.081094883382320418 -0.51092293858528126
decision_type=2 2 10 10 2 2 2 2 1 8 2 2 9 10 9 10 2 2 2 10 2 9 2 2 2 10 2 9 2 2 9 10 2 2 10 2 2 10 10 10 2 10 10 2 2 1 10 2 10 2 2 2 10 2 2 2 2 10 8 10 2 10 10 2 2 9 2 9 2 2 2 10 2 2 2 10 10 2 2 2 2 2 2 2 2 9 2 2 2 1 2 2 2 2 10 10 10 2 10 2 2 2 2 2 2 2 10 10 2 2 8 2 9 2 2 2 9 8 9 2 2 2 2 2 10 10
left_child=1 2 4 14 10 22 11 15 19 41 13 18 58 28 34 25 24 -18 33 46 21 29 40 45 26 50 -13 89 61 123 75 110 57 78 -4 38 37 65 -21 -39 -2 42 105 53 -44 81 47 -5 55 54 102 91 -53 59 76 56 -48 -33 -11 94 -61 62 67 66 107 -37 -29 68 87 70 -69 -27 -35 74 -56 -16 103 -20 -3 -38 -50 85 111 -84 -85 -12 -87 88 -1 -8 -91 -10 -82 -94 -23 -93 -97 -19 -81 100 -100 -102 -7 -47 -71 -6 -107 -60 -90 -28 -32 112 115 116 -115 117 -114 -83 119 -113 121 -121 -118 -14 -64 -36
right_child=5 6 3 8 9 7 27 -9 51 12 23 16 20 -15 30 -17 17 97 77 35 -22 43 -24 -25 -26 71 109 63 -30 -31 31 32 -34 72 125 36 79 39 -40 -41 -42 -43 44 -45 -46 49 48 -49 80 -51 -52 52 -54 -55 73 -57 -58 -59 64 60 -62 -63 124 -65 -66 -67 -68 69 -70 104 -72 -73 -74 -75 -76 -77 -78 -79 -80 98 92 82 83 84 -86 86 -88 -89 108 90 -92 95 93 -95 -96 96 -98 -99 99 -101 101 -103 -104 -105 -106 106 -108 -109 -110 -111 -112 118 113 114 -116 -117 122 -119 -120 120 -122 -123 -124 -125 -126 -127
leaf_value=0.012394931361734161 -0.073595338652008457 -0.0063577021835507482 0.02630647422039355 -0.0088551038126152386 0.01654490919060525 -0.070306061146107116 0.0046989805296114009 0.003806652569774552 -0.03505679447728393 0.010722830335849646 0.0051123310685647749 -0.00096406055758547593 -0.019763896664755289 -0.033520073987509252 0.017536477370593696 -0.11699604972384192 -0.084645872346379533 -0.021543781742448774 0.0065479964915120085 0.019410413447491993 -0.065895561990364282 -0.017447377563992211 -0.03878713097619383 0.00014335794699796392 0.01559525273672243 0.013157070063586745 0.0017755661189494576 -0.015042055059659273 -0.013455980834610935 -0.0023875260513617292 -0.0047055555783727032 0.022893331775069237 -0.069589157920459221 -0.019288662411854601 0.0023520977738190644 0.042902874745944938 0.0085135175362275259 -0.051441951306729482 -0.00067359562150678747 -0.1222864843026093 -0.1220335844149355 0.0079671089374892465 0.0038860887481374988 0.0095091975104063756 -0.034139737811212129 -0.030473760132462228 0.0083467012443867606 -0.045562943897944186 -0.0060342097277933052 -0.019970702482858978 -0.10172879902346262 -0.062628831316213135 -0.0051903389096019208 -0.030161184138416095 -0.00048677940873996533 0.013424486484058121 -0.0033550905766022722 -0.014831496314134751 -0.012714397933999555 -0.059391022258334689 -0.0067142354173120112 -0.016400503484618672 0.00380653626280694 -0.0034748135201416526 -0.0081034907093262363 -0.013927848591055307 -0.00055103554427839282 0.013283259113680718 0.010290302141741967 -0.00014813075735799075 -0.0072272289693106635 -0.041009250964495189 0.0080111595390867183 -0.0031146962051285957 0.007431845185164856 0.0060438622276399621 -0.048470467512078327 0.012259383594919258 0.0017700322171125759 0.0027414457236142882 -0.0018332013951222294 0.01219128448909516 0.044490709450230537 0.0073354311493710363 -0.01520308016270616 -0.0046960633255422185 0.0051776427781825476 -0.013350496100763522 -0.026604286333325729 -0.01899838988197209 0.010062892445876753 -0.0074667233414063561 -0.076208015788685177 0.0015735329524859001 -0.00039016808054684272 -0.050863205059186407 -0.01543271517171573 0.0085182328656307812 -0.0045788598754765526 0.0017998993826016496 -0.031760866211146335 -0.081845946826114513 -0.038996359882424177 -0.00026913481444934025 -0.0083872481793746435 -0.024209908001086054 -0.0075779808782343401 -0.030020159465264595 -0.0029520726077645388 0.0057453097008014322 0.0048466124398728041 -0.0033989868815124725 0.0085075969430416926 -0.13434175637790136 -0.012444296702146617 0.0070479363198400853 -0.01660480281212575 -0.0082716599325042064 -0.0034898264208109869 -0.047325872412609951 -0.0093186949711673902 -0.011101410711787387 0.0024805376656341217 0.01109123817193357 -0.01426147098398855 0.014540352885208394
leaf_weight=801 170 4467 1473 768 197 234 2674 273 268 484 2584 46182 1647 650 1251 109 131 387 16947 1685 160 9239 113 30453 1667 111 35565 5132 4921 3813 1740 149 144 223 1141 100 2737 115 1119 102 304 1595 3720 299 163 202 2166 244 19437 552 100 182 115 1338 5677 1115 6285 909 1637 215 127 1492 4159 3003 29928 107 928 422 1579 6997 51632 108 4814 6756 4456 13536 115 6067 4312 5169 19991 450 165 1084 533 11299 1958 1339 278 586 261 2161 131 379 498 151 478 232 418 1452 201 100 308 450 2549 719 7345 567 1115 10098 5851 6103 1794 139 8029 2690 1073 9642 34273 401 4261 263 493 132 381 2305
leaf_count=801 170 4467 1473 768 197 234 2674 273 268 484 2584 46182 1647 650 1251 109 131 387 16947 1685 160 9239 113 30453 1667 111 35565 5132 4921 3813 1740 149 144 223 1141 100 2737 115 1119 102 304 1595 3720 299 163 202 2166 244 19437 552 100 182 115 1338 5677 1115 6285 909 1637 215 127 1492 4159 3003 29928 107 928 422 1579 6997 51632 108 4814 6756 4456 13536 115 6067 4312 5169 19991 450 165 1084 533 11299 1958 1339 278 586 261 2161 131 379 498 151 478 232 418 1452 201 100 308 450 2549 719 7345 567 1115 10098 5851 6103 1794 139 8029 2690 1073 9642 34273 401 4261 263 493 132 381 2305
internal_value=-0.00270077 -0.00250178 -0.0039984 -3.80612e-05 -0.0053612 -0.0589274 0.00139099 -0.0431426 -0.00271554 -0.00919549 -0.00421876 0.0021661 -0.0107547 -0.0063145 0.00627299 -0.0563464 0.00090294 -0.0233655 0.00539889 -0.00203162 -0.0150718 -0.0146069 -0.0922224 -0.00301096 0.00109783 -0.0485416 0.000834532 -0.00668311 -0.00608638 -0.00718788 0.00440135 1.92117e-06 -0.0167524 0.000975683 0.0152423 0.00298629 0.000739294 -0.0370207 0.011398 -0.0851503 -0.104853 -0.00351138 -0.0050195 -0.0181471 0.00228147 -0.00392196 -0.00335328 -0.0177419 -0.00305878 -0.000750185 -0.0604143 -0.0157211 -0.0404804 -0.0188721 -0.000148175 0.00125211 -0.000355277 -0.00950204 -0.00843493 -0.0173707 -0.0399064 -0.00558767 -0.00536102 -0.00971579 -0.00872645 0.0136009 -0.0128234 -0.00588155 -0.000470831 -0.00633056 -0.0070607 -0.0136201 0.00679894 0.000551439 0.00299584 0.00701253 -0.015534 0.00805411 -0.00236584 0.0023316 -0.00409134 -0.00458397 -0.00518497 0.0040527 -9.85797e-05 -0.00187521 -0.00323748 -0.00528184 -0.000353701 0.00114785 -0.010042 -0.013304 -0.00224909 -0.0185157 -0.0165751 -0.0112026 -0.0240055 -0.010281 2.55892e-05 -0.00643896 -0.0230565 -0.0486163 -0.0526184 -0.00965935 -0.00234881 -0.00845111 -0.00906373 -0.0171781 -0.00768803 0.00265355 0.00265674 -0.0054215 -0.00721369 -0.0104148 -0.0145349 -0.00432601 -0.000397809 -0.0073581 -0.00445962 -0.00747298 -0.0125197 -0.0330162 -0.0105987 -0.0174695 0.00228745 0.0105066
internal_weight=519214 517384 373708 95675 278033 1830 143676 1243 67176 63823 214210 131092 50084 78315 28499 970 94262 750 36830 63821 17468 17308 587 135895 93512 861 91845 12584 77665 5592 23580 8793 1202 13816 4919 13305 10501 424 2804 217 474 13739 12144 11716 3883 105442 50516 1012 49504 18208 642 3355 297 11417 17656 9566 8451 1058 32616 10079 342 72744 71252 9063 32132 207 6060 66712 5112 61600 52054 219 5037 16889 10133 14787 767 23014 8779 10077 39938 87234 71393 1782 1617 15841 13257 3533 2194 3521 847 3058 20501 510 9737 2790 629 619 7340 2171 719 301 542 652 9546 8261 8064 2204 1393 45663 7591 69611 24310 11528 8168 12782 3360 10092 45301 11028 4925 664 1566 1779 4540 3446
internal_count=519214 517384 373708 95675 278033 1830 143676 1243 67176 63823 214210 131092 50084 78315 28499 970 94262 750 36830 63821 17468 17308 587 135895 93512 861 91845 12584 77665 5592 23580 8793 1202 13816 4919 13305 10501 424 2804 217 474 13739 12144 11716 3883 105442 50516 1012 49504 18208 642 3355 297 11417 17656 9566 8451 1058 32616 10079 342 72744 71252 9063 32132 207 6060 66712 5112 61600 52054 219 5037 16889 10133 14787 767 23014 8779 10077 39938 87234 71393 1782 1617 15841 13257 3533 2194 3521 847 3058 20501 510 9737 2790 629 619 7340 2171 719 301 542 652 9546 8261 8064 2204 1393 45663 7591 69611 24310 11528 8168 12782 3360 10092 45301 11028 4925 664 1566 1779 4540 3446
cat_boundaries=0 1 2 3 4 5 6 7 8 9 10 11 12 13 14
cat_threshold=2 6 2 4 2 6 2 4 2 4 2 1 4 1
is_linear=0
shrinkage=0.03


Tree=31
num_leaves=127
num_cat=43
split_feature=0 5 46 5 26 5 5 2 5 27 5 2 5 5 5 0 5 0 31 2 5 5 0 27 4 4 25 21 5 25 25 27 47 27 25 0 5 25 0 21 25 0 25 25 5 0 0 3 45 5 25 27 27 0 26 5 23 27 25 45 0 5 27 27 25 27 27 45 0 0 4 31 27 5 0 5 5 0 25 48 0 27 0 23 4 0 23 5 27 27 5 27 25 25 20 21 5 5 0 25 3 0 3 3 23 25 27 5 45 5 0 20 0 3 0 5 0 0 5 5 47 0 34 21 0 5
split_gain=6215.25 3242.06 2583.12 2443.91 1588.27 1572.54 1174.12 1120.71 1129.75 1025.33 987.038 971.391 963.832 956.817 715.207 698.385 602.102 903.623 580.933 510.452 1378.35 850.52 967.204 1008.22 845.862 611.722 549.934 544.289 502.399 501.206 464.23 450.423 808.947 697.671 663.002 473.979 919.531 756.41 446.049 441.277 525.982 426.311 425.304 422.25 721.758 464.683 2227.55 582.472 444.465 418.614 564.284 439.158 405.371 404.907 707.126 404.777 811.282 400.734 398.632 396.312 387.394 685.09 546.89 425.271 381.554 575.546 499.365 374.088 424.255 3117.26 420.159 377.272 368.455 469.402 364.328 521.544 393.179 751.057 520.653 390.845 375.922 347.932 345.952 565.368 492.916 345.923 1383.42 343.227 536.86 339.91 463.343 336.245 335.562 495.935 334.125 331.77 320.663 319.927 1143.24 969.348 318.438 316.497 849.81 397.582 359.419 316.292 315.197 833.178 1078.98 649.937 550.905 442.947 418.163 1466.9 339.07 387.567 323.439 314.407 322.578 312.229 310.997 310.695 309.607 304.025 298.203 364.712
threshold=13030.000000000002 0 4.4285719394683847 1 0.13882523775100711 2 3 4 5 0.064750330522656455 6 7 8 9 10 6250.0000000000009 11 325.00000000000006 0.034133037552237518 12 13 14 325.00000000000006 0.059944719076156623 15 16 65.500000000000014 0.063850197941064848 17 77.500000000000014 117.50000000000001 0.058047603815793998 18.035000801086429 0.060448419302701957 69.500000000000014 325.00000000000006 18 114.50000000000001 55.000000000000007 0.12880711257457736 50.500000000000007 90.000000000000014 84.500000000000014 58.500000000000007 19 950.00000000000011 850.00000000000011 20 22.095000267028812 21 69.500000000000014 0.08212983608245851 0.15550526976585391 1560.0000000000002 0.33701615035533911 22 0.12977331131696704 0.05270845256745816 59.500000000000007 22.644999504089359 950.00000000000011 23 0.055219287052750594 0.10945477336645128 36.500000000000007 0.07936600968241693 0.084925193339586272 22.644999504089359 475.00000000000006 425.00000000000006 24 0.050979804247617728 0.1045757830142975 25 950.00000000000011 26 27 1715.0000000000002 86.500000000000014 17.750000000000004 1255.0000000000002 0.056865874677896507 950.00000000000011 0.099415287375450148 28 475.00000000000006 0.064846452325582518 29 0.053855204954743392 0.052256155759096153 30 0.1321084722876549 77.500000000000014 88.500000000000014 96.500000000000014 0.066343475133180632 31 32 325.00000000000006 17.500000000000004 33 325.00000000000006 34 35 0.07194120436906816 78.500000000000014 0.07936600968241693 36 17.185000419616703 37 90.000000000000014 37.500000000000007 1225.0000000000002 38 1560.0000000000002 39 90.000000000000014 155.00000000000003 40 41 47.645000457763679 325.00000000000006 48.304996490478523 0.13533534109592441 45.000000000000007 42
decision_type=2 9 2 9 10 9 9 9 9 2 9 9 9 9 9 2 9 2 10 9 9 9 2 2 9 9 2 8 9 2 2 2 2 2 2 2 9 2 2 8 2 2 2 2 9 2 2 1 2 9 2 2 2 2 10 9 10 2 2 2 2 9 2 2 2 2 2 2 2 2 9 10 2 9 2 9 9 2 2 2 2 2 2 10 9 2 10 9 2 2 9 2 2 2 2 10 9 9 2 2 1 2 1 1 10 2 2 9 2 9 2 2 2 1 2 9 2 2 9 9 2 2 2 10 2 9
left_child=1 5 4 -2 10 18 39 12 117 13 11 16 53 89 74 30 17 -3 41 21 25 22 27 26 -25 -21 -24 -12 82 -29 31 32 35 119 -34 37 -37 87 -27 -5 -41 124 72 44 45 46 48 -47 -30 50 -45 81 -42 58 -55 56 -6 95 -7 -31 61 -51 100 105 65 -35 -67 68 69 -26 -69 -70 73 -40 75 79 80 91 -79 -11 -76 -52 83 -13 -84 86 96 -10 -89 90 -4 -78 -18 101 -36 -57 -59 98 -91 -100 -63 103 -103 -94 -104 -62 107 108 -22 112 -109 -111 113 -108 -114 -116 -115 118 -9 -33 -43 -32 -14 -44 -1 -126
right_child=3 2 9 6 55 7 -8 8 15 14 19 28 122 -15 -16 -17 92 -19 -20 20 106 -23 23 24 67 38 -28 29 43 59 121 33 34 64 94 36 -38 -39 42 40 52 120 123 49 -46 47 -48 -49 -50 60 51 -53 -54 54 -56 57 -58 85 -60 -61 63 62 -64 -65 -66 66 -68 70 71 -71 -72 -73 -74 -75 76 -77 77 78 -80 -81 -82 -83 84 -85 -86 -87 -88 88 -90 97 -92 -93 93 -95 -96 -97 -98 -99 99 -101 -102 102 104 -105 -106 -107 109 110 -110 111 -112 -113 114 116 115 -117 -118 -119 -120 -121 -122 -123 -124 -125 125 -127
leaf_value=0.02937971471250057 -0.12221996288899938 -0.0087680424935392513 -0.073067946055660596 -0.014575292329831294 -0.00096577294555059848 0.02955127263569847 -0.0019826036684471443 -0.020260134222139872 0.0088358648044947943 -0.01996903217682355 0.013098898012585078 -0.022165202499377007 0.00029899551642415754 0.010529051626785578 0.0013005535788559383 -0.083124420302254809 -0.0030191364455908042 -0.077158409480621665 0.021251167454317581 0.013118345260790318 -0.016179574212661547 -0.0016150979108330672 -0.0045110039295112756 0.0043438736546761759 -0.01107808590400473 0.011621997375458271 0.0095989992278414076 -0.013241895666059732 -0.0051664273503827518 -0.033134989403037239 -0.00072631830406646655 0.0084047895561970114 -0.014301505622770369 -0.048944025403410051 -0.054873685253808244 0.0013470764087978749 -0.028034405140856082 -0.059411509981010163 -0.034169219272978051 -0.041793752105559329 -0.066114007785540663 0.0066169546795388006 2.6617559922273415e-05 -0.022393110310376989 0.00064382910859614017 0.0071025539756146491 -0.10440415075959732 -0.018885909781880744 -0.033957776450000247 0.006443695276862265 0.0074546318700201997 0.00044783669948391942 -0.12725798543455988 0.0052655725136885653 -0.080629941754300022 0.0033493989266773099 -0.032233317994970152 0.025644018289760248 0.010275389264656119 0.017300914368033406 -0.0070490683571817906 -0.057996353481856867 -0.014592530114695692 -0.055957585387671732 -0.0073424472380029067 0.036575797689094969 -0.027215958936235952 -0.029543383199334781 -0.0057283514105798969 -0.16253260080019633 0.0054217880485985578 -0.019843815496393614 -0.0022923583329422293 -0.0095204168331158145 -0.0077759763446656714 -0.0052152579953498946 -0.00094673323131318676 -0.094647610958102119 -0.0062164335689301308 -0.076011244543607068 0.015396148372917695 -0.017783584082955963 -0.02377088678721586 -0.07703353153711015 0.013209369568399829 0.0030397704096332889 -0.10641716487820331 0.0016147971596305391 -0.020131974504617636 0.0095716028179584148 -0.0092401783820344439 0.012582843102851725 -0.030563925220973825 -0.0022591129348129538 -0.021665716005969029 0.020117657933622392 -0.012418890353403539 0.0027161910121273301 -0.075630846726588707 -0.0057406693296658505 -0.024255021238769815 0.002691192275630108 -0.017817189691846216 0.0032445485257348188 -0.050877894431477513 -0.03173027085929836 -0.11968053480557032 -0.023180364692912452 -0.13472669974665774 -0.084975233318960258 -0.0036692180667472481 -0.022366743068644068 -0.010643022987514602 0.012616332347205937 0.024400328270960871 -0.017187273937665216 -0.028694980167773887 0.0040039307318948556 -0.00091274946963191921 -0.0023526071325913811 0.01740991050106323 0.019989288198840667 0.0069704391026627266 -0.027409346530072012 0.019877971358979937 -0.014681986073671957
leaf_weight=199 402 514 104 165 14299 1074 523 857 2655 2267 519 4387 43397 14638 31176 104 25370 262 2957 1993 196 69223 4662 3633 1303 1565 5324 4972 1596 2235 2171 4074 4636 517 615 1819 2024 196 740 353 237 13010 12955 2242 6349 1504 273 1602 691 1211 591 4810 171 336 115 2030 787 260 9524 149 754 425 6342 409 7734 177 290 1757 10235 134 375 2044 6689 10229 12034 4400 4657 118 121 117 664 2908 704 175 600 11476 129 3655 1417 1004 1037 2562 1670 5442 493 2227 742 13297 350 364 622 2372 2181 385 342 1231 139 1525 106 103 8894 4913 10146 267 533 312 469 20192 7318 5981 2947 930 7315 373 320 1659
leaf_count=199 402 514 104 165 14299 1074 523 857 2655 2267 519 4387 43397 14638 31176 104 25370 262 2957 1993 196 69223 4662 3633 1303 1565 5324 4972 1596 2235 2171 4074 4636 517 615 1819 2024 196 740 353 237 13010 12955 2242 6349 1504 273 1602 691 1211 591 4810 171 336 115 2030 787 260 9524 149 754 425 6342 409 7734 177 290 1757 10235 134 375 2044 6689 10229 12034 4400 4657 118 121 117 664 2908 704 175 600 11476 129 3655 1417 1004 1037 2562 1670 5442 493 2227 742 13297 350 364 622 2372 2181 385 342 1231 139 1525 106 103 8894 4913 10146 267 533 312 469 20192 7318 5981 2947 930 7315 373 320 1659
internal_value=-0.00257716 -0.00238111 -0.00390048 -0.0574371 -0.0053213 0.0013244 -0.0382854 8.79259e-05 -0.00257325 0.000551654 -0.00613646 -0.00892853 0.00301162 0.00497738 -0.00179345 -0.00585362 -0.0055375 -0.0315225 0.00891888 -0.00484534 -0.00700681 -0.00358422 -0.00723294 -0.00473859 -0.00871147 -0.00301069 0.0030119 -0.0165738 -0.0122407 -0.0186688 -0.00564895 -0.00660116 -0.0100621 -0.00337272 -0.01929 -0.00555587 -0.0142 -0.00136182 -0.00399952 -0.0585251 -0.0687907 0.0069119 -0.00478886 -0.0108158 -0.00631211 -0.0140816 -0.0235675 -0.00630343 -0.0138766 -0.0133321 -0.00903167 -0.00543499 -0.091989 0.0110364 -0.0167668 0.000972291 -0.00259723 0.00416451 0.0122314 -0.0299768 -0.0174339 -0.0144755 -0.0178889 -0.0281237 -0.00958323 -0.0271699 -0.00301144 -0.0117044 -0.00988582 -0.0253044 -0.0233937 -0.00807948 -0.00784224 -0.0112261 -0.00537236 -0.0113874 -0.00335005 0.00211788 -0.0500895 -0.0226552 -0.00655799 -0.0135198 -0.0203571 -0.0242864 -0.00675835 0.00147932 -0.0143429 0.000118138 -0.00445474 -5.94892e-05 -0.0158376 0.00385595 -0.00499449 -0.00904206 -0.0401308 0.0121242 -0.00239471 0.00114043 -0.0110019 -0.0400584 -0.0379936 -0.0143522 -0.0102006 -0.0242315 -0.022317 -0.0223634 -0.0120046 -0.0079849 -0.05624 -0.0145638 -0.0065207 -0.023622 -0.0107042 -0.0306629 -0.00912231 0.009128 -0.0137116 0.00199366 -0.0029691 0.0020124 0.00861121 0.0054908 0.00126119 -0.000743209 -0.00553619 -0.00906026
internal_weight=520095 518244 367536 1851 278626 150708 1449 129616 67855 88910 246676 77964 61761 30794 58116 39488 38538 776 21092 168712 62147 106565 37342 29467 19481 34544 9986 7875 39426 7356 39384 36283 17510 18773 5744 11766 3843 7923 32551 926 761 18135 30986 33560 12015 5666 2560 3106 2287 21545 10551 8309 408 11049 451 31950 15086 16864 10598 2384 10994 8600 7389 2394 8718 984 467 15848 13716 1437 2132 12279 17658 10969 26940 6784 20156 7458 239 2384 12698 3499 5866 4562 1304 12607 1131 7727 5072 16156 1141 7219 37762 12392 1108 4257 1002 15015 1718 714 1047 6950 4895 2055 2523 1985 27603 10721 302 16882 10419 5016 11866 875 10991 845 736 28367 8175 10055 15957 3101 50712 13328 2178 1979
internal_count=520095 518244 367536 1851 278626 150708 1449 129616 67855 88910 246676 77964 61761 30794 58116 39488 38538 776 21092 168712 62147 106565 37342 29467 19481 34544 9986 7875 39426 7356 39384 36283 17510 18773 5744 11766 3843 7923 32551 926 761 18135 30986 33560 12015 5666 2560 3106 2287 21545 10551 8309 408 11049 451 31950 15086 16864 10598 2384 10994 8600 7389 2394 8718 984 467 15848 13716 1437 2132 12279 17658 10969 26940 6784 20156 7458 239 2384 12698 3499 5866 4562 1304 12607 1131 7727 5072 16156 1141 7219 37762 12392 1108 4257 1002 15015 1718 714 1047 6950 4895 2055 2523 1985 27603 10721 302 16882 10419 5016 11866 875 10991 845 736 28367 8175 10055 15957 3101 50712 13328 2178 1979
cat_boundaries=0 2 4 6 8 9 11 13 14 15 17 19 20 21 23 25 26 27 28 29 31 32 33 35 37 38 40 42 44 45 47 49 50 52 53 54 55 57 59 60 62 63 64 66
cat_threshold=423901782 170 268435458 8192 84 2 35127296 4 12 272904192 40 34260001 2128 10 2562 69943433 4945 78169248 17476 1 6 78643328 9221 11534336 8449 1 2 656384 16779266 33587200 64 2 49152 2148007936 532 0 16 4 8388608 4 8929280 64 49152 16388 2 2048 128 131081 4096 41943040 524288 320 2 2 2 0 4096 2684420104 4096 2 2147483648 4096 8192 514 16 2
is_linear=0
shrinkage=0.03


Tree=32
num_leaves=127
num_cat=32
split_feature=0 40 5 5 31 5 11 5 5 27 25 0 36 45 5 45 0 27 5 0 5 27 25 5 5 5 0 0 26 11 0 0 22 25 5 29 5 5 0 5 0 25 5 0 0 0 0 25 27 27 29 5 27 27 5 25 4 0 3 25 5 0 31 0 5 0 0 25 0 5 5 5 47 0 0 5 0 0 27 0 22 27 12 11 27 5 0 40 29 0 25 0 0 25 0 25 4 27 0 4 25 0 25 0 25 5 0 25 11 27 25 30 0 28 27 25 25 11 31 5 27 25 13 27 5 27
split_gain=5148.92 2981.39 2823.61 2294.19 1560.53 1291.78 1078.24 1525.74 1077.69 1041.68 2767.67 1022.93 1018.57 939.32 703.896 693.559 651.595 918.283 883.146 851.272 660.305 1482.6 736.438 655.481 608.98 573.83 548.558 542.639 500.853 491.535 483.78 541.825 646.04 479.847 477.449 471.25 463.668 462.302 563.497 459.85 449.346 881.789 718.545 673.406 1132.1 548.267 504.813 470.753 557.626 597.796 452.403 445.605 862.965 957.579 405.056 396.091 394.418 380.567 586.54 341.2 457.015 478.187 339.98 331.905 1974.91 462.275 339.263 331.842 529.428 1181.89 434.849 323.158 308.221 298.209 385.875 309.778 640.034 296.812 294.328 340.62 293.971 287.404 618.405 286.5 283.979 486.524 282.722 778.19 353.267 350.227 315.042 519.82 423.588 537.666 632.693 385.411 335.935 452.85 303.743 283.541 382.642 278.561 268.71 265.864 265.733 265.499 320.338 264.819 264.589 261.231 260.841 257.316 253.896 253.304 252.153 308.461 314.529 249.025 261.255 389.656 262.292 248.256 247.585 247.328 283.719 264.577
threshold=13030.000000000002 35.049999237060554 0 1 0.063124977052211775 2 0.24372619390487674 3 4 0.16058247536420825 57.500000000000007 225.00000000000003 1.7500000000000002 17.335000038146976 5 21.474999427795414 325.00000000000006 0.098654624074697508 6 1225.0000000000002 7 0.059944719076156623 113.00000000000001 8 9 10 1715.0000000000002 850.00000000000011 0.24214403331279757 0.30983042716979986 225.00000000000003 1410.0000000000002 -1.6134019494056699 80.500000000000014 11 0.075850013643503203 12 13 1560.0000000000002 14 225.00000000000003 18.500000000000004 15 325.00000000000006 950.00000000000011 90.000000000000014 155.00000000000003 15.500000000000002 0.059393314644694335 0.052256155759096153 0.064788181334733977 16 0.058846931904554374 0.049178216606378562 17 37.500000000000007 18 225.00000000000003 19 97.500000000000014 20 1225.0000000000002 0.047392372041940696 155.00000000000003 21 90.000000000000014 2375.0000000000005 23.500000000000004 110.00000000000001 22 23 24 25.765000343322757 1615.0000000000002 2125.0000000000005 25 325.00000000000006 90.000000000000014 0.084925193339586272 155.00000000000003 0.20459871739149096 0.051913643255829818 0.14037931710481646 0.30983042716979986 0.051913643255829818 26 1280.0000000000002 15.550000190734865 0.13254455476999286 1560.0000000000002 68.500000000000014 850.00000000000011 950.00000000000011 51.500000000000007 1225.0000000000002 55.500000000000007 27 0.1321084722876549 1225.0000000000002 28 106.00000000000001 950.00000000000011 43.500000000000007 55.000000000000007 123.00000000000001 29 155.00000000000003 104.50000000000001 0.67802080512046825 0.058047603815793998 50.500000000000007 0.058018375188112266 615.00000000000011 0.14626699686050418 0.084925193339586272 103.50000000000001 135.50000000000003 0.46800856292247778 0.058672610670328147 30 0.095947422087192549 47.500000000000007 45.500000000000007 0.053855204954743392 31 0.053263295441865928
decision_type=2 2 9 9 8 9 2 9 9 2 2 2 2 2 9 2 2 2 9 2 9 2 2 9 9 9 2 2 10 2 2 2 10 2 9 8 9 9 2 9 2 2 9 2 2 2 2 2 2 2 10 9 2 2 9 2 9 2 1 2 9 2 8 2 9 2 2 2 2 9 9 9 2 2 2 9 2 2 2 2 8 2 2 2 2 9 2 2 10 2 2 2 2 2 2 2 9 2 2 9 2 2 2 2 2 9 2 2 2 2 2 8 2 10 2 2 2 2 8 9 2 2 2 2 9 2
left_child=1 2 4 12 8 29 25 9 -1 11 -11 54 110 36 15 28 35 20 19 -19 21 23 33 -18 -17 57 72 -24 40 73 34 -32 -33 56 103 39 -5 86 104 -16 42 43 46 -42 47 111 -4 -45 49 -49 122 67 53 -53 -8 -14 -23 58 -6 60 61 112 -43 64 -27 102 -65 109 69 -69 -70 -15 -9 75 -75 -3 123 -41 -54 -80 -64 -25 -83 -62 85 -22 90 88 -88 -89 92 99 96 121 -95 108 97 -20 -93 -92 -101 -35 -66 -10 113 106 -74 117 -96 -37 -2 -44 -7 -39 115 -71 -117 -86 -119 120 -120 -94 -47 124 -77 -126
right_child=3 5 14 13 6 59 7 26 30 10 -12 -13 55 71 16 24 17 18 37 -21 84 22 27 81 -26 63 -28 -29 -30 -31 31 32 -34 101 -36 51 -38 38 -40 77 41 62 45 44 -46 50 -48 48 -50 -51 -52 52 78 -55 -56 -57 -58 -59 -60 -61 83 -63 80 66 65 -67 -68 68 70 114 -72 -73 105 74 -76 76 -78 -79 79 -81 -82 82 -84 -85 107 -87 87 89 -90 -91 91 98 93 94 95 -97 -98 -99 -100 100 -102 -103 -104 -105 -106 -107 -108 -109 -110 -111 -112 -113 -114 -115 -116 116 -118 118 119 -121 -122 -123 -124 -125 125 -127
leaf_value=0.013831841388369239 -0.095314098703811342 -0.0034940364191274648 -0.0072268808686995877 -0.07001340472087357 0.018647416081462469 0.011977002864843244 -0.016554041280459734 -0.00077981570570804322 0.0090470521870149798 -0.18372975802017469 0.02777494302054621 -0.0096165185835799666 -0.076905298635766312 -0.027136246312941825 0.011284124133647867 -0.0094216604131017647 0.014281349317075786 0.0074967393595647691 -0.046019055124858148 -0.040566439730053437 -0.01759218712707564 0.0074335152528780171 0.0052705790875752796 0.006912448195116108 0.0040294413437553696 -0.088799165404120153 -0.061283465928414473 -0.033583795133477798 0.0060128650793936653 -0.011421201053834843 0.0053397752678128194 -0.093704968540413852 -0.0084961197879268313 0.021689927137672562 0.0029379663767062103 -0.0046715460743527353 -0.0083435480685214395 -0.0046682527411960849 0.010248986555488174 -0.022803711916088439 -0.010196217019129847 -0.00031166753251035077 0.044185169405728864 -0.0065558725586826244 -0.0016822269916615842 -0.016524402484790521 0.029333547949077599 -0.073467934010159067 -0.091320650066344933 -0.0016734056043274262 -0.057013426691878068 0.0098934714560966058 -0.0025909853193619033 -0.021463967036015805 -0.047573566235562255 -0.01278043607249856 -0.013398172461816979 0.0068621921053149491 -0.0051159621236026029 -0.0098253864727465626 0.0055787377209360204 -0.026603327151062652 -0.01273934707485771 -0.00091923378670916633 -0.0028029192723736406 -0.0080214621546762423 -0.035245191056848847 -0.083467561879064428 0.0046241362156283338 -0.0064392220412049159 -0.0079675884662810826 0.027737888350438708 -0.035567777779699036 -0.066907424654649647 -0.0030655095412346002 -0.0015832619717417531 0.0058117388289599852 -0.0024574584691310405 0.0099425865074343357 -0.035294708744852535 -0.0067051065541005152 0.0085179934903797279 -0.02041742193494139 -0.0035462057267390658 0.0019063515530925933 -0.00028832755236974473 -0.04000193355418049 0.028839409999420931 -0.10416138624738562 -0.023969944932881522 0.013496109663424755 0.0057071642995950838 -0.018687567532099127 -0.068094553347119238 -0.028582334309764257 -0.01109298811749483 0.016263692245687217 0.029466125277372506 -0.007452902977263586 -0.075581945715796045 -0.02387715947064261 -0.0021241303143483075 0.019393592626022197 -0.011315482162897074 0.011595659927117826 -0.0015044933545386029 -0.0086987878899975786 0.0068945853300820467 -0.092412459325082227 0.011773908879152698 -0.14066043690029453 -0.0049312804643535102 0.028956998556425875 -0.017293687161376078 -0.046919222994456215 -0.078818492334968598 -0.014134945940114496 0.0050585664840214215 -0.016458961023008742 -0.0041370631457921499 -0.060804497402480673 0.012694523756982575 -0.027899230733162438 -0.0020712601196457982 -0.013662881696187788 -0.046461048137690947
leaf_weight=8674 238 14199 1227 311 1096 7226 622 16471 649 117 105 4045 221 129 2087 5264 3628 449 229 1265 2001 898 391 1674 7106 247 148 1866 1802 4017 21374 102 361 530 6201 2037 186 22824 2427 747 1475 5217 102 139 488 5900 469 237 407 186 305 973 6460 8786 1140 143 9115 13437 6322 1235 38107 271 10416 78395 980 7593 259 231 3022 1904 13371 310 418 137 223 762 14337 4702 208 531 24043 1108 1659 3370 28321 5366 268 202 109 254 107 1883 628 401 142 669 502 103 9738 183 435 2639 982 5159 850 5378 8575 6592 100 1515 244 1411 890 1525 188 112 170 2570 386 8220 174 354 2437 4970 561 366
leaf_count=8674 238 14199 1227 311 1096 7226 622 16471 649 117 105 4045 221 129 2087 5264 3628 449 229 1265 2001 898 391 1674 7106 247 148 1866 1802 4017 21374 102 361 530 6201 2037 186 22824 2427 747 1475 5217 102 139 488 5900 469 237 407 186 305 973 6460 8786 1140 143 9115 13437 6322 1235 38107 271 10416 78395 980 7593 259 231 3022 1904 13371 310 418 137 223 762 14337 4702 208 531 24043 1108 1659 3370 28321 5366 268 202 109 254 107 1883 628 401 142 669 502 103 9738 183 435 2639 982 5159 850 5378 8575 6592 100 1515 244 1411 890 1525 188 112 170 2570 386 8220 174 354 2437 4970 561 366
internal_value=-0.00252176 -0.00234657 -0.00339499 -0.0534147 -0.000654457 0.00259437 -0.00212453 -0.00654965 0.00440449 -0.0203444 -0.0840178 -0.0179312 -0.0888626 -0.0201512 -0.0055651 -0.00812989 -0.00452816 -0.00337815 -0.00675071 -0.0278166 -0.00138236 -0.0055733 -0.011022 0.00484532 -0.00169927 -0.000625886 -0.00385755 -0.0268534 -0.00954517 -0.00147492 0.00198345 0.00464376 -0.0274293 -0.00830959 -0.00285234 -0.00753052 -0.0485703 -0.00592055 -0.00355287 -0.000655501 -0.0100601 -0.00862252 -0.0152274 -0.0244961 -0.0389558 -0.018236 0.00287766 -0.0577061 -0.0662541 -0.0419771 -0.0211703 -0.00884185 -0.0125173 -0.0183368 -0.0370028 -0.0518174 -0.0115294 0.00384943 -0.00160291 0.00574483 0.00613181 0.0125175 -0.00744889 -0.00168129 -0.00688676 -0.00466242 -0.00103271 -0.00606914 -0.00764537 -0.0202061 -0.00564824 0.0116018 -0.00358125 -0.000351313 -0.0274789 -7.3059e-05 0.0022411 -0.00524077 -0.00464433 -0.0225659 -0.00852941 -0.00289041 -0.00883182 0.0048361 0.000455713 -0.00501436 -0.00992659 -0.0269499 -0.0587785 -0.000564411 -0.00901492 -0.00685927 -0.0175182 -0.0241722 -0.0367306 -0.0228654 0.000791295 -0.0225823 -0.00532021 -0.0314875 -0.0392852 0.00186424 0.00831087 -0.00902342 -0.00488393 -0.00679178 -0.00994044 0.00132696 -0.0552302 0.00234411 -0.118513 -0.00159306 0.0138424 -0.00545967 -0.0136092 -0.0107866 -0.0400126 0.000401661 -0.00335274 -0.00581512 -0.0297906 -0.00737327 -0.0198523 -0.00544292 -0.0153572 -0.0263643
internal_weight=519763 517981 427310 1782 188850 90671 146330 37019 42520 6029 222 5807 846 936 238460 68631 169829 122785 45647 1714 77138 23508 15439 8069 12370 109311 30990 2257 56261 39572 33846 21837 463 13182 12009 47044 497 43933 27626 7536 54459 42608 11851 2932 1457 10155 1696 969 830 423 8642 39508 16958 9759 1762 364 10013 20855 7418 51099 49864 8387 39676 88456 9802 9555 78654 22550 18998 2605 16393 439 30842 35555 360 35195 20996 5449 7199 739 34459 4441 2767 41477 53630 7367 16307 833 377 456 15474 12346 3128 2294 1312 911 834 332 11621 725 618 3169 1962 5808 25199 14371 8993 46263 242 3552 482 1513 8116 24349 2374 2186 282 39671 11350 8780 560 982 8337 6659 1689 927
internal_count=519763 517981 427310 1782 188850 90671 146330 37019 42520 6029 222 5807 846 936 238460 68631 169829 122785 45647 1714 77138 23508 15439 8069 12370 109311 30990 2257 56261 39572 33846 21837 463 13182 12009 47044 497 43933 27626 7536 54459 42608 11851 2932 1457 10155 1696 969 830 423 8642 39508 16958 9759 1762 364 10013 20855 7418 51099 49864 8387 39676 88456 9802 9555 78654 22550 18998 2605 16393 439 30842 35555 360 35195 20996 5449 7199 739 34459 4441 2767 41477 53630 7367 16307 833 377 456 15474 12346 3128 2294 1312 911 834 332 11621 725 618 3169 1962 5808 25199 14371 8993 46263 242 3552 482 1513 8116 24349 2374 2186 282 39671 11350 8780 560 982 8337 6659 1689 927
cat_boundaries=0 2 4 6 8 10 12 14 16 18 20 22 24 26 28 30 31 33 34 35 36 38 39 41 43 45 47 49 50 51 53 55 57
cat_threshold=2647014102 1194 303038466 8192 416006793 965 272769538 2 272760912 2 574497 2112 1073741824 16384 36700160 260 34603008 4 49152 64 270406 2 642 1024 524288 4 538968072 784 2097152 17 32769 1075838984 17152 4194816 1 2 1044 16386 131072 0 512 0 512 524288 2048 4767872 68 0 4608 2 1 92276740 160 1073741824 8192 276889600 896
is_linear=0
shrinkage=0.03


Tree=33
num_leaves=127
num_cat=35
split_feature=1 5 46 5 5 12 5 48 45 1 5 31 1 5 5 12 38 1 1 2 2 5 5 5 8 28 25 1 1 27 21 25 25 1 27 27 5 2 5 1 5 5 1 1 1 3 30 28 27 1 30 23 1 1 44 27 1 25 27 25 1 21 27 5 25 27 1 5 27 27 5 5 27 1 27 5 25 1 5 5 27 25 1 25 25 1 27 5 5 1 1 27 25 1 25 1 5 27 27 25 12 2 25 25 5 27 5 25 30 5 1 27 23 27 25 1 27 1 5 5 23 5 48 25 25 1
split_gain=5062.17 2897.44 2735.05 1900.07 1838.85 1484.79 1431.87 1103.04 954.343 844.555 1039.37 792.973 693.346 680.41 675.239 745.321 711.738 654.377 1999.28 576.122 572.331 1040.89 591.577 562.56 827.431 534.212 524.562 465.553 456.998 455.029 452.855 448.68 732.143 1567.21 485.872 580.777 393.704 386.527 507.526 578.503 465.638 374.445 368.127 362.34 452.126 435.894 413.68 394.947 383.543 358.708 357.346 355.73 348.993 445.685 357.128 692.493 347.33 387.807 759.671 555.74 512.637 344.423 362.025 334.67 331.484 325.203 473.826 410.159 387.287 321.485 564.398 361.66 662.04 1123.3 313.893 305.591 305.05 304.943 304.146 293.503 419.84 328.96 291.883 291.518 608.698 367.329 329.678 290.956 290.446 1349.18 341.815 300.738 365.799 284.663 280.195 306.181 1071.78 756.151 460.662 266.193 255.982 251.914 676.888 371.742 251.433 300.345 354.972 292.505 246.563 278.302 327.105 291.065 372.112 246.168 272.254 658.479 244.405 243.684 447.151 349.287 238.193 237.398 236.217 233.888 229.267 229.255
threshold=9.461545944213869 0 3.1000002622604375 1 2 -0.23537842929363248 3 54.95000076293946 16.964999198913578 5.1923544406890878 4 0.063124977052211775 4.0213496685028085 5 6 -0.048362832516431802 15.949999809265138 6.8561301231384286 6.744683265686036 7 8 9 10 11 8.5000000000000018 0.090328950434923186 88.500000000000014 7.2490057945251474 4.1348783969879159 0.10945477336645128 0.046407744288444526 59.500000000000007 19.500000000000004 5.759707212448121 0.08212983608245851 0.058047603815793998 12 13 14 6.4229502677917489 15 16 4.1348783969879159 5.759707212448121 4.1348783969879159 17 0.072865519672632231 0.038228357210755355 0.089248880743980422 6.8561301231384286 0.19606986641883853 0.10042453557252885 4.5047848224639901 5.0493419170379648 0.071499999612569823 0.07936600968241693 7.3527534008026132 58.500000000000007 0.059944719076156623 53.500000000000007 7.1113042831420907 0.11221585795283319 0.089248880743980422 18 67.500000000000014 0.058846931904554374 5.759707212448121 19 0.059944719076156623 0.058846931904554374 20 21 0.059944719076156623 5.759707212448121 0.058846931904554374 22 18.500000000000004 3.822698831558228 23 24 0.053263295441865928 69.500000000000014 7.1552743911743173 58.500000000000007 80.500000000000014 7.3876662254333505 0.086274277418851866 25 26 6.1640367507934579 6.744683265686036 0.092709075659513487 12.500000000000002 6.744683265686036 65.500000000000014 7.1113042831420907 27 0.14242830872535708 0.11368945986032487 72.500000000000014 0.94353348016738903 28 31.500000000000004 63.500000000000007 29 0.095947422087192549 30 64.500000000000014 0.10685699060559274 31 5.759707212448121 0.089248880743980422 0.12481230497360231 0.061421869322657592 15.500000000000002 5.0493419170379648 0.16058247536420825 4.7054555416107187 32 33 0.06534933298826219 34 15.84999990463257 86.500000000000014 20.500000000000004 6.8561301231384286
decision_type=2 9 2 9 9 2 9 2 2 2 9 8 2 9 9 2 2 2 2 9 9 9 9 9 2 10 2 2 2 2 10 2 2 2 2 2 9 9 9 2 9 9 2 2 2 1 8 8 2 2 10 8 2 2 2 2 2 2 2 2 2 10 2 9 2 2 2 9 2 2 9 9 2 2 2 9 2 2 9 9 2 2 2 2 2 2 2 9 9 2 2 2 2 2 2 2 9 2 2 2 2 9 2 2 9 2 9 2 10 9 2 2 10 2 2 2 2 2 9 9 8 9 2 2 2 2
left_child=1 25 4 7 5 13 37 -2 51 10 50 27 -12 -3 15 75 42 18 26 79 22 52 -8 24 -14 28 31 108 77 65 -29 32 33 -17 35 -35 -21 40 39 -39 -4 -13 78 44 47 48 -46 -33 -45 88 -7 -5 -22 121 55 -55 57 59 -59 69 74 -19 -63 -31 -50 66 67 -24 -67 70 -42 72 73 -71 -61 -6 -20 -1 -16 80 81 -15 94 86 -85 -86 -51 -10 90 -90 99 92 -91 -65 104 -96 97 98 -97 113 -53 102 -38 -103 105 107 -107 125 109 110 -11 112 -112 -40 115 -115 -108 118 -23 -119 -48 -54 -60 -87 -34 -18
right_child=3 2 6 8 14 9 20 -9 87 11 12 41 23 19 16 17 82 61 76 36 21 117 29 -25 -26 -27 -28 30 -30 63 -32 43 124 34 -36 -37 101 38 49 -41 56 -43 -44 45 46 -47 120 -49 64 83 -52 100 53 54 -56 -57 -58 58 122 60 -62 62 -64 93 -66 68 -68 -69 -70 71 -72 -73 -74 -75 -76 -77 -78 -79 -80 -81 -82 -83 -84 84 85 123 -88 -89 89 91 -92 -93 -94 -95 95 96 -98 -99 -100 -101 -102 103 -104 -105 -106 106 116 -109 -110 -111 111 -113 -114 114 -116 -117 -118 119 -120 -121 -122 -123 -124 -125 -126 -127
leaf_value=0.028290294043755417 -0.11758050228037485 -0.0042164469552937638 0.0055232437601402083 -0.0088275415999220404 -0.010831569655430983 0.00021975618596187674 0.0073207998853724865 -0.049855201457631525 -0.026903385681765417 0.0067141022621357675 0.00798922703160539 0.0079679618322055345 -0.018219181594240137 -0.010796455291078186 0.020307973404838277 -0.0075856152106314337 -0.016698020413312031 0.00097391369372404183 -0.064211677000747883 -0.078210216917489708 -0.028207563161574706 -0.025745353945148867 -0.032483120114896381 -0.011335811347482605 -0.097175168550083402 0.027297678948302918 -0.0033628628634351176 -0.073588497248778417 0.0089763709074009521 -0.020412296784713964 -0.0074242951557570097 0.052932315324202617 0.039458043433371046 -0.0759069335778597 -0.099523411084834507 -0.0065699915671257698 -0.084182981638810953 -0.0087686985024786716 0.0023178239780268389 0.010462293271601156 0.032029996541457925 -0.0012710469967633915 -0.0023381455054737 -0.00024096711748508476 -0.014518533920714683 -0.022037753947919868 -0.05606027607136347 -0.0096084750531541131 -0.0011567444373327674 0.013985204042309546 0.025095922886664672 -0.07957622178374453 -0.015456541791769132 -0.080415000921295526 -0.0049982930297047578 -0.01359251272156419 0.016066352316737798 0.017315806853534819 -0.0035257505555055346 -0.032676143962040494 -0.071848358978395879 -0.025184803085177527 0.0019443721869586894 -0.013512662545823704 -0.039131979097264187 0.0099006858228592818 0.0038177623822717604 -0.00066956660678936346 0.0016324714661563391 0.0098479488029003231 -0.0073170347288283883 -0.0063344214840840843 0.0070086676067171181 -0.091146679422748622 0.0029469880858569272 0.0041236384605775212 -0.13136600562572479 -0.0099673166663393469 -0.022127604362908261 -0.016504858983465844 0.0027117160847916536 -0.068138191006380883 0.0043534190764229399 -0.020621643800518074 0.00033101745609752408 -0.055630946612572139 -0.0045357135805651674 0.02499595815778647 -0.073535700041482494 -0.074119287751320942 -0.062429372312825748 0.0014930026563435641 -0.016664951825099489 0.0087392976861071798 -0.0043680231841814942 -0.044188766976960725 -0.0074135763140337286 -0.0090232403414915782 -0.10629897704982495 0.010249744549052061 -0.024207459858485627 -0.021566426045333202 -0.0032321744342361084 -0.050741383386151279 -0.0080267768314255805 -0.0020288090816609817 -0.057842551253162892 0.015364751854391248 0.0080601845449773269 0.0060072308673229068 -0.022981679826852744 0.014210886765005332 0.015314157966420883 -0.0068736506832065064 -0.012994510570506429 -0.10429093938429379 -0.022653386771982802 0.017681420523692388 0.0022654632226485017 0.0045363894128219303 -0.028300414002337387 0.016004215046051436 -0.02421592319932777 -0.0034290126890632296 -0.0016567029205347195 0.017887070323164399
leaf_weight=208 450 9514 7095 140 1689 11642 32485 421 129 1327 1644 4155 388 257 165 1997 2590 4933 126 122 608 574 826 13124 172 1297 4363 120 17664 1336 405 100 125 231 205 205 103 2640 858 3014 481 75501 62415 2746 2304 2483 298 906 355 1168 543 281 254 154 12232 1411 744 1706 4801 613 206 1096 742 935 495 7154 1975 658 17742 157 978 3162 259 267 349 4434 124 1825 1324 3030 2110 138 2092 2700 3775 180 3325 315 397 113 108 783 807 1156 43260 269 11608 320 181 579 104 1191 877 588 39303 305 389 332 16233 5508 1488 314 269 159 2432 102 330 2184 4154 10810 4253 1225 553 135 3907 184
leaf_count=208 450 9514 7095 140 1689 11642 32485 421 129 1327 1644 4155 388 257 165 1997 2590 4933 126 122 608 574 826 13124 172 1297 4363 120 17664 1336 405 100 125 231 205 205 103 2640 858 3014 481 75501 62415 2746 2304 2483 298 906 355 1168 543 281 254 154 12232 1411 744 1706 4801 613 206 1096 742 935 495 7154 1975 658 17742 157 978 3162 259 267 349 4434 124 1825 1324 3030 2110 138 2092 2700 3775 180 3325 315 397 113 108 783 807 1156 43260 269 11608 320 181 579 104 1191 877 588 39303 305 389 332 16233 5508 1488 314 269 159 2432 102 330 2184 4154 10810 4253 1225 553 135 3907 184
internal_value=-0.00243971 -0.00226304 -0.00272469 -0.052098 -0.00413769 -0.00162699 0.00078432 -0.083977 -0.0222906 -0.000533251 -0.0052134 0.000689393 -0.0104083 -0.00973029 -0.00600024 -0.00960051 -0.00516829 -0.0114382 -0.0136611 -0.0159383 0.00281513 -0.000357576 0.00447395 -0.0126266 -0.0418539 0.00865091 -0.0128138 0.00527537 0.00742613 0.00156261 -0.0226587 -0.0148142 -0.00841319 -0.0206979 -0.061473 -0.0433955 -0.0268287 -0.0036674 -0.00634175 0.00148026 -0.000753012 -0.000788189 -0.00268999 -0.0178761 -0.02213 -0.0123725 -0.0248858 -0.00334531 -0.00569452 -0.00885093 0.00132919 -0.0498611 -0.00593232 -0.00504784 -0.00672569 -0.0202152 -0.00387409 -0.0049744 -0.000111626 -0.0102781 -0.0290028 -0.00315679 -0.0142377 -0.00876075 -0.0232917 0.00281111 -0.00580706 -0.0186103 0.00400869 -0.00615005 0.00583713 -0.010699 -0.0303301 -0.0538149 -0.0197629 -1.37321e-05 -0.0979109 -0.00604113 -0.0174269 -0.0102278 -0.00259629 -0.0309512 -0.00673428 -0.00564709 -0.00956924 -0.00226977 0.000281024 0.00984766 -0.0145666 -0.0236909 -0.00996148 -0.0121739 -0.0237947 -0.0012067 -0.00696846 -0.00555864 -0.00971906 -0.0437565 -0.0693512 -0.00859877 -0.0647209 -0.0242551 -0.0116982 -0.031058 -0.00877427 -0.0158264 -0.0299492 -0.0112131 0.00585962 0.00184818 -0.00489649 -0.0123593 -0.0171131 -0.0116741 -0.0161312 -0.0451975 -0.0411738 0.00463958 -0.00118955 0.00676406 -0.03013 0.0105981 -0.0056669 -0.0333403 -0.000372596 -0.0143984
internal_weight=519300 517460 496466 1840 353947 150763 142519 871 969 132833 27513 105320 15328 17930 203184 38117 165067 31994 25223 8416 97873 33606 64267 13684 560 20994 24973 25664 19697 31782 525 20610 6670 2638 641 436 2881 44646 23275 5654 21371 79656 63904 13940 7861 6079 6855 1006 3596 17621 12185 525 15884 15276 13797 1565 14276 13532 7060 6472 1168 6771 1838 3427 850 28355 3459 1484 24896 5304 1459 3845 683 424 962 6123 250 2033 1489 5535 2505 395 101163 11283 6790 4090 4493 444 6338 2100 4238 1703 920 2091 99071 55638 12378 770 450 4130 385 2759 980 1779 43433 4130 1024 3106 25139 8906 3398 2071 1757 3551 2693 261 719 17722 4728 12994 4551 1479 5354 315 4032 2774
internal_count=519300 517460 496466 1840 353947 150763 142519 871 969 132833 27513 105320 15328 17930 203184 38117 165067 31994 25223 8416 97873 33606 64267 13684 560 20994 24973 25664 19697 31782 525 20610 6670 2638 641 436 2881 44646 23275 5654 21371 79656 63904 13940 7861 6079 6855 1006 3596 17621 12185 525 15884 15276 13797 1565 14276 13532 7060 6472 1168 6771 1838 3427 850 28355 3459 1484 24896 5304 1459 3845 683 424 962 6123 250 2033 1489 5535 2505 395 101163 11283 6790 4090 4493 444 6338 2100 4238 1703 920 2091 99071 55638 12378 770 450 4130 385 2759 980 1779 43433 4130 1024 3106 25139 8906 3398 2071 1757 3551 2693 261 719 17722 4728 12994 4551 1479 5354 315 4032 2774
cat_boundaries=0 2 4 6 8 10 12 14 15 16 18 20 21 22 23 25 26 27 28 30 32 33 34 35 37 39 41 43 45 46 48 50 52 54 56 58
cat_threshold=84 2 303038466 8192 2647079554 1192 348897792 196 79706112 168 2365853824 1064 17441 2112 6 6 2854223882 23297 2298741802 24328 131072 131072 10 268501504 128 79822848 130 2 1048704 8208 8193 17 557056 524288 16384 2621440 1 4204546 128 524288 2048 4767744 4 32768 16384 8 0 513 0 1 67109376 1024 0 1040 6273 1040 0 1
is_linear=0
shrinkage=0.03


Tree=34
num_leaves=127
num_cat=35
split_feature=0 5 48 5 30 5 2 5 5 5 5 12 0 5 2 5 25 27 5 32 28 0 0 23 5 25 32 11 12 12 0 5 25 11 23 25 5 27 5 27 27 0 0 5 0 27 5 11 27 5 27 5 27 5 0 22 0 25 11 0 5 27 0 25 27 30 25 0 22 0 5 5 27 30 27 0 5 0 0 27 26 5 27 5 0 5 0 0 5 0 0 0 11 27 25 27 25 27 27 11 26 0 5 41 5 5 25 0 5 2 0 27 25 0 25 0 12 30 46 27 11 0 5 0 25 25
split_gain=5338.42 2743.67 2134.93 1880.5 1409.07 1271.74 1056.25 1082.73 855.797 840.942 770.885 719.869 657.949 618.553 611.742 721.133 581.191 514.053 938.086 522.188 494.95 485.537 608.149 1155.55 471.537 554.539 462.866 462.446 458.546 467.893 458.387 447.183 432.311 610.387 805.777 608.349 422.444 671.613 727.747 861.285 917.384 620.561 615.962 511.437 568.507 527.752 500.828 413.319 409.979 687.713 461.979 529.074 426.27 394.001 381.993 750.844 354.107 348.689 609.171 441.042 693.144 542.235 347.368 1211.62 506.318 380.695 344.51 341.255 335.676 331.617 1250.86 333.173 467.626 328.094 326.73 338.051 391.896 1380.23 939.259 374.393 310.607 329.673 417.976 925.264 388.354 363.759 309.981 822.737 300.899 767.56 361.831 291.984 290.065 287.346 418.07 476.995 287.249 544.964 412.757 279.949 363.799 276.252 269.259 264.322 263.487 262.065 258.705 257.422 566.147 249.186 376.937 271.41 246.412 246.35 294.429 371.345 243.54 240.093 398.031 238.382 287.781 236.136 536.284 371.289 269.975 283.944
threshold=13030.000000000002 0 3.3500001430511479 1 0.19365485012531283 2 3 4 5 6 7 0.80290535092353832 6250.0000000000009 8 9 10 97.500000000000014 0.059944719076156623 11 0.15642003715038302 0.090328950434923186 90.000000000000014 950.00000000000011 0.099415287375450148 12 88.500000000000014 0.16744302958250049 0.77244481444358837 0.7074720859527589 0.93469110131263744 61.500000000000007 13 117.50000000000001 0.35846313834190374 0.10746030509471895 69.500000000000014 14 0.10038758814334871 15 0.1321084722876549 0.11368945986032487 1225.0000000000002 1100.0000000000002 16 110.00000000000001 0.069445703178644194 17 0.24372619390487674 0.07936600968241693 18 0.058047603815793998 19 0.059944719076156623 20 1560.0000000000002 -1.8127432465553281 1560.0000000000002 69.500000000000014 0.24372619390487674 950.00000000000011 21 0.095947422087192549 325.00000000000006 17.500000000000004 0.058047603815793998 0.076249938458204283 59.500000000000007 615.00000000000011 -0.050920834764838212 475.00000000000006 22 23 0.095947422087192549 0.086054746061563506 0.053855204954743392 1560.0000000000002 24 325.00000000000006 1225.0000000000002 0.076740767806768431 0.10922185331583024 25 0.055219287052750594 26 90.000000000000014 27 1715.0000000000002 2125.0000000000005 28 1280.0000000000002 1560.0000000000002 45.000000000000007 -0.88218119740486134 0.060448419302701957 85.500000000000014 0.055219287052750594 36.500000000000007 0.07936600968241693 0.084925193339586272 0.3744682669639588 0.00074296272941865038 325.00000000000006 29 61.500000000000007 30 31 53.500000000000007 135.00000000000003 32 33 715.00000000000011 0.098019190132617964 19.500000000000004 155.00000000000003 70.500000000000014 90.000000000000014 0.020426410250365738 0.18725895881652835 1.2928571701049807 0.051913643255829818 0.1510155871510506 715.00000000000011 34 615.00000000000011 38.500000000000007 75.500000000000014
decision_type=2 9 2 9 10 9 9 9 9 9 9 2 2 9 9 9 2 2 9 8 10 2 2 10 9 2 8 2 2 2 2 9 2 2 8 2 9 2 9 2 2 2 2 9 2 2 9 2 2 9 2 9 2 9 2 8 2 2 2 2 9 2 2 2 2 10 2 2 10 2 9 9 2 8 2 2 9 2 2 2 10 9 2 9 2 9 2 2 9 2 2 2 2 2 2 2 2 2 2 2 10 2 9 2 9 9 2 2 9 9 2 2 2 2 2 2 2 8 2 2 2 2 9 2 2 2
left_child=1 5 10 13 8 20 9 113 11 54 74 17 32 27 24 21 48 18 26 -20 30 -16 23 -23 25 56 -4 92 102 -30 91 -24 33 93 -35 -36 42 41 39 40 -39 43 121 44 -38 53 -43 -45 49 -12 51 -51 -52 -46 66 -56 62 58 -47 60 116 -61 -10 64 -64 119 -7 -11 -25 70 -50 72 -71 -26 -3 76 77 -76 112 104 81 84 83 -83 -17 -86 -40 -88 89 109 -91 -1 -2 94 95 -9 97 -95 -99 -69 -101 -34 -5 -48 -78 -21 -97 108 -84 -13 111 -111 -79 114 -8 -116 -60 -115 -119 120 -65 122 123 -19 -123 -126
right_child=3 2 4 28 -6 6 7 12 14 67 16 88 -14 -15 15 80 -18 36 19 105 -22 22 31 68 73 -27 -28 -29 29 -31 -32 -33 101 34 35 -37 37 38 86 -41 -42 46 -44 47 45 57 103 -49 69 50 52 -53 -54 -55 55 -57 -58 -59 59 61 -62 -63 63 65 -66 -67 -68 99 -70 71 -72 -73 -74 -75 75 -77 79 78 -80 -81 -82 82 107 -85 85 -87 87 -89 -90 90 -92 -93 -94 96 -96 106 -98 98 -100 100 -102 -103 -104 -105 -106 -107 -108 -109 -110 110 -112 -113 -114 117 115 -117 -118 118 -120 -121 -122 124 -124 -125 125 -127
leaf_value=0.028085795261643148 -0.10349185464572322 0.014327621341242078 0.0048684262148454673 -0.028633269689701219 0.0034100717169071385 0.027954831061793174 -0.0056258670279496865 -0.0073353700612164962 -0.0071336054580491423 -0.036648512771353121 0.00964579714694235 0.0075113233126744561 -0.080321786426148331 -0.10946103389186812 -0.00067520238663883083 -0.018435251564785395 -0.0068230768078176738 0.023969211957433765 -0.0076661953587754596 0.013224807450933622 0.02619161949559631 -0.020675573043516294 -0.01462703355809577 -0.12980299403366533 -0.011619065767568512 0.010505113420739606 -0.01373982714358371 0.00032006997395964229 -0.097172047029627423 -0.014078821519192737 0.0084740353932620891 0.020779304634444256 -0.00047836314917009976 -0.0056935486596882212 -0.017778594137061333 -0.047862367806562819 -0.041929289826886637 -0.033436911194951346 -0.0024694950831479594 0.0039954572137631816 -0.12489113604068755 0.0050349707887570715 -0.011494118176484243 -0.0095458104284449254 0.0030678314532889966 0.016389444791927849 -0.033136177896815465 -0.020399356818031584 -0.10127160210942113 0.004794221858085191 0.0077928513909426046 -0.017500208071871727 -0.00086012819436886024 -0.021457857864962241 -0.088398271846299128 0.0037747052577137945 0.019441760138250313 0.0071663972867605386 0.014066276842728256 0.017642654908867423 -0.10254600623872742 -0.040541822242550547 -0.10250513583179129 -0.056681506505668486 -0.034435332002495794 0.013223069971349278 0.0098750870498094424 0.0028443928711406304 -0.055283686802035471 0.016469508369176929 -0.00555293973293252 -0.00093496612146154261 0.00043139211273544631 -0.0028220764178813248 0.010953213146987875 0.014771369785823833 0.016080779341391061 -0.088230918944755946 0.018130655825558686 -0.0074111438409871664 0.0019414655449996898 0.0020663092391920161 -0.014390683582601829 -0.045455413055616421 0.0081964466377163654 -0.0056422820716120004 -0.088146754046635953 -0.0045681153477029239 -0.0031045056046532077 -0.079039466531071439 -0.012700965350317978 -0.010253062029223419 -0.056603419364262851 -0.046155893633085671 -0.0094624021683205779 -0.001308712335849796 -0.0070182938027091293 0.036068322863862953 -0.023975237964395185 -0.0078182604929696153 0.0021243627511441806 0.019255825797656338 0.018754539853069688 -0.083036771965330658 -0.0027575569537951409 0.0016865503602833316 0.0086574431114813267 -0.010947852112207742 0.020364278156775981 -0.0034825179829860837 0.0039373101625115852 -0.022931058426540956 -0.03880324280820787 0.011681659484584179 0.044026855294479916 0.0030290949659713263 -0.038667154417542572 -0.0012581472136046733 0.0080951106508983205 -0.014571290269031145 -0.020630093066118144 0.015504713289924083 -0.0011005841519258599 -0.022239967178108506 -0.0060622387734910726 0.005523669529586302
leaf_weight=197 162 751 1425 151 16946 1054 6186 4839 2391 211 14305 5527 105 395 1418 1618 6833 170 5404 1983 1276 7851 801 102 4330 870 7708 101 100 155 17643 520 2173 4570 2445 804 365 476 15860 407 124 323 7716 6344 843 538 1427 6293 118 1658 9576 2253 11019 1967 100 374 259 3591 119 360 123 239 214 297 184 357 9441 36917 121 2649 2681 23216 4277 32082 536 690 1081 340 123 14558 2532 627 925 899 2185 7720 139 437 40739 150 146 1844 467 494 5402 4213 7747 171 256 5869 7600 903 313 102 1719 15987 5283 19261 757 4771 8568 746 127 2966 222 1837 230 10362 6769 2539 608 1179 8149 1866 3586 4056
leaf_count=197 162 751 1425 151 16946 1054 6186 4839 2391 211 14305 5527 105 395 1418 1618 6833 170 5404 1983 1276 7851 801 102 4330 870 7708 101 100 155 17643 520 2173 4570 2445 804 365 476 15860 407 124 323 7716 6344 843 538 1427 6293 118 1658 9576 2253 11019 1967 100 374 259 3591 119 360 123 239 214 297 184 357 9441 36917 121 2649 2681 23216 4277 32082 536 690 1081 340 123 14558 2532 627 925 899 2185 7720 139 437 40739 150 146 1844 467 494 5402 4213 7747 171 256 5869 7600 903 313 102 1719 15987 5283 19261 757 4771 8568 746 127 2966 222 1837 230 10362 6769 2539 608 1179 8149 1866 3586 4056
internal_value=-0.00236155 -0.0021799 -0.00357758 -0.0533013 -0.00496317 0.0012347 0.00012333 -0.00246118 -0.00552703 0.00296725 0.000200022 -0.00420403 -0.00567709 -0.0772607 -0.00784253 -0.010213 0.00153641 -0.00577412 -0.00267817 0.000509554 0.00808768 -0.0170233 -0.0195085 -0.0225955 -0.00529797 -0.012031 -0.0108244 -0.0584709 -0.0144833 -0.0469167 0.00691694 -0.000637928 -0.00547706 -0.00639396 -0.013816 -0.0252356 -0.0072755 -0.00921505 -0.00478335 -0.0294014 -0.0525138 -0.0125997 -0.0043446 -0.0111313 -0.005359 -0.00369423 -0.0292442 -0.01494 0.00233279 0.00442193 0.00136781 -0.00808254 0.00316341 -0.0141671 0.0104936 -0.0158162 -0.0149124 0.00196678 -0.00963506 -0.0227112 -0.0443664 -0.00560173 -0.0162653 -0.0214622 -0.0712009 -0.0162367 0.0116933 0.00133366 -0.0897961 -0.00012869 -0.0100045 0.000788682 0.00655755 -0.00386741 -0.00506879 -0.00583185 -0.00660171 -0.0236794 -0.0555082 -0.0054758 -0.00819224 -0.00894953 -0.0110655 -0.0262254 -0.00480907 -0.00258642 -0.00325348 -0.0248551 -0.00162779 0.00139497 -0.0464714 -0.0065406 -0.0688247 -0.0043505 -0.00235067 0.000329787 -0.00890331 -0.0247343 9.84004e-05 0.00149371 -0.00220831 0.00531924 0.00309222 -0.03628 0.0045661 0.00296877 0.00423618 -0.00996502 0.00128942 0.00212045 -6.57327e-07 -0.006116 -0.0749008 0.00201049 -0.0023553 0.00746867 -0.0201227 0.00380263 0.00243788 -0.0192934 -0.0325108 -0.0014439 -0.00455567 -0.018282 0.00214915 8.69131e-05
internal_weight=519224 517380 367107 1844 268597 150273 129313 67747 251651 61566 98510 160183 39405 1125 91468 47337 78585 99536 32507 23374 20960 10813 9395 8074 44131 7719 9133 730 719 255 19684 1321 39300 36224 7819 3249 67029 40307 17443 1007 600 22864 26722 21012 8375 8010 1852 12637 71752 38811 24506 3911 20595 2810 10969 474 6849 5200 1609 1071 472 599 6590 4199 398 3801 10495 50597 223 32941 2799 30142 6926 36412 19925 19174 18484 1126 590 17358 36524 33992 22469 1526 11523 9905 16436 576 60647 19908 296 2041 629 28405 19737 14335 8668 921 427 50386 13469 3076 464 1529 2800 17970 9496 20943 1682 19612 14085 5517 467 28342 8245 2059 349 20097 17131 3444 905 19006 10185 2036 8821 7642
internal_count=519224 517380 367107 1844 268597 150273 129313 67747 251651 61566 98510 160183 39405 1125 91468 47337 78585 99536 32507 23374 20960 10813 9395 8074 44131 7719 9133 730 719 255 19684 1321 39300 36224 7819 3249 67029 40307 17443 1007 600 22864 26722 21012 8375 8010 1852 12637 71752 38811 24506 3911 20595 2810 10969 474 6849 5200 1609 1071 472 599 6590 4199 398 3801 10495 50597 223 32941 2799 30142 6926 36412 19925 19174 18484 1126 590 17358 36524 33992 22469 1526 11523 9905 16436 576 60647 19908 296 2041 629 28405 19737 14335 8668 921 427 50386 13469 3076 464 1529 2800 17970 9496 20943 1682 19612 14085 5517 467 28342 8245 2059 349 20097 17131 3444 905 19006 10185 2036 8821 7642
cat_boundaries=0 2 4 6 7 9 11 12 14 16 17 18 20 21 22 24 26 28 30 32 34 36 37 38 40 41 42 44 45 47 49 51 53 55 56 57
cat_threshold=423901782 170 303038466 8196 84 2 12 272904192 40 2763063424 22277 2562 573440 68 34603008 4 10 656416 65536 4353 1073758217 132096 2684420224 4353 69206016 16384 2097152 16896 1048576 17408 3800039456 26624 70255744 1536 0 512 2097152 8519680 196648 22017 524288 1073758217 32768 16 1073741825 612433920 1024 524288 2048 32768 4 2148532224 4 32768 16 2 536870912
is_linear=0
shrinkage=0.03


Tree=35
num_leaves=127
num_cat=19
split_feature=0 48 21 4 8 25 25 12 23 25 25 30 27 4 0 25 23 30 2 0 25 0 25 3 25 2 0 0 0 0 22 20 27 27 3 4 25 25 25 4 25 0 25 0 4 4 0 27 0 25 25 25 20 4 27 25 22 0 36 48 44 26 23 3 0 27 4 27 27 44 25 47 48 25 25 25 3 25 25 0 23 21 25 20 27 21 23 25 4 25 25 25 4 4 27 25 25 25 0 30 26 26 27 21 40 0 27 48 48 8 0 0 30 3 21 22 3 25 22 12 23 25 0 23 0 25
split_gain=4255.36 2519.08 2085.04 860.091 736.084 679.273 602.521 802.396 960.149 775.556 610.514 593.327 506.711 498.263 474.368 617.824 466.514 452.369 451.532 421.507 536.603 428.031 371.727 358.419 353.444 342.022 336.442 446.965 333.807 333.745 312.757 307.115 302.539 442.361 373.363 337.5 333.404 330.836 476.987 339.436 498.829 314.63 465.759 739.939 407.705 316.929 395.184 361.097 3170.35 493.133 624.922 445.72 1041.56 309.945 286.823 290.72 281.172 399.104 275.275 276.895 264.625 262.817 270.311 262.336 256.69 263.862 284.112 250.596 248.598 246.121 233.445 231.778 230.385 230.073 472.098 420.262 344.879 536.667 395.696 228.987 301.943 353.177 227.9 245.007 222.552 218.583 216.96 216.443 353.025 262.628 374.416 636.889 314.997 365.923 236.485 327.585 213.937 298.481 213.028 209.863 291.909 425.573 208.609 206.37 206.336 205.253 190.377 187.836 288.139 202.088 183.283 182.779 188.942 181.733 180.254 238.339 185.976 179.283 174.772 174.178 174.142 172.554 196.641 172.142 167.387 166.748
threshold=13030.000000000002 0.7500000298023225 0.090277068316936507 0 5.5000000000000009 7.5000000000000009 73.500000000000014 -0.36648371815681452 0.093464292585849776 50.500000000000007 35.500000000000007 0.086054746061563506 0.059944719076156623 1 325.00000000000006 23.500000000000004 0.048478709533810622 0.086054746061563506 2 225.00000000000003 68.500000000000014 1715.0000000000002 90.500000000000014 3 10.500000000000002 4 1715.0000000000002 1940.0000000000002 27950.000000000004 1280.0000000000002 -0.04046273045241832 88.500000000000014 0.059944719076156623 0.051913643255829818 5 6 83.500000000000014 19.500000000000004 14.500000000000002 7 16.500000000000004 950.00000000000011 20.500000000000004 850.00000000000011 8 9 475.00000000000006 0.076740767806768431 475.00000000000006 120.50000000000001 78.500000000000014 86.500000000000014 78.500000000000014 10 0.084925193339586272 77.500000000000014 -1.4639971256256101 1560.0000000000002 7.2500000000000009 11.749999523162844 0.080499999225139632 0.28312641382217413 0.058227287605404861 11 225.00000000000003 0.055219287052750594 12 0.064750330522656455 0.16058247536420825 0.2884999960660935 14.500000000000002 9.8849997520446795 1.0000000180025095e-35 67.500000000000014 36.500000000000007 77.500000000000014 13 89.500000000000014 93.500000000000014 1560.0000000000002 0.081555202603340163 0.11373248696327211 37.500000000000007 78.500000000000014 0.058846931904554374 0.056888267397880561 0.10777157172560693 104.50000000000001 14 79.500000000000014 67.500000000000014 52.500000000000007 15 16 0.058047603815793998 97.500000000000014 67.500000000000014 66.500000000000014 850.00000000000011 0.065987627953290953 0.012562177609652283 0.0035787933738902216 0.060448419302701957 0.11281433328986169 32.350000381469734 325.00000000000006 0.064750330522656455 20.050000190734867 20.550000190734867 9.5000000000000018 1225.0000000000002 325.00000000000006 0.16563932597637179 17 0.066131956875324263 -0.45820881426334376 18 102.50000000000001 -2.3023446202278133 -0.28519998490810389 0.10648350790143014 42.500000000000007 1225.0000000000002 0.0301526477560401 10450.000000000002 97.500000000000014
decision_type=2 2 8 9 2 2 2 2 8 2 2 10 2 9 2 2 8 10 9 2 2 2 2 1 2 9 2 2 2 2 10 2 2 2 1 9 2 2 2 9 2 2 2 2 9 9 2 2 2 2 2 2 2 9 2 2 8 2 2 2 2 10 10 1 2 2 9 2 2 2 2 2 2 2 2 2 1 2 2 2 8 10 2 2 2 10 10 2 9 2 2 2 9 9 2 2 2 2 2 10 10 10 2 8 2 2 2 2 2 2 2 2 10 1 10 10 1 2 10 2 10 2 2 8 2 2
left_child=1 12 3 61 11 -2 9 -8 -9 10 13 16 31 119 15 23 -4 18 99 20 -18 79 26 24 -6 85 29 -28 -12 72 -20 -1 33 35 41 -16 68 38 -35 40 -40 42 43 44 70 46 -44 53 -49 50 -50 52 -52 -47 55 107 57 118 59 -43 82 111 -63 -13 65 -26 -67 102 -36 -10 -34 -57 -14 74 -37 -75 -77 -78 -79 80 81 -21 -61 121 87 86 -19 89 -89 90 91 -39 -93 -94 -91 113 97 -56 -51 -5 101 -101 -25 -82 -74 -33 -55 -17 109 -109 -65 -3 -113 -96 123 -116 -117 125 -27 -7 -105 122 -84 -58 -29 -53
right_child=5 2 4 17 14 6 7 8 69 -11 28 63 22 -15 32 54 19 25 30 21 -22 -23 -24 67 64 56 27 124 -30 -31 -32 105 34 37 36 73 -38 84 39 -41 -42 58 45 -45 -46 47 -48 48 49 98 51 117 -54 106 96 71 114 -59 -60 60 -62 62 -64 110 -66 66 -68 -69 -70 -71 -72 -73 104 75 -76 76 77 78 -80 -81 103 -83 83 -85 -86 -87 -88 88 -90 94 -92 92 93 -95 95 -97 -98 -99 -100 100 -102 -103 -104 120 -106 -107 -108 108 -110 -111 -112 112 -114 -115 115 116 -118 -119 -120 -121 -122 -123 -124 -125 -126 -127
leaf_value=0.009129911145343313 0.0099805030013744109 0.019949341113279898 0.0073463015795573313 0.0088079100234340277 -0.017223665728447305 -0.12915943459806772 0.046339051267679995 0.014071012682346789 -0.056763196764023673 -0.12374328711226178 -0.048137515007922078 -0.0035409188982850085 0.0031958024772469735 -0.045938731834485935 0.01436661513020477 -0.0018916895258152295 -0.012084637737327725 0.0049732798637711203 -0.007073852019665797 -0.043724033410205379 -0.033772686184979951 -0.056273797100240532 -0.0061656363543591847 -0.0035570719588818201 -0.017384740396028345 0.021738571302623164 -0.077416117736271453 -0.027144367691367147 0.011689649259866174 0.016947815668871817 0.0017732623580188692 -0.00037769499485823689 0.0029394358448091504 0.0088935674324649629 -0.000441841904310277 0.0045164225080253466 0.0091618189059634158 0.0057663922677856664 -0.08210322877918852 -0.0035799589343484171 -0.020689619010062488 0.0014364892410141392 -0.0085208707649984186 -0.075440297818850158 -0.0058165797277519877 0.010159240908930748 0.0023666900312248394 -0.14432167164132564 -0.0061368351889211879 0.0066458967797539828 -0.10674772059413537 -0.0042755209115732992 -0.0072858415838884232 -0.016963289187474782 -0.01539785702768201 -0.0056820529937888784 -0.0053401656686004138 -0.060315993351789263 0.0013404631954438927 0.0020261631226292012 -0.0035573904028495273 -0.045401119730051828 0.0045306898857740653 -0.013568539881837934 0.012500893692379854 0.019725863213131155 -0.0018295865053034974 -0.013103204524781996 -0.01812818128402529 -0.11168688476085663 -0.044458978439302882 -0.012753020979721055 -0.0034270068718030996 0.010461394193579327 -0.026734297596571116 -0.0049662588411137033 -0.064902975105539301 0.01826170969288796 -0.037637702145025528 0.0090535384983214118 -0.0015766988456558371 -0.0089631476473582845 -0.018371534712266088 -0.0058350632479814233 0.010274628040024101 0.0021784473308325111 0.015348137915149591 0.021471437827117509 -0.0082671405191067603 0.0039505162356098782 0.010996487035062178 -0.0033426084318582271 0.025804712774573274 -0.027021862857031106 -0.048995011881958664 -0.0047358939602510182 -0.00098752678639414432 -0.055353042077419624 0.047324864881139399 0.011427015459549654 0.0044934331470097965 -0.04046139986982026 0.013100164874662678 -0.0077799874858570615 0.0010794873624776088 0.0060755327356957593 0.012671472407116089 -0.051444551933786317 -0.0057433074272755704 -1.3744014601259339e-05 -0.054955528129178741 -0.00012954320445474304 0.016015469477971073 -0.016591575619321015 -0.046343325235916728 -0.0013272861642202208 -0.016482640847069293 -0.0086125562202098386 -0.013438565327162722 -0.075985450036454905 -0.014633669109523123 -0.01552881712798649 -0.067805759633678617 0.0048024206851440283 0.0079101600254043222 -0.03021793613288885
leaf_weight=11261 166 2670 1595 3643 588 144 101 170 284 184 225 44140 30067 230 637 14649 5722 6456 15828 459 1251 164 6624 3870 586 146 104 238 133 1224 4653 9020 116 927 19159 635 3323 5819 144 742 672 8197 4958 194 1473 1538 7596 157 7401 632 174 279 207 890 3144 8124 1929 153 12129 1243 39475 101 2251 1330 3583 800 1758 2105 742 101 479 8582 12747 1199 1379 2323 243 227 227 708 4386 616 171 2993 3556 18366 2523 1163 519 1177 3672 2159 130 1207 277 1374 891 177 141 229 1307 373 819 34040 32344 8727 249 210 28965 102 103 1178 1461 358 116 6027 828 1048 942 100 3700 2965 126 6856 251 1117
leaf_count=11261 166 2670 1595 3643 588 144 101 170 284 184 225 44140 30067 230 637 14649 5722 6456 15828 459 1251 164 6624 3870 586 146 104 238 133 1224 4653 9020 116 927 19159 635 3323 5819 144 742 672 8197 4958 194 1473 1538 7596 157 7401 632 174 279 207 890 3144 8124 1929 153 12129 1243 39475 101 2251 1330 3583 800 1758 2105 742 101 479 8582 12747 1199 1379 2323 243 227 227 708 4386 616 171 2993 3556 18366 2523 1163 519 1177 3672 2159 130 1207 277 1374 891 177 141 229 1307 373 819 34040 32344 8727 249 210 28965 102 103 1178 1461 358 116 6027 828 1048 942 100 3700 2965 126 6856 251 1117
internal_value=-0.0022923 -0.00213049 -0.00323371 0.00117255 -0.0042849 -0.0478465 -0.0535903 -0.0311063 -0.045258 -0.0680626 -0.0556148 -0.00645745 0.0018387 -0.0779253 -0.00335266 -0.00523473 -0.00862702 0.000133333 -0.00300569 -0.00912626 -0.0159799 -0.00804157 0.000653239 0.000454511 0.0050623 0.00197627 0.0012401 -0.0212506 -0.0259406 0.00141499 -0.00506145 0.00525496 -0.00236159 0.000290614 -0.00304629 -0.00641784 0.000366801 0.00221945 -0.00813989 -0.0182739 -0.0316145 -0.00387242 -0.00650541 -0.0195673 -0.0142919 -0.00538498 -0.00193351 -0.00851697 -0.0108911 -0.0089736 -0.0107203 -0.0227218 -0.0528699 0.00137739 -0.0064726 -0.00594653 -0.00136578 -0.0151092 -0.00275148 -0.00365109 -0.00453891 0.0107177 0.00236813 -0.00395126 0.00701256 0.000755908 0.00491683 -0.00450664 -0.00110215 -0.0714238 -0.0352289 -0.00931501 0.0011618 -0.00854393 -0.0168838 -0.00455971 -0.0105249 -0.0290173 -0.00970929 -0.00786015 -0.00813754 -0.0238321 -0.00970521 -0.0120364 0.0034221 0.00405259 0.00788989 0.00205685 0.0122958 0.000991303 0.00288485 -0.000313614 -0.0104324 -0.0218699 -0.0067258 -0.0129795 -0.0140422 -0.0175434 0.0141175 0.0045783 -0.0034696 -0.0207369 -0.000645478 -0.00773648 -0.000194524 0.00279581 -0.0104793 -0.00466524 -0.0060529 -0.0346844 -0.0165796 0.0144156 0.00881132 -0.0307814 -0.00028327 -0.00388513 -0.00316 -0.0180022 -0.00870248 -0.107766 -0.00845229 -0.0177229 -0.0395008 0.00257497 -0.00917172 -0.0250399
internal_weight=519586 517748 405141 78036 327105 1838 1672 656 555 1016 832 98214 112607 474 228891 78953 52641 70375 26033 51046 6973 44073 83599 14109 7315 44342 76975 593 358 76382 20481 29008 149938 30766 119172 6870 23224 23896 2485 1558 816 95948 28649 2262 2068 26387 12554 13833 11156 10999 10226 2825 381 2677 64844 60632 16997 1241 67299 55170 46973 7661 2352 45573 6727 3144 2558 6794 19901 385 595 16706 75158 6233 2014 4219 3020 697 454 43909 43201 1075 7498 6255 21411 27345 8979 17855 1682 16173 12987 9315 3496 1337 3186 2009 4212 3321 773 5552 1909 602 4689 42126 45091 17747 1139 43926 29277 312 1433 5309 2639 635 15756 6971 6855 2444 1088 244 37740 3262 297 8785 489 1396
internal_count=519586 517748 405141 78036 327105 1838 1672 656 555 1016 832 98214 112607 474 228891 78953 52641 70375 26033 51046 6973 44073 83599 14109 7315 44342 76975 593 358 76382 20481 29008 149938 30766 119172 6870 23224 23896 2485 1558 816 95948 28649 2262 2068 26387 12554 13833 11156 10999 10226 2825 381 2677 64844 60632 16997 1241 67299 55170 46973 7661 2352 45573 6727 3144 2558 6794 19901 385 595 16706 75158 6233 2014 4219 3020 697 454 43909 43201 1075 7498 6255 21411 27345 8979 17855 1682 16173 12987 9315 3496 1337 3186 2009 4212 3321 773 5552 1909 602 4689 42126 45091 17747 1139 43926 29277 312 1433 5309 2639 635 15756 6971 6855 2444 1088 244 37740 3262 297 8785 489 1396
cat_boundaries=0 1 2 3 4 5 6 7 8 9 10 11 12 13 14 15 16 17 18 19
cat_threshold=2 4 4 2 6 2 2 1 1 1 4 2 2 2 4 1 4 2 2
is_linear=0
shrinkage=0.03


Tree=36
num_leaves=127
num_cat=34
split_feature=1 5 40 5 5 1 5 13 5 5 36 23 1 28 5 25 12 31 1 13 26 13 47 5 1 5 27 5 5 23 5 12 12 31 1 5 5 27 5 1 27 23 1 25 26 25 1 5 5 5 5 8 23 30 25 25 25 5 1 27 3 12 44 23 21 25 27 1 27 1 5 27 27 5 1 25 25 27 25 20 1 28 1 1 25 27 27 5 25 25 5 5 27 5 5 30 47 27 1 27 4 5 1 25 27 5 5 27 5 1 27 20 25 1 25 1 38 27 25 25 25 1 4 25 1 27
split_gain=4799.56 2501.01 2405.5 1894.8 1560.63 1142.16 2389.21 1515.98 995.207 941.896 842.287 582.287 578.588 514.817 482.994 598.802 778.025 506.553 478.297 464.31 461.186 425.81 597.27 569.871 414.344 412.499 715.854 867.211 441.354 392.539 474.576 359.523 370.381 355.717 350.037 1263.08 1118.23 1125.58 879.328 798.857 789.69 553.651 598.703 507.024 491.093 371.977 363.016 394.642 352.5 339.735 338.449 346.994 335.387 455.699 329.303 326.236 317.106 317.091 319.489 316.686 366.789 315.549 321.228 308.462 288.996 287.218 278.968 368.998 696.632 271.848 294.769 308.805 272.874 267.571 265.799 623.347 793.07 323.346 277.447 265.112 264.708 508.215 352.971 262.36 779.127 923.625 362.898 256.532 782.202 256.027 248.145 245.882 243.572 329.284 243.215 240.443 238.481 237.73 445.298 237.288 307.693 278.684 499.556 563.898 236.821 552.613 539.002 331.96 293.707 756.282 846.861 380.776 280.537 668.439 266.068 258.064 1037.58 273.882 245.42 347.356 354.02 441.787 265.185 241.278 292.559 262.665
threshold=9.461545944213869 0 34.250000000000007 1 2 5.1923544406890878 3 17.500000000000004 4 5 6.2500000000000009 0.064333807677030577 7.3876662254333505 0.090328950434923186 6 88.500000000000014 -0.031174269504845139 0.048010099679231651 6.8561301231384286 24.500000000000004 0.17269647866487506 25.500000000000004 23.164999961853031 7 4.5047848224639901 8 0.086274277418851866 9 10 0.12228051945567132 11 0.69521084427833568 0.94066718220710765 0.03126017842441798 5.759707212448121 12 13 0.059944719076156623 14 6.8561301231384286 0.064750330522656455 0.081555202603340163 7.3527534008026132 17.500000000000004 0.084485240280628218 17.500000000000004 4.1348783969879159 15 16 17 18 5.5000000000000009 0.11144557595252992 0.088881377130746855 23.500000000000004 103.50000000000001 27.500000000000004 19 5.759707212448121 0.16058247536420825 20 0.78724360466003429 0.076499998569488539 0.043235365301370628 0.098465938121080412 38.500000000000007 0.058047603815793998 5.0493419170379648 0.07936600968241693 3.822698831558228 21 0.05270845256745816 0.055219287052750594 22 5.4143788814544687 103.50000000000001 77.500000000000014 0.051913643255829818 49.000000000000007 39.500000000000007 7.2490057945251474 0.09217460080981256 7.1552743911743173 5.759707212448121 20.500000000000004 0.08212983608245851 0.058047603815793998 23 90.500000000000014 97.500000000000014 24 25 0.058047603815793998 26 27 0.10685699060559274 47.645000457763679 0.095947422087192549 6.8561301231384286 0.053263295441865928 28 29 5.759707212448121 117.50000000000001 0.098654624074697508 30 31 0.10038758814334871 32 7.1113042831420907 0.14242830872535708 61.500000000000007 113.00000000000001 6.744683265686036 75.500000000000014 7.1552743911743173 17.550000190734867 0.1045757830142975 90.500000000000014 61.500000000000007 26.500000000000004 6.8561301231384286 33 72.500000000000014 6.744683265686036 0.092709075659513487
decision_type=2 9 2 9 9 2 9 2 9 9 2 8 2 10 9 2 2 8 2 2 10 2 2 9 2 9 2 9 9 10 9 2 2 8 2 9 9 2 9 2 2 8 2 2 8 2 2 9 9 9 9 2 10 10 2 2 2 9 2 2 1 2 2 8 10 2 2 2 2 2 9 2 2 9 2 2 2 2 2 2 2 8 2 2 2 2 2 9 2 2 9 9 2 9 9 10 2 2 2 2 9 9 2 2 2 9 9 2 9 2 2 2 2 2 2 2 2 2 2 2 2 2 9 2 2 2
left_child=1 13 4 11 5 6 7 -3 19 -8 12 -2 21 24 15 16 57 52 33 -4 91 22 -7 92 69 26 28 59 -24 34 -31 90 -33 -18 35 46 39 38 55 40 43 42 -39 -36 -37 -40 48 -48 -19 95 51 -43 53 -16 -49 94 66 58 -6 60 -28 62 -13 -56 -47 -42 -46 -68 -69 -1 72 -72 -71 -32 78 76 -76 -78 -58 -79 82 -82 -51 -35 85 86 -85 88 -64 -10 -5 -11 93 -23 -38 99 -26 98 -29 101 -101 102 -12 -104 106 108 112 114 109 -106 111 -111 118 -114 -107 -110 117 -117 119 120 121 122 -52 -121 -125 -126
right_child=3 2 8 31 14 10 9 -9 89 20 49 61 -14 -15 17 -17 18 29 -20 -21 -22 23 25 -25 96 -27 27 97 -30 30 73 32 -34 83 36 44 37 41 45 -41 65 50 -44 -45 56 64 47 54 -50 80 104 -53 -54 -55 63 -57 74 -59 -60 -61 -62 -63 87 -65 -66 -67 67 68 -70 70 71 -73 -74 -75 75 -77 77 79 -80 -81 81 -83 -84 84 -86 -87 -88 -89 -90 -91 -92 -93 -94 -95 -96 -97 -98 -99 -100 100 -102 -103 103 -105 105 107 -108 -109 115 110 -112 -113 113 -115 -116 116 -118 -119 -120 123 -122 -123 -124 124 125 -127
leaf_value=0.026936905673731151 -0.011711388853115913 -0.017178402034219234 -0.010065249045562668 -0.026340348479706188 0.0022700503649024832 -0.0003075017260043903 -0.013715120515136799 -0.091321733068910088 0.0050065787642058586 0.00047187648118536085 0.0050059683838855236 -0.042949187014866795 -0.034083694352208739 0.026437848134908855 -0.005815979588658645 0.0070602603511478925 -0.0074097336227826952 -5.2660544728081097e-05 -0.0031614044267163368 -0.00037978162101847378 0.023272520835875228 -0.015914304290597404 -0.029908051215206389 -0.0035557705505632736 0.0068464617704578831 -0.0038960658636515866 -0.017928762012660943 -0.068562095944981763 0.0020381221248681426 -0.031379003983301276 0.0031826206328488338 -0.085306636993499357 -0.0098346837685048139 -0.0165958799095739 -0.079079459413092149 -0.025986706561767298 -0.0060124748708272465 -0.060135925492514737 -0.057125616384049255 0.017037953925293028 -0.047923918193041835 -0.014203232070958499 -0.0047034777596582497 -0.016489030686420901 -0.033355942350539507 0.00094914031003361771 0.016223052816806742 0.0045515358026370122 -0.024843092177185607 0.0010501020528951924 -0.079527947208062361 -0.0059649339619776967 0.0075914144574735403 0.0037122703019702502 0.013281464758531553 0.022432044269838112 0.017423849438880007 -0.008206424440485565 0.036522495710719242 0.0053786971853192088 0.025303899616681596 -0.05438391589468583 -0.0071750683585802711 -0.0068188877038924825 -0.0075850910835710888 -0.10292046735503456 0.013781453736969295 -0.0034565279583693388 -0.063425864191931608 -0.021857205562591551 -0.046469065366383719 -0.00898614596467112 0.031747731761766318 -0.013480645701381144 -0.0096409949218144962 0.00076121626078379625 -0.0069098875560420006 -0.078790411893278359 -0.0066297376886767538 -0.029868645613199862 -0.077168739137324416 -0.005690653059510109 0.046265854927209707 -0.058714018279766023 -0.020234278033710876 -0.11217861416836067 -0.00080978160715088825 -0.11649882384947129 -0.12091888343965686 -0.0082471625337056619 0.018121006230146369 -0.005506571712989591 0.0028025796394605517 0.008747493310837141 0.010404455783101394 0.01086860895107537 0.016204278291714291 -0.040933830667800035 0.0047997907284174999 -0.010478391226085329 0.0096517144620791723 0.009538344754865806 -0.02708247798046054 0.0198850856817527 0.013839098286640596 -0.00096358272559262173 0.0013152253310191645 -0.0015976053699858106 -0.0085774582803880024 -0.053143024042937435 -0.014787612019710801 -0.13028595305406129 0.0091703664571148435 -0.027439765386006815 -0.033544672368677322 -0.039526464935806062 0.013378106157951318 -0.10001412622204849 0.0039384869206569324 -0.028629694898781265 0.0016052305392788688 -0.0054862107964846673 -0.022542560537759625 0.0094407083789802664 -0.025017209647984321 -0.0032656916611344239
leaf_weight=213 116 521 4959 161 2324 15897 8590 474 48948 11056 1614 102 507 1287 12150 1775 2407 1005 2509 43719 621 1429 434 29616 14591 10040 2951 100 3099 1053 1191 101 138 5741 121 1991 1003 344 107 447 407 6496 357 2621 973 13629 1299 5621 1062 39292 136 15782 3693 7190 758 1684 454 3217 273 841 187 265 107 7262 4838 109 357 538 257 124 229 1420 270 3183 6764 2661 571 103 8403 2678 109 482 155 210 2558 193 181 418 110 1347 319 14068 31755 730 4174 5943 2946 1546 283 780 5475 1344 1294 279 250 386 17284 17222 11321 118 285 116 636 1521 542 134 256 139 2283 831 4195 733 161 546 1117 904
leaf_count=213 116 521 4959 161 2324 15897 8590 474 48948 11056 1614 102 507 1287 12150 1775 2407 1005 2509 43719 621 1429 434 29616 14591 10040 2951 100 3099 1053 1191 101 138 5741 121 1991 1003 344 107 447 407 6496 357 2621 973 13629 1299 5621 1062 39292 136 15782 3693 7190 758 1684 454 3217 273 841 187 265 107 7262 4838 109 357 538 257 124 229 1420 270 3183 6764 2661 571 103 8403 2678 109 482 155 210 2558 193 181 418 110 1347 319 14068 31755 730 4174 5943 2946 1546 283 780 5475 1344 1294 279 250 386 17284 17222 11321 118 285 116 636 1521 542 134 256 139 2283 831 4195 733 161 546 1117 904
internal_value=-0.00223516 -0.00206325 -0.00249312 -0.0506278 -0.00353551 -0.00158603 -0.00645716 -0.0520328 0.00169158 -0.0051183 -0.000484192 -0.0747874 -0.00214897 0.00805501 -0.00534894 -0.00961801 -0.0111326 -0.00485338 -0.0150108 -0.00136638 -0.00224527 -0.00198493 -0.00462264 -0.000516013 0.0068625 -0.00814372 -0.0126425 -0.0190432 -0.00197242 -0.00544751 -0.0133786 -0.0118067 -0.0419512 -0.0176436 -0.0051715 -0.00748421 -0.00429818 -0.00374824 0.00178121 -0.0204852 -0.0257 -0.0054211 -0.0319526 -0.0192789 -0.0116725 -0.00161082 -0.00113493 0.000495013 -0.0129159 0.00243129 -0.00519769 -0.0083639 -0.000691688 -0.00227367 -0.00101496 0.0109494 -0.0104769 -0.00192697 0.00586082 -0.0109373 -0.0153452 -0.0828163 -0.0929521 -0.00491771 -0.00128695 -0.059718 -0.0215343 -0.0115292 -0.0228982 -0.00523758 -0.00860358 -0.0141308 0.0144975 -0.00894679 -0.00938979 -0.0121584 -0.0155566 -0.0274873 -0.00539495 -0.0317082 0.000929911 -0.0189817 0.00122894 -0.0204156 -0.0273873 -0.0586302 -0.0319797 -0.100904 -0.0622671 0.00465054 0.00301329 -0.0028778 0.00213895 -0.00760866 0.00723175 0.00602015 0.00841929 -0.0355084 -0.0144834 0.00335351 0.00714021 -0.00187442 -0.00669773 -0.0187446 -0.0040414 -0.00589666 -0.00216154 -0.00253858 -0.0107155 -0.0286194 -0.0496091 -0.0917765 -0.00675733 -0.0166459 -0.0200082 -0.00952819 -0.0299998 -0.0705768 -0.00480642 -0.00712188 -0.00226532 -0.0180156 -0.0488162 -0.0145868 -0.0100314 -0.0152941
internal_weight=519242 517405 496325 1837 397352 191512 35330 995 98973 34335 156182 1118 99415 21080 205840 21388 19613 184452 13799 48678 25745 98908 35378 63530 19793 19481 9441 5908 3533 161419 5427 719 239 11290 155992 42757 113235 109530 25435 3705 3258 84095 701 2742 25750 18574 17007 14940 2067 56767 83394 22278 23033 19340 13641 6861 23759 5814 2597 3979 3138 1002 737 8020 18467 516 2125 1152 795 2256 2043 1649 394 4374 21634 12777 10116 3352 8857 2781 40038 591 39447 8883 3142 584 391 635 217 50295 480 25124 33914 2159 5177 16729 17537 1929 383 10786 6255 4531 3187 1573 61116 30769 30347 18150 12619 769 519 234 13063 2157 928 11850 529 273 10906 8623 5225 1030 297 3398 2567 2021
internal_count=519242 517405 496325 1837 397352 191512 35330 995 98973 34335 156182 1118 99415 21080 205840 21388 19613 184452 13799 48678 25745 98908 35378 63530 19793 19481 9441 5908 3533 161419 5427 719 239 11290 155992 42757 113235 109530 25435 3705 3258 84095 701 2742 25750 18574 17007 14940 2067 56767 83394 22278 23033 19340 13641 6861 23759 5814 2597 3979 3138 1002 737 8020 18467 516 2125 1152 795 2256 2043 1649 394 4374 21634 12777 10116 3352 8857 2781 40038 591 39447 8883 3142 584 391 635 217 50295 480 25124 33914 2159 5177 16729 17537 1929 383 10786 6255 4531 3187 1573 61116 30769 30347 18150 12619 769 519 234 13063 2157 928 11850 529 273 10906 8623 5225 1030 297 3398 2567 2021
cat_boundaries=0 2 4 6 8 10 12 13 15 17 18 19 21 23 24 26 28 29 31 33 34 35 37 39 41 43 45 47 48 49 51 53 55 57 58
cat_threshold=84 2 303038466 8196 2647014018 5800 131072 4096 2565587593 965 514 512 17441 155591298 4608 360854016 512 293601792 512 2621440 4 1076396040 320 524288 571572224 8196 32768 64 2621448 272769666 128 1076920320 64 1056 2 16 2 1610612736 256 33554432 4 524288 2048 67112960 168 16785920 4096 536870912 2 640 128 536870920 16656 33554432 10244 0 16384 4
is_linear=0
shrinkage=0.03


Tree=37
num_leaves=127
num_cat=44
split_feature=0 34 5 5 5 31 5 5 0 17 2 5 5 0 12 23 23 5 0 31 23 13 2 5 0 5 26 0 40 5 25 5 32 2 34 47 2 5 0 5 5 0 25 0 0 25 5 0 5 5 5 25 5 48 5 0 5 5 0 5 5 26 0 0 48 26 5 0 20 47 5 0 0 25 13 5 13 5 22 0 3 22 5 0 25 31 0 0 5 5 0 5 25 25 25 5 5 25 12 25 13 26 25 22 13 25 4 0 0 25 25 25 47 25 25 26 0 5 5 44 4 25 12 25 28 25
split_gain=4365.48 2473.23 2199.46 1722.52 1256.17 1220.82 846.687 828.98 568.346 561.536 549.717 1698 1220.64 931.157 665.097 545.239 509.112 508.281 648.534 502.161 629.584 397.775 411.252 869.355 407.345 391.983 379.899 378.918 1158.45 375.475 728.404 368.782 359.542 358.361 350.753 349.339 335.17 665.246 499.66 956.447 575.222 644.441 370.93 358.584 437.558 316.258 311.742 353.891 1176.45 460.099 382.354 310.796 378.068 744.807 303.45 312.773 305.706 294.2 287.04 1000.45 286.735 282.626 339.906 281.057 280.777 279.192 268.438 266.334 313.325 263.974 345.215 271.593 260.213 461.836 351.221 259.073 257.695 256.309 312.114 417.779 295.215 254.12 250.927 236.513 432.951 266.698 235.097 227.312 2027.04 1310.32 977.781 961.95 467.54 579.863 421.673 408.76 388.53 371.74 434.66 279.849 306.704 271.602 268.481 244.079 218.29 212.676 208.485 1066.19 699.603 515.125 280.419 246.047 279.979 206.22 230.114 205.207 199.08 318.961 303.206 228.615 198.283 196.908 195.543 596.86 223.28 192.364
threshold=13030.000000000002 22.565000534057621 0 1 2 0.063124977052211775 3 4 1560.0000000000002 14.500000000000002 5 6 7 715.00000000000011 -0.013976481743156908 0.064333807677030577 0.076926078647375121 8 90.000000000000014 0.047392372041940696 0.12228051945567132 24.500000000000004 9 10 1225.0000000000002 11 0.015936902258545164 1280.0000000000002 16.050000190734867 12 47.500000000000007 13 0.22560109943151477 14 68.064998626708999 18.445000648498539 15 16 950.00000000000011 17 18 1225.0000000000002 59.500000000000007 715.00000000000011 615.00000000000011 53.500000000000007 19 180.00000000000003 20 21 22 50.500000000000007 23 47.250000000000007 24 615.00000000000011 25 26 325.00000000000006 27 28 0.16209227591753009 950.00000000000011 325.00000000000006 22.149999618530277 0.15386056900024417 29 615.00000000000011 78.500000000000014 35.935001373291023 30 45.000000000000007 1225.0000000000002 57.500000000000007 33.500000000000007 31 24.500000000000004 32 -0.46683321893215174 90.000000000000014 33 0.16811463981866839 34 1560.0000000000002 90.500000000000014 0.024274144321680072 950.00000000000011 325.00000000000006 35 36 615.00000000000011 37 77.500000000000014 89.500000000000014 17.500000000000004 38 39 18.500000000000004 0.7074720859527589 88.500000000000014 49.500000000000007 0.14037989079952243 49.000000000000007 -0.11594646796584128 44.500000000000007 21.500000000000004 40 615.00000000000011 615.00000000000011 102.50000000000001 103.50000000000001 19.500000000000004 37.065000534057624 75.500000000000014 59.500000000000007 0.13385654240846637 155.00000000000003 41 42 0.10649999976158143 43 87.500000000000014 -0.031174269504845139 53.500000000000007 0.10869485884904863 125.00000000000001
decision_type=2 2 9 9 9 8 9 9 2 2 9 9 9 2 2 8 10 9 2 8 10 2 9 9 2 9 10 2 2 9 2 9 8 9 2 2 9 9 2 9 9 2 2 2 2 2 9 2 9 9 9 2 9 2 9 2 9 9 2 9 9 10 2 2 2 10 9 2 2 2 9 2 2 2 2 9 2 9 8 2 1 10 9 2 2 10 2 2 9 9 2 9 2 2 2 9 9 2 2 2 2 10 2 8 2 2 9 2 2 2 2 2 2 2 2 10 2 9 9 2 9 2 2 2 10 2
left_child=1 2 5 -2 36 6 115 15 10 17 11 14 13 106 116 -5 83 18 -7 26 54 22 -20 33 -25 -10 86 29 32 30 -13 -18 -29 -24 -6 -35 37 -3 39 43 41 -40 45 44 82 58 -11 48 -48 -49 -50 -17 53 -53 55 56 -21 -16 66 -60 -57 -22 -63 104 -41 87 -39 -66 -69 71 -71 -31 73 -32 -75 -46 -42 81 79 -79 -81 -73 -38 85 -85 -8 -14 88 -56 94 91 103 -90 101 -89 -92 99 -96 105 100 -93 -94 -100 -91 -58 -99 107 110 111 -109 -12 -108 -113 114 -15 -1 118 -118 -4 -120 -27 -76 -98 -124 -125 -52
right_child=3 4 8 7 34 9 16 -9 25 46 12 27 19 113 57 51 31 -19 21 20 61 -23 23 24 -26 120 -28 28 -30 69 72 -33 -34 35 -36 -37 38 42 40 64 76 -43 -44 -45 75 -47 47 49 50 -51 125 52 -54 -55 65 60 63 -59 59 -61 -62 62 -64 -65 67 -67 -68 68 -70 70 -72 77 -74 74 121 -77 -78 78 -80 80 -82 -83 -84 84 -86 -87 -88 89 92 90 95 96 93 -95 97 -97 122 98 102 -101 -102 -103 -104 -105 -106 -107 108 109 -110 -111 -112 112 -114 -115 -116 -117 117 -119 119 -121 -122 -123 123 124 -126 -127
leaf_value=0.011288336527772681 -0.10290479116618927 0.0081470088378490652 -0.0062561643523895843 0.015396337175839825 0.0037039214332662274 -0.056847011888356398 0.010097524751523156 0.0036160158174484537 -0.016838515336103328 0.010078533684469711 -0.0016874949732956326 -0.07176000820229704 -0.027630229069323962 0.0062603434776350442 0.014352835843069232 -0.035484168591712592 0.021207354041051337 -0.002445366148699685 -0.0084462425594578235 -0.0033100663772379951 -0.015018603208273992 -0.0027423721960550913 -0.0021237640748836043 -0.03804351554860709 -0.093203518151776063 0.025298485254390619 0.0017839504120833077 -0.041800022544639728 0.027261552280242726 0.012418948162169392 -0.076578368035455549 0.0045547107548540395 -0.11416003444232047 0.014719713413825547 0.0090228706652185093 -0.036768248275100099 -0.020601760539276908 0.014685166129320637 0.012639342707887385 -0.013550693204023977 -0.011544709516105917 -0.0023764577772367366 0.0048277752668348635 -0.051439084427920764 0.017464810321455592 -0.030448961973455677 -0.070886325414709475 0.0061682262205289932 -0.01183733837381251 -0.00098844602034426385 -0.0018706942361277729 0.021388817082832356 -0.10408467218869982 -0.077387586852155632 0.012076006943180269 -0.0046491625755811583 -0.040037360970941481 0.00188834505476786 -0.068387872624671317 -0.0060421326312936618 -0.06601165002363435 -0.082283198138899047 -0.025458865666954107 -0.056745151587574857 -0.0034370882825523214 0.0026393643533258594 -0.0091042109044736277 -0.092694355908145259 -0.02131319454102551 0.0023978269088265418 -0.010679439338666979 -0.0063525500382495357 -0.0088884342853603783 -0.0034500816996106626 -0.0396637744201538 -0.00066405398952115637 -0.0016091877790200681 0.056950470644694107 -0.014060603390104986 0.0065968274415729921 -0.017167637997569297 -0.020204193699423431 -0.0013239035023905775 -0.077559705324543329 0.0013857869620551354 -0.002156364867744307 0.0090857377803508065 -0.080261027166823373 -0.011045975058555134 -0.023763914777550892 0.0056067764627997126 -0.013458538093756777 -0.030849691177000305 0.0011238491877826691 0.030310507769170016 -0.0087285361242053668 0.0039722346694363638 -0.061248942529505315 -0.022429121778830566 0.028100175551818055 -0.054169876691554056 0.0038436111326461842 0.0074213179281796332 0.013504468920751493 0.0088366948366576797 -0.028256281610471858 -0.018256395413485338 -0.033783134037444672 0.0071161630872838329 -0.0095087728099754656 0.02166489952814879 -0.0047929265902443693 0.0039606843100939955 0.0079445797791407417 -0.0061242090381459537 0.024245481557846806 -0.010299915940134892 0.0053999063640498349 -0.0063290048516152992 -0.052735727188959365 0.0068384433348568051 0.0054416213065182958 -0.021876417983083686 0.0029198754156422708 -0.005775251903517486 0.03262818936182528
leaf_weight=3769 395 9302 689 113 35001 257 1775 422 535 2320 971 225 663 3024 2004 435 1275 23772 5236 1069 4087 5606 1061 325 193 665 9292 123 146 455 143 17780 127 141 16381 730 723 873 5612 6509 2628 4748 2732 116 1795 550 228 9191 4178 66584 13938 100 191 216 3107 117 150 11123 250 2122 198 120 445 228 110 3130 816 122 102 3536 3723 12502 1950 627 663 1176 22101 103 19804 979 904 1317 3561 102 159 15994 205 118 8927 163 1893 2111 3120 718 114 31837 4541 360 1792 132 180 217 319 4525 180 349 1076 1289 5906 2020 883 25254 3780 10290 2438 1555 3777 1676 137 317 2457 100 1382 5986 4779 146
leaf_count=3769 395 9302 689 113 35001 257 1775 422 535 2320 971 225 663 3024 2004 435 1275 23772 5236 1069 4087 5606 1061 325 193 665 9292 123 146 455 143 17780 127 141 16381 730 723 873 5612 6509 2628 4748 2732 116 1795 550 228 9191 4178 66584 13938 100 191 216 3107 117 150 11123 250 2122 198 120 445 228 110 3130 816 122 102 3536 3723 12502 1950 627 663 1176 22101 103 19804 979 904 1317 3561 102 159 15994 205 118 8927 163 1893 2111 3120 718 114 31837 4541 360 1792 132 180 217 319 4525 180 349 1076 1289 5906 2020 883 25254 3780 10290 2438 1555 3777 1676 137 317 2457 100 1382 5986 4779 146
internal_value=-0.00211328 -0.00194794 -0.00306986 -0.047831 0.00188267 -0.000562497 0.00387323 -0.0321291 -0.00504062 -0.00196738 -0.00523528 -0.00749981 -0.00424373 -0.0007591 -0.000100503 -0.0463169 0.00226388 -0.00509261 -0.00972774 -0.00629805 -0.00704063 -0.0088198 -0.0132516 -0.0233839 -0.0576251 0.00668777 1.01802e-05 -0.0105762 -0.0397689 -0.0103318 -0.0195053 0.00568354 -0.0788673 -0.013929 0.00539874 -0.0281036 -0.000857534 0.00282213 -0.00210016 -0.00684552 -0.000178355 0.00575247 -0.00392544 0.000661632 0.00150256 -0.00912012 -0.000759739 -0.00102755 -0.00474867 -0.000119636 -0.00387817 -0.0542196 -0.0701928 -0.0447487 -0.00642952 -0.0181297 -0.0129089 0.00380452 -0.00622467 -0.0129528 -0.0455428 -0.017775 -0.0376518 -0.0306517 -0.01491 -0.00614152 0.00322633 -0.0417259 -0.0604296 -0.00953947 -0.0043212 -0.0105923 -0.016166 -0.0254114 -0.0200962 0.0103476 -0.0026644 -0.0108867 -0.0129177 -0.00158479 -0.00481519 -0.00766848 -0.0046326 -0.00134905 -0.0296447 -0.000931787 -0.0189584 -0.00650082 -0.00967069 -0.00565883 -0.0046388 1.65748e-05 -0.0148737 -0.0233323 -0.0247818 -0.00792479 -0.00297194 -0.0226083 -0.0247576 -0.0141709 -0.0166794 -0.0285932 -0.0179169 0.0121779 -0.0134326 -0.0450712 -0.00313217 -0.00876955 -0.00232382 -0.018972 0.00944018 -0.00417562 -0.00365318 0.00544393 0.000732307 0.0150484 -0.00787163 -0.0054834 -0.0192506 -0.0379427 0.010743 -0.0337528 -0.00133766 -0.00332396 -0.000940406 -0.0015097
internal_weight=519809 517937 400607 1872 117330 176315 42409 1477 224292 133906 220635 67150 153485 56931 19723 1055 37085 37321 13549 96554 86394 13292 7686 2450 518 3657 10160 47427 396 47031 3708 19055 250 1932 51382 871 65948 16645 49303 14214 35089 10360 7343 7371 7255 4611 96585 94265 18490 75775 18262 942 507 316 81742 1942 1627 13127 4061 2372 315 4652 565 558 6843 79800 1689 334 224 43323 7259 36064 3483 1533 1390 2971 24729 35609 21790 1986 1883 13819 4284 18030 261 17769 868 76670 16089 60581 57529 23799 12982 4055 3052 33730 19111 2934 2820 2423 2291 3337 2111 4688 330 709 41179 5163 36016 3309 1854 30110 29034 15752 5462 5324 6596 5453 1143 454 3122 763 16688 12147 10765 14084
internal_count=519809 517937 400607 1872 117330 176315 42409 1477 224292 133906 220635 67150 153485 56931 19723 1055 37085 37321 13549 96554 86394 13292 7686 2450 518 3657 10160 47427 396 47031 3708 19055 250 1932 51382 871 65948 16645 49303 14214 35089 10360 7343 7371 7255 4611 96585 94265 18490 75775 18262 942 507 316 81742 1942 1627 13127 4061 2372 315 4652 565 558 6843 79800 1689 334 224 43323 7259 36064 3483 1533 1390 2971 24729 35609 21790 1986 1883 13819 4284 18030 261 17769 868 76670 16089 60581 57529 23799 12982 4055 3052 33730 19111 2934 2820 2423 2291 3337 2111 4688 330 709 41179 5163 36016 3309 1854 30110 29034 15752 5462 5324 6596 5453 1143 454 3122 763 16688 12147 10765 14084
cat_boundaries=0 2 4 6 8 10 11 13 15 17 18 20 22 24 25 26 27 29 31 33 35 36 37 38 40 41 42 43 44 45 47 49 51 53 54 56 58 59 61 63 65 66 68 70 71
cat_threshold=2647014102 1194 268435458 8192 1023132297 965 272629824 2 571998208 4 9 35651585 8277 1610678312 21248 281157634 130 6 12582914 128 536936448 512 16384 4096 2692 8 2 619872384 516 403767945 389 539689472 577 0 2 131072 8406 8722 536870912 4 1025 1024 35651585 524288 1 540672 256 1075314720 2048 134218248 388 537986056 256 2 0 384 573440 64 524288 34635776 4 0 1 16384 64 4 0 5 2097153 1 1
is_linear=0
shrinkage=0.03


Tree=38
num_leaves=127
num_cat=37
split_feature=0 5 46 5 26 5 27 5 5 5 27 5 12 0 5 23 5 27 22 5 23 2 0 28 11 26 25 13 27 25 27 11 5 27 5 2 28 0 11 46 11 0 4 5 0 5 27 0 27 12 5 0 5 25 0 0 5 25 25 5 27 0 28 25 5 0 25 5 5 23 0 0 5 0 25 5 0 20 0 47 27 26 5 27 0 4 0 11 27 0 23 0 4 26 47 0 27 4 28 5 5 5 8 27 25 0 25 25 23 25 0 11 12 0 25 5 11 0 27 5 0 27 23 5 0 5
split_gain=4680.79 2319.56 1735.45 1713.57 1195.5 1166.39 922.842 809.452 732.859 693.743 687.568 757.084 672.66 656.431 952.503 624.416 581.931 564.529 838.116 573.216 529.426 501.367 494.952 437.088 923.354 456.833 630.073 433.529 406.141 977.718 405.136 613.201 1168.05 526.627 410.81 749.707 398.779 400.814 393.562 370.23 363.633 363.258 1137.46 395.428 349.379 565.443 342.04 420.583 381.987 374.289 336.336 627.94 333.813 471.116 1084.1 1233.98 638.289 435.742 456.268 358.227 345.211 446.693 324.501 317.49 316.823 557.361 426.513 314.5 314.292 778.491 497.154 312.32 807.322 408.155 847.617 383.518 453.561 328.094 319.481 306.374 304.07 296.017 513.946 293.731 370.367 521.863 374.624 282.16 282.016 287.367 1284.03 280.33 277.314 276.247 265.546 259.124 257.382 321.744 255.379 255.265 255.234 254.793 253.054 354.14 619.497 251.168 249.595 575.179 248.313 244.856 244.119 243.828 243.66 240.026 239.253 873.189 492.875 230.005 221.07 238.643 629.962 610.173 218.528 216.224 532.596 1030.56
threshold=13030.000000000002 0 3.1000002622604375 1 0.13882523775100711 2 0.064750330522656455 3 4 5 0.052256155759096153 6 0.80798786878585827 325.00000000000006 7 0.064333807677030577 8 0.053263295441865928 -0.42448458075523371 9 0.07194120436906816 10 1940.0000000000002 0.10800887271761896 0.23537775129079822 0.1111494228243828 69.500000000000014 46.500000000000007 0.16058247536420825 57.500000000000007 0.07936600968241693 0.42179998755455023 11 0.16058247536420825 12 13 0.090328950434923186 61.500000000000007 0.40614137053489691 7.3071429729461679 0.24372619390487674 475.00000000000006 14 15 135.00000000000003 16 0.10038758814334871 950.00000000000011 0.095947422087192549 -0.60555642843246449 17 325.00000000000006 18 19.500000000000004 950.00000000000011 615.00000000000011 19 64.500000000000014 87.500000000000014 20 0.055219287052750594 61.500000000000007 0.12256495654582979 77.500000000000014 21 155.00000000000003 16.500000000000004 22 23 0.12977331131696704 950.00000000000011 475.00000000000006 24 325.00000000000006 99.000000000000014 25 1715.0000000000002 89.500000000000014 1255.0000000000002 14.25500011444092 0.095947422087192549 0.0068774346727877864 26 0.098019190132617964 950.00000000000011 27 155.00000000000003 -0.2102246284484863 0.05270845256745816 475.00000000000006 0.064846452325582518 90.000000000000014 28 0.29734884202480322 62.68499946594239 155.00000000000003 0.095947422087192549 29 0.11491271480917932 30 31 32 9.5000000000000018 0.069445703178644194 49.000000000000007 55.000000000000007 38.500000000000007 49.000000000000007 0.039656603708863265 97.500000000000014 45.000000000000007 0.79383251070976268 0.49626980721950537 1560.0000000000002 90.500000000000014 33 0.12545942142605784 155.00000000000003 0.10945477336645128 34 1225.0000000000002 0.12240357697010042 0.035104382783174522 35 325.00000000000006 36
decision_type=2 9 2 9 10 9 2 9 9 9 2 9 2 2 9 8 9 2 10 9 8 9 2 8 2 10 2 2 2 2 2 2 9 2 9 9 10 2 2 2 2 2 9 9 2 9 2 2 2 2 9 2 9 2 2 2 9 2 2 9 2 2 10 2 9 2 2 9 9 10 2 2 9 2 2 9 2 2 2 2 2 8 9 2 2 9 2 2 2 2 10 2 9 10 2 2 2 9 8 9 9 9 2 2 2 2 2 2 10 2 2 2 2 2 2 9 2 2 2 9 2 2 8 9 2 9
left_child=1 5 4 15 8 36 7 -4 21 80 11 -9 30 14 23 -2 17 18 19 -15 -18 52 39 -7 -25 26 -26 114 -19 -30 34 41 33 46 35 -10 37 110 -21 98 71 42 -32 118 45 -14 47 48 49 -33 51 112 -3 54 55 91 -57 59 60 -55 92 -62 -46 87 -44 -66 -67 -5 69 -6 -71 72 73 -11 -75 76 -73 -78 109 -58 -8 -34 -83 84 85 -65 -87 -63 93 90 101 -54 -59 -70 -16 -94 -49 111 -22 -42 -56 -90 -61 104 -104 -74 117 -108 -36 -77 -1 -98 -23 -84 115 -17 -117 -105 -43 120 -120 -122 -27 124 -12 -126
right_child=3 2 6 67 68 13 9 10 12 40 123 -13 44 16 94 27 20 28 -20 38 22 50 -24 24 25 122 -28 -29 29 -31 31 32 81 -35 108 -37 -38 -39 -40 -41 99 43 64 -45 62 -47 -48 96 -50 -51 -52 -53 53 57 100 56 79 58 -60 102 61 63 -64 83 65 66 -68 -69 88 70 -72 75 105 74 -76 78 77 -79 -80 -81 -82 82 113 -85 -86 86 -88 -89 89 -91 -92 -93 95 -95 -96 -97 97 -99 -100 -101 -102 -103 103 106 -106 -107 107 -109 -110 -111 -112 -113 -114 -115 -116 116 -118 -119 119 -121 121 -123 -124 -125 125 -127
leaf_value=0.025898953786263099 -0.0085884629935026168 0.013122362301160234 0.0090766305943926987 -0.029689113795876389 -0.00092991700574477927 0.00093265185500765869 0.003852727894151301 -0.086201387257884732 0.0067808208804460771 -0.022597203452884723 0.0064500559736049212 -0.012437303205777954 -0.06286935212319357 -0.028746344887343057 0.0015780402534203879 -0.0091018142371342096 -0.042319164417634308 0.0088084178751358325 0.023087653075225097 0.016929776609102793 0.0061396886258600538 -0.047539960516309272 -0.033610642629021449 -0.0057236027277818005 -0.019363924954559342 -0.016978701844323391 -0.049885282962616496 -0.037349209832080774 -0.079729999279919653 0.014460302953692999 -0.090537499683488884 -0.099929660040213433 -0.034670519180945117 -0.0046066761347151493 -0.0072852850187653953 -0.0073601645109084707 0.02387643318119783 0.0080016248961486975 -0.024591312983974118 0.0060901407442216678 0.0043090412150314974 -0.0023156366404434017 -0.0040733451817664195 -0.0012179756141253108 -0.00025210914618595216 -0.0073315495421698643 -0.059961982699794268 -0.0082419565587133758 -0.02993557059905938 -0.033143100596181196 -0.0051283825598563218 -0.063021257835309305 -0.06011643054121632 0.00095028365386279887 -0.032114767396088803 -0.037877232311812038 -0.12066883981184354 -0.053360164054802484 -0.0068633185091340294 -0.0038083756231091612 0.028571688541257575 -0.03212765934355432 -0.0072589109415491359 0.012107461264688703 -0.0042154011871897391 -0.084032543710973504 -0.027706711520371373 0.010762457224571541 0.01750541847817811 -0.090578207996994495 -0.022098312877194101 0.0036416923441808047 -0.036272127596700253 -0.13156550181836915 -0.026908273666591969 -0.0060891437155443564 -0.0050048593306772603 -0.07958617029163767 0.014423578044525327 -0.062732809151899299 -0.0020732079067782515 0.007244960555649829 -0.010495010400592393 -0.00012581061921782246 -0.034042179480236426 -0.011352703837707322 -0.075871519134158183 -0.015359359329550301 -0.021481727695681616 0.0028837333332020795 -0.10165774544443075 -0.011224341601315461 0.0025162566076090305 0.0021663517715009651 -0.022883164478423479 -0.037231265107403731 -0.037488412818323408 -0.021213514327547867 -0.00082706836276524257 -0.01891502709246343 0.0049093134897280023 0.009694243252020944 -0.063755264496054467 -0.034213063779610149 0.01916715190213706 -0.0025909679667043598 -0.069728661431128269 -0.014011726339102077 -0.0021380641818265832 -0.04579815029939438 -0.0093960364049042351 -0.091324711621932259 0.0039302820974952092 0.011032784001965893 -0.13203047513961791 -0.12083099624498728 -0.06422730352910079 0.00019275252429713357 -0.0021063176632396406 -0.0091074376730942048 -0.11229135498022422 -0.028666353867314524 0.010060046156972863 0.0032063179385134876 -0.064957668718837555 -0.006247123421852881
leaf_weight=194 121 500 15360 380 12622 4587 16228 128 7683 433 2085 1413 160 1233 24639 134 261 16721 660 597 5159 102 382 13774 2167 623 847 174 158 263 163 182 350 897 24334 5999 1272 17731 312 9537 512 4207 3016 17620 48721 5188 318 877 506 131 32186 262 117 4296 187 438 213 419 5047 3578 196 1716 6775 564 1012 142 803 305 2279 121 443 7622 215 115 176 16204 111 101 688 140 14991 1979 9647 1413 767 228 125 1913 356 11501 129 1009 242 1970 405 377 276 1317 57561 2566 1080 650 296 195 111 2575 180 2135 12912 140 1848 105 421 489 107 375 226 1622 428 8618 116 242 472 15385 304 1898
leaf_count=194 121 500 15360 380 12622 4587 16228 128 7683 433 2085 1413 160 1233 24639 134 261 16721 660 597 5159 102 382 13774 2167 623 847 174 158 263 163 182 350 897 24334 5999 1272 17731 312 9537 512 4207 3016 17620 48721 5188 318 877 506 131 32186 262 117 4296 187 438 213 419 5047 3578 196 1716 6775 564 1012 142 803 305 2279 121 443 7622 215 115 176 16204 111 101 688 140 14991 1979 9647 1413 767 228 125 1913 356 11501 129 1009 242 1970 405 377 276 1317 57561 2566 1080 650 296 195 111 2575 180 2135 12912 140 1848 105 421 489 107 375 226 1622 428 8618 116 242 472 15385 304 1898
internal_value=-0.00214039 -0.00197151 -0.00332201 -0.0501275 -0.00462175 0.00101248 4.79329e-05 0.00383486 -0.00536547 -0.00216182 3.48262e-05 -0.019256 -0.0043203 2.47297e-05 -0.00284313 -0.0724521 0.00149241 0.00603168 -0.00644759 -0.0155546 0.000249624 -0.00814508 0.000403193 -0.00732546 -0.0094477 -0.021927 -0.0279548 -0.0807544 0.0080753 -0.0209942 -0.00578213 -0.00760678 -0.0122967 -0.0251871 -0.00386733 0.000579643 0.00759672 0.00655213 0.00263796 0.000583477 -0.005305 -0.00540462 -0.0127976 -0.00418846 -0.00181341 -0.0091358 -0.0302256 -0.0274227 -0.0461456 -0.072172 -0.00560703 -0.0248902 -0.0110172 -0.011444 -0.022326 -0.0365514 -0.0652466 -0.0100846 -0.0139216 -0.00606322 -0.0183955 -0.0159719 -0.00110762 -0.017274 -0.0102318 -0.019595 -0.0362504 -0.0117924 0.000999567 -0.0024703 -0.0369242 -0.00424413 -0.0126147 -0.0405871 -0.0685766 -0.00306076 0.00243241 -0.0407434 -0.00558553 -0.095243 0.00100686 -0.00750254 -0.00672106 -0.0102134 -0.0186726 -0.00579397 -0.0343491 -0.023295 0.00370854 0.00146216 -0.0129326 -0.0163534 -0.0345267 0.0103958 0.0011811 -0.0217129 -0.0214521 -0.0282661 -0.000253933 -0.0150992 -0.000790744 -0.00146564 -0.00976398 -0.0144783 -0.0411485 -0.00517998 -0.011842 -0.0183722 -0.00549954 -0.00643207 -0.0060318 -0.0525254 -0.00617946 -0.00944612 -0.0896692 -0.0833313 -0.0980589 -0.00351646 -0.00802671 -0.0105897 -0.0263584 -0.056 -0.0053251 0.00154688 -0.00440498 -0.0147015
internal_weight=519834 518012 356609 1822 257359 161403 99250 36573 227288 62677 21213 1541 165213 140358 47514 1137 92844 19944 2802 2142 72900 62075 72639 22470 17883 4109 3014 1016 17142 421 104369 53441 17074 4609 50928 13682 21045 19773 909 72257 31458 36367 5136 31231 60844 5348 3712 3394 819 313 32971 785 29104 28604 3184 1917 791 25420 13007 12413 7960 6922 55496 6726 4973 1957 945 685 30071 13186 564 28380 3514 724 291 24866 7834 212 17032 353 31219 12465 12115 3097 1684 917 353 3629 16885 12636 1135 1126 1038 4249 25044 619 2575 1698 62720 3078 1267 1006 8117 4539 407 2790 4132 2315 37246 16344 2042 381 523 10136 842 735 601 1817 13611 9404 786 358 1095 19672 4287 2202
internal_count=519834 518012 356609 1822 257359 161403 99250 36573 227288 62677 21213 1541 165213 140358 47514 1137 92844 19944 2802 2142 72900 62075 72639 22470 17883 4109 3014 1016 17142 421 104369 53441 17074 4609 50928 13682 21045 19773 909 72257 31458 36367 5136 31231 60844 5348 3712 3394 819 313 32971 785 29104 28604 3184 1917 791 25420 13007 12413 7960 6922 55496 6726 4973 1957 945 685 30071 13186 564 28380 3514 724 291 24866 7834 212 17032 353 31219 12465 12115 3097 1684 917 353 3629 16885 12636 1135 1126 1038 4249 25044 619 2575 1698 62720 3078 1267 1006 8117 4539 407 2790 4132 2315 37246 16344 2042 381 523 10136 842 735 601 1817 13611 9404 786 358 1095 19672 4287 2202
cat_boundaries=0 2 4 6 8 10 12 14 15 16 17 18 20 22 23 24 26 28 29 30 31 33 35 37 39 41 43 45 46 47 48 50 51 52 54 56 58 59
cat_threshold=2571385430 170 303038466 8196 84 2 1620083744 27652 34227233 2128 1645282305 15121 131080 4096 20980226 4203010 512 5 75530240 512 605061248 8708 2 4 1679851520 25600 0 512 1 1 34209792 33554432 2064 1142980736 16385 537395200 2048 524288 532 8388608 1024 8519720 1024 2162688 17665 1 1 1 2113536 17408 131072 131072 33554432 4 1140850688 16384 606208 320 524288
is_linear=0
shrinkage=0.03


Tree=39
num_leaves=127
num_cat=45
split_feature=0 5 34 5 5 2 5 5 2 5 5 0 34 5 5 23 5 0 27 21 11 5 29 5 27 5 8 5 5 27 28 27 5 5 28 0 0 45 28 11 23 0 0 0 4 0 5 27 5 4 0 0 27 27 12 5 0 0 0 4 27 5 11 5 0 21 11 5 5 27 27 4 5 0 8 5 27 0 21 27 31 27 5 0 27 5 23 0 27 22 0 5 0 5 0 32 21 0 0 5 5 5 31 0 29 5 11 29 20 0 27 3 20 0 5 5 47 27 31 47 11 5 48 48 27 5
split_gain=3760.57 2068.27 1628.94 1525.33 997.885 899.046 906.841 732.489 721.716 3211.74 1326.67 770.664 689.696 678.86 560.581 507.749 507.408 444.838 420.896 393.881 391.99 524.111 627.3 704.303 457.547 738.9 583.149 840.002 468.729 455.326 391.686 385.414 557.492 470.855 374.011 367.804 351.796 416.829 351.202 1023.31 351.6 419.093 351.017 343.405 550.882 342.906 1976.07 924.244 830.168 641.909 773.103 2800.4 561.469 527.978 466.024 446.059 732.784 341.893 1171.12 1122.69 397.699 428.322 666.966 340.955 340.351 592.969 339.082 715.942 352.385 343.498 325.4 531.166 325.012 556.583 324.521 321.875 315.323 306.916 441.433 306.71 303.318 297.689 486.267 280.836 278.612 278.11 277.53 275.425 267.184 260.441 254.645 244.54 347.813 243.749 281.411 495.792 242.929 238.715 320.003 305.145 296.884 237.815 251.975 262.289 375.089 272.768 237.743 357.519 236.028 233.753 250.968 459.12 264.999 232.648 316.819 230.764 230.38 228.363 305.022 226.774 224.509 491.781 506.83 389.418 223.145 221.046
threshold=13030.000000000002 0 52.565000534057624 1 2 3 4 5 6 7 8 1255.0000000000002 1.3250013589859011 9 10 0.064333807677030577 11 1940.0000000000002 0.049178216606378562 0.10776028409600259 0.35846313834190374 12 0.092177450656890883 13 0.092709075659513487 14 9.5000000000000018 15 16 0.095947422087192549 0.097389966249465956 0.084925193339586272 17 18 0.090328950434923186 90.000000000000014 1615.0000000000002 22.644999504089359 0.10205337032675744 0.24372619390487674 0.10746030509471895 325.00000000000006 1225.0000000000002 155.00000000000003 19 715.00000000000011 20 0.055219287052750594 21 22 475.00000000000006 425.00000000000006 0.053855204954743392 0.095947422087192549 0.32410992681980139 23 90.000000000000014 1100.0000000000002 1225.0000000000002 24 0.14242830872535708 25 -0.45274443924427027 26 1560.0000000000002 0.032727185636758811 0.24372619390487674 27 28 0.095947422087192549 0.095947422087192549 29 30 155.00000000000003 8.5000000000000018 31 0.049178216606378562 325.00000000000006 0.035404589027166374 0.16058247536420825 0.058672610670328147 0.059944719076156623 32 615.00000000000011 0.10038758814334871 33 0.11144557595252992 155.00000000000003 0.1045757830142975 0.2834471613168717 850.00000000000011 34 475.00000000000006 35 1225.0000000000002 0.12430509924888612 0.055930461734533317 950.00000000000011 90.000000000000014 36 37 38 0.075905904173851027 155.00000000000003 0.067042030394077315 39 0.3744682669639588 0.15539915859699252 95.500000000000014 45.000000000000007 0.053855204954743392 40 78.500000000000014 325.00000000000006 41 42 47.645000457763679 0.07936600968241693 0.086324755102396025 37.065000534057624 -0.30983471870422358 43 49.049999237060554 114.54999923706056 0.058846931904554374 44
decision_type=2 9 2 9 9 9 9 9 9 9 9 2 2 9 9 8 9 2 2 8 2 9 10 9 2 9 2 9 9 2 8 2 9 9 10 2 2 2 8 2 8 2 2 2 9 2 9 2 9 9 2 2 2 2 2 9 2 2 2 9 2 9 2 9 2 8 2 9 9 2 2 9 9 2 2 9 2 2 10 2 10 2 9 2 2 9 10 2 2 10 2 9 2 9 2 10 8 2 2 9 9 9 10 2 8 9 2 8 2 2 2 1 2 2 9 9 2 2 8 2 2 9 2 2 2 9
left_child=1 4 8 -2 34 7 -7 64 9 14 19 20 16 15 -3 -5 18 38 85 93 24 79 23 29 26 125 28 -28 30 -23 -12 32 90 42 35 109 45 -38 76 -40 -41 72 -33 44 -32 46 47 52 57 50 51 -49 87 -50 66 56 -48 70 -59 60 61 -60 -63 -43 -6 -66 68 69 -52 -68 71 -47 -42 -74 -72 -14 -8 -78 -79 88 -24 -16 -83 -9 -61 -11 -57 -21 -22 -20 -4 92 -35 -10 -95 -96 -18 98 -29 -99 -100 -25 103 -103 -105 -106 115 -108 -73 -1 112 -112 -111 -77 -115 -85 -37 118 -30 -31 121 122 -17 -122 -116 -26
right_child=3 2 31 13 5 6 17 83 10 12 11 -13 75 -15 81 120 96 -19 89 36 21 22 80 101 25 -27 27 97 117 119 43 33 -34 91 -36 116 37 -39 39 40 41 63 -44 -45 -46 48 55 49 53 -51 54 -53 -54 -55 -56 86 -58 58 59 84 -62 62 -64 -65 65 -67 67 -69 -70 -71 74 108 73 -75 -76 113 77 78 -80 -81 -82 82 -84 106 -86 -87 -88 -89 -90 -91 -92 -93 -94 94 95 -97 -98 99 100 -101 -102 102 -104 104 105 -107 107 -109 -110 110 111 -113 -114 114 124 -117 -118 -119 -120 -121 123 -123 -124 -125 -126 -127
leaf_value=0.025463232704821755 -0.096787493491526877 0.017517967221256227 0.00083072338224187694 0.015284329932183026 0.010836795171413173 0.0018277203761921765 0.010951538828809977 -0.033017375189507765 -0.0032544704356543591 -0.016033188959021814 0.0078025482605838569 0.0069417890013916085 0.0025118595501850451 0.0039376373887223442 0.0069249125422851596 0.016355171322243886 0.0068449400054727714 -0.040726893671344792 -0.01386839017615016 -0.022550455377538605 -0.018059092649867388 -0.012775725362010515 0.0050771805677648045 -0.0017661362995082949 -0.030701586365701722 -0.0011470366313518063 0.00041220670047873738 -0.0050337985314664168 -0.0080727374135830827 -0.05227120976584302 0.0012484479789669084 -0.030621431106755533 0.0090785454878937813 -0.048007139029380461 0.022910338970441119 0.0060552689621319834 -0.012922224312602461 -0.076082959565073258 -0.003665417077391475 -0.0075238967268051044 -0.020425879710851868 0.010133609542054898 0.011398608876729105 -0.015206916420492362 -0.08232936570818504 0.0050437358058939511 -0.036951892834967769 0.00066498999460285683 0.0054763524712176416 -0.0023598949206393893 0.0047125351842906742 -0.1484675730570503 -0.11335004984304822 -0.0021256685912980481 -0.008741990182611438 -0.0027536674094633938 0.012289462061933097 -0.11306141377589024 -0.030526672402076887 -0.047390938421551142 -0.01939176701284406 -0.1368879199028015 -0.04268883818350732 -0.020751758333100407 -0.07809867014203753 0.0028432355887655697 -0.04574888765948374 -0.099542394300269607 -0.024889732399534847 -0.0092137176949640166 0.018726788770801642 -0.022961909871647906 -0.073893244921647269 -0.027590802200896318 -0.0044770838926614107 0.00046693363316798912 0.0010339409016255359 0.022389971280488207 -0.02332046630209926 0.0019416197598681121 -0.0062597450849694088 -0.01257231092850012 0.0076848291525873618 0.0050152262432057084 -0.0030906175004149217 0.0044757823622801731 -0.048122949219140849 -0.072409084628336132 -0.043385733804591979 0.0074057964901504516 -0.016282429482966706 0.0074930417327593833 -0.0005210384284646388 0.0049457793679811065 -0.043696597834166725 -0.0013423816527902053 -0.0050186071746632574 -0.043649657063270834 0.003474312703620312 -0.0066417283144269805 -0.02379196758997415 -0.0018284091339884506 -0.045389021225829621 -0.027160786125418158 0.0033991704671643675 -0.014284863240466078 0.0027713634488077746 -0.0069824427600413339 -0.064754390584947225 -0.050649240177010862 0.044080381102463193 -0.0081341217793744584 -0.0043611906468013833 -0.043393629217634393 -0.027107373413467202 0.0002702023371841873 0.015227841440861435 -0.0075533543801407877 0.0050383132372483251 -0.026737405043652285 -0.01304994477087801 -0.10390559713092239 -0.06374652507490125 -0.074760948539637828 -0.0025086139222032689 -0.0096764839285038845
leaf_weight=203 393 3966 6327 119 10576 28181 2030 214 9545 788 619 3261 14305 393 19047 102 1604 314 12881 302 6369 966 3025 2634 465 23183 2980 1105 2335 662 118 753 13244 139 1272 14546 382 124 25293 2159 1611 520 234 3182 177 704 295 295 11053 2620 475 183 115 32098 3060 22821 3357 108 366 132 515 125 149 816 104 363 487 143 1532 442 781 773 347 718 1770 1754 4351 229 1100 655 7125 2002 2258 18032 3256 2321 121 149 398 539 892 3813 16488 12737 265 3835 48497 209 384 2453 6850 1945 200 1554 1045 3150 6828 6700 144 228 168 1468 217 283 460 18888 2967 4728 5047 601 274 176 231 138 1186 10497
leaf_count=203 393 3966 6327 119 10576 28181 2030 214 9545 788 619 3261 14305 393 19047 102 1604 314 12881 302 6369 966 3025 2634 465 23183 2980 1105 2335 662 118 753 13244 139 1272 14546 382 124 25293 2159 1611 520 234 3182 177 704 295 295 11053 2620 475 183 115 32098 3060 22821 3357 108 366 132 515 125 149 816 104 363 487 143 1532 442 781 773 347 718 1770 1754 4351 229 1100 655 7125 2002 2258 18032 3256 2321 121 149 398 539 892 3813 16488 12737 265 3835 48497 209 384 2453 6850 1945 200 1554 1045 3150 6828 6700 144 228 168 1468 217 283 460 18888 2967 4728 5047 601 274 176 231 138 1186 10497
internal_value=-0.00202291 -0.00187119 -0.00308561 -0.0449878 0.00109115 0.000104916 -0.00228302 0.00272359 -0.0038032 -0.00185146 -0.00482728 -0.00739499 -0.00473697 -0.0298411 0.00709953 -0.0425132 -0.00614478 -0.00521638 -0.0107029 -0.00264529 -0.00788973 -0.0107015 -0.00844323 -0.0128749 -0.00656401 -0.00418494 -0.00925478 -0.0137439 -0.0053814 -0.0281723 -0.0141398 0.00248225 0.00542674 -0.000329891 0.00714387 0.00613334 -0.003601 -0.0285199 -0.00493204 -0.00633812 -0.0172903 -0.0225428 -0.0204508 -0.0180879 -0.049007 -0.003458 -0.0056911 -0.0171958 -0.0018941 -0.0149293 -0.0199051 -0.0566205 -0.0543964 -0.00017831 -0.0170375 -0.00144277 0.00828017 -0.0102727 -0.0158768 -0.013542 -0.0390709 -0.0548514 -0.0829867 -0.00881134 0.00972095 -0.0153107 -0.0252764 -0.0388972 -0.0179853 -0.0280927 -0.0040476 -0.0145537 -0.0293924 -0.0423352 0.00263144 0.00047514 0.00080614 -0.00282106 -0.0154332 -0.017634 -0.00288084 0.00531926 -0.00184726 0.00119657 -0.00483008 -0.00076302 -0.00299373 -0.0391464 -0.0195549 -0.0130134 -0.00128401 0.000652339 -0.000920327 0.00057336 0.00274375 -0.0040899 -0.00463774 -0.0175626 -0.0200757 -0.00975146 -0.0223724 -0.00959794 -0.0122051 -0.0113526 -0.0145739 -0.00990585 0.00134259 -0.00205955 -0.0295881 -0.0051879 -0.00818869 -0.00274859 -0.0281377 -0.00742081 -0.014628 0.00258921 0.00761004 -0.00240445 0.000890626 -0.0401517 -0.0504506 -0.063794 -0.0380948 -0.0338511 -0.0093387 -0.0105982
internal_weight=519231 517405 366962 1826 150443 129374 67669 61705 325072 111891 213181 97922 84618 1433 27273 1040 66630 39488 16529 115259 94661 30329 22907 12757 64332 34145 30187 13981 16206 2229 4096 41890 20463 21427 21069 19797 88877 506 39174 31464 6171 4012 987 3477 295 88371 36397 9803 51974 9237 6617 478 566 43151 6139 26594 3652 8823 4651 4543 1155 640 274 1336 11043 467 3079 1072 2007 929 4172 1621 2676 1065 2551 17988 7710 5680 1329 7422 10150 23307 4260 50662 3388 3109 22942 451 6767 13420 7219 20440 16627 26382 16837 4100 50101 11001 8339 2662 7234 10528 7894 7694 5749 4195 50448 13528 917 2284 2081 1636 445 3683 1929 36920 17513 12110 7382 1263 921 509 333 412 1646 10962
internal_count=519231 517405 366962 1826 150443 129374 67669 61705 325072 111891 213181 97922 84618 1433 27273 1040 66630 39488 16529 115259 94661 30329 22907 12757 64332 34145 30187 13981 16206 2229 4096 41890 20463 21427 21069 19797 88877 506 39174 31464 6171 4012 987 3477 295 88371 36397 9803 51974 9237 6617 478 566 43151 6139 26594 3652 8823 4651 4543 1155 640 274 1336 11043 467 3079 1072 2007 929 4172 1621 2676 1065 2551 17988 7710 5680 1329 7422 10150 23307 4260 50662 3388 3109 22942 451 6767 13420 7219 20440 16627 26382 16837 4100 50101 11001 8339 2662 7234 10528 7894 7694 5749 4195 50448 13528 917 2284 2081 1636 445 3683 1929 36920 17513 12110 7382 1263 921 509 333 412 1646 10962
cat_boundaries=0 2 4 6 7 9 10 11 13 15 17 19 21 22 24 26 28 30 32 33 34 36 38 39 40 41 43 45 46 48 49 51 53 55 57 59 61 63 65 67 69 70 71 73 75 76
cat_threshold=423901782 170 268435458 8192 84 2 12 272904192 40 2562 2 2761064608 9220 3802202241 29953 571998208 4 2147516416 4 2113537 257 68191232 131072 512 67159040 80 67141640 64 67764224 68 67764353 4949 2113664 1 578813952 12288 3221225472 16640 4 3221225473 1 1073741824 256 16777216 128 545259520 0 8192 1 16777728 128 35652608 23057 8388640 1024 16384 256 3868229664 18436 3221291136 5120 0 16 0 16 16384 80 524296 2048 2 524288 16777216 128 34078720 4 67109888
is_linear=0
shrinkage=0.03


Tree=40
num_leaves=127
num_cat=38
split_feature=0 5 33 5 0 5 5 25 0 0 0 27 5 5 44 0 5 27 5 26 48 5 5 27 5 0 11 5 26 27 5 0 27 5 37 5 29 27 5 5 20 4 0 27 27 5 27 24 27 27 13 25 25 30 5 12 12 37 48 27 5 27 0 29 48 20 5 0 27 31 11 21 5 25 25 27 5 5 27 22 5 12 11 5 27 5 25 5 27 25 37 0 5 25 5 12 25 25 5 11 0 29 0 44 25 4 0 29 27 5 30 0 25 5 25 25 11 27 25 5 25 0 5 0 48 5
split_gain=3483.96 2048.87 1914.5 1264.53 978.453 2084.74 1803.78 1216.4 1697.73 1171.81 1145.08 789.308 1539.1 727.765 724.548 688.02 1624.42 622.233 689.849 596.239 629.466 714.331 574.772 527.002 524.281 520.527 519.09 892.785 732.695 634.334 511.799 899.915 885.165 492.975 468.69 465.244 457.64 441.92 1039.2 419.423 413.617 409.265 454.101 681.261 404.924 392.295 388.073 381.798 375.552 366.598 362.235 361.329 1120.55 578.916 352.593 346.862 396.875 346.023 360.759 342.436 755.002 337.484 331.343 326.677 325.355 324.945 323.393 360.053 311.407 306.651 292.892 286.081 285.724 305.273 547.961 420.665 278.096 268.719 266.43 778.159 763.474 324.782 264.32 261.306 257.89 432.51 312.143 255.62 419.909 267.071 251.902 251.339 571.098 901.765 440.553 257.888 250.886 248.438 247.201 245.716 245.579 237.964 342.146 226.601 225.628 219.684 219.651 219.041 217.014 216.875 215.589 214.067 243.756 213.743 213.415 212.646 237.877 212.061 309.134 211.971 205.805 205.705 226.603 256.024 209.439 200.209
threshold=13030.000000000002 0 7.2500000000000009 1 325.00000000000006 2 3 19.500000000000004 950.00000000000011 1715.0000000000002 850.00000000000011 0.059944719076156623 4 5 0.12650000303983691 155.00000000000003 6 0.058846931904554374 7 0.1111494228243828 6.9500000476837167 8 9 0.064750330522656455 10 1940.0000000000002 0.2603727281093598 11 0.1366594657301903 0.12835267186164859 12 950.00000000000011 0.089248880743980422 13 15.050000190734865 14 0.11490825563669206 0.051913643255829818 15 16 93.500000000000014 17 950.00000000000011 0.095947422087192549 0.08212983608245851 18 0.058047603815793998 1.0205206871032717 0.13790328800678256 0.053855204954743392 40.500000000000007 83.500000000000014 69.500000000000014 0.10845100134611131 19 0.70138040184974682 0.94636487960815441 7.5499999523162851 2.6999999284744267 0.16058247536420825 20 0.086274277418851866 1560.0000000000002 0.04441503249108792 0.7500000298023225 39.500000000000007 21 155.00000000000003 0.084925193339586272 0.05951096490025521 0.79383251070976268 0.064643450081348433 22 88.500000000000014 50.500000000000007 0.059393314644694335 23 24 0.053263295441865928 -0.55274778604507435 25 0.56191161274909984 0.07411635667085649 26 0.086274277418851866 27 78.500000000000014 28 0.055219287052750594 59.500000000000007 13.750000000000002 950.00000000000011 29 33.500000000000007 30 0.274878740310669 86.500000000000014 11.500000000000002 31 -0.56368473172187794 61.500000000000007 0.075850013643503203 61.500000000000007 0.078500002622604384 3.5000000000000004 32 155.00000000000003 0.10304982960224153 0.1045757830142975 33 0.10088627040386201 90.000000000000014 65.500000000000014 34 21.500000000000004 18.500000000000004 -0.69057363271713246 0.064750330522656455 60.500000000000007 35 12.500000000000002 1255.0000000000002 36 1225.0000000000002 94.350002288818374 37
decision_type=2 9 2 9 2 9 9 2 2 2 2 2 9 9 2 2 9 2 9 10 2 9 9 2 9 2 2 9 10 2 9 2 2 9 2 9 8 2 9 9 2 9 2 2 2 9 2 2 2 2 2 2 2 10 9 2 2 2 2 2 9 2 2 10 2 2 9 2 2 10 2 8 9 2 2 2 9 9 2 10 9 2 2 9 2 9 2 9 2 2 2 2 9 2 9 2 2 2 9 2 2 8 2 2 2 9 2 10 2 9 10 2 2 9 2 2 2 2 2 9 2 2 9 2 2 9
left_child=1 24 4 34 6 7 15 8 10 13 14 12 37 35 -6 16 49 18 -16 20 23 101 -17 46 44 -11 30 28 29 36 31 32 114 -4 40 -7 -28 38 -9 -19 82 42 -38 -44 97 -25 54 103 -42 -3 -12 52 68 -53 -8 125 -57 -15 119 78 -61 -41 108 -21 -26 -54 67 -67 87 72 -45 -40 -39 74 -74 -76 -14 -24 79 80 -37 -82 -2 -10 85 86 117 89 -89 -23 113 92 -29 95 -93 -94 100 104 -65 -51 -66 102 -22 -36 -1 -31 -47 -68 -43 -70 -104 112 -91 -60 -13 -20 -117 -32 -119 -59 -108 122 123 -86 -123 -5
right_child=3 2 33 55 5 9 19 11 83 25 50 26 76 57 17 22 -18 39 115 63 21 51 77 45 64 -27 27 91 -30 105 84 -33 -34 -35 47 59 41 69 71 61 48 62 43 70 -46 106 -48 -49 -50 99 -52 53 65 -55 -56 56 -58 58 90 60 -62 -63 -64 98 96 66 107 -69 109 -71 -72 -73 73 -75 75 -77 -78 -79 -80 -81 81 -83 -84 -85 121 -87 -88 88 -90 111 -92 94 93 -95 -96 -97 -98 -99 -100 -101 -102 -103 110 -105 -106 -107 120 -109 -110 -111 -112 -113 -114 -115 -116 116 -118 118 -120 -121 -122 124 -124 -125 -126 -127
leaf_value=0.035587969944185137 -0.041201293236679502 -0.021713381744921205 0.0065082114957685303 -0.024084723635956092 -0.0097634987906029692 0.040328880870269118 0.0032510868416589472 0.01257285445778848 0.0089614581557337491 -0.093995272608725977 -0.13691006572677358 -0.05003977878219068 0.021735446106782581 0.0042462839764309422 -0.071200517225020299 -0.0022549820854679088 -0.0044911411645978767 -0.10804168366468869 0.007039961689561362 -0.013947989062777734 -0.020642784448227754 -0.0020497061979871563 0.018685252760606348 -0.026642860093701648 0.0082864693561197338 -0.026647224826371652 -0.055536697507614176 0.010081928080666238 -0.0034211850275624608 -0.021260799424137385 -0.019129987351123513 0.017299690964041627 -0.10925505220354031 0.00067492851096582053 -0.048870122524408192 -0.028448111245634639 -0.096954444869656417 0.012250173355771296 0.0098707048953110103 -0.07271955656765168 -0.110486262198722 -0.016774975700604041 0.019937881181637446 -0.035743392033179111 -0.0014329570273076062 0.0028683432105807275 0.002644662242698618 -0.029773309490943357 -0.03420995304876185 -0.045698829534086015 -0.063499926013976138 -0.0047476127804055692 -0.074490246429935209 -0.053285706937153197 -0.022131352348051313 -0.084956202472631748 -0.0074102131157913909 0.0054658109705185949 -0.0041044300260798649 -0.071086377351168989 0.00046214401058026182 -0.023448895004758535 0.021647597073362421 0.012734191191365605 -0.012798467592943822 0.0055158465929244721 -0.041238475549842696 -0.026250037066935118 -0.02080494490320588 -0.016650012377238819 -0.090168461136195963 -0.018731608586457973 0.0050010461496219688 0.019081432841064807 -0.020418353634369162 0.020608260237386274 0.0083776294907055848 0.0039656074439639883 0.0062295808691871348 0.014004365879254544 -0.012481892040179104 0.011387570818465311 0.026150652564623775 -0.027117103631745899 0.0086804513007784096 0.0077067036527782651 0.0047571221386183615 -0.02277681958289814 -0.005797223238767823 -0.0066276430022053157 -0.0035157350549518971 0.030573020656692221 -0.091009933769781448 -0.01121632784931601 -0.0023678210557675269 -0.033632831468582147 0.0098395707920215583 0.020777621619046716 -0.0017776913800226924 -0.093198245682128492 0.0010678252812616662 -0.0089569459831719718 -0.0027457887332978429 -0.098942476321548525 0.0052523509336339022 0.00029346331074103478 -0.049892181770485496 -0.022302344798378657 -0.036769447082286862 -0.064486987894298103 0.011866323601383609 -0.016584366894225464 0.03789998548909683 0.0006592666945886528 -0.015030677692121863 -0.065205290545031283 -0.014949023313417938 0.0054675442921854472 -0.01564964950249037 -0.00017333819857750612 -0.010287553380437029 0.0068997629812112089 -0.0052777336160038076 -0.0060640574757905861 -0.026093822036760837 0.016584009526349384
leaf_weight=244 107 199 20979 151 1311 315 828 1359 1538 132 100 232 1857 12109 226 22721 16844 145 306 1014 767 3605 1190 1216 8040 469 314 930 5313 524 1361 347 138 34446 103 1248 106 1777 336 241 100 8847 179 408 1625 1311 8631 117 140 184 160 4357 142 232 1209 103 139 10178 10934 160 602 262 194 1970 1213 439 1749 1192 382 906 114 4841 2648 572 1862 255 5885 16296 22540 1908 898 1194 101 194 2314 4582 2103 3539 2083 683 45872 365 168 2510 13004 124 2803 3381 2264 218 21638 22180 3631 451 2228 2247 123 808 517 152 1211 3331 131 37587 483 102 485 1332 1172 14596 2518 2195 49611 1954 187 323
leaf_count=244 107 199 20979 151 1311 315 828 1359 1538 132 100 232 1857 12109 226 22721 16844 145 306 1014 767 3605 1190 1216 8040 469 314 930 5313 524 1361 347 138 34446 103 1248 106 1777 336 241 100 8847 179 408 1625 1311 8631 117 140 184 160 4357 142 232 1209 103 139 10178 10934 160 602 262 194 1970 1213 439 1749 1192 382 906 114 4841 2648 572 1862 255 5885 16296 22540 1908 898 1194 101 194 2314 4582 2103 3539 2083 683 45872 365 168 2510 13004 124 2803 3381 2264 218 21638 22180 3631 451 2228 2247 123 808 517 152 1211 3331 131 37587 483 102 485 1332 1172 14596 2518 2195 49611 1954 187 323
internal_value=-0.00194896 -0.00180272 -0.0023572 -0.0432017 -0.00304676 -0.00208451 -0.00521883 -0.0048897 -0.0192966 0.000206178 -0.0317986 -0.00431102 0.000810288 0.000363236 -0.0266723 -0.00126698 -0.00624244 -0.0392049 -0.0256202 -0.00839508 -0.00916506 -0.0107983 0.000891561 -0.00394471 0.00461738 -0.0415707 -0.00541037 -0.0083308 -0.0128476 -0.0165802 -0.00387025 -0.0232042 -0.0399538 0.00288427 -0.0629052 0.00467519 -0.0198987 -0.00493772 -0.0107308 -0.0625881 -0.0395659 -0.0188138 -0.0393239 -0.0304838 0.0117995 -0.0118066 -0.000135333 -0.0793419 -0.0663183 -0.0542604 -0.092151 -0.0147327 -0.0166327 -0.00721256 -0.01191 -0.0113281 -0.0406291 -0.000585218 -0.00107625 0.00426643 -0.0155603 -0.0462358 -0.0170782 0.00133835 0.00302006 -0.0299588 -0.0284314 -0.017594 -0.0124815 -0.000221979 -0.047779 -0.0168412 0.00187225 -0.00160476 -0.00409482 -0.0154692 0.0116079 0.00497846 0.00481219 -0.00127546 -0.0100058 0.00113501 -0.0085281 0.00480225 -0.00351865 0.000784952 -0.00453502 -0.0115825 -0.0164586 -0.00801197 -0.00192187 -0.0033651 -0.0102496 -0.0169744 -0.00144516 -0.0668423 0.00137047 0.0154931 0.0050017 -0.0716246 0.000331233 -0.00755822 -0.00204 -0.0897378 0.00825982 -0.00378868 -0.00715057 -0.0351285 -0.0178827 -0.0349303 0.000910444 -0.0132151 0.000576062 -0.000414984 -0.0264443 -0.0130753 -0.0237778 -0.00960265 -0.00441868 0.00214568 -0.0121503 -0.00432628 -0.00470772 0.00192569 0.00429972 0.00344702
internal_weight=519767 517932 476760 1835 421335 291985 129350 131243 5070 160742 3338 126173 22298 160141 3078 57652 17445 1767 1119 71698 66450 50614 40207 15836 41172 601 103875 35864 18763 13450 68011 1200 853 55425 1119 28865 10679 14556 6536 648 448 10365 807 701 7478 5168 10668 671 240 601 260 22825 18236 4589 2037 716 242 131276 119167 28550 762 503 9558 5248 33694 4330 4188 1631 13906 8020 522 5177 7114 5337 4765 2117 7742 17486 27788 5248 3340 2092 208 1732 66811 10550 5968 13372 5622 7750 94393 17101 3732 2802 13369 292 25654 5853 4234 402 22851 27789 5609 554 2472 2771 3952 2557 9364 534 4842 4145 814 48521 715 893 587 3865 2504 24774 2641 56261 53879 4268 2382 474
internal_count=519767 517932 476760 1835 421335 291985 129350 131243 5070 160742 3338 126173 22298 160141 3078 57652 17445 1767 1119 71698 66450 50614 40207 15836 41172 601 103875 35864 18763 13450 68011 1200 853 55425 1119 28865 10679 14556 6536 648 448 10365 807 701 7478 5168 10668 671 240 601 260 22825 18236 4589 2037 716 242 131276 119167 28550 762 503 9558 5248 33694 4330 4188 1631 13906 8020 522 5177 7114 5337 4765 2117 7742 17486 27788 5248 3340 2092 208 1732 66811 10550 5968 13372 5622 7750 94393 17101 3732 2802 13369 292 25654 5853 4234 402 22851 27789 5609 554 2472 2771 3952 2557 9364 534 4842 4145 814 48521 715 893 587 3865 2504 24774 2641 56261 53879 4268 2382 474
cat_boundaries=0 2 4 6 8 10 12 14 15 17 19 21 23 24 26 27 28 29 30 32 34 35 37 39 41 43 44 46 48 50 52 53 55 56 58 60 62 64 66
cat_threshold=268697684 10 303038466 8196 3828925441 9028 1143511681 2016 69746688 768 4268714 1 2048 512 1 12592136 20481 1075839488 1408 16 2 70287360 516 524288 3271633954 27696 32 2097152 1024 1 25313288 16 12665888 18432 8192 32 16 67108864 512 2147484672 4 32768 64 512 67633152 64 70270976 516 147488 2048 3221225472 256 524288 46137346 1 1 65568 2048 0 6160 184680448 4096 1024 768 524288 2048
is_linear=0
shrinkage=0.03


Tree=41
num_leaves=127
num_cat=42
split_feature=0 5 47 5 26 5 5 2 5 5 5 5 2 0 0 12 11 0 29 0 5 0 25 11 31 0 5 2 5 0 25 28 5 0 21 25 0 0 5 0 0 5 5 0 31 11 25 12 13 0 11 5 25 11 0 30 5 0 5 5 32 31 0 29 5 20 45 24 25 5 48 5 0 0 25 5 11 25 0 0 0 5 29 31 0 0 5 5 25 25 5 11 25 25 25 25 30 5 3 0 0 48 30 46 5 21 46 25 0 0 12 5 2 5 5 0 25 5 0 5 30 5 0 0 5 5
split_gain=3553.51 1985.97 1539.96 1276.57 1012.53 927.799 832.122 799.629 801.686 687.38 675.813 635.686 617.904 542.788 505.037 478.753 442.06 439.659 431.743 405.923 452.772 453.691 353.637 399.188 650.528 387.612 348.001 347.674 341.44 537.208 323.72 319.099 311.576 309.747 568.734 328.204 307.989 300.605 298.621 296.457 318.208 1014.05 583.464 1361.52 298.829 291.986 275.045 294.65 269.944 267.758 262.71 256.221 255.843 264.317 296.055 399.311 246.392 258.432 691.085 245.754 239.432 230.821 248.421 222.235 574.444 222.002 220.039 219.984 219.57 217.842 580.238 217.506 361.83 1447.36 781.479 396.388 995.448 341.555 282.927 215.508 205.484 304.024 204.692 204.058 217.079 1815.9 1064.57 830.963 457.641 527.534 382.606 369.045 274.985 222.073 211.84 203.51 201.612 200.842 200.343 200.242 199.028 198.636 198.036 242.256 196.163 194.708 194.019 219.993 469.49 558.848 208.433 743.311 262.012 554.511 323.234 279.367 222.936 222.771 222.337 774.243 332.127 276.923 218.603 351.082 909.405 215.499
threshold=13030.000000000002 0 42.960000991821296 1 0.13882523775100711 2 3 4 5 6 7 8 9 61.500000000000007 90.000000000000014 0.88117334246635448 0.24372619390487674 1940.0000000000002 0.08521361276507379 1225.0000000000002 10 1280.0000000000002 117.50000000000001 0.40614137053489691 0.07028501853346826 325.00000000000006 11 12 13 325.00000000000006 69.500000000000014 0.090328950434923186 14 1560.0000000000002 0.032727185636758811 59.500000000000007 615.00000000000011 61.500000000000007 15 90.000000000000014 475.00000000000006 16 17 950.00000000000011 0.075905904173851027 -0.82415616512298573 50.500000000000007 0.94353348016738903 45.500000000000007 325.00000000000006 -0.39826117455959315 18 64.500000000000014 -0.78326541185379017 155.00000000000003 0.049045160412788398 19 155.00000000000003 20 21 0.17084141820669177 0.068252429366111769 135.00000000000003 0.15539915859699252 22 81.500000000000014 20.015000343322757 1.0262814164161684 76.500000000000014 23 65.850002288818374 24 715.00000000000011 950.00000000000011 97.500000000000014 25 -0.74441730976104725 62.500000000000007 950.00000000000011 45.000000000000007 110.00000000000001 26 0.11832415685057641 0.057343542575836189 850.00000000000011 950.00000000000011 27 28 64.500000000000014 67.500000000000014 29 -0.4218058288097381 20.500000000000004 38.500000000000007 26.500000000000004 65.500000000000014 0.058018375188112266 30 31 950.00000000000011 325.00000000000006 22.550000190734867 0.18725895881652835 1.2928571701049807 32 0.11373248696327211 2.0642856359481816 11.500000000000002 155.00000000000003 225.00000000000003 -0.41399101912975306 33 34 35 36 950.00000000000011 19.500000000000004 37 1225.0000000000002 38 0.13807033002376559 39 55.000000000000007 110.00000000000001 40 41
decision_type=2 9 2 9 10 9 9 9 9 9 9 9 9 2 2 2 2 2 8 2 9 2 2 2 8 2 9 9 9 2 2 10 9 2 8 2 2 2 9 2 2 9 9 2 10 2 2 2 2 2 2 9 2 2 2 10 9 2 9 9 8 10 2 8 9 2 2 2 2 9 2 9 2 2 2 9 2 2 2 2 2 9 10 8 2 2 9 9 2 2 9 2 2 2 2 2 8 9 1 2 2 2 8 2 9 10 2 2 2 2 2 9 9 9 9 2 2 9 2 9 8 9 2 2 9 9
left_child=1 5 4 -2 6 31 12 10 13 16 33 18 28 60 -15 106 27 22 -5 26 -21 59 23 -10 49 30 -11 51 29 45 -26 37 -6 35 -35 -7 -12 79 -14 96 41 -41 43 -42 48 -3 66 69 52 -25 -23 -4 -43 -54 55 -55 99 58 -58 68 -9 62 -17 -34 -65 -31 -20 -19 -22 -48 -71 72 75 74 -74 -38 -77 -75 101 -1 81 -28 -30 -44 87 91 105 93 94 -90 -89 -86 -92 -85 -88 -53 -40 -81 -27 -29 -24 -73 -16 -104 -91 -87 107 108 -8 -110 111 -109 114 -114 -113 125 -116 118 -112 -120 121 -121 -119 124 -124 -115
right_child=3 2 9 11 32 7 15 8 17 19 36 -13 38 14 102 61 -18 67 46 20 21 50 100 24 25 98 80 56 82 65 -32 -33 63 34 -36 -37 71 -39 39 40 42 44 83 -45 -46 -47 47 -49 -50 -51 -52 95 53 54 -56 -57 57 -59 -60 -61 -62 -63 -64 64 -66 -67 -68 -69 -70 70 -72 78 73 77 -76 76 -78 -79 -80 97 -82 -83 -84 84 85 86 88 90 89 104 92 -93 -94 -95 -96 -97 -98 -99 -100 -101 -102 -103 103 -105 -106 -107 -108 110 109 -111 117 112 113 115 116 -117 -118 122 119 120 -122 -123 123 -125 -126 -127
leaf_value=0.024526850761744774 -0.090834823122261779 -0.053694731512448128 0.0040987945627289557 0.012315062438619547 0.0069045068439148151 0.026062875267624887 0.021601922701384071 -0.012802309177815914 -0.0038114359103030354 0.0072385040460429626 -0.034033019294369242 0.0026735139531287341 0.010140275219871745 0.040673101201847001 0.0086392217302015926 -0.0072975633860027393 -0.010637911086705702 -0.064338802242720566 -0.044989834804924168 0.0060322648732103155 -0.0068336513497702341 0.046074453851305194 0.00033509531536425466 0.0015979560725378392 -0.020240585320453332 0.0031570700595614227 -0.027403010313407708 -0.0039283979021320246 -0.0048806165690967592 -0.030894679097309419 -0.044463251937620817 0.021425137220076551 0.00046040981849671865 -0.074887288908163707 0.0034737722041299109 0.0086196846724222297 0.016497851514437365 0.0072875771486888849 0.039604706899686294 -0.081293290508127655 -0.12205560570177823 -0.0053611331250607809 0.0013146412872472488 -0.00016608939926988824 -0.044457124046760027 0.0026529285535703295 -0.10536407053403286 -0.017488837129998915 -0.022569250171503814 -0.017811491990649894 0.002194262548408992 -0.0078272705300989169 -0.0380893327221642 -0.020390499740931559 -0.019867525233759706 0.016913526672857334 -0.080400874250254051 -0.0064312032870273749 -0.0016419520398038762 -0.0075060543555693212 -0.074158244258242426 -0.0078940291069854521 6.1951565170049869e-05 -0.027569803799559835 0.00069996900203430116 -0.085993655123849849 0.0029125699110147426 -0.014931246395984834 -0.05230503786473252 0.0032021541734343593 -0.088669246380991495 -0.00027783929965355327 -0.018472269218131575 -0.0016410483432639194 -0.12193693995006442 -0.087527413804782558 0.0055971103310817061 0.0051538694632942616 0.0012498607000490788 0.011321820299976665 0.0025304742476428177 -0.001474642342928209 0.01258246105560404 -0.036225719439887227 -0.060523968993266133 0.0028337034980387998 -0.029461921049265569 0.014166872431237208 -0.080646844770206685 -0.01988695903478585 -0.047203068463196017 -0.13385301632185775 -0.0051791772837373245 -0.091564429084074153 -0.0019740265091833728 0.0063469023173225803 -0.0023325124165040709 -0.012978291162577196 -0.020624597414553747 0.0077029577154314171 0.017140579329391052 -0.011345706888475303 -0.001595621298668329 0.0051358256840367666 -0.041770947795399416 -0.017935949269328386 -0.00174237754244105 -0.00018121226841488471 -0.072281352761908363 -0.005960322722277425 -0.0048136379903509488 0.00067778472420221508 -0.0058938727830217304 -0.069507093722106228 -0.036108756135425503 -0.020549130008523538 -0.011580905935390257 0.010176081413831471 -0.039190437252032237 -0.048525330080447016 -0.0047119327477374261 -0.014030778786863063 -0.087659283255008935 -0.0021531329090854483 -0.009253688366875016 -0.031269997675030359
leaf_weight=202 396 100 11236 115 6264 1081 157 114 28846 15557 222 400 576 307 3473 4579 5593 161 293 3551 169 210 2183 2789 1429 685 478 3627 31426 130 763 1290 22672 107 365 9480 3064 17775 109 203 137 3476 1623 205 302 458 155 100 2554 829 294 3556 455 482 2219 554 146 9735 290 6693 115 4346 41821 935 2053 136 122 164 220 102 156 2537 137 11572 126 116 882 15676 12929 378 28553 2454 615 185 152 3364 340 971 181 1267 144 107 4201 102 971 1225 1661 1477 595 2104 893 3435 12994 7640 572 461 17206 6629 223 234 51424 2128 1978 192 369 1979 3414 1162 732 245 7654 1379 130 31326 2589 668
leaf_count=202 396 100 11236 115 6264 1081 157 114 28846 15557 222 400 576 307 3473 4579 5593 161 293 3551 169 210 2183 2789 1429 685 478 3627 31426 130 763 1290 22672 107 365 9480 3064 17775 109 203 137 3476 1623 205 302 458 155 100 2554 829 294 3556 455 482 2219 554 146 9735 290 6693 115 4346 41821 935 2053 136 122 164 220 102 156 2537 137 11572 126 116 882 15676 12929 378 28553 2454 615 185 152 3364 340 971 181 1267 144 107 4201 102 971 1225 1661 1477 595 2104 893 3435 12994 7640 572 461 17206 6629 223 234 51424 2128 1978 192 369 1979 3414 1162 732 245 7654 1379 130 31326 2589 668
internal_value=-0.00194784 -0.00179985 -0.00296962 -0.0435648 -0.00411058 0.00115291 -0.00477046 0.000175149 -0.00217487 0.000308122 0.00261082 -0.0297039 -0.00782181 0.00206754 0.00250042 -0.00375962 -0.00285794 -0.0048324 -0.0420192 0.0023496 -0.00279994 -0.00693336 -0.00454358 -0.00537925 -0.0117566 -0.0210309 0.00356927 -0.0014953 -0.00503912 -0.0239926 -0.0286885 0.00696897 0.000912399 0.009336 -0.014411 0.0104074 0.0011455 0.00603113 -0.0111351 -0.011593 -0.0124299 -0.0165048 -0.00964267 -0.0478127 -0.0150912 -0.00752321 -0.0492108 -0.0639067 -0.0141917 -0.00285306 0.0205327 0.00162458 -0.0112115 -0.0166899 -0.0136878 -0.000445134 -0.00463576 -0.00743777 -0.0300164 -0.00890043 -0.0438027 -0.00128377 -0.000664466 -0.000553053 -0.00824232 -0.0592821 -0.0309345 -0.0395293 -0.0318028 -0.0750765 -0.0505251 0.00130113 0.0028243 0.00159095 -0.068315 0.011182 -0.0052512 0.00226817 -0.00124409 -0.00482437 0.00175324 -0.00580807 -0.00454363 -0.00870925 -0.00996566 -0.0133331 -0.0105019 -0.0055076 -0.0228639 -0.031888 -0.00275868 -0.0912165 -0.00656734 -0.0542588 -0.00911987 -0.00418621 0.000270967 -0.00803206 -0.00790516 0.00034178 0.00521792 -0.00664474 0.00201263 0.00089691 -0.0270478 0.000325601 -0.00471302 -0.00515897 -0.0230546 -0.0384098 -0.00506238 -0.00808935 -0.0129632 -0.0181757 -0.00868951 -0.026677 -0.0139454 -0.00451865 -0.00560916 -0.00970069 -0.00731996 -0.0196463 -0.00261332 -0.00305089 -0.0133895 -0.0410479
internal_weight=519288 517449 370618 1839 274927 146831 243003 125709 63980 95691 61729 1443 60439 24643 24414 182564 37512 39337 1043 58179 11137 7586 39012 35936 7090 3472 47042 31919 32865 824 2192 21122 31924 11033 472 10561 50696 19832 27574 26998 25228 10245 14983 342 10042 558 928 513 9740 3618 504 16017 7186 3710 3255 1036 15902 10171 436 7082 229 50746 46400 25660 2988 266 415 325 389 413 258 50474 31573 27511 263 4062 998 27248 18901 2057 31485 2932 32041 14641 13018 7415 7156 5603 3331 2020 5316 259 4345 287 1311 4781 1770 1855 1280 5731 3076 5972 24107 20634 1839 3825 131818 114612 614 457 113998 17357 10728 4817 5911 2839 3783 96641 61434 10010 9278 1624 35207 34045 2719 860
internal_count=519288 517449 370618 1839 274927 146831 243003 125709 63980 95691 61729 1443 60439 24643 24414 182564 37512 39337 1043 58179 11137 7586 39012 35936 7090 3472 47042 31919 32865 824 2192 21122 31924 11033 472 10561 50696 19832 27574 26998 25228 10245 14983 342 10042 558 928 513 9740 3618 504 16017 7186 3710 3255 1036 15902 10171 436 7082 229 50746 46400 25660 2988 266 415 325 389 413 258 50474 31573 27511 263 4062 998 27248 18901 2057 31485 2932 32041 14641 13018 7415 7156 5603 3331 2020 5316 259 4345 287 1311 4781 1770 1855 1280 5731 3076 5972 24107 20634 1839 3825 131818 114612 614 457 113998 17357 10728 4817 5911 2839 3783 96641 61434 10010 9278 1624 35207 34045 2719 860
cat_boundaries=0 2 4 6 8 9 11 13 14 16 17 19 21 22 23 25 26 27 28 30 32 33 35 37 38 40 42 44 46 47 49 51 52 54 56 57 59 61 63 65 66 68 70
cat_threshold=423897686 170 268435458 8192 84 2 672801 2128 12 272900096 40 76267528 325 2562 571998208 4 10 34603008 9232 3221226528 19456 10 1 33685504 9280 1 131072 1024 75710464 4 98312 257 131072 1073741824 16384 524288 4 1048576 150994944 128 134217728 128 33554432 16 540704 64 524288 0 80 16 2 2 0 2048 2686455944 17664 10 1073807360 4101 110133248 8192 1613791240 29952 1073741824 16640 32768 0 512 0 8704
is_linear=0
shrinkage=0.03


Tree=42
num_leaves=127
num_cat=34
split_feature=0 40 5 5 36 5 5 11 48 12 0 5 2 5 30 23 0 5 32 36 11 25 0 20 2 0 0 5 25 0 25 27 5 8 5 0 5 0 27 27 27 5 25 5 0 21 27 25 0 22 0 0 5 5 0 0 0 27 5 5 27 4 25 5 5 27 5 23 0 25 4 27 25 20 33 27 39 5 25 25 29 27 11 0 25 29 25 27 5 25 27 48 26 5 25 25 0 0 27 27 0 25 25 25 25 27 25 27 0 8 5 23 5 2 5 12 23 23 5 27 12 5 12 8 4 25
split_gain=3264.83 1939.21 1674.48 1247.55 1093.3 941.444 861.233 778.435 692.898 672.297 485.261 585.917 469.164 1399.22 680.575 431.396 376.048 372.621 397.801 371.1 358.042 356.56 487.819 354.656 335.565 604.743 2234.55 765.876 597.809 556.637 2065.84 527.916 468.428 441.465 387.865 535.065 307.253 334.126 1874.64 462.507 307.881 399.851 305.475 295.231 292.127 370.321 282.996 277.15 272.586 261.132 255.181 593.279 1288.31 703.475 806.615 602.367 461.875 431.835 1099.91 402.416 396.174 549.88 378.918 338.166 296.431 287.947 287.402 280.172 309.772 274.973 258.733 250.853 424.813 249.544 247.934 241.33 795.135 239.316 238.434 340.56 240.476 239.569 300.389 238.564 319.506 235.557 234.819 233.186 435.993 294.797 237.982 341.913 231.568 230.829 227.054 227.003 301.131 536.718 277.266 275.301 233.489 225.052 658.166 222.562 299.817 294.155 242.183 220.983 258.486 220.685 351.342 226.807 217.594 329.026 236.326 216.684 216.649 221.315 216.117 213.766 212.665 209.286 231.053 205.943 205.479 211.129
threshold=13030.000000000002 34.250000000000007 0 1 5.2500000000000009 2 3 0.24372619390487674 54.95000076293946 0.10623887926340105 180.00000000000003 4 5 6 0.083766922354698195 0.10042453557252885 55.000000000000007 7 0.20792126655578616 7.2500000000000009 0.24372619390487674 47.500000000000007 1225.0000000000002 75.500000000000014 8 950.00000000000011 850.00000000000011 9 59.500000000000007 615.00000000000011 49.000000000000007 0.098019190132617964 10 9.5000000000000018 11 325.00000000000006 12 615.00000000000011 0.092709075659513487 0.060448419302701957 0.051913643255829818 13 76.500000000000014 14 1410.0000000000002 0.080284364521503462 0.07936600968241693 130.50000000000003 1615.0000000000002 -0.42448458075523371 325.00000000000006 850.00000000000011 15 16 950.00000000000011 1225.0000000000002 1255.0000000000002 0.086274277418851866 17 18 0.092709075659513487 19 64.500000000000014 20 21 0.1321084722876549 22 0.12977331131696704 1225.0000000000002 16.500000000000004 23 0.076740767806768431 69.500000000000014 104.50000000000001 8.5500001907348651 0.16058247536420825 8.3000006675720233 24 77.500000000000014 88.500000000000014 0.092688262462615981 0.051913643255829818 0.23537775129079822 325.00000000000006 81.500000000000014 0.040852611884474761 135.50000000000003 0.10945477336645128 25 26.500000000000004 0.089248880743980422 35.349998474121101 0.17467451840639117 26 34.500000000000007 19.500000000000004 155.00000000000003 90.000000000000014 0.07936600968241693 0.058047603815793998 225.00000000000003 103.50000000000001 97.500000000000014 103.50000000000001 77.500000000000014 0.058047603815793998 69.500000000000014 0.051913643255829818 325.00000000000006 10.500000000000002 27 0.12977331131696704 28 29 30 0.48126256465911871 0.06534933298826219 0.05960375256836415 31 0.053263295441865928 0.84658399224281322 32 -0.21862536668777463 8.5000000000000018 33 33.500000000000007
decision_type=2 2 9 9 2 9 9 2 2 2 2 9 9 9 10 8 2 9 10 2 2 2 2 2 9 2 2 9 2 2 2 2 9 2 9 2 9 2 2 2 2 9 2 9 2 8 2 2 2 10 2 2 9 9 2 2 2 2 9 9 2 9 2 9 9 2 9 8 2 2 9 2 2 2 2 2 2 9 2 2 8 2 2 2 2 8 2 2 9 2 2 2 10 9 2 2 2 2 2 2 2 2 2 2 2 2 2 2 2 2 9 10 9 9 9 2 8 10 9 2 2 9 2 2 9 2
left_child=1 2 4 8 7 74 46 36 -2 42 11 16 121 14 21 -11 -8 18 24 50 -7 75 -23 -17 34 26 27 29 -29 -26 31 -31 -27 -28 35 115 -1 38 39 40 41 -38 -5 49 -45 -46 -6 -32 118 -12 63 52 57 54 -53 64 59 -52 -59 62 61 -61 -56 -19 -55 87 69 -64 -69 -54 -67 -34 93 -25 -3 -14 -77 -41 -36 80 -80 82 -82 -83 -85 -21 101 89 -89 -60 91 -91 -13 -73 -57 96 97 -65 99 -98 -97 102 -62 104 105 106 -102 108 -81 111 -111 116 -22 114 -114 -4 117 -30 -39 -37 -10 -9 -123 -95 -18 -126
right_child=3 5 17 9 6 20 10 12 120 15 43 92 13 -15 -16 23 124 19 -20 85 112 22 -24 73 25 32 33 28 109 30 47 -33 71 -35 78 119 37 48 -40 77 -42 -43 -44 44 45 -47 -48 -49 -50 -51 51 53 66 55 56 94 -58 58 65 60 86 -63 67 95 -66 70 -68 68 -70 -71 -72 72 -74 -75 -76 76 -78 -79 79 107 81 83 -84 84 -86 -87 -88 88 -90 90 -92 -93 -94 123 -96 100 98 -99 -100 -101 103 -103 -104 -105 -106 -107 -108 -109 -110 110 -112 -113 113 -115 -116 -117 -118 -119 -120 -121 -122 122 -124 -125 125 -127
leaf_value=0.0019405538323794976 -0.093774299682148551 0.0040211440646214271 -0.040455478366492381 -0.0053863217019313719 0.016535783289595329 0.0004902180817610716 0.0080972546892589883 0.00070616205478031611 -0.057506237460848167 -0.00019961838500902934 0.0041585155673631398 0.0011475459650952726 -0.043061099084550927 -0.0056872228852098729 0.0020293609912925312 -0.021897496949045022 -0.004466770315496086 -0.0026604872513596263 -0.019535225596352051 -0.018132293598521428 0.001370658768055503 -0.043767163903422918 0.0013479960224310145 -0.11359298374800554 -0.012491403865192222 0.01107678412900028 -0.13545674415521844 0.001432572071543162 -0.009277968122481467 -0.12116298851039675 -0.010734881697015593 -0.05703805288569893 -0.016358455660101395 -0.059940358382664267 -0.0012369467472145648 -0.081132265582680704 -0.021655178943989158 0.0020414270263234518 -0.1282794590267268 -0.0036857429157877743 0.00033169115656696686 0.0056664575314094587 0.051010475282206154 0.0015572797304370643 -0.068990032391219924 -0.0082694802830299841 0.0020367054883668957 -0.056075561763648696 -0.031122271493454319 0.013984147976906416 -0.0021993781586388452 -0.075247260244346109 -0.042763895996592256 -0.0061902239434510039 -0.010020927713434206 0.0035514980969367158 0.0080528014923212411 0.0096023432421586518 -0.049999169100935638 0.0088052933461212814 -0.0065998833625046651 -0.019598404652247204 -0.0015485637433460501 -0.061742242521945268 0.0054601923434912563 -0.014915021317682837 0.014489614214676406 -0.052378196921959969 -0.0075126798869518743 0.0050041977835580754 0.021327824457770303 -0.014744316273887512 0.0047325865466572824 -0.048392148457999738 0.0090847633313237541 -0.040353686788631604 -0.14270996487353529 -0.013646625970330022 0.0041137337855626501 0.0046289767078783184 -0.053017454892004025 -0.026127184947308833 -0.011927667038901579 -0.018513433833928086 0.0031255442671248735 -0.0010150845675736615 -0.036515044899914709 -0.0064980260716689803 -0.056043927970413979 -0.015305127153851038 -0.0125677848785477 -0.077429176148725673 0.022029970024038191 0.0050557946315371947 -0.0087885689885163713 -0.0041473825776604748 -0.03664859583638444 0.010915122659651373 -0.057344122205198883 -0.0014270689335267753 -0.022116492824588461 0.00094514440590897286 -0.053831861647673777 -0.0037644593105204661 -0.023385174160936131 -0.0023689320463326567 0.0034095972338143519 0.010510077546051931 -0.010382822606734699 0.0018980273691425365 -0.02215459739653448 -0.031742177723132287 -0.02341050897807102 -0.014812982664636758 0.013104003116046361 0.00363086590156287 0.0010049779228042675 -0.045514594871805314 -0.003887653151128205 -0.025544284424611499 -0.013850427791476249 -0.0086766622635166511 0.00084419253700691562 -0.012427277086667913 -0.041484493169637399 -0.012615649948981802
leaf_weight=22319 456 28029 132 296 4616 55255 1139 5581 254 169 12392 9590 627 6857 410 146 3397 10580 1947 734 1951 598 337 112 4317 1901 128 5824 2652 215 1396 256 1517 158 21156 159 1344 19356 109 3676 14620 747 121 44453 110 489 1643 132 249 3029 14703 162 109 2478 1158 1585 1471 1567 259 713 16110 4369 182 112 9367 597 3689 642 177 7772 251 2684 3621 104 12623 199 104 5385 644 1652 319 845 322 1222 1233 46499 227 262 457 203 2080 131 502 1486 8733 6815 451 480 248 358 1871 3558 269 2477 2197 2313 407 1059 2749 698 2590 320 193 3532 730 408 2336 160 7735 104 167 9216 3054 1023 238 5064
leaf_count=22319 456 28029 132 296 4616 55255 1139 5581 254 169 12392 9590 627 6857 410 146 3397 10580 1947 734 1951 598 337 112 4317 1901 128 5824 2652 215 1396 256 1517 158 21156 159 1344 19356 109 3676 14620 747 121 44453 110 489 1643 132 249 3029 14703 162 109 2478 1158 1585 1471 1567 259 713 16110 4369 182 112 9367 597 3689 642 177 7772 251 2684 3621 104 12623 199 104 5385 644 1652 319 845 322 1222 1233 46499 227 262 457 203 2080 131 502 1486 8733 6815 451 480 248 358 1871 3558 269 2477 2197 2313 407 1059 2749 698 2590 320 193 3532 730 408 2336 160 7735 104 167 9216 3054 1023 238 5064
internal_value=-0.00179197 -0.00165072 -0.00256199 -0.0418359 -0.000479096 0.00204886 0.00200139 -0.00257588 -0.0673939 -0.0172539 0.00116588 -0.00289364 -0.00694965 -0.0124778 -0.0328191 -0.0397933 -0.00809831 -0.00430391 -0.00617425 -0.00351023 -0.000288159 -0.040653 -0.0275223 -0.0582262 -0.00577725 -0.0078803 -0.0109495 -0.00980711 -0.00601169 -0.0185274 -0.0316423 -0.0865042 -0.00257136 -0.0940921 -0.00357779 -0.0240281 -0.0010135 -0.00225228 -0.00469574 -0.0041681 -0.00120859 -0.011973 0.0110611 0.00250398 0.00127638 -0.0195166 0.0127104 -0.0146859 6.00559e-05 0.00608531 -0.0044539 -0.0036174 -0.000418482 -0.00562164 -0.00869258 -0.00159324 -0.00831961 -0.00493302 -0.0118614 -0.00919868 -0.00812389 -0.0156124 -0.0216194 -0.00691453 0.00302197 -0.0197702 0.00758183 -0.0352294 -0.042703 0.00433269 -0.004175 -0.00508936 -0.00315395 -0.0825677 0.00559228 -0.0538106 -0.0758397 -0.00962553 -0.00304319 -0.00684988 -0.0128769 -0.0156537 -0.0324271 -0.0123867 -0.00764862 -0.00128146 -0.00623987 -0.023725 -0.0388924 -0.0196321 -0.0163546 -0.0398295 0.0021862 -0.00865296 -0.00689279 -0.00944606 -0.0200502 -0.0029118 -0.0296372 -0.0210833 -0.0083633 -0.00589335 -0.00737884 -0.0114636 -0.0142721 -0.00990694 -0.0175564 -0.00178729 -0.00474808 -0.0109697 -0.0171111 -0.00727426 -0.00700154 -0.0106467 0.005283 -0.00720066 -0.00574746 -0.0113552 0.000347798 -0.0593307 -0.0402629 -0.0041118 -0.00630191 -0.00206649 -0.0102289 -0.0139191
internal_weight=519511 517686 415373 1825 189185 102313 86662 102523 877 948 80403 19930 26983 9132 2275 531 9838 226188 67365 158823 61661 1865 935 362 65418 33414 21182 20896 14580 6316 1999 471 12232 286 32004 803 75540 53221 25881 25772 16711 2091 417 60473 45052 599 6259 1528 27340 15421 111590 83281 32080 51201 29038 22163 28876 20510 5807 27405 25246 5082 2159 28309 11845 4240 11570 1001 819 7881 848 10331 8814 216 40652 930 303 9061 31201 10045 4585 3941 641 3300 2455 47233 20164 3392 719 2673 2414 334 10092 5193 10318 17729 1649 592 1057 809 16080 19937 16379 9265 6788 4591 2278 5460 4401 8756 3288 5468 6406 4455 923 540 5148 2812 27091 263 421 17851 12270 2509 8699 5302
internal_count=519511 517686 415373 1825 189185 102313 86662 102523 877 948 80403 19930 26983 9132 2275 531 9838 226188 67365 158823 61661 1865 935 362 65418 33414 21182 20896 14580 6316 1999 471 12232 286 32004 803 75540 53221 25881 25772 16711 2091 417 60473 45052 599 6259 1528 27340 15421 111590 83281 32080 51201 29038 22163 28876 20510 5807 27405 25246 5082 2159 28309 11845 4240 11570 1001 819 7881 848 10331 8814 216 40652 930 303 9061 31201 10045 4585 3941 641 3300 2455 47233 20164 3392 719 2673 2414 334 10092 5193 10318 17729 1649 592 1057 809 16080 19937 16379 9265 6788 4591 2278 5460 4401 8756 3288 5468 6406 4455 923 540 5148 2812 27091 263 421 17851 12270 2509 8699 5302
cat_boundaries=0 2 4 6 8 10 11 13 15 16 17 19 20 22 24 25 27 29 31 33 34 36 38 40 41 42 44 45 46 48 49 50 52 54 55
cat_threshold=499530454 5290 303038466 8192 1124346998 31802 268435520 2 4326034 5120 6 141314 4098 574497 2112 10 541696 524320 64 1 134488198 10 25166336 4224 4326038 572522496 25345 3222274056 16660 0 16641 1073741824 16 1 1075838984 768 0 8192 1074855936 16 4 71307840 0 8704 32768 32768 673714689 449 2 81920 25168384 4224 406857812 5122 1
is_linear=0
shrinkage=0.03


Tree=43
num_leaves=127
num_cat=37
split_feature=0 40 5 5 36 11 5 5 5 0 11 27 0 5 25 12 5 2 5 27 5 45 5 27 0 5 0 5 27 25 0 0 5 27 25 27 5 25 25 5 31 32 27 5 5 0 40 27 4 27 25 0 5 0 11 25 0 4 23 5 11 5 27 0 5 39 0 27 25 0 5 25 11 25 11 5 0 27 5 21 32 27 11 25 22 5 27 0 0 13 27 5 20 25 25 25 25 0 4 23 29 25 5 5 27 5 0 0 4 2 25 48 0 27 27 30 0 0 25 27 46 27 25 5 2 0
split_gain=2921.19 1781.9 1479.43 1201.1 961.984 886.314 862.88 804.931 621.477 479.731 434.233 617.732 421.629 560.479 458.422 393.388 477.63 942.337 908.474 466.089 365.801 420.949 457.404 385.526 738.004 615.216 597.949 537.019 1031.21 773.381 511.704 443.421 691.45 509.94 667.071 555.796 500.67 427.49 392.128 387.019 358.382 483.585 354.144 788.528 364.896 374.511 635.166 349.549 1292.61 427.621 337.962 387.441 423.981 323.861 317.773 315.679 454.793 591.028 311.608 311.221 307.935 306.966 439.464 387.278 310.709 305.266 392.915 284.566 274.403 270.832 1087.22 345.218 436.33 259.99 259.153 250.032 284.121 412.868 249.274 245.78 245.474 296.079 379.098 516.675 245.113 381.207 546.102 531.115 1793.15 351.838 333.036 685.34 579.706 471.255 352.496 318.353 592.378 547.794 366.196 302.962 298.95 268.065 242.455 239.421 239.418 447.099 488.294 290.486 280.909 236.853 430.002 434.826 370.03 450.377 232.823 232.247 315.149 251.669 283.476 251.274 232.128 231.313 228.273 225.104 327.621 223.522
threshold=13030.000000000002 35.049999237060554 0 1 5.0500001907348642 0.24372619390487674 2 3 4 1715.0000000000002 -0.87395131587982167 0.1575826704502106 180.00000000000003 5 33.500000000000007 0.15738975256681445 6 7 8 0.10038758814334871 9 21.384999275207523 10 0.098654624074697508 325.00000000000006 11 1225.0000000000002 12 0.059944719076156623 113.00000000000001 850.00000000000011 225.00000000000003 13 0.049178216606378562 67.500000000000014 0.058846931904554374 14 72.500000000000014 38.500000000000007 15 0.047392372041940696 0.15340023487806323 0.10038758814334871 16 17 1280.0000000000002 16.050000190734867 0.16058247536420825 18 0.060448419302701957 68.500000000000014 90.000000000000014 19 55.000000000000007 0.30983042716979986 15.500000000000002 155.00000000000003 20 0.10130250453948976 21 0.77244481444358837 22 0.058846931904554374 1940.0000000000002 23 8.4999995231628436 155.00000000000003 0.059944719076156623 155.00000000000003 110.00000000000001 24 77.500000000000014 -0.15951316058635709 97.500000000000014 -0.50556187331676472 25 325.00000000000006 0.059944719076156623 26 0.099092751741409316 0.12919126451015475 0.14242830872535708 -0.46038399636745447 99.000000000000014 -0.10472935810685156 27 0.07936600968241693 950.00000000000011 850.00000000000011 39.500000000000007 0.084925193339586272 28 92.500000000000014 66.500000000000014 77.500000000000014 71.500000000000014 88.500000000000014 325.00000000000006 29 0.081555202603340163 0.1178257428109646 87.500000000000014 30 31 0.12240357697010042 32 850.00000000000011 1225.0000000000002 33 34 59.500000000000007 0.25000000745058065 950.00000000000011 0.086274277418851866 0.086274277418851866 0.10685699060559274 615.00000000000011 715.00000000000011 35.500000000000007 0.064750330522656455 0.76428562402725231 0.07936600968241693 33.500000000000007 35 36 225.00000000000003
decision_type=2 2 9 9 2 2 9 9 9 2 2 2 2 9 2 2 9 9 9 2 9 2 9 2 2 9 2 9 2 2 2 2 9 2 2 2 9 2 2 9 8 10 2 9 9 2 2 2 9 2 2 2 9 2 2 2 2 9 8 9 2 9 2 2 9 2 2 2 2 2 9 2 2 2 2 9 2 2 9 8 10 2 2 2 8 9 2 2 2 2 2 9 2 2 2 2 2 2 9 8 8 2 9 9 2 9 2 2 9 9 2 2 2 2 2 10 2 2 2 2 2 2 2 9 9 2
left_child=1 2 4 -2 5 61 121 73 10 15 -5 -12 13 14 -8 16 -7 -18 47 -20 21 40 -23 24 31 26 -25 28 37 39 -31 36 59 -34 35 -35 50 -26 -29 -30 41 -4 43 -27 45 74 58 49 -49 65 51 122 -53 -16 75 56 57 -38 -47 -33 -45 -1 64 120 125 -19 -67 68 -61 70 71 -57 -73 -3 104 109 -77 -78 -71 -54 81 82 83 -28 -42 86 -86 88 90 -90 95 92 -92 -93 -95 -87 97 101 -99 -88 -98 -97 115 -89 105 106 -44 -108 -106 110 112 -112 113 -9 -114 116 119 118 -118 -14 -64 -6 -22 124 -79 -63
right_child=3 7 20 8 6 9 12 54 -10 -11 11 -13 102 -15 53 -17 17 18 19 -21 23 22 -24 25 27 42 80 38 29 30 -32 32 33 34 -36 -37 55 -39 -40 -41 84 -43 44 60 -46 46 -48 48 -50 -51 -52 52 79 -55 -56 69 -58 -59 -60 67 -62 62 63 -65 -66 66 -68 -69 -70 78 -72 72 -74 -75 -76 76 77 123 -80 -81 -82 -83 -84 -85 85 87 99 103 89 -91 91 93 -94 94 -96 96 100 98 -100 -101 -102 -103 -104 -105 108 -107 107 -109 -110 -111 111 -113 114 -115 -116 -117 117 -119 -120 -121 -122 -123 -124 -125 -126 -127
leaf_value=-0.0031420166239217724 -0.086061882787853261 0.0065171586550015603 -0.010830462654953948 -0.082564997829374723 0.015201725786036924 -0.0033165871942425797 -0.05403905934421345 -0.05881211829898339 0.001190114181783965 -0.069985939388359897 -0.04630228817247127 0.01678968422603164 -0.0012426937542779726 0.0019226036841810074 0.0080687877265801424 -0.00023869856537352959 -0.0069495490714915776 -0.098777397041326584 -0.021870067412652433 0.0078471724499980539 -0.038535621191533587 -0.007502321814486978 0.0039683001126166436 0.0078768275657134408 0.00030672888991104289 0.00094398032637258746 -0.036181128356816632 0.010398598231178419 -0.0012275008027332023 0.0068780156676769774 -0.030781884158950206 0.0063947981883017832 0.0061190179863350709 -0.017644163076067435 -0.029475747340311637 -0.0017382729299063012 -0.03637768624269444 0.014768404040289345 0.0005986381191544893 -0.010323921243045198 -0.01565849523773381 0.0027587297945062075 -0.050590019152992785 -0.030098780264973632 -0.0026877879576004547 -0.02980496242413154 0.010517713509654466 -0.032377829064330017 -0.16246205987299189 -0.0054411370966626306 0.011631953121354949 0.010044780568574977 0.020116992217208526 -0.009253232062787815 -0.0065210617639754401 -0.025195966112964482 -0.050108513569539145 0.027039441657143039 -0.085424381653869771 0.0012969576464876942 -0.082307927265115405 -0.053035355646062952 -0.00015641616347888751 -0.050422554829223885 -0.002113289956203755 -0.059067578882583092 0.0012815281489621036 -0.018379699066429007 -0.01068471436228138 0.0082545353578010704 -0.004117886269773924 -0.10261638510536837 -0.034700573591085582 -0.011071008816973506 -0.0018442193509836627 -0.0030760239926135714 0.010096205317562265 0.010762681774669974 -0.0046162782356606738 -0.0094558668229793169 4.2477467688886134e-05 -0.019033559914052142 -0.035864930394784188 -0.12949019490061578 0.013828829935711639 -0.0061057691414942231 -0.038364589909205625 0.0094901093118540513 -0.13007812345224729 -0.059531200577521461 -0.084382572816498566 -0.0019004293794123331 -0.0193458465132408 -0.040754301430144878 -0.0071166680582434912 -0.032385869922149341 -0.0084350417992395867 -0.00024399707208435934 -0.021737203196081932 -0.0042830318262933372 0.01203857900625578 -0.0018356742134759412 0.00075007815970389935 -0.0042565305791481189 0.023197794798393529 -0.038700185567629691 0.0040706549324204229 -0.017724535162974925 -0.0084593060180031092 -0.00044615387885519827 -0.071365267644287078 -0.016158883321994288 0.019068448908627033 0.0074502975826203095 -0.0094913517864377381 0.0089908855047918738 -0.0076495868320277001 0.0020814708111395745 0.017815453429791576 -0.048894410332535755 0.004420827420913551 0.0023865225690676765 -0.0030163097970747716 -8.8827983458873917e-06 -0.0018375142089983678 -0.013374050412089469
leaf_weight=31898 388 30153 3631 182 5131 8314 191 213 491 108 573 184 7161 10445 1101 6125 8441 102 2189 606 363 5515 7202 406 5891 1094 105 4036 8986 393 1859 2469 1088 5058 2369 3246 275 2674 40948 7927 3646 6712 254 913 31324 194 198 213 101 260 2818 2749 280 8209 5864 462 349 253 172 4453 114 136 20697 126 4925 332 137 1339 2802 1902 4439 153 194 775 4222 9726 5724 4731 4627 2536 165 408 455 110 1649 15451 244 1467 105 168 249 1517 245 698 469 2388 2786 1539 1329 5622 833 290 39401 4982 271 684 1110 1090 3484 3291 199 361 504 162 522 7458 468 3892 2452 100 19241 1684 295 25218 3054 1959
leaf_count=31898 388 30153 3631 182 5131 8314 191 213 491 108 573 184 7161 10445 1101 6125 8441 102 2189 606 363 5515 7202 406 5891 1094 105 4036 8986 393 1859 2469 1088 5058 2369 3246 275 2674 40948 7927 3646 6712 254 913 31324 194 198 213 101 260 2818 2749 280 8209 5864 462 349 253 172 4453 114 136 20697 126 4925 332 137 1339 2802 1902 4439 153 194 775 4222 9726 5724 4731 4627 2536 165 408 455 110 1649 15451 244 1467 105 168 249 1517 245 698 469 2388 2786 1539 1329 5622 833 290 39401 4982 271 684 1110 1090 3484 3291 199 361 504 162 522 7458 468 3892 2452 100 19241 1684 295 25218 3054 1959
internal_value=-0.00180837 -0.0016748 -0.00248636 -0.0397592 -0.000548578 -0.00247285 0.00177538 0.00214856 -0.026359 -0.00717286 -0.0406114 -0.0309649 0.000910549 -0.00287512 -0.00814263 -0.00691732 -0.00889386 -0.0126256 -0.0247327 -0.0153714 -0.00409806 -0.00593581 -0.00100916 -0.00332749 -0.00240893 -0.00563043 -0.0235752 -0.000546434 -0.00382923 -0.00769798 -0.0242097 -0.0054509 -0.00836987 -0.0134302 -0.015436 -0.0114276 -0.00237979 0.00482287 0.00147778 -0.00549811 -0.00705522 -0.00201246 -0.00496783 -0.0169334 -0.00437844 -0.00890235 -0.0327387 -0.0472205 -0.0746031 -0.037364 0.00301123 -0.000888955 0.00168648 -0.00720408 0.000109319 -0.00622893 -0.0235879 -0.00599664 -0.0561046 -0.00297474 -0.0356221 -0.00087037 0.000669163 0.00188255 -0.00625412 -0.0518649 -0.0414737 -0.00567128 -0.0033314 -0.00493965 -0.0100133 -0.0417503 -0.064855 0.00607412 -0.00769801 0.000833413 0.00150753 0.00265909 -0.000860547 -0.00648626 -0.0340359 -0.0392472 -0.0515097 -0.0842991 -0.00819703 -0.00754942 -0.00141712 -0.00888152 -0.0106679 -0.0870403 -0.00991461 -0.0190537 -0.0511975 -0.012882 -0.0272535 -0.008734 -0.0131637 -0.019324 -0.0102078 -0.00570697 -0.00372052 -0.0290795 0.00214996 -0.00112038 -0.0112827 -0.0173979 -0.0112436 -0.00673102 -0.00616903 -0.00537746 -0.0136047 -0.0358691 -0.00478303 -0.0302431 0.00454293 0.004709 0.00244268 0.00707718 0.0137328 -0.00190561 0.00204883 0.0120182 -0.0226401 0.00136894 0.0058241 -0.015897
internal_weight=518661 516843 426346 1818 193603 105910 87693 90497 1430 26928 939 757 80878 19946 9501 26820 20695 12381 3940 2795 232743 68737 12717 164006 117233 46773 1649 72714 27730 19165 2252 44519 22824 11761 10673 8304 21695 8565 44984 16913 56020 10343 45124 2121 43003 11679 564 1145 314 831 9041 6223 5565 9310 59569 12654 877 528 366 11063 1027 78982 47084 40064 7020 571 469 8594 7255 11777 5248 809 347 30928 11115 53705 48453 38727 6529 2816 1243 1078 670 215 45677 42031 7515 34516 28067 273 27794 3178 494 2684 1167 24616 9165 5546 2868 5866 3619 2678 60932 6449 6893 3138 2454 2200 3755 5252 1961 560 1401 375 1026 21531 14073 6812 2920 7261 39938 6815 658 33003 7785 2095
internal_count=518661 516843 426346 1818 193603 105910 87693 90497 1430 26928 939 757 80878 19946 9501 26820 20695 12381 3940 2795 232743 68737 12717 164006 117233 46773 1649 72714 27730 19165 2252 44519 22824 11761 10673 8304 21695 8565 44984 16913 56020 10343 45124 2121 43003 11679 564 1145 314 831 9041 6223 5565 9310 59569 12654 877 528 366 11063 1027 78982 47084 40064 7020 571 469 8594 7255 11777 5248 809 347 30928 11115 53705 48453 38727 6529 2816 1243 1078 670 215 45677 42031 7515 34516 28067 273 27794 3178 494 2684 1167 24616 9165 5546 2868 5866 3619 2678 60932 6449 6893 3138 2454 2200 3755 5252 1961 560 1401 375 1026 21531 14073 6812 2920 7261 39938 6815 658 33003 7785 2095
cat_boundaries=0 2 4 6 8 10 12 14 15 17 19 21 23 25 27 29 31 33 35 36 37 38 40 42 44 46 48 50 51 52 53 55 57 59 60 61 63 64
cat_threshold=499530454 5290 268435458 8192 268435536 2 1090792566 27674 35127296 4 131714 5120 151261392 1064 6 141312 4098 574497 2112 49152 64 1073741824 16384 36700160 8452 1073741824 17152 1075838976 257 0 8452 537919488 8209 538968064 272 1 1075838976 2 0 512 281155600 1184 16777216 4096 0 528 4734976 64 33554432 528 32768 525312 1 138543750 128 524320 64 536870912 256 2 4 2181235200 4993 4
is_linear=0
shrinkage=0.03


Tree=44
num_leaves=127
num_cat=42
split_feature=0 40 5 5 5 36 5 25 13 0 47 5 0 0 5 5 0 5 2 5 25 21 31 5 43 25 0 27 23 5 5 5 27 0 27 5 25 0 27 27 5 27 5 27 26 0 0 0 5 25 27 27 30 5 2 5 0 25 5 25 0 5 5 0 27 0 40 22 4 27 27 25 27 27 5 27 27 25 27 32 0 5 5 5 5 0 2 5 5 25 39 27 5 0 25 27 22 0 25 25 0 0 5 27 25 21 0 2 5 25 27 0 27 25 5 4 0 44 25 0 5 5 48 0 5 27
split_gain=2565.25 1743.03 1584.58 1480.37 1000.79 997.042 835.619 771.117 648.916 586.646 543.104 484.847 625.133 441.538 684.723 432.488 426.841 417.336 384.882 1236.51 372.037 492.946 368.294 439.881 392.477 369.351 351.316 913.572 1025.49 746.952 719.034 348.835 384.078 303.737 393.705 445.981 298.691 423.604 295.841 289.407 578.891 288.783 288.654 689.118 283.38 281.962 600.445 710.22 485.647 366.349 362.824 420.433 280.081 433.061 380.838 272.109 471.587 337.119 269.689 264.749 262.968 1514.55 746.134 1381.87 550.553 518.499 937.109 480.214 480.032 717.725 420.62 468.017 360.904 323.589 319.035 507.763 320.947 278.74 415.781 263.955 261.137 1411.73 462.025 352.359 258.864 256.401 255.533 311.71 252.992 247.118 244.825 244.072 242.069 239.874 237.697 236.994 282.03 236.9 236.292 436.528 235.125 345.546 289.704 336.086 232.649 232.553 231.372 229.348 607.018 229.139 228.924 278.42 227.377 220.78 255.611 219.011 222.82 373.949 218.092 330.672 646.868 303.352 224.489 217.178 558.094 608.73
threshold=1715.0000000000002 32.750000000000007 0 1 2 5.2500000000000009 3 86.500000000000014 25.500000000000004 17950.000000000004 21.615000724792484 4 2375.0000000000005 135.00000000000003 5 6 1560.0000000000002 7 8 9 38.500000000000007 0.13383229821920398 0.047392372041940696 10 3.6149998903274541 88.500000000000014 325.00000000000006 0.059944719076156623 0.081555202603340163 11 12 13 0.11874964460730554 325.00000000000006 0.086274277418851866 14 97.500000000000014 1225.0000000000002 0.14500886201858523 0.053855204954743392 15 0.15550526976585391 16 0.11368945986032487 0.084485240280628218 950.00000000000011 325.00000000000006 225.00000000000003 17 18.500000000000004 0.059393314644694335 0.052256155759096153 0.086054746061563506 18 19 20 850.00000000000011 47.500000000000007 21 71.500000000000014 850.00000000000011 22 23 950.00000000000011 0.092709075659513487 1280.0000000000002 15.750000000000002 -0.092327993363142 24 0.10945477336645128 0.12240357697010042 64.500000000000014 0.1045757830142975 0.089248880743980422 25 0.086274277418851866 0.092709075659513487 115.50000000000001 0.089248880743980422 0.23673103004693988 180.00000000000003 26 27 28 29 135.00000000000003 30 31 32 68.500000000000014 7.8999998569488534 0.08212983608245851 33 1225.0000000000002 19.500000000000004 0.11368945986032487 0.12275191769003869 1560.0000000000002 38.500000000000007 49.000000000000007 225.00000000000003 155.00000000000003 34 0.053855204954743392 123.00000000000001 0.092159442603588118 61.500000000000007 35 36 23.500000000000004 0.064750330522656455 110.00000000000001 0.08212983608245851 103.50000000000001 37 38 1225.0000000000002 0.099500000476837172 59.500000000000007 325.00000000000006 39 40 0.95000001788139354 850.00000000000011 41 0.092709075659513487
decision_type=2 2 9 9 9 2 9 2 2 2 2 9 2 2 9 9 2 9 9 9 2 8 8 9 2 2 2 2 8 9 9 9 2 2 2 9 2 2 2 2 9 2 9 2 8 2 2 2 9 2 2 2 10 9 9 9 2 2 9 2 2 9 9 2 2 2 2 8 9 2 2 2 2 2 9 2 2 2 2 8 2 9 9 9 9 2 9 9 9 2 2 2 9 2 2 2 10 2 2 2 2 2 9 2 2 10 2 9 9 2 2 2 2 2 9 9 2 2 2 2 9 9 2 2 9 2
left_child=1 3 7 5 36 8 112 11 10 15 -1 -2 -13 14 -8 -4 22 97 58 42 -11 -22 52 24 25 45 30 29 -29 113 89 32 -30 39 84 -36 86 -38 55 40 -19 90 43 -20 -32 46 47 98 -49 50 51 -48 53 54 -5 56 57 -37 -12 -14 61 74 63 -62 67 95 72 -65 79 -70 71 -71 -67 104 76 -76 77 78 -33 -66 81 -10 -82 -83 -35 -44 87 -3 -41 100 -23 -47 -75 -73 -31 96 -64 107 -24 -100 101 -25 103 -103 -69 -106 -91 108 -6 -102 111 -90 -7 114 -28 116 117 -87 119 121 122 -110 -121 124 125 -84
right_child=2 4 9 16 17 6 13 -9 80 20 18 12 59 -15 -16 -17 -18 33 19 -21 21 41 23 26 -26 -27 27 28 31 94 44 60 -34 34 35 38 37 -39 -40 88 -42 -43 85 -45 -46 91 49 48 -50 -51 -52 -53 -54 -55 -56 -57 -58 -59 -60 -61 62 -63 65 64 68 66 -68 73 69 70 -72 93 -74 92 75 -77 -78 -79 -80 -81 82 83 123 -85 -86 115 -88 -89 110 106 -92 -93 -94 -95 -96 -97 -98 -99 99 -101 109 102 -104 -105 105 -107 -108 -109 118 -111 -112 -113 -114 -115 -116 -117 -118 -119 -120 120 -122 -123 -124 -125 -126 -127
leaf_value=-0.00061034993909446934 -0.035831077385166311 0.012788329507401259 -0.024423657983629013 0.007558550437736131 0.015176370704605325 0.015485017260470359 -0.047013490542146728 -0.011990767909756346 -0.070676048968104116 0.0037866806220805756 -0.0090600908461212718 -0.14904413044452666 -0.086151377456086989 0.0016213712492917543 -0.0036918343456267483 0.0079346506921386308 0.0087544366342320497 0.0064149988519406724 -0.031798165924737859 -0.0051906402004426406 -0.004116470018523952 -0.070023768240405668 -0.004628411487050477 -0.0052583670532140659 -0.0013429883761669661 0.016550238449913515 -0.0076000695680939426 -0.057814326126887083 -0.010249602099924338 -0.039379975648747907 -0.02094032546518888 -0.0070672133566212214 -0.00053678086556054559 0.008801816189045214 0.022072018834243121 -0.00251997717776648 -0.0033544384543979151 -0.066159076044492629 0.0051336040956297046 -0.0055301601801601699 -0.017058791110965001 -0.089338287671803143 -0.045920482794412784 -0.12167195908377103 -0.0090359277002407014 -0.022062298292434949 -0.064043473051144523 0.0096889085186979747 -0.01417109570891068 -0.018462315459287112 -0.082627030206145716 0.0027252034795156774 0.0028630392842831365 -0.012323991316630591 -0.0037741525637401741 -0.00034955352796260441 -0.0031683541228066624 -0.039046719547132486 -0.00015684028754844745 -0.035995891710220697 -0.091548666587754998 0.010152369619614656 0.0029693029783405822 -0.063807270465815649 0.0063214480602723179 -0.034109571542940101 0.024798350785311091 -0.0052645578252020365 -1.2314808017094247e-06 -0.018765549363803813 -0.018015697353302718 -0.049406011374994882 -0.10479994904715567 -0.030219600304155072 0.0011583643353395411 -0.01918525281842821 0.0079031638069896187 0.0064087550337716273 -0.037464909034850953 -0.0047938537890685065 0.0046852741009231454 0.0061377587409160344 -0.0089098899855454654 -0.0060173264657175252 0.0011083561856899088 -0.0971992814090573 0.0030922334772721192 0.005290484867578259 -0.003626488796190193 -0.015025512773705563 -0.019482337309781349 0.0020827348877217643 0.00096632412023303139 -0.10033188880689992 -0.001203000526468326 -0.0047006996532087007 -0.0098941033149063332 0.015056566160260014 -0.056582294651298375 -0.01658076326019783 0.0013452106429779633 -0.039980479081903386 0.015561122897855646 0.0030527288966331017 0.012570561681457452 -0.027613094588460386 0.012746109331600758 -0.0054741142924618373 0.018862284129160169 -0.013219513705195593 -0.0086939859618012389 0.011177418736634593 0.002342824553422199 0.019784945640536275 0.010420252879337108 -0.0042949533646128007 -0.02194566550791684 -0.020466780505313729 0.010037077012584413 -0.078125860769670083 -0.008455811294335135 -0.012901378618955442 -0.02710038554325378 0.00060842512471233204 -0.0015011063447570674 -0.041218961989738047
leaf_weight=10203 328 8736 537 3500 1903 4723 330 281 276 205 9220 117 317 75604 9077 1146 2230 1418 276 4557 220 154 1309 4626 4804 425 863 328 16576 147 1957 2409 4704 10798 816 345 1001 106 7058 4325 2812 173 490 106 22366 462 155 2390 1118 5328 159 186 9717 3878 11118 19307 3254 667 4593 138 178 7126 14254 182 2248 135 152 2877 1460 272 1243 198 127 1422 1586 3633 1769 968 486 13259 13464 2735 3281 9853 6211 102 12885 11755 1678 321 197 2023 274 148 17807 8153 1718 609 264 3385 1425 186 1787 1290 151 893 1674 18690 588 3057 1081 3585 1582 1679 3821 489 1036 130 663 181 1717 484 138 18819 17301 624
leaf_count=10203 328 8736 537 3500 1903 4723 330 281 276 205 9220 117 317 75604 9077 1146 2230 1418 276 4557 220 154 1309 4626 4804 425 863 328 16576 147 1957 2409 4704 10798 816 345 1001 106 7058 4325 2812 173 490 106 22366 462 155 2390 1118 5328 159 186 9717 3878 11118 19307 3254 667 4593 138 178 7126 14254 182 2248 135 152 2877 1460 272 1243 198 127 1422 1586 3633 1769 968 486 13259 13464 2735 3281 9853 6211 102 12885 11755 1678 321 197 2023 274 148 17807 8153 1718 609 264 3385 1425 186 1787 1290 151 893 1674 18690 588 3057 1081 3585 1582 1679 3821 489 1036 130 663 181 1717 484 138 18819 17301 624
internal_value=-0.00173355 -0.00155238 -0.0262466 -0.0025267 0.0015675 -0.000611779 0.0016411 -0.0549622 -0.00272064 -0.0130872 -0.00628861 -0.0689606 -0.0857406 0.000858611 -0.0052703 -0.0024963 -0.00429601 -0.000124931 -0.0090474 -0.0146783 -0.031985 -0.0418333 -0.00444022 -0.00495592 -0.00892072 -0.0110417 -0.00438068 -0.00353773 -0.00494673 0.00161507 -0.00684906 -0.00475036 -0.00809888 0.00116977 0.00232177 0.000332959 0.00590087 -0.00942253 -0.000253987 -0.00257599 -0.0092153 -0.0576306 -0.0310336 -0.0555394 -0.00999046 -0.0117415 -0.0133629 -0.00825984 0.00207008 -0.0207732 -0.0453124 -0.0277227 -0.0012607 -0.00342718 -0.00105711 -0.00186734 -0.00871361 -0.0266092 -0.00610213 -0.0710517 -0.00369005 -0.000584166 -0.0048223 -0.00848997 -0.00788939 -0.00111076 -0.0343594 -0.0159712 -0.0053995 -0.0157488 -0.0280965 -0.0483106 -0.0686437 -0.0144101 -0.0076376 -0.0129791 -0.00267211 -0.0075226 -0.0121814 -0.0031822 -0.00104276 -0.00488027 -0.000119773 -0.00337333 0.00599853 -0.0266173 0.00641115 0.00849221 5.69523e-05 -0.00152204 -0.0417931 -0.00241327 -0.0253561 -0.0714157 -0.00151691 -0.000539255 0.00158514 -0.00340858 -0.0155677 -0.0194895 -0.00310329 1.4342e-05 0.00748885 -0.00237746 -0.00967026 -0.0217946 0.0082723 -0.00387213 0.00141196 -0.00858956 0.00386884 0.0064577 0.0121691 0.0104372 0.00710522 -0.0213623 -0.0279356 -0.054475 -0.00555805 -0.00890485 -0.0160027 0.00457812 -0.0545026 -0.00173695 -0.00381908 -0.014046
internal_weight=519881 516068 3813 393257 122811 188871 91316 1181 97555 2632 31202 900 572 85011 9407 1683 204386 88328 20999 7186 949 744 202156 173943 22008 17204 151935 113246 88929 24317 38689 88601 21280 63355 48456 31447 34483 1107 30631 14899 4230 524 2629 382 24323 16779 14294 8466 3508 5828 500 341 28213 18496 14618 23573 4266 1012 13813 455 67321 17977 49344 24805 24627 24539 414 5799 18828 3321 1861 618 262 5617 10851 5219 5632 3863 2895 15507 66353 12864 53489 12588 17009 2247 33376 20491 10669 14366 351 2485 1696 346 17954 24125 15972 24973 4958 3649 12371 7889 3263 1476 3921 1044 1995 24364 5674 4482 6344 5263 6305 6363 4684 1757 1268 232 3771 3108 2036 1072 319 40025 21206 3905
internal_count=519881 516068 3813 393257 122811 188871 91316 1181 97555 2632 31202 900 572 85011 9407 1683 204386 88328 20999 7186 949 744 202156 173943 22008 17204 151935 113246 88929 24317 38689 88601 21280 63355 48456 31447 34483 1107 30631 14899 4230 524 2629 382 24323 16779 14294 8466 3508 5828 500 341 28213 18496 14618 23573 4266 1012 13813 455 67321 17977 49344 24805 24627 24539 414 5799 18828 3321 1861 618 262 5617 10851 5219 5632 3863 2895 15507 66353 12864 53489 12588 17009 2247 33376 20491 10669 14366 351 2485 1696 346 17954 24125 15972 24973 4958 3649 12371 7889 3263 1476 3921 1044 1995 24364 5674 4482 6344 5263 6305 6363 4684 1757 1268 232 3771 3108 2036 1072 319 40025 21206 3905
cat_boundaries=0 2 4 6 8 9 11 13 15 16 18 19 21 23 25 26 28 29 30 32 33 34 36 38 40 41 43 45 47 49 51 52 54 56 58 60 61 63 64 65 66 67 68
cat_threshold=327155714 8192 499526358 5802 1090790518 23562 268435520 2 50331648 131072 512 671088640 2560 4964352 196 6 141314 4738 541729 2719055872 4 1075875848 320 3178496 64 2560 343939200 544 139264 540672 20488 16640 4 10485889 360841730 672 570490880 26624 3221225480 16660 4 65536 18432 131072 4096 131718 512 67110912 10 2728394752 8721 6 52 20488 346032640 768 2147483648 20 8 256 2 4358144 4 536870912 1 524288 540672 25167872
is_linear=0
shrinkage=0.03


Tree=45
num_leaves=127
num_cat=45
split_feature=0 48 21 5 5 5 5 27 27 0 5 0 5 5 31 30 0 0 5 5 0 5 5 27 5 0 27 11 5 0 4 27 0 5 25 5 5 25 26 5 5 25 25 11 5 11 5 5 0 0 5 27 5 5 48 5 44 0 25 27 0 38 30 5 27 5 12 0 4 0 27 0 25 0 5 5 22 0 25 25 5 0 27 5 0 5 27 5 0 25 27 27 4 25 0 5 5 27 0 0 5 27 27 25 5 28 25 11 0 0 5 27 21 0 25 25 25 27 0 25 5 5 0 5 5 25
split_gain=2581.73 1567.22 1378.49 1115.11 915.215 876.801 838.956 679.547 535.457 499.058 462.022 420.043 1922.14 403.204 388.828 368.93 368.319 356.202 411.427 378.385 352.167 1286.82 1173.45 1028.26 1442.36 859.058 948.723 662.227 1318.49 613.58 506.489 654.465 521.065 457.753 535.552 440.573 418.173 666.243 364.869 359.391 347.071 639.103 338.815 471.946 332.068 328.939 875.496 375.735 328.843 327.279 357.064 355.164 405.791 327.434 322.295 316.702 313.912 307.561 305.85 305.395 300.939 294.352 293.732 280.866 273.078 704.755 329.44 264.312 528.828 1122.2 264.11 286.75 478.483 261.933 430.769 270.599 259.38 258.721 417.426 483.836 253.12 250.67 387.486 269.748 509.128 589.03 480.231 301.422 323.226 247.768 320.587 392.643 423.628 253.414 246.055 305.253 245.46 252.245 284.855 593.831 461.913 692.582 350.94 259.129 251.226 244.55 233.532 233.137 232.76 263.675 250.749 231.655 252.556 285.495 570.558 374.388 258.167 253.915 230.718 510.358 273.938 268.799 230.451 229.785 225.39 219.674
threshold=13030.000000000002 0.7500000298023225 0.084427561610937132 0 1 2 3 0.17337424308061603 0.14952706545591357 225.00000000000003 4 155.00000000000003 5 6 0.058152329176664359 0.090211760252714171 1560.0000000000002 715.00000000000011 7 8 325.00000000000006 9 10 0.059944719076156623 11 950.00000000000011 0.064750330522656455 0.2603727281093598 12 61.500000000000007 13 0.16058247536420825 1615.0000000000002 14 88.500000000000014 15 16 17.500000000000004 0.11329178884625436 17 18 18.500000000000004 49.000000000000007 -0.13398594409227368 19 0.24372619390487674 20 21 1940.0000000000002 225.00000000000003 22 0.059944719076156623 23 24 2.5499999523162846 25 0.23249999433755877 1225.0000000000002 97.500000000000014 0.058047603815793998 1560.0000000000002 27.849999427795414 0.039812751114368446 26 0.051726119592785842 27 0.92191100120544445 325.00000000000006 28 950.00000000000011 0.049178216606378562 61.500000000000007 27.500000000000004 155.00000000000003 29 30 -0.19049859046936032 225.00000000000003 49.000000000000007 38.500000000000007 31 325.00000000000006 0.059944719076156623 32 715.00000000000011 33 0.092709075659513487 34 1615.0000000000002 64.500000000000014 0.10945477336645128 0.14242830872535708 35 97.500000000000014 55.000000000000007 36 37 0.064750330522656455 850.00000000000011 950.00000000000011 38 0.10945477336645128 0.12240357697010042 64.500000000000014 39 0.11122203245759012 38.500000000000007 -0.0053757284767925731 1225.0000000000002 1280.0000000000002 40 0.086274277418851866 0.098465938121080412 950.00000000000011 37.500000000000007 50.500000000000007 25.500000000000004 0.089248880743980422 325.00000000000006 114.50000000000001 41 42 950.00000000000011 43 44 63.500000000000007
decision_type=2 2 8 9 9 9 9 2 2 2 9 2 9 9 10 10 2 2 9 9 2 9 9 2 9 2 2 2 9 2 9 2 2 9 2 9 9 2 10 9 9 2 2 2 9 2 9 9 2 2 9 2 9 9 2 9 2 2 2 2 2 2 10 9 2 9 2 2 9 2 2 2 2 2 9 9 8 2 2 2 9 2 2 9 2 9 2 9 2 2 2 2 9 2 2 9 9 2 2 2 9 2 2 2 9 8 2 2 2 2 9 2 8 2 2 2 2 2 2 2 9 9 2 9 9 2
left_child=1 5 4 -2 9 55 11 8 14 73 -10 12 56 -13 80 123 44 18 -7 -19 22 25 29 24 76 26 36 96 30 58 57 32 38 34 59 77 -22 -38 111 60 -28 -42 -12 -44 -6 47 125 -14 64 50 -37 53 -53 105 -24 67 -4 -29 -8 62 -30 -35 -26 -17 65 -15 -66 -1 69 -69 -56 72 -72 75 -75 -3 -23 78 79 -31 -5 -57 124 -84 85 86 -85 88 108 -21 -91 92 -92 -93 95 -49 97 -25 104 -100 -101 -102 103 -103 -99 -51 -43 -39 -86 110 -110 -32 -113 114 -114 -116 -115 -117 119 120 -67 -120 -89 -11 -83 -47
right_child=3 2 6 7 16 17 20 -9 10 15 42 13 45 48 -16 63 -18 19 -20 89 21 23 54 27 33 -27 40 28 39 35 31 -33 -34 61 -36 49 37 107 -40 -41 41 106 43 -45 -46 46 -48 94 -50 51 -52 52 -54 -55 70 81 -58 -59 -60 -61 -62 -63 -64 -65 66 118 -68 68 -70 -71 71 -73 -74 74 -76 -77 -78 -79 -80 -81 -82 82 83 84 87 -87 -88 122 -90 90 91 93 -94 -95 -96 -97 -98 98 99 100 101 102 -104 -105 -106 -107 -108 -109 109 -111 -112 112 113 116 115 117 -118 -119 121 -121 -122 -123 -124 -125 -126 -127
leaf_value=0.0047080215669420954 -0.08146858056165554 -0.0062833331796643384 -0.10564509137777181 0.005955190135892934 0.014286152468412182 0.013836461478564543 -0.014456488346569962 -0.099187335965278386 0.044166451698066267 -0.00025875884819641831 0.0074317897986761767 0.0036546480310823189 0.0046215052220564866 0.0084193785407863722 -0.089020699546173476 0.0080363500884065402 -0.039433294297986712 0.0063381202909753636 0.0046125520389220234 -0.00061477723823959553 0.01990128941833973 -0.033218473921154242 -0.001528059813680282 -0.018250453333975594 -0.023402891865064373 0.013419334745153841 -0.0061583200342886675 -0.031002737665683951 -0.0062052646922412923 -0.0039652950168266648 -0.010298812559117977 0.0037842538566435365 -0.076990823703818032 -0.001642043227598172 0.018272341875634878 0.010881334065229944 -0.05686968633947493 -0.016949333970037957 -0.0068869261369480144 0.0052689148998946288 -0.12633521814976842 -0.039675743595328515 -0.085581352066349342 0.00041474478691816327 0.0047989920501195597 -0.025963855746031248 -0.0018747744141072087 0.014737343026768202 -0.026719595638509744 -0.04325369621572249 -0.0036886853910891382 -0.014566774384737274 -0.070110103645258479 -0.011155639147029016 0.0027109840912411306 -0.0045742869140000218 -0.050784990607502578 -0.082139516261242718 -0.055904644737829981 -0.00021988207949189665 0.0129154148542084 0.0084295883406091468 -0.0069513707687369657 0.00069995841708883079 -0.0019796287844978332 0.0065593262013099937 0.0020612018974371735 -0.085194922251681404 -0.008639928719091897 0.023638973121804401 -0.054368018718074548 -0.012388874416409739 0.0033166707678844746 -0.001834590820338236 -0.01775744953171873 0.006534246628647775 0.013187794563900951 0.013948332751185259 0.015804420485900889 -0.059644987238851567 -0.039655296755073642 -0.0058019398693158171 0.0051192761942466802 -0.0075262827335489729 0.0086899301737172873 -0.00041033897460781866 -0.033416823739108203 -0.047349148544793322 -0.035592254173324352 0.015829952319177824 -0.059271242138608515 0.025810331919326863 0.00048631587949010631 -0.032364512358199468 -0.0092961464669581544 -0.0069728332447997182 -0.0019970598944325951 0.013454537975488826 -0.060755835976924383 0.00069868735479085005 -0.0043696605759468406 -0.017413344761619393 -0.021363981179296453 -0.070001782966654297 -0.0032925518842256852 0.0038631437187605848 -0.088389851730481708 0.024944985955073606 0.0060050284442631175 0.040943737830558831 -0.0070635876969408562 -0.049146272542283813 -0.092442718886810799 0.0046185543366135604 0.022141510973699756 -0.064629898614024683 -0.020221076191524322 -0.023930123352272268 -0.034627253273476793 -0.046229111163336181 -0.016821882186303715 -0.013141884252986128 -0.0032776208650829629 -0.0085285407915935921 0.010050323273968915 -0.055702747653797263
leaf_weight=1036 394 4435 129 153 3982 5064 1253 101 152 8999 296 14623 4775 1932 111 7337 158 8260 30976 14281 241 109 3594 1509 2342 591 129 568 15536 914 1812 1558 128 14506 567 2799 394 2072 2729 3520 120 432 110 119 20042 896 2436 995 467 101 3275 1176 124 2751 1210 10761 356 130 183 1388 777 3184 1677 13038 88861 1442 22821 238 3324 132 138 27464 1876 2798 3390 2214 7808 2936 825 165 396 954 5808 1275 5268 2649 1305 107 186 221 347 173 154 109 5802 1376 48423 1019 196 2879 1695 116 682 316 3699 3541 112 126 2385 136 2936 305 137 414 121 188 4128 520 682 247 643 2410 9539 4547 5110 299
leaf_count=1036 394 4435 129 153 3982 5064 1253 101 152 8999 296 14623 4775 1932 111 7337 158 8260 30976 14281 241 109 3594 1509 2342 591 129 568 15536 914 1812 1558 128 14506 567 2799 394 2072 2729 3520 120 432 110 119 20042 896 2436 995 467 101 3275 1176 124 2751 1210 10761 356 130 183 1388 777 3184 1677 13038 88861 1442 22821 238 3324 132 138 27464 1876 2798 3390 2214 7808 2936 825 165 396 954 5808 1275 5268 2649 1305 107 186 221 347 173 154 109 5802 1376 48423 1019 196 2879 1695 116 682 316 3699 3541 112 126 2385 136 2936 305 137 414 121 188 4128 520 682 247 643 2410 9539 4547 5110 299
internal_value=-0.00171422 -0.00158848 -0.00245861 -0.0372551 0.00133979 0.00154029 -0.00326436 -0.0243574 -0.0188167 -0.00111106 -6.39934e-05 -0.00160982 -0.00604305 -0.0010459 -0.0380233 0.000795364 0.00607651 0.00403862 0.00591408 0.00116948 -0.00462926 -0.00377564 -0.0066555 -0.00322307 0.00145439 -0.020054 -0.0255673 -0.00480999 -0.00825918 -0.000885813 -0.0157863 -0.0143558 -0.0170522 -0.00225542 -0.00942759 0.000572377 -0.017437 -0.0209111 -0.0163039 -0.00341456 -0.0545546 -0.0628951 -0.0135122 -0.0410859 0.00637997 -0.00429539 -0.0122764 -0.00205982 -0.00162127 -0.00216581 0.00303795 -0.00627711 -0.0205654 -0.00336886 -0.0100254 -0.00126112 -0.0642421 -0.0406307 -0.0197738 -0.0123526 -0.00529055 0.000171014 -0.0165416 0.00334633 -0.00152272 -0.0071211 -0.00115392 -0.00866128 -0.0124345 -0.0464086 -0.0110238 -0.0115876 -0.000660925 -0.0061492 -0.0105908 -0.00201459 0.0125289 0.00834702 -0.000249271 -0.0125271 -0.0275692 -0.000536398 0.000617401 -0.000715876 -0.00203152 -0.0103896 -0.0205503 9.38918e-05 0.00350782 -0.00162697 -0.0160257 -0.0250257 -0.0409383 0.0032894 -0.00596177 0.00217304 -0.00295401 -0.00677244 -0.00514358 -0.00954633 -0.00777136 -0.0163938 -0.0348157 -0.0559536 0.000348126 0.00253802 -0.0498489 -0.0145375 0.00419245 -0.000150065 -0.00120788 -0.0196728 -0.0225926 -0.0211136 -0.035924 -0.0264836 -0.0179564 -0.0348133 -0.0126493 -0.00554463 -0.000705086 -0.018045 -0.00376744 -0.0030416 0.00756287 -0.0331678
internal_weight=519926 518094 405360 1832 70940 112734 334420 1438 1337 46758 677 151192 17064 134128 660 33921 24182 59585 36040 23545 183228 128903 54325 124686 31581 4217 3626 93105 32571 20043 12738 12040 10482 23664 5974 18607 2833 2592 10354 19833 793 664 525 229 24024 16579 3631 12948 119505 13767 6074 7693 1300 6393 34282 53149 485 698 1436 5407 16313 17690 4019 20375 119038 7356 111682 4730 3694 370 30688 29478 2014 12837 6188 6649 7917 4840 1904 1079 549 48419 37658 31594 25786 5229 2580 20557 10911 15285 1004 783 501 282 8173 2371 60534 12111 10602 5884 5688 2809 1114 432 4718 3642 544 2198 10725 5457 5321 7625 5813 5508 966 829 4542 708 5424 2332 2085 3092 9646 13546 6064 1195
internal_count=519926 518094 405360 1832 70940 112734 334420 1438 1337 46758 677 151192 17064 134128 660 33921 24182 59585 36040 23545 183228 128903 54325 124686 31581 4217 3626 93105 32571 20043 12738 12040 10482 23664 5974 18607 2833 2592 10354 19833 793 664 525 229 24024 16579 3631 12948 119505 13767 6074 7693 1300 6393 34282 53149 485 698 1436 5407 16313 17690 4019 20375 119038 7356 111682 4730 3694 370 30688 29478 2014 12837 6188 6649 7917 4840 1904 1079 549 48419 37658 31594 25786 5229 2580 20557 10911 15285 1004 783 501 282 8173 2371 60534 12111 10602 5884 5688 2809 1114 432 4718 3642 544 2198 10725 5457 5321 7625 5813 5508 966 829 4542 708 5424 2332 2085 3092 9646 13546 6064 1195
cat_boundaries=0 2 4 6 8 10 12 14 16 18 19 21 23 25 26 28 30 31 33 34 36 38 40 41 43 45 47 49 51 52 54 56 57 59 60 61 62 63 65 67 69 70 72 74 76 78
cat_threshold=268435458 8192 3230209706 29760 887806465 965 3171171038 1706 0 16388 2048 512 268441812 2 2281701396 8194 50667526 4096 525313 1076396033 16704 47415328 4 9601024 8192 2 1073758208 4352 557056 64 1024 35667968 6212 1 268437504 2 8198 2 67108886 138 1075838977 1075838976 16384 1 16640 540672 64 67202 1024 2684616706 1056 1 1082135680 17408 1073747082 1024 672137216 4327936 769 547356672 614465536 1 640 1075838976 18512 2097152 2112 1073741824 80 8388608 83886080 640 512 128 1073741960 16384 2049 384
is_linear=0
shrinkage=0.03


Tree=46
num_leaves=127
num_cat=30
split_feature=0 33 5 5 5 2 2 5 5 0 5 0 27 5 5 27 13 0 0 5 5 48 0 27 5 27 0 28 47 0 31 0 27 0 0 25 25 0 25 5 0 5 5 25 31 27 44 5 25 0 5 0 23 5 5 0 27 25 5 25 25 26 5 0 0 25 5 0 0 23 5 13 11 13 27 26 27 0 25 27 5 0 31 25 0 25 25 25 25 27 27 27 48 0 27 27 5 25 27 25 47 0 0 3 25 25 11 27 25 26 5 0 25 31 25 25 11 0 11 23 25 3 25 0 5 25
split_gain=2378.07 1580.86 1432.53 1043.29 702.691 899.577 887.771 2134.39 1270.66 865.963 854.47 725.423 1214.61 886.261 855.385 666.973 650.667 577.977 576.834 1210.18 842.943 556.293 518.154 514.203 510.143 509.291 480.036 478.925 475.214 473.034 471.038 409.415 447.353 420.43 4754.47 670.983 488.369 461.16 404.277 397.486 388.768 371.795 356.89 372.587 345.074 356.27 576.158 396.498 377.563 625.136 667.051 505.955 439.451 410.846 342.252 452.231 337.49 449.442 438.327 331.814 331.207 320.56 521.227 318.979 545.808 318.473 850.651 373.308 1951.59 854.747 644.155 582.441 400.91 346.506 524.021 317.683 420.303 304.274 301.986 567.34 299.438 798.336 295.105 285.553 278.26 1065.77 593.143 545.357 325.928 357.833 295.603 306.582 419.562 276.256 557.044 391.074 274.117 273.659 278.348 271.707 366.818 271.658 364.575 847.654 269.272 353.974 269.218 346.144 268.305 259.861 257.858 494.819 402.408 253.806 253.549 344.212 243.759 237.975 485.3 234.645 233.245 226.64 225.116 913.191 224.89 224.334
threshold=13030.000000000002 7.349999427795411 0 1 2 3 4 5 6 1715.0000000000002 7 850.00000000000011 0.059944719076156623 8 9 0.058846931904554374 13.500000000000002 325.00000000000006 615.00000000000011 10 11 13.449999809265138 950.00000000000011 0.058047603815793998 12 0.064750330522656455 155.00000000000003 0.076334379613399519 20.875000000000004 2375.0000000000005 0.051425565034151084 715.00000000000011 0.086274277418851866 475.00000000000006 425.00000000000006 97.500000000000014 68.500000000000014 325.00000000000006 73.500000000000014 13 1255.0000000000002 14 15 88.500000000000014 0.037406325340271003 0.055219287052750594 0.063500002026557936 16 89.500000000000014 1280.0000000000002 17 1280.0000000000002 0.10130250453948976 18 19 325.00000000000006 0.058047603815793998 19.500000000000004 20 61.500000000000007 26.500000000000004 0.12083044648170473 21 1410.0000000000002 1280.0000000000002 58.500000000000007 22 950.00000000000011 850.00000000000011 0.12481230497360231 23 39.500000000000007 0.27694219350814825 44.500000000000007 0.089248880743980422 0.14085485786199572 0.051913643255829818 90.000000000000014 95.000000000000014 0.1321084722876549 24 1225.0000000000002 0.052924888208508498 76.500000000000014 715.00000000000011 74.500000000000014 75.500000000000014 38.500000000000007 102.50000000000001 0.10945477336645128 0.1321084722876549 0.08212983608245851 124.70000076293947 325.00000000000006 0.053263295441865928 0.049178216606378562 25 73.500000000000014 0.064750330522656455 40.500000000000007 17.515000343322757 90.000000000000014 45.000000000000007 26 40.500000000000007 60.500000000000007 -0.63921129703521717 0.1575826704502106 15.500000000000002 0.002856506267562509 27 950.00000000000011 155.00000000000003 0.05539060756564141 49.000000000000007 38.500000000000007 -0.86546283960342396 1225.0000000000002 0.24372619390487674 0.10042453557252885 7.5000000000000009 28 15.500000000000002 155.00000000000003 29 47.500000000000007
decision_type=2 2 9 9 9 9 9 9 9 2 9 2 2 9 9 2 2 2 2 9 9 2 2 2 9 2 2 8 2 2 8 2 2 2 2 2 2 2 2 9 2 9 9 2 8 2 2 9 2 2 9 2 10 9 9 2 2 2 9 2 2 10 9 2 2 2 9 2 2 10 9 2 2 2 2 8 2 2 2 2 9 2 8 2 2 2 2 2 2 2 2 2 2 2 2 2 9 2 2 2 2 2 2 1 2 2 2 2 2 8 9 2 2 10 2 2 2 2 2 8 2 1 2 2 9 2
left_child=1 2 30 21 5 65 10 9 16 26 11 12 13 -6 31 17 -9 27 19 113 60 -2 -13 104 -3 56 -8 -15 119 -11 -1 33 -33 34 37 36 125 38 -14 -25 42 -28 43 93 -10 46 -46 -48 49 53 -51 101 -53 -47 55 121 57 -21 -58 82 -20 62 78 64 -32 66 109 68 69 73 -69 -70 -72 -68 114 76 124 -49 79 99 81 -78 -29 -30 85 -62 87 -86 89 -87 91 -89 -93 108 95 -95 106 98 -39 -24 -101 102 -50 -104 -19 -106 -23 -108 -7 -4 -22 112 -112 -12 115 -75 -38 -18 -119 -5 -55 -27 123 -122 -44 -35
right_child=3 24 4 28 6 40 7 8 44 29 18 22 14 15 -16 -17 117 23 20 25 110 96 61 39 -26 54 41 59 83 -31 63 32 -34 35 -36 -37 116 97 -40 -41 -42 -43 75 -45 45 48 47 77 51 50 -52 52 -54 120 -56 -57 58 -59 -60 -61 84 -63 -64 -65 -66 -67 67 70 71 -71 72 -73 -74 74 -76 -77 80 -79 -80 -81 -82 -83 -84 -85 86 88 -88 90 -90 -91 -92 92 -94 94 -96 -97 -98 -99 -100 100 -102 -103 103 -105 105 -107 107 -109 -110 -111 111 -113 -114 -115 -116 -117 -118 118 -120 -121 122 -123 -124 -125 -126 -127
leaf_value=0.00891543549709156 -0.091874366806884669 0.0071773120564616573 -0.013254716597095328 -0.0034886647352091542 0.0048319233287522677 -0.042882946252498937 -0.0045428159093758068 -0.015095610906725242 -0.00029569591667152754 -0.088748804933061656 0.0061282494098769949 0.048418974166963155 -0.0069311980905006655 0.011818184006222329 -0.0061376132588612901 0.0060785167293654456 -0.079829558036304801 -0.017292172696931729 -0.015848330081023015 -0.022757591041464461 0.0042889084522361081 -0.068094162339031108 -0.002366914464026803 0.0041433951604698755 0.0011675717315117538 0.016266820423085901 0.012948357841495528 -0.039593791254266777 -0.0054940299526243198 -0.021361598134504247 0.0015225584414737324 -0.086249713295639102 -0.01210337519812495 0.015863614056622032 -0.14425799711731796 0.00098701103624154285 -0.081152714606307977 -0.028945059297049696 -0.046439813476155646 -0.030484137464263265 0.00845835092527439 0.0011155513814961816 0.0088361916154025034 0.010439915109343608 -0.068098020557371783 -0.011115618018059553 -0.0058243428873978919 -0.053014964619715665 0.0067183671152451999 -0.019300845560897079 0.023127359218232793 -0.026605737855159232 -0.091766577886133377 0.03893094968795776 -0.0087848626178496734 -0.048535822706725885 0.0067359057774223977 -0.0034881059822436007 -0.0031181807463068834 -0.024438998746559484 0.0062685698824207388 0.0091245737351140603 0.002519859424692131 -0.020444856514482055 0.06508591116451827 -0.0089790347645732002 -0.0053852380339467982 0.008344434172650031 -0.12888902175841452 -0.089464234292146658 -0.0047986438117580393 -0.047712477628615239 -0.02317851335817879 -0.010147707144626678 -0.059935026840182412 -0.00061141549922048627 0.010475058832908271 -0.019767590099703525 0.00045314307296874659 -0.04059703520359121 -0.009480756897328713 -0.060690231142925613 -0.0070616940711304664 0.049300068216398353 0.013420346534826101 -0.020725337329529178 0.007343835728770366 0.0044213334296677844 -0.0079184991596858625 -0.06467205220788598 0.015777910538640708 -0.017614936604695947 -0.079590101653655751 -0.009903208892120206 -0.0086568686143928385 -0.045511332371779505 -0.0735221952470866 0.0067075383315483728 0.015480740221048889 -0.072974746926586231 -0.013957755770956318 -0.010255475604772543 -0.11095488287508487 -0.00043766992626620866 0.018124666297180025 -0.00082332279984979862 -0.041447767352128954 0.024905162000929126 0.0055363798347983998 0.0019470175981043999 0.019017118917431377 0.0028410330350804843 0.0022889180473360895 0.021700772385305721 0.028120649409622459 -0.060761130620846648 -0.033714908322088094 -0.0090273737404928649 -0.086158916624479512 -0.045562128439208774 0.022591589591889217 -0.034539029113081994 -0.0022192165346699051 -0.072907057839269568 -0.003830071030690219 -0.01658523887834179
leaf_weight=9393 316 19062 1103 175 12781 114 14242 483 4373 134 11165 204 400 545 14679 3544 316 660 1304 1138 17899 100 2929 441 38160 203 2547 277 298 310 35533 163 133 225 276 2096 111 521 559 926 3003 36469 1599 713 191 11446 2140 289 119 449 1223 450 117 119 3220 505 7153 25027 9375 3051 3966 3434 15896 592 121 35705 3933 2079 157 123 2796 164 1728 708 276 42955 235 1725 3223 531 5495 356 2589 119 937 1568 8022 556 2111 186 298 2212 102 425 2578 803 165 944 167 100 1563 10539 127 122 1108 4439 153 130 986 12149 5456 5132 1697 1028 117 145 795 171 128 375 175 128 8837 184 5822 1270
leaf_count=9393 316 19062 1103 175 12781 114 14242 483 4373 134 11165 204 400 545 14679 3544 316 660 1304 1138 17899 100 2929 441 38160 203 2547 277 298 310 35533 163 133 225 276 2096 111 521 559 926 3003 36469 1599 713 191 11446 2140 289 119 449 1223 450 117 119 3220 505 7153 25027 9375 3051 3966 3434 15896 592 121 35705 3933 2079 157 123 2796 164 1728 708 276 42955 235 1725 3223 531 5495 356 2589 119 937 1568 8022 556 2111 186 298 2212 102 425 2578 803 165 944 167 100 1563 10539 127 122 1108 4439 153 130 986 12149 5456 5132 1697 1028 117 145 795 171 128 375 175 128 8837 184 5822 1270
internal_value=-0.00165228 -0.0015315 -0.0021161 -0.0357719 -0.00267131 -0.00453776 -0.00185398 -0.00418423 -0.00910467 -0.000177064 -0.000664995 -0.00301354 -0.00508424 -0.00117746 -0.0103937 -0.00554601 -0.0408291 -0.0084853 0.0010495 -0.000976442 0.00337082 -0.0594994 0.00089954 -0.00286155 0.00317111 -0.00317178 0.000171124 -0.0150753 -0.0137751 -0.0418529 0.00292817 -0.0185156 -0.0530869 -0.0171441 -0.026121 -0.0114164 -0.0222401 -0.013486 -0.0299851 -0.0195108 -0.00208179 0.00189192 -0.0025921 -0.00979556 -0.00827714 -0.00919171 -0.0172794 -0.0149269 -0.00815484 -0.00589036 0.0117518 -0.0125813 -0.0401895 -0.00731168 -0.0133301 -0.0303379 -0.00220716 -0.00432704 0.00114882 -0.017554 -0.00120537 0.000547537 -0.000667769 0.0013772 0.00174009 -0.00714949 -0.0045881 -0.0102904 -0.015979 -0.0116215 -0.00545996 -0.0876926 -0.0117966 -0.00975582 -0.0235362 -0.001873 -0.00588613 -0.0244411 -0.00673353 -0.0112672 -0.0117292 -0.0318842 -0.0102186 0.0102232 -0.000248492 -0.00465631 0.002598 -0.00667586 -0.0158654 -0.0254198 -0.0126221 -0.0155754 -0.02038 -0.0127579 -0.0165842 -0.0332058 -0.0417811 -0.00377828 -0.0181547 -0.0078675 -0.0175483 -0.0111425 -0.0364495 -0.0570242 0.00080776 0.00296408 -0.0253754 -0.0109873 0.000483986 0.000680318 0.00659249 0.00994193 0.0150493 0.00743675 -0.0131283 -0.0188125 -0.0396099 -0.0616448 -0.042224 -0.0322057 -0.00262207 -0.00342501 -0.00316681 -0.0264213 -0.00109331 -0.0116943
internal_weight=519352 517521 460299 1831 414660 126267 288393 97425 43723 53702 190968 80580 52700 30361 22339 17580 1098 14036 110388 58942 51446 864 27880 7574 57222 46749 53258 6462 967 444 45639 7660 296 7364 2867 4497 2401 2591 959 1367 65084 39016 62081 5619 42625 38252 4345 4154 33907 22433 1672 11474 567 20761 4056 836 42693 26165 16528 5917 21262 27676 24242 36246 35654 61183 25478 12226 5623 5302 6603 321 4524 5179 1246 56462 13507 2014 8346 5123 6086 591 2866 417 19958 7831 12127 4105 3865 1754 3168 2870 2314 4906 3806 1228 548 1632 688 4592 1663 10907 368 249 6207 5547 383 283 1100 13252 30184 12285 7153 12193 970 853 906 615 299 550 9315 331 9196 359 7421 1495
internal_count=519352 517521 460299 1831 414660 126267 288393 97425 43723 53702 190968 80580 52700 30361 22339 17580 1098 14036 110388 58942 51446 864 27880 7574 57222 46749 53258 6462 967 444 45639 7660 296 7364 2867 4497 2401 2591 959 1367 65084 39016 62081 5619 42625 38252 4345 4154 33907 22433 1672 11474 567 20761 4056 836 42693 26165 16528 5917 21262 27676 24242 36246 35654 61183 25478 12226 5623 5302 6603 321 4524 5179 1246 56462 13507 2014 8346 5123 6086 591 2866 417 19958 7831 12127 4105 3865 1754 3168 2870 2314 4906 3806 1228 548 1632 688 4592 1663 10907 368 249 6207 5547 383 283 1100 13252 30184 12285 7153 12193 970 853 906 615 299 550 9315 331 9196 359 7421 1495
cat_boundaries=0 2 4 6 7 8 10 11 13 15 16 17 18 20 22 23 24 26 28 30 32 34 36 38 40 41 42 43 45 46 47
cat_threshold=407109716 10 303038466 8192 1623081 2132 5 6 1201672320 9377 131072 127930368 9505 109051904 9248 27267072 2684493954 2684485632 1090849910 27690 0 257 102764544 16385 66048 20992 67584 512 2147491840 4608 2048 128 512 4608 8388608 9216 16425 2064 525312 64 32768 34603008 2 73858 4608 2 1082376
is_linear=0
shrinkage=0.03


Tree=47
num_leaves=127
num_cat=38
split_feature=0 40 5 5 31 5 11 5 2 0 5 25 0 5 12 5 23 5 0 11 21 5 0 25 25 0 0 5 11 0 11 38 0 0 21 5 0 5 0 5 5 0 31 4 25 5 26 2 25 11 25 5 0 25 25 0 25 5 0 0 0 5 0 0 0 0 4 0 25 0 5 11 25 26 0 5 5 0 4 0 25 8 5 25 0 0 32 2 5 5 0 0 5 5 25 5 31 5 23 0 31 0 29 25 25 25 11 25 5 5 25 5 0 0 25 0 25 28 22 0 11 25 25 0 0 5
split_gain=2337.74 1508.27 1298.35 1013.97 879.949 823.92 600.477 709.518 716.728 465.546 419.859 416.627 430.103 415 377.542 399.457 349.56 333.735 324.603 323.673 338.316 294.502 524.571 733.633 425.89 330.147 295.311 385.873 290.753 282.713 272.259 260.932 271.266 253.074 343.203 250.78 330.12 907.851 356.642 452.039 378.197 361.763 353.506 308.184 308.037 302.804 299.695 295.459 284.664 380.41 286.029 274.786 367.564 251.775 243.564 238.906 547.746 235.13 357.353 1666.08 799.628 361.171 623.198 254.434 384.475 343.073 234.769 642.572 231.352 227.667 220.975 216.917 215.518 211.488 210.126 493.121 258.988 316.97 518.866 1074.18 285.272 209.818 270.355 294.247 206.798 242.875 206.664 206.119 206.086 203.711 200.184 193.2 190.682 187.057 183.739 181.71 181.544 179.304 177.259 230.681 178.772 620.013 195.876 176.536 175.608 174.326 174.135 173.992 172.998 169.492 168.483 248.78 384.737 268.8 247.897 251.354 164.005 160.317 164.784 193.648 157.633 350.106 156.7 240.029 182.225 154.809
threshold=13030.000000000002 32.750000000000007 0 1 0.063124977052211775 2 0.24372619390487674 3 4 1560.0000000000002 5 53.500000000000007 1225.0000000000002 6 0.92843842506408703 7 0.10746030509471895 8 1225.0000000000002 -0.87395131587982167 0.12786471098661426 9 1225.0000000000002 76.500000000000014 77.500000000000014 615.00000000000011 155.00000000000003 10 0.22700754553079608 1280.0000000000002 0.63920241594314586 19.849999427795414 1410.0000000000002 1410.0000000000002 0.042006649076938636 11 1100.0000000000002 12 325.00000000000006 13 14 615.00000000000011 0.075905904173851027 15 56.500000000000007 16 0.099273119121789946 17 99.000000000000014 -0.54220184683799733 47.500000000000007 18 715.00000000000011 65.500000000000014 10.500000000000002 155.00000000000003 11.500000000000002 19 615.00000000000011 425.00000000000006 475.00000000000006 20 950.00000000000011 850.00000000000011 715.00000000000011 950.00000000000011 21 615.00000000000011 102.50000000000001 615.00000000000011 22 0.022575936280190948 5.5000000000000009 0.023513245396316055 225.00000000000003 23 24 325.00000000000006 25 950.00000000000011 15.500000000000002 9.5000000000000018 26 56.500000000000007 1615.0000000000002 2125.0000000000005 0.23673103004693988 27 28 29 1615.0000000000002 225.00000000000003 30 31 49.000000000000007 32 0.024568077176809314 33 0.038110742345452316 90.000000000000014 0.034577144309878356 325.00000000000006 0.096411865204572691 97.500000000000014 78.500000000000014 64.500000000000014 0.24372619390487674 77.500000000000014 34 35 76.500000000000014 36 325.00000000000006 155.00000000000003 86.500000000000014 325.00000000000006 86.500000000000014 0.094471801072359099 -0.70165884494781483 155.00000000000003 -0.50556187331676472 99.000000000000014 20.500000000000004 325.00000000000006 325.00000000000006 37
decision_type=2 2 9 9 8 9 2 9 9 2 9 2 2 9 2 9 10 9 2 2 10 9 2 2 2 2 2 9 2 2 2 2 2 2 10 9 2 9 2 9 9 2 10 9 2 9 10 9 2 2 2 9 2 2 2 2 2 9 2 2 2 9 2 2 2 2 9 2 2 2 9 2 2 8 2 9 9 2 9 2 2 2 9 2 2 2 8 9 9 9 2 2 9 9 2 9 10 9 10 2 10 2 10 2 2 2 2 2 9 9 2 9 2 2 2 2 2 10 10 2 2 2 2 2 2 9
left_child=1 2 4 -2 10 28 57 8 -8 14 -1 12 -10 19 35 87 33 -11 -13 -5 71 22 25 -24 -25 103 27 -23 74 95 -14 -9 -33 96 -35 47 38 48 40 41 -37 43 46 -40 -41 86 55 88 50 -50 -38 52 66 105 -29 -42 91 69 59 110 -61 62 97 64 -63 -65 67 104 -69 -6 -18 107 -28 -43 75 -3 77 -76 79 80 -79 -45 -83 -84 -78 -86 -39 122 -4 -19 93 -57 -30 -67 -52 -17 -12 -60 117 -100 101 -101 -103 -7 -46 -54 -74 -21 -49 -77 -59 112 113 -112 115 -113 -114 118 119 -98 121 -115 124 -124 -16 -58
right_child=3 5 9 13 6 21 7 31 11 17 16 18 30 -15 15 29 70 89 -20 20 -22 26 23 24 -26 -27 72 54 92 -31 -32 32 -34 34 -36 36 37 45 39 44 42 73 -44 81 51 -47 -48 108 49 -51 94 -53 53 -55 -56 56 125 58 61 60 -62 63 -64 65 -66 90 -68 68 -70 -71 -72 -73 106 -75 76 109 84 78 -80 -81 -82 82 83 -85 85 -87 -88 -89 -90 -91 -92 -93 -94 -95 -96 -97 98 -99 99 100 -102 102 -104 -105 -106 -107 -108 -109 -110 -111 111 114 116 120 -116 -117 -118 -119 -120 -121 -122 -123 123 -125 -126 -127
leaf_value=0.0096956422890795146 -0.077514704972067291 -0.04714713349931951 -0.023717287466800831 -0.072394607094670993 0.01410581277723242 0.0076560302545663249 -0.0073282017042011699 -0.00031380795600359382 -0.033487734416714758 0.024413885992330402 0.010545271200024452 -0.026779488947525503 -0.05181328531673976 -0.00070616537109501477 -0.0064646129680155321 -0.0026081025614619752 0.015769336913396527 0.0058452139940253604 0.02068539671501831 -0.047131275381290069 -0.073162119992139951 -0.024857572463350595 0.0086403697575316799 -0.092036093473434444 -0.020530634448840849 0.022815284464425736 -0.040439372303560837 0.028996065158984924 0.0052144653097138281 -0.03875520480700901 -0.12184603770180504 -0.0057900883439663863 -0.039367385038874755 -0.069634975284900313 -0.0067269315395579237 -0.0020040136117934304 -0.037651902792003249 0.0077326094275355604 0.013126959710391409 0.0035086604246312822 -0.0014514363417304449 -0.032606310916533196 -0.028293849532701528 0.0014488713327678046 -0.012631749891525794 -0.0086371786172580838 0.011245566697839599 0.010480873629583233 -0.090412835852766868 -0.027706519539297137 0.01671976681071273 -0.0059856485778596591 -0.0030985562448369577 0.0058006568689351274 -0.0036709372110340348 -0.061469498733058577 -0.012756115481963306 -0.00068071189345123473 0.0075973136119849884 -0.11609733337457016 -0.011592018138104622 -0.0045898445814586122 -0.0024751905830823141 0.045015910386298749 -0.053192860936585637 0.0049407069093798653 -0.00073697812669048688 -0.028541539802235432 -0.0099695383343515135 -0.0063219003878337149 0.0039618663155139688 0.006397594948930125 0.0035749995539032654 -0.0078770268575589601 0.013978612814219712 -0.017360868815108489 0.0014397287486267278 -0.10538842113394485 -0.0050121902141477583 0.023815809107230357 -0.047570080437787599 -0.0010661022651499254 -0.028732820753388857 0.023963358861704667 -0.04607423309246466 -0.00044587605029138412 -0.0033788845872379271 -0.012210169240102374 -0.0034713892992013378 -0.014613505189181881 -0.02485368697023797 -0.015076197785130072 -0.0095419833554152966 -0.00066990267200436708 -0.016635964498591005 0.0010742930221893862 -0.0044605746639904929 0.018827153986752651 0.043119902461767196 0.0057593892641465668 0.0036092194860782951 -0.0288969787153125 -0.0081852264741422657 -0.0055874789708411591 0.01308939905526886 -0.045240132336815196 -0.0020423810249903564 -0.0075806904364527994 -0.0086524741237915797 -0.0019215096495853565 0.0064652833481452371 -0.01416183575102516 -0.0032217059847760299 -0.0091660243771574754 -0.0067468875599597158 -0.047217108029995528 0.013932134142745257 -0.015676355764070258 -0.0045272838085222622 0.031131407671489468 -0.0038425485160054535 -0.03865315043005374 -0.0095932047567567347 0.0051802075158922179 -0.042652112907467628 -0.0066568513034529668
leaf_weight=8665 397 242 451 172 1903 13763 3393 14189 424 758 1561 890 104 494 408 21631 2286 2455 151 240 118 770 388 139 163 1254 102 227 913 174 100 10830 220 105 297 17582 582 1841 1300 14042 4316 318 734 3540 309 10463 769 425 127 277 168 9872 229 8615 2073 239 5479 29788 2453 169 108 4912 3685 160 150 8391 11224 1128 1301 661 3828 216 48391 13006 643 741 31478 113 4443 179 247 1233 828 107 179 252 8270 4394 23947 522 264 123 5607 14712 1242 27232 279 2788 119 2416 9420 788 860 969 1042 143 5534 172 28004 4354 1112 663 743 1565 2638 301 1541 986 3711 270 1815 471 1708 2351 180 12193
leaf_count=8665 397 242 451 172 1903 13763 3393 14189 424 758 1561 890 104 494 408 21631 2286 2455 151 240 118 770 388 139 163 1254 102 227 913 174 100 10830 220 105 297 17582 582 1841 1300 14042 4316 318 734 3540 309 10463 769 425 127 277 168 9872 229 8615 2073 239 5479 29788 2453 169 108 4912 3685 160 150 8391 11224 1128 1301 661 3828 216 48391 13006 643 741 31478 113 4443 179 247 1233 828 107 179 252 8270 4394 23947 522 264 123 5607 14712 1242 27232 279 2788 119 2416 9420 788 860 969 1042 143 5534 172 28004 4354 1112 663 743 1565 2638 301 1541 986 3711 270 1815 471 1708 2351 180 12193
internal_value=-0.00159789 -0.00147881 -0.00238429 -0.0356326 -0.000150143 0.00141902 -0.00146325 -0.00506588 -0.0153047 -0.00371121 0.00395586 -0.0313664 -0.0508412 -0.0230984 -0.00387257 -0.00176175 0.00210407 0.0067986 -0.0198813 -0.0349972 -0.0267578 0.00342642 0.00693354 -0.0186555 -0.0536372 0.00804347 0.00240098 -0.00664806 -0.00157972 -0.000692378 -0.08657 -0.00300458 -0.0064621 0.000252039 -0.0232902 -0.00453354 -0.00383618 -0.00710671 -0.00315148 -0.00181834 -0.00534687 -0.00556491 -0.00780658 -4.9803e-05 -0.000226913 -0.00506044 -0.00715831 -0.00628249 -0.0245447 -0.0475932 -0.0199719 -0.00177607 -4.11925e-05 0.00475648 -0.000433761 -0.00779201 -0.00930931 -0.000115391 -0.000408189 -0.0023473 -0.0755398 0.00170651 0.00697028 6.04248e-05 -0.0060403 0.00137326 -0.00291502 -0.00938041 -0.0186024 0.0088048 0.00841076 -0.0179361 0.00291574 -0.00846964 -0.000682326 -0.00625159 0.000109719 -0.00581916 -0.00838832 -0.0361571 -0.0659603 -0.00305259 -0.0104 -0.0224434 0.00115649 -0.0194587 -0.00135381 -0.00755201 -0.00385616 0.0022173 0.00107252 -0.045791 -0.00748178 0.00136984 -0.0126526 -0.000556188 0.00071685 0.013624 -9.76179e-05 0.00170906 0.00134043 -0.00391802 -0.0181002 0.00678462 0.00720148 -0.019376 0.00299849 -0.0306782 -0.0083625 -0.00419952 -0.00184654 -0.0050472 -0.00183165 -0.00652306 -0.0114775 -0.0245213 0.00835291 -0.00478182 -0.00225713 0.0130685 -0.0102742 -0.0160031 -0.00312902 -0.00103718 -0.017596 -0.00855946
internal_weight=519140 517331 394167 1809 146885 123164 111294 30301 5062 247282 35591 1669 628 1412 243547 58078 26926 3735 1041 918 746 73773 16676 690 302 15986 57097 3070 49391 49037 204 25239 11050 20812 402 185469 132642 22970 109672 68237 41435 20332 23853 7008 47905 20574 23119 52827 2396 404 1992 33863 23991 8987 2300 22350 18034 80993 78429 40914 277 37515 8926 28589 5062 23527 15004 3780 2429 2564 6114 628 54027 13324 42871 5337 37534 5625 4982 539 360 5708 2168 935 31909 431 10111 9041 24398 2977 23367 362 6520 23103 1410 48863 20410 5241 18849 13603 13484 4064 1648 14732 1351 372 53925 412 28429 5095 40637 10849 7247 4963 3602 964 2284 5246 4260 549 3851 2036 4647 4059 588 17672
internal_count=519140 517331 394167 1809 146885 123164 111294 30301 5062 247282 35591 1669 628 1412 243547 58078 26926 3735 1041 918 746 73773 16676 690 302 15986 57097 3070 49391 49037 204 25239 11050 20812 402 185469 132642 22970 109672 68237 41435 20332 23853 7008 47905 20574 23119 52827 2396 404 1992 33863 23991 8987 2300 22350 18034 80993 78429 40914 277 37515 8926 28589 5062 23527 15004 3780 2429 2564 6114 628 54027 13324 42871 5337 37534 5625 4982 539 360 5708 2168 935 31909 431 10111 9041 24398 2977 23367 362 6520 23103 1410 48863 20410 5241 18849 13603 13484 4064 1648 14732 1351 372 53925 412 28429 5095 40637 10849 7247 4963 3602 964 2284 5246 4260 549 3851 2036 4647 4059 588 17672
cat_boundaries=0 2 4 6 8 9 11 13 15 17 19 21 23 25 27 29 30 32 33 35 37 39 40 42 44 46 47 49 50 51 53 55 56 58 59 60 62 64 66
cat_threshold=432417494 170 268435458 8192 149668488 964 268575234 2 6 272760912 2 35127296 4 1065 2048 2148007936 4096 263220 16394 33556480 1040 35177505 80 1073741824 20736 69206016 9220 1142951936 1792 4 0 11269 10 536870912 16897 0 2 2694 128 4 2692 128 131072 256 540800 64 1 67108864 1024 10 1 1097728 4 136839168 256 16785472 3258470400 772 130 1 0 640 8388610 136 65536 1
is_linear=0
shrinkage=0.03


Tree=48
num_leaves=127
num_cat=43
split_feature=0 33 5 5 5 36 25 5 25 0 27 5 2 5 5 4 25 5 5 0 11 23 4 5 5 25 0 5 26 0 0 5 0 5 5 25 48 0 5 0 0 11 5 11 5 21 0 5 27 5 25 5 5 5 20 5 25 27 11 25 0 22 27 25 25 27 0 25 32 25 0 25 27 5 27 11 5 26 27 5 0 0 20 0 5 5 0 27 27 25 25 27 8 27 25 27 27 5 0 0 5 27 5 5 27 5 4 25 25 0 5 27 4 25 11 25 13 27 27 27 5 5 25 26 4 0
split_gain=2087.86 1395.27 1234.79 1104.86 803.542 698.939 658.093 625.647 503.799 446.774 434.379 482.95 433.534 1356.37 1121.19 651.554 438.536 408.635 396.616 674.334 388.441 445.895 363.467 356.781 340.352 601.545 321.543 694.878 322.384 315.428 834.288 740.668 705.073 490.699 471.674 335.864 328.698 312.615 349.265 321.858 299.018 331.892 286.201 536.293 285.209 281.913 344.156 864.534 716.843 608.201 486.513 477.653 381.413 376.674 291.79 268.974 532.716 376.488 286.086 260.915 841.333 257.895 253.978 253.916 247.832 589.46 245.901 245.462 282.509 240.301 239.603 235.176 234.946 540.833 265.874 233.912 362.979 292.075 224.182 222.156 223.659 609.178 376.899 221.419 890.361 254.797 313.674 220.522 240.265 215.03 214.032 213.891 203.049 199.195 197.883 194.449 193.165 190.678 357.206 231.501 187.001 183.546 537.62 507.349 429.863 310.789 188.553 183.509 181.267 337.753 900.973 367.657 558.367 352.072 307.05 220.079 192.721 211.034 193.918 213.53 206.081 199.027 180.536 178.724 178.675 178.6
threshold=1715.0000000000002 4.7500000000000009 0 1 2 5.2500000000000009 86.500000000000014 3 19.500000000000004 17950.000000000004 0.10038758814334871 4 5 6 7 8 27.500000000000004 9 10 2375.0000000000005 -0.33425341546535486 0.10007642209529878 11 12 13 90.500000000000014 1560.0000000000002 14 0.22268813848495486 325.00000000000006 950.00000000000011 15 850.00000000000011 16 17 18.500000000000004 114.54999923706056 180.00000000000003 18 55.000000000000007 325.00000000000006 0.24372619390487674 19 -0.66528618335723866 20 0.085773311555385603 325.00000000000006 21 0.059944719076156623 22 88.500000000000014 23 24 25 29.500000000000004 26 47.500000000000007 0.05270845256745816 -0.47558552026748652 113.00000000000001 850.00000000000011 -0.11594646796584128 0.059944719076156623 88.500000000000014 77.500000000000014 0.049178216606378562 45.000000000000007 77.500000000000014 0.24404924362897876 64.500000000000014 1560.0000000000002 62.500000000000007 0.053855204954743392 27 0.053263295441865928 0.39827039837837225 28 0.11226299405097963 0.051913643255829818 29 615.00000000000011 850.00000000000011 82.500000000000014 475.00000000000006 30 31 1225.0000000000002 0.11874964460730554 0.084925193339586272 71.500000000000014 99.000000000000014 0.060448419302701957 11.500000000000002 0.07936600968241693 97.500000000000014 0.14500886201858523 0.07936600968241693 32 1225.0000000000002 615.00000000000011 33 0.059393314644694335 34 35 0.058047603815793998 36 37 51.500000000000007 56.500000000000007 715.00000000000011 38 0.098019190132617964 39 75.500000000000014 0.3824331015348435 101.50000000000001 37.500000000000007 0.1321084722876549 0.092709075659513487 0.086274277418851866 40 41 38.500000000000007 0.14881563186645511 42 950.00000000000011
decision_type=2 2 9 9 9 2 2 9 2 2 2 9 9 9 9 9 2 9 9 2 2 10 9 9 9 2 2 9 10 2 2 9 2 9 9 2 2 2 9 2 2 2 9 2 9 8 2 9 2 9 2 9 9 9 2 9 2 2 2 2 2 8 2 2 2 2 2 2 10 2 2 2 2 9 2 2 9 8 2 9 2 2 2 2 9 9 2 2 2 2 2 2 2 2 2 2 2 9 2 2 9 2 9 9 2 9 9 2 2 2 9 2 9 2 2 2 2 2 2 2 9 9 2 10 9 2
left_child=1 3 6 5 94 10 18 96 29 44 11 -1 13 22 108 16 -15 -12 -2 -20 24 -22 -10 70 -11 -26 28 69 55 34 32 35 33 36 91 -32 101 38 39 -9 72 62 43 -19 -4 -16 47 -47 49 50 78 -50 61 -53 -49 56 -17 -58 87 63 -61 -51 -42 75 -56 -66 -57 -24 -69 -28 -6 -60 73 74 -25 -55 107 -78 -48 80 -43 82 -82 84 90 86 -85 88 -59 -21 -64 -5 123 124 97 -87 -7 98 99 -3 -74 103 -103 106 -105 -104 -31 -77 116 111 114 -110 -113 -112 -111 -114 118 125 119 120 -14 -121 -83 -62 -93 -118
right_child=2 4 9 8 23 7 -8 37 12 20 17 -13 14 15 45 26 -18 42 19 89 21 -23 67 40 25 -27 27 -29 -30 30 31 -33 -34 -35 -36 -37 -38 -39 -40 -41 41 79 -44 -45 -46 46 48 54 51 52 -52 53 -54 59 64 66 57 58 71 60 92 -63 83 -65 65 -67 -68 68 -70 -71 -72 -73 100 -75 -76 76 77 -79 -80 -81 81 122 -84 85 -86 95 -88 -89 -90 -91 -92 93 -94 -95 -96 -97 -98 -99 -100 -101 -102 102 105 104 -106 -107 -108 -109 109 110 113 112 115 -115 -116 -117 117 -119 -120 121 -122 -123 -124 -125 -126 -127
leaf_value=0.00022583862432290971 -0.031537942116265184 0.0089556076590342724 -0.021504625951501485 0.00709388427608257 -0.0038546763438089054 0.0134948347344819 -0.0097330101337715896 0.0084883200938399937 0.011408246045330431 -0.091707614280960775 0.013628345336821914 -0.0056850825658880623 0.0098469327274210063 -0.065305842930341473 0.0010385813225521354 -0.060429390590931491 -0.019317740153730844 -0.007865601608312553 -0.1424811307283548 -0.074686264667998659 0.004321690232548585 -0.056153761018684363 -0.0032890071970950526 -0.010915254542203184 0.028223203297923591 -0.06390403937875179 -0.075424386828373643 0.011013496421809457 0.006698733264441638 -0.015443634413127683 -0.011835806316400809 0.0067269250188524516 -0.073997160969058035 -0.0053544865709808974 -0.011591276585104688 -0.058231381867156339 -0.076299825579654867 0.0021899917464107506 0.0018109593277941024 -0.008737990982334666 0.0081595141199330007 0.009883948455344101 0.00079997581326897926 -0.083280210140170424 0.0052710700386690758 0.0089246849406123333 -0.021085748543353031 -0.059680709096116828 0.0032360037103464625 -0.025794503639790821 0.017052406836619186 -0.026321382716165059 0.00044490993117691081 -0.0054231505068440093 -0.0086067254094744725 0.014023043593261753 -0.066229831438798167 -0.021776728103206567 0.0092522081374442535 0.009007939870927479 -0.0078830861175956668 0.01252051294328221 -0.072334034983744272 0.00019148310568168391 0.0035306403215483923 -0.023631719255504065 -0.007994534327826857 0.0045945171042422522 -0.012029736572794717 -0.014205931529788107 0.016532634516707029 -0.0121584640597724 0.017206328719648285 0.0025883720145440585 -0.033018502998131291 -0.025636407269575178 -0.0157987124765991 -0.00021696901234177695 -0.0062951697680523524 0.00045986853577916533 -0.091195110298680424 0.0075767686463355686 -0.015634777954889132 0.015215883487922962 0.0045738023685413286 0.00040575291821298297 -0.0020136334743203642 -0.010947161510878062 -0.060480861454488381 -0.029656797326878523 -0.026007634015797181 -0.0088135750529666733 -0.045486610638839318 0.02170730045338819 -0.0094693618458009856 0.0066331397314243149 0.0017510902528675063 0.0044840844205992891 -0.023340695893890418 0.024023182692186656 -0.0012333873119481508 -0.087368873082674464 0.0091450389384883628 -0.083715644211963161 -0.012527756660962275 -0.036050779186506669 0.014526125553155821 -0.01254059187765021 -0.0013609927796207155 -0.02453698162133049 -0.0043113153009858183 0.0017025996597274837 -0.059439665128548556 0.0075127273407414302 -0.083079254499641195 -0.023206708193184773 0.00019379447706742775 0.012782525516366761 0.013955757367443889 -0.018804362354558922 0.0015489854359541087 0.0035756235912952931 -0.015686699409922282 -0.027295598220739702 -0.045787080449837383 -0.01038038761992454
leaf_weight=19189 325 7174 499 2798 20981 5079 290 1114 2497 121 2241 35388 4603 271 7807 229 599 533 116 329 401 150 13400 1243 101 170 116 1721 1298 608 327 2191 228 1360 4234 246 122 51663 8845 7848 7418 341 16607 100 1193 2116 1863 112 4364 164 526 899 14389 22335 9520 461 116 450 748 936 639 3830 192 5062 931 3154 39410 9061 1023 115 531 1203 511 1918 809 1638 1654 3131 1828 2839 145 405 101 2825 1055 24356 1433 811 213 137 171 512 358 142 773 5538 1677 23524 283 1052 9549 145 185 171 138 517 273 2345 29141 393 2904 1008 181 10313 101 904 8226 1002 1869 686 6505 733 1154 1291 152 1741
leaf_count=19189 325 7174 499 2798 20981 5079 290 1114 2497 121 2241 35388 4603 271 7807 229 599 533 116 329 401 150 13400 1243 101 170 116 1721 1298 608 327 2191 228 1360 4234 246 122 51663 8845 7848 7418 341 16607 100 1193 2116 1863 112 4364 164 526 899 14389 22335 9520 461 116 450 748 936 639 3830 192 5062 931 3154 39410 9061 1023 115 531 1203 511 1918 809 1638 1654 3131 1828 2839 145 405 101 2825 1055 24356 1433 811 213 137 171 512 358 142 773 5538 1677 23524 283 1052 9549 145 185 171 138 517 273 2345 29141 393 2904 1008 181 10313 101 904 8226 1002 1869 686 6505 733 1154 1291 152 1741
internal_value=-0.00151359 -0.0013497 -0.0235731 -0.00219147 0.00154191 -0.000159573 -0.0487073 0.001857 -0.00341624 -0.0119112 -0.0022352 -0.00360787 -0.00308305 -0.00498846 -0.00221095 -0.00798905 -0.0337013 0.00161038 -0.0616808 -0.0765757 -0.0284917 -0.0122136 0.000528581 -2.11916e-05 -0.051283 -0.0285419 -0.00751299 0.00440493 -0.00803076 -0.00887338 -0.0137533 -0.00124868 -0.0229746 -0.0196487 -0.00481845 -0.0312762 -0.0284895 0.00100836 -0.00241926 -0.00658866 0.00113383 0.00226067 3.95609e-05 -0.0195831 -0.00272947 -0.0044113 -0.00492393 -0.0089032 -0.00398698 0.000366604 -0.00989382 -0.00619045 0.00272462 -0.00721059 -0.0116518 -0.00846899 -0.0161359 -0.0133007 -0.0114893 -0.00676718 -0.0149458 0.0109139 0.00311042 -0.00603956 -0.0112606 -0.0174419 -0.00773767 -0.00062844 0.002907 -0.043275 -0.00334914 -0.00394922 -0.00271827 -0.00889715 -0.0195461 -0.00705363 -0.0112059 -0.0055935 -0.0137643 -0.00506624 -0.0123184 -0.0165843 -0.0603613 0.00205725 -0.00955469 0.00253964 0.00939624 -0.0214599 -0.0342834 -0.0615398 -0.0492882 0.00316269 -0.0247448 -0.010437 0.00551933 0.00155907 0.0105648 0.00588303 0.00973288 0.0108852 -0.000279245 -0.0257298 -0.0364056 -0.018107 -0.0504389 -0.0241829 -0.00608186 -0.0178864 0.000633757 -0.000510479 0.00341455 -0.00223353 -0.0143754 0.00491094 -0.0359241 -0.0293003 0.00266145 -0.000334313 0.00494393 0.00359838 0.00499837 -0.0073566 -0.00964229 -0.0208758 -0.0173335 -0.00165412
internal_weight=519730 515898 3832 399577 116321 150284 1197 76226 249293 2635 74058 54577 234944 73742 161202 47761 870 19481 907 582 943 551 25981 83515 392 271 46891 1952 44939 14349 6511 2764 3747 3519 7838 573 2159 69470 17807 8962 62003 47973 17240 633 1692 90892 83085 15833 67252 22600 4217 44652 18383 40288 13717 43641 3770 3541 3425 39389 3224 3994 42988 36165 13605 4085 39871 23484 10084 231 21512 1951 14030 3970 2052 31103 8768 4785 3691 4985 2146 1805 246 35570 1418 34152 4258 1474 663 466 363 3604 2288 806 32806 29894 6756 32033 8509 8226 10060 2037 847 1190 309 702 881 3983 70310 44945 13711 31234 2093 13217 494 1085 25365 10969 14396 12527 11108 1419 1559 1930 664 9967
internal_count=519730 515898 3832 399577 116321 150284 1197 76226 249293 2635 74058 54577 234944 73742 161202 47761 870 19481 907 582 943 551 25981 83515 392 271 46891 1952 44939 14349 6511 2764 3747 3519 7838 573 2159 69470 17807 8962 62003 47973 17240 633 1692 90892 83085 15833 67252 22600 4217 44652 18383 40288 13717 43641 3770 3541 3425 39389 3224 3994 42988 36165 13605 4085 39871 23484 10084 231 21512 1951 14030 3970 2052 31103 8768 4785 3691 4985 2146 1805 246 35570 1418 34152 4258 1474 663 466 363 3604 2288 806 32806 29894 6756 32033 8509 8226 10060 2037 847 1190 309 702 881 3983 70310 44945 13711 31234 2093 13217 494 1085 25365 10969 14396 12527 11108 1419 1559 1930 664 9967
cat_boundaries=0 2 4 6 8 10 11 13 15 16 17 18 19 21 22 24 25 26 27 29 30 32 33 35 37 39 40 42 44 46 48 50 52 54 56 57 58 59 60 61 62 63 65 66
cat_threshold=327155714 8192 432284374 1194 1124346998 22538 268435536 2 134488276 10 9 103813120 8277 3825404968 21056 2 518 50331648 2 4767752 196 1048576 2048 512 1073872904 1074398209 1074399233 642 1024 8192 671088640 512 573440 540672 256 33554432 257 34635776 4 524288 16384 4096 197121 17 1081344 8192 2155872257 8704 8388608 1536 66048 1793 20 16386 1 32 1024 656384 1073741825 1 2147483648 1 2147614760 131072 512 1
is_linear=0
shrinkage=0.03


Tree=49
num_leaves=127
num_cat=39
split_feature=0 40 5 36 5 5 5 11 0 0 5 0 23 2 5 5 32 5 27 25 27 5 5 11 25 23 5 11 5 27 5 5 25 11 25 0 5 5 27 47 27 0 29 5 27 5 27 5 2 5 27 0 27 0 0 5 5 25 27 27 20 13 44 5 0 47 27 25 30 0 25 20 5 0 25 0 0 47 25 25 5 20 25 0 25 0 5 5 0 27 0 0 44 5 5 0 25 5 27 27 0 25 30 5 23 0 0 0 5 5 0 4 31 0 4 5 13 13 5 26 13 28 11 11 27 26
split_gain=2124.84 1313.32 1133.78 877.773 826.063 749.322 670.151 650.3 461.851 402.336 546.775 504.814 391.181 295.583 1187.09 868.429 366.417 326.83 527.889 451.108 313.589 1142.38 358.545 300.303 297.157 468.242 285.501 277.88 269.595 269.211 455.376 352.836 875.988 267.932 260.491 256.31 656.366 291.744 254.234 253.098 249.973 238.118 437.502 233.952 239.035 761.947 253.221 230.814 343.037 357.807 406.916 495.877 236.143 281.733 226.92 592.373 523.049 446.693 254.705 315.174 310.558 218.965 250.516 218.537 214.229 217.573 257.886 213.896 207.164 401.852 950.798 303.979 204.753 397.335 299.629 222.287 204.51 258.525 205.236 197.318 196.691 274.445 250.733 196.18 195.672 210.844 817.597 318.925 225.812 219.672 209.207 246.121 221.058 195.102 195.033 233.973 218.041 214.113 206.937 202.31 194.639 377.187 234.912 190.754 190.361 189.683 435.936 2608.64 532.093 324.876 316.724 864.116 234.907 224.74 211.161 188.93 186.085 182.159 272.298 180.925 179.443 178.857 178.524 176.085 175.967 173.322
threshold=13030.000000000002 32.95000076293946 0 4.6500000953674325 1 2 3 0.24372619390487674 1560.0000000000002 180.00000000000003 4 55.000000000000007 0.064333807677030577 5 6 7 0.24194665253162387 8 0.05270845256745816 47.500000000000007 0.059944719076156623 9 10 -1.0000000180025095e-35 113.00000000000001 0.12977331131696704 11 -0.37447345256805414 12 0.058846931904554374 13 14 88.500000000000014 0.35846313834190374 97.500000000000014 1410.0000000000002 15 16 0.07936600968241693 9.4049997329711932 0.11874964460730554 155.00000000000003 0.040852611884474761 17 0.058846931904554374 18 0.059944719076156623 19 20 21 0.16058247536420825 155.00000000000003 0.16058247536420825 155.00000000000003 715.00000000000011 22 23 38.500000000000007 0.10945477336645128 0.076740767806768431 71.500000000000014 45.500000000000007 0.075500000268220915 24 45.000000000000007 36.329999923706062 0.069445703178644194 75.500000000000014 0.19606986641883853 1280.0000000000002 102.50000000000001 73.500000000000014 25 1225.0000000000002 76.500000000000014 615.00000000000011 950.00000000000011 13.940000057220461 14.500000000000002 62.500000000000007 26 31.500000000000004 155.00000000000003 1560.0000000000002 7.5000000000000009 715.00000000000011 27 28 950.00000000000011 0.086274277418851866 1615.0000000000002 2375.0000000000005 0.080499999225139632 29 30 1225.0000000000002 64.500000000000014 31 0.14500886201858523 0.11874964460730554 90.000000000000014 24.500000000000004 0.065987627953290953 32 0.03195008076727391 850.00000000000011 425.00000000000006 475.00000000000006 33 34 715.00000000000011 35 0.050361691042780883 615.00000000000011 36 37 5.5000000000000009 45.500000000000007 38 0.10922185331583024 47.500000000000007 0.16882655024528506 0.32613943517208105 -0.40614700317382807 0.084925193339586272 0.15855667740106585
decision_type=2 2 9 2 9 9 9 2 2 2 9 2 8 9 9 9 8 9 2 2 2 9 9 2 2 8 9 2 9 2 9 9 2 2 2 2 9 9 2 2 2 2 8 9 2 9 2 9 9 9 2 2 2 2 2 9 9 2 2 2 2 2 2 9 2 2 2 2 10 2 2 2 9 2 2 2 2 2 2 2 9 2 2 2 2 2 9 9 2 2 2 2 2 9 9 2 2 9 2 2 2 2 8 9 10 2 2 2 9 9 2 9 8 2 9 9 2 2 9 8 2 10 2 2 2 10
left_child=1 2 3 7 12 34 38 115 13 10 11 -8 -2 14 16 54 -4 18 -16 -20 21 -17 76 28 39 -26 -10 40 -18 31 -31 32 120 43 72 37 -37 105 -5 63 124 -12 -43 83 45 -45 -46 48 -9 52 51 -51 53 -50 56 57 -15 -56 59 -59 -61 62 -14 -24 -19 68 -67 -25 69 80 -71 -72 73 75 -75 -3 77 -22 -79 -29 100 -82 -83 -7 -48 86 89 -88 -87 -86 94 92 -92 -28 95 97 99 -90 -97 -96 101 -66 -102 -44 -55 106 109 -108 113 112 125 -112 -11 -109 -115 -1 -64 118 -6 -114 -23 -104 -74 -27 -21 -110
right_child=4 5 8 6 117 33 9 47 26 35 41 -13 61 15 17 20 23 64 19 27 22 29 24 67 25 123 93 79 -30 30 -32 -33 -34 -35 -36 36 -38 -39 -40 -41 -42 42 103 44 46 -47 84 -49 49 50 -52 -53 -54 104 55 -57 -58 58 -60 60 -62 -63 116 -65 65 66 -68 -69 -70 70 71 -73 122 74 -76 -77 -78 78 -80 -81 81 82 -84 -85 85 88 87 -89 90 -91 91 -93 -94 -95 96 98 -98 -99 -100 -101 102 -103 121 -105 -106 -107 107 108 110 -111 111 -113 119 114 -116 -117 -118 -119 -120 -121 -122 -123 -124 -125 -126 -127
leaf_value=0.0018765068433788579 -0.00048578495896139809 0.0086043098735880726 0.0072430556619392577 0.016713740402573209 -0.023702769627041636 -0.0027479171755180006 0.010009094803764468 -0.0067572488779870047 -0.017800190497506807 0.0053564137601311507 -0.003277044311293712 -0.012426688084297054 -0.018546116954029197 0.013707999041399242 -0.081944804969761101 0.010817058762075794 0.014125536123944418 0.013116146228255991 -0.054783199084169683 -0.024380090111072391 -0.06541774387262092 -0.013429640843483115 -0.0051523298280202173 -0.0043232730671030157 -0.0070710777125925408 -0.011535103017458328 0.023236939606253101 0.0083623806091002451 -0.00069886274952034831 -0.049156829764354315 0.0071482565271969618 -0.0037191815757630464 0.0081091787831484019 -0.0060992734266757812 -0.010037930931536871 -0.081723781707031387 -0.0038506012240680041 0.0052746505134794478 0.001763881459691183 -0.0063900040346712029 -0.010840655962298492 0.028174034257468762 0.020917630834264619 0.0069030932295240889 0.0066235901632512809 -0.014356459172927409 0.024352744022279837 -0.0042998430242690436 0.002235073999090946 -0.045748920663857467 -0.081432094120062318 -0.0072106006722457297 0.0092025007349920678 -0.03609176512510013 0.018447359306666685 0.0050986685345344972 -0.0021227616961824246 0.0033020459301917895 -0.0034804398667335089 -0.014209917331221124 -0.048546131791519342 -0.027823877035081386 -0.032877547023903338 0.0042093484496729706 -0.0077102287887430374 0.0064606165626307013 -0.0062306951309742762 -0.018822759449075046 0.0040761621023406649 0.038605746876050541 -0.031602604907006018 -0.095385385279385546 0.0047469439009405331 0.018303817650851081 -0.044387510084145439 0.022902882520776543 -0.00032277525633458244 -0.059575992194826108 -0.01085577733148484 -0.011737685200043828 -0.056462061364578875 -0.011033313710767365 -5.7361730207863504e-05 0.014269807931942571 -0.0072820476617099176 0.032968169685660131 0.0085675072754470335 -0.0022581501336817545 0.0020316750077787639 -0.027170202506202546 -0.072898536489273483 0.00078344318527753831 -0.011066707745694142 0.0057814531031917379 -0.0026469486474874305 -0.0039129731010533984 -0.032650741217657923 0.012698964712021551 0.0063129497768942226 0.0061589204244168784 0.020961750282196417 -0.045239844099098474 -0.0047551477578616618 0.00098186648093249789 -0.0039665713184713 0.0030128948673395278 -0.14360653358459471 -0.027345344718545675 -0.011074899562571319 0.0058898070379728249 0.0082891496365252691 -0.09384103661859218 -0.019015114147539747 0.019784698664232825 0.00049879040894425144 -0.0020595165468457514 -0.076130688356028667 -0.043669951541857287 0.015791079603594688 -0.0038824781587230356 -0.025699945136712723 -0.029795898911436549 -0.0043957556109704135 -0.038225687013083334 -0.058044939468496697 0.026154441742035441
leaf_weight=14600 128 7731 5460 3537 271 22078 1054 6248 365 2186 6262 6255 100 1969 107 4876 1233 460 234 415 177 4674 4837 3630 2459 312 748 711 9812 125 2658 29550 1700 6398 1015 101 777 21616 1441 39789 847 650 454 2879 8862 3187 320 10451 466 571 129 634 434 585 392 14745 36640 274 818 431 529 199 108 4168 1008 2017 5039 1224 1172 102 119 158 24367 101 210 1120 205 101 331 1148 114 19606 2071 626 820 215 3462 8299 2746 1283 103 291 105 2503 7510 3705 185 4473 3428 3415 314 316 12838 6130 232 20760 124 164 3002 7818 151 146 850 916 1154 44126 593 109 344 4330 1394 261 2086 784 212 116
leaf_count=14600 128 7731 5460 3537 271 22078 1054 6248 365 2186 6262 6255 100 1969 107 4876 1233 460 234 415 177 4674 4837 3630 2459 312 748 711 9812 125 2658 29550 1700 6398 1015 101 777 21616 1441 39789 847 650 454 2879 8862 3187 320 10451 466 571 129 634 434 585 392 14745 36640 274 818 431 529 199 108 4168 1008 2017 5039 1224 1172 102 119 158 24367 101 210 1120 205 101 331 1148 114 19606 2071 626 820 215 3462 8299 2746 1283 103 291 105 2503 7510 3705 185 4473 3428 3415 314 316 12838 6130 232 20760 124 164 3002 7818 151 146 850 916 1154 44126 593 109 344 4330 1394 261 2086 784 212 116
internal_value=-0.00149274 -0.00137795 -0.0022126 -0.000345815 -0.0335607 0.00135766 0.0016763 -0.00266476 -0.00359069 0.00104887 -0.00257658 -0.00917784 -0.0494345 -0.00376212 -0.00536937 -0.00302413 0.000538413 -0.00793004 -0.0165414 -0.0146035 -0.00472311 -0.0028798 -0.00628339 -0.00176405 -0.00597132 -0.0143455 0.00704411 -0.011767 0.000969332 -0.00454703 0.00445164 -0.00521943 -0.0109065 -0.00019786 0.00493996 0.00222374 -0.013865 0.00244699 0.0123625 -0.00536215 -0.0214906 0.00100492 0.00471287 0.000286304 0.00133915 -0.00427922 0.00203189 -0.00737375 -0.0108114 -0.0190596 -0.0307311 -0.0254951 -0.00985366 -0.0163787 -3.5555e-05 0.0028316 -0.00131208 -0.010819 -0.0164689 -0.0250689 -0.0331614 -0.056187 -0.0631901 -0.000820301 -0.00723232 -0.00744159 -0.00260241 -0.00798263 -0.0083382 -0.00873252 -0.0394268 -0.0681964 0.00536847 0.00923404 -0.0240345 0.010416 -0.0259294 -0.0349594 -0.0223577 -0.00404978 -0.00841298 -0.0102258 -0.00998473 -0.00227709 0.00102354 0.000836485 -0.00215473 0.000933548 0.00242079 -0.0193307 0.00216655 -0.0170515 -0.0418876 0.00986248 0.00254384 0.00485199 -0.000441992 0.00866253 0.00100163 0.000105953 -0.00572115 -0.0166948 -0.00464104 0.00239276 -0.0269853 0.000980228 -0.00103291 -0.0080493 -0.00504882 0.00163509 -0.012473 -0.0420627 -0.00288497 0.00632815 0.00903847 -0.00108099 -0.0695232 -0.00800278 -0.00175056 -0.00636882 -0.0162523 -0.00525633 0.00402432 -0.0306451 -0.0358371 -0.0096819
internal_weight=519524 517672 396652 168470 1852 121020 89994 78476 228182 85016 20805 7309 1128 224566 70628 153938 21359 49269 3674 3567 98140 44977 53163 15899 52349 3555 3616 3333 11045 40101 2783 37318 7768 84390 36630 64211 878 63333 4978 48794 1474 13496 7234 77992 55288 6066 49222 19750 9299 3051 1334 1205 1717 1283 55798 17189 38609 2444 2052 1234 960 1000 801 9005 45595 45135 7056 4854 38079 36907 379 277 35615 9162 311 8851 814 609 432 1859 36528 21791 21677 22704 40360 40040 13864 11761 26176 2103 25961 499 208 3251 25462 14352 11110 7219 7133 10925 14737 1324 13413 6584 817 41717 20957 5773 5649 15184 3415 297 7366 2234 2070 58726 701 724 615 5180 6068 13099 26453 1096 627 3118
internal_count=519524 517672 396652 168470 1852 121020 89994 78476 228182 85016 20805 7309 1128 224566 70628 153938 21359 49269 3674 3567 98140 44977 53163 15899 52349 3555 3616 3333 11045 40101 2783 37318 7768 84390 36630 64211 878 63333 4978 48794 1474 13496 7234 77992 55288 6066 49222 19750 9299 3051 1334 1205 1717 1283 55798 17189 38609 2444 2052 1234 960 1000 801 9005 45595 45135 7056 4854 38079 36907 379 277 35615 9162 311 8851 814 609 432 1859 36528 21791 21677 22704 40360 40040 13864 11761 26176 2103 25961 499 208 3251 25462 14352 11110 7219 7133 10925 14737 1324 13413 6584 817 41717 20957 5773 5649 15184 3415 297 7366 2234 2070 58726 701 724 615 5180 6068 13099 26453 1096 627 3118
cat_boundaries=0 2 4 6 8 9 10 12 14 16 18 19 21 22 23 25 26 28 30 32 34 35 36 37 38 40 42 44 45 47 49 51 52 53 55 57 58 59 61 63
cat_threshold=499591894 1194 303038466 8196 1090790518 31754 268435456 2 197266 9 35655681 8277 3758096424 20992 16384 4096 1081344 8260 1025 536870912 512 35651585 524288 20481 1 8390656 92545024 1192 4898816 452 2763001984 544 79899138 2 6 79757824 2147483648 2147483648 3702784 2128 20 16386 1611662344 256 545259520 2551187465 16 2148007936 4096 580977152 513 44040192 75499520 8388608 128 16777216 136 1 1 134479878 10 134742016 2048
is_linear=0
shrinkage=0.03


Tree=50
num_leaves=127
num_cat=36
split_feature=0 33 5 5 31 27 5 5 0 5 5 0 5 27 5 0 0 5 5 31 25 27 21 25 25 11 5 25 5 27 0 5 5 25 31 32 12 27 5 5 0 11 27 25 25 0 27 0 5 11 27 5 0 25 0 0 5 0 11 5 5 27 27 5 27 4 5 0 25 5 27 0 27 46 27 12 5 0 11 27 3 25 0 0 5 21 27 27 5 12 27 21 27 5 5 27 5 5 0 0 8 27 25 5 0 25 0 27 5 0 25 25 0 25 0 12 5 0 21 27 27 25 0 27 43 0
split_gain=2015.97 1228.08 1009.81 741.141 615.227 830.64 813.057 517.787 486.798 394.549 387.603 450.289 2536.82 610.487 1041.61 907.397 3015.05 656.602 655.01 573.834 553.543 485.084 463.212 361.085 377.422 403.757 1021.93 486.927 442.304 342.238 379.31 339.756 326.129 297.183 297.071 376.025 329.726 621.314 496.959 496.692 475.082 292.342 288.608 271.953 537.732 1200.39 643.101 459.473 565.416 269.371 539.893 265.2 1045.81 382.873 354.857 267.21 1086.99 520.897 688.572 386.88 378.5 390.872 347.81 294.12 292.133 263.324 261.438 369.476 261.015 256.525 253.136 236.539 244.643 235.108 302.531 288.497 280.501 229.34 221.106 219.611 215.995 212.952 218.209 281.773 209.453 208.771 208.736 264.833 206.111 203.2 203.124 202.347 207.472 425.035 346.658 328.171 232.954 201.443 247.294 198.197 197.021 192.045 263.223 190.258 275.856 1033.45 280.206 189.512 238.789 189.206 207.005 256.776 335.48 974.174 842.194 343.017 186.194 187.467 179.075 175.334 229.404 169.314 168.787 168.264 167.812 191.319
threshold=13030.000000000002 6.7500000000000009 0 1 0.050979804247617728 0.058047603815793998 2 3 6250.0000000000009 4 5 110.00000000000001 6 0.084925193339586272 7 475.00000000000006 425.00000000000006 8 9 0.055561197921633727 11.500000000000002 0.098019190132617964 0.047966150566935546 180.00000000000003 120.50000000000001 0.24372619390487674 10 20.500000000000004 11 0.10038758814334871 1715.0000000000002 12 13 11.500000000000002 0.048095963895320899 0.15340023487806323 -0.065537083894014345 0.07936600968241693 14 15 715.00000000000011 0.71503382921218883 0.1045757830142975 59.500000000000007 49.000000000000007 615.00000000000011 0.092709075659513487 325.00000000000006 16 -0.85671821236610401 0.1575826704502106 17 950.00000000000011 64.500000000000014 1225.0000000000002 950.00000000000011 18 850.00000000000011 -0.46801505982875818 19 20 0.092709075659513487 0.1321084722876549 21 0.10945477336645128 22 23 615.00000000000011 95.000000000000014 24 0.095947422087192549 61.500000000000007 0.05270845256745816 1.8071429133415224 0.058047603815793998 0.91511079668998729 25 850.00000000000011 -0.25205527991056437 0.1045757830142975 26 55.500000000000007 180.00000000000003 155.00000000000003 27 0.070677299052476897 0.056865874677896507 0.055219287052750594 28 0.73136293888092052 0.12240357697010042 0.1065601408481598 0.072961069643497481 29 30 0.069445703178644194 31 32 1280.0000000000002 950.00000000000011 10.500000000000002 0.051913643255829818 67.500000000000014 33 325.00000000000006 16.500000000000004 950.00000000000011 0.055219287052750594 34 1280.0000000000002 46.500000000000007 103.50000000000001 1225.0000000000002 97.500000000000014 1100.0000000000002 0.6174544394016267 35 325.00000000000006 0.035404589027166374 0.11874964460730554 0.16352472454309466 61.500000000000007 850.00000000000011 0.064750330522656455 1.9750000238418581 950.00000000000011
decision_type=2 2 9 9 8 2 9 9 2 9 9 2 9 2 9 2 2 9 9 8 2 2 8 2 2 2 9 2 9 2 2 9 9 2 10 10 2 2 9 9 2 2 2 2 2 2 2 2 9 2 2 9 2 2 2 2 9 2 2 9 9 2 2 9 2 9 9 2 2 9 2 2 2 2 2 2 9 2 2 2 1 2 2 2 9 10 2 2 9 2 2 8 2 9 9 2 9 9 2 2 2 2 2 9 2 2 2 2 9 2 2 2 2 2 2 2 9 2 8 2 2 2 2 2 2 2
left_child=1 2 4 -2 66 6 41 78 32 49 34 12 19 14 -13 16 18 21 -15 -12 -16 -17 -23 24 25 51 27 -27 90 124 -31 -8 42 -14 35 36 37 103 -39 79 43 -6 81 44 45 47 -47 86 -49 -5 85 52 -19 -54 -55 56 57 60 69 109 -53 -62 64 -58 70 -64 -1 -68 -24 -59 -63 118 -73 75 76 91 -75 -30 116 -38 -48 -7 83 121 -35 -51 87 -41 -61 -11 97 -22 93 -93 -94 -95 -96 98 -28 122 -56 -36 -103 -4 -105 -106 -107 -33 -109 110 -57 112 114 -114 115 -112 -3 -118 -45 -81 -121 -83 -26 -50 -29 -126
right_child=3 7 10 9 5 8 31 -9 -10 89 11 13 33 15 20 17 -18 23 -20 -21 73 22 68 -25 99 26 28 29 77 30 -32 107 -34 84 101 -37 39 38 -40 40 -42 -43 -44 71 -46 46 80 48 123 50 -52 55 53 54 100 59 63 58 -60 88 61 62 65 -65 -66 -67 67 -69 -70 -71 -72 72 -74 74 -76 -77 -78 -79 -80 119 -82 82 -84 -85 -86 -87 -88 -89 -90 -91 -92 92 94 95 96 -97 -98 -99 -100 -101 -102 102 -104 104 105 106 -108 108 -110 -111 111 -113 113 -115 -116 -117 117 -119 -120 120 -122 -123 -124 -125 125 -127
leaf_value=0.010055056117487181 -0.068604812944466922 -0.0056439904265538597 0.0065921541841981726 -0.066634278109540104 -0.011037694764773707 0.010142443225109186 0.0091255091852210212 0.0054215722238413469 -0.065014531458958538 0.010433141713259165 0.0072896355530247085 0.0031010121753539135 0.027488268638461714 0.012250553728390789 -0.028414615227830699 0.010061991490662911 -0.13709869327345442 0.017420207605278702 -0.025548242381866197 -0.063001491912895419 -0.0016596531083241089 -0.060347020804124366 -0.0014904028544743511 -0.044978574294310347 0.0082680960230142788 -0.047393081018014212 -0.0028593662609485318 -0.003901268542027817 0.018370893389232937 -0.0040062809654804804 -0.056093903520041039 -0.0053256994389211457 -0.00026853509189205124 -0.023978284989500723 -0.0036876499566082218 0.0028193282021073554 0.0065237529074315759 0.0051783110962245896 -0.011070491602901961 -0.0062155050240344191 0.0020247147622356075 -0.026333981789338986 0.012677691603981358 0.03504288867115974 0.0025672917394665242 -0.10691314052652429 -0.011509610818251552 0.017585128987521195 -0.022127904462148292 -0.031268149902982968 0.018096155812369383 0.0093201703466391072 -0.0092208356163741585 -0.046991387129732325 0.021012460516691207 -0.0044958490526554873 0.013517654169352663 0.0078515906039286747 -0.11693050373960467 -0.0016568328654865997 -0.0017433606619288407 -0.040925565994461066 -0.018730713341235758 -0.0023914062299890191 -0.048672739641537809 0.019813362271094523 0.00015751146867416585 0.0110215782186243 0.024451934415538334 -0.04645857768427384 -0.01419329821426815 -0.0075734946899394173 -0.018112771995355915 0.0013659002059772851 0.003615506714322141 -3.3352844470628803e-05 -0.015341112586597936 0.00034253994749478824 -0.002468573600850745 -0.015750167608499 -0.065526820960167403 -0.019154959669853092 0.003863178708631568 -0.011287438310252708 -0.0040907264737626474 -0.076375592289826807 0.0016619062554044859 -0.039885941692210242 0.0049082400474829754 -0.032909352867899616 -0.0014912085853686164 0.0020728071355294547 0.0031663389002680089 -0.0077265772295589813 -0.049925897862915306 0.011435797972100583 -0.016488961452885083 -0.012861306592652577 -0.037526758273621806 -0.00043004458520710796 -0.035177269928595593 -0.035758226731648815 -0.010161869037931594 0.0086173288698410868 -0.070644035502145555 -0.0069782844981059943 0.024258283884331908 0.01930481565415652 -0.0024438079743134486 0.024251664636919159 0.01672174559056978 0.0043125947398565045 -0.0010704652394662203 -0.067396260076085054 -0.10833085909122374 -0.034840094255086648 -0.0034546934751452677 0.0039297541059424394 -0.0043009183121592567 0.0056202858959803212 -0.038324448057150434 0.0050520660012685547 0.043116669591436993 -0.054362324332889116 -0.045765726994052895 -0.02291318588494223
leaf_weight=6380 399 2616 6492 183 6020 2872 2221 28459 100 378 119 45838 262 651 737 5114 190 720 1098 847 16229 117 9758 194 1117 525 4084 324 774 1855 134 9994 58198 480 4566 6732 3237 2220 7099 1201 3366 1383 3016 117 3678 161 178 328 1979 456 187 516 751 787 124 2932 1444 121 102 30766 971 479 483 3713 563 237 11496 3731 361 217 955 2815 6717 1957 10971 19724 1673 3517 16894 919 106 288 9894 2397 17694 116 3088 254 4993 130 3883 5959 799 20705 208 836 1786 6416 193 10350 101 376 8958 1298 218 1529 310 664 1388 148 152 462 1226 237 122 484 3664 19867 884 1137 117 2596 140 157 402 1855
leaf_count=6380 399 2616 6492 183 6020 2872 2221 28459 100 378 119 45838 262 651 737 5114 190 720 1098 847 16229 117 9758 194 1117 525 4084 324 774 1855 134 9994 58198 480 4566 6732 3237 2220 7099 1201 3366 1383 3016 117 3678 161 178 328 1979 456 187 516 751 787 124 2932 1444 121 102 30766 971 479 483 3713 563 237 11496 3731 361 217 955 2815 6717 1957 10971 19724 1673 3517 16894 919 106 288 9894 2397 17694 116 3088 254 4993 130 3883 5959 799 20705 208 836 1786 6416 193 10350 101 376 8958 1298 218 1529 310 664 1388 148 152 462 1226 237 122 484 3664 19867 884 1137 117 2596 140 157 402 1855
internal_value=-0.00147898 -0.00136734 -0.00195181 -0.03274 0.000366772 -0.000615855 -0.00582135 0.00228296 0.000805594 -0.0222047 -0.00282956 -0.00228326 -0.00667529 -0.00191961 -0.000517195 -0.00359188 -0.0239222 -0.00321594 -0.0115561 -0.0537876 -0.00255017 0.0025163 -0.00125175 -0.00419813 -0.00410958 -0.00486273 -0.00810187 -0.0200109 -0.00487179 -0.0168993 -0.00754188 -0.0016284 0.000889455 -0.00417251 -0.00480199 -0.00383343 -0.00473633 -0.00165384 -0.00720584 -0.00667711 -0.00845681 -0.0138797 0.00408708 -0.0100894 -0.00681843 -0.0114506 -0.0591738 -0.00841174 -0.0188402 -0.0336664 -0.0260834 -0.00342009 -0.0129771 -0.0254676 -0.0375032 -0.00295437 -0.0074102 -0.0179157 -0.0489796 -0.00190316 -0.0146962 -0.0180344 -0.02392 0.00208254 -0.0303626 -0.00603341 0.00496137 0.00281818 -0.000562573 -0.0281892 -0.023145 -0.0135447 -0.0150014 -0.00231435 0.00113156 -0.00307386 -0.00637465 0.00358961 0.000206299 0.00156933 -0.0318301 0.00265307 0.00123506 -0.00368854 -0.00463272 -0.0405331 -0.00275271 -0.0121167 -0.00073893 -0.000687793 -0.00736355 -0.00436292 -0.00581104 -0.00501946 -0.0136005 -0.00697915 -0.0202316 -0.00950255 -0.00442181 0.000936577 -0.00425453 -0.00873049 -0.0111967 0.00360065 -0.0022013 -0.0090396 -0.00170242 -0.00361769 0.00468186 -0.00910869 -0.0100084 -0.0160286 -0.0202599 -0.0118537 -0.0364476 -0.0225102 0.00193468 0.00277865 0.000328092 -0.00580338 0.00149291 0.00262892 0.0121806 -0.0244073 -0.0241047 -0.027002
internal_weight=519906 518057 446557 1849 122638 101031 21670 71500 79361 1450 323919 253682 19402 234280 127422 106858 1939 104919 1749 966 81584 15350 10236 89569 89375 77768 23962 5095 18867 4570 1989 14267 79261 18436 70237 56337 49605 19166 9319 30439 25029 7403 21063 21663 11130 7452 445 7007 2464 942 759 53806 2483 1763 1012 51323 9801 4644 440 41522 4204 3688 2717 5157 1997 720 21607 15227 10119 338 1434 10533 9532 80847 14601 66246 3630 4291 43041 5410 284 18047 15175 5281 18174 572 4543 1455 35759 508 14576 46522 30293 27500 2793 21541 1994 10693 4277 11607 225 13900 9334 9847 3355 2057 1839 12046 2052 5763 5615 2683 2221 1463 758 636 26147 23531 1001 2173 1254 2884 1257 2136 2581 2257
internal_count=519906 518057 446557 1849 122638 101031 21670 71500 79361 1450 323919 253682 19402 234280 127422 106858 1939 104919 1749 966 81584 15350 10236 89569 89375 77768 23962 5095 18867 4570 1989 14267 79261 18436 70237 56337 49605 19166 9319 30439 25029 7403 21063 21663 11130 7452 445 7007 2464 942 759 53806 2483 1763 1012 51323 9801 4644 440 41522 4204 3688 2717 5157 1997 720 21607 15227 10119 338 1434 10533 9532 80847 14601 66246 3630 4291 43041 5410 284 18047 15175 5281 18174 572 4543 1455 35759 508 14576 46522 30293 27500 2793 21541 1994 10693 4277 11607 225 13900 9334 9847 3355 2057 1839 12046 2052 5763 5615 2683 2221 1463 758 636 26147 23531 1001 2173 1254 2884 1257 2136 2581 2257
cat_boundaries=0 2 4 5 7 9 11 13 15 17 19 21 23 25 27 29 30 31 33 35 37 39 41 42 44 45 47 48 50 52 54 56 58 59 61 63 65
cat_threshold=423895638 170 268435458 8192 8710 3170558593 965 35127296 4 574497 2048 133120 512 3800176768 8708 67720 5377 1075839104 16400 75628544 512 1645215744 8196 268697680 32 518 2 525313 2048 32768 1024 1073741824 16 639631360 68 2147614720 16384 0 68 2147483648 16384 4 138412096 10 536870912 70254592 17424 2 0 16 546308096 8196 68157448 1024 2097152 17 0 1024 1610612736 33824 2048 0 130 4734976 64
is_linear=0
shrinkage=0.03


Tree=51
num_leaves=127
num_cat=18
split_feature=0 46 21 11 0 25 0 13 30 44 25 29 31 0 0 4 0 25 3 25 0 0 3 27 27 13 22 21 4 0 25 0 20 34 30 0 25 27 27 21 24 0 27 25 2 4 25 0 4 21 27 25 30 29 25 25 25 25 32 25 25 25 21 0 27 21 2 29 0 30 32 0 25 13 25 27 3 25 4 25 27 27 20 27 0 4 25 11 0 27 0 0 0 32 44 40 31 0 48 20 25 25 4 27 3 3 0 25 25 27 44 0 4 4 25 4 0 25 27 27 25 25 0 11 27 4
split_gain=1921.13 1220.99 840.628 885.772 501.477 1327.12 609.685 486.924 422.379 338.686 400.221 387.051 273.021 266.72 254.642 240.823 237.332 341.004 395.587 250.296 234.12 233.034 227.865 226.411 412.485 224.656 226.391 231.068 222.241 211.909 205.338 186.927 181.754 174.304 164.206 160.709 158.776 164.345 175.445 148.841 148.782 148.813 147.648 176.396 144.315 171.743 277.573 283.788 184.476 148.356 163.661 268.487 143.26 142.185 140.453 136.932 231.136 137.838 229.407 136.618 370.47 135.881 135.096 241.425 473.6 164.854 173.481 162.676 148.47 140.245 138.406 130.479 146.361 175.447 154.379 218.475 178.919 135.323 334.204 510.796 442.665 383.546 364.391 229.473 1122.13 289.142 232.226 176.905 172.07 148.621 128.093 124.919 123.847 322.627 122.795 122.761 121.859 120.299 118.858 118.313 116.614 136.815 332.728 305.039 708.889 277.23 382.044 240.731 217.65 174.974 237.668 233.133 172.225 164.694 147.984 140.964 122.811 116.18 114.938 112.733 112.535 110.852 163.682 144.81 112.628 185.242
threshold=1715.0000000000002 6.9785716533660898 0.090277068316936507 0.3744682669639588 1840.0000000000002 82.500000000000014 13030.000000000002 39.500000000000007 0.090846620500087752 0.1094999983906746 73.500000000000014 0.11603261157870294 0.048018604516983039 1560.0000000000002 615.00000000000011 0 325.00000000000006 22.500000000000004 1 10.500000000000002 1560.0000000000002 90.000000000000014 2 0.064750330522656455 0.058047603815793998 39.500000000000007 -0.075620021671056734 0.12109022587537767 3 110.00000000000001 69.500000000000014 45.000000000000007 75.500000000000014 97.024990081787124 0.16158888489007953 17950.000000000004 78.500000000000014 0.059393314644694335 0.064750330522656455 0.113277904689312 0.92561721801757824 475.00000000000006 0.058047603815793998 77.500000000000014 4 5 114.50000000000001 325.00000000000006 6 0.11826425418257715 0.053855204954743392 15.500000000000002 0.065987627953290953 0.039219288155436523 51.500000000000007 10.500000000000002 15.500000000000002 69.500000000000014 0.17284547537565234 50.500000000000007 37.500000000000007 8.5000000000000018 0.074539694935083403 715.00000000000011 0.055219287052750594 0.082081876695156111 7 0.15539915859699252 1225.0000000000002 0.25186137855052954 0.20834546536207202 950.00000000000011 113.00000000000001 43.500000000000007 79.500000000000014 0.10945477336645128 8 104.50000000000001 9 86.500000000000014 0.092709075659513487 0.089248880743980422 76.500000000000014 0.08212983608245851 615.00000000000011 10 120.50000000000001 -0.78326541185379017 850.00000000000011 0.059393314644694335 90.000000000000014 850.00000000000011 1225.0000000000002 0.12919126451015475 0.061499999836087234 37.549999237060554 0.067500229924917235 325.00000000000006 54.049999237060554 81.500000000000014 14.500000000000002 31.500000000000004 11 0.16058247536420825 12 13 950.00000000000011 20.500000000000004 37.500000000000007 0.16058247536420825 0.088500000536441817 1280.0000000000002 14 15 49.000000000000007 16 1225.0000000000002 103.50000000000001 0.12240357697010042 0.095947422087192549 113.00000000000001 117.50000000000001 1225.0000000000002 -0.45274443924427027 0.098019190132617964 17
decision_type=2 2 8 2 2 2 2 2 10 2 2 10 10 2 2 9 2 2 1 2 2 2 1 2 2 2 8 8 9 2 2 2 2 2 10 2 2 2 2 8 2 2 2 2 9 9 2 2 9 8 2 2 10 10 2 2 2 2 8 2 2 2 10 2 2 10 9 10 2 10 10 2 2 2 2 2 1 2 9 2 2 2 2 2 2 9 2 2 2 2 2 2 2 10 2 2 10 2 2 2 2 2 9 2 1 1 2 2 2 2 2 2 9 9 2 9 2 2 2 2 2 2 2 2 2 9
left_child=1 2 8 7 5 -2 -6 13 14 10 59 25 15 23 -1 97 17 18 19 -9 29 -20 62 24 28 26 -11 -28 39 55 -18 -19 -27 -3 44 -29 37 42 -39 -4 -25 -42 43 -32 45 46 117 -48 -47 -46 51 -51 92 54 90 -5 -57 -58 -59 60 -8 -50 63 64 -14 66 -64 70 -65 -69 96 77 73 -73 75 76 -75 78 79 82 87 -80 -38 85 -85 -79 120 -81 -88 -84 -17 -36 -16 -94 -30 -63 -66 -10 99 -23 -52 102 -102 105 -105 106 107 -104 115 110 113 -112 114 119 -111 -103 -117 -31 -55 -110 -86 122 123 -74 -123 -126
right_child=4 33 3 20 6 -7 9 16 12 11 -12 -13 22 -15 52 53 30 31 21 -21 -22 98 -24 40 -26 32 27 35 94 34 36 -33 -34 -35 91 -37 71 38 -40 -41 41 -43 -44 -45 49 48 47 -49 61 50 100 -53 -54 118 -56 56 57 58 -60 -61 -62 95 65 68 67 -67 -68 69 -70 -71 -72 72 121 74 -76 -77 -78 83 81 80 -82 -83 89 84 86 -87 88 -89 -90 -91 -92 -93 93 -95 -96 -97 -98 -99 -100 -101 101 108 103 104 -106 -107 -108 -109 109 112 111 -113 -114 -115 -116 116 -118 -119 -120 -121 -122 124 -124 -125 125 -127
leaf_value=-0.0035164059592361113 0.0089772461083913718 0.0017373151676415423 0.02918848342040465 0.011157543979936914 -0.0072495469594776015 -0.1336371483324004 -0.081288970500439192 -0.016314491849661487 0.016740692997449725 -0.041334791263337611 -0.0036228755874825372 -0.077465322867242822 0.0017262544408016651 0.013322323324814459 0.0087945141173499906 -0.016016031419568803 -0.0032568495354999409 0.016312624296535995 -0.041099180879004028 0.008797151964821278 0.0084872773990254165 -0.001207719787392301 -0.0094959583879224291 -0.010999941348121104 0.0037074074934265178 -0.018196727853607046 0.042279387482387173 0.0094423321474534569 -0.016743621181133067 0.0038528070390823517 0.008281956903470257 -0.0054208499327211088 -0.056872821719873512 0.0052789405073832224 0.0057695531261114166 -0.026537221810926256 -0.079014161982752892 -0.012263367204114384 0.0015882022280614087 0.0045910364393737411 -0.0040750613862872952 -0.00054634262631266168 0.012009560691361906 -0.017711027727338336 -0.0028767159224057279 0.0022171824242671685 -0.045381525633140248 0.0022586128867526606 0.020820639842623397 -0.062147724330679256 0.0030029341745030644 -0.013226773667531513 -0.0026491489196511539 0.004673185086749544 -0.010694738241656265 -0.035270329570088139 -0.0079668486676505845 0.019141731864402014 -0.029276085364297755 -0.083418295603532061 -0.0079785959946142657 -0.0062000586771915611 0.015222795106793731 0.0095906192868265416 -0.0086271228894512324 0.0013491180742475769 -0.00041196003169113979 -0.056883561881506339 -0.00068282381657388625 -0.020064878094388724 0.012464578322913691 -0.0034267021157015896 -0.0064281530624388577 -0.049694310886164508 0.0034692782832093766 0.013865152854371714 -0.0074209776204533688 0.014386128244752827 -0.0063590680308266544 0.01688096013625481 -0.023200488179639645 0.0080500596400536837 -0.041999157856731015 -0.089462453978865042 -0.0083756434685134801 -0.0070518048839386047 0.0039952765368034791 -0.0048275828825571805 0.041990858932010461 -3.7655973867278728e-05 0.011855315296741602 -0.0031902313467904535 -0.029460941826390634 0.012290095960541059 -0.0023338356216024698 0.010290101418414941 -0.027284731303144724 0.0057420382871883665 0.0026528028654660375 -0.015601487206442576 -0.027748304084060278 -0.0089130647976729278 -0.012580489627551285 -0.010844689186183318 -0.098365443744651462 0.016006538456184823 -0.00094373922233260802 -0.059521661382473876 -0.019565260464357848 -0.040179768613527844 -0.0058495099604407609 -0.044162407309437789 0.0015505263203334102 -0.01409231888039131 -0.0073547320443016666 0.014455409323175747 -0.003733974361020955 0.025417136861211505 -0.014960038778235148 0.0084257781497740804 -0.040298649321814053 0.0064471079245566913 -0.0036194958169272467 -0.039292380700629362 -0.039890677186394892 -0.0032383837806361565
leaf_weight=21050 113 46347 251 232 1774 121 142 387 2068 138 125 107 5109 1304 3549 192 47348 358 165 4515 1144 941 1921 1403 27744 263 101 233 546 3185 607 46128 188 17129 2129 213 160 903 9181 1829 12951 63439 2396 382 10026 3223 207 245 173 109 1105 1247 2385 20351 1164 366 3488 102 617 194 110 17666 1907 2541 1788 6303 966 112 2522 545 231 5572 209 161 13771 184 204 1601 5531 458 1132 2376 168 137 541 875 891 1279 121 138 642 4088 285 398 19772 415 382 1580 1245 1132 940 618 214 437 102 553 1414 182 172 157 19921 143 3496 6261 571 962 511 241 271 514 121 1094 820 286 127 4090
leaf_count=21050 113 46347 251 232 1774 121 142 387 2068 138 125 107 5109 1304 3549 192 47348 358 165 4515 1144 941 1921 1403 27744 263 101 233 546 3185 607 46128 188 17129 2129 213 160 903 9181 1829 12951 63439 2396 382 10026 3223 207 245 173 109 1105 1247 2385 20351 1164 366 3488 102 617 194 110 17666 1907 2541 1788 6303 966 112 2522 545 231 5572 209 161 13771 184 204 1601 5531 458 1132 2376 168 137 541 875 891 1279 121 138 642 4088 285 398 19772 415 382 1580 1245 1132 940 618 214 437 102 553 1414 182 172 157 19921 143 3496 6261 571 962 511 241 271 514 121 1094 820 286 127 4090
internal_value=-0.00136029 -0.00120327 -0.00174996 -0.0023414 -0.0225485 -0.0650227 -0.0197611 -0.00153687 0.00107754 -0.031986 -0.0511066 -0.0231685 0.00270728 -0.000171658 -0.00190279 0.004828 -0.00265543 -0.00424871 0.00131966 0.00681173 -0.00498977 -0.00640965 0.000417245 -0.0003093 0.00126266 -0.0179907 -0.0071465 0.00153839 -0.00176564 -0.00516908 -0.00180549 -0.00525313 -0.0344091 0.00269309 -0.00480683 -0.00776165 -0.000567627 0.00226695 0.000346732 0.00757189 -0.00132252 -0.00114464 0.00798554 -0.00176555 -0.00519515 -0.00334868 0.00245998 -0.0196109 -0.00439914 -0.00613601 -0.00696206 -0.0172021 0.00323022 0.00367411 -0.00396573 -0.0112904 -0.0124315 -0.0104366 -0.0223903 -0.064377 -0.0494464 -0.0055674 0.00126755 -0.00067249 -0.00386316 0.00406447 0.0100191 -0.0131989 0.00447405 -0.0264183 -0.0095721 -0.00147566 -0.000196762 0.00108959 0.00284702 -0.0127395 -0.0261524 -0.00365942 -0.00538867 -0.0133518 -0.00861223 -0.00202875 -0.0424505 0.00087547 -0.00723796 0.00681033 -0.000459321 0.000902793 0.00857519 -0.0231371 0.00542739 -0.000121536 0.00654345 -0.00514924 -0.00272187 -0.00582102 -0.0119226 0.0119799 -0.00467272 -0.00907144 -0.00659881 -0.00688435 -0.0122451 -0.00721552 -0.0275585 -0.00256558 -0.00824553 -0.03425 -0.00626598 -0.00689327 -0.00778117 -0.00612476 -0.00121494 -0.0125636 -0.0144792 0.00310305 0.00814706 0.00537671 0.00441447 0.00138935 -0.0142625 -0.00405811 -0.0118529 -0.0254573 -0.00212625 -0.00435141
internal_weight=519710 515888 452412 374150 3822 234 3588 286974 78262 1814 571 1243 50595 129239 27667 26268 157735 54871 8385 4902 87176 3483 24327 127935 50142 1136 685 547 22398 86032 102864 46486 451 63476 81227 446 55516 13469 10084 2080 77793 76390 3385 989 75010 25355 3878 452 21477 49655 39629 1356 6617 22620 1998 4805 4573 4207 719 446 252 18254 22406 13230 8167 9176 2873 3058 5063 657 2401 42047 26518 19892 14320 549 365 15529 11242 3335 2869 7907 466 4287 1811 2476 1674 1737 1012 306 834 6217 4232 683 20318 18081 2170 3648 3318 2073 38273 37168 3842 2902 539 2363 1810 396 33326 31235 27011 20064 4224 6947 728 2091 1473 3426 20622 686 662 6626 1315 495 5311 4217
internal_count=519710 515888 452412 374150 3822 234 3588 286974 78262 1814 571 1243 50595 129239 27667 26268 157735 54871 8385 4902 87176 3483 24327 127935 50142 1136 685 547 22398 86032 102864 46486 451 63476 81227 446 55516 13469 10084 2080 77793 76390 3385 989 75010 25355 3878 452 21477 49655 39629 1356 6617 22620 1998 4805 4573 4207 719 446 252 18254 22406 13230 8167 9176 2873 3058 5063 657 2401 42047 26518 19892 14320 549 365 15529 11242 3335 2869 7907 466 4287 1811 2476 1674 1737 1012 306 834 6217 4232 683 20318 18081 2170 3648 3318 2073 38273 37168 3842 2902 539 2363 1810 396 33326 31235 27011 20064 4224 6947 728 2091 1473 3426 20622 686 662 6626 1315 495 5311 4217
cat_boundaries=0 1 2 3 4 5 6 7 8 9 10 11 12 13 14 15 16 17 18
cat_threshold=2 2 2 4 2 4 2 6 2 4 4 2 2 2 1 1 1 1
is_linear=0
shrinkage=0.03


Tree=52
num_leaves=127
num_cat=11
split_feature=1 34 21 11 30 1 25 1 13 44 20 25 23 30 2 2 11 22 13 1 2 31 1 29 1 48 21 21 22 1 20 47 20 22 21 26 26 34 25 1 25 3 25 20 21 30 30 1 2 3 25 1 26 6 43 1 21 27 27 31 20 27 1 27 25 2 1 2 1 20 1 31 3 48 1 25 1 27 25 31 1 1 25 25 25 25 23 25 25 25 1 25 27 3 1 3 27 27 29 25 21 44 25 12 24 25 25 25 20 25 31 31 27 25 25 25 27 24 44 25 22 24 25 25 25 11
split_gain=1769.85 1154.16 749.617 668.929 534.901 510.223 1361.37 530.806 452.613 308.703 458.794 412.098 376.546 258.071 255.95 241.074 232.526 225.568 205.289 203.046 200.01 195.885 314.392 339.109 353.725 502.645 206.349 195.768 193.162 199.727 190.503 189.692 189.425 189.099 174.802 172.878 181.36 169.015 165.867 263.867 183.816 165.037 148.954 182.732 148.002 192.58 233.215 200.913 145.768 285.662 213.565 155.348 153.257 145.219 143.084 142.728 240.718 140.303 181.586 159.352 132.107 141.928 151.856 141.92 133 130.662 129.968 126.252 143.483 125.942 123.495 223 123.229 123.945 138.053 132.638 420.567 199.555 188.31 118.979 118.934 111.409 113.342 137.163 110.861 242.15 169.641 199.794 136.956 117.891 117.231 109.404 285.662 501.258 214.789 274.637 137.818 133.187 316.995 177.685 219.016 193.296 157.611 141.573 123.786 122.258 204.941 116.979 113.428 111.91 109.047 158.181 108.642 105.953 115.681 202.72 140.871 162.651 105.474 147.407 105.214 105.018 103.988 121.745 168.112 103.715
threshold=7.4465231895446786 44.225008010864265 0.084427561610937132 0.3903625756502152 0.090846620500087752 7.5178282260894784 82.500000000000014 9.461545944213869 37.500000000000007 0.1094999983906746 89.500000000000014 71.500000000000014 0.10078860074281694 0.064753670245409026 0 1 0.30983042716979986 -0.062687680125236497 39.500000000000007 7.3527534008026132 2 0.062614444643259062 6.5665833950042733 0.11737392470240594 6.1640367507934579 222.05000305175784 0.068919081240892424 0.082081876695156111 -0.16066887229681012 4.5047848224639901 84.500000000000014 11.950000286102297 63.500000000000007 -0.48731076717376703 0.12109022587537767 0.19185426831245425 0.22268813848495486 101.00498580932619 22.500000000000004 5.759707212448121 61.500000000000007 3 60.500000000000007 58.500000000000007 0.10669478774070741 0.086849529296159758 0.075847711414098754 5.4143788814544687 4 5 12.500000000000002 7.3527534008026132 0.12242787331342699 1.0000000180025095e-35 8.5650000572204608 7.3527534008026132 0.04543250426650048 0.089248880743980422 0.08212983608245851 0.033771071583032615 104.50000000000001 0.059944719076156623 6.1640367507934579 0.084925193339586272 97.500000000000014 6 10.197127819061281 7 7.1356794834136972 32.500000000000007 7.1113042831420907 0.036420231685042388 8 95.750000000000014 7.1113042831420907 38.500000000000007 6.8561301231384286 0.098019190132617964 40.500000000000007 0.05539060756564141 9.7953972816467303 6.4229502677917489 56.500000000000007 47.500000000000007 19.500000000000004 53.500000000000007 0.064846452325582518 69.500000000000014 61.500000000000007 16.500000000000004 5.759707212448121 32.500000000000007 0.16058247536420825 9 6.8561301231384286 10 0.095947422087192549 0.089248880743980422 0.11081358045339586 68.500000000000014 0.09964263811707498 0.10750000178813936 72.500000000000014 -0.20180761069059369 0.99858856201171886 17.500000000000004 25.500000000000004 24.500000000000004 35.500000000000007 27.500000000000004 0.048095963895320899 0.048193477094173438 0.10945477336645128 8.5000000000000018 77.500000000000014 75.500000000000014 0.084925193339586272 0.99213126301765453 0.11749999970197679 18.500000000000004 -0.69672247767448414 1.0145440101623537 89.500000000000014 64.500000000000014 60.500000000000007 0.62587949633598339
decision_type=2 2 8 2 10 2 2 2 2 2 2 2 10 8 9 9 2 10 2 2 9 10 2 10 2 2 10 8 10 2 2 2 2 10 8 10 10 2 2 2 2 1 2 2 10 10 10 2 9 1 2 2 10 2 2 2 10 2 2 10 2 2 2 2 2 9 2 9 2 2 2 10 1 2 2 2 2 2 2 10 2 2 2 2 2 2 8 2 2 2 2 2 2 1 2 1 2 2 8 2 10 2 2 2 2 2 2 2 2 2 10 10 2 2 2 2 2 2 2 2 10 2 2 2 2 2
left_child=1 2 4 8 13 6 -2 -7 19 10 66 -12 18 15 21 -1 37 48 27 54 -18 79 23 -23 25 -25 -24 -11 29 33 -22 38 -20 -17 -29 -16 -37 67 41 -40 42 -10 43 -41 -19 46 -46 -48 49 52 -51 91 122 60 -4 -38 -57 58 120 -60 -33 -62 63 64 -63 -56 -9 -3 113 -52 -31 -72 73 74 75 -45 78 -78 -77 110 -36 82 83 -75 89 90 -87 88 -88 -71 -86 92 94 105 95 96 -50 99 -99 100 101 -93 103 -101 108 -94 -107 -97 -100 118 -6 -112 -74 -69 115 -115 -117 -118 -96 -120 -15 -92 123 124 -5 -89
right_child=5 16 3 17 14 7 -8 9 31 12 11 -13 -14 57 35 28 20 44 32 -21 30 22 26 24 -26 -27 -28 34 -30 70 -32 53 -34 -35 80 36 55 -39 39 40 -42 -43 -44 72 45 -47 47 -49 51 50 69 -53 -54 -55 65 56 -58 -59 59 -61 61 62 -64 -65 -66 -67 -68 68 -70 84 71 -73 112 81 -76 76 77 -79 -80 -81 -82 -83 -84 -85 85 86 87 125 -90 -91 121 97 93 -95 109 107 -98 98 104 102 -102 -103 -104 -105 -106 106 -108 -109 -110 -111 111 -113 -114 114 -116 116 117 -119 119 -121 -122 -123 -124 -125 -126 -127
leaf_value=0.0068296992770488056 0.010424079061646399 0.0028908472573695972 0.00011321303328168696 -0.0012080114319730727 0.0061581136904883347 -0.0071521349695097209 -0.1325162202644348 -0.055189278985445317 0.0064325814093570844 -0.041993422600391662 -0.048859541184193375 0.024303089628952581 -0.073217577839206002 -0.019602498242795561 0.0022481772788668008 0.049889097355306146 0.0066462324120309998 -0.00018265945057231226 -0.0094820723606615642 0.012902504729550441 -0.015373921155840551 0.0035431002954660427 0.010797038449695507 -0.099752958842686243 -0.0088547080377307814 -0.022232166066765785 -0.019696010874661926 0.036459874302799837 0.0056097816579958586 -0.0037409682347635856 0.00086800334539397493 -0.0037404807744490401 -0.048497393947727271 -0.0042769636912683472 0.0091144537609235375 -0.028473585310490115 -0.0020373780237525978 0.0053944060313068556 -0.0045487881464899077 0.0061150299580285273 0.0010546410632632189 -0.0029625813350852678 -0.032073991849291612 -0.0050094508901001658 -0.0021370693286137062 -0.0030364917951841322 -0.043835963277847736 -0.014034210580821648 -0.015978229611457184 0.01202053743650312 0.017767204484032271 0.0079181453927220508 0.025032458707097579 -0.01172305470379096 -0.0017039500494818306 -0.059416903381077746 0.0019137377764179013 0.0092896386399442983 1.15726303848004e-05 -0.033086458876840454 0.0049109709212980064 -0.0018587768690392916 -5.8070998484779961e-06 -0.012138508726260624 -0.013324531758687674 -0.010253027403062822 -0.096094867276108775 0.0133980872327606 0.013041815583428115 -0.01189151923412411 0.0084578681440439594 -0.037108478847552424 0.011651572923977548 0.00099636770756817697 0.002013437499789281 -0.024216757825882125 -0.018725120506226083 -0.058514865121644326 -0.0035872005114878395 0.012202676835193089 -0.020950249210448867 0.0054444759983235044 0.011631514624513071 -0.022925823626686562 -0.011906315631195492 -0.0064381091650122131 -0.024323113619018198 -0.028360128379291267 0.013257957030745112 -0.038695350076777102 0.016544770650059132 -0.012658133809557839 -0.0015084699547204779 -0.087646372368686234 0.0041199925335670623 -0.00057014345273047242 -0.034117503236868713 -0.047059647541576224 -0.034480597737546956 -0.019517308421165985 -0.040054248217912682 -0.0016349859494526194 -0.010339027637059548 -0.056294290186297669 -0.002535063887644753 -0.050874875498178242 -0.0033146701503120012 -0.01794223151767942 -0.0072982972561853 0.024850967501419303 -0.010244575485540246 0.0037119170920802995 -0.0066569405118842772 -0.0012348430536057301 0.003692535420526897 0.016155092787514716 -0.043377159425628281 -0.012368263021792702 -0.00082361019216932614 -0.022132992215565073 -0.0051207591165976498 -0.014399288039394588 -0.022158027275461137 0.0040675500970021984 -0.012907180190426094 -0.069436144903888844
leaf_weight=3565 115 35199 94475 7110 17301 1791 124 155 4619 113 184 110 115 476 10386 119 967 12667 195 1072 1707 1042 1782 104 823 269 224 102 2430 9585 1049 86063 264 112 225 265 5082 15496 20233 1577 26147 2646 163 1651 1608 19192 230 1740 1297 332 113 629 197 1810 5947 105 126 502 190 420 2907 8033 13856 1919 1026 2202 137 466 710 282 152 263 688 381 814 569 199 267 1323 2323 248 1217 217 496 407 600 616 102 101 312 421 1975 243 109 1009 1397 533 156 141 817 160 5199 5174 106 11942 181 148 464 5233 136 908 3729 505 12516 3610 121 185 848 767 471 8509 128 216 2935 1308 126
leaf_count=3565 115 35199 94475 7110 17301 1791 124 155 4619 113 184 110 115 476 10386 119 967 12667 195 1072 1707 1042 1782 104 823 269 224 102 2430 9585 1049 86063 264 112 225 265 5082 15496 20233 1577 26147 2646 163 1651 1608 19192 230 1740 1297 332 113 629 197 1810 5947 105 126 502 190 420 2907 8033 13856 1919 1026 2202 137 466 710 282 152 263 688 381 814 569 199 267 1323 2323 248 1217 217 496 407 600 616 102 101 312 421 1975 243 109 1009 1397 533 156 141 817 160 5199 5174 106 11942 181 148 464 5233 136 908 3729 505 12516 3610 121 185 848 767 471 8509 128 216 2935 1308 126
internal_value=-0.00140893 -0.00125708 -0.00183279 -0.00237119 0.000996796 -0.0215973 -0.0639806 -0.0187969 -0.00165773 -0.0300726 -0.0480613 -0.0214962 -0.0216882 -0.00239258 0.00300311 -4.92838e-05 0.00224145 -0.00463923 -0.0164625 -8.00581e-05 -0.00506102 0.00470549 -0.00123865 -0.0089672 -0.0198605 -0.0440555 0.00738391 -0.00607929 -0.00199043 -0.0037979 -0.00916055 -0.00257002 -0.0319789 0.0237215 0.00103927 -3.96429e-05 -0.00429918 0.00263467 -0.00125562 -0.00180477 -0.000271586 0.00301081 -0.00371596 -0.00324605 -0.00278209 -0.00422808 -0.010617 -0.0175341 -0.00586714 -0.00338455 -0.0108573 -0.00685682 -0.00113837 -0.00329433 -0.000215797 -0.00308828 -0.0260998 -0.00615791 -0.00696699 -0.0227941 -0.00316018 -0.00135978 -0.00209398 -0.00472936 -0.00315869 -0.0040297 -0.0746438 0.00183755 -0.000172797 -0.013228 -0.00443591 -0.0204389 -0.00501941 -0.00651172 -0.00924848 -0.0115351 -0.0161 -0.0415996 -0.00980085 0.00574725 -0.0066598 -0.00079865 -0.00774233 -0.0125439 -0.014365 -0.0115896 -0.0189287 -0.0268441 -0.0190182 -0.0260117 0.000278588 -0.00710563 -0.0105646 -0.028977 -0.00849584 -0.0130278 -0.0212772 -0.00634922 -0.004622 -0.00859561 -0.00544828 -0.004671 -0.01238 -0.0237972 -0.00423698 -0.0176635 -0.0295549 -0.00490881 -0.00801777 -0.0014738 0.00506317 0.000977389 0.00390245 -0.000702303 -0.00108331 -0.0023447 -0.0143705 -0.0179582 -0.00307745 -0.00894213 -0.00589006 0.00931706 -0.00158614 -0.00119283 -0.00302716 -0.0512641
internal_weight=519596 515718 442844 372052 70792 3878 239 3639 283022 1848 586 294 1262 26323 44469 16226 72874 89030 1147 103696 3723 28505 4244 2238 1196 373 2006 688 12661 10231 2756 179326 459 231 575 15964 5578 69151 63712 56447 36214 7265 10067 9904 35437 22770 3578 1970 53593 15306 3540 38287 11766 115614 102624 5313 231 10097 9595 610 113804 27741 24834 10978 9059 8149 292 53655 18456 3208 10000 415 8327 7134 4823 4009 2358 466 1892 24261 473 2311 1094 877 3095 2501 1545 945 717 594 956 37658 6755 681 6074 3691 1830 30903 17472 13431 7334 7174 6097 923 17316 572 329 1861 5374 2383 21938 4637 1193 17746 17280 13670 1154 1033 2247 1238 8985 549 11569 11353 8418 228
internal_count=519596 515718 442844 372052 70792 3878 239 3639 283022 1848 586 294 1262 26323 44469 16226 72874 89030 1147 103696 3723 28505 4244 2238 1196 373 2006 688 12661 10231 2756 179326 459 231 575 15964 5578 69151 63712 56447 36214 7265 10067 9904 35437 22770 3578 1970 53593 15306 3540 38287 11766 115614 102624 5313 231 10097 9595 610 113804 27741 24834 10978 9059 8149 292 53655 18456 3208 10000 415 8327 7134 4823 4009 2358 466 1892 24261 473 2311 1094 877 3095 2501 1545 945 717 594 956 37658 6755 681 6074 3691 1830 30903 17472 13431 7334 7174 6097 923 17316 572 329 1861 5374 2383 21938 4637 1193 17746 17280 13670 1154 1033 2247 1238 8985 549 11569 11353 8418 228
cat_boundaries=0 1 2 3 4 5 6 7 8 9 10 11
cat_threshold=6 4 2 2 2 2 6 6 2 2 2
is_linear=0
shrinkage=0.03


Tree=53
num_leaves=127
num_cat=34
split_feature=0 33 5 5 0 5 5 25 0 0 0 5 5 5 48 21 5 5 23 48 27 5 31 5 27 5 11 5 26 27 12 5 5 27 27 12 5 0 25 25 0 5 0 27 25 5 5 25 25 5 27 25 27 5 4 0 27 0 0 0 11 36 27 27 25 5 25 25 25 5 27 27 0 5 32 32 27 25 25 5 25 11 27 23 48 11 25 27 27 27 30 27 5 27 5 44 25 25 23 5 25 0 25 0 27 5 23 0 5 5 0 13 25 27 27 0 25 25 5 25 27 4 0 0 0 0
split_gain=1639.19 1088.84 986.251 761.245 505.273 1284.09 1148.73 698.732 1203.21 726.723 613.64 1145.56 526.77 517.105 463.485 463.276 462.209 394.189 380.523 378.422 456.542 377.328 375.658 374.582 364.322 886.26 384.889 428.214 436.138 362.179 381.61 353.367 341.168 337.575 334.993 326.716 315.905 297.995 322.974 385.824 297.705 863.886 1269.66 329.137 691.464 452.83 323.085 284.833 280.387 276.658 697.245 274.206 494.099 268.946 265.837 405.471 318.541 249.527 555.229 249.112 245.35 241.874 240.474 233.698 270.201 229.963 226.852 220.434 766.552 499.559 445.454 280.083 269.678 222.358 218.819 293.931 218.73 226.102 218.346 216.714 316.185 212.409 210.544 243.798 209.927 209.735 209.563 206.821 206.768 201.708 200.797 495.511 746.614 254.957 298.862 198.397 197.136 195.035 193.625 193.159 191.892 220.373 191.405 187.056 186.31 236.353 448.429 185.854 723.241 614.066 452.19 271.573 334.713 648.392 874.568 426.825 301.64 283.867 257.623 224.982 223.174 209.697 878.295 3259.62 789.45 260.096
threshold=13030.000000000002 6.7500000000000009 0 1 325.00000000000006 2 3 20.500000000000004 950.00000000000011 850.00000000000011 155.00000000000003 4 5 6 114.54999923706056 0.085019674152135863 7 8 0.07194120436906816 6.9500000476837167 0.064750330522656455 9 0.051425565034151084 10 0.059944719076156623 11 0.3903625756502152 12 0.1366594657301903 0.058846931904554374 0.53312596678733837 13 14 0.053855204954743392 0.058047603815793998 0.020426410250365738 15 1615.0000000000002 73.500000000000014 86.500000000000014 950.00000000000011 16 850.00000000000011 0.098654624074697508 113.00000000000001 17 18 19.500000000000004 12.500000000000002 19 0.089248880743980422 19.500000000000004 0.095947422087192549 20 21 950.00000000000011 0.095947422087192549 1410.0000000000002 1280.0000000000002 1280.0000000000002 0.8337649703025819 8.1500000953674334 0.16352472454309466 0.092709075659513487 100.50000000000001 22 18.500000000000004 82.500000000000014 69.500000000000014 23 0.069445703178644194 0.084925193339586272 135.00000000000003 24 0.21972886472940448 0.22439286112785342 0.11874964460730554 58.500000000000007 82.500000000000014 25 59.500000000000007 -0.56368473172187794 0.12835267186164859 0.081555202603340163 54.45000076293946 -0.65234524011611927 3.5000000000000004 0.098019190132617964 0.058047603815793998 0.1688736900687218 0.10685699060559274 0.053263295441865928 26 0.059944719076156623 27 0.083499997854232802 107.50000000000001 95.000000000000014 0.093464292585849776 28 78.500000000000014 155.00000000000003 80.500000000000014 155.00000000000003 0.069445703178644194 29 0.043235365301370628 950.00000000000011 30 31 850.00000000000011 19.500000000000004 58.500000000000007 0.10945477336645128 0.12240357697010042 1225.0000000000002 97.500000000000014 76.500000000000014 32 26.500000000000004 0.092709075659513487 33 425.00000000000006 475.00000000000006 615.00000000000011 550.00000000000011
decision_type=2 2 9 9 2 9 9 2 2 2 2 9 9 9 2 8 9 9 8 2 2 9 8 9 2 9 2 9 10 2 2 9 9 2 2 2 9 2 2 2 2 9 2 2 2 9 9 2 2 9 2 2 2 9 9 2 2 2 2 2 2 2 2 2 2 9 2 2 2 9 2 2 2 9 10 10 2 2 2 9 2 2 2 8 2 2 2 2 2 2 10 2 9 2 9 2 2 2 10 9 2 2 2 2 2 9 8 2 9 9 2 2 2 2 2 2 2 2 9 2 2 9 2 2 2 2
left_child=1 2 22 -2 5 10 7 8 9 13 11 33 -8 -6 29 21 -3 18 -14 20 34 -7 -1 -21 25 -9 40 28 54 30 -15 60 47 -4 65 79 -22 51 -39 -40 41 49 53 44 46 62 -42 -12 -31 50 -26 52 -20 -43 55 -28 -57 58 86 61 89 107 76 64 -51 -17 -50 68 71 70 100 -25 -69 -73 -37 -76 -45 -78 -36 80 -27 -35 83 -56 -83 -55 -24 -11 -32 95 91 92 -19 -93 96 -5 97 -95 -71 -10 101 -70 -87 -75 105 106 -34 108 120 -109 121 -111 119 118 117 -116 -117 -115 -114 -113 -53 124 -123 -124 125 -110
right_child=3 16 4 31 6 15 12 24 99 87 32 -13 17 14 -16 19 -18 90 37 23 36 -23 57 67 26 35 27 -29 -30 48 88 -33 104 81 78 74 -38 38 39 -41 43 42 -44 45 -46 -47 -48 -49 66 63 -52 59 -54 85 82 56 -58 -59 -60 -61 -62 -63 -64 -65 -66 -67 -68 72 69 98 -72 73 -74 103 75 -77 77 -79 -80 -81 -82 84 -84 -85 -86 102 -88 -89 -90 -91 -92 93 -94 94 -96 -97 -98 -99 -100 -101 -102 -103 -104 -105 -106 -107 -108 109 110 111 -112 112 113 114 115 116 -118 -119 -120 -121 -122 122 123 -125 -126 -127
leaf_value=0.0078150208383274498 -0.067025394553184292 0.00011905427299542579 -0.013854150166434626 0.01064335347368167 -0.0049644139023644401 0.011394361759733618 0.038159190909429035 0.009010829989220235 0.0077429974617987101 -0.10453166527910666 -0.022275797065347432 -0.0031391263319264493 -0.037009258790509807 0.026094338638715506 -0.069138191458828088 0.0022242842175614892 0.004995235866555355 -0.027677951099828534 0.0012669253684392751 -0.0049492954831058698 -0.024012521957922608 -0.0032116046400297183 0.033414105142156286 -0.0084586418669930687 -0.016210275623997822 -0.014850316701481571 -0.085215767676155407 -0.0043477779421816241 0.0039121499316193964 -0.0042260406352158811 -0.047780404200254402 0.0050626706327829094 0.021785681278387221 -0.038317096879593386 0.0040040226660197544 -0.0041792827937279058 -0.0065075483137048556 0.015374230378250048 -0.074142032807609837 -0.010961204266076939 0.0071817772991711049 0.010971874304762499 -0.094275725567713381 -0.020047814021544562 -0.021393789883936865 -0.0021325785804539085 -0.00086651765805988525 0.017685916600354509 -0.061174859402208334 -0.012281308533838442 -0.09091594075784086 0.0049085594575182219 -0.035911401495255763 0.0021802802740146484 -0.041516524479052741 0.019931299042527693 -0.02930872889501708 -0.01883905458363495 0.062776525806296959 0.012657492190203956 0.013212027189959036 0.0023813600222168142 -0.041545989689018042 -0.017850866534960125 0.0042552201554662706 -0.018805323639590445 -0.025035870105651507 0.007727508488601988 0.004627713999581202 -0.036815744432932312 0.0099547317036747258 -0.066056090496897105 -0.0083851472821883915 -0.0019748038143621053 -0.051394734065583411 -0.011184203710533783 -0.012735786724017144 0.007707211416580876 -0.015170929105490595 0.0075046200999305916 0.022522202765257442 -0.11384697345324925 0.0022499697273051854 -0.013172534246314895 -0.053050288686128419 -0.010079549679007406 0.00095819494279909779 -0.048858513259824279 -0.013237083096248919 -0.070597884207161066 0.0078934007527546694 0.010287408765154271 0.00047416148216818864 -0.0030550184829575785 0.0045504412212591262 -0.033729157694742308 -0.023259996819946137 0.01732776741978299 -0.018992061592591036 -0.024080623858259056 0.0039985736371096915 -0.031266735062001262 0.013700465928227845 -0.032965296852951159 0.009011060405139824 0.0029864204585676921 -0.0056680242190926561 -0.0003209092383492136 -0.0042814442794235691 -0.0010583783739087163 0.043016329082575709 -0.029058496455694711 -0.020875184941258722 -0.053642554923972713 -0.046253236540915246 0.017638452186396245 -0.024872154361954089 -0.10776646886475896 0.0061308464751038136 -0.0058012770822441209 0.015929023321286141 0.0032283826817574328 -0.13095034924970156 -0.0095692871275143403 0.0089001305194347305 -0.043775559844155064
leaf_weight=9355 379 40806 185 103 1246 1740 319 7160 1819 109 174 11307 258 185 236 757 30622 1190 781 16965 1174 17545 179 18014 516 983 102 19157 1293 165 202 394 581 173 8357 14391 4421 135 156 196 8529 1895 127 1466 1114 28020 9465 1959 426 2797 143 8315 546 5267 286 136 874 558 131 1312 113 21119 251 3195 1303 1224 250 1097 182 1855 610 103 6298 307 187 1270 1266 790 570 3486 256 104 758 5760 106 2864 33890 140 679 115 6074 4113 2891 6276 15055 733 403 452 784 179 235 989 340 408 2969 17007 6699 33002 11947 3626 197 397 521 276 320 303 296 130 783 6325 2064 5000 206 5237 5534 151
leaf_count=9355 379 40806 185 103 1246 1740 319 7160 1819 109 174 11307 258 185 236 757 30622 1190 781 16965 1174 17545 179 18014 516 983 102 19157 1293 165 202 394 581 173 8357 14391 4421 135 156 196 8529 1895 127 1466 1114 28020 9465 1959 426 2797 143 8315 546 5267 286 136 874 558 131 1312 113 21119 251 3195 1303 1224 250 1097 182 1855 610 103 6298 307 187 1270 1266 790 570 3486 256 104 758 5760 106 2864 33890 140 679 115 6074 4113 2891 6276 15055 733 403 452 784 179 235 989 340 408 2969 17007 6699 33002 11947 3626 197 397 521 276 320 303 296 130 783 6325 2064 5000 206 5237 5534 151
internal_value=-0.00132899 -0.00122853 -0.00177927 -0.0296099 -0.00224663 -0.00383078 -0.00153238 -0.00357049 -0.0139034 -0.0241736 0.000500361 -0.00525455 0.000298915 -0.0205252 -0.0294058 -0.00596702 0.00221029 0.000213082 -0.000689166 -0.00719003 -0.00327252 -0.00188901 0.0024785 -0.00854114 -0.00310644 -7.17444e-05 -0.00396773 -0.00691163 -0.012226 -0.0246092 -0.0129776 -0.0192533 0.00282597 -0.0464151 0.000301283 -0.00323583 -0.0102388 -0.000602823 -0.0239934 -0.0390925 -0.00276347 -0.00602849 -0.000368929 -0.00158011 0.00153159 -0.00345027 0.002952 0.0143499 -0.0393197 -0.0134762 -0.0320487 -0.000497506 -0.0140458 0.000790205 -0.0148776 -0.0284742 -0.0226652 0.00104273 0.00136766 -0.000329448 -0.0282172 -0.000490692 -0.0131923 -0.0117528 -0.00702616 -0.0108559 -0.0478666 -0.0105091 -0.0119348 -0.022835 -0.0113869 -0.00923931 -0.00599422 -0.0263998 -0.00530163 -0.0163768 -0.0111978 -0.00488082 0.00277812 0.00368581 -0.0070596 -0.0632747 -0.0126517 -0.01452 -0.083556 -0.00149969 0.0011297 -0.0735501 -0.0212025 -0.033445 0.00291355 0.00191864 -0.00780627 0.00342796 0.0021559 -0.028256 -0.0029017 -0.00168329 -0.0314109 0.00479958 -0.0207275 -0.0256887 -0.00755259 -0.0194092 0.00191768 0.00105099 -0.00346955 -0.00120742 0.000325944 -0.00249638 -0.00216083 -0.00802196 -0.0107304 -0.0198047 -0.0345766 -0.0183394 -0.0033749 -0.0711951 -0.00477985 -0.00717896 0.00709461 -0.00248012 -0.00584886 -0.0141864 -0.00048468 -0.00477796
internal_weight=519266 517429 446001 1837 401888 124899 276989 131083 5636 3638 41264 11875 145906 3389 2143 83635 71428 145587 109133 64350 16503 19285 44113 47847 125447 27733 97714 28366 9209 1907 1066 1458 29389 568 10908 20573 5595 108875 487 352 69348 18447 10493 50901 19108 31793 17994 2133 841 7954 659 108388 1327 10366 7916 1112 1010 34758 34200 107061 1064 105749 3773 7295 4100 1981 676 30882 23487 4655 2016 18832 7395 818 15848 1457 3522 2056 8927 4725 1239 383 6804 6046 210 8471 34069 249 881 951 36454 30380 4081 26299 22186 836 7131 6728 2639 1998 1406 1171 3204 715 27256 24287 7280 84630 38651 45979 28272 12977 9351 2629 1325 919 599 406 1304 6722 10379 28075 10443 5443 17632 12098
internal_count=519266 517429 446001 1837 401888 124899 276989 131083 5636 3638 41264 11875 145906 3389 2143 83635 71428 145587 109133 64350 16503 19285 44113 47847 125447 27733 97714 28366 9209 1907 1066 1458 29389 568 10908 20573 5595 108875 487 352 69348 18447 10493 50901 19108 31793 17994 2133 841 7954 659 108388 1327 10366 7916 1112 1010 34758 34200 107061 1064 105749 3773 7295 4100 1981 676 30882 23487 4655 2016 18832 7395 818 15848 1457 3522 2056 8927 4725 1239 383 6804 6046 210 8471 34069 249 881 951 36454 30380 4081 26299 22186 836 7131 6728 2639 1998 1406 1171 3204 715 27256 24287 7280 84630 38651 45979 28272 12977 9351 2629 1325 919 599 406 1304 6722 10379 28075 10443 5443 17632 12098
cat_boundaries=0 2 4 6 8 10 11 13 15 17 19 21 23 25 27 29 31 33 35 37 39 41 42 44 46 48 50 51 53 55 57 59 61 63 64
cat_threshold=407109716 10 268435458 8192 1143511169 992 1681441793 11076 2048 512 32 1140850688 64 1023070849 965 2172782592 20656 41943040 4097 8390152 17408 1611695104 8196 68190208 576 571998208 4 67141632 64 25313288 16 606617600 64 1073774592 256 606617600 832 524288 64 1073741824 260 1 8470562 19456 32 17 16384 4096 16384 256 512 33562624 1024 67633152 64 1075838977 256 2147616768 16 25165824 4128 2147483648 16 1
is_linear=0
shrinkage=0.03


Tree=54
num_leaves=127
num_cat=43
split_feature=1 5 40 5 21 5 25 5 1 27 5 12 11 29 11 5 40 23 5 1 5 5 1 21 38 5 5 1 5 11 5 5 1 1 1 5 5 1 5 1 5 27 1 27 1 5 5 27 5 5 5 1 5 37 12 29 1 26 1 1 37 1 5 25 27 5 27 5 1 5 2 5 5 1 4 25 48 11 5 27 25 25 21 2 25 1 11 25 4 25 32 5 25 1 5 26 27 5 1 1 1 5 26 1 1 27 25 25 27 5 43 11 1 26 27 1 44 5 27 5 1 27 1 1 5 27
split_gain=1622.1 1061.1 931.794 864.831 639.725 520.461 499.379 456.896 449.676 424.688 377.841 358.087 382.623 336.665 334.541 354.704 640.981 330.614 321.988 378.069 304.64 303.18 279.323 249.729 245.592 240.624 238.781 230.772 251.046 225.517 250.414 216.711 190.895 189.314 187.582 406.487 294.59 214.888 298.768 187.459 212.699 297.87 186.548 359.308 429.399 344.029 307.039 300.368 278.322 180.004 176.915 176.453 176.078 245.957 241.134 175.249 172.043 254.323 171.753 326.982 171.597 169.126 169.46 167.067 165.082 244.634 225.271 302.245 161.928 429.102 160.627 429.385 280.771 392.108 1165.57 499.146 366.523 204.475 185.344 171.196 352.789 160.319 158.9 206.192 447.97 196.363 178.591 214.565 203.903 156.921 154.843 153.262 170.926 182.188 188.605 150.244 149.492 181.688 148.549 144.916 182.317 739.691 141.2 207.886 137.865 137.146 136.426 287.633 280.332 149.152 144.426 134.377 134.194 149.027 133.151 293.48 445.327 165.163 132.55 140.715 257.588 132.364 135.925 136.853 131.342 134.322
threshold=7.4465231895446786 0 32.95000076293946 1 0.090277068316936507 2 86.500000000000014 3 9.7953972816467303 0.1575826704502106 4 -0.41399101912975306 0.24372619390487674 0.048529487103223808 -0.28519254922866816 5 23.550000190734867 0.10007642209529878 6 5.4143788814544687 7 8 4.1348783969879159 0.057330211624503143 27.550000190734867 9 10 5.0493419170379648 11 0.24372619390487674 12 13 7.3527534008026132 7.1356794834136972 5.1923544406890878 14 15 4.0213496685028085 16 3.822698831558228 17 0.055219287052750594 5.759707212448121 0.086274277418851866 6.4229502677917489 18 19 0.14500886201858523 20 21 22 5.0493419170379648 23 9.1500000953674334 0.29137697815895086 0.13254455476999286 7.2490057945251474 0.087743796408176436 6.4229502677917489 6.8561301231384286 9.5500001907348651 5.0493419170379648 24 3.5000000000000004 0.058047603815793998 25 0.059944719076156623 26 7.1113042831420907 27 28 29 30 5.759707212448121 31 15.500000000000002 0.95000001788139354 -0.099819734692573533 32 0.11368945986032487 66.500000000000014 97.500000000000014 0.049239655956625945 33 36.500000000000007 5.759707212448121 0.26866988837718969 55.500000000000007 34 10.500000000000002 0.17632375657558444 35 39.500000000000007 5.0493419170379648 36 0.15855667740106585 0.056865874677896507 37 5.759707212448121 6.4229502677917489 6.5665833950042733 38 0.048359790816903121 4.9065351486206064 5.0493419170379648 0.11874964460730554 57.500000000000007 32.500000000000007 0.07936600968241693 39 6.7550001144409189 0.51297098398208629 4.5047848224639901 0.003189644194208086 0.064750330522656455 6.4229502677917489 0.1134999990463257 40 0.084925193339586272 41 5.759707212448121 0.14500886201858523 7.2490057945251474 7.1356794834136972 42 0.16058247536420825
decision_type=2 9 2 9 8 9 2 9 2 2 9 2 2 10 2 9 2 10 9 2 9 9 2 10 2 9 9 2 9 2 9 9 2 2 2 9 9 2 9 2 9 2 2 2 2 9 9 2 9 9 9 2 9 2 2 10 2 10 2 2 2 2 9 2 2 9 2 9 2 9 9 9 9 2 9 2 2 2 9 2 2 2 10 9 2 2 2 2 9 2 10 9 2 2 9 10 2 9 2 2 2 9 10 2 2 2 2 2 2 9 2 2 2 10 2 2 2 9 2 9 2 2 2 2 9 2
left_child=1 22 4 6 10 24 9 33 21 31 13 12 -7 61 15 -10 -17 50 -14 20 -20 -5 39 -15 32 -25 -26 28 -28 42 -31 -2 52 70 35 -13 121 38 -37 -1 41 -41 45 48 -45 64 -46 -48 114 -50 111 -32 54 -54 98 68 -12 -58 -56 -60 -38 96 -63 -24 65 -9 67 -66 -27 -70 72 106 73 -4 75 -75 -77 -74 -73 80 -80 -47 83 84 -65 -84 87 89 -88 -85 95 92 93 -39 -95 -57 -3 112 -6 -53 101 -101 -93 -104 -94 -81 107 109 -108 -72 -110 -16 -98 -114 -44 116 -116 -117 119 120 -29 122 123 -36 125 -102
right_child=3 2 7 8 5 11 -8 29 14 -11 56 34 18 23 17 16 -18 -19 19 -21 -22 -23 63 25 26 55 27 118 -30 30 51 -33 -34 -35 36 37 60 91 -40 40 -42 -43 43 44 46 81 47 -49 49 -51 -52 99 53 -55 58 90 57 -59 59 -61 -62 62 -64 82 66 -67 -68 -69 69 -71 71 78 77 74 -76 76 -78 -79 79 105 -82 -83 85 86 -86 -87 88 -89 -90 -91 -92 102 104 94 -96 -97 97 -99 -100 100 124 -103 103 -105 -106 -107 108 -109 110 -111 -112 -113 113 -115 115 117 -118 -119 -120 -121 -122 -123 -124 -125 -126 -127
leaf_value=0.023057263694780387 -0.024458653294742106 0.0030099430040566688 0.011331668705646461 -0.019927271140865524 -0.0038694727379859654 -0.00014780274206178796 -0.006926164494207649 -0.019095911636904932 -0.086607882022024033 -0.095757579813802854 0.0028162903260937813 0.0012609904669563939 -0.0022808987205320689 0.0062106375426476956 0.043432883842261107 -0.05843866941916883 0.03266855013286956 -0.047766599847741842 -0.059266440561041231 -0.0078984697215558428 -0.018248236650036498 0.0070324708080248466 0.034000822578867274 -0.015753024991776041 0.0022753901854412751 -0.0015228622343424275 -0.050383553831350229 0.013483476263419208 -0.0094340737352692251 0.0037941719767007587 -0.035902376699450539 -0.059890669799288331 0.0069201958862647002 0.013543834880971724 0.0034355570844882104 0.015734125236995918 0.0010683925181533204 -0.0024834661743435692 -0.016853035351987997 -0.028956654265522956 -0.013283620878290645 0.026954763820054524 0.005275900497784064 -0.046150810657697314 0.006528474790810446 0.0048777258685470185 -0.0018113904617590932 0.0060027094979405509 0.022975833331376816 0.0079816573215153747 -0.021805641546869946 0.0031528793865130017 -0.0017901942487868728 -0.0054884389394435048 -0.012715501327048961 0.0039333434802871726 0.0024656846568481446 -0.055813255706535919 -0.075467333777954712 -0.0034236687755114154 -0.0018769503444127061 -0.019062657786526153 -0.0045981474601444906 -0.0044667952512597222 0.016967989970302751 -0.00088095368449555287 -0.0058961866080788133 -0.0018077111147188091 -0.035084187530430085 0.014537346968481656 -0.010008292932092445 0.012611301805634911 0.0032874166410651819 -0.10625474615530534 -0.0056115441039037862 -0.068203859424591062 -0.00070537181273895371 -0.0044568444891202328 -0.0025698853531675764 0.00973002352345885 -0.025298946692010139 -0.011963978749534823 0.017739170682176716 -2.3419751420724641e-05 0.020902059497788956 0.0035937172158833647 -0.03477556820327448 -0.00036042454839279627 -0.00143764258522947 0.011595501813931564 -0.026155619190094317 -0.012667622820506378 -0.0070277929062476973 -0.034136861338831329 -0.0064604379525697404 0.023552311208795824 0.025818109563205922 -0.013586124455057934 0.024247251377631153 -0.083866728442055838 -0.013530189196167866 -0.0051590443481841089 -0.02920021368907048 0.012130300478162005 0.0090898423000463219 -0.0033293517456326341 0.0054560118020578682 -0.00067848664431725261 -0.029291614332469178 -0.032779632437813289 -0.075573383420705798 -0.0019330783040562938 -0.011026423353843772 0.014188114641335122 -0.0076034264508428257 0.02974698054639599 -0.082411971061979186 -0.00191215026671328 -0.0059100787098055989 0.0015004569830886121 -0.034394970562309023 -0.01089029776140466 -0.017386824169927942 0.032313348207663392 0.0026817790529546342 0.0034779970498996123
leaf_weight=193 364 1818 907 548 1475 11653 271 1333 132 172 34309 8561 8459 4538 114 198 106 158 181 11806 1447 1133 197 1004 9277 18587 178 161 528 3590 175 357 1221 667 17085 765 22486 1291 366 119 1458 300 3368 168 8984 10006 18633 5806 756 14205 141 1350 20503 76870 3688 3634 169 111 113 113 85460 1698 1311 947 1123 1325 4543 2414 407 246 469 681 10603 131 4424 149 140 4317 2241 1090 846 535 2143 1376 1848 1503 176 3827 2461 4363 140 6252 813 430 480 388 174 1870 190 129 1819 486 142 467 1155 2149 111 844 127 669 119 120 642 313 247 147 100 2406 6827 5549 269 607 279 148 1173 542
leaf_count=193 364 1818 907 548 1475 11653 271 1333 132 172 34309 8561 8459 4538 114 198 106 158 181 11806 1447 1133 197 1004 9277 18587 178 161 528 3590 175 357 1221 667 17085 765 22486 1291 366 119 1458 300 3368 168 8984 10006 18633 5806 756 14205 141 1350 20503 76870 3688 3634 169 111 113 113 85460 1698 1311 947 1123 1325 4543 2414 407 246 469 681 10603 131 4424 149 140 4317 2241 1090 846 535 2143 1376 1848 1503 176 3827 2461 4363 140 6252 813 430 480 388 174 1870 190 129 1819 486 142 467 1155 2149 111 844 127 669 119 120 642 313 247 147 100 2406 6827 5549 269 607 279 148 1173 542
internal_value=-0.00132861 -0.0011844 -0.00146422 -0.0208186 -0.00218504 -0.00277925 -0.0422653 0.000887616 -0.0111843 -0.0534428 0.000373841 -0.00174296 -0.00453942 -0.00174323 -0.0274919 -0.0469535 -0.0258215 -0.011514 -0.00687684 -0.00976142 -0.023318 -0.00183959 0.00543339 -0.000250948 -0.00425067 -0.00145261 -0.0014299 -0.00397258 -0.0206612 0.00201609 -0.00240292 -0.0432296 -0.00486813 -0.00225168 -0.00110396 -0.00374906 -0.000669142 -0.00727087 0.00517322 -0.00502267 -0.00792069 0.0107874 0.00255433 0.00347972 0.00154883 0.000170234 0.00178997 4.5165e-05 0.00653478 0.00875566 0.00384687 -0.00631941 -0.005008 -0.00470927 -0.0101934 -0.000831352 0.00262413 -0.0207542 -0.0142787 -0.0396193 -0.00126329 -0.00726383 -0.0128428 0.00658525 -0.00360742 -0.0100947 -0.00147683 0.00419955 -0.00203919 -0.0167112 -0.00260385 -0.00586513 -0.00112574 -0.00675071 -0.0101521 -0.0578519 -0.0356208 0.00104582 -0.00213815 -0.00374508 -0.00880502 0.00401807 0.00629376 0.00492763 0.0122642 0.0119105 0.00323367 0.00514172 -0.00367504 0.0088102 0.00474937 -0.00855381 -0.00398274 -0.00973436 -0.0200071 0.00583136 -0.00377691 -0.00789075 -0.000648329 -0.00538309 -0.00816062 -0.023223 -0.0113081 0.00246123 0.0024313 0.00106708 -0.0169679 -0.0139523 -0.0340979 -0.0237876 -0.0518953 0.0194322 0.00165197 -0.00275619 0.00121733 -0.00349221 -0.029337 3.06796e-05 -0.0030541 0.000207395 -0.016105 0.00286955 0.00334873 0.00368543 -0.00553357 -0.00958533
internal_weight=519426 515612 494701 3814 378654 307295 1164 116047 2650 893 71359 180333 33546 36770 969 436 304 533 21893 13434 1628 1681 20911 28944 126962 24406 22789 13512 706 85363 9264 721 104173 30684 146787 20722 126065 12161 1131 2070 1877 419 76099 54820 33591 21279 33423 24439 21229 14961 375 5674 102952 97373 5579 23402 34589 280 3914 226 107946 7826 3009 18841 10738 2658 8080 3537 19240 653 30017 9346 20671 5751 4844 420 289 14920 7007 6326 3087 10541 18644 14998 2795 3646 12203 9566 2637 5739 4162 11030 4169 2201 910 4022 4817 2999 1665 5499 4149 615 6861 609 1968 3239 2339 1982 357 1138 246 234 1129 955 6268 2900 347 2553 12806 5979 430 18119 17512 17233 3534 2361
internal_count=519426 515612 494701 3814 378654 307295 1164 116047 2650 893 71359 180333 33546 36770 969 436 304 533 21893 13434 1628 1681 20911 28944 126962 24406 22789 13512 706 85363 9264 721 104173 30684 146787 20722 126065 12161 1131 2070 1877 419 76099 54820 33591 21279 33423 24439 21229 14961 375 5674 102952 97373 5579 23402 34589 280 3914 226 107946 7826 3009 18841 10738 2658 8080 3537 19240 653 30017 9346 20671 5751 4844 420 289 14920 7007 6326 3087 10541 18644 14998 2795 3646 12203 9566 2637 5739 4162 11030 4169 2201 910 4022 4817 2999 1665 5499 4149 615 6861 609 1968 3239 2339 1982 357 1138 246 234 1129 955 6268 2900 347 2553 12806 5979 430 18119 17512 17233 3534 2361
cat_boundaries=0 2 4 6 8 10 11 13 15 17 18 20 22 24 25 27 28 29 31 33 35 37 38 39 40 41 43 45 47 48 50 52 53 54 55 56 58 60 62 64 65 67 69 71
cat_threshold=84 2 327155714 8192 1111147553 26961 273400321 452 3221853355 22080 1048576 2885947528 1064 2048 4096 671088640 2560 2147484673 1109394464 18688 131072 16 136320032 17465 58720256 75569160 168 406921858 640 16 2 27272202 5649 84158466 5633 202377344 3616 2147484704 672137216 1057 589858 16785416 17 2 1040 32768 20480 6 4358144 384 540673 64 1 524289 4 2 289415168 1024 0 1024 593953 16384 8388608 8704 4194304 0 1536 524288 64 2173698048 512
is_linear=0
shrinkage=0.03


Tree=55
num_leaves=127
num_cat=28
split_feature=0 46 5 5 5 0 25 0 0 0 0 5 0 0 0 5 27 5 0 0 25 47 5 30 0 27 0 5 0 5 5 27 5 0 0 5 5 0 25 25 46 0 5 27 5 25 23 32 23 5 22 48 27 27 5 30 27 21 25 25 27 27 25 25 21 0 25 5 25 25 5 27 25 25 27 23 25 22 25 27 25 25 0 25 5 0 5 5 27 44 25 20 29 0 5 5 25 20 20 48 5 27 25 25 0 27 47 5 8 27 0 27 5 25 5 0 0 25 0 40 36 25 48 27 0 0
split_gain=1638.99 1074.67 925.217 857.656 499.644 472.282 461.246 460.916 441.61 2471.56 1474.94 788.351 780.468 594.159 667.953 541.407 531.885 408.35 403.672 477.184 401.465 477.292 400.064 397.937 362.389 343.656 332.36 1611.54 1311.24 680.85 668.207 611.647 1158.18 552.545 439.833 459.564 430.226 415.625 1087.76 363.997 351.549 331.697 308.307 382.184 475.588 296.38 289.971 297.391 289.524 281.529 276.205 318.892 256.455 254.346 247.436 281.886 277.585 246.354 240.788 799.334 306.306 1345.38 237.435 234.982 231.821 230.185 291.149 264.699 229.877 256.077 239.543 396.744 376.525 339.726 311.721 278.863 252.778 224.427 222.64 255.846 263.522 287.866 376.951 747.342 363.693 239.602 238.427 216.577 215.471 233.687 404.146 298.267 213.73 215.074 331.143 317.988 299.726 213.338 381.57 433.347 351.045 208.396 263.134 217.744 206.172 202.822 201.436 320.972 200.705 200.12 199.675 195.753 195.469 304.376 192.695 308.392 879.916 188.413 425.569 298.611 199.774 187.38 264.174 184.187 177.89 176.844
threshold=1715.0000000000002 6.8285715579986581 0 1 2 1560.0000000000002 86.500000000000014 17950.000000000004 615.00000000000011 425.00000000000006 475.00000000000006 3 950.00000000000011 850.00000000000011 715.00000000000011 4 0.086274277418851866 5 61.500000000000007 90.000000000000014 40.500000000000007 19.215001106262211 6 0.16192837059497836 950.00000000000011 0.1575826704502106 1100.0000000000002 7 1225.0000000000002 8 9 0.072961069643497481 10 90.000000000000014 715.00000000000011 11 12 45.000000000000007 24.500000000000004 97.500000000000014 1.0000001192092898 550.00000000000011 13 0.10038758814334871 14 75.500000000000014 0.12977331131696704 0.18680100888013842 0.088010415434837355 15 -0.11946358904242514 16.44999980926514 0.084925193339586272 0.07936600968241693 16 0.11297709494829179 0.051726119592785842 0.036828776821494109 58.500000000000007 76.500000000000014 0.11368945986032487 0.12240357697010042 120.50000000000001 68.500000000000014 0.13533534109592441 325.00000000000006 68.500000000000014 17 19.500000000000004 22.500000000000004 18 0.092709075659513487 78.500000000000014 78.500000000000014 0.089248880743980422 0.043235365301370628 101.50000000000001 0.15231326222419742 117.50000000000001 0.05270845256745816 26.500000000000004 77.500000000000014 325.00000000000006 114.50000000000001 19 325.00000000000006 20 21 0.095947422087192549 0.076499998569488539 82.500000000000014 84.500000000000014 0.040852611884474761 325.00000000000006 22 23 149.50000000000003 104.50000000000001 75.500000000000014 56.100000381469734 24 0.1045757830142975 51.500000000000007 27.500000000000004 90.000000000000014 0.092709075659513487 15.295000076293947 25 6.5000000000000009 0.16058247536420825 155.00000000000003 0.07936600968241693 26 85.500000000000014 27 615.00000000000011 950.00000000000011 84.500000000000014 1280.0000000000002 13.449999809265138 2.7500000000000004 69.500000000000014 20.550000190734867 0.053263295441865928 615.00000000000011 55.000000000000007
decision_type=2 2 9 9 9 2 2 2 2 2 2 9 2 2 2 9 2 9 2 2 2 2 9 10 2 2 2 9 2 9 9 2 9 2 2 9 9 2 2 2 2 2 9 2 9 2 10 10 8 9 8 2 2 2 9 10 2 8 2 2 2 2 2 2 10 2 2 9 2 2 9 2 2 2 2 8 2 8 2 2 2 2 2 2 9 2 9 9 2 2 2 2 8 2 9 9 2 2 2 2 9 2 2 2 2 2 2 9 2 2 2 2 9 2 9 2 2 2 2 2 2 2 2 2 2 2
left_child=1 2 4 6 53 23 25 49 9 15 62 12 22 14 88 18 -16 -3 50 -20 21 -14 -10 26 -15 87 30 48 -29 -30 33 32 104 37 35 111 52 -4 -39 -40 54 -12 63 44 -44 106 -25 -48 -28 -5 -6 -52 -33 -1 56 -56 65 -17 101 -60 -61 -62 -11 -31 -45 67 -67 -34 -37 -70 71 73 -73 75 -72 -71 -74 -9 79 80 -59 121 83 -83 -84 -80 -81 -2 89 90 -13 -92 110 95 123 -94 -96 98 99 -79 -100 -50 103 109 -32 -91 107 -36 -22 -103 -21 -35 -90 -114 115 -38 -117 -65 120 -120 -119 -82 -123 -95 -75 -88
right_child=3 17 5 7 8 -7 -8 77 11 10 41 13 20 24 16 57 -18 -19 19 92 108 -23 -24 46 -26 -27 27 28 29 42 31 36 40 34 45 68 114 38 39 -41 -42 -43 43 64 -46 -47 47 -49 58 -51 51 -53 -54 -55 55 -57 -58 78 59 60 61 -63 -64 117 -66 66 -68 -69 69 70 74 72 76 124 -76 -77 -78 97 85 86 81 82 84 -85 -86 -87 125 -89 112 105 91 -93 93 94 96 -97 -98 -99 100 -101 -102 102 -104 -105 -106 -107 -108 -109 -110 -111 -112 -113 113 -115 -116 116 -118 118 119 -121 -122 122 -124 -125 -126 -127
leaf_value=0.011320095356948385 -0.025193364208766309 0.00014302505278235869 0.014462244955668065 -0.019407464579024866 -0.0043940277291315954 0.0088124631730025181 -0.0083353726304343078 -0.00030947030788021427 0.0055531296567242162 -0.075325390015329632 0.017979655106387594 0.013819304840639233 -0.079987639758516763 0.042724552532983205 -0.090912519182928378 0.0057880028607185724 -0.008760511363130611 0.0048429883149537717 0.0388886953207934 0.00013560987295655483 0.0088569489808590883 -0.010677100909233558 0.019222574761277506 0.0027242754628852904 0.0011009293412612539 -0.091025712803790446 -0.049045145926358814 -0.10540537206750167 0.014752679604766391 -0.015388305672052486 -0.012800682299780732 0.013752126666498918 0.010934599397883799 0.0033692775389347184 -0.026609507070516625 -0.01099808234735603 0.0036597509957251272 -0.0073527401208255856 -0.045040543599766648 -0.10557619277508028 0.00041385316103214009 -0.042842013214401266 -0.033376005352705754 -0.00052495200436018514 -0.00053521785019617859 0.0072676072798264404 0.0091466254102740372 -0.018756734946135698 -0.0045787043823341351 0.0066128417598471994 -0.0014698183196722656 -0.065606325518239916 -0.001723796392060298 -0.0018072558057699167 -0.0066706004450494284 0.0038857137230968175 -0.0038100616854796951 0.010216609158466136 0.01777387897012498 -0.007466639331413792 -0.14251332374180065 -0.021618455236380018 -0.13265560775660395 -0.00092942613895402582 -0.021160385087058392 0.02407964461043486 0.0036712333055162289 -0.010238451519299568 0.0061295052915615756 0.023576641620539993 -0.0020962177881066022 0.0037000249026820429 -0.046904271281690696 0.011129680381660456 0.0084717689324762153 -0.012623990334213561 -0.018807016504649856 -0.064350167694826446 -0.0012941551676152003 -0.006982500914316089 -0.013987142360644245 0.0062319787674644722 -0.004928600833726325 -0.048864388380199665 -0.026130918473666026 0.016967107103808537 0.0054305695913634874 -0.060253354997080281 -0.0024438872045623402 -0.0019740116079774261 -0.088342685891875938 -0.015419317283990357 0.013199316749467144 0.0043931924423121398 0.011922222498656565 -0.0012795569020064071 -0.0091598412166186208 -0.0070415346381755969 -0.023092157456182663 0.0072501582748466919 -0.10085756327037687 -0.029355843660414393 -0.060552054919152457 -0.005720096205525934 0.01046985130974953 0.017167423120741473 0.0022344751270440069 -0.00055369570927862866 -0.0016680764392113031 -0.072279657418610616 0.035007566917168421 0.0159390975275235 -0.013085832781384154 -0.056717051675031875 -0.006798372235962696 -0.097930450196168847 -0.0005087420487621579 -0.014976502680894959 -0.070042949975576502 -0.0061515990230772231 -0.0028856680364955879 -0.0082716720234302273 -0.068811343441838799 -0.010214314660325838 -0.0035620539547167461 -0.0023030355975667809
leaf_weight=5240 376 34322 336 541 414 3182 277 209 3198 111 135 139 101 188 149 2626 135 32290 320 262 2891 729 4950 16320 47585 170 428 113 1739 3064 360 1266 777 4030 603 2548 209 1230 333 123 17762 198 755 18914 835 10433 488 1158 225 1152 110 190 4025 1779 33878 2440 19207 657 477 326 101 444 177 4049 502 838 2517 1626 3447 204 37971 483 407 1507 2689 2929 991 128 2176 9312 3674 2885 2021 239 1142 919 3037 363 1690 4580 102 100 1472 1648 5402 17170 683 181 113 185 143 511 297 276 6805 558 7047 1399 3738 121 338 1541 2455 152 54421 146 193 1995 171 107 3206 123 137 1468 1459 21454
leaf_count=5240 376 34322 336 541 414 3182 277 209 3198 111 135 139 101 188 149 2626 135 32290 320 262 2891 729 4950 16320 47585 170 428 113 1739 3064 360 1266 777 4030 603 2548 209 1230 333 123 17762 198 755 18914 835 10433 488 1158 225 1152 110 190 4025 1779 33878 2440 19207 657 477 326 101 444 177 4049 502 838 2517 1626 3447 204 37971 483 407 1507 2689 2929 991 128 2176 9312 3674 2885 2021 239 1142 919 3037 363 1690 4580 102 100 1472 1648 5402 17170 683 181 113 185 143 511 297 276 6805 558 7047 1399 3738 121 338 1541 2455 152 54421 146 193 1995 171 107 3206 123 137 1468 1459 21454
internal_value=-0.00127911 -0.00113369 -0.00166129 -0.0208086 0.000160472 -0.0026794 -0.0419108 -0.0111592 -0.000196689 -0.00173143 -0.0613014 0.00148556 0.00746623 -0.00012977 -0.00675581 -0.00126755 -0.0520291 0.00242211 0.0019618 0.00251589 0.000459026 -0.0191974 0.0138892 -0.00280792 0.00126562 -0.0525824 -0.0030989 -0.00567127 -0.00382334 -0.00349661 -0.00266309 -0.00387553 -0.00225494 -0.000489175 -9.61666e-05 -0.00136402 -0.00619457 -0.0159725 -0.0220428 -0.0615645 -0.00330193 -0.0182046 -0.00444466 -0.00221687 -0.0163537 0.00382179 0.00151369 -0.0104835 -0.0260039 -0.00178405 -0.0203042 -0.0421726 0.00197736 0.00798175 -0.00437943 -0.00595965 -0.00207722 -0.00315597 -0.0225312 -0.013419 -0.0305025 -0.0442428 -0.110897 -0.00815588 -0.00105954 0.0036991 0.00877443 -0.00338764 -0.00220113 -0.00177102 -0.00233102 -0.00707982 -0.01913 -0.00337248 -0.00139678 -0.0102601 -0.0270147 -0.027807 -0.00364834 -0.00418735 -0.00818896 -0.00937294 -0.00538897 0.00200257 -0.0126877 0.0041319 -0.0028994 -0.0436278 -0.0054354 -0.00149057 -0.0255028 -0.0524958 0.00210532 0.00172319 0.00547598 -0.000129243 0.00953911 -0.035459 -0.0444704 -0.0221422 -0.0715778 -0.0311056 -0.0360508 -0.0279789 0.00928606 0.000107733 -0.000151422 -0.00854665 0.00292268 -0.0376751 0.0198057 0.0068362 -0.0104638 -0.0155907 -0.00698026 -0.0245544 -0.0426308 -0.00583727 -0.00946336 -0.0455619 -0.00752546 -0.0157368 -0.0403128 -0.00248176 0.00390393 -0.0013433
internal_weight=519393 515555 448943 3838 160959 287984 1186 2652 153940 80500 621 73440 15607 57833 10060 79879 284 66612 29477 28763 7459 830 8148 284802 47773 909 266836 38656 35450 35337 228180 146470 86210 81710 79688 60206 60260 2022 1686 456 79045 333 33598 21006 1590 19482 17966 1646 3206 1693 714 300 5291 7019 61283 36318 24965 50402 2778 1348 871 545 288 12592 19416 5758 3355 2403 54635 52087 48640 7980 1881 6099 40660 3133 1398 959 47776 44681 10878 10221 6287 3124 3163 3095 33803 739 9776 5479 341 202 28443 27843 9201 18642 6085 750 569 313 256 1430 1205 908 7165 5138 9049 2002 6629 632 600 5571 4297 2607 54969 548 339 9528 5479 278 5201 3934 260 3116 2966 24491
internal_count=519393 515555 448943 3838 160959 287984 1186 2652 153940 80500 621 73440 15607 57833 10060 79879 284 66612 29477 28763 7459 830 8148 284802 47773 909 266836 38656 35450 35337 228180 146470 86210 81710 79688 60206 60260 2022 1686 456 79045 333 33598 21006 1590 19482 17966 1646 3206 1693 714 300 5291 7019 61283 36318 24965 50402 2778 1348 871 545 288 12592 19416 5758 3355 2403 54635 52087 48640 7980 1881 6099 40660 3133 1398 959 47776 44681 10878 10221 6287 3124 3163 3095 33803 739 9776 5479 341 202 28443 27843 9201 18642 6085 750 569 313 256 1430 1205 908 7165 5138 9049 2002 6629 632 600 5571 4297 2607 54969 548 339 9528 5479 278 5201 3934 260 3116 2966 24491
cat_boundaries=0 2 4 6 8 10 12 13 15 17 19 21 22 24 26 28 30 32 34 36 38 39 40 42 43 45 46 47 48
cat_threshold=432290518 170 327155714 8192 16 2 2566 128 281288768 40 2633683585 964 2 1073905664 16640 34078720 1040 3825270792 21248 1081344 8196 3221225472 33554433 1 536870920 4608 2147483648 4 671088640 2560 2229248 1104 131072 1024 536870912 256 16777218 128 16779266 58720256 268435520 8 268697664 524288 4 2147483648 142606528 1024
is_linear=0
shrinkage=0.03


Tree=56
num_leaves=127
num_cat=47
split_feature=1 48 5 21 5 5 5 1 29 1 11 23 1 27 5 12 2 5 5 1 5 11 44 5 5 1 1 2 5 5 11 5 13 5 26 29 5 27 1 5 1 5 5 1 44 27 5 1 1 5 2 5 5 1 27 1 44 11 27 5 1 5 27 5 27 21 5 31 5 1 30 27 5 1 5 27 1 1 21 5 5 5 27 1 1 5 1 27 5 12 21 1 1 5 30 1 30 5 27 27 5 1 47 39 5 21 32 21 5 1 27 5 27 1 5 27 27 1 11 5 5 11 27 30 21 5
split_gain=1388.34 969.308 838.907 764.846 599.412 528.319 493.239 457.922 370.644 328.746 369.625 343.163 306.966 298.114 285.151 376.722 280.542 845.974 479.044 435.342 744.581 828.812 377.823 241.494 235.308 618.532 450.369 233.635 1071.2 757.936 470.437 479.786 382.307 361.459 246.451 238.836 258.82 549.502 938.184 228.796 234.088 261.385 226.134 333.689 670.697 227.339 225.655 261.474 758.307 221.874 327.938 539.793 251.026 237.81 286.742 227.017 609.842 221.244 221.184 309.758 264.68 217.258 285.656 328.58 335.193 213.985 220.137 249.079 210.426 209.032 207.452 206.078 203.538 196.298 193.647 189.692 188.368 1464.32 1944.33 339.905 272.946 231.435 227.113 187.777 2015.68 901.65 426.72 420.856 267.4 193.319 186.093 185.139 330.413 201.233 192.544 182.937 339.43 181.714 179.858 211.233 176.059 172.556 172.29 168.524 168.308 165.814 163.576 162.145 161.417 297.018 323.911 656.747 161.147 160.172 515.027 300.163 173.951 179.218 264.943 227.674 179.635 159.656 159.618 158.333 156.409 153.174
threshold=7.4465231895446786 0.84999999403953563 0 0.090277068316936507 1 2 3 7.3527534008026132 0.056686626747250564 9.7953972816467303 -0.27694603800773615 0.10007642209529878 7.1552743911743173 0.17337424308061603 4 0.68274390697479259 5 6 7 5.0493419170379648 8 0.24372619390487674 0.26549999415874487 9 10 7.7717878818511972 9.461545944213869 11 12 13 0.2603727281093598 14 39.500000000000007 15 0.14085485786199572 0.13093881309032443 16 0.059944719076156623 5.759707212448121 17 4.1348783969879159 18 19 6.1640367507934579 0.059499999508261688 0.086274277418851866 20 6.4229502677917489 6.8561301231384286 21 22 23 24 5.0493419170379648 0.084925193339586272 5.759707212448121 0.11749999970197679 0.022575936280190948 0.069445703178644194 25 5.0493419170379648 26 0.11874964460730554 27 0.14242830872535708 0.057330211624503143 28 0.054460195824503906 29 5.0493419170379648 0.16381880640983584 0.16058247536420825 30 6.744683265686036 31 0.098019190132617964 6.8561301231384286 6.5665833950042733 0.13503363728523257 32 33 34 0.1321084722876549 6.1640367507934579 6.0527143478393564 35 5.0493419170379648 0.084925193339586272 36 0.35645927488803869 0.10989969968795778 6.744683265686036 6.8561301231384286 37 0.075847711414098754 7.2490057945251474 0.11944747343659402 38 0.051913643255829818 0.064750330522656455 39 6.4229502677917489 44.270000457763679 9.7999997138977069 40 0.070677299052476897 0.24404924362897876 0.12412916123867036 41 6.5665833950042733 0.086274277418851866 42 0.056865874677896507 4.1348783969879159 43 0.061421869322657592 0.08212983608245851 6.8561301231384286 -0.60554069280624379 44 45 -0.39036798477172846 0.11368945986032487 0.071350455284118666 0.033949380740523345 46
decision_type=2 2 9 8 9 9 9 2 10 2 2 10 2 2 9 2 9 9 9 2 9 2 2 9 9 2 2 9 9 9 2 9 2 9 8 8 9 2 2 9 2 9 9 2 2 2 9 2 2 9 9 9 9 2 2 2 2 2 2 9 2 9 2 9 2 10 9 10 9 2 10 2 9 2 9 2 2 2 8 9 9 9 2 2 2 9 2 2 9 2 10 2 2 9 10 2 10 9 2 2 9 2 2 2 9 10 10 10 9 2 2 9 2 2 9 2 2 2 2 9 9 2 2 8 10 9
left_child=1 4 13 6 12 16 8 27 69 72 14 -12 49 24 -11 -16 18 19 76 20 21 -18 -22 -8 -2 -26 -27 28 42 32 46 91 33 90 -31 -36 37 -37 -39 -6 41 -41 43 44 -7 107 47 -30 75 55 108 -52 53 -53 -55 102 73 -35 -46 -60 -61 98 -63 64 -64 -10 -67 105 -21 100 -70 74 -4 -57 -59 -49 77 81 -79 -78 -80 -5 -81 84 85 -48 89 88 -88 -87 122 93 -93 -32 97 124 -97 -94 -34 -100 -3 -58 -1 -77 -71 -68 -96 113 109 110 -51 -112 -102 114 -44 -116 -115 118 120 -120 -118 -82 -29 -99 -25 -83
right_child=2 3 9 5 39 7 23 -9 65 10 11 -13 -14 -15 15 -17 17 -19 -20 68 22 -23 -24 95 25 26 -28 29 30 34 31 -33 61 57 35 36 -38 38 -40 40 -42 -43 45 -45 58 -47 83 48 -50 50 51 52 -54 54 -56 56 101 71 59 60 -62 62 63 -65 -66 66 67 -69 70 104 -72 -73 -74 -75 -76 103 79 78 80 82 121 125 -84 -85 -86 86 87 -89 -90 -91 -92 92 94 -95 106 96 -98 123 99 -101 112 -103 -104 -105 -106 -107 -108 -109 -110 -111 111 -113 -114 116 115 -117 117 -119 119 -121 -122 -123 -124 -125 -126 -127
leaf_value=-0.01459047171185375 -0.022980489429924332 0.0057488625599786836 -0.018511215542978306 0.015553496152000582 0.010761060864163887 -0.084643402671757725 0.0096162319164415002 0.0089273842900348156 0.0061208610089987072 -0.080956707634299782 0.0079984987696070323 -0.04439523998155908 0.018179932687691684 -0.01164582673525221 0.0010312238851739042 -0.069985071925653355 0.0047909649441271003 6.0685899787390286e-05 0.0022484039444155756 0.015001791330504277 -0.089506037458777429 -0.042592096437786393 -0.033828121710743682 0.013984365279507268 -0.1214319437590696 0.0027475352292614321 -0.061238932787617557 0.0055389190789390651 -0.0079521409807005485 -0.0049755984465441449 0.013437241410841471 -0.018914319825921493 -0.0044416274723980262 0.00076172800278459377 0.011979111197413227 0.011085783067889142 -0.0016757088543272575 -0.039424392726792434 0.0011588030602392605 -0.030845730935418331 0.0032267223746856579 0.0031503066100268444 0.028932881817585084 -0.00070046329025898505 -0.0034894676405997317 0.0063058040324901077 -0.07234741921682615 -0.085906342952809425 0.0044159015914466129 0.0030975299265918145 -0.024740067837814426 -0.0074453107427522574 -0.0049483211723183951 0.023837085015567076 0.0027266902258081304 0.00082536200598588144 -0.067845168593003574 -0.0038545119513507765 -0.0082462318095365538 -0.020348023904244537 -0.065125190093721211 -0.0055912755020002952 -0.067030512411873064 -0.0087389042966194794 -0.015833969053818345 -0.014509920272062982 0.00028778771191723644 0.0075376387589608891 -0.0077219755421751596 0.00046944548383069722 0.0040555286647885741 -0.033928283859065857 0.0048673928871925355 -0.013831443589542903 -0.012939306635361327 -0.01790828352020337 0.0024079596820949997 -0.15946008377489837 0.00032451350635194493 -0.0082165869594309632 -0.02371996873097184 -0.001035898315280224 -0.051923468731327263 -0.003571032592511127 -0.11823702488969635 0.00810630831544943 0.020845793517835345 -0.044214476243807713 -0.012026242658855853 -0.0047078171918067176 -0.011114464486764897 -0.063485167721907293 0.014987279078537257 -0.0057642159533562633 -0.019963996539485149 0.0033234476872762157 -0.065725904862479409 0.018430794082876099 -0.021723823744162034 -0.0040682391006435495 0.0021957598510972021 -0.024071758680201907 0.012781285905099218 -0.067179465584638637 -0.015240756095121925 -0.0054747915087369039 -0.0020171003405679228 -0.033327203301617703 -0.00088076515456022902 0.0083729068381569443 -0.019809640042416927 0.013738866331238372 -0.010294117362154522 0.0021508489897556033 -0.0054224004673204896 -0.046187102216994388 -0.016220451653554218 0.0096872842031805878 -0.011768113768714315 -0.057241993565112351 0.0093637072147070184 -0.066128133604949221 -0.029463204227387903 -0.010105802082540496 0.0022289526953096377 -0.0055780752087334446
leaf_weight=287 293 1512 451 610 3626 105 4733 2634 4585 128 384 158 750 257 178 107 1027 35225 43393 402 175 490 297 1050 117 132 394 5162 1528 10032 560 5770 1131 3013 1494 5097 33953 538 10494 376 54459 432 194 12354 3030 5941 174 140 318 7744 1047 1253 11245 774 2292 1542 193 4889 1167 321 189 10020 230 814 231 1019 14217 3134 15772 777 1471 280 1211 1761 3748 129 12680 114 248 2035 179 15682 112 21949 148 1926 232 350 2936 2353 761 107 351 3533 2146 175 100 189 2971 768 1387 142 735 122 3036 6570 581 136 17261 6328 1681 754 2817 9134 321 329 524 398 244 181 450 146 119 2226 33152 11653
leaf_count=287 293 1512 451 610 3626 105 4733 2634 4585 128 384 158 750 257 178 107 1027 35225 43393 402 175 490 297 1050 117 132 394 5162 1528 10032 560 5770 1131 3013 1494 5097 33953 538 10494 376 54459 432 194 12354 3030 5941 174 140 318 7744 1047 1253 11245 774 2292 1542 193 4889 1167 321 189 10020 230 814 231 1019 14217 3134 15772 777 1471 280 1211 1761 3748 129 12680 114 248 2035 179 15682 112 21949 148 1926 232 350 2936 2353 761 107 351 3533 2146 175 100 189 2971 768 1387 142 735 122 3036 6570 581 136 17261 6328 1681 754 2817 9134 321 329 524 398 244 181 450 146 119 2226 33152 11653
internal_value=-0.00120733 -0.00107404 -0.019248 -0.00176939 0.00135817 -0.00241434 0.000891308 -0.00348758 -0.00149499 -0.00959301 -0.0236467 -0.00732858 -0.000870341 -0.0399864 -0.0449922 -0.0249115 -0.00104196 -0.00272128 1.8975e-05 -0.00770958 -0.0210158 -0.0104631 -0.0534862 0.00326764 -0.048174 -0.0583378 -0.0452067 -0.00367099 -0.00483837 -0.00266079 -0.00776004 -0.0120648 -0.00624599 -0.0032366 -0.000673461 0.000163294 -0.000189417 0.00293849 -0.000823721 0.00346876 0.00298827 -0.0130305 -0.000851738 -0.00330925 -0.0100122 0.00151192 -0.00570161 -0.0148817 -0.0299933 -0.00113042 -0.000550138 -0.00399974 -0.00258804 0.00355419 0.00806196 -0.0073853 -0.0109101 -0.00626111 -0.00832976 -0.0170679 -0.036326 -0.00959526 -0.00728793 -0.0206639 -0.040588 0.000165023 -0.000930107 -0.000344835 -0.00621292 -0.00663948 -0.00671317 -0.00864093 -0.00156598 -0.00699076 -0.00781731 -0.0579182 -0.00220707 -0.00362884 -0.0468667 0.000537031 -0.0242271 -0.00256424 -0.010471 -0.00501154 -0.00891109 -0.00686662 -0.00529667 -0.0130421 -0.0095853 0.00106043 0.00274122 -0.00795828 -0.0115107 -0.00311571 -0.0104869 0.00239331 -0.0219326 -0.00490726 -0.0148985 -0.0180994 -0.00300955 -0.0494173 0.00508795 -0.0420284 -0.0120788 -0.00153373 -0.0161425 -0.00087825 0.00114752 0.00326764 9.65315e-05 -0.00944486 -0.00615922 -0.00050067 -0.0130846 -0.0257001 0.000472066 -0.0080575 -0.013109 -0.0328435 -0.0044731 -0.0416382 0.00474477 -0.00783338 0.00259024 -0.00297371
internal_weight=519632 515822 3810 401140 114682 322876 78264 181165 39054 2617 955 542 55789 1193 413 285 141711 54859 86852 19634 1989 1517 472 39210 936 643 526 178531 82786 95745 47768 15463 34137 17972 61608 51576 50082 16129 11032 58893 55267 808 35018 17166 4812 17852 32305 2237 709 55039 50379 16611 15564 4319 3066 4660 3638 11930 4707 1677 510 16165 11295 1275 461 29525 24940 23921 17645 9529 17243 8917 1662 3303 8637 391 43459 28632 687 14827 573 27945 2147 30068 8119 7971 7797 3518 3168 4279 6042 9693 5600 4093 5493 34477 275 2766 4870 3739 5716 335 1022 251 3813 20787 2727 11911 33768 16507 10179 2435 4204 11775 844 650 10931 1797 1399 425 974 325 5281 2415 34202 27335
internal_count=519632 515822 3810 401140 114682 322876 78264 181165 39054 2617 955 542 55789 1193 413 285 141711 54859 86852 19634 1989 1517 472 39210 936 643 526 178531 82786 95745 47768 15463 34137 17972 61608 51576 50082 16129 11032 58893 55267 808 35018 17166 4812 17852 32305 2237 709 55039 50379 16611 15564 4319 3066 4660 3638 11930 4707 1677 510 16165 11295 1275 461 29525 24940 23921 17645 9529 17243 8917 1662 3303 8637 391 43459 28632 687 14827 573 27945 2147 30068 8119 7971 7797 3518 3168 4279 6042 9693 5600 4093 5493 34477 275 2766 4870 3739 5716 335 1022 251 3813 20787 2727 11911 33768 16507 10179 2435 4204 11775 844 650 10931 1797 1399 425 974 325 5281 2415 34202 27335
cat_boundaries=0 2 4 6 8 9 10 12 14 15 17 18 19 21 23 25 27 28 30 32 34 35 37 38 40 42 44 46 48 49 50 52 54 56 58 60 61 62 64 66 68 70 72 73 75 77 79 81
cat_threshold=327155714 8192 880474625 1989 3171170526 1770 3221853355 29760 1048576 6 2952800258 512 84154368 1256 268443650 4210752 2 50331648 5 1075921409 20753 1075920897 20737 558112 2052 2097152 16384 13664288 20 2 1107361794 16384 16896 4112 525312 540672 64 6 163840 256 3151873 1024 512 16 2097153 1 1073741824 16384 2147484673 2048 671088640 512 16385 4096 83886080 96 0 1024 262144 64 131072 32768 0 4 524288 2048 589857 16384 1073779712 1024 541229568 768 536903680 0 1 0 16385 65536 1 2048 1160
is_linear=0
shrinkage=0.03


Tree=57
num_leaves=127
num_cat=42
split_feature=0 40 5 5 0 5 5 0 5 5 26 5 5 0 0 5 27 3 5 0 27 5 27 5 5 13 5 21 21 5 0 5 23 27 11 5 26 5 23 0 27 22 5 4 27 27 5 27 5 27 47 36 46 27 0 47 0 27 12 47 21 11 27 22 5 27 11 27 11 5 0 0 27 27 47 5 21 5 11 0 0 0 0 5 0 0 0 12 0 0 5 27 5 5 5 27 27 5 27 27 11 27 0 27 27 5 30 0 46 27 5 5 22 12 5 0 4 27 5 27 27 5 27 5 5 23
split_gain=1236.96 958.516 779.878 774.142 527.224 1115.89 965.118 501.688 841.997 462.871 426.804 420.434 394.722 1327.58 697.479 1209.92 529.88 722.508 516.761 818.462 392.477 452.725 494.774 369.946 355.345 340.337 328.942 317.097 309.847 309.195 298.91 297.174 367.782 283.735 278.793 422.993 467.295 296.041 307.258 450.353 272.616 541.849 247.078 239.989 238.584 235.147 665.274 273.606 550.585 583.908 269.478 224.426 276.405 218.651 206.19 203.91 202.768 330.119 206.679 200.503 208.134 196.991 235.151 194.917 214.578 191.727 240.551 185.287 274.905 181.524 537.01 419.636 178.143 174.357 170.494 169.772 164.381 193.367 193.683 162.953 561.019 178.002 160.972 314.275 160.62 237.681 197.563 300.38 159.874 1464.49 1203.99 847.329 427.245 273.669 258.515 241.304 193.841 434.967 207.179 158.674 157.421 157.394 440.617 157.16 154.101 231.56 207.955 148.761 147.728 156.56 298.874 143.476 145.214 142.449 164.638 141.682 455.279 405.109 191.939 195.05 141.119 140.4 135.084 155.109 145.928 421.33
threshold=1715.0000000000002 37.149999618530281 0 1 325.00000000000006 2 3 155.00000000000003 4 5 0.1111494228243828 6 7 950.00000000000011 615.00000000000011 8 0.058047603815793998 9 10 950.00000000000011 0.058047603815793998 11 0.064750330522656455 12 13 14.500000000000002 14 0.1163604184985161 0.11826425418257715 15 17950.000000000004 16 0.07194120436906816 0.17337424308061603 0.24372619390487674 17 0.1366594657301903 18 0.081555202603340163 1560.0000000000002 0.051726119592785842 0.048048257827758796 19 20 0.07936600968241693 0.16058247536420825 21 0.053263295441865928 22 0.049178216606378562 14.360000133514406 8.1500000953674334 2.8142856359481816 0.051913643255829818 155.00000000000003 41.305000305175788 950.00000000000011 0.095947422087192549 -0.60555642843246449 42.960000991821296 0.065142124891281142 -0.8978554606437682 0.1575826704502106 0.053342131897807128 23 0.11368945986032487 0.78325453400611889 0.051913643255829818 0.21862474083900454 24 2375.0000000000005 13030.000000000002 0.059944719076156623 0.052256155759096153 64.075000762939467 25 0.098479028791189208 26 -0.35846811532974238 1410.0000000000002 1280.0000000000002 1560.0000000000002 155.00000000000003 27 61.500000000000007 45.000000000000007 90.000000000000014 -0.065537083894014345 950.00000000000011 850.00000000000011 28 0.095947422087192549 29 30 31 0.16352472454309466 0.098654624074697508 32 0.092709075659513487 0.092709075659513487 -0.56368473172187794 0.055219287052750594 155.00000000000003 0.051913643255829818 0.069445703178644194 33 0.084363382309675231 90.000000000000014 5.8285715579986581 0.076740767806768431 34 35 -0.082467943429946886 0.75438815355300914 36 155.00000000000003 37 0.07936600968241693 38 0.084925193339586272 0.12835267186164859 39 0.069445703178644194 40 41 0.043235365301370628
decision_type=2 2 9 9 2 9 9 2 9 9 10 9 9 2 2 9 2 1 9 2 2 9 2 9 9 2 9 10 10 9 2 9 8 2 2 9 10 9 8 2 2 8 9 9 2 2 9 2 9 2 2 2 2 2 2 2 2 2 2 2 10 2 2 10 9 2 2 2 2 9 2 2 2 2 2 9 10 9 2 2 2 2 2 9 2 2 2 2 2 2 9 2 9 9 9 2 2 9 2 2 2 2 2 2 2 9 10 2 2 2 9 9 8 2 9 2 9 2 9 2 2 9 2 9 9 8
left_child=1 2 43 33 5 7 12 8 25 -8 11 -7 13 16 15 26 17 103 19 -16 23 72 54 -13 -3 -4 -14 63 -29 111 42 45 -33 69 88 36 37 38 39 -36 41 -25 -5 44 101 47 -47 48 49 -11 -50 52 -34 -12 55 -23 58 -58 -39 60 -18 -32 76 64 67 66 -59 68 -17 -2 -71 -72 -22 -69 122 -55 77 -63 -79 80 84 -81 83 -74 85 -45 87 -86 89 90 99 -91 95 -93 -92 -90 97 98 -94 -20 -27 102 -1 -6 105 -10 -107 -103 109 110 -37 112 -9 -84 -115 116 -24 -117 119 -118 -40 -43 124 -124 125 -31
right_child=3 24 4 30 6 10 9 29 104 31 53 20 14 -15 18 27 59 -19 34 -21 21 22 115 40 -26 100 -28 28 -30 74 61 32 51 -35 35 108 -38 56 120 -41 -42 121 -44 79 -46 46 -48 -49 50 -51 -52 -53 -54 75 -56 -57 57 65 -60 -61 -62 62 -64 -65 -66 -67 -68 73 -70 70 71 -73 82 -75 -76 -77 -78 78 -80 81 -82 -83 113 -85 86 -87 -88 -89 92 91 94 93 96 -95 -96 -97 -98 -99 -100 -101 -102 107 -104 -105 -106 106 -108 -109 -110 -111 -112 -113 -114 114 -116 117 118 -119 -120 -121 -122 -123 123 -125 -126 -127
leaf_value=-0.022980396479126187 -0.023426180419344151 -0.00051616546168781012 -0.011585641976978096 -0.017886264295888899 -0.0097630623808957415 -0.0045517870434286806 0.036514395709415219 0.047161215205084192 0.010326975738308286 0.015369734866642636 0.011520643190332448 0.00067683965890760821 0.019458940817766526 0.023102033015390103 -0.094713060126012674 -0.048954349934744339 -0.021504118457510178 -0.068252071874549958 -0.0076958317956000513 -0.0010633578250801598 0.006081956955740965 -0.0021383982077602622 -0.061090353265100594 -0.042853339663736376 0.0044831198031010039 -0.038024596435620499 0.006813508641163272 -0.054414802908897393 -0.011847772893778736 0.021866780666690885 -0.055373725738931207 -0.034501056410805718 -0.0017530715081897758 -0.010776623122957209 -0.057794606277041215 -0.0010344600229543633 0.003989333461162683 -0.075889707289958239 -0.011152680202605385 0.0079363804961495258 -0.017285941985493519 -0.029742801258673093 0.0063455411254823256 0.022644623335617693 -0.0014355417309208805 -0.067706308306544088 0.0012350248298264245 0.0049799277862959653 0.0099080697305915563 -0.027139983116462093 -0.0087307408358577067 0.0023674057157486396 0.0017972156552217978 0.013160560022465531 -0.0005605143255604032 -0.062146820811664359 0.018896837216095034 -0.028178810161052097 -0.027949962700638445 -0.060247593485836602 -0.055829015230310371 0.0069264109530946709 0.0099264737777411925 0.0058606179619415137 -0.0014056612702196222 -0.013611203059811016 -0.08077409244349433 0.026349322513084521 -0.0072022928186897227 -0.11484102630923533 0.0018229014739272712 -0.059363758616656527 -0.029504921788251714 -0.0091994657074625612 -0.024947859312879378 -0.004083963884187602 -0.059629601285465662 -0.06228573195991062 -0.013518714969637647 -0.031159659122884462 0.059340137101167083 0.006470173686994091 -0.0049746645895562998 0.0081523287534179534 -0.022938502702382534 -0.012234051978397142 0.0015690571940656672 0.036457700449973346 -0.005980989593021107 -0.10989504843292866 0.012075454546564996 0.0068738528512282447 -0.010375776803671155 -0.047735551171501474 6.1058509662751981e-05 -0.024622974489872083 -0.0019495220381940117 0.0058466461056753934 0.0018884875349765063 -0.018824015167608402 -0.078827583949659122 0.038885005616874836 0.012735101290227918 0.0037129970339771956 -0.0082876902776054442 -0.00077518262957467117 -0.015249122427593692 0.014779661533392271 -0.013565219027390928 -0.0018357552642390886 -0.015641143780187567 0.0059081279240688796 0.013649426062878292 -0.0024309917074416269 -0.035205779795069246 -0.017900477467451829 -0.00041559800669945825 -0.052558833293933273 0.015157525869121613 -0.044915324190015003 0.0024101228478941752 0.0013115948630089888 0.015879766014795089 0.0006051204704285324 0.0016502020308370351 -0.0073354729602998119
leaf_weight=379 283 20001 223 551 2450 53518 308 131 1413 379 1692 1590 2519 939 146 260 1912 172 1845 196 2196 102 146 313 35523 169 7083 179 1069 494 140 281 75326 257 282 2745 1629 132 6509 140 8847 129 1151 200 1701 149 599 22515 2291 1241 1003 24634 26742 598 2099 101 165 292 212 150 173 171 215 2253 8442 434 107 131 312 115 137 381 217 2105 230 3282 110 125 177 282 150 188 3499 1594 100 1407 37001 319 9941 169 2684 133 2796 214 4021 666 26717 10201 2226 3084 178 267 1709 1141 3380 5958 1050 1671 1282 18570 2333 7089 1002 256 313 947 236 447 293 141 772 2036 1101 1309 14273 4374
leaf_count=379 283 20001 223 551 2450 53518 308 131 1413 379 1692 1590 2519 939 146 260 1912 172 1845 196 2196 102 146 313 35523 169 7083 179 1069 494 140 281 75326 257 282 2745 1629 132 6509 140 8847 129 1151 200 1701 149 599 22515 2291 1241 1003 24634 26742 598 2099 101 165 292 212 150 173 171 215 2253 8442 434 107 131 312 115 137 381 217 2105 230 3282 110 125 177 282 150 188 3499 1594 100 1407 37001 319 9941 169 2684 133 2796 214 4021 666 26717 10201 2226 3084 178 267 1709 1141 3380 5958 1050 1671 1282 18570 2333 7089 1002 256 313 947 236 447 293 141 772 2036 1101 1309 14273 4374
internal_value=-0.00116621 -0.00104021 -0.00148988 -0.0181881 -0.00189873 -0.00350877 -0.00118752 0.000465486 -0.00461774 0.000414036 -0.00549896 -0.00606546 -0.00307455 -0.0100359 -0.00268736 0.00186806 -0.0152435 -0.00836786 -0.00378992 -0.0400348 -0.00923632 -0.0054694 -0.0130668 -0.012914 0.002683 -0.0398787 0.0101494 -0.00352739 -0.0179918 0.00256167 -0.00903612 0.000339791 -0.000278745 -0.0383569 -0.00366158 -0.00579401 -0.0107895 -0.0134632 -0.0111457 -0.0360209 -0.0148096 -0.00602465 -0.00157285 0.00224376 0.00798428 0.00312632 -0.0134575 0.00358018 -0.0028329 -0.0170861 0.00421895 -0.000202597 -0.000822881 0.0025248 -0.00335923 -0.0321531 -0.0264676 -0.0197838 -0.0465121 -0.0268108 -0.0243776 -0.0226583 -0.0168567 -0.00219191 -0.00380494 -0.0274591 -0.04245 -0.010971 -0.0262328 -0.0464932 -0.0555077 -0.0432089 -0.0012055 -0.00710593 0.000688186 -0.00140008 -0.0267339 -0.0189741 -0.0327614 0.00141493 0.00162577 -0.0161259 -0.00393022 0.00350848 0.00140243 -0.00788183 0.00180134 0.0222611 -0.00248856 -0.00558982 -0.00339399 -0.0549958 -0.0017714 -0.0280192 0.0048823 -0.00714697 -0.000409925 0.00229181 -0.00493054 -0.0146313 -0.0591216 0.0119636 0.00624436 -0.00548135 -0.00287514 -0.000705358 -0.00294146 0.018119 -0.003649 -0.00311242 -0.00777984 0.00751407 0.0174088 -0.00724185 -0.0211504 -0.0232315 -0.0132789 -0.0290437 -0.00278478 -0.0166919 -0.00971449 -0.000682898 0.000963247 0.00765535 0.000120303 -0.00435922
internal_weight=519078 515265 459741 3813 414367 126966 287401 42374 12371 155468 84592 79020 131933 6937 124996 24353 5998 3763 100643 342 25502 12587 4512 12915 55524 570 9602 14751 1248 30003 2640 155160 126983 1173 100301 35604 10674 9045 7703 422 11325 2478 1702 45374 5727 28177 748 27429 4914 1620 3294 126702 102068 5572 2302 203 1342 998 344 2235 2085 938 798 13503 11250 833 399 2808 572 916 633 518 8075 2236 21781 3880 583 473 302 39647 39177 470 5879 1811 39027 1607 37420 419 64697 12150 11634 516 52547 347 6705 10607 41940 15223 5022 4929 347 4026 2088 3591 11801 8421 7008 1938 24930 23648 5078 8222 1133 4068 569 2210 816 1394 670 377 7281 2165 21551 2410 19141 4868
internal_count=519078 515265 459741 3813 414367 126966 287401 42374 12371 155468 84592 79020 131933 6937 124996 24353 5998 3763 100643 342 25502 12587 4512 12915 55524 570 9602 14751 1248 30003 2640 155160 126983 1173 100301 35604 10674 9045 7703 422 11325 2478 1702 45374 5727 28177 748 27429 4914 1620 3294 126702 102068 5572 2302 203 1342 998 344 2235 2085 938 798 13503 11250 833 399 2808 572 916 633 518 8075 2236 21781 3880 583 473 302 39647 39177 470 5879 1811 39027 1607 37420 419 64697 12150 11634 516 52547 347 6705 10607 41940 15223 5022 4929 347 4026 2088 3591 11801 8421 7008 1938 24930 23648 5078 8222 1133 4068 569 2210 816 1394 670 377 7281 2165 21551 2410 19141 4868
cat_boundaries=0 2 4 6 8 10 11 13 14 16 17 18 20 21 23 25 27 29 31 32 34 35 36 37 39 40 42 44 46 47 49 50 52 54 56 58 60 62 63 64 65 66 68
cat_threshold=407109716 10 327155714 8192 1143511169 992 3828925441 9028 2048 512 32 9768 21505 524289 2685436928 8196 2 1024 33619970 2064 8404992 275370633 837 2147484672 4 67141761 576 74378 1 68190208 512 1081344 671088640 2560 2 8192 512 16384 64 50331648 41943040 1 134217728 4 0 16 606093312 3221258240 256 536870912 3221225472 324 1048576 4 69730305 288 3758096384 8448 32768 64 2 16 2 16384 33554432 1075845120 2097152 256
is_linear=0
shrinkage=0.03


Tree=58
num_leaves=127
num_cat=38
split_feature=0 33 5 5 26 11 5 5 0 5 27 0 5 5 8 0 5 25 5 27 2 5 5 27 5 0 26 27 25 25 0 27 5 5 25 0 25 25 0 25 25 5 0 0 5 5 0 25 27 27 11 5 25 22 5 27 0 5 26 27 5 0 27 5 5 0 0 30 27 5 25 5 11 25 24 23 0 23 25 25 5 0 25 25 12 0 0 25 5 25 5 27 23 4 4 27 27 0 0 0 5 4 25 5 29 0 5 0 25 5 27 5 27 22 25 0 25 0 25 0 12 25 27 0 5 0
split_gain=1224.15 838.636 734.757 733.19 403.307 464.299 730.443 504.369 520.52 482.318 481.563 2834.53 622.662 473.993 406.278 398.21 676.321 389.256 347.254 339.587 323.352 678.987 610.488 309.706 387.768 302.497 299.894 290.478 429.147 338.717 337.392 311.985 524.71 296.624 285.991 345.233 258.322 277.48 256.821 344.212 256.457 251.72 250.672 1065.44 240.841 237.692 232.605 232.464 300.948 218.475 213.744 372.96 538.997 294.473 203.36 366.626 201.714 194.76 216.049 223.032 228.435 192.518 191.481 402.538 204.414 335.653 293.241 280.501 185.725 883.248 236.911 188.695 183.83 182.415 181.431 180.989 185.137 233.688 180.959 386.087 354.211 364.397 219.889 188.781 180.684 180.153 177.524 173.616 169.011 355.494 168.725 167.979 674.877 262.625 253.872 165.041 164.51 169.127 376.693 162.84 422.315 342.094 316.921 162.09 158.586 157.418 290.026 161.333 251.311 157.088 330.078 155.096 154.281 152.598 152.284 699.195 455.212 423.594 237.946 226.259 210.747 207.102 197.022 151.994 466.538 597.274
threshold=1715.0000000000002 7.2500000000000009 0 1 0.14085485786199572 0.3903625756502152 2 3 325.00000000000006 4 0.086274277418851866 475.00000000000006 5 6 9.5000000000000018 110.00000000000001 7 99.000000000000014 8 0.1575826704502106 9 10 11 0.12835267186164859 12 17950.000000000004 0.14693511277437213 0.058846931904554374 99.000000000000014 96.500000000000014 225.00000000000003 0.064750330522656455 13 14 19.500000000000004 325.00000000000006 77.500000000000014 82.500000000000014 90.000000000000014 77.500000000000014 88.500000000000014 15 1225.0000000000002 1100.0000000000002 16 17 615.00000000000011 18.500000000000004 0.055219287052750594 0.059944719076156623 -0.32614396512508387 18 90.500000000000014 0.24155453592538836 19 0.10038758814334871 155.00000000000003 20 0.013495144899934532 0.089248880743980422 21 6250.0000000000009 0.05270845256745816 22 23 475.00000000000006 1225.0000000000002 0.25186137855052954 0.058047603815793998 24 77.500000000000014 25 -0.36647418141365046 3.5000000000000004 0.95265766978263866 0.05960375256836415 1560.0000000000002 0.07194120436906816 22.500000000000004 31.500000000000004 26 225.00000000000003 27.500000000000004 97.500000000000014 -0.099822327494621263 155.00000000000003 225.00000000000003 19.500000000000004 27 69.500000000000014 28 0.055219287052750594 0.056448934599757201 29 30 0.053263295441865928 0.056865874677896507 1410.0000000000002 1280.0000000000002 715.00000000000011 31 32 78.500000000000014 33 0.14372155070304873 950.00000000000011 34 1225.0000000000002 180.00000000000003 35 0.095947422087192549 36 0.055219287052750594 0.20725304633378985 69.500000000000014 950.00000000000011 64.500000000000014 850.00000000000011 106.00000000000001 1225.0000000000002 -0.89404255151748646 51.500000000000007 0.16352472454309466 950.00000000000011 37 325.00000000000006
decision_type=2 2 9 9 10 2 9 9 2 9 2 2 9 9 2 2 9 2 9 2 9 9 9 2 9 2 8 2 2 2 2 2 9 9 2 2 2 2 2 2 2 9 2 2 9 9 2 2 2 2 2 9 2 10 9 2 2 9 10 2 9 2 2 9 9 2 2 10 2 9 2 9 2 2 2 8 2 8 2 2 9 2 2 2 2 2 2 2 9 2 9 2 10 9 9 2 2 2 2 2 9 9 2 9 10 2 9 2 2 9 2 9 2 10 2 2 2 2 2 2 2 2 2 2 9 2
left_child=1 3 17 26 5 7 20 14 13 10 12 -12 113 15 -5 16 -9 19 -3 61 22 -22 34 24 47 44 -1 29 31 36 -30 33 85 49 35 95 45 90 -34 -40 42 -17 43 123 -4 -15 -14 -23 -49 -29 51 -27 -53 -52 55 99 -26 87 59 104 -61 -2 63 -6 66 91 -64 -68 69 70 72 -71 -11 -28 -56 -58 77 -77 -43 80 86 -82 -83 -81 -63 -33 -80 -8 89 -36 -38 -66 94 -94 -93 -7 -75 98 103 101 102 -13 -101 -98 111 109 -107 -108 -109 110 -89 112 -59 -10 115 121 120 118 -116 -118 -117 -57 -122 124 -16 -126
right_child=2 18 25 4 62 6 57 8 9 68 11 54 46 27 40 41 -18 -19 -20 -21 21 23 -24 -25 56 50 73 28 30 -31 -32 32 38 -35 88 -37 37 -39 39 -41 -42 78 -44 -45 -46 -47 -48 48 -50 -51 53 52 -54 -55 74 114 75 58 -60 60 -62 84 64 -65 65 -67 67 -69 -70 71 -72 -73 -74 96 -76 76 -78 -79 79 83 81 82 -84 -85 -86 -87 -88 105 -90 -91 -92 92 93 -95 -96 -97 97 -99 -100 100 -102 -103 -104 -105 -106 106 107 108 -110 -111 -112 -113 -114 -115 117 116 119 -119 -120 -121 122 -123 -124 -125 125 -127
leaf_value=0.0073474535186245039 -0.016013921823347363 0.0051976815673478701 -0.01759091387413203 -0.0012410576517503482 0.00029886069411331665 -0.0088499392885264122 0.0198372540007377 -0.050764399785548447 -0.0018761734064126497 -0.03818217495293208 -0.11953835487365723 0.016739528994821562 0.0081933408356784157 -0.00038382858180064142 0.012991690561043589 0.013336172600054453 -0.0041123056028170872 0.0032862871916869937 0.00050010796442337164 -0.083659735384740322 -0.025933199542158537 0.014564767362626595 0.0058589580975997729 0.0014431338611858103 -0.027913895904676911 -0.078542906575849364 0.031620716284428321 0.0045179715680008278 -0.002317983840631541 0.0020862561340961499 -0.04818228524220218 -0.046834137929256427 0.011026874522300322 0.0081247184606134202 -0.0089229015028394025 -0.066016776276861908 -0.011336092205109848 -0.010301353297824174 -0.0091835660140137301 0.0043929424839518269 0.014952137594380858 0.010142357105126443 0.0023494694158422594 -0.10193145018274133 0.0063640363243196796 -0.010588381291771061 0.0012408279443997408 -0.022373743781517692 -0.0026453606851158501 -0.0074642190892494692 0.001809689853072114 0.030870536649522703 -0.052201034777930796 -0.049922146097172139 -0.0070430387192713479 -0.026196925297330042 0.025890568565381203 0.0004202881631079224 -0.0011965087031531386 -0.033803836317552668 -7.623904614402057e-05 -0.064022923973339613 0.010429806676281499 0.012941897363278136 -0.00076672955108068235 -3.8755327519007138e-05 -0.0023052605269571003 -0.053467654267059898 0.0028235693293406621 0.0011551128327856005 -0.027292912522799091 0.016163181891934685 -0.0033312999203714516 -0.0020805976806413397 -0.00063390959872846708 -0.051910623510678607 0.01752708634061198 -0.012152222939176482 0.013349110396110196 0.0047249653145729079 -0.033797596967079985 -0.0010682738731746355 -0.030806291644299447 -0.0017815363056077882 -0.030042360130076606 -0.01858334814270754 -0.0066520424105399783 -0.0043772974931542879 -0.0040869503265265165 -0.055551873245754758 -0.032174407081036721 0.036692682802677151 -0.093663488674808199 -0.036818758671197022 -0.01186182132080219 -0.04520891741433359 0.0043993382150133526 -0.018572712366616253 0.059104961477360635 -0.0038252713828933567 0.0049241974704187829 -0.010095161288169424 -0.046949350279074882 -0.00085775813545390072 -0.024812553057596717 0.018411840143082774 0.0049094393097313827 -0.0026543335878580067 -0.040877330739708506 -0.00049392354390748443 -0.034910616107434463 -0.0098978354380105053 -0.0097685594281202819 -0.026619868268574782 -0.056875874761393976 -0.045850995803872745 -0.053146230277615933 -0.0036442424637166963 -0.017195109442970952 -0.010186311396576412 -0.009020939175993269 0.017344013623053114 -0.036189828224901882 -0.0024338909612164482 -0.0056551414712500987 -0.017715185349296423
leaf_weight=8564 267 23694 550 18159 6297 557 382 277 19030 156 185 508 11404 3016 782 1539 10015 176 35205 170 2059 580 4107 2773 742 131 174 2275 255 2370 332 262 981 3789 722 152 557 2830 5750 2374 455 1727 1991 109 1146 6489 6983 804 5138 3438 426 120 167 128 4356 112 113 3592 19798 175 6394 282 3256 3534 737 17530 1185 104 50797 1831 1095 1280 1031 11121 45363 134 185 9735 686 9558 745 1029 285 6917 287 907 953 3670 4550 184 1147 106 110 222 1030 140 13985 341 105 390 6009 2673 252 8475 472 1005 3280 1735 169 19138 348 7756 2130 226 189 170 439 8026 484 148 2589 760 264 3301 8889 6327
leaf_count=8564 267 23694 550 18159 6297 557 382 277 19030 156 185 508 11404 3016 782 1539 10015 176 35205 170 2059 580 4107 2773 742 131 174 2275 255 2370 332 262 981 3789 722 152 557 2830 5750 2374 455 1727 1991 109 1146 6489 6983 804 5138 3438 426 120 167 128 4356 112 113 3592 19798 175 6394 282 3256 3534 737 17530 1185 104 50797 1831 1095 1280 1031 11121 45363 134 185 9735 686 9558 745 1029 285 6917 287 907 953 3670 4550 184 1147 106 110 222 1030 140 13985 341 105 390 6009 2673 252 8475 472 1005 3280 1735 169 19138 348 7756 2130 226 189 170 439 8026 484 148 2589 760 264 3301 8889 6327
internal_value=-0.00110408 -0.000978256 -0.0179555 -0.00141261 -0.00179881 -0.00207937 -0.00380226 -0.00144108 -0.000915439 -1.77036e-06 -0.00115198 -0.00257465 0.00160352 -0.0030765 -0.00455631 -0.000507111 -0.00542603 -0.0375411 0.00239088 -0.0450529 -0.00750557 -0.009548 -0.00313298 -0.00786497 -0.00935026 -0.00909297 0.00232681 -0.00543171 -0.00303942 -0.0084034 -0.0282961 -0.00228835 -0.00591184 0.00162974 -0.00899022 -0.0251921 -0.0101742 -0.0160662 -0.00346128 -0.00521618 -0.00731294 0.0016527 -0.00778703 -0.00882697 -0.00147632 -0.00736233 0.00555011 -0.00354251 -0.00531808 -0.00268808 -0.0224612 -0.0386337 -0.0168941 -0.0102112 -0.00227551 -0.00460655 -0.0128068 -0.00207324 -0.00343149 -0.00558944 -0.00103133 -0.0371116 0.00132593 0.00485804 -0.000104369 -0.0014259 0.00562374 -0.00647143 0.00226118 -0.00303136 -0.017159 0.00736527 -0.00793982 0.00107013 -0.00119532 -0.0117142 -0.0121394 -0.0126973 0.000824615 2.6873e-05 -0.00873186 -0.0169681 -0.00753682 0.00199328 -0.0469661 -0.0247382 0.00171199 -0.00023055 -0.00648139 -0.0182425 -0.0256287 -0.0124553 -0.018319 -0.0558776 -0.00730292 -0.0162073 0.000912985 0.00236641 0.00268365 -0.000224167 0.00244585 -0.0058058 -0.0204807 0.00241727 -0.00773561 -0.00049253 0.00375723 0.000875996 -0.0060667 -0.00162849 -0.00701238 -0.00713578 -0.00336764 -0.00216682 -0.0078787 -0.0123709 -0.0181936 -0.00556303 -0.0284066 -0.0423505 -0.0134904 0.011728 -0.0115468 -0.00829587 -0.00950519 -0.0106637
internal_weight=519610 515760 3850 456861 414096 379985 102719 277266 237253 166750 110560 72917 37643 70503 40013 33731 10292 1182 58899 1006 32675 22263 10412 20204 17431 2668 42765 36772 20363 16409 587 19776 10274 9502 6305 849 14039 4534 9105 8124 21854 23439 21399 19408 1696 9505 18387 6522 5942 5713 972 418 287 554 72732 23013 10909 70044 40317 20519 6569 836 34111 9831 24280 19735 4545 1289 56190 5393 2282 3111 1187 34201 49719 10167 10054 9869 21900 20173 3698 2059 1314 16475 569 1169 1639 29727 5456 906 1704 2205 1468 332 1136 697 34027 22906 22565 9832 6651 3181 642 22460 13950 29345 6189 5184 1904 23156 4018 13478 5722 19256 13181 4482 3610 8699 673 587 3023 872 2853 19299 15998 15216
internal_count=519610 515760 3850 456861 414096 379985 102719 277266 237253 166750 110560 72917 37643 70503 40013 33731 10292 1182 58899 1006 32675 22263 10412 20204 17431 2668 42765 36772 20363 16409 587 19776 10274 9502 6305 849 14039 4534 9105 8124 21854 23439 21399 19408 1696 9505 18387 6522 5942 5713 972 418 287 554 72732 23013 10909 70044 40317 20519 6569 836 34111 9831 24280 19735 4545 1289 56190 5393 2282 3111 1187 34201 49719 10167 10054 9869 21900 20173 3698 2059 1314 16475 569 1169 1639 29727 5456 906 1704 2205 1468 332 1136 697 34027 22906 22565 9832 6651 3181 642 22460 13950 29345 6189 5184 1904 23156 4018 13478 5722 19256 13181 4482 3610 8699 673 587 3023 872 2853 19299 15998 15216
cat_boundaries=0 2 4 6 8 10 12 14 16 18 19 21 23 25 27 29 30 32 34 35 37 39 40 42 44 46 48 49 51 53 54 55 57 58 60 61 63 65 66
cat_threshold=327155714 8192 406847572 10 1184073731 11012 2150122529 64 1687191552 28084 67108864 19840 1174704256 18336 0 512 3238333558 27706 2 67239936 512 1073809411 2304 1073809409 10496 16908288 4112 16975874 2049 67403776 671088640 2560 2560 2048 1048576 1677754368 16 2150109696 16544 8192 42469376 528 33556480 9792 512 4608 16779264 1 1073745920 2 256 0 16 4 4 0 16 1 4 10 2621952 524288 32 17039528 1088 2147483648
is_linear=0
shrinkage=0.03


Tree=59
num_leaves=127
num_cat=31
split_feature=0 5 40 5 5 0 5 26 5 25 27 0 36 11 5 25 5 12 11 0 0 0 0 5 0 5 11 11 25 5 27 5 27 25 12 5 27 22 25 8 5 5 0 0 23 4 27 32 27 25 5 27 27 0 5 31 27 25 0 5 0 0 23 26 32 0 25 0 5 25 21 27 5 27 5 0 25 5 27 29 27 21 25 25 5 0 25 11 0 25 5 27 27 25 5 27 26 22 0 5 27 25 11 5 27 4 0 27 25 25 27 24 5 25 21 2 25 0 27 27 5 27 25 36 25 25
split_gain=1303.41 810.275 740.371 676.158 472.603 578.475 1684.35 980.659 480.02 397.014 352.536 337.935 333.441 394.144 336.257 319.745 319.248 313.183 277.224 262.471 235.467 290.874 374.922 376.336 229.738 207.877 196.753 346.436 218.537 192.712 741.557 530.15 236.666 299.926 384.314 246.358 227.134 190.787 193.488 186.93 629.526 417.28 392.591 652.382 519.577 459.167 326.495 356.918 310.993 247.553 200.159 191.926 190.503 190.35 374.702 352.787 225.688 278.177 574.64 241.436 730.734 1578.66 337.539 283.533 208.601 197.506 188.768 185.351 181.167 481.459 179.011 178.41 223.646 177.195 290.312 203.125 176.919 173.656 219.324 325.229 238.373 228.961 203.194 403.778 229.477 178.044 173.42 264.72 226.384 212.795 243.168 209.188 205.621 236.346 171.386 169.982 295.981 166.94 166.52 180.613 277.789 166.232 176.668 165.795 164.1 376.335 287.419 209.446 163.162 160.768 160.748 159.131 158.493 157.59 153.695 174.36 422.438 157.732 150.309 144.764 142.879 162.866 157.549 140.229 139.56 139.06
threshold=1715.0000000000002 0 35.95000076293946 1 2 180.00000000000003 3 0.046130226925015456 4 99.000000000000014 0.1575826704502106 17950.000000000004 6.3499999046325692 0.24372619390487674 5 59.500000000000007 6 0.15738975256681445 -0.92923668026924122 1560.0000000000002 155.00000000000003 90.000000000000014 61.500000000000007 7 61.500000000000007 8 0.77244481444358837 0.51297098398208629 38.500000000000007 9 0.086274277418851866 10 0.086274277418851866 69.500000000000014 -0.065537083894014345 11 0.16058247536420825 -1.026416480541229 27.500000000000004 9.5000000000000018 12 13 850.00000000000011 950.00000000000011 0.081555202603340163 14 0.076740767806768431 0.21307424455881122 0.08212983608245851 78.500000000000014 15 0.1321084722876549 0.10945477336645128 325.00000000000006 16 0.075082276016473784 0.098019190132617964 97.500000000000014 1280.0000000000002 17 950.00000000000011 850.00000000000011 0.12721397727727893 0.040561126545071609 0.12430509924888612 1280.0000000000002 83.500000000000014 155.00000000000003 18 26.500000000000004 0.050048705190420158 0.051913643255829818 19 0.07936600968241693 20 90.000000000000014 3.5000000000000004 21 0.055219287052750594 0.075850013643503203 0.064750330522656455 0.04543250426650048 89.500000000000014 155.00000000000003 22 90.000000000000014 26.500000000000004 0.23537775129079822 950.00000000000011 57.500000000000007 23 0.08212983608245851 0.053263295441865928 15.500000000000002 24 0.053855204954743392 0.012954398989677431 0.054679052904248245 45.000000000000007 25 0.055219287052750594 113.00000000000001 -0.75015330314636219 26 0.064750330522656455 27 615.00000000000011 0.059944719076156623 76.500000000000014 63.500000000000007 0.059944719076156623 0.96322333812713634 28 34.500000000000007 0.049239655956625945 29 36.500000000000007 325.00000000000006 0.14500886201858523 0.1321084722876549 30 0.14500886201858523 57.500000000000007 8.5500001907348651 72.500000000000014 82.500000000000014
decision_type=2 9 2 9 9 2 9 10 9 2 2 2 2 2 9 2 9 2 2 2 2 2 2 9 2 9 2 2 2 9 2 9 2 2 2 9 2 8 2 2 9 9 2 2 8 9 2 8 2 2 9 2 2 2 9 10 2 2 2 9 2 2 10 10 8 2 2 2 9 2 8 2 9 2 9 2 2 9 2 8 2 8 2 2 9 2 2 2 2 2 9 2 2 2 9 2 10 8 2 9 2 2 2 9 2 9 2 2 2 2 2 2 9 2 10 9 2 2 2 2 9 2 2 2 2 2
left_child=1 24 4 9 5 6 7 15 -8 10 94 25 13 14 118 67 -4 29 -13 39 21 22 23 -10 98 -5 27 28 -20 30 -15 36 33 -31 -35 -34 -32 -22 -39 41 48 42 45 -44 49 119 124 -48 -41 -45 51 52 104 55 -55 77 59 65 64 60 61 62 63 -56 -59 -58 -57 -3 69 -23 -61 72 -16 74 75 -47 -26 97 79 -79 81 -80 84 -84 -81 -86 87 -72 92 -88 -91 -92 -89 -94 -2 96 -76 -43 -1 100 -100 102 -50 -14 107 -106 -107 -42 -30 -87 -97 -49 -75 -71 115 116 -78 -116 -7 -6 122 -122 -113 -52 -46 -83
right_child=3 2 16 11 19 12 8 -9 20 -11 -12 18 103 17 71 -17 -18 -19 26 -21 37 68 -24 -25 76 -27 -28 -29 108 32 31 -33 35 34 -36 -37 -38 38 -40 40 50 53 43 44 46 73 47 111 101 -51 123 -53 -54 54 56 66 57 58 -60 70 -62 -63 -64 -65 -66 -67 -68 -69 -70 113 86 -73 -74 112 95 -77 114 78 80 82 -82 125 83 -85 85 109 89 88 -90 90 91 -93 93 -95 -96 110 -98 -99 99 -101 -102 -103 -104 -105 105 106 -108 -109 -110 -111 -112 120 -114 -115 117 -117 -118 -119 -120 -121 121 -123 -124 -125 -126 -127
leaf_value=0.021420436160266398 -0.022953468689306148 -0.064938649535179138 -0.0016275374412124989 -0.017239693651717562 0.0086628038456682821 -0.002761333114934619 -0.0068989793815236906 -0.010888836627113492 0.0061110258560602843 0.0031577494324427904 -0.083251211999842284 -0.067978863920036103 0.0044223181194823179 0.0015160788170261446 0.016007307553345004 -0.022150688065836824 0.0028040933044222471 0.00029324892686448612 0.017002792765600808 0.0072055033687237948 0.024079487734482978 -0.068928334189624324 0.0368324940732268 -0.027779929662342457 0.032597165122015832 0.0054135504422819711 0.013140004988014698 -0.075902135204523796 -0.050368387110485052 -0.0056189534206755546 -0.012527465768401504 -0.027970183407394621 0.025256858193303078 -0.066228796058687672 -0.001153385667671119 -0.00015644056113034752 0.0039075523724450782 0.014519399973451726 0.0010434527424836345 0.0050499578891902057 -0.011276176340337668 -0.004449692630734514 -0.065482140340303113 -0.070296630288080489 0.0095688376855105877 -0.018913043284450065 0.0081363530152660964 -0.013334971683206652 -0.0043483461347737515 -0.022857925615271869 -0.0060607250582157806 0.023559014175792082 -0.040150719726757711 0.036107292365049941 -0.016756868283490066 -0.022170423462436584 -0.0015764968984492496 -0.032920424150886814 -0.058035677562675199 0.019770216103799702 0.013553621382270339 -0.11666461535384805 -0.059172183653452143 0.0011144769812437866 -0.0055687682303802435 0.021689168191818001 0.0023753786054687941 -0.10560104461139944 -0.0016924072829153695 0.0019674073800563779 0.0046599847431081113 0.0024035998566143725 -0.011868337237957082 0.0059494080121560459 -0.015784524788166551 0.011694178172157173 -0.0050560762831189021 0.0039699393415427719 -0.014756756391137792 -0.0010918324089896623 -0.0097352277575452097 0.0078851226782320344 0.011883811254810479 -0.0099611440938434 -0.047969837665558512 -0.010830128748258542 0.0049409632194232197 -0.0027533990029388897 -0.0034376577916642764 0.0023733293810626575 -0.0011706173248977277 -0.011600275636801388 -0.0046750906062126155 -0.053566403011124863 -0.052310024931347718 0.0066105338790952671 -0.00043752826265151812 0.0022366828218729146 -0.028570069627064029 -0.012304136212108458 0.024579097909169106 -0.0118467995221777 0.00089061225643585697 0.00088401252505048897 0.01112995765939657 -0.0086420439695399573 -0.046385230741330552 -0.029260996489302336 -0.013199463311585741 -0.023205096596537623 -0.0067037607020326885 0.009681011964884384 -0.014290972072860661 -0.012214357372768474 0.016293066533476168 0.00258190642615821 0.019388673050472368 0.0037220026519265816 0.0053043163059425273 -0.027723649715195583 -0.0099044117740993004 0.00084535885109130588 -0.003607759235831742 -0.0017283782563999931 -0.016873716738623531 -0.0019848493567761645
leaf_weight=199 474 283 20407 522 3901 27150 15616 494 2214 183 177 113 17836 4039 303 107 51630 11060 138 2395 387 122 304 329 218 1144 149 101 160 3357 3979 1934 362 173 154 4320 934 1084 8253 6853 2954 4860 170 148 191 219 1774 2296 10830 300 34181 145 198 245 1474 1236 11553 267 210 475 1296 126 115 1743 3962 337 365 165 4670 947 1030 41960 1515 414 2372 1732 974 2142 619 1336 1836 3687 1101 2464 144 3475 12736 194 663 17831 7944 2212 124 316 362 1775 2161 10887 122 1480 315 1500 12454 35933 887 2485 195 726 316 1299 1509 894 2121 2758 2121 12282 1832 1559 2251 100 6479 1577 7809 8372 2871 1971
leaf_count=199 474 283 20407 522 3901 27150 15616 494 2214 183 177 113 17836 4039 303 107 51630 11060 138 2395 387 122 304 329 218 1144 149 101 160 3357 3979 1934 362 173 154 4320 934 1084 8253 6853 2954 4860 170 148 191 219 1774 2296 10830 300 34181 145 198 245 1474 1236 11553 267 210 475 1296 126 115 1743 3962 337 365 165 4670 947 1030 41960 1515 414 2372 1732 974 2142 619 1336 1836 3687 1101 2464 144 3475 12736 194 663 17831 7944 2212 124 316 362 1775 2161 10887 122 1480 315 1500 12454 35933 887 2485 195 726 316 1299 1509 894 2121 2758 2121 12282 1832 1559 2251 100 6479 1577 7809 8372 2871 1971
internal_value=-0.00114609 -0.00101635 -0.00126214 -0.0185595 -0.00174173 -0.000658072 -0.00399387 -0.0412779 -0.00291457 -0.0371846 -0.0448351 -0.0099423 0.000142299 -0.000853418 0.000338139 -0.0690011 0.00154884 -0.00372998 -0.0239783 -0.00267135 4.08066e-05 -0.00289545 0.00540231 0.00163202 0.00473924 -0.00176131 -0.0181516 -0.0246818 -0.0161466 -0.00604117 -0.00867053 -0.0146916 -0.00260568 -0.00829607 -0.0356786 0.00186702 -0.00938378 0.00346623 0.00260936 -0.0027767 -0.00392084 -0.00212276 -0.00468696 -0.00708785 -0.00667731 -0.0010805 -0.00607614 -0.00473102 -0.000605852 -0.0386513 -0.006011 -0.0105034 -0.011184 -0.00109891 -0.000115877 -0.00280277 -0.000259344 -0.00330809 -0.00971559 0.000771801 -0.00563989 -0.0128514 -0.0088919 -0.00707667 -0.007303 -0.000915306 -0.0165764 -0.0801166 -0.005676 -0.0105035 0.00147319 0.00200445 -0.0071934 -0.00395154 -0.00211688 0.00820853 0.00578649 -0.00218672 -0.00403564 -0.00662006 -0.000230046 0.00255129 -0.00893042 -0.0032132 -0.0121884 -0.015169 0.00127119 -0.00669244 -0.0157045 0.0017264 0.000263434 -0.00343975 -0.0285068 -0.0398298 -0.0366118 -0.00469915 -0.00846992 0.000172804 -0.00463321 -0.00734754 0.00949303 -0.00217012 -0.00154625 0.00205877 -0.0103872 -0.00579939 -0.0114046 -0.0148313 -0.0257726 -0.0142015 0.000492429 -0.00592932 -0.0110173 -0.00858994 0.00547335 0.00413209 0.0108661 0.0109699 -0.00214292 0.00774667 -0.004914 -0.00779058 -0.00223917 -0.0052072 -0.0152217 0.00444711
internal_weight=519234 515395 494293 3839 422256 194993 37733 1049 36684 1196 1013 2643 157260 103491 73179 555 72037 30312 977 227263 21068 11344 2847 2543 21102 1666 864 715 614 19252 10886 6847 8366 3684 327 4682 4913 9724 9337 224868 81780 143088 40813 24509 24339 16304 23891 20829 31637 448 50143 7590 7445 102275 64853 37422 64608 16329 4439 48279 4754 3458 3332 3217 4229 11890 1601 448 8497 3827 43525 43778 1818 12303 9768 1951 18986 35821 20074 11961 8113 6277 9819 3565 6254 4918 43050 2327 1297 40723 27987 10156 634 440 836 7817 4533 15747 2116 1917 437 24784 23284 53769 7247 3567 2680 3680 476 4774 3284 19055 2535 3705 18768 15088 2806 3680 29401 4001 16759 8056 8703 42553 3062 5658
internal_count=519234 515395 494293 3839 422256 194993 37733 1049 36684 1196 1013 2643 157260 103491 73179 555 72037 30312 977 227263 21068 11344 2847 2543 21102 1666 864 715 614 19252 10886 6847 8366 3684 327 4682 4913 9724 9337 224868 81780 143088 40813 24509 24339 16304 23891 20829 31637 448 50143 7590 7445 102275 64853 37422 64608 16329 4439 48279 4754 3458 3332 3217 4229 11890 1601 448 8497 3827 43525 43778 1818 12303 9768 1951 18986 35821 20074 11961 8113 6277 9819 3565 6254 4918 43050 2327 1297 40723 27987 10156 634 440 836 7817 4533 15747 2116 1917 437 24784 23284 53769 7247 3567 2680 3680 476 4774 3284 19055 2535 3705 18768 15088 2806 3680 29401 4001 16759 8056 8703 42553 3062 5658
cat_boundaries=0 2 4 6 8 10 12 14 15 17 19 21 22 24 26 27 28 29 31 32 33 34 36 38 40 41 43 45 46 48 49 51
cat_threshold=84 2 327155714 8192 499530370 5800 131072 4096 272630274 1536 348133376 1184 273400449 452 67113088 671088640 2560 360853504 640 293601280 128 2560 571572224 8452 1163265 260 4 2098208 32 524288 64 10368 131074 32768 1076363296 2112 8 16384 536870912 16385 58720256 16 2 406987394 128 2 1 256 4 81920 4
is_linear=0
shrinkage=0.03


Tree=60
num_leaves=127
num_cat=45
split_feature=0 48 5 21 5 5 11 5 5 13 5 0 25 27 5 0 11 27 5 25 29 5 5 0 8 5 2 5 25 0 5 2 25 0 27 5 24 5 5 21 48 5 0 27 29 25 11 5 31 5 0 5 5 2 5 5 0 25 25 25 5 27 0 26 5 5 21 0 5 5 25 0 5 5 27 5 0 27 0 5 25 5 25 32 25 5 0 44 29 26 22 25 25 27 25 27 25 44 25 27 0 48 27 44 5 2 27 0 5 5 0 25 25 11 28 27 27 5 5 5 31 21 2 30 25 0
split_gain=1119.32 793.197 676.842 615.64 511.09 437.77 433.849 959.682 604.799 615.006 438.773 391.871 362.341 338.589 293.574 279.444 281.136 328.285 257.452 539.981 250.233 228.424 216.93 216.869 215.043 213.627 499.134 211.196 208.663 409.241 205.737 253.878 232.496 203.754 276.872 230.171 212.027 209.558 194.836 194.132 190.44 187.371 186.508 184.078 183.305 173.2 189.917 171.333 204.736 164.095 163.595 210.036 176.691 221.813 231.884 211.709 254.233 451.013 182.099 161.125 161.002 156.112 153.757 201.907 148.599 143.999 143.628 137.242 414.509 385.17 279.898 231.057 446.486 287.059 207.629 199.64 319.056 288.647 270.808 677.296 347.803 279.878 218.18 210.422 188.442 183.386 266.879 177.247 157.556 173.544 143.91 139.046 136.115 133.944 132.408 130.11 453.823 363.381 251.283 129.202 291.024 207.886 324.354 132.803 128.566 181.11 223.167 126.695 193.186 164.912 143.37 397.047 501.19 316.652 149.878 185.513 131.287 125.514 122.032 119.328 114.707 113.887 133.551 131.058 111.001 374.58
threshold=1715.0000000000002 0.7500000298023225 0 0.090277068316936507 1 2 0.35846313834190374 3 4 39.500000000000007 5 90.000000000000014 99.000000000000014 0.1575826704502106 6 17950.000000000004 -0.34235668182373041 0.1575826704502106 7 90.500000000000014 0.052709037438035018 8 9 155.00000000000003 11.500000000000002 10 11 12 97.500000000000014 1225.0000000000002 13 14 14.500000000000002 325.00000000000006 0.059944719076156623 15 0.96213623881340038 16 17 0.057330211624503143 60.600000381469734 18 1560.0000000000002 0.086274277418851866 0.069317996501922621 77.500000000000014 -0.099819734692573533 19 0.054460195824503906 20 1255.0000000000002 21 22 23 24 25 950.00000000000011 64.500000000000014 27.500000000000004 40.500000000000007 26 0.058047603815793998 1410.0000000000002 0.087743796408176436 27 28 0.033949380740523345 325.00000000000006 29 30 18.500000000000004 550.00000000000011 31 32 0.095947422087192549 33 850.00000000000011 0.10038758814334871 850.00000000000011 34 85.500000000000014 35 75.500000000000014 0.24404924362897876 113.00000000000001 36 155.00000000000003 0.092500001192092909 0.11490825563669206 0.06366304308176042 -0.11594646796584128 19.500000000000004 18.500000000000004 0.056865874677896507 69.500000000000014 0.16058247536420825 37.500000000000007 0.10449999943375589 37.500000000000007 0.086274277418851866 850.00000000000011 0.35000000894069677 0.092709075659513487 0.11150000244379045 37 38 0.11368945986032487 325.00000000000006 39 40 950.00000000000011 84.500000000000014 92.000000000000014 -0.72696319222450245 0.13881665468215945 0.064750330522656455 0.08212983608245851 41 42 43 0.046168554574251182 0.070677299052476897 44 0.090211760252714171 103.50000000000001 155.00000000000003
decision_type=2 2 9 8 9 9 2 9 9 2 9 2 2 2 9 2 2 2 9 2 10 9 9 2 2 9 9 9 2 2 9 9 2 2 2 9 2 9 9 10 2 9 2 2 8 2 2 9 10 9 2 9 9 9 9 9 2 2 2 2 9 2 2 10 9 9 10 2 9 9 2 2 9 9 2 9 2 2 2 9 2 9 2 10 2 9 2 2 8 8 8 2 2 2 2 2 2 2 2 2 2 2 2 2 9 9 2 2 9 9 2 2 2 2 10 2 2 9 9 9 10 10 9 10 2 2
left_child=1 4 12 5 28 20 8 11 9 -5 38 14 13 64 59 22 18 21 -17 -20 23 -18 -4 65 49 26 -13 120 104 -30 31 32 43 37 35 -35 -36 61 -9 -22 124 -26 44 -6 -27 46 99 -41 121 107 52 -52 53 55 -55 56 58 -58 -38 -8 -25 118 66 -64 -2 -3 -29 68 70 74 -46 72 87 -73 -69 76 -75 82 79 80 -77 -81 -78 -84 -79 -70 -87 -71 -80 -90 -74 -72 -43 -67 -93 98 97 -97 -91 103 -101 102 -102 -34 105 -1 -107 108 -10 -109 111 114 113 -113 115 117 -114 -111 -32 -92 -7 122 -49 -124 -11 -126
right_child=2 3 15 6 30 27 7 10 24 40 -12 25 -14 -15 -16 16 17 -19 19 -21 39 -23 -24 60 41 42 -28 62 29 -31 33 -33 45 34 36 -37 50 -39 -40 47 -42 92 -44 -45 67 -47 -48 48 -50 -51 51 -53 -54 54 -56 -57 57 -59 -60 -61 -62 -63 63 -65 -66 93 -68 69 85 71 91 73 90 75 -76 78 77 84 88 81 -82 -83 83 -85 -86 86 -88 -89 89 95 119 94 -94 -95 -96 96 -98 -99 -100 100 101 -103 -104 -105 -106 106 -108 109 -110 110 -112 112 116 -115 -116 -117 -118 -119 -120 -121 -122 -123 123 -125 125 -127
leaf_value=0.020508047901772946 -0.022244324556922015 0.0063528229158473495 -0.016822269604526808 0.00027376628080849266 -0.025950916367138244 0.0058109769560611224 -0.054141311644844557 0.020191519136863702 -0.015952045857343999 -0.0083082101452363055 -0.0030209403293816341 0.0096036791030301473 0.0031263906134576616 -0.081510307237080165 -0.0015372687640289465 -0.075690541280640497 -0.006011240520832779 0.023507413492178234 0.031268715705149441 -0.055957246936229332 0.0054972216385877236 -0.05471668659381463 0.0055909441739151779 -0.017873809939828698 -0.0003362625789027829 0.0062434940267583278 -0.034234167811469408 0.013377635407552081 -0.0019406427534275049 -0.057723434394552506 -0.0074480330394087078 -0.00016076048726820685 0.0042426039493509695 0.012243378740558192 -0.0072756795186227534 0.0023592097532604667 -0.00696576398770793 0.00046519228484185395 0.0024905990818966861 -0.013222428644069167 -0.0039019145751431725 0.010988472689278675 0.0096198407922581265 0.0096123049758194429 -0.0039933259690061529 0.012248417768139569 0.0042250021584269151 0.0033637647771616679 0.0059384518158070018 -0.0020534204085735103 -0.0042983137820905059 0.025822279715954126 -0.0005911445869245472 0.012901347245326031 -0.005631854512614721 0.012138955969647145 -0.0009614140200478468 -0.050808786055016694 0.017977944081968591 -0.021714343651043282 -0.0047158909422507309 -0.0044550539694138171 0.001016078431563205 -0.051167794447392223 -0.050057144762705195 0.0022432040085492108 0.0020167249722605452 -0.0046353475188116479 0.0088454664567838553 -0.05205674600862973 -0.064521485265817385 0.023045827610199739 -0.022997622302418967 0.0074751206610056175 0.016794763867329903 -0.090287831549975953 -0.0051171332240489203 -0.007043823387922611 -0.036297594398260115 -0.024369191330251762 -0.030063874169093802 0.0062905821511778258 -0.02465104056977448 -0.0025274647486073021 0.0097884897497319441 0.0064354691011318469 -0.013901556162090682 -0.012529167320508168 0.016825771289526153 0.0057699069594051777 0.01929155956493335 -0.020985695714052243 0.0028275807880818902 -0.0092115975695451126 -0.041688210530022918 -0.0031604503999346665 0.0048887678797448148 -0.082885501954274673 -0.014781902557583385 -0.0073219547055770528 -0.036486707887132507 -0.023898832328828438 -0.095693601388864361 -0.037967185933792266 0.0037034980290369776 0.0072948075394584453 -0.027748769231672795 0.0056194643707468909 -0.0010281417188862144 -0.00024178005628417527 0.0020711246398715899 -0.080783899398344863 9.9740084652014128e-06 -0.02308953593488753 -0.017051444977820161 -0.003568140182059002 -0.036233981723528146 0.011736891390693071 -0.025530345719263454 0.0034690172248843633 0.015760384907343643 -0.0051047715287145922 -0.0045569369310534801 0.003890898389105744 -0.050106900177131007 0.00012838831661670259
leaf_weight=932 457 1332 565 24573 177 3435 336 577 803 20179 45366 337 176 174 268 124 248 192 103 165 4593 131 1185 1832 22569 856 746 1032 1228 130 781 2718 174 3226 3239 6196 385 7650 11926 1013 30732 2091 588 495 469 125 175 5459 3577 67107 352 502 34249 756 2917 3607 934 197 830 237 1580 5326 165 111 357 1447 32898 736 593 110 102 232 156 1256 908 186 1413 1862 209 710 163 425 1857 489 881 754 2519 1297 211 596 523 815 15247 2514 425 102 1161 103 5227 230 197 211 146 108 26903 6224 167 6625 19191 1497 14749 158 594 188 458 4121 105 1660 621 2265 1498 6558 6997 2163 139 2917
leaf_count=932 457 1332 565 24573 177 3435 336 577 803 20179 45366 337 176 174 268 124 248 192 103 165 4593 131 1185 1832 22569 856 746 1032 1228 130 781 2718 174 3226 3239 6196 385 7650 11926 1013 30732 2091 588 495 469 125 175 5459 3577 67107 352 502 34249 756 2917 3607 934 197 830 237 1580 5326 165 111 357 1447 32898 736 593 110 102 232 156 1256 908 186 1413 1862 209 710 163 425 1857 489 881 754 2519 1297 211 596 523 815 15247 2514 425 102 1161 103 5227 230 197 211 146 108 26903 6224 167 6625 19191 1497 14749 158 594 188 458 4121 105 1660 621 2265 1498 6558 6997 2163 139 2917
internal_value=-0.00111409 -0.000993415 -0.0171712 -0.00161309 0.00123913 0.000777128 -0.00218702 -0.00395902 -0.00151045 -0.00365992 -0.00164959 -0.00811619 -0.0362062 -0.043575 -0.0283165 -0.00882812 -0.0218308 -0.00837369 -0.0413618 -0.0216378 -0.00146948 -0.0245439 -0.00171494 -0.00595355 -0.000436008 -0.00757482 -0.0206336 0.00301907 0.00420892 -0.00731922 -0.000142404 -0.00617759 -0.0141581 0.000258428 0.00105856 0.00575989 0.000135015 -0.00293499 0.00332451 -0.000184108 -0.0054517 0.00146612 -0.00709666 0.000220565 -0.00743132 -0.0213302 -0.0247195 -0.00119699 -0.000698735 -0.00108342 0.000671803 0.0136685 0.000418525 0.00400704 -0.0017901 0.00758058 0.00054808 -0.00968115 0.0100747 -0.0400918 -0.0118501 -0.00679123 0.00218036 -0.0200799 -0.0353759 -0.00215096 0.00236266 -0.0078386 -0.0120177 -0.0068101 -0.0238233 -0.00788158 -0.00171292 -0.00945714 0.00716024 -0.00991377 -0.00635457 -0.00903659 -0.0129391 -0.0246746 -0.0605953 -0.0129385 -0.014435 -0.0200426 -0.001636 -0.00640456 -0.00918792 -0.0155438 -0.0106643 -0.00993554 0.00493623 -0.0309227 0.00381018 -0.00501486 -0.0281092 -0.0107232 -0.00238835 -0.0434253 -0.0126777 -0.0294707 -0.0357315 -0.0474917 -0.0618934 -0.0119999 0.00466776 0.008193 0.00636495 0.000214959 -0.00163678 0.00144282 0.000264174 -0.00277046 -0.020118 -0.0495924 -0.000424809 0.000623694 -0.00547838 0.00609491 -0.0157049 0.00652462 0.00881702 -0.00182038 -0.000346768 -0.0025591 -0.00750129 -0.00217217
internal_weight=519884 516007 3877 403899 112108 78204 325695 89992 235703 78540 57869 32123 1164 988 841 2713 963 571 392 268 39065 379 1750 8705 157163 31282 1083 39139 35584 1358 76524 4756 2038 71768 57390 9422 47968 14378 12503 30360 53967 39907 30199 672 29611 1366 1241 25767 24754 117256 44729 854 43875 9626 3673 5953 2346 1131 1215 573 3412 6728 34206 276 814 5293 33930 28755 5677 23078 1811 21434 4351 17083 1644 16851 7758 6502 9093 1484 349 1135 3759 2346 2743 3866 3273 1407 7609 7400 2944 1342 17338 3961 1240 7189 1366 205 5823 1066 784 554 343 282 34226 7323 6391 50149 19994 30155 23530 8781 1045 346 7736 7278 699 3157 1402 2788 4933 21177 14619 9160 23235 3056
internal_count=519884 516007 3877 403899 112108 78204 325695 89992 235703 78540 57869 32123 1164 988 841 2713 963 571 392 268 39065 379 1750 8705 157163 31282 1083 39139 35584 1358 76524 4756 2038 71768 57390 9422 47968 14378 12503 30360 53967 39907 30199 672 29611 1366 1241 25767 24754 117256 44729 854 43875 9626 3673 5953 2346 1131 1215 573 3412 6728 34206 276 814 5293 33930 28755 5677 23078 1811 21434 4351 17083 1644 16851 7758 6502 9093 1484 349 1135 3759 2346 2743 3866 3273 1407 7609 7400 2944 1342 17338 3961 1240 7189 1366 205 5823 1066 784 554 343 282 34226 7323 6391 50149 19994 30155 23530 8781 1045 346 7736 7278 699 3157 1402 2788 4933 21177 14619 9160 23235 3056
cat_boundaries=0 2 4 6 8 10 12 13 14 15 17 19 20 22 24 25 27 29 30 32 33 35 37 39 40 42 44 45 46 48 49 50 52 53 55 57 58 59 61 62 63 64 66 68 70 71
cat_threshold=327155714 8192 1124336758 29706 3221853355 30288 1188276742 8583 3257553953 30800 2418545848 17472 33562630 1048576 671612928 671088640 2560 131072 2 2 37765184 2 540672 64 4 2158207488 37 4334080 641 524304 675283598 1581 2147484673 151267550 554 135364608 512 138553856 785 4 4325376 16 139264 16 589858 58720256 589857 16384 33622530 67590 1073742336 385 512 1107296256 389 8388608 8192 67141632 75530240 20 16386 4 16777216 8222 264256 8 4194816 640 33587200 4 5
is_linear=0
shrinkage=0.03


Tree=61
num_leaves=127
num_cat=44
split_feature=0 5 48 5 36 5 5 0 25 25 27 12 0 5 5 5 0 27 27 5 5 5 0 5 29 25 27 40 5 44 36 5 0 5 2 5 5 5 0 27 44 5 21 27 22 0 0 25 5 0 5 27 22 24 0 5 8 5 27 25 0 5 27 5 26 25 12 5 25 25 2 0 5 25 27 0 27 25 0 27 5 0 25 5 27 0 21 5 0 5 0 27 2 5 25 27 5 5 0 26 0 21 0 2 25 25 25 25 0 48 0 5 48 5 0 5 5 0 5 0 27 5 2 0 20 6
split_gain=1069.23 698.44 667.928 645.142 536.025 600.187 484.562 404.721 384.744 343.767 322.631 314.346 294.299 460.436 312.07 266.826 240.91 208.4 299.061 382.31 248.741 245.971 205.465 204.841 204.505 226.353 228.941 231.396 197.379 191.672 188.834 187.549 389.398 403.813 212.82 910.573 420.065 343.838 182.408 325.951 244.884 169.477 190.402 199.204 162.491 193.657 176.684 293.48 186.288 160.998 164.115 261.731 158.207 157.383 155.669 204.214 155.347 263.662 154.185 140.879 139.313 273.748 208.596 154.503 138.166 143.681 149.344 134.186 434.342 284.354 268.061 187.309 473.849 249.228 240.311 144.438 151.38 222.676 140.179 134.067 461.188 146.943 134.052 133.05 143.945 450.162 173.093 142.461 137.542 186.376 164.635 132.95 169.018 372.045 302.112 226.763 297.57 163.821 392.337 132.493 155.087 132.055 173.886 166.495 360.075 129.94 128.796 168.806 128.251 127.524 127.085 200.41 125.985 124.629 124.289 709.542 197.287 123.262 222.239 142.346 148.683 122.769 550.25 573.892 121.737 119.495
threshold=1715.0000000000002 0 6.9500000476837167 1 4.2500000000000009 2 3 1280.0000000000002 93.500000000000014 99.000000000000014 0.1575826704502106 -0.9711191952228545 325.00000000000006 4 5 6 17950.000000000004 0.064750330522656455 0.058846931904554374 7 8 9 61.500000000000007 10 0.08521361276507379 38.500000000000007 0.15550526976585391 20.349999427795414 11 0.076499998569488539 10.650000095367433 12 71.500000000000014 13 14 15 16 17 225.00000000000003 0.061421869322657592 0.085500001907348647 18 0.113277904689312 0.051913643255829818 -0.40143011510372156 325.00000000000006 325.00000000000006 20.500000000000004 19 45.000000000000007 20 0.055219287052750594 0.037143684923648841 0.99116915464401256 110.00000000000001 21 8.5000000000000018 22 0.059944719076156623 3.5000000000000004 155.00000000000003 23 0.060448419302701957 24 0.23996973782777789 22.500000000000004 1.0000000180025095e-35 25 49.000000000000007 51.500000000000007 26 950.00000000000011 27 42.500000000000007 0.089248880743980422 1225.0000000000002 0.051913643255829818 58.500000000000007 155.00000000000003 0.051913643255829818 28 325.00000000000006 101.50000000000001 29 0.089248880743980422 550.00000000000011 0.047640370205044753 30 180.00000000000003 31 71.500000000000014 0.16058247536420825 32 33 34.500000000000007 0.055219287052750594 34 35 950.00000000000011 0.079892899841070189 155.00000000000003 0.049239655956625945 325.00000000000006 36 36.500000000000007 85.500000000000014 42.500000000000007 41.500000000000007 325.00000000000006 0.70000001788139354 90.000000000000014 37 2.5499999523162846 38 475.00000000000006 39 40 325.00000000000006 41 110.00000000000001 0.084925193339586272 42 43 325.00000000000006 30.500000000000004 1.0000000180025095e-35
decision_type=2 9 2 9 2 9 9 2 2 2 2 2 2 9 9 9 2 2 2 9 9 9 2 9 8 2 2 2 9 2 2 9 2 9 9 9 9 9 2 2 2 9 10 2 8 2 2 2 9 2 9 2 10 2 2 9 2 9 2 2 2 9 2 9 10 2 2 9 2 2 9 2 9 2 2 2 2 2 2 2 9 2 2 9 2 2 8 9 2 9 2 2 9 9 2 2 9 9 2 10 2 10 2 9 2 2 2 2 2 2 2 9 2 9 2 9 9 2 9 2 2 9 9 2 2 2
left_child=1 22 6 9 11 7 53 41 12 10 28 15 13 105 -14 -4 23 18 19 -15 -19 38 49 -5 -18 -26 27 82 -2 91 83 110 33 -33 37 -36 60 56 39 40 -20 44 52 -44 45 -6 48 -48 -46 -1 51 -51 64 121 -22 -56 57 -34 113 -24 61 62 -37 -62 65 -43 -67 79 70 -70 -69 72 74 -73 -72 76 -71 -78 -79 80 -68 -81 -27 84 88 -86 -87 -88 89 99 -91 92 93 -13 97 -96 106 98 -94 100 -7 103 -103 104 -61 109 107 -97 -59 -8 111 -31 -57 -16 115 -60 -117 118 -10 -120 -121 122 -3 -124 -38 -112
right_child=3 2 4 16 5 30 8 -9 117 -11 -12 29 14 17 58 -17 24 20 21 -21 54 -23 59 -25 25 26 -28 -29 -30 31 -32 32 34 -35 35 36 124 -39 -40 -41 -42 42 43 -45 46 -47 47 -49 -50 50 -52 -53 -54 -55 55 112 -58 108 114 101 63 -63 -64 -65 -66 66 67 68 69 75 71 73 -74 -75 -76 -77 77 78 -80 81 -82 -83 -84 -85 85 86 87 -89 -90 90 -92 -93 94 -95 95 96 -98 -99 -100 -101 -102 102 -104 -105 -106 -107 -108 -109 -110 -111 125 -113 -114 -115 -116 116 -118 -119 119 120 -122 -123 123 -125 -126 -127
leaf_value=0.021202775582895805 -0.019865152056865225 0.012037070818006052 -0.0040509305601301891 -0.016641057734592797 -0.0050832478929869994 -0.01539669228400677 0.0066350361322298239 0.017279448854384608 -0.040898665457793422 0.0032060930549632758 -0.079394777930060098 -0.02395582149796573 0.0058070005836781602 0.0035426277783557007 0.012250232023323504 0.0050311236900567645 0.016852210080251097 -0.022001601030438016 -0.021945603877494606 -0.015770510421210453 0.0024353999428434873 0.0031936370342510803 0.029916553757371799 0.0055514229517448065 0.0020649864531553058 -0.017637020722031594 -0.063754886959280291 0.01496880996117898 -0.050345648116315415 0.01876965851103438 0.0023042371690960416 0.031252623844359596 0.0071057254708662863 -0.03034648032825334 -0.05299805349031305 -0.057592051263366424 -0.041675808416136231 -0.00012815861144795749 -0.0026168479796663856 -0.0032143336545908821 -0.080679801254097475 0.0024613945093889793 0.0011378982286504317 -0.008807924116850897 0.0097058004007491566 0.022840628564163579 -0.03633185848536067 0.01479568389200029 -0.011747738431335236 -0.027540795822143554 -0.011914790789155446 0.02386762523933814 0.0015186002824340719 -0.0013458572474973059 0.002071281847284875 -0.011321497457774899 -0.0075127889002172491 -0.012585073551683595 -0.062936381425564458 -0.0041349096165683406 0.010886475626063099 -0.0020085407858374594 -0.0064718063961802502 -0.0010306791397468849 0.0037310498227748753 0.0087940490861814682 0.0088999858231594148 -0.010894575444460493 0.015385537967801963 -3.7193916470979545e-05 -0.047109271341521111 0.010150708025241711 -0.0064504825321932907 -0.043650866790838141 -0.10144445239372973 0.0090812222102974668 -0.0018170376541782169 0.0063645181701975015 -0.015188241545556182 -0.0044493981693586697 -0.03331147421678108 0.0028659080087436255 -0.055155563090962388 -0.0010433919070968079 -0.063513042253575153 -0.03941861069841044 0.0050849811166565236 -0.0028009199558054194 0.0036144659515224384 0.019082710959979991 -0.011032446172607454 -0.00019501796317349961 -0.060651426225414737 0.002075969384898593 -0.0439826285262825 -0.019630875111499132 -0.0012315706605911102 0.0086854719865177149 0.0020639340116006388 0.01828939333709502 0.0040977713267857895 0.015682404136600301 0.0024869056120060064 0.0023956672495884543 0.018496742514513834 0.034963875108514911 -0.012719518846630598 -0.059118711615012864 -0.0028567665426981383 -0.0008875366815568231 -0.0020725512509456932 -0.0014893569991789358 -0.032941803531220525 0.0033838992780839913 0.0012557564942514258 -0.01521036731822502 0.0047342326891503242 -0.0029800951637157878 -0.03006068765992919 -0.0076289950010300228 0.025723051905437413 -0.0050737951980740293 0.0097582621648384972 -0.062245069994376255 -0.0096308587451420218 -0.012232537271416492
leaf_weight=198 477 329 4784 541 1631 454 7293 836 202 179 171 577 24059 1492 1809 7404 115 905 157 2404 1689 10543 208 1153 200 185 174 108 380 663 30981 101 2021 827 365 167 107 20890 2403 399 108 2982 2304 8490 408 258 516 125 3020 124 1465 310 8205 18210 1051 1882 13460 1623 170 974 1185 1019 126 5394 2402 737 439 2332 646 2563 251 189 245 130 105 597 2499 295 3351 6124 481 4142 161 76599 104 104 2796 7757 19306 177 2000 2520 114 3089 191 573 2141 1122 409 438 1904 2171 1534 12314 1803 127 6052 117 4902 2809 61022 1265 278 6756 37450 618 1527 5759 224 1177 133 8484 146 311 9555 1059
leaf_count=198 477 329 4784 541 1631 454 7293 836 202 179 171 577 24059 1492 1809 7404 115 905 157 2404 1689 10543 208 1153 200 185 174 108 380 663 30981 101 2021 827 365 167 107 20890 2403 399 108 2982 2304 8490 408 258 516 125 3020 124 1465 310 8205 18210 1051 1882 13460 1623 170 974 1185 1019 126 5394 2402 737 439 2332 646 2563 251 189 245 130 105 597 2499 295 3351 6124 481 4142 161 76599 104 104 2796 7757 19306 177 2000 2520 114 3089 191 573 2141 1122 409 438 1904 2171 1534 12314 1803 127 6052 117 4902 2809 61022 1265 278 6756 37450 618 1527 5759 224 1177 133 8484 146 311 9555 1059
internal_value=-0.00102745 -0.000909952 -0.00113798 -0.0167889 -0.00183371 -0.000803417 0.000608722 -0.00342575 0.00147465 -0.0348589 -0.0418224 -0.00315729 0.00193956 -0.000383514 0.00301589 0.00146703 -0.00834414 -0.00271164 -0.00107921 -0.00840678 -0.00763815 0.00101885 0.00443391 -0.00160708 -0.0205204 -0.0257251 -0.0345647 -0.0232617 -0.0342417 -0.00355238 0.00023206 -0.00314915 -0.00432889 -0.0236061 -0.00403505 -0.00678105 -0.00578742 -0.00288564 -0.00644514 -0.0203718 -0.0460959 -0.00373874 -0.00316116 -0.00668506 -0.00851736 -0.00125933 -0.0119066 -0.0263541 -0.00919821 -0.00447409 -0.00716105 0.00894434 -0.00217934 -0.00296478 -0.00492641 -0.00881365 -0.00550192 -0.00234071 0.00162483 0.00541938 -0.000647529 -0.00957059 -0.0345309 0.00113213 -0.00317384 -0.00376401 -0.00450292 -0.00490508 -0.0069526 -0.00384647 -0.0164745 -0.0301457 -0.0403255 -0.0118426 -0.0616475 -0.00518316 -0.00616202 -0.00871619 -0.0134431 -0.00247954 -0.0134465 -0.00149792 -0.0352037 -0.000342986 0.00118808 -0.00169967 -0.00109054 -0.000709115 0.0024685 -0.00198018 -0.00853711 -0.00655156 -0.00766502 -0.00208064 -0.00956369 -0.0117168 -0.0110182 0.00225513 -0.011477 0.00314564 0.000339449 0.00514671 0.0102211 0.00390029 0.0105224 0.00491966 -0.0141027 -0.0264025 -0.00527003 0.0045434 -0.00201014 0.00557301 -0.014053 0.00527601 0.000838701 -0.00590568 -0.00106033 -0.00509345 -0.0120985 -0.00796357 -0.00422583 -0.0061477 -0.0174321 -0.0384316 -0.00997968 -0.00224606
internal_weight=519616 515772 494671 3844 353767 198923 140904 56303 113424 1207 1028 154844 105929 33540 72389 12188 2637 23311 17506 3896 5805 13610 21101 1694 943 828 628 454 857 142656 142620 125751 61742 928 60814 17918 17553 42896 3067 664 265 55467 49509 10794 5958 1889 4069 641 3428 2097 1899 434 38715 27480 4900 3211 22006 8546 48330 19004 7891 1312 293 6579 30510 28108 25126 24389 13203 9951 3252 920 601 319 356 9305 8708 6145 3646 11186 920 10266 346 111639 35040 10761 10657 10553 24279 4973 2177 16905 14385 3666 10719 9074 8883 1645 523 2796 2358 18796 3705 15091 2777 10229 6742 690 6525 10102 64009 1928 2160 8565 39765 2315 2145 7495 1736 1534 1310 9270 786 457 9662 62081
internal_count=519616 515772 494671 3844 353767 198923 140904 56303 113424 1207 1028 154844 105929 33540 72389 12188 2637 23311 17506 3896 5805 13610 21101 1694 943 828 628 454 857 142656 142620 125751 61742 928 60814 17918 17553 42896 3067 664 265 55467 49509 10794 5958 1889 4069 641 3428 2097 1899 434 38715 27480 4900 3211 22006 8546 48330 19004 7891 1312 293 6579 30510 28108 25126 24389 13203 9951 3252 920 601 319 356 9305 8708 6145 3646 11186 920 10266 346 111639 35040 10761 10657 10553 24279 4973 2177 16905 14385 3666 10719 9074 8883 1645 523 2796 2358 18796 3705 15091 2777 10229 6742 690 6525 10102 64009 1928 2160 8565 39765 2315 2145 7495 1736 1534 1310 9270 786 457 9662 62081
cat_boundaries=0 2 4 6 8 10 12 14 16 18 20 22 23 25 27 28 29 31 33 34 35 37 39 41 43 45 46 47 48 49 51 53 55 56 58 60 62 63 65 67 69 71 72 73 74
cat_threshold=84 2 327155714 8192 2184729769 2304 6864897 196 1182793856 18472 17180202 20481 2118296065 4581 268442658 1792 16908296 16 285346816 768 671088640 2560 58720256 2366935721 7596 524288 1 6 131072 1118308352 8273 313018368 8273 1057 1 16 2 13314 768 2623488 64 2048 16 35653632 16 34623624 10 524288 1048712 415377920 224 134220288 128 8398848 160 2 1073824256 16384 2173730816 4 1024 8192 4 67109512 8 3229679616 9248 8388608 1024 268503040 520 8388608 524288 9
is_linear=0
shrinkage=0.03


Tree=62
num_leaves=127
num_cat=41
split_feature=0 33 5 5 0 5 5 0 5 5 5 0 27 0 5 5 0 13 21 5 25 3 12 25 31 11 5 26 27 5 27 5 25 5 5 5 22 27 5 5 5 5 27 25 5 12 25 25 27 25 25 27 4 47 27 5 25 5 0 4 27 20 3 0 11 5 25 22 27 27 5 25 27 5 11 4 12 0 25 25 5 47 11 0 25 22 5 5 27 25 27 5 4 31 27 21 0 0 5 25 25 25 48 27 43 0 0 47 0 5 36 0 25 0 0 27 12 25 27 0 0 5 27 5 25 5
split_gain=846.976 727.104 593.026 570.053 352.816 992.933 848.606 494.945 658.419 426.394 420.1 1287.38 712.498 638.155 959.782 410.809 709.81 409.621 395.42 353.509 353.458 351.074 509.17 317.492 310.898 294.212 372.078 392.255 292.622 927.568 496.3 684.14 520.822 378.643 318.539 292.057 287.656 322.174 322.102 285.006 277.317 268.648 264.967 588.565 257.166 253.548 248.497 241.189 238.081 238.935 256.513 232.95 228.288 224.176 215.106 484.527 532.627 214.173 329.008 364.509 345.093 225.572 210.519 207.321 217.027 310.458 417.584 297.674 202.933 199.792 553.329 196.279 232.691 224.916 211.752 241.087 196.081 315.717 243.175 221.893 195.146 193.866 193.759 186.691 186.142 226.545 184.789 184.322 253.371 258.625 224.457 627.587 202.266 226.669 216.79 180.459 178.733 176.715 173.538 223.152 294.299 195.989 269.801 172.231 172.102 171.594 520.787 169.814 168.434 164.48 164.118 162.464 162.137 165.941 194.908 161.457 159.422 158.489 158.158 157.956 1262.81 1040.29 946.935 359.289 371.401 275.256
threshold=1715.0000000000002 7.849999427795411 0 1 325.00000000000006 2 3 155.00000000000003 4 5 6 950.00000000000011 0.058846931904554374 615.00000000000011 7 8 950.00000000000011 40.500000000000007 0.081383712589740767 9 17.500000000000004 10 -0.42958799004554743 99.000000000000014 0.065425857901573195 0.24372619390487674 11 0.1366594657301903 0.058846931904554374 12 0.064750330522656455 13 85.500000000000014 14 15 16 -0.04046273045241832 0.051913643255829818 17 18 19 20 0.089248880743980422 38.500000000000007 21 0.46611291170120245 120.50000000000001 23.500000000000004 0.049178216606378562 81.500000000000014 110.00000000000001 0.1575826704502106 22 37.065000534057624 0.058047603815793998 23 140.50000000000003 24 950.00000000000011 25 0.095947422087192549 42.500000000000007 26 17950.000000000004 -0.32614396512508387 27 90.500000000000014 0.24155453592538836 0.07936600968241693 0.16058247536420825 28 26.500000000000004 0.059944719076156623 29 0.58481550216674816 30 0.49626980721950537 90.000000000000014 69.500000000000014 114.50000000000001 31 14.450000286102297 -0.57078385353088368 225.00000000000003 21.500000000000004 -0.050920834764838212 32 33 0.061421869322657592 40.500000000000007 0.053855204954743392 34 35 0.053237415850162513 0.056865874677896507 0.066236898303031935 155.00000000000003 1560.0000000000002 36 16.500000000000004 47.500000000000007 87.500000000000014 17.750000000000004 0.07936600968241693 3.2549999952316289 1410.0000000000002 1280.0000000000002 7.7949998378753671 155.00000000000003 37 9.1500000953674334 155.00000000000003 3.5000000000000004 61.500000000000007 45.000000000000007 0.053263295441865928 1.0000000180025095e-35 103.50000000000001 0.053855204954743392 950.00000000000011 850.00000000000011 38 0.095947422087192549 39 61.500000000000007 40
decision_type=2 2 9 9 2 9 9 2 9 9 9 2 2 2 9 9 2 2 8 9 2 1 2 2 10 2 9 10 2 9 2 9 2 9 9 9 10 2 9 9 9 9 2 2 9 2 2 2 2 2 2 2 9 2 2 9 2 9 2 9 2 2 1 2 2 9 2 10 2 2 9 2 2 9 2 9 2 2 2 2 9 2 2 2 2 10 9 9 2 2 2 9 9 10 2 8 2 2 9 2 2 2 2 2 2 2 2 2 2 9 2 2 2 2 2 2 2 2 2 2 2 9 2 9 2 9
left_child=1 2 52 23 5 7 10 8 17 -8 11 12 20 14 39 16 -15 -4 19 -7 115 22 -14 51 36 119 27 57 29 -20 32 -32 33 45 96 116 37 38 -16 -12 -3 71 84 -44 48 -30 53 -37 -31 80 111 -2 68 -34 55 56 -43 -27 59 -59 -60 -62 -47 86 65 -65 -67 -66 -1 -56 -71 72 -11 -73 -74 -76 77 -46 118 -78 -50 -57 -22 108 -24 -86 -5 -49 89 90 -89 -92 94 -94 -91 -96 -33 110 -39 -100 109 102 -102 -98 -93 106 112 -40 -52 -101 -75 -51 -54 114 -114 -6 -9 -41 -79 120 121 -17 -122 124 -121 -123
right_child=3 40 4 63 6 18 9 35 -10 41 13 -13 21 15 24 25 -18 -19 28 -21 82 -23 42 -25 -26 26 -28 -29 30 44 31 34 46 -35 -36 47 -38 98 107 117 -42 54 43 -45 76 62 -48 87 49 50 83 -53 105 -55 69 81 -58 58 60 -61 61 -63 -64 64 67 66 -68 -69 -70 70 -72 73 74 97 75 -77 79 78 -80 -81 -82 -83 -84 -85 85 -87 -88 88 -90 92 91 104 93 -95 95 -97 103 -99 99 100 101 -103 -104 -105 -106 -107 -108 -109 -110 -111 -112 -113 113 -115 -116 -117 -118 -119 -120 123 122 125 -124 -125 -126 -127
leaf_value=0.011129472270037338 -0.033191207382164425 -0.0007264107614336822 -0.01323733666403727 -0.015515158792201285 -0.063241062679806628 0.01046467359297782 0.034398536946590959 0.0011181739470247764 -0.0026629978309362281 0.012498129412382038 0.017851764120095273 0.022047069467074049 -0.086995291431988669 -0.088061898929972043 0.020536882786213285 -0.013443931760331991 0.00049878463731147351 -0.074164093820212398 -0.00077630187763020188 -0.0022687675924454387 -0.026243742596179575 0.0044940941302206204 -0.040661491408146629 0.0029044114370994707 -0.015718460795400097 -0.010046810116381477 -0.0033459320051854743 0.0039655204584861077 -0.0032567154952774999 0.0052242615468846678 -0.021980065369966887 0.0090958461154776096 -0.017065001222715516 0.0052346303467819882 -0.0076898968766432535 0.0083245606429587574 0.0090137650542097391 0.0043763063301165972 -0.036760987321496609 0.0045286224886702869 0.0042721244846611077 -0.025048023741789539 -0.017891976738969487 -0.099647090885189027 -0.04285551415542873 -0.054106331868596105 -0.055657537002926284 0.0050239959713773898 0.0007904279217381576 -0.044339804544295716 0.0098804811469699588 -0.072789679242780903 0.028800136343190806 0.029687027233366917 0.0043892945941542173 0.0077835748262226551 0.015383172476338962 -0.089389887201804213 0.020440452976080662 -0.02556814169620766 -0.063209230021408228 -0.017127693702453088 -0.010151377470842014 -0.070727080752452209 0.0062279211426919581 0.029686522415253967 -0.044486778840164228 -0.045393887859853835 -0.0012550855691727994 -0.058430306526363912 0.0016646308723133733 0.0063724287242279591 -0.0065215186546549991 -0.00086078077490158768 0.0045798763431181494 -0.040930983302097358 -0.0090679544625232103 -0.016921382693305901 -0.031754985995533155 -0.046398112286587016 -0.0093350625669045249 -0.0048386743545066561 -0.0044459689986980329 0.021706028780194394 -0.0042342221215806441 -0.049473302941168508 0.0056480649860853214 -0.0034158915157791775 0.00907192797636934 0.0066093341775540137 -0.00054678170646507024 -0.069752591487561022 -0.011545537782709319 0.0054875849640074878 -0.024294419326851172 -0.00079588791052970004 0.0023553302018484473 0.011557449626449343 -0.038780267464448209 0.013677047509198357 1.348994515351353e-05 0.021041897558446588 -0.016093399456856072 -0.010098856502071993 -0.033037572503134674 -0.016466538571595791 0.056333022479088071 -0.01355315143598985 -0.019022027604538479 -0.003512837539145853 0.0023836012909742911 -0.019430971562359119 0.019889840154629673 0.001520415643999611 -0.011885493491760671 -0.015201926496977519 0.018284723479069682 0.017657354484706105 -0.0031928423507380367 -0.0090077275546407674 -0.10874952414971693 -0.00047497520733183425 -0.022486240838381594 -0.0001654855295221455 0.0048434208117597048 0.01169574469755133
leaf_weight=4172 799 14575 208 532 147 2205 322 682 11666 487 2519 978 162 141 213 5087 191 190 12262 17131 406 210 340 186 1510 8778 25172 1616 3300 1078 2345 1705 1082 9940 11275 4895 2040 3567 348 6574 31748 1310 179 142 444 167 137 6568 2180 270 256 161 190 100 26662 2796 377 122 207 237 106 917 237 133 421 112 172 131 1666 161 700 4752 2885 97984 148 356 4594 2931 776 147 8069 1799 3744 197 508 123 1164 1452 1898 4184 609 185 2289 1014 381 1279 2613 1123 160 1155 1634 202 2190 1617 311 486 154 1534 618 876 16377 1856 196 35816 1475 111 1702 946 1018 8761 170 4188 349 43383 2174 2776
leaf_count=4172 799 14575 208 532 147 2205 322 682 11666 487 2519 978 162 141 213 5087 191 190 12262 17131 406 210 340 186 1510 8778 25172 1616 3300 1078 2345 1705 1082 9940 11275 4895 2040 3567 348 6574 31748 1310 179 142 444 167 137 6568 2180 270 256 161 190 100 26662 2796 377 122 207 237 106 917 237 133 421 112 172 131 1666 161 700 4752 2885 97984 148 356 4594 2931 776 147 8069 1799 3744 197 508 123 1164 1452 1898 4184 609 185 2289 1014 381 1279 2613 1123 160 1155 1634 202 2190 1617 311 486 154 1534 618 876 16377 1856 196 35816 1475 111 1702 946 1018 8761 170 4188 349 43383 2174 2776
internal_value=-0.000989706 -0.000885554 -0.00123946 -0.0150787 -0.00158308 -0.00288488 -0.00100943 0.00108339 -0.00398075 0.000486846 -0.00273886 -0.00986647 -0.0150257 -0.00235105 0.00190642 -0.00339013 -0.0361779 -0.0413984 -0.0046161 -0.000811992 -0.00870802 -0.0317463 -0.0369799 -0.0326722 -0.00279195 -0.00328137 -0.00542214 -0.00977191 -0.00564962 -0.00751474 -0.00366665 -0.00681319 0.00044572 0.00218641 -0.00472991 0.00330957 -0.00139059 -0.00317796 -0.0138518 0.00912061 0.00270018 0.000415308 -0.0306462 -0.0542549 -0.0108914 -0.00599093 -0.0175483 0.00235065 -0.0083313 -0.00942459 -0.0165844 -0.039901 0.00206938 -0.0130879 0.00278576 -0.0022222 -0.0159147 -0.0119229 -0.022072 -0.0474449 -0.0148132 -0.0219596 -0.0284096 -0.00735366 -0.0184434 -0.034752 -0.0147174 -0.00608284 0.00759566 0.00392985 -0.0102859 -0.000230533 -0.00687438 -1.63222e-05 -0.00966108 -0.0275841 -0.0146301 -0.0186869 -0.0164072 -0.010235 -0.0071898 0.00283566 -0.00658428 -0.00460593 -0.0227937 -0.0131169 -0.00105377 0.000901687 -0.00109197 -0.00274178 -0.0111744 -0.0213569 -0.000383529 -0.0063164 0.00297021 -0.0062006 0.00089714 -0.000279791 -0.000891234 -0.00391444 -0.00299365 -0.00768986 -0.0092127 -0.00240679 -0.0459205 0.00122776 0.0014555 -0.0177674 -0.0105547 0.00631474 -0.000396154 -0.0226137 0.00122971 0.0010892 -0.00814874 -0.0427116 0.0133205 0.00617411 -0.0133841 -0.00209263 -0.00512305 -0.00314766 -0.0508968 -0.00139127 -0.00624806 0.00438733
internal_weight=519484 515673 469350 3811 425195 130063 295132 39513 12064 158239 136893 7050 6072 129843 25468 104375 332 398 90550 19336 4408 1664 1454 1146 15429 104043 37155 11983 71214 36696 34518 19555 14963 13644 17210 27449 13919 11879 2095 10039 46323 157917 1292 321 24434 3704 1319 25065 14524 13446 3197 960 44155 1182 33805 6282 1687 10367 1589 359 1230 1023 404 2665 969 417 284 552 5838 27523 861 124112 3876 120236 3389 504 9910 5169 4725 4741 10249 4595 4150 1071 971 631 1696 20170 13602 11704 2557 1105 9147 3303 5844 1660 5935 115484 9784 6217 6057 4026 3824 4230 496 38317 37831 1882 874 2031 114361 2126 37677 37487 1671 258 2384 7520 3949 66888 12570 12051 519 54318 10935 6964
internal_count=519484 515673 469350 3811 425195 130063 295132 39513 12064 158239 136893 7050 6072 129843 25468 104375 332 398 90550 19336 4408 1664 1454 1146 15429 104043 37155 11983 71214 36696 34518 19555 14963 13644 17210 27449 13919 11879 2095 10039 46323 157917 1292 321 24434 3704 1319 25065 14524 13446 3197 960 44155 1182 33805 6282 1687 10367 1589 359 1230 1023 404 2665 969 417 284 552 5838 27523 861 124112 3876 120236 3389 504 9910 5169 4725 4741 10249 4595 4150 1071 971 631 1696 20170 13602 11704 2557 1105 9147 3303 5844 1660 5935 115484 9784 6217 6057 4026 3824 4230 496 38317 37831 1882 874 2031 114361 2126 37677 37487 1671 258 2384 7520 3949 66888 12570 12051 519 54318 10935 6964
cat_boundaries=0 2 4 6 8 10 11 12 14 15 17 18 20 22 24 26 28 30 31 33 35 37 39 40 41 42 43 44 45 46 47 48 50 52 54 55 56 58 59 60 62 64
cat_threshold=406847572 10 327155714 8192 1143771265 736 3829187585 9028 0 512 32 524289 2685699072 8196 1024 41945088 4097 2 70287360 512 8408096 17664 25313280 4112 25234434 2304 33620994 2305 67403776 64 2097152 2147484672 4 1548407425 452 25296896 23728 131592 6160 2 512 3178496 1 2 1048576 8192 131072 1 0 2048 671088640 2560 128 544 1073745920 1 67108864 512 1075838976 606093312 3221258240 256 1081344 8704
is_linear=0
shrinkage=0.03


Tree=63
num_leaves=127
num_cat=43
split_feature=0 5 5 46 0 25 12 5 48 5 26 27 5 0 5 5 5 0 0 0 23 25 20 25 25 25 4 27 25 2 5 5 2 25 11 5 5 0 5 27 25 0 0 2 5 2 25 11 25 4 5 25 27 5 27 5 0 0 39 20 0 25 25 27 12 0 25 27 27 0 5 0 27 20 0 25 25 21 25 0 5 5 44 2 5 0 25 0 0 5 5 5 0 25 25 5 0 5 0 5 20 5 5 0 23 27 5 4 27 25 20 25 0 5 0 5 5 27 27 5 27 5 26 25 25 27
split_gain=1060.07 645.173 606.166 579.26 431.362 918.878 362.361 343.195 321.564 401.6 272.255 253.123 251.226 243.367 320.53 241.843 215.518 270.758 214.235 442.872 206.947 208.971 269.628 212.722 350.742 202.731 195.227 220.068 187.048 279.315 800.453 629.274 347.627 349.989 331.053 293.69 213.1 323.908 256.233 252.121 197.462 358.146 599.884 183.725 388.66 182.883 265.318 348.244 226.136 239.322 180.266 190.266 171.856 168.037 167.101 224.908 166.153 234.603 175.238 223.358 165.086 165.036 183.904 161.987 378.178 160.856 159.533 152.584 155.137 152.326 149.343 170.036 147.363 144.193 143.932 426.001 316.936 161.35 141.227 141.032 241.516 136.419 241.761 135.065 134.37 133.348 132.686 130.821 214.488 228.344 176.499 158.999 157.755 130.628 129.821 176.321 290.219 127.926 349.882 688.461 284.231 142.342 135.268 200.564 165.302 158.822 279.767 157.861 134.358 178.571 124.935 124.572 124.38 828.566 306.033 431.206 361.596 336.129 305.034 295.059 375.562 250.754 219.015 210.797 201.194 201.016
threshold=1715.0000000000002 0 1 7.1928570270538339 1840.0000000000002 82.500000000000014 0.91852787137031566 2 13.449999809265138 3 0.14085485786199572 0.058846931904554374 4 17950.000000000004 5 6 7 1560.0000000000002 1410.0000000000002 1280.0000000000002 0.064333807677030577 107.50000000000001 105.50000000000001 50.500000000000007 80.500000000000014 3.5000000000000004 8 0.07936600968241693 85.500000000000014 9 10 11 12 27.500000000000004 0.2603727281093598 13 14 155.00000000000003 15 0.055219287052750594 60.500000000000007 850.00000000000011 950.00000000000011 16 17 18 59.500000000000007 -0.46038399636745447 52.500000000000007 19 20 64.500000000000014 0.059944719076156623 21 0.10945477336645128 22 1225.0000000000002 950.00000000000011 7.6000013351440439 68.500000000000014 1560.0000000000002 86.500000000000014 76.500000000000014 0.055219287052750594 0.020426410250365738 135.00000000000003 10.500000000000002 0.10945477336645128 0.1045757830142975 850.00000000000011 23 1280.0000000000002 0.10945477336645128 34.500000000000007 325.00000000000006 20.500000000000004 71.500000000000014 0.11234498769044877 69.500000000000014 135.00000000000003 24 25 0.049499999731779105 26 27 1280.0000000000002 78.500000000000014 325.00000000000006 425.00000000000006 28 29 30 1225.0000000000002 83.500000000000014 88.500000000000014 31 225.00000000000003 32 1280.0000000000002 33 67.500000000000014 34 35 225.00000000000003 0.12977331131696704 0.051913643255829818 36 37 0.055219287052750594 38.500000000000007 56.500000000000007 68.500000000000014 1100.0000000000002 38 850.00000000000011 39 40 0.089248880743980422 0.092709075659513487 41 0.11874964460730554 42 0.0068774346727877864 62.500000000000007 61.500000000000007 0.092709075659513487
decision_type=2 9 9 2 2 2 2 9 2 9 10 2 9 2 9 9 9 2 2 2 8 2 2 2 2 2 9 2 2 9 9 9 9 2 2 9 9 2 9 2 2 2 2 9 9 9 2 2 2 9 9 2 2 9 2 9 2 2 2 2 2 2 2 2 2 2 2 2 2 2 9 2 2 2 2 2 2 8 2 2 9 9 2 9 9 2 2 2 2 9 9 9 2 2 2 9 2 9 2 9 2 9 9 2 10 2 9 9 2 2 2 2 2 9 2 9 9 2 2 9 2 9 8 2 2 2
left_child=1 18 -2 6 5 -4 8 73 9 11 16 15 45 14 -6 -3 112 28 19 25 -15 22 23 -22 -25 -1 27 63 29 30 -18 32 34 -34 -31 -32 37 38 -33 -40 41 -39 -43 44 -28 46 48 -48 49 -5 78 -52 -13 -44 55 -38 57 58 59 -53 -20 62 -45 64 -27 -30 -65 68 94 -36 -14 87 86 -8 76 -76 -75 -78 -42 80 -9 82 -56 -77 -12 -54 -59 90 91 92 -72 -89 -90 -88 -67 -96 -97 100 -99 -100 101 111 103 108 105 106 107 -105 -102 -110 -57 -81 114 119 116 122 118 -118 -10 120 -114 -119 -116 125 -117 -124
right_child=2 3 4 12 13 -7 7 79 10 -11 84 52 70 20 -16 -17 17 -19 60 -21 21 -23 -24 24 -26 26 43 -29 65 31 35 36 33 -35 69 -37 54 40 39 -41 50 42 53 61 -46 -47 47 -49 -50 -51 51 56 85 -55 81 110 -58 72 -60 -61 -62 -63 -64 66 -66 67 -68 -69 -70 -71 71 -73 -74 74 75 83 77 -79 -80 97 -82 -83 -84 -85 -86 -87 93 88 89 -91 -92 -93 -94 -95 95 96 -98 98 99 -101 102 -103 -104 104 -106 -107 -108 -109 109 -111 -112 -113 113 -115 115 124 117 121 -120 -121 -122 -123 123 -125 -126 -127
leaf_value=0.028993702311498615 -0.050965602908203067 -0.014837080158643233 0.011935578130989928 -0.00052870381662720124 -0.021106502232105973 -0.10692108043602534 -0.038406238542428237 -0.034935389513432578 -0.0048452047564665219 -0.0023969533822060293 0.0059697214339979729 0.0066967181703470064 0.004627248187375279 0.015628479003245311 0.0042151851135929907 0.0011095000388226302 0.0078806470248049768 0.0084510941369685001 -0.028869172535967408 0.054738335317494918 -0.015494212787956121 -0.057554236604321379 0.010969913735910875 -0.090162947454622819 -0.017428924804123547 -0.035602906101861516 0.017668016624723757 -0.0016053085486143616 0.01126231942166399 0.0021380070861766747 -0.01115294957149535 -0.004665575498072172 -0.061442385162731442 -0.020979413627191849 -0.041550441361818603 -0.0030628873424131528 -0.0057749785444645802 0.014298004592025234 -0.037716126214941484 -0.0052866949573631434 -0.0051664953129470495 -0.053147898197782283 -0.016992842238958358 0.0011127342740435231 0.0021559170522102667 -0.00073436701612750437 -0.0096197327085711225 -0.069769441761697318 0.010575170972334234 -0.040610572749393163 0.0037138314186035224 -0.045844182093275058 0.0011440660990825653 0.0048407675641771557 -0.040514803729916518 -0.017508426085311963 0.0045735270182713584 -0.0021174613877186863 0.0088825343594670734 -0.0047562660934334549 0.0057504314409855461 0.0075181671190665249 -0.0049037720887122856 -0.01783514324072245 0.0092984037899292177 -0.0084857165201548384 0.019175674603377851 0.0010874523662164754 -0.031211786183393413 -0.016573227210949559 -0.0074849540676345553 0.019864992826984829 -0.046673527182791177 -0.0034974756044495346 -0.034370058667167872 0.0065587161879135901 -0.0052512334987821433 -0.025119724562831174 0.0054432101906511949 -0.012503713840870475 -0.0028790047052572069 -7.0614196145058514e-05 -0.0056911660600440757 -0.0043383435770749006 -0.00047908633024544393 0.016350579903122376 -0.038434978387315952 0.020250497964510769 0.011378356913123121 -0.00063992059651998541 0.0026890023434281182 0.0051711404956829177 -0.0032444869558247761 -0.0031110641887129912 0.003834785871826992 -0.019048898063849573 -0.002289727018756509 0.0028238095807129513 -0.072828470541209708 0.0011372036841371424 0.0020740916658865492 0.0058649508514012185 -0.00039525247393848819 -0.007619322736779368 -0.018331511459868999 -0.00032087363741861561 -0.033082951510110155 0.026462687819543546 -0.0060639252382166239 -0.056606122761066739 -0.0095577527143348266 0.0013692523013189375 -0.029732615474207066 -0.00024574052859072538 -0.028149002602290626 0.011894786217005142 -0.0022372804616562925 0.015693945584426546 -0.016948640464636865 -0.029569077054531032 -0.0063594432235505646 0.0012684072246384698 -0.018390176029357615 0.0026386307848730675 0.0030219222059081471 -0.0031800424617718197
leaf_weight=259 406 1559 109 284 639 125 113 213 8635 48368 3448 6713 15933 123 1455 1886 5492 1569 341 146 396 154 198 111 129 184 1845 1693 818 760 5149 1537 322 480 307 18730 16462 1965 553 354 2072 195 365 21130 6752 2077 187 161 388 253 822 168 30492 2023 186 2428 400 246 405 404 194 2755 5834 110 1931 3785 1953 8108 185 777 3507 429 253 4955 308 2499 548 1122 2479 676 3932 5411 4453 1720 18248 527 358 752 2618 19938 2717 3768 889 128 3256 1060 7533 33060 153 374 107 8581 19926 1141 658 5812 379 136 101 167 6674 4174 775 12414 314 3212 53929 1589 2393 982 3057 3389 1088 3577 8098 2776
leaf_count=259 406 1559 109 284 639 125 113 213 8635 48368 3448 6713 15933 123 1455 1886 5492 1569 341 146 396 154 198 111 129 184 1845 1693 818 760 5149 1537 322 480 307 18730 16462 1965 553 354 2072 195 365 21130 6752 2077 187 161 388 253 822 168 30492 2023 186 2428 400 246 405 404 194 2755 5834 110 1931 3785 1953 8108 185 777 3507 429 253 4955 308 2499 548 1122 2479 676 3932 5411 4453 1720 18248 527 358 752 2618 19938 2717 3768 889 128 3256 1060 7533 33060 153 374 107 8581 19926 1141 658 5812 379 136 101 167 6674 4174 775 12414 314 3212 53929 1589 2393 982 3057 3389 1088 3577 8098 2776
internal_value=-0.00101824 -0.000901287 -0.01671 -0.00122967 -0.0124679 -0.051741 -0.00160799 6.7552e-05 -0.00207475 -0.000543529 -0.00265427 0.00163376 0.00169688 -0.00962412 -0.00359893 -0.00614901 -0.00297762 -0.00391704 0.00252499 0.00275212 -0.0209669 -0.025534 -0.0195595 -0.0290663 -0.0513029 0.00258012 0.00242464 0.00751842 -0.00409867 -0.00478587 -0.00243631 -0.00608657 -0.0203242 -0.0368229 -0.0129728 -0.00481167 -0.00533394 -0.00229406 -0.0122674 -0.0248056 -0.000310651 0.00464931 -0.00269357 0.00164397 0.00550329 -0.00624711 -0.0151582 -0.0375678 -0.00685964 -0.0194531 -0.00322721 -0.00868693 0.00234492 0.00144697 -0.00658989 -0.0078802 -0.013039 -0.0166303 -0.00620414 -0.016883 -0.0163282 0.000525387 -0.000189146 0.011215 0.00537712 -0.00181135 0.0171946 -0.00225876 -0.00397382 -0.0236788 0.00222423 0.00111712 -0.0269549 -0.00483078 -0.00449148 -0.000368296 -0.00730846 -0.018607 0.000611358 0.000761414 -0.00462553 -0.00331386 -0.00708059 0.00212149 0.000548538 0.00140294 -0.0200853 0.000881631 0.00175711 0.000603367 -0.00305164 0.00774007 0.00764989 -0.0291571 -0.00364953 -0.00210409 -0.00435398 0.00105753 0.00243621 -0.0217918 -4.93243e-05 0.003547 -0.00174857 -0.00491404 -0.00392813 -0.00265678 -0.0108499 -0.0039409 -0.0263413 -0.0376519 -0.0116675 -0.000565395 -0.002016 -0.00434936 -0.00156451 0.00180472 -0.00248301 -0.00154848 -0.0074661 -0.0148978 -0.0110642 0.0059094 -0.003642 -0.00260909 0.00553772 -0.00746646
internal_weight=519869 516024 3845 470897 3439 234 416996 90855 326141 89545 236596 41177 53901 3205 2094 3445 214900 108672 45127 44592 1111 988 834 636 240 44446 44187 5871 107103 82358 29371 52987 2646 802 1844 23879 50341 14727 2444 907 12283 4548 2583 38316 8597 3350 1273 348 925 537 7735 3184 37732 2388 35614 25564 2362 1962 977 572 535 29719 26964 4178 2115 24745 2063 23927 15819 1084 50551 34618 985 11265 11152 4527 6625 1670 4551 79590 4145 10050 4639 4219 21696 31019 732 34189 27965 23445 6224 4520 3507 486 15634 11849 8593 75445 33587 527 41858 13431 28427 8501 8126 7468 1656 1277 375 268 9102 4850 106228 17228 89000 19065 69935 58907 11028 4814 3832 4978 7755 7441 11310 3864
internal_count=519869 516024 3845 470897 3439 234 416996 90855 326141 89545 236596 41177 53901 3205 2094 3445 214900 108672 45127 44592 1111 988 834 636 240 44446 44187 5871 107103 82358 29371 52987 2646 802 1844 23879 50341 14727 2444 907 12283 4548 2583 38316 8597 3350 1273 348 925 537 7735 3184 37732 2388 35614 25564 2362 1962 977 572 535 29719 26964 4178 2115 24745 2063 23927 15819 1084 50551 34618 985 11265 11152 4527 6625 1670 4551 79590 4145 10050 4639 4219 21696 31019 732 34189 27965 23445 6224 4520 3507 486 15634 11849 8593 75445 33587 527 41858 13431 28427 8501 8126 7468 1656 1277 375 268 9102 4850 106228 17228 89000 19065 69935 58907 11028 4814 3832 4978 7755 7441 11310 3864
cat_boundaries=0 2 4 6 8 10 12 14 16 17 18 20 21 22 24 26 28 29 30 31 32 34 35 37 39 41 43 44 46 48 50 52 54 56 57 59 61 63 64 66 68 70 72 74
cat_threshold=402653268 10 268435458 8192 5289 2048 3273007274 6657 4734976 64 687865856 2560 50339848 4097 2707765896 18336 2 2 9601056 8196 8519680 4 16387 1 1073741827 2129 1073741825 1 4 4 4 4 2 1 1073741824 67158048 12288 1191513120 27664 131072 512 67141632 12288 10 4325376 9280 131586 897 2236928 897 2147655680 36 16384 5 2184856064 29461 536872960 3145728 17152 2181578752 4 2148007936 4 1 2147491848 17152 2164523008 1152 553713664 32 2147483656 512 2147486216 16384
is_linear=0
shrinkage=0.03


Tree=64
num_leaves=127
num_cat=43
split_feature=0 46 5 5 36 5 5 27 5 0 3 29 5 11 5 23 5 22 38 28 23 48 0 5 0 5 0 5 0 5 0 5 0 12 5 5 5 0 5 5 27 27 27 27 5 27 0 0 4 44 5 27 0 5 0 0 3 27 27 11 20 27 21 5 0 5 27 5 5 0 22 5 0 27 0 27 5 11 0 5 27 27 0 0 0 0 5 0 5 5 0 0 12 5 0 5 0 5 11 13 44 44 27 27 5 0 0 4 27 27 22 5 0 0 5 29 4 27 5 32 48 0 28 0 22 0
split_gain=843.587 618.648 563.32 487.848 380.773 310.652 289.29 276.845 593.901 1278.16 663.857 502.413 343.172 460.602 497.125 353.608 289.431 283.411 266.775 246.874 243.769 242.432 241.769 234.12 270.463 360.545 292.497 214.425 344.544 213.008 529.829 1123.51 534.652 943.998 552.209 378.182 366.208 320.667 599.747 309.258 286.219 219.219 456.902 289.735 211.413 234.922 208.109 203.563 392.337 240.451 195.659 298.063 193.592 191.517 269.492 312.407 661.733 483.39 265.601 221.877 209.663 195.824 190.875 184.757 184.375 412.276 183.818 443.064 370.734 496.87 183.103 167.868 254.067 157.56 155.55 192.052 155.42 166.267 383.4 153.467 277.55 235.905 151.233 150.928 687.433 531.431 520.206 280.71 282.201 235.563 217.663 204.381 171.759 358.321 249.33 154.039 317.986 147.789 147.172 146.494 145.783 143.805 142.875 241.879 142.219 244.646 1356.31 249.855 201.92 160.792 244.277 141.227 424.592 143.511 138.498 356.998 138.294 140.056 137.241 149.893 134.683 159.663 133.525 144.74 375.49 132.185
threshold=1715.0000000000002 6.8785712718963632 0 1 6.2500000000000009 2 3 0.084925193339586272 4 155.00000000000003 5 0.12146130576729776 6 0.2603727281093598 7 0.086187265813350691 8 -0.25256955623626703 28.050000190734867 0.11468564718961717 0.10078860074281694 15.84999990463257 1560.0000000000002 9 950.00000000000011 10 1225.0000000000002 11 615.00000000000011 12 950.00000000000011 13 850.00000000000011 0.90070003271102916 14 15 16 1225.0000000000002 17 18 0.092709075659513487 0.14242830872535708 0.11368945986032487 0.12240357697010042 19 0.10945477336645128 950.00000000000011 950.00000000000011 20 0.25450000166893011 21 0.058846931904554374 950.00000000000011 22 325.00000000000006 1225.0000000000002 23 0.086274277418851866 0.059393314644694335 -0.47558552026748652 99.500000000000014 0.058846931904554374 0.14484014362096789 24 2375.0000000000005 25 0.053855204954743392 26 27 325.00000000000006 -0.38187441229820246 28 615.00000000000011 0.056865874677896507 325.00000000000006 0.053263295441865928 29 -0.2603763341903686 27950.000000000004 30 0.1321084722876549 0.092709075659513487 155.00000000000003 615.00000000000011 425.00000000000006 475.00000000000006 31 850.00000000000011 32 33 950.00000000000011 950.00000000000011 -0.048362832516431802 34 325.00000000000006 35 225.00000000000003 36 -0.21861968189477918 45.500000000000007 0.06450000032782556 0.079500000923872008 0.058047603815793998 0.059393314644694335 37 1225.0000000000002 1100.0000000000002 38 0.1321084722876549 0.098654624074697508 0.10392067208886148 39 155.00000000000003 90.000000000000014 40 0.12510562688112262 41 0.095947422087192549 42 0.20935109257698062 0.55000001192092907 16530.000000000004 0.15488876402378085 325.00000000000006 0.072994068264961257 90.000000000000014
decision_type=2 2 9 9 2 9 9 2 9 2 1 10 9 2 9 10 9 10 2 8 10 2 2 9 2 9 2 9 2 9 2 9 2 2 9 9 9 2 9 9 2 2 2 2 9 2 2 2 9 2 9 2 2 9 2 2 1 2 2 2 2 2 10 9 2 9 2 9 9 2 10 9 2 2 2 2 9 2 2 9 2 2 2 2 2 2 9 2 9 9 2 2 2 9 2 9 2 9 2 2 2 2 2 2 9 2 2 9 2 2 10 9 2 2 9 10 9 2 9 10 2 2 10 2 10 2
left_child=1 3 64 4 21 53 -6 8 9 10 17 27 13 23 15 47 -13 -5 19 46 76 50 29 -9 25 -25 44 28 -11 37 31 79 34 36 -33 -32 -34 39 -39 -14 52 42 70 -44 -26 -46 114 48 -15 116 51 -1 99 54 -3 56 -56 58 61 -59 -61 -58 104 -20 -2 -66 67 -65 69 -68 -40 72 82 -12 75 -69 77 78 -4 -31 81 -81 -27 84 89 -86 91 88 -88 -23 -89 97 93 94 -91 96 -94 -85 -55 -41 -30 -92 -98 -104 105 106 108 -107 -37 110 -106 112 113 -95 115 -10 -49 -118 -21 -120 121 -78 -29 -124 -125 -75
right_child=2 5 20 7 6 -7 -8 12 18 11 73 16 22 14 -16 -17 -18 -19 63 118 -22 83 -24 24 26 71 -28 122 100 30 35 32 33 -35 -36 62 -38 38 41 40 -42 -43 43 -45 45 -47 -48 49 -50 -51 -52 -53 -54 98 55 -57 57 59 -60 60 -62 -63 -64 66 65 -67 68 74 -70 -71 -72 -73 -74 125 -76 -77 120 -79 -80 80 -82 -83 -84 86 85 -87 87 90 -90 92 101 -93 95 111 -96 -97 102 -99 -100 -101 -102 -103 103 -105 109 107 -108 -109 -110 -111 -112 -113 -114 -115 -116 -117 117 -119 119 -121 -122 -123 123 124 -126 -127
leaf_value=-0.0062316480437136753 -0.056346124485595769 0.0091119018191900703 -0.0049118520771602716 -0.058370445007630091 0.0081175429146984907 0.0045108939671343173 0.00099951996512534372 -0.0018031912730962472 -0.0051937579900371176 0.014704951368728594 0.015893353664875029 -0.0077193325138704199 0.010472496170888076 -0.086547882634160259 0.0042986573805352622 -0.0035939352402550567 0.0019756746645062597 -0.016518358506262303 0.0029760448608725162 -0.0021989034878900759 -0.042578846393153069 0.00021997290214355111 0.0080900113544502879 0.015304774330954632 0.0032019348677186014 -0.0028466752013687376 -0.0018230390504911718 0.0048961973593207577 -0.025579081130008029 0.01365847875388273 0.0090210370425855748 0.011684952967277284 0.0096032076860480594 -0.12377456818267983 -0.015927210403109567 -0.010250182336681084 -0.043341843213523377 0.0020095816490693225 0.011531388147703402 -0.0097185701732486023 0.0049367744237483486 -0.0043641331220217244 -0.086195654994389886 -0.034296613951343334 -0.020340101255414238 -0.050471258979273313 0.0077494089304443285 -0.032730867185632617 -0.026459449232371653 -0.036256239181067129 -0.0014067087985991868 0.0037214615931354541 0.002968178065536889 0.0020562684238653135 -0.071174186468124387 0.015190154168514569 0.0077774128231063756 -0.0078136929663179325 0.012896722181918627 -0.071386998792711112 -0.0268044368754272 -0.034818625030982334 -0.019503158817318952 0.027852117869135162 -0.0097028730941975585 -0.046072859871475136 0.010854859199855595 -0.011030209197310894 0.0021791597568693488 -0.037201213418862761 -0.028039522368907929 -0.0417334317908526 0.023540724625712946 -0.0223421445169667 -0.0014976027020504128 -0.032343792242439162 0.0015149022387340664 -0.0011552030210778841 -0.059622681081950006 -0.0099590011778172473 -0.043729559545878503 0.018402739919336705 -0.027170076511180457 0.0034247375855455176 -0.10102047469399192 -0.018429393925685055 0.00044963666819035174 0.03976807163933576 -0.012059810424063394 -0.006035309923136621 -0.0056803613514697007 0.0011074716933515288 0.015664158773179504 -0.033123000410565158 0.015952000830015169 -0.0022299829583863444 -0.0046570568370884078 0.016295465372048679 -0.0019825802229088084 -0.031902627447905299 0.0014961386797486913 5.5126529961939561e-05 -0.033379013079541456 -0.0093461314552294155 0.0021815158276051751 -0.025575918225002103 -0.10541230542969157 -0.00088606485359302373 0.0054214951710784996 -0.00293477167604995 -0.022602837412869808 -0.0098085474398481465 -0.011794610382218953 -0.074349579021964277 -0.00082915205796895753 -0.058072543721872982 0.00058640148697809138 -0.016620891070863758 -0.0050136440023275377 -0.013538435879948355 -0.0030575281662930699 0.041140262986533338 0.0069743887620195202 -0.048914666166071034 -0.0027707757793522096 0.0023860530482954345
leaf_weight=3108 210 685 315 487 5534 24844 70306 11443 4405 4322 199 4782 3605 118 1142 1224 6565 209 12051 16934 155 13335 1910 641 170 478 566 17167 216 1469 2550 721 180 105 6361 4602 328 2221 181 1380 3611 341 166 236 516 427 2236 342 560 586 23570 20992 929 26536 183 313 160 211 651 167 223 245 607 253 666 499 309 1150 6850 516 249 143 189 555 721 569 214 564 181 533 121 521 443 1264 109 195 2518 117 4581 1217 4897 2964 388 170 749 18391 1013 2290 11699 332 1021 19998 635 928 10952 385 130 8323 881 25104 369 3967 981 141 23388 117 570 1680 35242 1959 869 159 827 182 1197 299
leaf_count=3108 210 685 315 487 5534 24844 70306 11443 4405 4322 199 4782 3605 118 1142 1224 6565 209 12051 16934 155 13335 1910 641 170 478 566 17167 216 1469 2550 721 180 105 6361 4602 328 2221 181 1380 3611 341 166 236 516 427 2236 342 560 586 23570 20992 929 26536 183 313 160 211 651 167 223 245 607 253 666 499 309 1150 6850 516 249 143 189 555 721 569 214 564 181 533 121 521 443 1264 109 195 2518 117 4581 1217 4897 2964 388 170 749 18391 1013 2290 11699 332 1021 19998 635 928 10952 385 130 8323 881 25104 369 3967 981 141 23388 117 570 1680 35242 1959 869 159 827 182 1197 299
internal_value=-0.000954664 -0.000850432 -0.0149766 -0.00124826 -0.000165503 0.00186376 0.00152022 -0.00214994 -0.0013097 0.00190914 -0.0231322 0.00311751 -0.00335845 -0.00674531 -0.0136113 -0.0176114 -0.0021155 -0.0458445 -0.00245686 -0.00323075 -0.00626028 -0.00116028 -0.00245133 -0.00390411 -0.0105955 -0.00285096 -0.0193879 0.00549913 0.0106908 -0.00271156 -0.00342558 -0.00964661 -0.0154313 -0.0423107 -0.0131208 -0.00223282 -0.0252626 0.000752102 -0.0071992 0.00349114 -0.000551315 -0.0244313 -0.0329341 -0.0558883 -0.0283106 -0.0336662 -0.0010549 -0.0221045 -0.0370294 -0.0189097 0.00053657 0.00243667 -0.00805621 0.000261347 -0.00724249 -0.0124812 -0.0171941 -0.0111932 0.00103637 -0.0326474 -0.0460287 -0.0180129 -0.00279303 0.000451392 -0.0302706 -0.0257856 -0.00248356 -0.00922793 -0.000119438 -0.0189809 -0.0113948 -0.0121687 -0.00798781 -0.00809084 -0.0131428 -0.0180998 -0.00382461 -0.0121906 -0.0249567 0.00721946 -0.0008827 0.00406457 -0.014563 -0.00216079 -0.00340063 -0.0482768 -0.000805663 -0.00237435 -0.00763965 -0.00307401 -0.000880634 0.0069147 -0.00460935 -0.0086091 0.00233333 -0.00325794 -0.00959345 0.0117756 0.000820243 -0.0140367 -0.00324847 -0.00107326 -0.0134396 -0.0191251 -0.00259332 -0.00512537 -0.0100123 -0.00198047 -0.00773155 -0.00159585 0.00137176 -0.0126798 -0.0213384 -0.0519925 -0.00176051 -0.00655995 -0.0149755 -0.0122634 -0.00444236 -0.00546144 0.00339034 0.018471 0.00400134 -0.00294335 -0.00889186 -0.0136917
internal_weight=519476 515644 3832 449727 204358 65917 75840 245369 144728 38028 1749 36279 100641 21238 6222 5080 11347 696 106700 84281 2457 128518 79403 15016 3573 1894 1679 24932 5559 77493 64242 10339 7695 613 7082 53903 508 13251 3394 9857 6252 1173 832 402 1113 943 30146 3856 678 3178 47670 24100 2641 41073 2838 2153 1840 1657 1056 601 390 405 51353 22419 1375 1165 10368 2693 7675 825 430 1253 1110 1053 2440 1719 2302 1060 496 2644 1175 1054 921 80848 42219 304 38629 32111 7099 41915 25012 6518 28580 7225 1966 21355 2964 3554 38235 1712 1237 24895 2576 1563 50746 14321 5613 8708 5483 36425 11321 5259 1292 311 27910 4522 2592 2250 54135 37201 1242 373 19373 2206 1379 854
internal_count=519476 515644 3832 449727 204358 65917 75840 245369 144728 38028 1749 36279 100641 21238 6222 5080 11347 696 106700 84281 2457 128518 79403 15016 3573 1894 1679 24932 5559 77493 64242 10339 7695 613 7082 53903 508 13251 3394 9857 6252 1173 832 402 1113 943 30146 3856 678 3178 47670 24100 2641 41073 2838 2153 1840 1657 1056 601 390 405 51353 22419 1375 1165 10368 2693 7675 825 430 1253 1110 1053 2440 1719 2302 1060 496 2644 1175 1054 921 80848 42219 304 38629 32111 7099 41915 25012 6518 28580 7225 1966 21355 2964 3554 38235 1712 1237 24895 2576 1563 50746 14321 5613 8708 5483 36425 11321 5259 1292 311 27910 4522 2592 2250 54135 37201 1242 373 19373 2206 1379 854
cat_boundaries=0 2 4 6 8 10 11 13 15 17 19 21 23 25 26 28 30 31 33 35 36 37 39 40 41 43 44 45 47 48 50 51 53 55 57 59 60 61 62 63 64 66 67 69
cat_threshold=327680002 8192 501496534 5290 2835018433 996 268435520 2 2685566976 8708 2 164904 528 163840 512 1081344 4 163840 512 0 16 2147516416 4 65537 18689 3222274048 0 68 34078720 64 536870912 0 2049 1 16640 1056 1 151265350 4106 540672 2 1107313704 18432 42467328 524288 524288 64 40 537919488 2560 3221225472 2566 128 134217920 5120 348393616 42 18874432 1024 18874368 2 3222274048 1 2050 1065 64 2 1074331656 80
is_linear=0
shrinkage=0.03


Tree=65
num_leaves=127
num_cat=37
split_feature=0 40 5 5 0 5 5 5 0 27 0 5 5 27 5 0 5 47 27 5 5 0 25 27 5 25 27 27 3 3 25 26 5 27 25 26 20 5 27 25 5 0 0 0 0 0 5 5 0 5 5 0 11 32 5 45 11 5 27 5 0 0 23 5 25 5 25 0 22 27 11 25 5 25 0 23 5 26 0 0 4 5 27 25 29 12 44 11 5 12 20 48 29 5 26 11 4 0 12 0 3 25 25 27 25 4 26 27 13 25 5 11 27 27 25 28 12 27 20 11 13 27 11 25 25 5
split_gain=843.739 668.822 484.465 353.383 317.827 881.292 773.326 489.276 1138.92 623.467 429.258 729.563 375.234 318.044 291.653 379.373 451.361 305.648 287.016 946.711 383.629 675.147 317.255 303.282 336.33 717.716 567.663 457.467 270.969 266.738 279.678 265.496 285.633 346.086 296.074 372.246 263.852 259.708 476.472 354.564 257.914 374.392 1952.64 2073.84 360.243 1397.92 847.592 703.391 482.585 611.985 519.22 358.269 348.749 332.18 312.625 290.509 390.544 636.057 717.121 290.347 272.117 263.33 712.362 253.914 283.975 241.259 282.79 256.545 240.793 330.97 312.755 556.825 235.327 233.509 232.508 229.959 228.687 227.202 226.309 225.911 362.15 261.595 287.333 239.239 218.989 216.1 251.168 261.657 258.268 231.056 310.106 202.398 191.913 371.341 191.757 189.341 186.852 182.8 287.487 260.546 206.65 186.28 182.129 178.596 264.041 217.622 175.796 175.781 170.15 303.588 169.665 170.337 168.791 165.436 161.908 159.755 157.135 156.103 154.131 188.966 153.951 278.26 208.221 152.247 592.964 152.189
threshold=13030.000000000002 37.149999618530281 0 1 325.00000000000006 2 3 4 950.00000000000011 0.058846931904554374 155.00000000000003 5 6 0.053855204954743392 7 225.00000000000003 8 22.244999885559086 0.059944719076156623 9 10 950.00000000000011 149.50000000000003 0.059393314644694335 11 88.500000000000014 0.051913643255829818 0.049178216606378562 12 13 18.500000000000004 0.1111494228243828 14 0.056865874677896507 85.500000000000014 0.10056356340646745 28.500000000000004 15 0.064750330522656455 120.50000000000001 16 615.00000000000011 425.00000000000006 475.00000000000006 1100.0000000000002 1225.0000000000002 17 18 715.00000000000011 19 20 550.00000000000011 0.14250627160072329 0.20576015859842303 21 22.285000801086429 0.24372619390487674 22 0.095947422087192549 23 950.00000000000011 1560.0000000000002 0.081555202603340163 24 84.500000000000014 25 69.500000000000014 155.00000000000003 -0.46683321893215174 0.14242830872535708 -0.35846811532974238 99.000000000000014 26 44.500000000000007 135.00000000000003 0.038110742345452316 27 0.22268813848495486 1940.0000000000002 155.00000000000003 28 29 0.07936600968241693 59.500000000000007 0.096411865204572691 0.72548371553421032 0.072499997913837447 0.82414472103118908 30 0.97461712360382091 92.500000000000014 1.2500000000000002 0.069317996501922621 31 0.1189631186425686 -0.5917624533176421 32 90.000000000000014 -0.92272481322288502 155.00000000000003 33 59.500000000000007 16.500000000000004 0.10038758814334871 113.00000000000001 34 0.06366304308176042 0.058846931904554374 48.500000000000007 46.500000000000007 35 -0.14250824600458142 0.08212983608245851 0.10038758814334871 51.500000000000007 0.1139504909515381 -0.11692317575216292 0.061421869322657592 77.500000000000014 -0.56368473172187794 12.500000000000002 0.053263295441865928 0.24372619390487674 67.500000000000014 81.500000000000014 36
decision_type=2 2 9 9 2 9 9 9 2 2 2 9 9 2 9 2 9 2 2 9 9 2 2 2 9 2 2 2 1 1 2 10 9 2 2 10 2 9 2 2 9 2 2 2 2 2 9 9 2 9 9 2 2 10 9 2 2 9 2 9 2 2 8 9 2 9 2 2 8 2 2 2 9 2 2 10 9 8 2 2 9 9 2 2 10 2 2 2 9 2 2 2 8 9 10 2 9 2 2 2 1 2 2 2 2 9 10 2 2 2 9 2 2 2 2 8 2 2 2 2 2 2 2 2 2 9
left_child=1 2 96 85 5 10 12 8 9 28 11 13 -6 -4 15 16 -12 -18 19 22 21 -20 125 24 94 26 27 -26 95 30 -11 32 -7 34 36 -36 -34 74 39 97 52 42 59 -44 47 -46 68 -43 49 123 53 -45 -22 108 -48 115 73 -58 -59 -42 -52 62 -54 64 -28 84 72 116 -47 70 71 -70 114 -57 -35 -33 -3 -32 -14 80 -40 -81 -83 -82 106 86 -2 88 91 90 -87 -88 93 -16 -21 -8 112 98 -39 100 -99 117 -30 105 -105 -64 -38 -101 -50 -110 111 -29 -1 -56 -67 -51 -68 -102 -15 -120 -69 122 -122 -49 -125 -9
right_child=3 76 4 -5 6 31 7 18 -10 29 14 -13 78 118 92 -17 17 -19 20 23 40 -23 -24 -25 25 -27 63 110 102 -31 77 75 33 37 35 -37 65 38 79 -41 41 44 43 51 45 46 54 48 50 55 60 -53 61 -55 113 56 57 58 -60 -61 -62 -63 103 -65 -66 66 67 120 69 -71 -72 -73 -74 -75 -76 -77 -78 -79 -80 81 83 82 -84 -85 -86 89 87 -89 -90 -91 -92 -93 -94 -95 -96 -97 -98 99 -100 107 101 -103 -104 104 -106 -107 -108 -109 109 -111 -112 -113 -114 -115 -116 -117 -118 -119 119 -121 121 -123 -124 124 -126 -127
leaf_value=0.0098612980268750795 0.0041263276163269486 -0.00038978463371247383 -0.0056675152977307642 -0.0040483555761350338 0.033121629717265108 -0.0030011106626100081 -0.026950642986306509 0.014290225599224601 0.020646973454827414 -0.067855756637526715 0.014835530237534242 -0.002310529834506512 0.0014854781500013873 -0.083100242184268105 -0.019528495156374687 -0.0044250991774018433 0.002230035571260463 -0.021895364400455166 -0.084205307477004041 -0.00079987713220727264 -0.0019753837195245951 0.0015154373350075735 -0.010793176164458455 0.0079470305857177181 -0.00813182800066292 0.016410831369723995 0.016172401398515335 -0.030542189473357129 -0.0090982223840131021 0.0028800771444765553 -0.061356790658405852 -0.01097287350684031 -0.05565165016427636 0.0066991627889927052 0.00087282130366358427 -0.050036747031741671 -0.0075741261723238067 -0.020168106938307818 -0.053621820757786431 -0.037936730820348763 0.014960993063422188 0.0054421766319828029 -0.11907766918838024 0.016152167337848314 -0.10110720945678593 0.015852029943981997 -0.0055671804860226758 0.0068370966286901329 -0.0026036127979907281 0.0074214981387614827 0.023030785587915166 -0.040859496148698257 -0.051430179692176448 -0.030915091412495949 -0.0099106351582462782 0.01025623591755598 -0.016240960382256423 -0.12433632931288549 -0.034104243489828975 -0.0052344562319366151 0.0024416127117058112 0.008284216296391228 0.026428328498504031 -0.0069311646477917682 -0.017632073151780475 0.019869308901069423 -0.033620864476623206 -0.012834510837833988 -0.018900653959991517 -0.0077971389040961004 -0.030123957399228442 -0.11270745559172196 -0.017745826352690106 -0.013681066611635101 -0.0033543606042081937 0.0046342692011650168 0.0036417893055070549 -0.024220509546118096 -0.027333388821869271 -0.011663408508715353 0.012487638566717156 -0.019433230138895329 -0.049506314042707278 -0.0099060730428108205 -0.024606990352778035 0.037609819405674934 0.0018808580153059252 -0.0051886110886549333 -0.076435255561556142 -0.047710011205940601 -0.032328581971781595 -0.049574881508946421 0.0066844631227169328 0.0092377825243561851 0.017121486435501435 -0.0049368741741004233 0.0010834748113282553 -0.052084653231857424 0.030806538394736276 -0.0089186209214321532 -0.014383546856214414 -0.022797743199806823 -0.059741201698780055 -0.0060903858391146764 0.0094376989769176921 -0.0095824267171480803 0.014937402088237123 0.0042162854198014134 0.0029173937163145549 -0.029633498923604895 -0.035443567054686632 0.0038492281539270617 -0.0019345266815628151 0.00075385908509419553 -0.0064233896460826291 -0.0073147046996520594 -0.080949774805237268 0.036656752296469426 -0.010768169995180555 -0.060554280696913251 -0.034816841475963589 -0.011336634378963251 -0.08361094825928754 -0.031761745822106335 0.010334479439811056 0.0063470628373952943
leaf_weight=4351 101 19363 197 696 326 35379 387 4489 954 204 2586 11717 79532 107 749 8556 2864 565 142 17870 31309 196 683 2591 1776 1077 945 275 111 185 174 1042 119 2606 3041 134 8644 136 143 234 716 18064 279 198 130 103 14444 3549 7724 716 591 197 331 437 1395 492 1101 118 241 5416 23993 953 152 5296 292 241 173 1099 101 348 516 131 2063 1433 10057 4583 36600 998 245 1661 561 791 449 1819 664 124 100 116 269 106 104 219 13883 853 553 3763 34253 133 365 1253 105 411 151 4617 1252 12169 323 3411 456 592 1283 244 1457 21044 1634 8677 101 109 115 171 374 403 100 476 816 4320
leaf_count=4351 101 19363 197 696 326 35379 387 4489 954 204 2586 11717 79532 107 749 8556 2864 565 142 17870 31309 196 683 2591 1776 1077 945 275 111 185 174 1042 119 2606 3041 134 8644 136 143 234 716 18064 279 198 130 103 14444 3549 7724 716 591 197 331 437 1395 492 1101 118 241 5416 23993 953 152 5296 292 241 173 1099 101 348 516 131 2063 1433 10057 4583 36600 998 245 1661 561 791 449 1819 664 124 100 116 269 106 104 219 13883 853 553 3763 34253 133 365 1253 105 411 151 4617 1252 12169 323 3411 456 592 1283 244 1457 21044 1634 8677 101 109 115 171 374 403 100 476 816 4320
internal_value=-0.000921663 -0.000849579 -0.00122545 -0.0212228 -0.00152537 -0.00278154 -0.000984588 -0.00192482 -0.00976211 -0.014638 0.000749189 -0.00396972 0.0015301 -0.0362087 0.00268175 -0.000366303 0.00540627 -0.00174527 -0.00166244 0.000562208 -0.0022226 -0.033647 0.00888273 -0.00189276 -0.00275463 -0.00685425 -0.00934055 -0.0189441 -0.008869 -0.0309273 -0.0354714 -0.00455408 -0.00500445 -0.00663684 -0.00965705 -0.00129088 -0.0113235 -0.00425826 -0.00750242 -0.00179691 -0.00215596 -0.0013664 -0.00818986 -0.0566187 -0.000935203 -0.00327482 -0.00293821 0.000351624 -0.00143783 -0.00546326 0.000660625 -0.0123129 -0.00393542 -0.0054114 -0.0021262 -0.00890041 -0.0164417 -0.0281377 -0.0622953 -0.00285843 0.0029363 -0.00708838 -0.00787979 -0.00407879 0.00811931 -0.0109865 -0.0156162 -0.0241252 -0.0276462 -0.0319968 -0.0432301 -0.0721255 -0.0107892 -0.00756092 -0.001284 0.0017417 0.00224748 -0.0297815 0.00139646 -0.0139913 -0.00742177 -0.0197003 -0.0301111 -0.00462453 -0.00798613 -0.0313937 -0.0400801 -0.0464191 -0.0545304 -0.011338 0.00570623 -0.0324743 0.00554639 -0.00427961 -0.000260893 -0.00699572 0.00192676 -0.000362973 0.0169565 -0.00196615 -0.0182667 -0.0109985 -0.0384018 -0.00708452 -0.00277683 -0.00913607 -0.00676166 0.000686391 -0.00414366 -0.0154809 -0.0295899 -0.0141256 0.00690236 9.04106e-05 -0.00301902 -0.00619074 -0.0512978 0.0116632 -0.0523839 -0.0406427 -0.0203333 -0.029705 -0.0452653 0.00362008 -0.00518723 0.0104194
internal_weight=518922 517087 461124 1835 421063 126724 294339 214236 6927 5973 42363 12307 80103 590 30056 14571 6015 3429 207309 41694 165615 338 9492 32202 29611 11188 10111 3578 4412 1561 1376 84361 78736 43357 19113 3175 15938 24244 11581 6157 165277 114494 6806 674 107688 38212 38082 69476 51412 17619 33793 395 50783 9209 36883 12778 3385 1460 359 6132 24584 19474 18521 6533 1237 15819 6188 2250 1199 1096 748 232 3938 1925 12663 5625 55963 1172 79777 5424 2523 2901 1240 2380 9631 1139 805 704 588 334 228 319 15485 1602 18423 4150 40061 5923 501 5422 758 625 262 18190 5869 12321 8967 4664 8772 1048 1802 519 5808 22439 1875 9393 274 214 393 286 1976 877 474 4841 1292 8809
internal_count=518922 517087 461124 1835 421063 126724 294339 214236 6927 5973 42363 12307 80103 590 30056 14571 6015 3429 207309 41694 165615 338 9492 32202 29611 11188 10111 3578 4412 1561 1376 84361 78736 43357 19113 3175 15938 24244 11581 6157 165277 114494 6806 674 107688 38212 38082 69476 51412 17619 33793 395 50783 9209 36883 12778 3385 1460 359 6132 24584 19474 18521 6533 1237 15819 6188 2250 1199 1096 748 232 3938 1925 12663 5625 55963 1172 79777 5424 2523 2901 1240 2380 9631 1139 805 704 588 334 228 319 15485 1602 18423 4150 40061 5923 501 5422 758 625 262 18190 5869 12321 8967 4664 8772 1048 1802 519 5808 22439 1875 9393 274 214 393 286 1976 877 474 4841 1292 8809
cat_boundaries=0 2 4 6 8 9 11 12 14 15 17 18 20 21 22 24 26 28 30 32 34 36 38 40 42 44 46 48 50 51 53 55 56 57 58 59 61 63
cat_threshold=272891988 10 303038466 8196 1143511169 992 184756906 1041 524289 2048 512 32 1075841024 384 1075841024 2156954624 8228 1024 1679818752 18432 2 2 8712 21504 33620994 2049 1144029184 68 0 16640 0 21376 2147483648 2048 2147483648 10240 536870912 4608 536887296 32 2684354560 8224 0 512 148512 17 2 2048 409522697 836 2 131104 16 33554434 4 524417 2 2 1 0 4352 2155873280 4
is_linear=0
shrinkage=0.03


Tree=66
num_leaves=127
num_cat=36
split_feature=1 5 33 12 5 5 5 5 2 5 5 5 1 5 1 12 13 20 1 25 5 31 12 5 27 27 1 1 5 1 5 13 25 30 1 5 27 27 5 1 27 1 5 29 44 5 27 5 1 1 5 1 2 25 5 20 5 1 1 5 27 28 33 5 25 1 1 5 25 25 25 25 27 25 1 1 27 25 20 5 29 5 1 27 21 12 20 48 25 5 1 25 25 1 25 25 22 13 20 9 8 1 5 28 1 5 5 25 5 27 27 25 22 24 36 48 25 27 5 1 25 1 27 5 1 5
split_gain=729.486 550.016 506.945 412.598 363.961 337.447 314.479 257.803 256.973 835.228 553.548 458.163 362.229 278.796 657.104 397.271 273.373 269.667 257.514 349.366 277.507 215.555 210.23 215.839 208.781 204.661 200.941 193.649 365.626 169.567 160.358 160.028 164.719 159.739 163.112 232.974 159.64 154.414 179.564 208.141 153.629 272.219 152.135 149.738 143.879 143.492 303.686 261.382 598.945 626.575 207.606 197.924 164 305.863 156.009 147.647 142.559 136.906 133.71 186.39 231.837 130.131 126.345 191.613 122.649 122.628 499.653 254.448 326.141 487.004 225.445 171.668 476.995 153.964 151.232 340.99 150.63 142.481 142.124 141.193 134.893 147.505 128.802 188.195 125.801 124.477 118.806 130.238 118.728 118.458 118.114 122.692 117.366 216.295 116.725 152.745 116.329 143.694 115.601 113.456 113.116 109.91 154.34 143.551 146.863 613.447 380.954 253.714 357.825 670.657 135.739 110.617 109.88 108.681 131.604 123.887 105.469 104.718 358.061 146.848 135.977 127.468 178.634 104.412 206.62 170.124
threshold=9.461545944213869 0 5.1500005722045907 0.92191100120544445 1 2 3 4 5 6 7 8 7.1552743911743173 9 7.1113042831420907 0.30778898298740393 13.500000000000002 30.500000000000004 4.5047848224639901 53.500000000000007 10 0.024568077176809314 0.73136293888092052 11 0.1321084722876549 0.10038758814334871 4.5047848224639901 5.4143788814544687 12 4.1348783969879159 13 45.500000000000007 73.500000000000014 0.15903400629758838 7.1552743911743173 14 0.055219287052750594 0.061421869322657592 15 5.0493419170379648 0.11874964460730554 7.1113042831420907 16 0.092177450656890883 0.076499998569488539 17 0.058846931904554374 18 6.8561301231384286 5.759707212448121 19 7.4465231895446786 20 58.500000000000007 21 89.500000000000014 22 7.1356794834136972 3.822698831558228 23 0.055219287052750594 0.089696332812309279 1.4499998092651369 24 3.5000000000000004 6.8561301231384286 6.5665833950042733 25 40.500000000000007 46.500000000000007 56.500000000000007 73.500000000000014 0.098019190132617964 92.000000000000014 6.4229502677917489 6.3076004981994638 0.064750330522656455 23.500000000000004 78.500000000000014 26 0.12510562688112262 27 6.4229502677917489 0.1321084722876549 0.078528158366680159 -0.28519998490810389 77.500000000000014 13.449999809265138 15.500000000000002 28 5.759707212448121 60.500000000000007 85.500000000000014 5.759707212448121 97.500000000000014 77.500000000000014 -0.034220132976770394 24.500000000000004 18.500000000000004 4.5000000000000009 5.5000000000000009 7.1113042831420907 29 0.11221787333488466 6.744683265686036 30 31 113.00000000000001 32 0.098019190132617964 0.089248880743980422 123.00000000000001 -0.046293048188090317 1.0205206871032717 1.7500000000000002 23.04999923706055 62.500000000000007 0.058047603815793998 33 5.759707212448121 77.500000000000014 5.759707212448121 0.051913643255829818 34 4.7054555416107187 35
decision_type=2 9 2 2 9 9 9 9 9 9 9 9 2 9 2 2 2 2 2 2 9 8 2 9 2 2 2 2 9 2 9 2 2 10 2 9 2 2 9 2 2 2 9 10 2 9 2 9 2 2 9 2 9 2 9 2 9 2 2 9 2 8 2 9 2 2 2 9 2 2 2 2 2 2 2 2 2 2 2 9 10 9 2 2 10 2 2 2 2 9 2 2 2 2 2 2 10 2 2 2 2 2 9 8 2 9 9 2 9 2 2 2 8 2 2 2 2 2 9 2 2 2 2 9 2 9
left_child=1 29 3 7 56 22 27 8 11 10 16 65 13 14 15 -12 -10 -15 19 21 89 -11 44 -24 -13 -16 36 28 88 58 -26 32 -7 62 -35 -36 -19 38 39 -30 41 -18 -14 -22 -2 46 50 48 49 -48 -29 -47 57 54 -54 -53 -5 99 -1 60 -60 -28 -9 -64 -31 66 67 74 100 -70 76 80 73 92 75 84 85 78 -76 -67 90 -82 -78 -84 -3 -71 87 -63 -4 -20 116 -92 93 -73 95 98 97 -27 -8 -49 -69 103 -103 -58 106 112 -105 108 109 110 -107 -109 -106 114 115 -46 -72 120 119 -119 121 -108 -123 124 125 -100
right_child=5 2 6 4 -6 31 94 33 9 18 12 24 42 17 25 -17 40 26 20 -21 43 -23 23 -25 30 96 61 45 37 64 -32 -33 -34 34 35 -37 -38 -39 -40 -41 -42 -43 -44 -45 113 51 47 52 -50 -51 -52 55 53 -55 -56 -57 101 -59 59 -61 -62 86 63 -65 -66 79 -68 68 69 70 71 72 -74 -75 77 -77 82 -79 -80 -81 81 -83 83 -85 -86 -87 -88 -89 -90 -91 91 -93 -94 -95 -96 -97 -98 -99 123 -101 -102 102 -104 104 105 107 117 111 -110 -111 -112 -113 -114 -115 -116 -117 -118 118 -120 -121 -122 122 -124 -125 -126 -127
leaf_value=0.019426139857865829 -0.0074054885480714884 -0.0020366416175353354 0.025948646043349677 -0.009151570036150471 0.0017311313768415524 -0.0074003624332440914 -0.029497484002528444 -0.0034672225997215839 -0.01205070671666523 -0.01926271544875947 -0.099151688616910427 0.0014936068087893874 0.019565385374034204 -0.053889071760643614 0.018824655032398812 -0.02049305837555318 -0.057104554813202112 -0.039082739247065602 0.010851602027842321 0.027999712503316558 -0.0053432364408944619 0.0064436938437388578 0.017598613935865856 -0.029828361169957532 -0.0052445260364475509 -0.037914835078208226 0.010955948492863047 0.025906946584378386 0.0036916164062689816 0.027624611214335477 0.013217994395821331 -0.036226018619324479 0.027036266642559863 0.00095782115883348258 0.0041427480894744287 -0.054831763651060024 -0.0071773386740630893 -0.0064931619777926245 -0.047684355069918485 -0.029975666862764309 -0.077628561316466907 0.001265344139602449 -0.0083086346216338473 0.0082382513614037613 -0.046913859583437446 0.0015556284645034191 0.0056415536110712722 -0.0027619568959319769 0.023825526489757089 -0.070519060532849537 -0.0015885092336903833 -0.0023063837354129644 0.0044126986075782833 0.016807429109607377 -0.020204823865506406 -0.048161499117101936 0.0012809147690893378 0.011726280969810911 -0.024305972794848162 -0.011707589691835874 0.023306271634884732 0.0016883929805861396 0.0017731107768545816 -0.0032613668101290822 0.0045670164452760722 -0.0085185889340269084 -0.067499951502943245 -0.036161578957627456 0.0080053358199604768 0.0028986891691053021 -0.015790070040538839 -0.032058593377922516 -0.068512129130017918 -0.0032661954925347751 -0.030131558286704978 -0.048742386298458069 0.0061745627288082392 0.01109037276506806 0.0069090784383071977 0.0013462611752897257 -0.0031346687521040186 -0.028820541082290794 -0.029263270537899511 -0.0020704041463697606 0.011340239146547502 -0.024998606414443424 -0.0034629207948282149 -0.012006996886459309 -0.0020723561483906631 0.00099360956711760061 0.019025392326495739 0.00089982476191054271 -0.035818539376863662 0.012641288189333863 -0.0061160854705796719 0.0082242383031212191 0.011012843083895621 -0.012952792003402502 -0.024371134817507117 -0.0089316891216564328 -0.012508798273480032 -0.0088556477498519925 0.005295420934774215 0.014695124355094224 -0.020002842919784596 0.011438938605675653 -0.0048922539627233239 -0.035231867422254801 -0.0032839471441528556 -0.086915814806675082 -0.024487378444134567 -0.010020215802596532 0.011604635082173607 -0.015848181127944838 -0.025435903889548243 -0.083213882110118861 0.0017572301927116427 0.0019266945023469228 -0.004760938290495397 0.01903310321117559 -0.0082909340639652739 0.01166028331011618 -0.0091085810007036222 0.003351304127863039 0.0015108675054185047 -0.0037629950983553368
leaf_weight=196 114 8758 143 2390 56293 419 104 132398 305 335 138 41125 605 108 166 100 218 296 1183 632 10748 2325 141 194 515 289 411 537 257 209 2327 111 177 12034 131 104 270 559 256 461 122 107 243 783 287 19283 153 9317 171 265 456 127 494 1008 423 125 7770 482 126 1466 334 743 11281 17116 18696 1492 109 409 2108 162 677 197 126 1475 165 136 408 1644 212 9941 546 317 408 521 681 1277 6082 3924 2477 13607 382 2746 271 191 1509 3715 121 737 439 3767 330 839 3783 1110 107 145 3515 666 1703 144 269 206 1197 106 156 124 565 851 4585 962 5790 1174 545 27654 28911 1880
leaf_count=196 114 8758 143 2390 56293 419 104 132398 305 335 138 41125 605 108 166 100 218 296 1183 632 10748 2325 141 194 515 289 411 537 257 209 2327 111 177 12034 131 104 270 559 256 461 122 107 243 783 287 19283 153 9317 171 265 456 127 494 1008 423 125 7770 482 126 1466 334 743 11281 17116 18696 1492 109 409 2108 162 677 197 126 1475 165 136 408 1644 212 9941 546 317 408 521 681 1277 6082 3924 2477 13607 382 2746 271 191 1509 3715 121 737 439 3767 330 839 3783 1110 107 145 3515 666 1703 144 269 206 1197 106 156 124 565 851 4585 962 5790 1174 545 27654 28911 1880
internal_value=-0.000899181 -0.000832372 -0.0010335 -0.00152943 0.000202939 -0.0198069 0.000818008 -0.00207635 -0.00103683 -0.00286219 -0.00863105 -2.17916e-05 -0.00728911 -0.00849903 -0.0204347 -0.0663259 -0.0335584 -0.00691 5.91313e-05 0.00796829 -0.00093032 0.00320021 -0.0299149 -0.0102376 0.00203673 -0.0122277 -0.00647864 -0.00124282 -0.00738154 0.00391892 0.00989977 -0.00327717 0.00285478 -0.00282584 0.000473512 -0.0242262 -0.0239023 -0.0189535 -0.0262852 -0.0176904 -0.0489231 -0.0379425 0.0117101 -0.00441654 -0.0386469 -0.000546572 -0.00255471 -0.00355076 -0.0229855 -0.0426952 0.0135364 0.00120921 -0.00279374 0.00538131 -0.00712471 -0.0251524 -0.00207574 -0.00395719 -0.0041189 -0.0065238 0.0100228 -0.0055929 -0.00307776 -0.0012619 0.00482337 -0.00251812 -0.00370293 -0.00341881 -0.00627866 -0.00512629 -0.00782244 -0.00511566 -0.0120235 -0.00865762 -0.000178267 -0.00175257 -0.0151242 0.00727669 -0.00933917 5.19986e-05 -0.00213062 -0.012962 -0.0078655 -0.0140316 -0.00107043 -0.0218581 -0.00622663 -0.00982676 -0.00053162 0.00178959 1.08599e-05 0.00311874 -0.0207017 -0.0100783 0.00212606 0.00232485 -0.0167342 -0.0200141 0.00195318 -0.00453882 -0.0256306 -0.0015948 0.00271761 -0.00224381 -0.00343617 -0.00833817 -0.00226213 -0.0155047 -0.0102445 -0.0308336 -0.0119072 -0.0292942 0.00892931 -0.0439201 -0.0491309 -0.0580411 -0.00781261 -0.00334981 -0.000298617 0.0109487 -0.00512348 -0.00161865 0.00507416 0.00200922 0.000819416 -0.00779433
internal_weight=519756 517927 496900 391927 94044 1829 104973 297883 124819 44598 14985 80221 14233 13385 1551 238 752 11834 29613 3292 26321 2660 1122 335 43967 1313 11726 40761 4153 21027 2842 707 596 173064 12269 235 566 1533 974 718 447 325 848 11531 787 36608 17073 16080 589 418 993 19535 15491 1925 917 252 37751 13566 2122 1926 460 11160 160795 28397 18905 36254 24821 24712 13116 12377 10269 7493 2260 2134 11596 9575 2776 2021 377 11433 5233 863 1337 929 9439 1439 10749 4667 2620 14790 4370 3128 659 388 64212 62703 1147 1026 58988 13084 739 35361 4622 30739 22969 4437 18532 3133 2261 558 414 872 1304 673 567 411 1242 17422 6398 1813 11024 5234 1719 58884 31230 2319
internal_count=519756 517927 496900 391927 94044 1829 104973 297883 124819 44598 14985 80221 14233 13385 1551 238 752 11834 29613 3292 26321 2660 1122 335 43967 1313 11726 40761 4153 21027 2842 707 596 173064 12269 235 566 1533 974 718 447 325 848 11531 787 36608 17073 16080 589 418 993 19535 15491 1925 917 252 37751 13566 2122 1926 460 11160 160795 28397 18905 36254 24821 24712 13116 12377 10269 7493 2260 2134 11596 9575 2776 2021 377 11433 5233 863 1337 929 9439 1439 10749 4667 2620 14790 4370 3128 659 388 64212 62703 1147 1026 58988 13084 739 35361 4622 30739 22969 4437 18532 3133 2261 558 414 872 1304 673 567 411 1242 17422 6398 1813 11024 5234 1719 58884 31230 2319
cat_boundaries=0 2 4 6 8 10 11 13 14 16 18 20 21 22 23 25 27 29 31 32 34 35 36 37 39 41 43 45 47 48 50 52 54 55 57 59 61
cat_threshold=84 2 3223475881 2829 303038466 8196 281788936 964 2573611658 4776 6 2151817218 4608 131072 287576064 168 0 4096 19140608 40 269484032 9028096 8320 524288 4 4194304 384 2147491840 4096 269008896 68 524288 557056 4 12 268468224 1057 16 2 1107821600 19713 268697600 136 262144 128 0 32 2097152 1073741824 768 2113536 513 2147483648 4 2147484160 1073742464 768 2888831107 1041 0 1040
is_linear=0
shrinkage=0.03


Tree=67
num_leaves=127
num_cat=35
split_feature=0 5 5 0 27 5 0 0 0 5 5 5 23 38 5 5 0 5 25 0 5 5 27 5 25 5 25 25 47 0 5 26 0 4 0 0 5 25 25 47 25 32 13 25 0 40 27 0 5 5 27 48 27 27 5 13 4 46 4 21 25 27 25 0 0 28 5 21 0 5 27 0 5 5 25 27 25 27 25 25 0 27 0 27 5 47 0 5 25 5 27 25 27 5 0 27 25 26 27 27 0 21 25 28 0 5 20 25 27 5 5 23 21 13 27 5 27 0 27 25 25 0 5 4 25 8
split_gain=707.921 529.088 487.498 366.518 396.211 890.611 808.033 3109.86 680.405 968.341 655.607 582.699 472.072 405.452 582.327 387.183 336.538 399.646 381.601 310.983 572.599 493.117 306.44 713.655 294.029 353.846 402.715 375.786 323.859 285.828 354.546 282.593 346.801 354.15 277.959 1176.9 475.18 722.096 391.135 412.145 277.755 267.959 260.258 509.743 249.942 888.134 386.492 265.541 381.327 311.026 293.023 310.185 255.32 248.256 246.606 244.894 237.103 236.704 231.122 229.255 213.253 305.129 206.471 866.799 205.244 204.071 261.536 201.553 200.929 236.359 199.998 186.579 986.445 645.689 492.817 969.054 530.509 366.907 236.102 579.671 304.552 252.841 231.131 189.061 184.668 184.25 182.504 398.541 359.459 308.082 187.454 182.104 181.446 178.874 972.12 1268.66 210.357 178.7 178.59 394.801 218.072 364.243 188.924 176.024 201.437 298.862 175.381 173.908 171.504 280.174 270.238 265.567 187.493 169.836 165.214 163.854 162.878 159.807 159.706 306.009 157.667 153.473 726 368.476 427.544 288.834
threshold=1715.0000000000002 0 1 1560.0000000000002 0.084925193339586272 2 475.00000000000006 425.00000000000006 155.00000000000003 3 4 5 0.081555202603340163 28.650000572204593 6 7 615.00000000000011 8 72.500000000000014 180.00000000000003 9 10 0.058047603815793998 11 76.500000000000014 12 74.500000000000014 19.500000000000004 35.935001373291023 155.00000000000003 13 0.13882523775100711 325.00000000000006 14 1225.0000000000002 1100.0000000000002 15 58.500000000000007 57.500000000000007 31.755000114440922 180.00000000000003 0.1711116507649422 40.500000000000007 37.500000000000007 1280.0000000000002 15.750000000000002 0.1045757830142975 950.00000000000011 16 17 0.11874964460730554 0.55000001192092907 0.098019190132617964 0.16352472454309466 18 4.5000000000000009 19 5.8642857074737558 20 0.090847242623567595 99.000000000000014 0.1575826704502106 77.500000000000014 950.00000000000011 1280.0000000000002 0.11604157090187074 21 0.1341296583414078 90.000000000000014 22 0.14500886201858523 1225.0000000000002 23 24 76.500000000000014 0.14242830872535708 135.50000000000003 0.16352472454309466 95.000000000000014 67.500000000000014 850.00000000000011 0.089248880743980422 615.00000000000011 0.10038758814334871 25 45.170000076293952 325.00000000000006 26 17.500000000000004 27 0.064750330522656455 16.500000000000004 0.098019190132617964 28 950.00000000000011 0.092709075659513487 64.500000000000014 0.046130226925015456 0.051913643255829818 0.058846931904554374 715.00000000000011 0.066131956875324263 20.500000000000004 0.06442133337259294 155.00000000000003 29 78.500000000000014 51.500000000000007 0.058846931904554374 30 31 0.07194120436906816 0.059908211231231696 37.500000000000007 0.12240357697010042 32 0.061421869322657592 950.00000000000011 0.061421869322657592 13.500000000000002 62.500000000000007 950.00000000000011 33 34 64.500000000000014 7.5000000000000009
decision_type=2 9 9 2 2 9 2 2 2 9 9 9 8 2 9 9 2 9 2 2 9 9 2 9 2 9 2 2 2 2 9 8 2 9 2 2 9 2 2 2 2 8 2 2 2 2 2 2 9 9 2 2 2 2 9 2 9 2 9 10 2 2 2 2 2 8 9 10 2 9 2 2 9 9 2 2 2 2 2 2 2 2 2 2 9 2 2 9 2 9 2 2 2 9 2 2 2 10 2 2 2 8 2 8 2 9 2 2 2 9 9 8 8 2 2 9 2 2 2 2 2 2 9 9 2 2
left_child=1 19 60 4 5 8 7 10 9 42 68 12 59 55 16 -12 18 -18 86 20 -1 -21 23 -16 25 26 34 28 92 30 -17 32 -10 -34 35 57 37 38 39 -36 41 -13 43 -3 47 46 -46 48 -26 50 51 -49 -51 56 -31 -7 -41 93 -38 -8 61 65 63 -19 -29 -2 -67 -4 69 -6 -39 73 74 78 83 76 85 -77 79 107 81 -81 -75 -73 98 -76 89 88 -88 -15 -89 -30 -27 94 95 -14 -96 -85 -33 102 101 -101 -100 -22 118 -106 -40 -43 110 -110 -23 -111 -112 -83 -74 -5 -91 -64 119 -105 -120 122 -95 124 -123 -124
right_child=2 3 67 115 6 13 11 -9 31 -11 15 40 24 14 22 29 17 62 -20 21 103 108 -24 -25 44 27 -28 64 91 54 -32 84 33 -35 36 -37 58 70 106 53 -42 71 -44 -45 45 -47 -48 49 -50 52 -52 -53 -54 -55 -56 -57 -58 -59 -60 -61 -62 -63 117 -65 -66 66 -68 -69 -70 -71 -72 72 114 82 75 77 -78 -79 -80 80 -82 113 -84 97 -86 -87 87 90 -90 116 -92 -93 -94 121 96 -97 -98 -99 99 100 -102 -103 -104 104 105 -107 -108 -109 109 111 112 -113 -114 -115 -116 -117 -118 -119 120 -121 -122 123 125 -125 -126 -127
leaf_value=0.0034016462044865305 0.013770148105991696 -0.063367063054000028 -0.0033190068089655983 0.020396969596268202 0.014694151829066191 0.00013464091452818663 -0.07065932776136645 -0.12026992532271373 0.01460450792102397 -0.00224075390154807 -0.039063509887719811 0.012227141526543852 -0.11181155942497453 0.013585956029193182 0.0045911588816140575 -0.019713858300352178 0.0052144514219391912 -0.090676776571820175 0.018766306462526319 0.0057401147804363312 0.0020974644820083029 0.0078281109832394804 0.0039832847269176078 -0.010517701432405057 -0.013113658006381189 -0.033504952234082987 0.013244075104948617 -0.0076275581552762983 0.010170952845078247 0.011492837578395103 0.0080029690455603077 -0.0031600741266576611 -0.046682468527241755 -0.0029651633509713733 -0.070481683471198403 -0.096124940583872248 0.00052946516927995118 0.01501782323278391 -0.094406358178924107 -0.022174753223892497 -0.034708571645306115 -0.002728378147930382 -0.06340197358184195 -0.0009749514374319309 -0.021176239982728034 0.02673374589960106 -0.095042926789219703 0.012667632234651432 0.005140596172585706 -0.036747258180099079 -0.0024069566039500181 0.0016876398103860761 -0.0062708212514569206 -0.055291762611804865 -0.02612130736591517 -0.0032199819762314826 0.0098559141675941646 -0.00071874972206753735 0.015238413596191262 -0.021470030316584784 0.002721281113513445 -0.069533330518590841 0.0074285082898850364 0.010907914444221225 0.029531669056043028 -0.017644472419626748 -0.051590803159986223 -0.039342719410489869 0.013512566671255227 -0.039277815662230112 -0.0073525686811116093 0.0088546118717227548 -0.0022041728300247589 -0.032275560085972148 -0.133260990948353 0.031300709002434333 -0.028487694313392993 -0.030403354066138217 0.0035741243630160618 -0.063632225756551697 -0.0088531575130306791 -0.013331959345685493 0.0071924026392468044 -0.016509791357569484 0.0067200633266018871 -0.076020717125023354 -0.056973175324645693 -0.00078702926461044951 0.001054206571363388 -0.013484127752135056 -0.031437021979385596 -0.024378286937438803 -0.079986615464214456 0.014259284536740231 0.014528819079608598 -0.011486175877350345 -0.018043216317892071 0.017302519035655141 -0.012741971441792191 -0.033145002400525633 0.0060130586969153422 -0.00070992066378514269 0.010294848316618931 0.014802399994367501 -0.0019533140242194917 -0.014464339187089691 -0.038003176626037145 0.0070380031240921178 0.0077330590825905772 -0.0326332694751637 0.0032145127217680699 0.00085174866664670197 -0.004956733085542871 -0.041628345480311087 0.0040585888301148988 0.0048086355681564398 0.0052399337524069618 -0.025061189741162317 -0.0065456699056865896 -0.0095734297008756662 0.0055622333019952081 -0.0057182530780056761 -0.022955904898356583 -0.0067377293095835832 -0.048315526978480954 -0.0042340908562235819
leaf_weight=12005 102 199 2265 771 130 24288 115 236 1030 3713 543 1729 190 850 6561 692 493 179 624 21474 2719 2219 26635 4910 3405 209 1290 15248 194 177 1006 3811 170 6758 133 128 12158 641 101 492 200 5907 270 287 123 182 133 2787 1471 267 13568 13668 3231 116 1254 101152 359 7270 1043 328 176 172 160 130 134 590 339 148 1167 147 817 371 7195 134 102 151 140 201 4553 152 2613 635 12602 2095 19301 112 305 1175 140 1402 211 465 120 1662 485 280 281 150 334 322 4850 8834 7434 520 2754 4620 101 2271 5647 213 3155 54663 12689 273 8011 2819 595 902 1520 4206 2661 419 1045 10333 429 2551
leaf_count=12005 102 199 2265 771 130 24288 115 236 1030 3713 543 1729 190 850 6561 692 493 179 624 21474 2719 2219 26635 4910 3405 209 1290 15248 194 177 1006 3811 170 6758 133 128 12158 641 101 492 200 5907 270 287 123 182 133 2787 1471 267 13568 13668 3231 116 1254 101152 359 7270 1043 328 176 172 160 130 134 590 339 148 1167 147 817 371 7195 134 102 151 140 201 4553 152 2613 635 12602 2095 19301 112 305 1175 140 1402 211 465 120 1662 485 280 281 150 334 322 4850 8834 7434 520 2754 4620 101 2271 5647 213 3155 54663 12689 273 8011 2819 595 902 1520 4206 2661 419 1045 10333 429 2551
internal_value=-0.000842047 -0.00074705 -0.0137552 -0.00130808 -0.00139804 -0.000605723 -0.00257947 -0.0140294 0.00262977 -0.00860866 -0.00910595 -0.00216411 -0.0035052 -0.00169204 0.000741525 -0.0158142 -0.00709812 -0.0180692 -0.00325177 0.00089901 -0.00172607 0.00171253 0.00221723 -0.0018815 -0.00336501 -0.00470487 -0.00325346 -0.00844986 -0.0263816 -0.0116569 -0.00336658 0.00358084 -0.00162922 -0.00404449 -0.0037732 -0.00574314 -0.000678472 -0.0119727 -0.0282452 -0.0211605 0.00048563 0.000628924 -0.0392909 -0.0266 -0.00133992 -0.0238481 -0.0597728 -0.00108255 -0.00762311 -0.000130954 0.000856553 0.00354799 -0.00858238 -0.0143111 -0.0215662 -0.00257046 -0.0086667 -0.00527553 0.00169139 -0.0343696 -0.0279068 -0.032618 -0.0262859 -0.0480416 -0.00730195 -0.026398 -0.0308184 -0.00552101 0.00800595 -0.0148706 0.00248598 0.000207989 -0.00214574 0.00170458 -0.0169261 -0.0392033 -0.0741774 -0.00392003 -0.00223061 -0.00446271 -0.0143612 -0.027918 0.00676933 -0.010966 0.00450457 -0.103796 -0.00619215 -0.0135782 -0.037906 -0.00143881 -0.00543321 -0.0142075 -0.0506498 -0.00714966 -0.0181322 -0.0521945 0.00257212 -0.0142439 0.0028293 0.00387899 0.000870376 -0.0018541 0.00930282 -0.00496517 -0.00614777 -0.00981495 -0.0665309 -1.57617e-05 0.000611103 0.00137681 -0.00195412 0.000721054 -0.0033274 -0.021876 0.00109458 0.00823138 -0.00786615 -0.0201639 -0.00311099 -0.0068888 0.0011599 -0.006308 -0.00208433 -0.0082995 -0.0272996 -0.0096527
internal_weight=519393 515601 3792 384536 380946 228025 152921 5352 57313 4469 5116 147569 97972 170712 45272 3672 7166 1864 5302 131065 31005 100060 38106 11471 97529 58694 42324 16370 988 3129 1698 52844 7958 6928 41034 25073 15961 2760 1302 1100 49597 49397 756 486 38835 438 256 38397 4876 33521 30023 16455 3498 967 1431 125440 851 24945 13201 443 1379 1203 1371 309 15382 1031 929 2413 1444 277 1458 47668 18528 29140 3322 706 354 352 16404 11851 3673 1060 12736 2616 44886 214 4678 1831 445 2847 1386 659 329 17675 1236 470 766 2245 25585 21774 14006 9156 7768 19000 16281 7374 202 8178 78586 60523 18063 54876 15844 908 15206 3590 1997 1062 8907 4726 4181 16439 5258 11181 848 3596
internal_count=519393 515601 3792 384536 380946 228025 152921 5352 57313 4469 5116 147569 97972 170712 45272 3672 7166 1864 5302 131065 31005 100060 38106 11471 97529 58694 42324 16370 988 3129 1698 52844 7958 6928 41034 25073 15961 2760 1302 1100 49597 49397 756 486 38835 438 256 38397 4876 33521 30023 16455 3498 967 1431 125440 851 24945 13201 443 1379 1203 1371 309 15382 1031 929 2413 1444 277 1458 47668 18528 29140 3322 706 354 352 16404 11851 3673 1060 12736 2616 44886 214 4678 1831 445 2847 1386 659 329 17675 1236 470 766 2245 25585 21774 14006 9156 7768 19000 16281 7374 202 8178 78586 60523 18063 54876 15844 908 15206 3590 1997 1062 8907 4726 4181 16439 5258 11181 848 3596
cat_boundaries=0 2 4 6 8 10 12 14 16 18 20 22 24 26 27 28 30 32 34 35 36 37 38 39 41 43 45 46 47 49 50 51 53 55 57 58
cat_threshold=423897686 42 327680002 8192 2761068544 8704 131072 512 1084785665 16656 3860513792 8724 589824 196 147464 4096 65536 128 16779328 42 4194326 2 2114720 19456 2182643712 8720 4224 1 32768 512 536870912 4 536887296 516 4224 1 4 59244544 32768 8 20736 10485889 3136 76546048 512 524288 524288 524288 512 8196 512 268697664 32 524288 4096 2147483648 16 1
is_linear=0
shrinkage=0.03


Tree=68
num_leaves=127
num_cat=30
split_feature=0 40 5 5 0 5 31 5 5 48 31 0 0 32 36 0 0 0 5 0 25 25 0 5 0 5 0 0 25 25 25 25 25 22 0 5 25 25 5 13 5 0 0 5 5 5 12 13 25 5 13 25 11 0 0 0 25 25 5 0 4 0 25 25 5 5 26 0 4 25 21 5 25 0 5 25 0 25 11 25 5 48 0 0 25 5 12 5 25 5 0 25 25 2 5 0 25 13 21 25 22 25 13 0 12 22 21 11 0 0 32 23 26 22 11 26 31 25 3 5 26 0 8 25 25 25
split_gain=618.391 575.615 464.872 422.971 405.702 1630.51 829.92 494.513 442.939 266.979 223.445 214.461 332.664 201.377 200.219 183.56 183.101 223.377 177.601 229.482 292.358 217.541 177.259 1234.12 1063.18 344.989 434.978 387.057 971.749 337.653 316.27 610.61 379.777 285.51 248.666 533.878 550.656 409.998 398.992 280.254 248.453 209.757 2723.18 1227.82 864.483 424.366 380.885 380.446 333.339 329.257 278.435 341.33 262.079 246.694 258.93 312.405 204.516 240.596 200.147 250.004 195.388 485.324 253.688 237.474 190.422 178.89 236.174 194.023 554.959 352.312 176.654 172.048 171.478 163.441 416.591 161.661 456.223 189.654 168.326 159.535 158.619 157.296 198.35 1012.43 849.626 326.553 184.827 178.478 219.178 196.299 161.629 153.456 153.254 147.989 365.99 577.692 500.236 366.541 188.699 152.971 220.062 161.69 147.871 232.394 144.574 144.398 143.999 143.726 142.418 173.421 275.584 232.13 183.866 173.324 141.814 140.669 140.479 140.351 139.123 138.008 214.182 299.404 172.983 149.925 194.911 171.962
threshold=1715.0000000000002 37.95000076293946 0 1 180.00000000000003 2 0.062614444643259062 3 4 44.250000000000007 0.089630849659442915 2375.0000000000005 6250.0000000000009 0.184942401945591 6.3499999046325692 1560.0000000000002 1560.0000000000002 1410.0000000000002 5 155.00000000000003 71.500000000000014 63.500000000000007 1100.0000000000002 6 1225.0000000000002 7 90.000000000000014 45.000000000000007 97.500000000000014 24.500000000000004 72.500000000000014 58.500000000000007 57.500000000000007 -0.46683321893215174 715.00000000000011 8 38.500000000000007 61.500000000000007 9 46.500000000000007 10 850.00000000000011 950.00000000000011 11 12 13 0.8930937945842744 42.500000000000007 113.00000000000001 14 39.500000000000007 72.500000000000014 -0.37447345256805414 155.00000000000003 225.00000000000003 325.00000000000006 51.500000000000007 57.500000000000007 15 90.000000000000014 16 615.00000000000011 103.50000000000001 102.50000000000001 17 18 0.087897893041372313 615.00000000000011 19 49.000000000000007 0.11234498769044877 20 41.500000000000007 155.00000000000003 21 37.500000000000007 615.00000000000011 32.500000000000007 0.69056403636932384 88.500000000000014 22 1.0000000180025095e-35 615.00000000000011 425.00000000000006 86.500000000000014 23 0.41985447704792028 24 59.500000000000007 25 950.00000000000011 15.500000000000002 26.500000000000004 26 27 155.00000000000003 75.500000000000014 40.500000000000007 0.10722555592656137 80.500000000000014 0.070210695266723647 19.500000000000004 44.500000000000007 1225.0000000000002 0.71952396631240856 0.078600723296403899 0.081383712589740767 -0.61237984895706166 90.000000000000014 325.00000000000006 0.22759647667407992 0.1168753318488598 0.049242068082094199 0.20159854739904406 0.091259401291608824 0.025458040647208694 0.050817217677831657 12.500000000000002 28 29 0.071667086333036437 1280.0000000000002 3.5000000000000004 75.500000000000014 68.500000000000014 38.500000000000007
decision_type=2 2 9 9 2 9 8 9 9 2 10 2 2 8 2 2 2 2 9 2 2 2 2 9 2 9 2 2 2 2 2 2 2 8 2 9 2 2 9 2 9 2 2 9 9 9 2 2 2 9 2 2 2 2 2 2 2 2 9 2 9 2 2 2 9 9 8 2 9 2 8 9 2 2 9 2 2 2 2 2 9 2 2 2 2 9 2 9 2 9 2 2 2 9 9 2 2 2 10 2 10 2 2 2 2 8 10 2 2 2 10 10 10 10 2 10 10 2 1 9 10 2 2 2 2 2
left_child=1 3 11 4 5 6 -1 73 75 -8 -4 -2 -13 -14 16 22 17 81 19 20 21 -9 25 30 -25 26 27 -5 29 -29 31 32 -24 -32 38 36 -36 39 -28 72 -26 44 46 48 45 -27 50 65 49 52 51 -43 -44 -47 -55 56 -56 -58 79 -60 61 62 -40 -63 116 66 108 -67 69 -69 -42 -3 -38 80 117 76 77 92 -78 -49 -7 -10 83 87 -85 90 -86 -83 89 -89 -84 -62 -6 94 95 97 -97 -93 -96 100 101 -95 -92 -104 -51 -66 -82 -79 115 113 111 -111 -113 -110 -72 -46 -45 -75 -59 122 -121 -122 -116 124 125 -124
right_child=2 71 10 15 8 7 9 18 14 -11 -12 12 13 -15 -16 -17 -18 -19 -20 -21 -22 -23 23 24 40 41 34 28 -30 -31 33 -33 -34 -35 35 -37 37 -39 60 -41 70 42 43 64 47 53 -48 58 -50 104 -52 -53 -54 54 55 -57 57 118 59 -61 91 63 -64 -65 105 67 -68 68 -70 -71 114 -73 -74 74 -76 -77 78 107 -80 -81 106 82 85 84 86 -87 -88 88 -90 -91 102 93 -94 99 98 96 -98 -99 -100 -101 -102 -103 103 -105 -106 -107 -108 -109 109 110 -112 112 -114 -115 119 -117 -118 -119 -120 120 121 -123 123 -125 -126 -127
leaf_value=-0.0042158470571810151 -0.053804361590761608 0.0055071863136172102 -0.0026257895033072248 0.014988687237403785 0.0057540057617936147 -0.025517262916245526 -0.077806165564178895 0.0085322920602214115 0.0026444666822324665 -0.04031624723362251 -0.042757830867035815 0.0045638692682330433 0.0080666990549518505 -0.036559467907675565 0.0016710649588250236 0.005851052718849439 0.0103941670073129 -0.030530069022317943 -0.0027463037259848285 -0.014322547521043848 0.0058814008060150257 -0.032571437280387319 -0.01834191029303394 -0.089256787669090995 0.012323975816815042 0.012948824682510011 0.011459755545168574 -0.005961909875997015 -0.10025123753855304 -0.040231254801434101 0.015774058357757682 0.019083197828213772 -0.076180751481942366 -0.036459112156663247 0.01958300165056465 0.0061135189313852659 -0.020499140564874205 -0.07142159103785109 -0.0031005657947706902 -0.033896620260737836 0.004802203116757808 -0.11055695426664673 -0.031264546712568286 0.0037226726337751849 0.044623456947943743 -0.0093066522633190388 -0.117224961701086 -0.01149511489460508 -0.017789803605088965 -0.0062346241831777822 -0.025850560323140304 -0.044620084096185911 -0.0088768037661943067 0.015412528037550293 -0.017006131953711593 0.0038123502769936233 0.015867101858512044 -0.0086731849356178232 0.02029799850022709 -0.0051758414103659301 -0.017983501299807074 -0.020268792246693514 0.016809774837567987 -0.005546315264341785 0.023975968877944977 -0.0031659710605501461 0.00060934483100780472 -0.094210285047690065 -0.006988325941674112 -0.025460168518414154 -0.0014836337382422302 0.0013811772480562504 -0.001215796703780419 0.036876784919837459 0.0012640540802545896 0.0057032117682480656 -0.0040342526101295488 0.02143652405105128 -0.023768206200706705 0.014581358814526588 0.00043273311155161108 0.0017549914071900983 0.021485516278266108 0.0015376856901189861 -0.1123881999000174 -0.00069512274789014701 -0.058911128599535331 -0.0057729065702728163 -0.0017059333311685786 -0.018442917692616516 0.010302597960981074 -0.013470936218313504 0.01877066901150222 -0.0087348780339847887 0.0044960578750155161 -0.016823781270584866 0.0101682978658778 -0.071909265326943625 -0.036466135251171448 -0.0038428679001798935 -0.013288753297492498 0.0026949433714131979 -0.044145739872528372 0.014019760907698077 -0.00096087619275671764 0.0081732080775887162 0.031002436965069869 -0.017646628176573843 -0.010189061337631738 0.0049382639558915638 -0.019739194386127236 -0.047551673250954322 -0.0068696126825965771 0.0089759239336981052 -0.0016018223525810999 0.00043454851905747662 -0.01188977022682703 0.014695971772356212 0.0086514944655886085 0.0021130069658758218 -0.0058973318536084049 -0.043353553374900537 -0.0051619198492844588 -0.023522038480963271 -0.00088252576343580828 -0.024634861030909241
leaf_weight=395 220 12762 2313 356 5218 198 338 167 9858 354 131 320 103 760 41968 2787 1286 229 26266 2926 1454 375 1084 125 1054 3441 2395 1257 123 325 101 397 112 1298 554 14300 570 104 1484 399 2861 129 764 6735 101 1712 117 6899 2249 15930 171 160 1226 1316 1036 14114 576 2235 354 14957 438 1848 940 2115 639 16736 29178 107 2158 180 22307 31680 1520 304 4112 18757 4491 103 425 217 8436 6442 874 169 121 46678 120 6829 14636 1312 787 201 964 1226 13335 1148 1336 186 101 13121 951 12086 128 118 6624 2798 140 457 5291 3492 609 122 537 461 1962 178 561 1649 512 3944 3296 203 719 867 1348 945
leaf_count=395 220 12762 2313 356 5218 198 338 167 9858 354 131 320 103 760 41968 2787 1286 229 26266 2926 1454 375 1084 125 1054 3441 2395 1257 123 325 101 397 112 1298 554 14300 570 104 1484 399 2861 129 764 6735 101 1712 117 6899 2249 15930 171 160 1226 1316 1036 14114 576 2235 354 14957 438 1848 940 2115 639 16736 29178 107 2158 180 22307 31680 1520 304 4112 18757 4491 103 425 217 8436 6442 874 169 121 46678 120 6829 14636 1312 787 201 964 1226 13335 1148 1336 186 101 13121 951 12086 128 118 6624 2798 140 457 5291 3492 609 122 537 461 1962 178 561 1649 512 3944 3296 203 719 867 1348 945
internal_value=-0.000785533 -0.000696175 -0.0127673 -0.00100379 2.90985e-06 -0.00244729 -0.0385774 -0.00158447 0.000715637 -0.0587136 -0.00477398 -0.0264559 -0.0215522 -0.0312301 -3.88574e-05 -0.00180572 -0.000839903 -0.00100363 -0.00372905 -0.00895562 -0.00112969 -0.0199142 -0.001888 -0.00365674 -0.00225012 -0.00154063 0.000149726 -0.0134315 -0.0193708 -0.013023 -0.0221997 -0.0131206 -0.0238174 -0.0326796 0.000547767 0.00365354 -0.00751855 -0.0133432 -0.000476388 -0.0108887 -0.00197314 -0.00238691 -0.00429734 -0.0033019 -0.00170372 0.00318325 -0.0689188 -0.00319792 -0.00673503 -0.00572413 -0.0564046 -0.0743319 -0.0173959 0.00161455 0.00256061 0.00164427 -0.00537502 -0.0017448 -0.00652541 -0.00458259 -0.00104457 -0.00594855 0.00462419 -0.012415 0.00526948 -0.00193674 -0.000792908 -0.00431741 -0.0122121 -0.0513299 -0.00236794 0.00256765 -0.00648218 0.00292233 0.00671076 0.00397768 0.00120456 0.00627185 -0.00574479 -0.010683 0.000306462 -0.000926511 -0.00137662 -0.00331116 -0.0500686 -0.000196821 -0.0861141 -0.00265337 -0.00389926 -0.00784656 0.0119353 -0.000334907 0.00778649 -0.000157574 0.00210419 -0.00760016 -0.00230805 -0.0416705 0.00418234 -0.00150469 0.000645344 0.00164171 0.00395745 -0.0163014 -0.00468378 0.0110851 0.000934239 -0.0104327 -0.00458493 -0.00514695 -0.000910788 0.00185565 -0.0144617 -0.00865177 -0.0029451 0.0165335 0.00251729 0.0180732 -0.00544215 -0.00539895 -0.00267666 -0.00808218 -0.00884709 -0.0125332 -0.00936332 -0.0162289
internal_weight=519824 515977 3847 471535 209084 47114 1087 46027 161970 692 2444 1403 1183 863 131555 262451 89587 88301 31188 4922 1996 542 259664 42623 39631 217041 72419 2061 1705 1582 2992 1593 1196 1399 70358 17447 3147 2593 52911 2489 39506 144622 38103 37526 106519 24942 577 81577 26793 24544 460 289 1990 21501 19789 18473 4359 3323 22427 15311 50516 6387 2424 3963 10733 59150 39969 19181 2445 287 38452 44442 2090 14839 6065 30415 11658 6742 4916 7116 8774 88072 78214 29629 410 48585 241 29219 22777 8141 1907 44129 6182 43691 16307 2871 2484 387 13436 27384 14263 13312 1033 246 22554 3437 8576 560 10791 10512 4760 4151 659 5752 35591 279 7296 1953 2747 13284 7443 3499 5841 3879 3012 1664
internal_count=519824 515977 3847 471535 209084 47114 1087 46027 161970 692 2444 1403 1183 863 131555 262451 89587 88301 31188 4922 1996 542 259664 42623 39631 217041 72419 2061 1705 1582 2992 1593 1196 1399 70358 17447 3147 2593 52911 2489 39506 144622 38103 37526 106519 24942 577 81577 26793 24544 460 289 1990 21501 19789 18473 4359 3323 22427 15311 50516 6387 2424 3963 10733 59150 39969 19181 2445 287 38452 44442 2090 14839 6065 30415 11658 6742 4916 7116 8774 88072 78214 29629 410 48585 241 29219 22777 8141 1907 44129 6182 43691 16307 2871 2484 387 13436 27384 14263 13312 1033 246 22554 3437 8576 560 10791 10512 4760 4151 659 5752 35591 279 7296 1953 2747 13284 7443 3499 5841 3879 3012 1664
cat_boundaries=0 2 4 6 8 10 11 13 15 16 17 19 21 23 25 27 28 29 31 33 34 36 38 39 40 42 44 45 47 48 50
cat_threshold=327680002 8192 432421590 5290 131072 4096 25172032 42 4325526 2 18 1073774592 16640 3825205256 17152 2147483648 2147483648 34078720 16 1081344 10260 1081344 84 0 68 0 16 2114592 4 33637376 1 2098208 10241 1 3271952596 29706 6208 2 2048 2560 268705856 1056 16779264 4224 5 67108864 512 2 2147483656 516
is_linear=0
shrinkage=0.03


Tree=69
num_leaves=127
num_cat=40
split_feature=1 33 5 1 5 1 1 2 5 5 5 25 23 1 45 5 1 1 1 5 1 1 5 1 5 5 5 1 11 11 1 1 1 5 44 25 5 21 1 25 25 5 30 1 1 5 5 5 47 5 13 13 13 25 25 1 5 1 5 5 25 11 11 5 25 29 1 25 5 2 20 11 5 11 1 11 25 3 31 32 1 5 5 25 48 4 1 25 25 1 5 25 25 25 20 5 23 24 2 5 5 1 5 25 25 25 1 11 47 23 1 5 5 11 25 5 21 1 38 25 30 31 25 25 11 5
split_gain=708.6 509.591 422.626 623.289 414.148 379.527 328.485 419.82 1086.25 704.305 559.971 453.256 389.092 319.147 423.09 262.995 262.466 1905.93 1127.99 654.458 714.217 664.128 525.763 394.032 392.707 378.193 284.831 782.954 591.748 422.605 276.204 258.418 365.345 247.755 245.925 217.759 216.94 228.385 221.415 739.085 559.292 430.363 238.872 202.157 2597.8 1012.94 796.448 367.989 360.543 314.676 313.971 313.869 306.044 305.907 293.535 256.277 226.59 290.664 477.736 356.864 222.075 224.2 218.063 219.641 194.082 187.735 191.201 185.818 174.962 244.306 250.13 174.705 171.828 171.768 170.892 289.119 168.066 167.019 163.177 161.951 161.452 480.247 440.248 448.039 238.337 173.759 457.654 230.552 214.197 211.468 177.551 834.554 159.032 153.848 149.246 152.457 801.765 240.453 149.131 258.282 202.46 178.67 247.831 160.034 191.734 147.486 470.485 360.219 318.189 192.505 202.501 147.127 147.027 146.912 146.598 146.03 144.844 139.617 573.613 139.127 141.216 138.814 159.918 353.776 207.681 275.353
threshold=7.4465231895446786 7.849999427795411 0 7.7717878818511972 1 9.461545944213869 7.3527534008026132 2 3 4 5 47.500000000000007 0.058227287605404861 5.0493419170379648 21.474999427795414 6 6.4229502677917489 6.0527143478393564 6.1640367507934579 7 6.744683265686036 6.8561301231384286 8 6.8561301231384286 9 10 11 6.5665833950042733 -0.88218119740486134 -0.10837695002555846 6.3076004981994638 4.1348783969879159 4.5047848224639901 12 0.076499998569488539 20.500000000000004 13 0.15616496652364734 5.0493419170379648 58.500000000000007 19.500000000000004 14 0.074335586279630675 6.744683265686036 6.8561301231384286 15 16 17 14.25500011444092 18 39.500000000000007 38.500000000000007 32.500000000000007 72.500000000000014 113.00000000000001 5.759707212448121 19 5.759707212448121 20 21 49.000000000000007 -0.66528618335723866 0.3744682669639588 22 77.500000000000014 0.040852611884474761 5.0493419170379648 61.500000000000007 23 24 60.500000000000007 -0.16799356788396833 25 -0.86546283960342396 7.1113042831420907 0.24372619390487674 64.500000000000014 26 0.089630849659442915 0.18594042211771014 6.5665833950042733 27 28 58.500000000000007 127.1999969482422 29 6.4229502677917489 103.50000000000001 102.50000000000001 6.4229502677917489 30 68.500000000000014 52.500000000000007 52.500000000000007 30.500000000000004 31 0.061658605933189399 1.0233386158943178 32 33 34 5.759707212448121 35 77.500000000000014 80.500000000000014 99.000000000000014 7.1552743911743173 -0.90529522299766529 12.47499990463257 0.043235365301370628 7.1552743911743173 36 37 -0.92923668026924122 100.50000000000001 38 0.078572388738393797 7.1113042831420907 20.050000190734867 80.500000000000014 0.065987627953290953 0.023909910582005981 95.000000000000014 93.500000000000014 0.24372619390487674 39
decision_type=2 2 9 2 9 2 2 9 9 9 9 2 10 2 2 9 2 2 2 9 2 2 9 2 9 9 9 2 2 2 2 2 2 9 2 2 9 10 2 2 2 9 8 2 2 9 9 9 2 9 2 2 2 2 2 2 9 2 9 9 2 2 2 9 2 8 2 2 9 9 2 2 9 2 2 2 2 1 10 10 2 9 9 2 2 9 2 2 2 2 9 2 2 2 2 9 10 2 9 9 9 2 9 2 2 2 2 2 2 8 2 9 9 2 2 9 10 2 2 2 8 8 2 2 2 9
left_child=1 4 3 -2 15 -5 7 10 11 13 80 12 74 14 -10 -1 17 24 73 21 26 25 -23 -22 31 -18 27 28 -21 -29 -20 -17 -33 -15 71 -30 37 -11 39 -38 -40 -41 -43 46 48 49 47 -12 -45 52 53 -48 -46 -50 62 77 -53 59 60 -58 61 -59 -51 -64 -35 66 -34 -61 69 70 -3 -28 -47 -19 -9 -76 -54 -49 -4 -44 81 -6 83 -82 -85 86 87 -83 113 119 -91 -92 -72 -24 -42 96 97 -96 100 103 -70 102 -102 -100 -105 109 107 -107 -108 -97 -111 -8 -16 -88 -109 -103 -67 118 -13 120 -87 -26 123 124 -123 -126
right_child=2 68 78 5 6 -7 111 8 9 36 43 117 -14 33 112 16 19 18 30 20 23 22 93 -25 121 -27 34 29 35 -31 -32 32 65 64 -36 -37 38 -39 40 41 94 42 79 44 45 72 51 55 50 54 -52 56 76 -55 -56 -57 57 58 -60 67 -62 -63 63 -65 -66 116 -68 -69 98 -71 92 -73 -74 -75 75 -77 -78 -79 -80 -81 82 85 -84 84 -86 89 88 -89 -90 90 91 -93 -94 -95 95 105 -98 -99 99 -101 101 115 -104 104 -106 106 108 114 -110 110 -112 -113 -114 -115 -116 -117 -118 -119 -120 -121 -122 122 -124 -125 125 -127
leaf_value=0.0056821497982948469 -0.09598969248386148 -0.045022324362443758 -0.006185753940534445 0.0042644541109309562 0.0055613606751728035 -0.037214308124172299 0.019598443980208258 -0.056308375025768381 0.0037814164948091833 -0.0020656707142586691 0.012531219809933547 -0.0097376179474669786 0.0043412337228959505 0.012121620303396434 -0.0082531754405803046 -0.015867921580341931 0.0044088746396859215 -0.062750183080925656 0.019499716464170189 -0.071168944410406623 0.041074024588537858 -0.064452898321407187 -0.0067817855907513274 0.0011109605752438339 0.0062795815513825917 0.017127327096230893 -0.0088156027163971556 -0.02914668413914593 -0.038572588465651689 -0.11191345900926437 -0.037166860951974835 0.034639218121573521 -0.00112633021943661 -0.00035461031164748087 -0.0037937379827304865 0.00012654349931564494 0.010390720899678501 -0.029992747432867384 -0.035335879658462438 -0.02563216776741219 -0.040094655307179504 0.0066987297053151124 -0.0063025657250246666 -0.10210393808702831 -0.0075588125350600837 0.010492868573247388 -0.0018314587296285659 -0.0072247027408202866 -0.10618448803249908 -0.0025398467178883335 -0.01095573343458723 -0.010576832954698601 -0.00078809672540851999 -0.04009357602842923 -0.015809149394225834 0.0036187021549450912 0.011867688072736618 -0.033599290093757159 -0.00014206087522977885 0.0011300997523495373 -0.0069592842967186831 -0.013746801271601064 -0.019776134314126177 -0.0061078556847752692 0.01066128451877058 0.0009102150922539378 0.033093219090106485 -0.017289887724698791 0.0082196492104802382 0.0012543900471173866 -0.02270385427110836 -0.041412212582925954 0.002093753650184296 -0.11206259725671826 -0.0026748330213806843 -0.049345203632562375 -0.036723761729532158 0.0080893315187142798 -0.039068775707399923 -0.02983573770650276 -0.0020924882910354388 -0.0029469803026075125 0.0049995352022131076 -0.021501186101407766 -0.072277439243293232 -0.023411972625671247 -0.039851606139386805 0.016208626641719761 -0.0057033055571099629 0.0064235902703341933 -0.069581114565608684 0.0067683451569838715 0.0050627070883213464 0.0032435715028277371 -0.0097905055899155814 0.013266758177346063 -0.063102244734764099 0.019771890385054992 -0.0048380654771594308 0.0049682118413359776 0.007264247614527041 0.009287656476935283 -0.012310340342406034 0.01423745757414229 -0.005584171820210369 -0.020136463303496725 -0.067741888578121467 -0.02757343438989978 -0.0038930798221278834 -0.0044485036086190392 0.025975580928660928 0.0042228232288649484 -0.027710566493423471 -0.016118040363424513 -0.003511147984880857 0.0022371484762303455 0.0085446152508582753 -0.0082114192030731826 -0.090162327436748707 -0.0040094963163555038 0.00034891794504411747 -0.0018029695857693913 0.00033406341256345226 -0.019545720161733015 0.00020870695202209811 -0.0097054417535803825
leaf_weight=7110 116 224 2726 312 10994 544 705 471 2102 28661 3272 382 183 3474 802 734 3549 101 128 129 222 101 1773 52326 1652 5248 329 113 146 110 193 307 257 5654 11228 1192 3033 265 614 1004 117 1330 3189 187 1140 3194 37676 3731 114 15819 121 7556 139 144 2235 14176 1941 797 4336 1271 1937 1436 1367 4729 1930 29227 342 804 7523 1949 372 269 6993 197 197 303 745 773 142 286 3845 1485 18384 409 104 227 275 912 2124 5294 161 629 369 6165 4861 609 251 260 7367 6388 917 3216 1561 963 806 1535 194 234 110 12752 199 2670 654 1600 7548 14781 2421 1638 100 13165 17780 35538 13669 1182 3762 7670
leaf_count=7110 116 224 2726 312 10994 544 705 471 2102 28661 3272 382 183 3474 802 734 3549 101 128 129 222 101 1773 52326 1652 5248 329 113 146 110 193 307 257 5654 11228 1192 3033 265 614 1004 117 1330 3189 187 1140 3194 37676 3731 114 15819 121 7556 139 144 2235 14176 1941 797 4336 1271 1937 1436 1367 4729 1930 29227 342 804 7523 1949 372 269 6993 197 197 303 745 773 142 286 3845 1485 18384 409 104 227 275 912 2124 5294 161 629 369 6165 4861 609 251 260 7367 6388 917 3216 1561 963 806 1535 194 234 110 12752 199 2670 654 1600 7548 14781 2421 1638 100 13165 17780 35538 13669 1182 3762 7670
internal_value=-0.000865212 -0.000769679 -0.013703 -0.0306997 -0.00106606 -0.0221085 -0.00179173 -0.00190436 -0.00366317 -0.00298233 -0.0011341 -0.0205795 -0.0357656 0.00298355 -0.00482861 2.74115e-05 -0.000195937 -0.00125209 -0.0536836 0.00104467 -0.000301383 0.0063227 9.33146e-05 0.00128057 -0.000916128 0.0120218 -0.00645162 -0.0179402 -0.0100621 -0.0702907 -0.0145805 0.00172273 0.00212035 0.00550009 -0.00478925 -0.00412189 -0.00428304 -0.00232174 -0.00576997 -0.00161068 -0.0070277 -0.00787757 -0.00410134 -0.00244685 -0.004282 -0.00328829 -0.0015969 0.00326644 -0.0680016 -0.00641066 -0.050951 -0.00344542 -0.0177547 -0.0695938 -0.00545227 0.0016372 -0.00647547 -0.00398836 -0.00713189 0.00265991 -0.0143634 -0.0208444 -0.00439784 -0.0092181 0.00244656 0.0018097 0.018434 -0.00598316 0.00222831 -0.00487752 -0.0171366 -0.0235233 0.00473566 -0.0956151 -0.0433211 -0.0309991 -0.0310805 -0.00459522 -0.00779972 -0.00824742 0.00084444 -3.94404e-05 0.00296857 -0.00559678 -0.0319156 -0.00145107 -0.00601912 0.00434498 -0.0122309 -0.00066709 0.00444849 -0.00874917 -0.00888859 0.00100251 -0.00642024 -0.00628085 -0.0108383 -0.00828602 0.00270467 0.000345234 0.00401226 0.00246278 -0.00508698 -0.0028893 0.00520818 -0.00521735 -0.00806036 -0.00685931 -0.0447272 -0.00320359 -0.00397905 0.00751003 -0.0172528 -0.0196184 -0.00423814 0.0035039 0.00149448 -0.0123972 -0.0265754 -0.00166564 4.80997e-05 -0.00229997 -0.00252971 -0.00334264 -0.00293449 -0.0064515
internal_weight=520004 516164 3840 972 469728 856 282338 278963 84942 81668 194021 3274 1154 14616 3558 187390 180280 97380 619 82900 66064 16836 8039 52548 96761 8797 13516 1690 1467 223 321 33288 32554 11058 11826 1338 67052 28926 38126 8842 29284 5809 4805 116633 36927 36361 79706 21952 566 26174 379 57754 2024 258 24150 18680 20078 12522 8506 4016 4170 2233 21915 6096 7584 32247 599 2075 46436 2914 965 598 10187 298 971 500 884 4504 2868 3475 77388 54646 22742 4358 513 43652 6396 2397 3999 37256 6084 790 741 7938 28670 28553 5372 5121 43522 15524 27998 20475 2478 9136 1769 23181 9621 9317 304 13560 12951 3375 1456 1875 7782 17997 31648 2120 482 31172 18007 63473 61821 48152 46970 11432
internal_count=520004 516164 3840 972 469728 856 282338 278963 84942 81668 194021 3274 1154 14616 3558 187390 180280 97380 619 82900 66064 16836 8039 52548 96761 8797 13516 1690 1467 223 321 33288 32554 11058 11826 1338 67052 28926 38126 8842 29284 5809 4805 116633 36927 36361 79706 21952 566 26174 379 57754 2024 258 24150 18680 20078 12522 8506 4016 4170 2233 21915 6096 7584 32247 599 2075 46436 2914 965 598 10187 298 971 500 884 4504 2868 3475 77388 54646 22742 4358 513 43652 6396 2397 3999 37256 6084 790 741 7938 28670 28553 5372 5121 43522 15524 27998 20475 2478 9136 1769 23181 9621 9317 304 13560 12951 3375 1456 1875 7782 17997 31648 2120 482 31172 18007 63473 61821 48152 46970 11432
cat_boundaries=0 2 4 5 7 9 11 13 15 16 18 19 20 22 24 26 28 30 32 34 36 37 38 39 40 41 43 44 45 46 47 49 50 51 53 55 57 59 61 63 65
cat_threshold=310378498 8192 499399382 1194 6 131072 4096 35651585 8273 2684551208 21248 16 2 2566 128 2048 348397632 40 2 83886080 35651585 16 3222799368 4 16384 512 1081344 10260 1081344 84 0 68 0 16 35652609 1 540672 540672 1048576 4734977 4 2621440 64 2 2147614760 2147614720 4 0 20736 98336 6 2820899366 23437 134414390 17160 41977984 7200 524288 4096 2097152 1 1090528768 129 16781440 1024
is_linear=0
shrinkage=0.03


Tree=70
num_leaves=127
num_cat=9
split_feature=0 33 37 48 21 11 0 25 0 32 23 0 25 2 4 30 44 20 25 25 0 29 0 0 27 27 0 27 4 21 6 44 25 27 25 4 27 25 25 27 21 0 4 25 27 46 0 48 25 33 0 11 25 30 0 20 32 23 27 0 25 25 40 20 27 25 44 27 25 25 0 25 0 29 25 0 48 25 0 25 25 27 25 0 29 30 26 25 21 25 23 0 0 24 27 20 25 25 23 29 25 29 27 25 25 24 40 27 25 44 4 0 26 27 20 25 11 0 25 25 4 26 0 2 20 2
split_gain=649.192 511.937 393.788 245.795 287.039 204.016 191.351 784.071 195.278 200.791 236.721 160.165 146.704 139.083 146.639 156.538 137.561 354.131 181.8 136.599 135.767 148.601 128.071 126.081 123.509 217.088 116.359 115.735 123.765 115.658 114.32 114.177 161.623 165.441 157.053 378.816 201.687 285.44 124.934 195.955 122.48 146.823 121.156 221.896 121.092 108.046 126.416 218.004 107.877 104.563 103.69 102.111 135.584 101.42 104.674 100.381 99.6275 113.145 107 102.307 226.668 98.1553 97.8303 118.702 96.8854 264.693 138.217 128.446 190.612 117.013 149.107 103.288 95.9052 92.1203 91.3141 90.5717 91.0765 88.9158 87.9986 86.2433 106.818 100.031 156.398 167.067 145.718 133.109 153.937 141.726 124.925 100.019 95.3761 94.8914 153.005 194.536 108.186 151.742 93.1805 85.7111 149.411 101.189 92.8846 84.6601 84.355 127.424 92.5292 83.6943 82.9213 85.0157 196.909 369.773 138.344 82.5733 114.319 108.993 90.0435 83.8663 114.608 82.4832 80.7974 80.1881 79.2385 79.1916 78.4972 77.7574 77.7232 77.2555
threshold=1715.0000000000002 7.2500000000000009 8.0500001907348651 6.9500000476837167 0.090277068316936507 0.2603727281093598 1840.0000000000002 82.500000000000014 13030.000000000002 0.184942401945591 0.10007642209529878 1560.0000000000002 93.500000000000014 0 1 0.13269115239381793 0.1094999983906746 92.500000000000014 63.500000000000007 114.50000000000001 180.00000000000003 0.041942948475480087 1255.0000000000002 27950.000000000004 0.064750330522656455 0.059393314644694335 45.000000000000007 0.058846931904554374 2 0.084427561610937132 1.0000000180025095e-35 0.076499998569488539 36.500000000000007 0.16058247536420825 32.500000000000007 3 0.12240357697010042 20.500000000000004 14.500000000000002 0.060448419302701957 0.12412916123867036 950.00000000000011 4 20.500000000000004 0.086274277418851866 3.4714288711547856 475.00000000000006 35.349998474121101 43.500000000000007 10.049999237060549 325.00000000000006 -0.5917624533176421 22.500000000000004 0.090846620500087752 615.00000000000011 51.500000000000007 0.16537029296159747 0.067687273025512709 0.089248880743980422 325.00000000000006 140.50000000000003 8.5000000000000018 32.750000000000007 56.500000000000007 0.059944719076156623 37.500000000000007 0.12550000101327899 0.061421869322657592 12.500000000000002 68.500000000000014 155.00000000000003 15.500000000000002 135.00000000000003 0.11291518062353136 20.500000000000004 475.00000000000006 1.0000000180025095e-35 50.500000000000007 61.500000000000007 52.500000000000007 56.500000000000007 0.092709075659513487 123.00000000000001 950.00000000000011 0.11490825563669206 0.21207672357559207 0.1366594657301903 113.00000000000001 0.14014542102813723 113.00000000000001 0.03262977488338948 950.00000000000011 615.00000000000011 0.99156880378723156 0.095947422087192549 42.500000000000007 103.50000000000001 68.500000000000014 0.058227287605404861 0.041942948475480087 51.500000000000007 0.1178257428109646 0.060448419302701957 69.500000000000014 68.500000000000014 0.92561721801757824 37.549999237060554 0.053263295441865928 20.500000000000004 0.1094999983906746 5 325.00000000000006 0.012954398989677431 0.08212983608245851 55.500000000000007 69.500000000000014 -0.12546116113662717 180.00000000000003 17.500000000000004 143.00000000000003 6 0.058766001835465438 715.00000000000011 7 106.50000000000001 8
decision_type=2 2 2 2 8 2 2 2 2 8 10 2 2 9 9 10 2 2 2 2 2 10 2 2 2 2 2 2 9 8 2 2 2 2 2 9 2 2 2 2 10 2 9 2 2 2 2 2 2 2 2 2 2 10 2 2 10 10 2 2 2 2 2 2 2 2 2 2 2 2 2 2 2 10 2 2 2 2 2 2 2 2 2 2 8 10 10 2 10 2 8 2 2 2 2 2 2 2 8 10 2 10 2 2 2 2 2 2 2 2 9 2 8 2 2 2 2 2 2 2 9 10 2 9 2 9
left_child=1 2 20 12 53 26 7 -2 -8 -10 16 13 22 14 15 19 17 23 -19 -7 21 118 24 -11 25 117 -6 28 -16 -22 51 32 -15 45 35 38 40 -38 39 -33 41 42 43 -37 -44 46 47 -34 -47 125 -21 -28 -53 54 101 -32 57 59 78 119 121 -30 63 -18 65 66 -27 68 -66 -69 -71 -68 97 -60 123 76 -26 -74 -58 91 -81 82 85 -84 -83 86 90 -88 89 96 -82 92 -79 -94 -93 -96 -86 100 99 -99 -36 -5 103 104 -92 -77 107 -63 109 -109 -111 -54 113 -113 -114 116 -116 -4 -1 -55 -43 -61 -76 -40 -65 -3
right_child=6 49 3 4 5 11 8 -9 9 10 -12 -13 -14 31 27 -17 62 18 -20 50 29 -23 -24 -25 75 64 30 -29 61 -31 55 34 33 -35 72 36 37 -39 74 -41 -42 120 44 -45 -46 48 -48 -49 -50 -51 -52 52 111 56 -56 -57 58 -59 73 60 -62 106 -64 124 67 -67 71 69 -70 70 -72 -73 77 -75 122 105 -78 79 -80 80 81 84 83 -85 88 -87 87 -89 -90 -91 102 94 93 -95 95 -97 -98 98 -100 -101 -102 -103 -104 -105 -106 -107 -108 108 -110 110 -112 112 114 -115 115 -117 -118 -119 -120 -121 -122 -123 -124 -125 -126 -127
leaf_value=0.0073777997316318419 0.015761780863597002 0.0032292066016859728 -0.0073140591000903435 -0.0021185533556590404 0.017292085081781233 0.0020016448812890278 -0.0041339377845404065 -0.091696292719533362 0.012553965349135728 -0.034207661822438243 -0.064118744960618673 0.0076808410634286112 -0.0041624008877051959 0.0009140956470800424 0.0024300010671345243 0.012510256207990556 0.0031614799018089587 -0.028258467742374963 0.022452729886061833 -0.034577795673819148 0.0043621772606014979 0.0024312076067130022 0.010834368479689384 -0.073365306387776913 0.0026568581598702215 0.0010153910213457976 -0.0021605142769865562 0.0066815211568701715 0.01710788945235046 0.0010678518917997515 -0.003730608070223569 -0.022274321758787016 -0.061564045521534154 -0.00040413540041947434 -0.011033924057520574 -0.00022530365773219599 -0.0072274944600139229 -0.056351583561279457 -0.024395022658739839 0.017584312761445408 -0.021291132126041133 0.00085947884236855176 -0.005409115385194202 -0.044675241530808138 0.012970031168098087 -0.035061774754926098 -0.007428034557776594 -0.0081329053700828421 -0.013997760258236775 0.0041017420200399361 -0.0023139011064429731 0.0030949965510121825 -0.0027715808645545951 0.0029115365457606426 0.0021698431979622272 -0.016027183283081989 -0.019102818618098701 0.0054365032264610726 -0.026347483532994005 0.0091108221716938477 0.01322011501455563 -0.0034706010035828461 0.0047157635697775762 -0.03150202184872225 0.031994155764592108 0.0088089057718663474 0.00028759238214286811 0.0070404653264914433 -0.00213488070094191 0.0089122761647787777 -0.016621465833611189 -0.027118575672357568 0.00060556808680258564 -0.0036181300081655132 -0.0028208073483086951 -0.0096719236906214149 -0.0039866984172190392 0.011052849262591397 0.0011925066625441442 0.0059347554182425741 0.017643809660158334 -0.025654196061421358 0.0066181174997445285 -0.024084526583928179 -9.4165111985547955e-05 -0.031698419022639944 0.0047194472884288163 -0.026318856739638637 -0.013017851405210484 0.0063613577520725672 -0.0062431815143685889 0.0033569439685085718 -0.060278202623531625 -0.015943828097155038 -0.043093134485607761 -0.0071802543624067796 -0.0083906143877969588 -0.018084130895565886 -0.028157545206498127 0.013509411577580739 0.00080873872602783272 -0.010010594536796303 -0.004118454515501177 -0.016892026699249878 0.019798757610643015 0.00024063793683959023 0.010132332660841533 -0.061326732280371096 -0.0058128673868924775 0.01811632453410535 -0.021691731030113015 -0.034670674426590692 0.0026040455539898567 -0.0012568697020350419 -0.0046897743555280392 0.00036297454983194583 0.00074022717266983274 -0.00050510787495295511 -0.0042917974872946013 -0.0080689755780693345 0.013537771917386528 -0.016359185553831191 -0.029703896090011051 -0.049008596246911063 -0.0071155911123608803 0.0004248205154344813
leaf_weight=568 120 12319 1954 12602 294 2997 1748 123 173 167 108 1178 7015 1921 3114 1204 194 132 121 169 13884 6174 1035 137 2244 1921 84382 1139 195 31021 1896 279 107 1764 1187 220 346 153 692 183 296 1417 2724 186 365 253 5214 190 1613 15284 190 7887 18312 6839 5010 872 194 7948 166 123 383 14822 247 386 150 6844 203 4419 5980 371 460 316 6721 4136 257 781 10755 133 13776 1228 165 214 208 678 9303 153 2442 139 707 1856 999 811 110 458 118 968 1401 180 440 183 1196 1354 10894 1262 139 38916 354 173 3362 121 220 169 8170 182 9129 20212 5671 8849 8701 655 645 985 157 174 170 31281
leaf_count=568 120 12319 1954 12602 294 2997 1748 123 173 167 108 1178 7015 1921 3114 1204 194 132 121 169 13884 6174 1035 137 2244 1921 84382 1139 195 31021 1896 279 107 1764 1187 220 346 153 692 183 296 1417 2724 186 365 253 5214 190 1613 15284 190 7887 18312 6839 5010 872 194 7948 166 123 383 14822 247 386 150 6844 203 4419 5980 371 460 316 6721 4136 257 781 10755 133 13776 1228 165 214 208 678 9303 153 2442 139 707 1856 999 811 110 458 118 968 1401 180 440 183 1196 1354 10894 1262 139 38916 354 173 3362 121 220 169 8170 182 9129 20212 5671 8849 8701 655 645 985 157 174 170 31281
internal_value=-0.000757385 -0.000665989 -0.0010055 -0.00134933 -0.00176082 -0.00219002 -0.0130678 -0.0387835 -0.0113134 -0.0181465 -0.0213478 -0.00330633 7.39299e-06 -0.00344785 -0.001687 0.00323517 -0.018336 -0.0302696 -0.00401237 -9.50995e-05 0.00125204 -0.00117434 0.000350769 -0.052037 0.000221719 0.0017089 -0.00153171 -0.00264293 -0.00311816 0.00208649 -0.0015671 -0.00422561 -0.00699575 -0.00865794 -0.00364135 -0.00748374 -0.00408347 -0.0223722 -0.019873 -0.00648228 -0.0025207 -0.00151722 -0.00526226 -0.0206488 -0.00323392 -0.0106313 -0.00851587 -0.0275245 -0.016871 0.00196663 -0.0175561 -0.00145853 -0.000609055 0.000218877 -0.00154961 -0.00760877 0.00117163 0.00282937 -0.000364698 0.000522788 -0.0066514 -0.00401589 -0.0116453 -0.0170327 0.00351051 0.00578467 -0.00269821 0.00165487 -0.00129467 0.00509841 -0.00522491 -0.0164191 -0.00293905 -0.0045011 -0.0246973 -0.000666353 -0.00283971 -0.00255028 0.00090932 -0.00316712 -0.00273741 -0.00308607 -0.00461092 -0.0168773 -0.00115406 -0.00393876 -0.00367201 0.00303833 -0.00075696 -6.58158e-05 -0.00495897 -0.00842167 -0.0178462 -0.0246206 -0.00493146 -0.0111184 -0.00118073 -0.00795269 -0.0164241 -0.00216345 -0.00509238 -0.0028849 -0.00524081 -0.0103315 -0.00304772 4.53792e-05 -0.00423298 -0.00450548 -0.00846098 -0.025737 -0.00755462 -0.00108147 -0.000370484 -0.0173978 -0.000231679 -0.000893447 -0.00260922 -0.00173724 -0.00357597 0.00195086 0.00482993 -0.0135261 -0.0130626 -0.0302379 -0.0240719 0.00121808
internal_weight=519305 515479 456595 396247 304034 249863 3826 243 3583 1835 1662 92687 92213 91509 28060 4560 1554 557 253 3356 60348 15443 85198 304 84163 31467 157176 23500 22361 44905 156882 63449 11062 9141 52387 8094 6352 499 1742 462 5853 5557 3495 406 3089 7377 5511 297 1866 58884 359 154114 69732 54171 18966 2768 35205 16933 18272 8985 1491 19247 997 750 20664 9284 2440 11380 6130 5250 831 519 44293 4302 1280 52696 12999 41107 13970 34386 31788 30560 17079 886 13481 16193 16040 2581 13267 12560 13459 2598 701 568 1897 1086 10704 3186 803 363 2383 13956 13294 2400 1138 39697 19052 18698 3876 514 341 61845 43533 351 43182 35012 14800 10803 9269 7494 2062 1108 414 866 556 43600
internal_count=519305 515479 456595 396247 304034 249863 3826 243 3583 1835 1662 92687 92213 91509 28060 4560 1554 557 253 3356 60348 15443 85198 304 84163 31467 157176 23500 22361 44905 156882 63449 11062 9141 52387 8094 6352 499 1742 462 5853 5557 3495 406 3089 7377 5511 297 1866 58884 359 154114 69732 54171 18966 2768 35205 16933 18272 8985 1491 19247 997 750 20664 9284 2440 11380 6130 5250 831 519 44293 4302 1280 52696 12999 41107 13970 34386 31788 30560 17079 886 13481 16193 16040 2581 13267 12560 13459 2598 701 568 1897 1086 10704 3186 803 363 2383 13956 13294 2400 1138 39697 19052 18698 3876 514 341 61845 43533 351 43182 35012 14800 10803 9269 7494 2062 1108 414 866 556 43600
cat_boundaries=0 1 2 3 4 5 6 7 8 9
cat_threshold=2 4 2 2 4 1 4 4 2
is_linear=0
shrinkage=0.03


Tree=71
num_leaves=127
num_cat=43
split_feature=0 40 5 26 11 5 27 5 5 13 0 5 5 27 0 5 27 5 27 5 5 32 5 23 40 23 5 27 0 0 0 5 5 22 5 5 0 41 0 23 5 5 27 0 5 28 0 27 5 11 5 44 27 27 23 0 5 38 0 5 5 12 12 5 0 0 0 5 27 21 5 30 27 5 27 5 5 0 27 47 27 27 44 26 12 0 27 5 5 0 21 0 5 0 0 4 24 0 5 5 4 27 23 5 21 0 22 5 23 0 8 27 5 44 27 0 27 5 27 5 5 27 0 44 46 27
split_gain=626.301 468.397 386.274 254.073 298.605 588.596 400.021 316.077 304.61 364.574 265.673 484.107 359.869 304.679 278.475 296.695 262.369 596.271 260.027 551.834 235.409 249.182 206.719 206.008 236.103 200.212 194.107 207.282 202.64 232.056 197.076 192.046 191.276 229.135 190.482 188.278 186.867 250.093 184.929 179.777 189.066 178.831 192.32 308.993 175.855 173.023 155.411 213.127 152.362 151.917 151.544 147.46 146.621 144.451 143.252 160.391 142.696 273.829 141.513 281.402 274.892 140.224 368.993 138.739 137.018 134.688 133.048 125.879 141.737 122.665 118.092 208.698 125.124 149.022 117.573 349.938 168.763 120.494 117.465 114.819 113.38 153.412 125.03 112.937 108.233 106.978 106.802 143.558 105.826 105.672 107.639 104.734 280.838 171.986 103.421 178.323 102.072 100.744 96.4891 95.8573 94.5392 157.788 94.5257 131.53 112.665 114.316 103.051 93.2823 104.175 93.121 121.858 106.085 213.762 147.802 93.0925 284.644 92.7894 90.9694 90.6987 255.319 105.538 121.061 90.2517 124.331 89.5602 126.706
threshold=13030.000000000002 37.95000076293946 0 0.14085485786199572 0.3744682669639588 1 0.053855204954743392 2 3 38.500000000000007 110.00000000000001 4 5 0.16058247536420825 615.00000000000011 6 0.16058247536420825 7 0.058047603815793998 8 9 0.184942401945591 10 0.075415529310703291 16.349999427795414 0.081555202603340163 11 0.064750330522656455 325.00000000000006 90.000000000000014 6250.0000000000009 12 13 -0.64485630393028248 14 15 850.00000000000011 48.500000000000007 325.00000000000006 0.12977331131696704 16 17 0.092709075659513487 325.00000000000006 18 0.094191383570432677 90.000000000000014 0.05270845256745816 19 0.9159645438194276 20 0.075500000268220915 0.089248880743980422 0.051913643255829818 0.060403937473893173 950.00000000000011 21 24.94999980926514 950.00000000000011 22 23 0.7074720859527589 0.94066718220710765 24 61.500000000000007 45.000000000000007 90.000000000000014 25 0.07936600968241693 0.046781210228800781 26 0.088881377130746855 0.095947422087192549 27 0.10038758814334871 28 29 950.00000000000011 0.14242830872535708 62.68499946594239 0.051913643255829818 0.053263295441865928 0.076499998569488539 0.038358170539140708 0.93158200383186351 71.500000000000014 0.059944719076156623 30 31 1560.0000000000002 0.098465938121080412 950.00000000000011 32 715.00000000000011 950.00000000000011 33 0.96920287609100353 225.00000000000003 34 35 36 0.064750330522656455 0.081555202603340163 37 0.10989969968795778 325.00000000000006 -0.46350057423114771 38 0.12977331131696704 110.00000000000001 9.5000000000000018 0.059393314644694335 39 0.23249999433755877 0.07936600968241693 155.00000000000003 0.056865874677896507 40 0.1321084722876549 41 42 0.059944719076156623 325.00000000000006 0.083499997854232802 0.035714284516870982 0.07936600968241693
decision_type=2 2 9 10 2 9 2 9 9 2 2 9 9 2 2 9 2 9 2 9 9 8 9 10 2 8 9 2 2 2 2 9 9 10 9 9 2 2 2 10 9 9 2 2 9 10 2 2 9 2 9 2 2 2 10 2 9 2 2 9 9 2 2 9 2 2 2 9 2 10 9 10 2 9 2 9 9 2 2 2 2 2 2 10 2 2 2 9 9 2 8 2 9 2 2 9 2 2 9 9 9 2 10 9 10 2 10 9 10 2 2 2 9 2 2 2 2 9 2 9 9 2 2 2 2 2
left_child=1 2 45 4 8 6 7 38 9 -4 11 -8 16 14 -14 25 22 -18 19 116 21 -2 54 24 84 -16 27 50 29 31 78 -28 33 80 -3 -5 37 -17 -6 85 94 42 43 53 58 46 47 -1 -15 -38 -20 -26 -46 88 -12 -56 57 -53 60 -60 -7 98 -63 114 65 -49 -62 124 79 -40 71 72 73 83 75 91 -76 99 118 100 82 -82 -21 -68 -23 -37 87 -45 -11 90 -27 93 -93 117 95 -41 -29 -24 -22 -77 101 -69 103 -72 105 106 -104 108 -54 110 -102 112 113 -111 -55 -116 -10 -44 120 -120 121 -30 123 -83 125 -31
right_child=20 34 3 35 5 44 10 -9 18 41 12 -13 13 48 15 36 17 -19 26 32 61 23 97 -25 51 89 28 96 30 67 -32 -33 -34 -35 -36 39 49 -39 69 40 -42 -43 74 86 52 -47 -48 64 -50 -51 -52 56 107 63 55 -57 -58 -59 59 -61 66 62 -64 -65 -66 -67 70 68 -70 -71 102 -73 -74 -75 76 77 -78 -79 -80 -81 81 122 -84 -85 -86 -87 -88 -89 -90 -91 -92 92 -94 -95 -96 -97 -98 -99 -100 -101 109 -103 104 -105 -106 -107 -108 -109 -110 111 -112 -113 -114 -115 115 -117 -118 -119 119 -121 -122 -123 -124 -125 -126 -127
leaf_value=-0.036070824177409318 0.012746411783763996 -0.00081532885765338043 -0.00019808941103380523 0.011783010316898566 -0.016387027902278351 -0.045102260226960331 -0.077297591071311886 0.0039628889455412247 0.0082406740724178876 0.023772014255543619 0.02504663319555565 -0.015393032274136527 0.014685823036600374 -0.01725016981730924 -0.0343865445121352 -0.068665521876356064 0.021943440631564174 -0.076371821950244514 -0.0010788355692573112 -0.051894221214005852 -0.014605152764140742 0.023832807768793665 -0.010993677025252585 -0.066308506345166301 -0.0019125112750620211 -0.0038042772543114391 -0.018508990142621438 -0.0049103893792980888 0.011660469458486433 -0.0048238199635415946 -0.038476739216525599 0.015223023960138681 -0.0030086401719993639 0.00085393779794938065 0.0035039881654943148 0.02152094173570104 -0.013616261691642215 -0.025105739012409849 -0.0073020520712975346 -0.015681850424532209 -0.00049544996528448713 -0.0046966951181407167 0.00043317546327117544 0.013782695615557139 -0.0034566100253166435 0.014447809766960045 0.0034921195059578985 0.01854123763293028 0.0015227989724112979 -0.037895353096062845 0.0075769001361061118 -0.050962363860823895 0.0096607554276133302 -0.00027336687019794792 -0.030766221553517072 0.013837204711511732 -0.051356463753260098 0.017497746970661279 0.014688892345405335 0.00092676876883547837 0.011523338017182121 -0.064998716804044454 0.010006260753738401 -0.011750310111046379 0.025268924051523207 -0.0076358637176115783 0.0039696077122507809 -0.0023713209415543632 -0.008142176813518474 0.015830283436398192 0.01030539367082467 0.00042567909533542921 -0.025670040615987089 -0.017214630474076495 0.00040142330623187296 -0.015563926560750899 -0.0057700261172737985 0.0037411060093180226 -0.0010292312297546205 -0.025596198955417742 -0.0014901183542323771 0.006877202173591457 -0.017335414190363559 -0.0097139361895277054 -0.018884463759937457 0.0012094133834250737 0.0019899015018437945 0.00049840070816853789 -0.0014836645877731574 0.013337777295232481 -0.01149938549336711 -0.0135828648126993 -0.048529664942561973 0.020242402080912145 -0.0096975051970419075 -0.060387329340446744 -0.0010573487205865302 0.00271310624418199 0.014917999631096175 0.0013359646178082208 -0.0011038227127497886 -0.030717122837488828 -0.016333978253614084 0.00067141401002155418 -0.012924991028523264 0.0020627214966658473 -0.0025019239114657844 -0.00068408529951663564 -0.015565905386536587 -0.0069156076695996967 -0.016314474808972877 0.0023719708790035858 0.0012663913756456118 -0.030540931339174307 0.0019080717500719929 -0.027027801276940742 -0.019101554770670506 -0.020409831871235479 -0.0064886250358945031 0.010748557691978257 0.0019069341769610375 0.0035072354845002763 -0.035055342690248271 -0.019857775868932909 0.0045996900511528693 0.006532813233228814
leaf_weight=183 129 12936 62705 1448 1399 115 116 4822 3991 273 553 1339 347 445 289 150 101 107 3279 100 135 101 697 132 105 2201 165 7435 2201 3003 105 1233 18155 1382 31714 234 1889 566 567 246 1480 39270 265 1964 38052 1158 15934 199 2645 264 4084 109 1456 4257 103 239 379 100 1643 7009 778 103 136 1924 149 1533 1050 587 3537 323 1684 4148 383 972 8678 696 7371 1860 7540 174 1154 211 1477 1122 111 33802 5820 1176 320 185 6387 785 286 143 540 119 36872 1563 311 532 1377 252 603 5176 728 5248 2458 9744 163 672 722 8104 2209 369 776 504 114 702 982 3558 38066 6417 208 601 4467 1252
leaf_count=183 129 12936 62705 1448 1399 115 116 4822 3991 273 553 1339 347 445 289 150 101 107 3279 100 135 101 697 132 105 2201 165 7435 2201 3003 105 1233 18155 1382 31714 234 1889 566 567 246 1480 39270 265 1964 38052 1158 15934 199 2645 264 4084 109 1456 4257 103 239 379 100 1643 7009 778 103 136 1924 149 1533 1050 587 3537 323 1684 4148 383 972 8678 696 7371 1860 7540 174 1154 211 1477 1122 111 33802 5820 1176 320 185 6387 785 286 143 540 119 36872 1563 311 532 1377 252 603 5176 728 5248 2458 9744 163 672 722 8104 2209 369 776 504 114 702 982 3558 38066 6417 208 601 4467 1252
internal_value=-0.000746275 -0.000683995 -0.000961137 -0.00113719 -0.00135128 -0.00269337 -0.00651129 -0.000394791 -0.000870143 -0.00189918 -0.00866907 -0.0210147 -0.00770901 -0.00965067 -0.0117759 -0.0125467 0.00118926 -0.0313599 -5.43387e-07 -0.00267142 -0.018161 -0.0262672 0.00334816 -0.031381 -0.026219 -0.0098453 0.000527111 -0.000929224 0.00139207 -0.000702623 0.00239298 0.0112079 -0.00445861 -0.00956962 0.00225321 0.00121536 -0.0209654 -0.0343144 -0.009548 0.000791454 -0.00716889 -0.00327394 -0.00181459 0.000563531 -0.00142958 0.00321073 0.00248875 -0.00525514 -0.00123634 -0.0166096 0.0037314 -0.0346835 -0.00256312 -0.00370045 0.0154493 0.000353475 -0.0405223 -0.0174481 0.00026209 0.00355961 -0.000904063 -0.00390484 -0.0224542 -0.00483346 -0.00223955 -0.00461925 -0.000674682 -0.00132607 -0.00275823 0.00110151 -0.00107804 -0.00413086 -0.00949999 -0.00752263 -0.00371338 -0.00760134 -0.00243653 -0.00107004 0.00246666 -0.00144326 -0.0134347 -0.00898578 -0.0195583 -0.00308598 0.00148303 0.00134968 0.00439634 0.00885464 0.010539 -0.00904425 -0.0095279 -0.0167623 -0.023531 -0.010367 -0.0178671 -0.0303822 -0.00170401 -0.00151047 0.00597594 -0.00836311 -0.00114744 -0.0109116 0.000398367 0.00305353 -0.00161685 -0.000624636 -0.00523121 0.000426756 0.00706927 -0.000537726 -0.00634116 0.000535611 -0.00404274 -0.0151657 -0.00240275 -0.00949763 0.00745872 -0.0149098 0.00298125 0.00702894 0.00258747 0.00558417 -0.0174564 -0.0129107 0.00163132 -0.00148147
internal_weight=519717 517866 473216 454060 416191 109829 27297 7111 306362 140307 20186 1455 18731 15368 12278 11931 3363 208 166055 27393 1851 1166 3155 1037 905 9062 138662 51670 86992 28123 58869 1398 23288 5133 44650 37869 2869 716 2289 36421 2385 77602 38332 17014 82532 19156 17998 2064 3090 2153 7363 693 49415 8054 895 342 588 209 33117 8652 24465 685 239 7461 1881 1732 24350 26725 18003 890 23572 7675 3527 3144 21318 5269 16049 3088 58764 14466 3751 2174 1577 2172 212 34036 8960 3140 593 8773 8588 2181 1071 1110 905 365 44307 2260 446 1228 14292 839 15897 6860 9037 8309 3061 11363 1619 13453 2099 11354 3250 1041 5537 1280 4105 967 51224 4540 46684 8618 1020 812 8722 4255
internal_count=519717 517866 473216 454060 416191 109829 27297 7111 306362 140307 20186 1455 18731 15368 12278 11931 3363 208 166055 27393 1851 1166 3155 1037 905 9062 138662 51670 86992 28123 58869 1398 23288 5133 44650 37869 2869 716 2289 36421 2385 77602 38332 17014 82532 19156 17998 2064 3090 2153 7363 693 49415 8054 895 342 588 209 33117 8652 24465 685 239 7461 1881 1732 24350 26725 18003 890 23572 7675 3527 3144 21318 5269 16049 3088 58764 14466 3751 2174 1577 2172 212 34036 8960 3140 593 8773 8588 2181 1071 1110 905 365 44307 2260 446 1228 14292 839 15897 6860 9037 8309 3061 11363 1619 13453 2099 11354 3250 1041 5537 1280 4105 967 51224 4540 46684 8618 1020 812 8722 4255
cat_boundaries=0 2 4 5 7 8 9 11 12 14 16 17 19 20 22 24 26 28 30 32 34 35 37 39 41 43 45 47 49 51 53 55 57 58 59 61 63 64 65 67 69 70 72 74
cat_threshold=84 2 110340106 8708 33630210 2699711529 27728 33556480 33630218 1081344 8196 33554434 336889856 36 270008322 8196 10240 1410435072 36 2 33554944 4096 6869129 836 4194304 1088 655360 4 2697068552 9280 2552762880 16608 131072 512 67176448 524288 4 2621952 64 0 64 8 1088 33816578 8 524800 32 524288 32 2155872256 1024 2155872264 1024 2160066560 1024 131072 1024 8388608 2 33554432 2048 536870912 64 4 2149580800 1 3088 0 4097 2147483648 270464 1 8704 1
is_linear=0
shrinkage=0.03


Tree=72
num_leaves=127
num_cat=30
split_feature=0 33 5 36 5 5 5 12 5 5 11 0 4 5 0 31 27 5 0 25 27 0 27 5 27 5 0 25 27 0 27 25 0 27 0 44 0 27 25 27 25 25 25 5 0 27 0 27 25 25 25 20 25 5 27 5 27 20 5 5 46 25 25 27 25 0 5 25 5 5 5 25 25 20 27 0 5 25 26 27 27 0 27 27 6 5 25 25 20 21 0 5 25 5 11 25 25 0 25 0 44 11 11 5 0 5 25 27 27 32 0 25 6 27 5 36 27 5 3 25 0 0 4 0 0 27
split_gain=497.278 451.17 489.958 480.567 391.722 371.399 289.528 292.934 285.41 252.6 212.602 213.005 472.231 227.143 226.056 190.591 190.1 180.72 215.534 178.674 242.827 168.707 164.558 158.619 273.085 307.609 241.094 433.037 470.051 219.808 207.448 191.138 178.511 156.405 196.582 146.821 440.813 448.773 294.504 169.293 292.012 235.822 267.51 207.192 451.764 281.461 137.587 183.17 516.394 167.849 182.162 337.693 173.164 133.432 127.177 126.924 269.21 188.985 171.729 152.1 135.262 125.044 124.744 152.146 117.587 117.329 284.576 177.684 145.812 145.691 120.33 117.139 252.197 355.497 121.9 111.049 581.028 170.387 124.363 110.204 240.186 106.32 143.247 113.688 105.479 104.705 103.466 102.672 102.55 101.066 100.98 148.037 246.919 113.874 107.011 99.2453 198.987 303.76 113.043 147.839 101.725 99.8752 121.043 98.1665 97.8724 96.8923 94.7629 93.7901 93.7692 90.9438 90.602 180.8 90.4035 89.7539 90.0782 88.6435 87.9504 86.5817 85.4045 91.0804 90.9395 85.0523 86.2378 188.337 90.7889 83.6677
threshold=1715.0000000000002 2.0500001907348637 0 7.7500000000000009 1 2 3 -0.31800055503845209 4 5 0.24372619390487674 225.00000000000003 6 7 155.00000000000003 0.089630849659442915 0.061421869322657592 8 1280.0000000000002 99.000000000000014 0.1575826704502106 1560.0000000000002 0.060448419302701957 9 0.058846931904554374 10 1225.0000000000002 76.500000000000014 0.14500886201858523 90.000000000000014 0.059944719076156623 7.5000000000000009 615.00000000000011 0.17337424308061603 10450.000000000002 0.12049999833106996 325.00000000000006 0.092709075659513487 17.500000000000004 0.095947422087192549 80.500000000000014 76.500000000000014 80.500000000000014 11 850.00000000000011 0.086274277418851866 715.00000000000011 0.086274277418851866 51.500000000000007 75.500000000000014 59.500000000000007 60.500000000000007 52.500000000000007 12 0.095947422087192549 13 0.059393314644694335 82.500000000000014 14 15 4.4285719394683847 51.500000000000007 12.500000000000002 0.058846931904554374 3.5000000000000004 425.00000000000006 16 83.500000000000014 17 18 19 57.500000000000007 58.500000000000007 104.50000000000001 0.16352472454309466 61.500000000000007 20 65.500000000000014 0.025458040647208694 0.059393314644694335 0.058846931904554374 110.00000000000001 0.064750330522656455 0.061421869322657592 1.0000000180025095e-35 21 71.500000000000014 19.500000000000004 67.500000000000014 0.057330211624503143 715.00000000000011 22 64.500000000000014 23 0.24372619390487674 61.500000000000007 101.50000000000001 27950.000000000004 49.000000000000007 16530.000000000004 0.081500001251697554 -0.29343378543853754 -0.70291268825530995 24 1225.0000000000002 25 15.500000000000002 0.064750330522656455 0.053855204954743392 0.17084141820669177 45.000000000000007 46.500000000000007 1.0000000180025095e-35 0.14500886201858523 26 11.650000095367433 0.064750330522656455 27 28 54.500000000000007 55.000000000000007 225.00000000000003 29 325.00000000000006 325.00000000000006 0.052256155759096153
decision_type=2 2 9 2 9 9 9 2 9 9 2 2 9 9 2 10 2 9 2 2 2 2 2 9 2 9 2 2 2 2 2 2 2 2 2 2 2 2 2 2 2 2 2 9 2 2 2 2 2 2 2 2 2 9 2 9 2 2 9 9 2 2 2 2 2 2 9 2 9 9 9 2 2 2 2 2 9 2 8 2 2 2 2 2 2 9 2 2 2 8 2 9 2 9 2 2 2 2 2 2 2 2 2 9 2 9 2 2 2 10 2 2 2 2 9 2 2 9 1 2 2 2 9 2 2 2
left_child=1 3 10 6 19 109 21 8 -8 54 11 12 -3 14 -14 33 22 -13 35 20 85 75 -16 26 25 -25 32 -28 -29 -27 53 -32 64 95 -35 39 -37 38 106 40 43 71 -43 44 62 -46 47 79 -49 50 52 -52 -48 -26 -7 -12 59 60 -59 108 -58 88 63 -19 -4 66 67 107 -67 -68 90 74 73 -73 -41 76 78 -78 -1 80 -45 118 83 -83 -77 -2 103 116 -62 -56 93 92 104 -70 -93 98 97 -97 100 -100 -6 102 -98 -55 -92 -15 -38 -33 -57 -5 -80 -112 -9 114 -74 -11 -81 -96 119 -71 -120 -109 124 -124 -123 -10
right_child=4 2 23 5 15 9 7 112 125 115 55 17 13 105 16 -17 -18 18 -20 -21 -22 -23 -24 24 30 29 27 28 -30 -31 31 65 -34 34 -36 36 37 -39 -40 41 -42 42 -44 46 45 -47 49 48 -50 -51 51 -53 -54 86 89 56 57 58 -60 -61 61 -63 -64 -65 -66 68 69 -69 70 81 -72 72 113 -75 -76 84 77 -79 110 87 -82 82 -84 -85 -86 -87 -88 -89 -90 -91 91 94 -94 -95 117 96 101 -99 99 -101 -102 -103 -104 -105 -106 -107 -108 121 -110 -111 111 -113 -114 -115 -116 -117 -118 -119 120 -121 -122 122 123 -125 -126 -127
leaf_value=-0.0053354595273393327 -0.015356353724126489 -0.0605246806784666 0.027347362369521341 -0.0073543287220580022 0.028330526814998109 0.004974727304270744 8.2557576433236771e-05 -0.0004499334817674274 -0.017407820587169335 -0.00053608378049772463 -0.0012912698575599567 0.001914589388088574 0.0078560420789357127 0.0099950964222924859 -0.019463795438670786 -0.039218106269836427 -0.0087486653311416151 -0.033377982588135638 0.015006385822088131 0.0031573067324208513 -0.062252880905024302 0.0093929654730657234 -0.055177532509294656 0.0033162002069974691 0.016430791369080905 -0.034661295397037807 0.0064696615891637202 -0.076334288863392621 -0.0025501664737357368 -0.0065606406182168531 0.030140919669714859 -0.0081869595438404004 0.015544850518174775 0.0026716183908995546 -0.04421569637684937 0.014186331081366696 -0.082332490548909273 0.012890453654232139 -0.0077965727883497343 -0.0012142576455850497 0.0156997096066205 0.0089684052329656195 -0.0044510656579701347 0.0066431366187571254 -0.027754391151811629 -0.004679754356399426 0.00063754117348574285 0.02082339915866151 -0.018028402460083075 0.011775613848491115 -0.056701198090016836 -0.0034558295307739553 0.017619368066651955 0.0068995370612477238 -0.026993392416581843 -0.026407950380904092 -0.0091687834774809799 0.0025591341628100335 -0.017087422924324365 0.0085941513498056215 -0.063393898106291202 -0.018227538461092031 0.014406880355016125 0.0029240884382642574 0.0042633232810668099 0.029000724838108876 0.010403838860282805 0.0075962911175118178 0.013878046730596691 -0.035802743843197822 0.00013058685989044495 -0.072410165788410433 -0.0070290604238421013 -0.0067753671156242489 -0.02747240169750808 -0.0030656906787409123 -0.0037994866306981221 0.025178680933308613 -0.016733726584965265 0.00013403147498421437 -0.010600293059275652 0.0032238638284972391 -0.0031651199036221841 0.019104640737853264 -0.011504812094895307 -0.03632632936888594 0.02192929998458705 0.0071213002750661371 -0.024584557236465691 -0.00039732201101310322 -0.0067614223609979889 0.0045563577712431609 -0.04102508103898303 0.0038685229668137368 0.012879902052034275 0.0072588836794468363 4.7950389293523936e-06 0.060251937836408614 -0.0042312601440120485 -0.045783761047891204 -0.0042046355593731589 0.0054773921132283774 -0.044566651677282958 0.00050111436160907991 0.020467453962319516 -0.0032118089494973089 -0.047195081776135586 -0.0063647164132228625 0.0078216155012642286 0.0078942398740860058 -0.035173913676409992 -0.081909019578905659 -0.0079506452480528848 0.0047519625285483832 -0.018096100414781949 0.0015054921887093591 -0.028762234357514772 -0.0078835321645422188 0.011873268528761948 -0.0083013177534419433 -0.0056677949310854295 -0.032406421804334964 -0.019536705979880456 -0.064884123149121758 0.0019773468726764845 -0.0067012623345196328
leaf_weight=110 671 139 200 6313 105 16186 7647 118857 696 60847 5078 27683 260 575 239 131 398 124 704 183 166 950 228 3719 1023 263 473 153 157 4939 207 1479 1436 156 165 347 106 178 148 2126 1059 1995 4048 1279 1002 906 2418 390 1449 1945 124 754 695 5669 133 213 1402 1270 573 1150 108 1269 708 615 16900 171 1376 455 1677 149 15023 142 1840 155 171 100587 753 240 113 330 1682 1151 1808 626 1350 358 315 2711 145 3187 637 9368 175 2668 206 389 116 129 199 125 469 303 103 3496 145 3403 218 271 108 372 290 101 1463 356 1072 27924 132 1108 330 394 1354 127 226 130 150 11560
leaf_count=110 671 139 200 6313 105 16186 7647 118857 696 60847 5078 27683 260 575 239 131 398 124 704 183 166 950 228 3719 1023 263 473 153 157 4939 207 1479 1436 156 165 347 106 178 148 2126 1059 1995 4048 1279 1002 906 2418 390 1449 1945 124 754 695 5669 133 213 1402 1270 573 1150 108 1269 708 615 16900 171 1376 455 1677 149 15023 142 1840 155 171 100587 753 240 113 330 1682 1151 1808 626 1350 358 315 2711 145 3187 637 9368 175 2668 206 389 116 129 199 125 469 303 103 3496 145 3403 218 271 108 372 290 101 1463 356 1072 27924 132 1108 330 394 1354 127 226 130 150 11560
internal_value=-0.000732781 -0.000653474 0.000692104 -0.00123829 -0.0115902 0.000361618 -0.00198989 -0.00109882 -0.00447017 0.000785529 -0.00103077 -0.000368827 -0.00616607 -0.00467383 -0.0165029 -0.00416111 -0.0240158 0.00014105 -0.00139681 -0.0242568 -0.0286569 -0.0031852 -0.0369807 0.00232918 0.00157646 -0.00327177 0.00469723 -0.0115967 -0.0390946 -0.0079724 0.00240994 0.0014548 0.00538864 -0.00213011 -0.0214918 -0.00176756 -0.0130889 -0.0276492 -0.0429323 -0.00139373 0.000415982 -0.00417885 -2.00907e-05 -0.000522401 -0.00720105 -0.0168058 0.00109335 -0.00148036 -0.00978219 0.00455177 0.00102918 -0.0110316 0.0044333 0.00617535 0.0038757 -0.00482505 -0.00768664 -0.0111604 -0.00363384 0.00351839 -0.0159016 -0.0220934 0.00541676 -0.00320407 0.0045349 0.00130996 -0.00151296 -0.00953601 0.00221775 0.00166658 0.00205909 -0.00846529 -0.0118688 -0.038294 -0.00318015 -0.003301 -0.0111237 0.00319049 -0.0337443 0.00100976 -0.00315229 -0.00041773 0.00277936 0.00882593 -0.00317757 -0.023182 0.0050444 0.0048935 -0.0413357 -0.00147057 0.00387032 0.00241545 -0.00882846 0.00777495 0.00342858 0.00108629 0.00739142 0.0205467 -0.00621596 -0.0203539 0.00178584 -0.00567733 -0.0210653 0.00446725 -0.0016929 -0.00128052 -0.0589086 -0.012849 -0.0144541 -0.00649502 -0.04059 -0.0474243 -0.000541202 -0.00945623 -0.0111943 0.000106117 -0.00816633 -0.00458307 -0.00556519 -0.0158997 -0.00222541 -0.0204589 -0.0264733 -0.0362315 -0.0138469 -0.00730468
internal_weight=519771 516003 156324 359679 3768 114962 244717 140223 19903 108277 76170 64854 5242 5103 1125 2390 865 59612 31929 1378 1195 104494 467 80154 60835 8921 19319 783 310 5202 51914 41411 18536 2259 321 31225 997 650 472 30228 18323 11905 6043 17264 3355 1908 13909 7973 1839 5936 3991 878 3113 10503 19506 11316 6238 4767 1843 1471 2924 1522 1447 739 17100 41204 10026 2838 31178 7188 31007 5862 3565 297 2297 103544 1607 993 614 6134 2961 5812 3585 1777 101937 1029 9480 3173 253 3320 15984 11639 957 4345 10682 1938 1040 518 898 324 574 522 219 9165 782 3978 324 2383 321 6685 504 391 120320 3268 2912 88771 462 1314 2227 543 1684 904 633 356 277 12256
internal_count=519771 516003 156324 359679 3768 114962 244717 140223 19903 108277 76170 64854 5242 5103 1125 2390 865 59612 31929 1378 1195 104494 467 80154 60835 8921 19319 783 310 5202 51914 41411 18536 2259 321 31225 997 650 472 30228 18323 11905 6043 17264 3355 1908 13909 7973 1839 5936 3991 878 3113 10503 19506 11316 6238 4767 1843 1471 2924 1522 1447 739 17100 41204 10026 2838 31178 7188 31007 5862 3565 297 2297 103544 1607 993 614 6134 2961 5812 3585 1777 101937 1029 9480 3173 253 3320 15984 11639 957 4345 10682 1938 1040 518 898 324 574 522 219 9165 782 3978 324 2383 321 6685 504 391 120320 3268 2912 88771 462 1314 2227 543 1684 904 633 356 277 12256
cat_boundaries=0 2 4 5 7 9 11 12 14 16 18 20 22 24 26 28 29 31 32 34 36 38 39 41 43 45 46 47 49 50 51
cat_threshold=3034300937 964 327680002 8192 1065 1647866881 30801 2281963768 1320 1421871188 4290 2 0 896 2161312264 768 263284 16394 18878592 11296 1 68 0 9248 605569537 448 2155937792 4 4259840 16779266 1056 2048 1107304448 4096 16785410 5137 1073750016 16384 59244544 0 16 0 5136 35659904 4113 524289 536903680 2 1025 2 4
is_linear=0
shrinkage=0.03


end of trees

feature_importances:
static_ilce_key=2160
static_guc=1723
grp_n_transformers=1231
grp_zero_rate_bucket=1049
static_log_guc=308
cal_doy_sin=257
static_bolge=232
static_guc_bucket=200
grp_lf_med_il_bucket_ay=192
grp_lf_med_ilce_ay=157
grp_zero_rate_ilce_ay=152
cal_doy_cos=147
grp_lf_nz_p25_ilce_ay=124
grp_seasonal_ilce_ay=121
wx_precip_30d=111
grp_lf_nz_med_il_bucket_ay=99
grp_zero_rate_ilce_ay_hi=97
cal_horizon_days=96
static_il=85
wx_soil_moist=80
cal_hafta=73
wx_et0_sum7=71
grp_lf_nz_p75_ilce_ay=61
grp_lf_nz_med_ilce_ay_hi=51
wx_cdd_ma7=46
cal_ay=42
wx_hdd=41
wx_apparent_max=37
wx_cdd=31
wx_radiation=26
grp_dow_ratio_ilce=21
wx_t_mean=17
wx_t_max=16
wx_et0=15
wx_t_range=10
wx_cdd2=8
static_is_first_day=5
wx_humidity=4
cal_dow=1
cal_days_since_holiday=1

parameters:
[boosting: gbdt]
[objective: regression]
[metric: l2]
[tree_learner: serial]
[device_type: cpu]
[data_sample_strategy: bagging]
[data: ]
[valid: ]
[num_iterations: 73]
[learning_rate: 0.03]
[num_leaves: 127]
[num_threads: 0]
[seed: 43]
[deterministic: 0]
[force_col_wise: 0]
[force_row_wise: 0]
[histogram_pool_size: -1]
[max_depth: -1]
[min_data_in_leaf: 100]
[min_sum_hessian_in_leaf: 0.001]
[bagging_fraction: 0.8]
[pos_bagging_fraction: 1]
[neg_bagging_fraction: 1]
[bagging_freq: 1]
[bagging_seed: 43]
[bagging_by_query: 0]
[feature_fraction: 0.8]
[feature_fraction_bynode: 1]
[feature_fraction_seed: 43]
[extra_trees: 0]
[extra_seed: 16806]
[early_stopping_round: 0]
[early_stopping_min_delta: 0]
[first_metric_only: 0]
[max_delta_step: 0]
[lambda_l1: 0]
[lambda_l2: 1]
[linear_lambda: 0]
[min_gain_to_split: 0]
[drop_rate: 0.1]
[max_drop: 50]
[skip_drop: 0.5]
[xgboost_dart_mode: 0]
[uniform_drop: 0]
[drop_seed: 2965]
[top_rate: 0.2]
[other_rate: 0.1]
[min_data_per_group: 100]
[max_cat_threshold: 32]
[cat_l2: 10]
[cat_smooth: 10]
[max_cat_to_onehot: 4]
[top_k: 20]
[monotone_constraints: ]
[monotone_constraints_method: basic]
[monotone_penalty: 0]
[feature_contri: ]
[forcedsplits_filename: ]
[refit_decay_rate: 0.9]
[cegb_tradeoff: 1]
[cegb_penalty_split: 0]
[cegb_penalty_feature_lazy: ]
[cegb_penalty_feature_coupled: ]
[path_smooth: 0]
[interaction_constraints: ]
[verbosity: -1]
[saved_feature_importance_type: 0]
[use_quantized_grad: 0]
[num_grad_quant_bins: 4]
[quant_train_renew_leaf: 0]
[stochastic_rounding: 1]
[linear_tree: 0]
[max_bin: 255]
[max_bin_by_feature: ]
[min_data_in_bin: 3]
[bin_construct_sample_cnt: 200000]
[data_random_seed: 179]
[is_enable_sparse: 1]
[enable_bundle: 1]
[use_missing: 1]
[zero_as_missing: 0]
[feature_pre_filter: 1]
[pre_partition: 0]
[two_round: 0]
[header: 0]
[label_column: ]
[weight_column: ]
[group_column: ]
[ignore_column: ]
[categorical_feature: 2,3,4,5,15]
[forcedbins_filename: ]
[precise_float_parser: 0]
[parser_config_file: ]
[objective_seed: 26397]
[num_class: 1]
[is_unbalance: 0]
[scale_pos_weight: 1]
[sigmoid: 1]
[boost_from_average: 1]
[reg_sqrt: 0]
[alpha: 0.9]
[fair_c: 1]
[poisson_max_delta_step: 0.7]
[tweedie_variance_power: 1.5]
[lambdarank_truncation_level: 30]
[lambdarank_norm: 1]
[label_gain: ]
[lambdarank_position_bias_regularization: 0]
[eval_at: ]
[multi_error_top_k: 1]
[auc_mu_weights: ]
[num_machines: 1]
[local_listen_port: 12400]
[time_out: 120]
[machine_list_filename: ]
[machines: ]
[gpu_platform_id: -1]
[gpu_device_id: -1]
[gpu_device_id_list: ]
[gpu_use_dp: 0]
[num_gpu: 1]

end of parameters

pandas_categorical:[["<=160", "250-400", "630-1000", "1250-1600", ">1600"], ["MAN\u0130SA", "\u0130ZM\u0130R"], ["G\u00dcNEY B\u00d6LGE", "KUZEY B\u00d6LGE", "METROPOL"], ["MAN\u0130SA>AHMETL\u0130", "MAN\u0130SA>AKH\u0130SAR", "MAN\u0130SA>ALA\u015eEH\u0130R", "MAN\u0130SA>DEM\u0130RC\u0130", "MAN\u0130SA>G\u00d6LMARMARA", "MAN\u0130SA>G\u00d6RDES", "MAN\u0130SA>KIRKA\u011eA\u00c7", "MAN\u0130SA>KULA", "MAN\u0130SA>K\u00d6PR\u00dcBA\u015eI", "MAN\u0130SA>SAL\u0130HL\u0130", "MAN\u0130SA>SARIG\u00d6L", "MAN\u0130SA>SARUHANLI", "MAN\u0130SA>SELEND\u0130", "MAN\u0130SA>SOMA", "MAN\u0130SA>TURGUTLU", "MAN\u0130SA>YUNUSEMRE", "MAN\u0130SA>\u015eEHZADELER", "\u0130ZM\u0130R>AL\u0130A\u011eA", "\u0130ZM\u0130R>BAL\u00c7OVA", "\u0130ZM\u0130R>BAYINDIR", "\u0130ZM\u0130R>BAYRAKLI", "\u0130ZM\u0130R>BERGAMA", "\u0130ZM\u0130R>BEYDA\u011e", "\u0130ZM\u0130R>BORNOVA", "\u0130ZM\u0130R>BUCA", "\u0130ZM\u0130R>D\u0130K\u0130L\u0130", "\u0130ZM\u0130R>FO\u00c7A", "\u0130ZM\u0130R>GAZ\u0130EM\u0130R", "\u0130ZM\u0130R>G\u00dcZELBAH\u00c7E", "\u0130ZM\u0130R>KARABA\u011eLAR", "\u0130ZM\u0130R>KARABURUN", "\u0130ZM\u0130R>KAR\u015eIYAKA", "\u0130ZM\u0130R>KEMALPA\u015eA", "\u0130ZM\u0130R>KINIK", "\u0130ZM\u0130R>KONAK", "\u0130ZM\u0130R>K\u0130RAZ", "\u0130ZM\u0130R>MENDERES", "\u0130ZM\u0130R>MENEMEN", "\u0130ZM\u0130R>NARLIDERE", "\u0130ZM\u0130R>SEFER\u0130H\u0130SAR", "\u0130ZM\u0130R>SEL\u00c7UK", "\u0130ZM\u0130R>TORBALI", "\u0130ZM\u0130R>T\u0130RE", "\u0130ZM\u0130R>URLA", "\u0130ZM\u0130R>\u00c7E\u015eME", "\u0130ZM\u0130R>\u00c7\u0130\u011eL\u0130", "\u0130ZM\u0130R>\u00d6DEM\u0130\u015e"], ["Atat\u00fcrk'\u00fc Anma, Gen\u00e7lik ve Spor Bayram\u0131", "Cumhuriyet Bayram\u0131", "Demokrasi ve Mill\u00ee Birlik G\u00fcn\u00fc", "Emek ve Dayan\u0131\u015fma G\u00fcn\u00fc", "Kurban Bayram\u0131", "Ramazan Bayram\u0131", "Ulusal Egemenlik ve \u00c7ocuk Bayram\u0131", "Y\u0131lba\u015f\u0131", "Zafer Bayram\u0131", "yok"]]
